param sigma
: 1 2 :=
1	1e-05	0.99999
2	0.1	0.9
3	0.2	0.8
4	0.3	0.7
5	0.4	0.6
6	0.5	0.5
7	0.6	0.4
8	0.7	0.3
9	0.8	0.2
10	0.9	0.1
11	0.99999	1e-05
;

set O := 1 210;
set R := 2 3 4 5 6 7 8 9 10 11 12 13 14 15 16 17 18 19 20 21 22 23 24 25 26 27 28 29 30 31 32 33 34 35 36 37 38 39 40 41 42 43 44 45 46 47 48 49 50 51 52 53 54 55 56 57 58 59 60 61 62 63 64 65 66 67 68 69 70 71 72 73 74 75 76 77 78 79 80 81 82 83 84 85 86 87 88 89 90 91 92 93 94 95 96 97 98 99 100 101 102 103 104 105 106 107 108 109 110 111 112 113 114 115 116 117 118 119 120 121 122 123 124 125 126 127 128 129 130 131 132 133 134 135 136 137 138 139 140 141 142 143 144 145 146 147 148 149 150 151 152 153 154 155 156 157 158 159 160 161 162 163 164 165 166 167 168 169 170 171 172 173 174 175 176 177 178 179 180 181 182 183 184 185 186 187 188 189 190 191 192 193 194 195 196 197 198 199 200 201 202 203 204 205 206 207 208 209;
set S := 1 210;
set K := 1 2 3 4 5 6 7 8 9 10 11 12 13 14 15 16 17 18 19 20 21 22 23 24 25 26 27 28 29 30 31 32 33 34 35 36 37 38 39 40 41 42;
param b := 40;
param theta := 1093.0;
param peso_vacio := 3500;
param alpha :=
0 0
1 0
2 0
3 0
4 0
;
param beta :=
0 0.2
1 -0.1
2 0
3 0
4 0
;
param gamma :=
0 16.4
1 2.2
2 2.2
3 0.6
4 0.4
;
param delta :=
0 0
1 0
2 0
3 0
4 0
;
param epsilon :=
0 0.3
1 0
2 0
3 0
4 0
;
param zeta :=
0 2.4
1 2.5
2 1.3
3 4.5
4 3.3
;
param hta :=
0 1
1 1
2 1
3 1
4 1
;
param dm :=
1 0
2 13
3 12
4 11
5 10
6 9
7 8
8 7
9 6
10 5
11 4
12 3
13 2
14 1
15 13
16 12
17 11
18 10
19 9
20 8
21 7
22 6
23 5
24 4
25 3
26 2
27 1
28 13
29 12
30 11
31 10
32 9
33 8
34 7
35 6
36 5
37 4
38 3
39 2
40 1
41 13
42 12
43 11
44 10
45 9
46 8
47 7
48 6
49 5
50 4
51 3
52 2
53 1
54 13
55 12
56 11
57 10
58 9
59 8
60 7
61 6
62 5
63 4
64 3
65 2
66 1
67 13
68 12
69 11
70 10
71 9
72 8
73 7
74 6
75 5
76 4
77 3
78 2
79 1
80 13
81 12
82 11
83 10
84 9
85 8
86 7
87 6
88 5
89 4
90 3
91 2
92 1
93 13
94 12
95 11
96 10
97 9
98 8
99 7
100 6
101 5
102 4
103 3
104 2
105 1
106 13
107 12
108 11
109 10
110 9
111 8
112 7
113 6
114 5
115 4
116 3
117 2
118 1
119 13
120 12
121 11
122 10
123 9
124 8
125 7
126 6
127 5
128 4
129 3
130 2
131 1
132 13
133 12
134 11
135 10
136 9
137 8
138 7
139 6
140 5
141 4
142 3
143 2
144 1
145 13
146 12
147 11
148 10
149 9
150 8
151 7
152 6
153 5
154 4
155 3
156 2
157 1
158 13
159 12
160 11
161 10
162 9
163 8
164 7
165 6
166 5
167 4
168 3
169 2
170 1
171 13
172 12
173 11
174 10
175 9
176 8
177 7
178 6
179 5
180 4
181 3
182 2
183 1
184 13
185 12
186 11
187 10
188 9
189 8
190 7
191 6
192 5
193 4
194 3
195 2
196 1
197 13
198 12
199 11
200 10
201 9
202 8
203 7
204 6
205 5
206 4
207 3
208 2
209 1
210 0
;
param d :=
1 1 0.00
1 2 2.55
1 3 2.64
1 4 3.34
1 5 4.24
1 6 5.22
1 7 6.21
1 8 7.21
1 9 8.22
1 10 9.25
1 11 10.30
1 12 11.42
1 13 12.73
1 14 14.25
1 15 2.10
1 16 1.16
1 17 1.33
1 18 2.19
1 19 3.18
1 20 4.17
1 21 5.17
1 22 6.18
1 23 7.20
1 24 8.25
1 25 9.37
1 26 10.70
1 27 12.26
1 28 2.73
1 29 1.59
1 30 0.72
1 31 0.86
1 32 1.70
1 33 2.61
1 34 3.54
1 35 4.48
1 36 5.43
1 37 6.41
1 38 7.47
1 39 8.71
1 40 10.23
1 41 3.90
1 42 3.22
1 43 2.74
1 44 2.52
1 45 2.58
1 46 2.89
1 47 3.37
1 48 3.97
1 49 4.65
1 50 5.40
1 51 6.22
1 52 7.20
1 53 8.51
1 54 5.15
1 55 4.86
1 56 4.67
1 57 4.57
1 58 4.57
1 59 4.66
1 60 4.84
1 61 5.10
1 62 5.43
1 63 5.82
1 64 6.27
1 65 6.78
1 66 7.65
1 67 6.30
1 68 6.37
1 69 6.42
1 70 6.49
1 71 6.59
1 72 6.71
1 73 6.85
1 74 7.02
1 75 7.20
1 76 7.40
1 77 7.58
1 78 7.68
1 79 8.06
1 80 7.27
1 81 7.65
1 82 7.94
1 83 8.19
1 84 8.43
1 85 8.65
1 86 8.86
1 87 9.07
1 88 9.25
1 89 9.41
1 90 9.51
1 91 9.43
1 92 9.52
1 93 8.01
1 94 8.66
1 95 9.17
1 96 9.60
1 97 9.99
1 98 10.34
1 99 10.66
1 100 10.95
1 101 11.21
1 102 11.42
1 103 11.55
1 104 11.48
1 105 11.49
1 106 8.48
1 107 9.35
1 108 10.06
1 109 10.66
1 110 11.19
1 111 11.68
1 112 12.12
1 113 12.53
1 114 12.89
1 115 13.20
1 116 13.43
1 117 13.45
1 118 13.53
1 119 8.65
1 120 9.71
1 121 10.57
1 122 11.32
1 123 12.00
1 124 12.62
1 125 13.19
1 126 13.71
1 127 14.19
1 128 14.62
1 129 14.97
1 130 15.14
1 131 15.36
1 132 8.53
1 133 9.72
1 134 10.71
1 135 11.58
1 136 12.37
1 137 13.11
1 138 13.80
1 139 14.44
1 140 15.04
1 141 15.59
1 142 16.08
1 143 16.43
1 144 16.84
1 145 8.11
1 146 9.37
1 147 10.44
1 148 11.41
1 149 12.30
1 150 13.14
1 151 13.93
1 152 14.67
1 153 15.39
1 154 16.06
1 155 16.69
1 156 17.23
1 157 17.85
1 158 7.42
1 159 8.68
1 160 9.80
1 161 10.82
1 162 11.79
1 163 12.70
1 164 13.57
1 165 14.41
1 166 15.22
1 167 16.01
1 168 16.77
1 169 17.50
1 170 18.33
1 171 6.48
1 172 7.67
1 173 8.79
1 174 9.84
1 175 10.85
1 176 11.81
1 177 12.75
1 178 13.66
1 179 14.56
1 180 15.44
1 181 16.32
1 182 17.22
1 183 18.26
1 184 5.35
1 185 6.40
1 186 7.46
1 187 8.51
1 188 9.52
1 189 10.52
1 190 11.49
1 191 12.46
1 192 13.41
1 193 14.37
1 194 15.35
1 195 16.41
1 196 17.64
1 197 4.11
1 198 4.90
1 199 5.86
1 200 6.86
1 201 7.87
1 202 8.87
1 203 9.86
1 204 10.86
1 205 11.86
1 206 12.87
1 207 13.93
1 208 15.12
1 209 16.50
1 210 10.82
2 1 2.55
2 2 0.00
2 3 1.27
2 4 2.38
2 5 3.41
2 6 4.39
2 7 5.34
2 8 6.27
2 9 7.19
2 10 8.10
2 11 9.03
2 12 10.00
2 13 11.09
2 14 12.40
2 15 1.25
2 16 1.39
2 17 2.10
2 18 2.93
2 19 3.78
2 20 4.62
2 21 5.47
2 22 6.31
2 23 7.16
2 24 8.02
2 25 8.92
2 26 9.93
2 27 11.19
2 28 2.46
2 29 2.52
2 30 2.87
2 31 3.39
2 32 3.99
2 33 4.64
2 34 5.33
2 35 6.03
2 36 6.75
2 37 7.49
2 38 8.26
2 39 9.11
2 40 10.23
2 41 3.57
2 42 3.76
2 43 4.07
2 44 4.45
2 45 4.90
2 46 5.39
2 47 5.92
2 48 6.46
2 49 7.03
2 50 7.62
2 51 8.22
2 52 8.85
2 53 9.75
2 54 4.56
2 55 4.93
2 56 5.31
2 57 5.70
2 58 6.11
2 59 6.54
2 60 6.98
2 61 7.44
2 62 7.89
2 63 8.36
2 64 8.81
2 65 9.23
2 66 9.88
2 67 5.37
2 68 5.94
2 69 6.44
2 70 6.90
2 71 7.35
2 72 7.79
2 73 8.23
2 74 8.66
2 75 9.07
2 76 9.48
2 77 9.85
2 78 10.13
2 79 10.60
2 80 5.99
2 81 6.75
2 82 7.37
2 83 7.94
2 84 8.46
2 85 8.96
2 86 9.43
2 87 9.89
2 88 10.32
2 89 10.73
2 90 11.09
2 91 11.32
2 92 11.70
2 93 6.39
2 94 7.31
2 95 8.07
2 96 8.74
2 97 9.35
2 98 9.93
2 99 10.47
2 100 10.98
2 101 11.47
2 102 11.91
2 103 12.31
2 104 12.56
2 105 12.94
2 106 6.55
2 107 7.61
2 108 8.49
2 109 9.26
2 110 9.97
2 111 10.63
2 112 11.25
2 113 11.83
2 114 12.39
2 115 12.90
2 116 13.36
2 117 13.70
2 118 14.14
2 119 6.48
2 120 7.64
2 121 8.62
2 122 9.48
2 123 10.28
2 124 11.02
2 125 11.72
2 126 12.38
2 127 13.01
2 128 13.60
2 129 14.15
2 130 14.60
2 131 15.15
2 132 6.16
2 133 7.40
2 134 8.45
2 135 9.39
2 136 10.25
2 137 11.07
2 138 11.84
2 139 12.58
2 140 13.29
2 141 13.97
2 142 14.61
2 143 15.18
2 144 15.87
2 145 5.62
2 146 6.89
2 147 7.99
2 148 8.98
2 149 9.91
2 150 10.78
2 151 11.62
2 152 12.43
2 153 13.21
2 154 13.97
2 155 14.70
2 156 15.40
2 157 16.24
2 158 4.87
2 159 6.13
2 160 7.25
2 161 8.29
2 162 9.25
2 163 10.18
2 164 11.07
2 165 11.93
2 166 12.77
2 167 13.60
2 168 14.42
2 169 15.25
2 170 16.22
2 171 3.95
2 172 5.16
2 173 6.29
2 174 7.34
2 175 8.33
2 176 9.29
2 177 10.21
2 178 11.12
2 179 12.01
2 180 12.90
2 181 13.79
2 182 14.73
2 183 15.83
2 184 2.88
2 185 4.03
2 186 5.14
2 187 6.19
2 188 7.20
2 189 8.17
2 190 9.12
2 191 10.05
2 192 10.98
2 193 11.90
2 194 12.85
2 195 13.88
2 196 15.09
2 197 1.70
2 198 2.78
2 199 3.89
2 200 4.94
2 201 5.95
2 202 6.93
2 203 7.89
2 204 8.83
2 205 9.77
2 206 10.72
2 207 11.70
2 208 12.78
2 209 14.07
2 210 8.65
3 1 2.64
3 2 1.27
3 3 0.00
3 4 1.12
3 5 2.17
3 6 3.17
3 7 4.15
3 8 5.11
3 9 6.06
3 10 7.02
3 11 8.00
3 12 9.03
3 13 10.23
3 14 11.67
3 15 2.33
3 16 1.67
3 17 1.58
3 18 2.00
3 19 2.67
3 20 3.43
3 21 4.22
3 22 5.05
3 23 5.89
3 24 6.76
3 25 7.69
3 26 8.76
3 27 10.10
3 28 3.58
3 29 3.29
3 30 3.21
3 31 3.33
3 32 3.62
3 33 4.03
3 34 4.53
3 35 5.09
3 36 5.70
3 37 6.36
3 38 7.06
3 39 7.86
3 40 8.96
3 41 4.77
3 42 4.78
3 43 4.86
3 44 5.00
3 45 5.21
3 46 5.48
3 47 5.80
3 48 6.16
3 49 6.56
3 50 6.98
3 51 7.42
3 52 7.87
3 53 8.62
3 54 5.80
3 55 6.09
3 56 6.35
3 57 6.61
3 58 6.88
3 59 7.16
3 60 7.44
3 61 7.74
3 62 8.04
3 63 8.34
3 64 8.62
3 65 8.80
3 66 9.22
3 67 6.64
3 68 7.19
3 69 7.63
3 70 8.03
3 71 8.40
3 72 8.75
3 73 9.09
3 74 9.41
3 75 9.72
3 76 9.99
3 77 10.22
3 78 10.29
3 79 10.52
3 80 7.24
3 81 8.01
3 82 8.64
3 83 9.18
3 84 9.67
3 85 10.12
3 86 10.55
3 87 10.94
3 88 11.31
3 89 11.63
3 90 11.88
3 91 11.96
3 92 12.15
3 93 7.59
3 94 8.55
3 95 9.33
3 96 10.01
3 97 10.62
3 98 11.19
3 99 11.71
3 100 12.20
3 101 12.65
3 102 13.06
3 103 13.39
3 104 13.55
3 105 13.80
3 106 7.66
3 107 8.77
3 108 9.68
3 109 10.48
3 110 11.21
3 111 11.88
3 112 12.51
3 113 13.10
3 114 13.65
3 115 14.16
3 116 14.60
3 117 14.89
3 118 15.27
3 119 7.45
3 120 8.67
3 121 9.68
3 122 10.59
3 123 11.41
3 124 12.19
3 125 12.91
3 126 13.60
3 127 14.25
3 128 14.86
3 129 15.42
3 130 15.87
3 131 16.40
3 132 6.98
3 133 8.24
3 134 9.33
3 135 10.31
3 136 11.22
3 137 12.07
3 138 12.89
3 139 13.66
3 140 14.41
3 141 15.12
3 142 15.80
3 143 16.41
3 144 17.13
3 145 6.26
3 146 7.52
3 147 8.64
3 148 9.67
3 149 10.64
3 150 11.56
3 151 12.44
3 152 13.29
3 153 14.12
3 154 14.92
3 155 15.71
3 156 16.49
3 157 17.39
3 158 5.32
3 159 6.52
3 160 7.64
3 161 8.69
3 162 9.69
3 163 10.66
3 164 11.59
3 165 12.50
3 166 13.39
3 167 14.28
3 168 15.17
3 169 16.09
3 170 17.16
3 171 4.20
3 172 5.28
3 173 6.36
3 174 7.41
3 175 8.43
3 176 9.42
3 177 10.38
3 178 11.34
3 179 12.28
3 180 13.23
3 181 14.20
3 182 15.25
3 183 16.48
3 184 2.97
3 185 3.85
3 186 4.86
3 187 5.90
3 188 6.91
3 189 7.91
3 190 8.90
3 191 9.88
3 192 10.85
3 193 11.84
3 194 12.87
3 195 14.02
3 196 15.37
3 197 1.75
3 198 2.27
3 199 3.22
3 200 4.24
3 201 5.25
3 202 6.25
3 203 7.24
3 204 8.23
3 205 9.22
3 206 10.23
3 207 11.29
3 208 12.50
3 209 13.93
3 210 9.60
4 1 3.34
4 2 2.38
4 3 1.12
4 4 0.00
4 5 1.05
4 6 2.07
4 7 3.06
4 8 4.03
4 9 5.01
4 10 6.00
4 11 7.02
4 12 8.10
4 13 9.39
4 14 10.93
4 15 3.44
4 16 2.61
4 17 2.04
4 18 1.83
4 19 2.05
4 20 2.56
4 21 3.23
4 22 3.98
4 23 4.79
4 24 5.64
4 25 6.57
4 26 7.66
4 27 9.06
4 28 4.69
4 29 4.28
4 30 4.00
4 31 3.86
4 32 3.85
4 33 3.98
4 34 4.23
4 35 4.59
4 36 5.03
4 37 5.54
4 38 6.12
4 39 6.81
4 40 7.85
4 41 5.89
4 42 5.84
4 43 5.82
4 44 5.83
4 45 5.89
4 46 5.99
4 47 6.14
4 48 6.32
4 49 6.54
4 50 6.78
4 51 7.04
4 52 7.26
4 53 7.80
4 54 6.93
4 55 7.20
4 56 7.42
4 57 7.61
4 58 7.80
4 59 7.98
4 60 8.17
4 61 8.35
4 62 8.53
4 63 8.69
4 64 8.81
4 65 8.78
4 66 8.94
4 67 7.75
4 68 8.31
4 69 8.75
4 70 9.12
4 71 9.46
4 72 9.76
4 73 10.05
4 74 10.31
4 75 10.54
4 76 10.73
4 77 10.84
4 78 10.76
4 79 10.78
4 80 8.31
4 81 9.12
4 82 9.76
4 83 10.30
4 84 10.79
4 85 11.23
4 86 11.63
4 87 12.00
4 88 12.32
4 89 12.60
4 90 12.79
4 91 12.77
4 92 12.82
4 93 8.59
4 94 9.59
4 95 10.41
4 96 11.11
4 97 11.73
4 98 12.31
4 99 12.84
4 100 13.32
4 101 13.76
4 102 14.15
4 103 14.46
4 104 14.57
4 105 14.74
4 106 8.57
4 107 9.72
4 108 10.67
4 109 11.51
4 110 12.26
4 111 12.96
4 112 13.60
4 113 14.21
4 114 14.77
4 115 15.28
4 116 15.72
4 117 16.00
4 118 16.35
4 119 8.26
4 120 9.50
4 121 10.55
4 122 11.48
4 123 12.35
4 124 13.15
4 125 13.90
4 126 14.62
4 127 15.29
4 128 15.93
4 129 16.51
4 130 16.98
4 131 17.53
4 132 7.66
4 133 8.93
4 134 10.03
4 135 11.05
4 136 11.99
4 137 12.87
4 138 13.72
4 139 14.53
4 140 15.31
4 141 16.06
4 142 16.77
4 143 17.43
4 144 18.20
4 145 6.80
4 146 8.03
4 147 9.15
4 148 10.20
4 149 11.19
4 150 12.14
4 151 13.06
4 152 13.95
4 153 14.81
4 154 15.67
4 155 16.51
4 156 17.35
4 157 18.32
4 158 5.74
4 159 6.85
4 160 7.94
4 161 8.99
4 162 10.00
4 163 10.99
4 164 11.95
4 165 12.90
4 166 13.84
4 167 14.77
4 168 15.72
4 169 16.72
4 170 17.89
4 171 4.53
4 172 5.42
4 173 6.43
4 174 7.45
4 175 8.46
4 176 9.46
4 177 10.45
4 178 11.44
4 179 12.42
4 180 13.42
4 181 14.45
4 182 15.60
4 183 16.92
4 184 3.28
4 185 3.82
4 186 4.68
4 187 5.64
4 188 6.64
4 189 7.63
4 190 8.64
4 191 9.64
4 192 10.65
4 193 11.69
4 194 12.78
4 195 14.04
4 196 15.49
4 197 2.28
4 198 2.15
4 199 2.76
4 200 3.66
4 201 4.63
4 202 5.62
4 203 6.62
4 204 7.63
4 205 8.66
4 206 9.71
4 207 10.84
4 208 12.15
4 209 13.69
4 210 10.36
5 1 4.24
5 2 3.41
5 3 2.17
5 4 1.05
5 5 0.00
5 6 1.02
5 7 2.02
5 8 3.01
5 9 4.00
5 10 5.01
5 11 6.06
5 12 7.19
5 13 8.55
5 14 10.18
5 15 4.49
5 16 3.63
5 17 2.91
5 18 2.37
5 19 2.09
5 20 2.16
5 21 2.53
5 22 3.12
5 23 3.82
5 24 4.62
5 25 5.52
5 26 6.61
5 27 8.05
5 28 5.74
5 29 5.30
5 30 4.94
5 31 4.65
5 32 4.46
5 33 4.37
5 34 4.38
5 35 4.50
5 36 4.72
5 37 5.03
5 38 5.43
5 39 5.93
5 40 6.85
5 41 6.94
5 42 6.88
5 43 6.82
5 44 6.76
5 45 6.73
5 46 6.72
5 47 6.74
5 48 6.78
5 49 6.85
5 50 6.92
5 51 6.99
5 52 6.96
5 53 7.24
5 54 7.97
5 55 8.26
5 56 8.46
5 57 8.63
5 58 8.77
5 59 8.90
5 60 9.02
5 61 9.13
5 62 9.22
5 63 9.27
5 64 9.26
5 65 9.04
5 66 8.97
5 67 8.76
5 68 9.35
5 69 9.80
5 70 10.17
5 71 10.50
5 72 10.78
5 73 11.04
5 74 11.26
5 75 11.44
5 76 11.57
5 77 11.61
5 78 11.41
5 79 11.27
5 80 9.28
5 81 10.12
5 82 10.78
5 83 11.35
5 84 11.84
5 85 12.28
5 86 12.68
5 87 13.03
5 88 13.34
5 89 13.59
5 90 13.75
5 91 13.66
5 92 13.62
5 93 9.49
5 94 10.53
5 95 11.37
5 96 12.10
5 97 12.75
5 98 13.34
5 99 13.88
5 100 14.37
5 101 14.82
5 102 15.20
5 103 15.50
5 104 15.59
5 105 15.71
5 106 9.38
5 107 10.56
5 108 11.55
5 109 12.41
5 110 13.19
5 111 13.92
5 112 14.58
5 113 15.21
5 114 15.79
5 115 16.31
5 116 16.77
5 117 17.06
5 118 17.40
5 119 8.96
5 120 10.22
5 121 11.30
5 122 12.27
5 123 13.16
5 124 13.99
5 125 14.77
5 126 15.51
5 127 16.22
5 128 16.88
5 129 17.49
5 130 17.99
5 131 18.56
5 132 8.26
5 133 9.52
5 134 10.64
5 135 11.67
5 136 12.64
5 137 13.55
5 138 14.43
5 139 15.27
5 140 16.08
5 141 16.87
5 142 17.62
5 143 18.33
5 144 19.15
5 145 7.30
5 146 8.48
5 147 9.59
5 148 10.65
5 149 11.65
5 150 12.63
5 151 13.57
5 152 14.49
5 153 15.39
5 154 16.28
5 155 17.17
5 156 18.08
5 157 19.12
5 158 6.15
5 159 7.15
5 160 8.20
5 161 9.23
5 162 10.25
5 163 11.25
5 164 12.23
5 165 13.20
5 166 14.17
5 167 15.15
5 168 16.15
5 169 17.23
5 170 18.47
5 171 4.90
5 172 5.60
5 173 6.51
5 174 7.47
5 175 8.47
5 176 9.46
5 177 10.47
5 178 11.47
5 179 12.49
5 180 13.52
5 181 14.61
5 182 15.83
5 183 17.25
5 184 3.73
5 185 3.93
5 186 4.59
5 187 5.44
5 188 6.38
5 189 7.36
5 190 8.36
5 191 9.37
5 192 10.41
5 193 11.49
5 194 12.63
5 195 13.97
5 196 15.52
5 197 2.99
5 198 2.39
5 199 2.56
5 200 3.21
5 201 4.08
5 202 5.04
5 203 6.03
5 204 7.04
5 205 8.09
5 206 9.18
5 207 10.35
5 208 11.75
5 209 13.39
5 210 11.01
6 1 5.22
6 2 4.39
6 3 3.17
6 4 2.07
6 5 1.02
6 6 0.00
6 7 1.00
6 8 2.00
6 9 3.01
6 10 4.03
6 11 5.11
6 12 6.27
6 13 7.69
6 14 9.40
6 15 5.50
6 16 4.64
6 17 3.88
6 18 3.22
6 19 2.68
6 20 2.35
6 21 2.29
6 22 2.54
6 23 3.04
6 24 3.71
6 25 4.53
6 26 5.60
6 27 7.05
6 28 6.75
6 29 6.32
6 30 5.92
6 31 5.57
6 32 5.27
6 33 5.03
6 34 4.86
6 35 4.77
6 36 4.76
6 37 4.84
6 38 5.00
6 39 5.24
6 40 5.97
6 41 7.94
6 42 7.90
6 43 7.83
6 44 7.74
6 45 7.66
6 46 7.58
6 47 7.51
6 48 7.45
6 49 7.40
6 50 7.33
6 51 7.22
6 52 6.95
6 53 6.94
6 54 8.95
6 55 9.27
6 56 9.48
6 57 9.64
6 58 9.76
6 59 9.87
6 60 9.94
6 61 10.00
6 62 10.03
6 63 10.01
6 64 9.89
6 65 9.52
6 66 9.25
6 67 9.71
6 68 10.33
6 69 10.81
6 70 11.19
6 71 11.51
6 72 11.79
6 73 12.04
6 74 12.24
6 75 12.39
6 76 12.49
6 77 12.47
6 78 12.18
6 79 11.92
6 80 10.17
6 81 11.05
6 82 11.75
6 83 12.33
6 84 12.84
6 85 13.29
6 86 13.70
6 87 14.05
6 88 14.36
6 89 14.59
6 90 14.73
6 91 14.60
6 92 14.49
6 93 10.31
6 94 11.39
6 95 12.27
6 96 13.02
6 97 13.70
6 98 14.31
6 99 14.86
6 100 15.37
6 101 15.82
6 102 16.22
6 103 16.52
6 104 16.60
6 105 16.70
6 106 10.12
6 107 11.33
6 108 12.34
6 109 13.24
6 110 14.05
6 111 14.79
6 112 15.49
6 113 16.14
6 114 16.74
6 115 17.28
6 116 17.76
6 117 18.06
6 118 18.41
6 119 9.61
6 120 10.88
6 121 11.98
6 122 12.97
6 123 13.88
6 124 14.74
6 125 15.55
6 126 16.32
6 127 17.05
6 128 17.74
6 129 18.39
6 130 18.93
6 131 19.54
6 132 8.82
6 133 10.05
6 134 11.18
6 135 12.22
6 136 13.21
6 137 14.15
6 138 15.05
6 139 15.92
6 140 16.76
6 141 17.58
6 142 18.38
6 143 19.15
6 144 20.01
6 145 7.78
6 146 8.89
6 147 9.98
6 148 11.03
6 149 12.05
6 150 13.04
6 151 14.00
6 152 14.95
6 153 15.88
6 154 16.81
6 155 17.74
6 156 18.71
6 157 19.82
6 158 6.57
6 159 7.45
6 160 8.43
6 161 9.44
6 162 10.45
6 163 11.45
6 164 12.44
6 165 13.44
6 166 14.43
6 167 15.44
6 168 16.49
6 169 17.64
6 170 18.97
6 171 5.33
6 172 5.83
6 173 6.61
6 174 7.50
6 175 8.46
6 176 9.44
6 177 10.44
6 178 11.46
6 179 12.49
6 180 13.56
6 181 14.69
6 182 15.99
6 183 17.49
6 184 4.26
6 185 4.17
6 186 4.59
6 187 5.31
6 188 6.16
6 189 7.10
6 190 8.08
6 191 9.09
6 192 10.14
6 193 11.24
6 194 12.43
6 195 13.84
6 196 15.48
6 197 3.75
6 198 2.88
6 199 2.62
6 200 2.95
6 201 3.64
6 202 4.50
6 203 5.46
6 204 6.47
6 205 7.52
6 206 8.63
6 207 9.84
6 208 11.32
6 209 13.04
6 210 11.60
7 1 6.21
7 2 5.34
7 3 4.15
7 4 3.06
7 5 2.02
7 6 1.00
7 7 0.00
7 8 1.00
7 9 2.02
7 10 3.06
7 11 4.15
7 12 5.34
7 13 6.83
7 14 8.60
7 15 6.48
7 16 5.64
7 17 4.88
7 18 4.17
7 19 3.53
7 20 2.98
7 21 2.59
7 22 2.43
7 23 2.56
7 24 2.98
7 25 3.64
7 26 4.61
7 27 6.05
7 28 7.73
7 29 7.32
7 30 6.91
7 31 6.53
7 32 6.18
7 33 5.85
7 34 5.57
7 35 5.33
7 36 5.13
7 37 4.99
7 38 4.89
7 39 4.81
7 40 5.24
7 41 8.90
7 42 8.90
7 43 8.83
7 44 8.73
7 45 8.62
7 46 8.51
7 47 8.39
7 48 8.26
7 49 8.11
7 50 7.94
7 51 7.69
7 52 7.20
7 53 6.91
7 54 9.89
7 55 10.24
7 56 10.47
7 57 10.64
7 58 10.76
7 59 10.85
7 60 10.91
7 61 10.93
7 62 10.92
7 63 10.84
7 64 10.66
7 65 10.17
7 66 9.73
7 67 10.60
7 68 11.27
7 69 11.77
7 70 12.17
7 71 12.51
7 72 12.80
7 73 13.04
7 74 13.23
7 75 13.37
7 76 13.44
7 77 13.40
7 78 13.05
7 79 12.70
7 80 11.00
7 81 11.93
7 82 12.66
7 83 13.27
7 84 13.80
7 85 14.27
7 86 14.69
7 87 15.05
7 88 15.36
7 89 15.59
7 90 15.72
7 91 15.57
7 92 15.42
7 93 11.08
7 94 12.19
7 95 13.10
7 96 13.89
7 97 14.59
7 98 15.22
7 99 15.80
7 100 16.32
7 101 16.80
7 102 17.20
7 103 17.51
7 104 17.60
7 105 17.70
7 106 10.81
7 107 12.04
7 108 13.08
7 109 14.00
7 110 14.84
7 111 15.61
7 112 16.33
7 113 17.00
7 114 17.63
7 115 18.20
7 116 18.70
7 117 19.03
7 118 19.40
7 119 10.22
7 120 11.48
7 121 12.60
7 122 13.61
7 123 14.54
7 124 15.43
7 125 16.27
7 126 17.06
7 127 17.82
7 128 18.54
7 129 19.22
7 130 19.80
7 131 20.46
7 132 9.34
7 133 10.55
7 134 11.67
7 135 12.72
7 136 13.72
7 137 14.68
7 138 15.60
7 139 16.50
7 140 17.37
7 141 18.23
7 142 19.06
7 143 19.88
7 144 20.81
7 145 8.23
7 146 9.28
7 147 10.34
7 148 11.38
7 149 12.39
7 150 13.39
7 151 14.37
7 152 15.34
7 153 16.30
7 154 17.26
7 155 18.23
7 156 19.27
7 157 20.45
7 158 7.00
7 159 7.75
7 160 8.66
7 161 9.63
7 162 10.61
7 163 11.61
7 164 12.61
7 165 13.62
7 166 14.64
7 167 15.68
7 168 16.76
7 169 17.98
7 170 19.38
7 171 5.78
7 172 6.09
7 173 6.73
7 174 7.54
7 175 8.45
7 176 9.40
7 177 10.39
7 178 11.41
7 179 12.46
7 180 13.55
7 181 14.71
7 182 16.09
7 183 17.66
7 184 4.85
7 185 4.50
7 186 4.69
7 187 5.23
7 188 5.98
7 189 6.85
7 190 7.79
7 191 8.79
7 192 9.85
7 193 10.96
7 194 12.18
7 195 13.66
7 196 15.38
7 197 4.54
7 198 3.50
7 199 2.93
7 200 2.89
7 201 3.32
7 202 4.04
7 203 4.92
7 204 5.90
7 205 6.94
7 206 8.07
7 207 9.31
7 208 10.85
7 209 12.65
7 210 12.13
8 1 7.21
8 2 6.27
8 3 5.11
8 4 4.03
8 5 3.01
8 6 2.00
8 7 1.00
8 8 0.00
8 9 1.02
8 10 2.07
8 11 3.17
8 12 4.39
8 13 5.93
8 14 7.77
8 15 7.43
8 16 6.63
8 17 5.88
8 18 5.16
8 19 4.48
8 20 3.84
8 21 3.27
8 22 2.81
8 23 2.55
8 24 2.56
8 25 2.90
8 26 3.67
8 27 5.05
8 28 8.68
8 29 8.31
8 30 7.92
8 31 7.53
8 32 7.15
8 33 6.77
8 34 6.42
8 35 6.08
8 36 5.75
8 37 5.43
8 38 5.11
8 39 4.67
8 40 4.72
8 41 9.84
8 42 9.87
8 43 9.82
8 44 9.73
8 45 9.62
8 46 9.48
8 47 9.33
8 48 9.16
8 49 8.96
8 50 8.70
8 51 8.34
8 52 7.69
8 53 7.15
8 54 10.79
8 55 11.19
8 56 11.45
8 57 11.63
8 58 11.76
8 59 11.85
8 60 11.90
8 61 11.91
8 62 11.87
8 63 11.76
8 64 11.52
8 65 10.95
8 66 10.38
8 67 11.46
8 68 12.17
8 69 12.71
8 70 13.13
8 71 13.49
8 72 13.79
8 73 14.04
8 74 14.23
8 75 14.37
8 76 14.43
8 77 14.36
8 78 13.98
8 79 13.56
8 80 11.80
8 81 12.77
8 82 13.53
8 83 14.17
8 84 14.73
8 85 15.22
8 86 15.65
8 87 16.03
8 88 16.35
8 89 16.59
8 90 16.72
8 91 16.57
8 92 16.39
8 93 11.80
8 94 12.95
8 95 13.89
8 96 14.71
8 97 15.43
8 98 16.09
8 99 16.69
8 100 17.24
8 101 17.73
8 102 18.16
8 103 18.49
8 104 18.59
8 105 18.70
8 106 11.46
8 107 12.71
8 108 13.77
8 109 14.71
8 110 15.58
8 111 16.38
8 112 17.12
8 113 17.82
8 114 18.47
8 115 19.07
8 116 19.60
8 117 19.97
8 118 20.37
8 119 10.79
8 120 12.05
8 121 13.17
8 122 14.19
8 123 15.15
8 124 16.06
8 125 16.92
8 126 17.75
8 127 18.54
8 128 19.29
8 129 20.00
8 130 20.63
8 131 21.33
8 132 9.84
8 133 11.01
8 134 12.12
8 135 13.17
8 136 14.18
8 137 15.15
8 138 16.10
8 139 17.02
8 140 17.92
8 141 18.81
8 142 19.68
8 143 20.56
8 144 21.55
8 145 8.68
8 146 9.65
8 147 10.66
8 148 11.68
8 149 12.69
8 150 13.69
8 151 14.69
8 152 15.67
8 153 16.66
8 154 17.65
8 155 18.66
8 156 19.76
8 157 21.00
8 158 7.43
8 159 8.05
8 160 8.88
8 161 9.79
8 162 10.75
8 163 11.73
8 164 12.73
8 165 13.75
8 166 14.78
8 167 15.85
8 168 16.97
8 169 18.26
8 170 19.73
8 171 6.26
8 172 6.38
8 173 6.88
8 174 7.59
8 175 8.43
8 176 9.34
8 177 10.31
8 178 11.32
8 179 12.38
8 180 13.48
8 181 14.68
8 182 16.12
8 183 17.77
8 184 5.46
8 185 4.91
8 186 4.88
8 187 5.23
8 188 5.84
8 189 6.62
8 190 7.51
8 191 8.48
8 192 9.53
8 193 10.65
8 194 11.90
8 195 13.44
8 196 15.22
8 197 5.33
8 198 4.19
8 199 3.41
8 200 3.06
8 201 3.17
8 202 3.68
8 203 4.44
8 204 5.35
8 205 6.37
8 206 7.49
8 207 8.75
8 208 10.35
8 209 12.21
8 210 12.61
9 1 8.22
9 2 7.19
9 3 6.06
9 4 5.01
9 5 4.00
9 6 3.01
9 7 2.02
9 8 1.02
9 9 0.00
9 10 1.05
9 11 2.17
9 12 3.41
9 13 5.00
9 14 6.90
9 15 8.37
9 16 7.62
9 17 6.89
9 18 6.18
9 19 5.48
9 20 4.81
9 21 4.16
9 22 3.55
9 23 3.02
9 24 2.62
9 25 2.49
9 26 2.82
9 27 4.05
9 28 9.62
9 29 9.29
9 30 8.92
9 31 8.55
9 32 8.16
9 33 7.77
9 34 7.37
9 35 6.97
9 36 6.56
9 37 6.12
9 38 5.61
9 39 4.88
9 40 4.49
9 41 10.76
9 42 10.84
9 43 10.82
9 44 10.74
9 45 10.64
9 46 10.50
9 47 10.33
9 48 10.13
9 49 9.89
9 50 9.59
9 51 9.16
9 52 8.38
9 53 7.62
9 54 11.67
9 55 12.12
9 56 12.41
9 57 12.62
9 58 12.77
9 59 12.87
9 60 12.92
9 61 12.93
9 62 12.87
9 63 12.74
9 64 12.48
9 65 11.85
9 66 11.17
9 67 12.29
9 68 13.05
9 69 13.62
9 70 14.08
9 71 14.46
9 72 14.77
9 73 15.04
9 74 15.24
9 75 15.39
9 76 15.45
9 77 15.38
9 78 14.97
9 79 14.51
9 80 12.57
9 81 13.58
9 82 14.37
9 83 15.05
9 84 15.63
9 85 16.15
9 86 16.60
9 87 17.00
9 88 17.33
9 89 17.59
9 90 17.73
9 91 17.58
9 92 17.41
9 93 12.49
9 94 13.67
9 95 14.64
9 96 15.49
9 97 16.24
9 98 16.93
9 99 17.56
9 100 18.13
9 101 18.65
9 102 19.10
9 103 19.45
9 104 19.58
9 105 19.71
9 106 12.07
9 107 13.33
9 108 14.41
9 109 15.38
9 110 16.27
9 111 17.10
9 112 17.87
9 113 18.60
9 114 19.28
9 115 19.90
9 116 20.46
9 117 20.87
9 118 21.32
9 119 11.33
9 120 12.57
9 121 13.70
9 122 14.74
9 123 15.71
9 124 16.64
9 125 17.53
9 126 18.38
9 127 19.20
9 128 19.98
9 129 20.73
9 130 21.41
9 131 22.17
9 132 10.31
9 133 11.44
9 134 12.53
9 135 13.58
9 136 14.59
9 137 15.58
9 138 16.54
9 139 17.49
9 140 18.41
9 141 19.33
9 142 20.25
9 143 21.18
9 144 22.23
9 145 9.11
9 146 9.99
9 147 10.96
9 148 11.95
9 149 12.95
9 150 13.95
9 151 14.95
9 152 15.95
9 153 16.95
9 154 17.97
9 155 19.03
9 156 20.19
9 157 21.50
9 158 7.86
9 159 8.35
9 160 9.08
9 161 9.94
9 162 10.86
9 163 11.82
9 164 12.81
9 165 13.83
9 166 14.87
9 167 15.96
9 168 17.12
9 169 18.47
9 170 20.00
9 171 6.77
9 172 6.71
9 173 7.05
9 174 7.65
9 175 8.41
9 176 9.27
9 177 10.20
9 178 11.20
9 179 12.25
9 180 13.37
9 181 14.60
9 182 16.09
9 183 17.80
9 184 6.11
9 185 5.39
9 186 5.14
9 187 5.29
9 188 5.74
9 189 6.41
9 190 7.23
9 191 8.16
9 192 9.18
9 193 10.30
9 194 11.56
9 195 13.15
9 196 14.99
9 197 6.13
9 198 4.92
9 199 4.01
9 200 3.41
9 201 3.21
9 202 3.43
9 203 4.01
9 204 4.82
9 205 5.78
9 206 6.88
9 207 8.15
9 208 9.80
9 209 11.71
9 210 13.06
10 1 9.25
10 2 8.10
10 3 7.02
10 4 6.00
10 5 5.01
10 6 4.03
10 7 3.06
10 8 2.07
10 9 1.05
10 10 0.00
10 11 1.12
10 12 2.38
10 13 4.02
10 14 5.96
10 15 9.31
10 16 8.61
10 17 7.91
10 18 7.23
10 19 6.54
10 20 5.86
10 21 5.17
10 22 4.50
10 23 3.83
10 24 3.18
10 25 2.60
10 26 2.25
10 27 3.09
10 28 10.55
10 29 10.28
10 30 9.95
10 31 9.59
10 32 9.21
10 33 8.82
10 34 8.41
10 35 7.98
10 36 7.51
10 37 6.99
10 38 6.37
10 39 5.41
10 40 4.63
10 41 11.66
10 42 11.80
10 43 11.82
10 44 11.77
10 45 11.68
10 46 11.55
10 47 11.39
10 48 11.18
10 49 10.92
10 50 10.58
10 51 10.10
10 52 9.24
10 53 8.33
10 54 12.53
10 55 13.03
10 56 13.37
10 57 13.61
10 58 13.78
10 59 13.90
10 60 13.96
10 61 13.98
10 62 13.93
10 63 13.79
10 64 13.51
10 65 12.84
10 66 12.11
10 67 13.09
10 68 13.90
10 69 14.51
10 70 15.01
10 71 15.42
10 72 15.76
10 73 16.04
10 74 16.27
10 75 16.42
10 76 16.50
10 77 16.43
10 78 16.02
10 79 15.54
10 80 13.30
10 81 14.35
10 82 15.19
10 83 15.89
10 84 16.51
10 85 17.05
10 86 17.54
10 87 17.96
10 88 18.32
10 89 18.60
10 90 18.76
10 91 18.63
10 92 18.46
10 93 13.15
10 94 14.36
10 95 15.36
10 96 16.23
10 97 17.02
10 98 17.73
10 99 18.39
10 100 18.99
10 101 19.54
10 102 20.01
10 103 20.40
10 104 20.56
10 105 20.72
10 106 12.65
10 107 13.92
10 108 15.02
10 109 16.01
10 110 16.92
10 111 17.77
10 112 18.57
10 113 19.33
10 114 20.04
10 115 20.70
10 116 21.29
10 117 21.75
10 118 22.25
10 119 11.83
10 120 13.06
10 121 14.18
10 122 15.23
10 123 16.22
10 124 17.17
10 125 18.08
10 126 18.96
10 127 19.80
10 128 20.62
10 129 21.41
10 130 22.15
10 131 22.97
10 132 10.76
10 133 11.83
10 134 12.89
10 135 13.93
10 136 14.95
10 137 15.95
10 138 16.93
10 139 17.89
10 140 18.84
10 141 19.79
10 142 20.75
10 143 21.74
10 144 22.86
10 145 9.53
10 146 10.32
10 147 11.22
10 148 12.18
10 149 13.16
10 150 14.15
10 151 15.15
10 152 16.16
10 153 17.19
10 154 18.23
10 155 19.32
10 156 20.54
10 157 21.93
10 158 8.30
10 159 8.65
10 160 9.28
10 161 10.05
10 162 10.93
10 163 11.86
10 164 12.83
10 165 13.85
10 166 14.90
10 167 16.00
10 168 17.19
10 169 18.60
10 170 20.20
10 171 7.29
10 172 7.05
10 173 7.24
10 174 7.71
10 175 8.37
10 176 9.17
10 177 10.06
10 178 11.03
10 179 12.07
10 180 13.19
10 181 14.44
10 182 15.98
10 183 17.76
10 184 6.77
10 185 5.91
10 186 5.47
10 187 5.42
10 188 5.69
10 189 6.22
10 190 6.94
10 191 7.80
10 192 8.79
10 193 9.90
10 194 11.16
10 195 12.80
10 196 14.69
10 197 6.93
10 198 5.69
10 199 4.69
10 200 3.91
10 201 3.44
10 202 3.35
10 203 3.67
10 204 4.31
10 205 5.19
10 206 6.25
10 207 7.51
10 208 9.19
10 209 11.15
10 210 13.46
11 1 10.30
11 2 9.03
11 3 8.00
11 4 7.02
11 5 6.06
11 6 5.11
11 7 4.15
11 8 3.17
11 9 2.17
11 10 1.12
11 11 0.00
11 12 1.27
11 13 2.94
11 14 4.92
11 15 10.26
11 16 9.62
11 17 8.97
11 18 8.31
11 19 7.65
11 20 6.98
11 21 6.29
11 22 5.59
11 23 4.86
11 24 4.10
11 25 3.26
11 26 2.26
11 27 2.27
11 28 11.49
11 29 11.28
11 30 10.99
11 31 10.67
11 32 10.32
11 33 9.94
11 34 9.53
11 35 9.09
11 36 8.60
11 37 8.04
11 38 7.34
11 39 6.25
11 40 5.17
11 41 12.57
11 42 12.76
11 43 12.83
11 44 12.82
11 45 12.76
11 46 12.65
11 47 12.50
11 48 12.30
11 49 12.04
11 50 11.69
11 51 11.19
11 52 10.27
11 53 9.26
11 54 13.38
11 55 13.94
11 56 14.33
11 57 14.61
11 58 14.82
11 59 14.96
11 60 15.05
11 61 15.08
11 62 15.04
11 63 14.91
11 64 14.63
11 65 13.95
11 66 13.18
11 67 13.88
11 68 14.74
11 69 15.40
11 70 15.93
11 71 16.38
11 72 16.75
11 73 17.06
11 74 17.31
11 75 17.50
11 76 17.59
11 77 17.54
11 78 17.14
11 79 16.67
11 80 14.01
11 81 15.10
11 82 15.98
11 83 16.72
11 84 17.37
11 85 17.95
11 86 18.46
11 87 18.92
11 88 19.31
11 89 19.61
11 90 19.80
11 91 19.71
11 92 19.57
11 93 13.78
11 94 15.01
11 95 16.04
11 96 16.94
11 97 17.76
11 98 18.51
11 99 19.20
11 100 19.83
11 101 20.41
11 102 20.92
11 103 21.34
11 104 21.55
11 105 21.76
11 106 13.19
11 107 14.46
11 108 15.57
11 109 16.58
11 110 17.52
11 111 18.40
11 112 19.23
11 113 20.02
11 114 20.76
11 115 21.46
11 116 22.09
11 117 22.61
11 118 23.16
11 119 12.30
11 120 13.50
11 121 14.61
11 122 15.67
11 123 16.67
11 124 17.64
11 125 18.57
11 126 19.47
11 127 20.35
11 128 21.21
11 129 22.04
11 130 22.84
11 131 23.73
11 132 11.17
11 133 12.18
11 134 13.21
11 135 14.23
11 136 15.24
11 137 16.25
11 138 17.24
11 139 18.22
11 140 19.19
11 141 20.18
11 142 21.17
11 143 22.23
11 144 23.42
11 145 9.93
11 146 10.60
11 147 11.44
11 148 12.35
11 149 13.30
11 150 14.28
11 151 15.28
11 152 16.30
11 153 17.33
11 154 18.40
11 155 19.53
11 156 20.81
11 157 22.27
11 158 8.73
11 159 8.93
11 160 9.44
11 161 10.13
11 162 10.94
11 163 11.83
11 164 12.78
11 165 13.79
11 166 14.84
11 167 15.95
11 168 17.17
11 169 18.64
11 170 20.31
11 171 7.82
11 172 7.42
11 173 7.44
11 174 7.76
11 175 8.31
11 176 9.02
11 177 9.85
11 178 10.78
11 179 11.80
11 180 12.92
11 181 14.18
11 182 15.78
11 183 17.61
11 184 7.46
11 185 6.47
11 186 5.87
11 187 5.61
11 188 5.68
11 189 6.04
11 190 6.63
11 191 7.40
11 192 8.33
11 193 9.41
11 194 10.68
11 195 12.35
11 196 14.29
11 197 7.76
11 198 6.50
11 199 5.43
11 200 4.53
11 201 3.84
11 202 3.45
11 203 3.45
11 204 3.85
11 205 4.58
11 206 5.56
11 207 6.79
11 208 8.49
11 209 10.48
11 210 13.81
12 1 11.42
12 2 10.00
12 3 9.03
12 4 8.10
12 5 7.19
12 6 6.27
12 7 5.34
12 8 4.39
12 9 3.41
12 10 2.38
12 11 1.27
12 12 0.00
12 13 1.70
12 14 3.71
12 15 11.24
12 16 10.68
12 17 10.09
12 18 9.49
12 19 8.86
12 20 8.22
12 21 7.56
12 22 6.86
12 23 6.12
12 24 5.31
12 25 4.36
12 26 3.04
12 27 2.04
12 28 12.45
12 29 12.32
12 30 12.10
12 31 11.83
12 32 11.52
12 33 11.17
12 34 10.78
12 35 10.36
12 36 9.87
12 37 9.30
12 38 8.57
12 39 7.39
12 40 6.13
12 41 13.48
12 42 13.76
12 43 13.89
12 44 13.93
12 45 13.91
12 46 13.84
12 47 13.72
12 48 13.54
12 49 13.30
12 50 12.96
12 51 12.46
12 52 11.52
12 53 10.45
12 54 14.23
12 55 14.86
12 56 15.31
12 57 15.64
12 58 15.89
12 59 16.08
12 60 16.20
12 61 16.27
12 62 16.26
12 63 16.15
12 64 15.89
12 65 15.22
12 66 14.44
12 67 14.64
12 68 15.57
12 69 16.28
12 70 16.86
12 71 17.35
12 72 17.77
12 73 18.12
12 74 18.41
12 75 18.63
12 76 18.75
12 77 18.73
12 78 18.37
12 79 17.92
12 80 14.69
12 81 15.82
12 82 16.74
12 83 17.53
12 84 18.22
12 85 18.84
12 86 19.39
12 87 19.89
12 88 20.31
12 89 20.66
12 90 20.89
12 91 20.85
12 92 20.76
12 93 14.36
12 94 15.61
12 95 16.67
12 96 17.60
12 97 18.46
12 98 19.24
12 99 19.97
12 100 20.64
12 101 21.26
12 102 21.82
12 103 22.28
12 104 22.56
12 105 22.83
12 106 13.68
12 107 14.94
12 108 16.07
12 109 17.10
12 110 18.06
12 111 18.96
12 112 19.83
12 113 20.65
12 114 21.43
12 115 22.17
12 116 22.86
12 117 23.44
12 118 24.07
12 119 12.72
12 120 13.87
12 121 14.97
12 122 16.02
12 123 17.03
12 124 18.02
12 125 18.97
12 126 19.90
12 127 20.81
12 128 21.71
12 129 22.59
12 130 23.46
12 131 24.43
12 132 11.54
12 133 12.46
12 134 13.44
12 135 14.43
12 136 15.44
12 137 16.44
12 138 17.44
12 139 18.43
12 140 19.44
12 141 20.45
12 142 21.49
12 143 22.62
12 144 23.90
12 145 10.29
12 146 10.83
12 147 11.57
12 148 12.42
12 149 13.34
12 150 14.30
12 151 15.28
12 152 16.30
12 153 17.35
12 154 18.44
12 155 19.60
12 156 20.96
12 157 22.49
12 158 9.15
12 159 9.17
12 160 9.54
12 161 10.13
12 162 10.86
12 163 11.69
12 164 12.61
12 165 13.59
12 166 14.63
12 167 15.76
12 168 16.99
12 169 18.52
12 170 20.26
12 171 8.37
12 172 7.78
12 173 7.62
12 174 7.78
12 175 8.18
12 176 8.78
12 177 9.53
12 178 10.40
12 179 11.39
12 180 12.49
12 181 13.76
12 182 15.40
12 183 17.29
12 184 8.17
12 185 7.07
12 186 6.31
12 187 5.85
12 188 5.69
12 189 5.84
12 190 6.26
12 191 6.91
12 192 7.75
12 193 8.78
12 194 10.02
12 195 11.72
12 196 13.70
12 197 8.62
12 198 7.35
12 199 6.24
12 200 5.26
12 201 4.41
12 202 3.76
12 203 3.41
12 204 3.46
12 205 3.93
12 206 4.76
12 207 5.92
12 208 7.62
12 209 9.63
12 210 14.07
13 1 12.73
13 2 11.09
13 3 10.23
13 4 9.39
13 5 8.55
13 6 7.69
13 7 6.83
13 8 5.93
13 9 5.00
13 10 4.02
13 11 2.94
13 12 1.70
13 13 0.00
13 14 2.01
13 15 12.34
13 16 11.90
13 17 11.41
13 18 10.89
13 19 10.35
13 20 9.77
13 21 9.16
13 22 8.51
13 23 7.81
13 24 7.01
13 25 6.05
13 26 4.63
13 27 3.12
13 28 13.50
13 29 13.50
13 30 13.38
13 31 13.19
13 32 12.96
13 33 12.68
13 34 12.35
13 35 11.97
13 36 11.53
13 37 10.99
13 38 10.27
13 39 9.09
13 40 7.75
13 41 14.45
13 42 14.85
13 43 15.08
13 44 15.20
13 45 15.26
13 46 15.26
13 47 15.20
13 48 15.08
13 49 14.89
13 50 14.59
13 51 14.12
13 52 13.21
13 53 12.15
13 54 15.10
13 55 15.84
13 56 16.37
13 57 16.78
13 58 17.11
13 59 17.36
13 60 17.55
13 61 17.67
13 62 17.72
13 63 17.67
13 64 17.46
13 65 16.85
13 66 16.12
13 67 15.39
13 68 16.40
13 69 17.18
13 70 17.84
13 71 18.39
13 72 18.88
13 73 19.29
13 74 19.64
13 75 19.92
13 76 20.11
13 77 20.15
13 78 19.87
13 79 19.50
13 80 15.31
13 81 16.49
13 82 17.47
13 83 18.31
13 84 19.06
13 85 19.74
13 86 20.35
13 87 20.91
13 88 21.40
13 89 21.81
13 90 22.11
13 91 22.16
13 92 22.16
13 93 14.85
13 94 16.12
13 95 17.21
13 96 18.18
13 97 19.08
13 98 19.91
13 99 20.69
13 100 21.42
13 101 22.10
13 102 22.72
13 103 23.26
13 104 23.63
13 105 24.01
13 106 14.06
13 107 15.29
13 108 16.41
13 109 17.46
13 110 18.45
13 111 19.39
13 112 20.29
13 113 21.16
13 114 21.99
13 115 22.79
13 116 23.55
13 117 24.24
13 118 24.98
13 119 13.00
13 120 14.08
13 121 15.14
13 122 16.18
13 123 17.20
13 124 18.19
13 125 19.17
13 126 20.13
13 127 21.09
13 128 22.03
13 129 22.98
13 130 23.95
13 131 25.04
13 132 11.77
13 133 12.56
13 134 13.46
13 135 14.41
13 136 15.38
13 137 16.37
13 138 17.37
13 139 18.39
13 140 19.41
13 141 20.46
13 142 21.56
13 143 22.79
13 144 24.17
13 145 10.54
13 146 10.89
13 147 11.50
13 148 12.25
13 149 13.10
13 150 14.01
13 151 14.98
13 152 15.99
13 153 17.04
13 154 18.15
13 155 19.35
13 156 20.79
13 157 22.42
13 158 9.51
13 159 9.30
13 160 9.47
13 161 9.89
13 162 10.50
13 163 11.24
13 164 12.09
13 165 13.03
13 166 14.06
13 167 15.18
13 168 16.44
13 169 18.02
13 170 19.84
13 171 8.92
13 172 8.12
13 173 7.72
13 174 7.64
13 175 7.84
13 176 8.27
13 177 8.89
13 178 9.66
13 179 10.59
13 180 11.66
13 181 12.92
13 182 14.60
13 183 16.54
13 184 8.94
13 185 7.75
13 186 6.82
13 187 6.12
13 188 5.68
13 189 5.53
13 190 5.68
13 191 6.11
13 192 6.81
13 193 7.73
13 194 8.93
13 195 10.63
13 196 12.64
13 197 9.58
13 198 8.34
13 199 7.22
13 200 6.17
13 201 5.20
13 202 4.32
13 203 3.60
13 204 3.15
13 205 3.14
13 206 3.64
13 207 4.63
13 208 6.28
13 209 8.28
13 210 14.13
14 1 14.25
14 2 12.40
14 3 11.67
14 4 10.93
14 5 10.18
14 6 9.40
14 7 8.60
14 8 7.77
14 9 6.90
14 10 5.96
14 11 4.92
14 12 3.71
14 13 2.01
14 14 0.00
14 15 13.64
14 16 13.34
14 17 12.97
14 18 12.55
14 19 12.08
14 20 11.58
14 21 11.03
14 22 10.44
14 23 9.78
14 24 9.01
14 25 8.06
14 26 6.62
14 27 4.96
14 28 14.75
14 29 14.88
14 30 14.87
14 31 14.78
14 32 14.63
14 33 14.43
14 34 14.17
14 35 13.85
14 36 13.45
14 37 12.95
14 38 12.27
14 39 11.10
14 40 9.74
14 41 15.60
14 42 16.12
14 43 16.45
14 44 16.68
14 45 16.82
14 46 16.89
14 47 16.90
14 48 16.85
14 49 16.71
14 50 16.47
14 51 16.05
14 52 15.19
14 53 14.16
14 54 16.13
14 55 16.97
14 56 17.59
14 57 18.09
14 58 18.50
14 59 18.83
14 60 19.09
14 61 19.28
14 62 19.39
14 63 19.41
14 64 19.26
14 65 18.72
14 66 18.06
14 67 16.28
14 68 17.36
14 69 18.22
14 70 18.95
14 71 19.58
14 72 20.14
14 73 20.62
14 74 21.04
14 75 21.39
14 76 21.65
14 77 21.77
14 78 21.57
14 79 21.30
14 80 16.05
14 81 17.28
14 82 18.30
14 83 19.21
14 84 20.02
14 85 20.76
14 86 21.44
14 87 22.06
14 88 22.62
14 89 23.10
14 90 23.48
14 91 23.63
14 92 23.75
14 93 15.45
14 94 16.72
14 95 17.83
14 96 18.85
14 97 19.79
14 98 20.67
14 99 21.50
14 100 22.29
14 101 23.03
14 102 23.72
14 103 24.34
14 104 24.83
14 105 25.33
14 106 14.54
14 107 15.72
14 108 16.83
14 109 17.89
14 110 18.89
14 111 19.87
14 112 20.81
14 113 21.72
14 114 22.60
14 115 23.47
14 116 24.30
14 117 25.11
14 118 25.98
14 119 13.39
14 120 14.36
14 121 15.37
14 122 16.38
14 123 17.39
14 124 18.39
14 125 19.39
14 126 20.38
14 127 21.37
14 128 22.36
14 129 23.38
14 130 24.47
14 131 25.68
14 132 12.14
14 133 12.76
14 134 13.54
14 135 14.42
14 136 15.34
14 137 16.31
14 138 17.30
14 139 18.32
14 140 19.36
14 141 20.45
14 142 21.60
14 143 22.93
14 144 24.43
14 145 10.97
14 146 11.09
14 147 11.52
14 148 12.14
14 149 12.89
14 150 13.73
14 151 14.64
14 152 15.63
14 153 16.67
14 154 17.79
14 155 19.03
14 156 20.55
14 157 22.29
14 158 10.08
14 159 9.63
14 160 9.56
14 161 9.78
14 162 10.21
14 163 10.82
14 164 11.56
14 165 12.43
14 166 13.41
14 167 14.51
14 168 15.78
14 169 17.42
14 170 19.32
14 171 9.72
14 172 8.74
14 173 8.10
14 174 7.76
14 175 7.69
14 176 7.88
14 177 8.29
14 178 8.92
14 179 9.73
14 180 10.72
14 181 11.95
14 182 13.65
14 183 15.65
14 184 9.99
14 185 8.73
14 186 7.68
14 187 6.80
14 188 6.10
14 189 5.61
14 190 5.40
14 191 5.49
14 192 5.91
14 193 6.65
14 194 7.73
14 195 9.39
14 196 11.40
14 197 10.80
14 198 9.62
14 199 8.52
14 200 7.47
14 201 6.45
14 202 5.47
14 203 4.54
14 204 3.70
14 205 3.07
14 206 2.89
14 207 3.39
14 208 4.81
14 209 6.73
14 210 14.24
15 1 2.10
15 2 1.25
15 3 2.33
15 4 3.44
15 5 4.49
15 6 5.50
15 7 6.48
15 8 7.43
15 9 8.37
15 10 9.31
15 11 10.26
15 12 11.24
15 13 12.34
15 14 13.64
15 15 0.00
15 16 1.27
15 17 2.38
15 18 3.41
15 19 4.39
15 20 5.34
15 21 6.27
15 22 7.19
15 23 8.10
15 24 9.03
15 25 10.00
15 26 11.09
15 27 12.40
15 28 1.25
15 29 1.39
15 30 2.10
15 31 2.93
15 32 3.78
15 33 4.62
15 34 5.47
15 35 6.31
15 36 7.16
15 37 8.02
15 38 8.92
15 39 9.93
15 40 11.19
15 41 2.46
15 42 2.51
15 43 2.87
15 44 3.38
15 45 3.99
15 46 4.64
15 47 5.33
15 48 6.03
15 49 6.75
15 50 7.49
15 51 8.26
15 52 9.11
15 53 10.23
15 54 3.57
15 55 3.76
15 56 4.07
15 57 4.45
15 58 4.90
15 59 5.39
15 60 5.91
15 61 6.46
15 62 7.03
15 63 7.62
15 64 8.22
15 65 8.85
15 66 9.75
15 67 4.56
15 68 4.93
15 69 5.31
15 70 5.70
15 71 6.11
15 72 6.54
15 73 6.98
15 74 7.43
15 75 7.89
15 76 8.36
15 77 8.81
15 78 9.23
15 79 9.88
15 80 5.37
15 81 5.94
15 82 6.44
15 83 6.90
15 84 7.35
15 85 7.79
15 86 8.23
15 87 8.65
15 88 9.07
15 89 9.48
15 90 9.85
15 91 10.13
15 92 10.60
15 93 5.99
15 94 6.75
15 95 7.37
15 96 7.94
15 97 8.46
15 98 8.96
15 99 9.43
15 100 9.89
15 101 10.32
15 102 10.73
15 103 11.08
15 104 11.32
15 105 11.70
15 106 6.39
15 107 7.31
15 108 8.07
15 109 8.74
15 110 9.35
15 111 9.93
15 112 10.47
15 113 10.98
15 114 11.47
15 115 11.91
15 116 12.31
15 117 12.56
15 118 12.94
15 119 6.56
15 120 7.62
15 121 8.49
15 122 9.26
15 123 9.97
15 124 10.63
15 125 11.25
15 126 11.84
15 127 12.39
15 128 12.90
15 129 13.36
15 130 13.70
15 131 14.14
15 132 6.48
15 133 7.65
15 134 8.62
15 135 9.48
15 136 10.28
15 137 11.02
15 138 11.72
15 139 12.38
15 140 13.01
15 141 13.61
15 142 14.15
15 143 14.60
15 144 15.15
15 145 6.16
15 146 7.40
15 147 8.45
15 148 9.39
15 149 10.26
15 150 11.07
15 151 11.84
15 152 12.58
15 153 13.29
15 154 13.97
15 155 14.61
15 156 15.18
15 157 15.87
15 158 5.62
15 159 6.89
15 160 7.99
15 161 8.98
15 162 9.91
15 163 10.79
15 164 11.62
15 165 12.43
15 166 13.21
15 167 13.97
15 168 14.70
15 169 15.41
15 170 16.24
15 171 4.87
15 172 6.13
15 173 7.25
15 174 8.29
15 175 9.26
15 176 10.18
15 177 11.07
15 178 11.93
15 179 12.77
15 180 13.60
15 181 14.42
15 182 15.25
15 183 16.22
15 184 3.95
15 185 5.17
15 186 6.29
15 187 7.34
15 188 8.33
15 189 9.29
15 190 10.21
15 191 11.12
15 192 12.01
15 193 12.90
15 194 13.79
15 195 14.73
15 196 15.83
15 197 2.88
15 198 4.03
15 199 5.14
15 200 6.19
15 201 7.20
15 202 8.17
15 203 9.12
15 204 10.05
15 205 10.98
15 206 11.91
15 207 12.85
15 208 13.88
15 209 15.09
15 210 8.72
16 1 1.16
16 2 1.39
16 3 1.67
16 4 2.61
16 5 3.63
16 6 4.64
16 7 5.64
16 8 6.63
16 9 7.62
16 10 8.61
16 11 9.62
16 12 10.68
16 13 11.90
16 14 13.34
16 15 1.27
16 16 0.00
16 17 1.12
16 18 2.17
16 19 3.17
16 20 4.15
16 21 5.11
16 22 6.06
16 23 7.02
16 24 8.00
16 25 9.03
16 26 10.23
16 27 11.67
16 28 2.33
16 29 1.67
16 30 1.58
16 31 2.00
16 32 2.67
16 33 3.43
16 34 4.22
16 35 5.05
16 36 5.89
16 37 6.76
16 38 7.69
16 39 8.76
16 40 10.10
16 41 3.58
16 42 3.29
16 43 3.21
16 44 3.33
16 45 3.62
16 46 4.03
16 47 4.53
16 48 5.09
16 49 5.70
16 50 6.35
16 51 7.06
16 52 7.86
16 53 8.96
16 54 4.77
16 55 4.78
16 56 4.86
16 57 5.00
16 58 5.21
16 59 5.48
16 60 5.80
16 61 6.16
16 62 6.56
16 63 6.98
16 64 7.42
16 65 7.87
16 66 8.62
16 67 5.80
16 68 6.09
16 69 6.35
16 70 6.61
16 71 6.88
16 72 7.16
16 73 7.45
16 74 7.74
16 75 8.04
16 76 8.34
16 77 8.62
16 78 8.80
16 79 9.22
16 80 6.64
16 81 7.19
16 82 7.63
16 83 8.03
16 84 8.40
16 85 8.75
16 86 9.09
16 87 9.41
16 88 9.72
16 89 10.00
16 90 10.22
16 91 10.29
16 92 10.52
16 93 7.24
16 94 8.01
16 95 8.64
16 96 9.18
16 97 9.67
16 98 10.12
16 99 10.55
16 100 10.94
16 101 11.31
16 102 11.63
16 103 11.88
16 104 11.96
16 105 12.15
16 106 7.59
16 107 8.55
16 108 9.33
16 109 10.01
16 110 10.62
16 111 11.19
16 112 11.71
16 113 12.20
16 114 12.65
16 115 13.06
16 116 13.39
16 117 13.55
16 118 13.80
16 119 7.66
16 120 8.77
16 121 9.68
16 122 10.48
16 123 11.21
16 124 11.88
16 125 12.51
16 126 13.10
16 127 13.65
16 128 14.16
16 129 14.60
16 130 14.89
16 131 15.27
16 132 7.45
16 133 8.66
16 134 9.68
16 135 10.59
16 136 11.41
16 137 12.19
16 138 12.91
16 139 13.60
16 140 14.25
16 141 14.86
16 142 15.42
16 143 15.87
16 144 16.40
16 145 6.98
16 146 8.24
16 147 9.33
16 148 10.31
16 149 11.22
16 150 12.07
16 151 12.89
16 152 13.66
16 153 14.41
16 154 15.12
16 155 15.80
16 156 16.41
16 157 17.13
16 158 6.26
16 159 7.52
16 160 8.64
16 161 9.67
16 162 10.64
16 163 11.56
16 164 12.44
16 165 13.29
16 166 14.12
16 167 14.92
16 168 15.71
16 169 16.49
16 170 17.39
16 171 5.32
16 172 6.52
16 173 7.64
16 174 8.69
16 175 9.69
16 176 10.65
16 177 11.59
16 178 12.50
16 179 13.40
16 180 14.28
16 181 15.17
16 182 16.09
16 183 17.16
16 184 4.20
16 185 5.28
16 186 6.36
16 187 7.41
16 188 8.43
16 189 9.42
16 190 10.38
16 191 11.34
16 192 12.28
16 193 13.23
16 194 14.20
16 195 15.25
16 196 16.48
16 197 2.97
16 198 3.85
16 199 4.87
16 200 5.90
16 201 6.91
16 202 7.91
16 203 8.90
16 204 9.88
16 205 10.85
16 206 11.85
16 207 12.87
16 208 14.02
16 209 15.37
16 210 9.84
17 1 1.33
17 2 2.10
17 3 1.58
17 4 2.04
17 5 2.91
17 6 3.88
17 7 4.88
17 8 5.88
17 9 6.89
17 10 7.91
17 11 8.97
17 12 10.09
17 13 11.41
17 14 12.97
17 15 2.38
17 16 1.12
17 17 0.00
17 18 1.05
17 19 2.07
17 20 3.06
17 21 4.03
17 22 5.01
17 23 6.00
17 24 7.02
17 25 8.10
17 26 9.39
17 27 10.93
17 28 3.44
17 29 2.61
17 30 2.04
17 31 1.83
17 32 2.05
17 33 2.56
17 34 3.23
17 35 3.98
17 36 4.79
17 37 5.64
17 38 6.57
17 39 7.66
17 40 9.06
17 41 4.69
17 42 4.28
17 43 4.00
17 44 3.86
17 45 3.85
17 46 3.98
17 47 4.24
17 48 4.59
17 49 5.03
17 50 5.54
17 51 6.12
17 52 6.81
17 53 7.85
17 54 5.89
17 55 5.84
17 56 5.82
17 57 5.83
17 58 5.89
17 59 5.99
17 60 6.14
17 61 6.32
17 62 6.54
17 63 6.78
17 64 7.04
17 65 7.26
17 66 7.80
17 67 6.93
17 68 7.20
17 69 7.42
17 70 7.61
17 71 7.80
17 72 7.98
17 73 8.17
17 74 8.35
17 75 8.53
17 76 8.69
17 77 8.81
17 78 8.78
17 79 8.95
17 80 7.75
17 81 8.31
17 82 8.75
17 83 9.12
17 84 9.46
17 85 9.76
17 86 10.05
17 87 10.31
17 88 10.54
17 89 10.73
17 90 10.84
17 91 10.76
17 92 10.78
17 93 8.31
17 94 9.12
17 95 9.76
17 96 10.30
17 97 10.79
17 98 11.23
17 99 11.63
17 100 12.00
17 101 12.32
17 102 12.60
17 103 12.79
17 104 12.77
17 105 12.82
17 106 8.59
17 107 9.59
17 108 10.41
17 109 11.11
17 110 11.73
17 111 12.31
17 112 12.83
17 113 13.32
17 114 13.76
17 115 14.15
17 116 14.46
17 117 14.57
17 118 14.74
17 119 8.57
17 120 9.72
17 121 10.67
17 122 11.51
17 123 12.26
17 124 12.96
17 125 13.60
17 126 14.21
17 127 14.77
17 128 15.28
17 129 15.72
17 130 16.00
17 131 16.35
17 132 8.26
17 133 9.50
17 134 10.55
17 135 11.49
17 136 12.35
17 137 13.15
17 138 13.90
17 139 14.62
17 140 15.29
17 141 15.93
17 142 16.51
17 143 16.98
17 144 17.53
17 145 7.66
17 146 8.93
17 147 10.04
17 148 11.05
17 149 11.98
17 150 12.87
17 151 13.72
17 152 14.53
17 153 15.31
17 154 16.06
17 155 16.77
17 156 17.43
17 157 18.20
17 158 6.80
17 159 8.03
17 160 9.15
17 161 10.20
17 162 11.19
17 163 12.14
17 164 13.06
17 165 13.95
17 166 14.81
17 167 15.67
17 168 16.51
17 169 17.35
17 170 18.32
17 171 5.74
17 172 6.85
17 173 7.94
17 174 8.99
17 175 10.00
17 176 10.99
17 177 11.95
17 178 12.90
17 179 13.84
17 180 14.77
17 181 15.72
17 182 16.72
17 183 17.88
17 184 4.53
17 185 5.42
17 186 6.43
17 187 7.45
17 188 8.46
17 189 9.46
17 190 10.45
17 191 11.44
17 192 12.42
17 193 13.42
17 194 14.45
17 195 15.60
17 196 16.92
17 197 3.28
17 198 3.82
17 199 4.68
17 200 5.64
17 201 6.63
17 202 7.63
17 203 8.64
17 204 9.64
17 205 10.65
17 206 11.69
17 207 12.78
17 208 14.04
17 209 15.49
17 210 10.75
18 1 2.19
18 2 2.93
18 3 2.00
18 4 1.83
18 5 2.37
18 6 3.22
18 7 4.17
18 8 5.16
18 9 6.18
18 10 7.23
18 11 8.31
18 12 9.49
18 13 10.89
18 14 12.55
18 15 3.41
18 16 2.17
18 17 1.05
18 18 0.00
18 19 1.02
18 20 2.02
18 21 3.01
18 22 4.00
18 23 5.01
18 24 6.06
18 25 7.19
18 26 8.55
18 27 10.18
18 28 4.49
18 29 3.63
18 30 2.91
18 31 2.37
18 32 2.09
18 33 2.16
18 34 2.53
18 35 3.12
18 36 3.82
18 37 4.62
18 38 5.52
18 39 6.61
18 40 8.05
18 41 5.74
18 42 5.30
18 43 4.94
18 44 4.65
18 45 4.46
18 46 4.36
18 47 4.38
18 48 4.50
18 49 4.72
18 50 5.03
18 51 5.43
18 52 5.93
18 53 6.85
18 54 6.94
18 55 6.88
18 56 6.82
18 57 6.76
18 58 6.73
18 59 6.72
18 60 6.74
18 61 6.78
18 62 6.85
18 63 6.92
18 64 6.99
18 65 6.96
18 66 7.24
18 67 7.97
18 68 8.26
18 69 8.46
18 70 8.63
18 71 8.77
18 72 8.90
18 73 9.02
18 74 9.13
18 75 9.22
18 76 9.27
18 77 9.26
18 78 9.04
18 79 8.97
18 80 8.76
18 81 9.35
18 82 9.80
18 83 10.17
18 84 10.50
18 85 10.78
18 86 11.04
18 87 11.26
18 88 11.44
18 89 11.57
18 90 11.61
18 91 11.41
18 92 11.27
18 93 9.27
18 94 10.12
18 95 10.78
18 96 11.35
18 97 11.84
18 98 12.28
18 99 12.68
18 100 13.03
18 101 13.34
18 102 13.59
18 103 13.75
18 104 13.66
18 105 13.61
18 106 9.48
18 107 10.53
18 108 11.37
18 109 12.10
18 110 12.75
18 111 13.34
18 112 13.88
18 113 14.37
18 114 14.82
18 115 15.20
18 116 15.50
18 117 15.59
18 118 15.71
18 119 9.38
18 120 10.56
18 121 11.55
18 122 12.41
18 123 13.19
18 124 13.91
18 125 14.58
18 126 15.21
18 127 15.79
18 128 16.31
18 129 16.77
18 130 17.06
18 131 17.40
18 132 8.96
18 133 10.22
18 134 11.30
18 135 12.27
18 136 13.16
18 137 13.99
18 138 14.77
18 139 15.51
18 140 16.22
18 141 16.88
18 142 17.49
18 143 17.99
18 144 18.56
18 145 8.26
18 146 9.52
18 147 10.64
18 148 11.67
18 149 12.64
18 150 13.55
18 151 14.43
18 152 15.27
18 153 16.08
18 154 16.87
18 155 17.62
18 156 18.33
18 157 19.15
18 158 7.30
18 159 8.48
18 160 9.59
18 161 10.65
18 162 11.65
18 163 12.63
18 164 13.57
18 165 14.49
18 166 15.39
18 167 16.28
18 168 17.17
18 169 18.08
18 170 19.12
18 171 6.15
18 172 7.15
18 173 8.20
18 174 9.23
18 175 10.25
18 176 11.24
18 177 12.23
18 178 13.20
18 179 14.17
18 180 15.15
18 181 16.15
18 182 17.23
18 183 18.47
18 184 4.90
18 185 5.60
18 186 6.50
18 187 7.47
18 188 8.47
18 189 9.46
18 190 10.47
18 191 11.47
18 192 12.49
18 193 13.52
18 194 14.61
18 195 15.83
18 196 17.25
18 197 3.73
18 198 3.93
18 199 4.59
18 200 5.44
18 201 6.38
18 202 7.36
18 203 8.36
18 204 9.37
18 205 10.41
18 206 11.49
18 207 12.63
18 208 13.97
18 209 15.52
18 210 11.54
19 1 3.18
19 2 3.78
19 3 2.67
19 4 2.05
19 5 2.09
19 6 2.68
19 7 3.53
19 8 4.48
19 9 5.48
19 10 6.54
19 11 7.65
19 12 8.86
19 13 10.35
19 14 12.08
19 15 4.39
19 16 3.17
19 17 2.07
19 18 1.02
19 19 0.00
19 20 1.00
19 21 2.00
19 22 3.01
19 23 4.03
19 24 5.11
19 25 6.27
19 26 7.69
19 27 9.40
19 28 5.50
19 29 4.64
19 30 3.88
19 31 3.22
19 32 2.68
19 33 2.35
19 34 2.29
19 35 2.54
19 36 3.04
19 37 3.71
19 38 4.53
19 39 5.60
19 40 7.05
19 41 6.75
19 42 6.32
19 43 5.92
19 44 5.57
19 45 5.27
19 46 5.03
19 47 4.86
19 48 4.77
19 49 4.77
19 50 4.84
19 51 5.00
19 52 5.24
19 53 5.97
19 54 7.94
19 55 7.90
19 56 7.83
19 57 7.74
19 58 7.66
19 59 7.58
19 60 7.51
19 61 7.45
19 62 7.40
19 63 7.33
19 64 7.22
19 65 6.95
19 66 6.94
19 67 8.95
19 68 9.27
19 69 9.48
19 70 9.64
19 71 9.76
19 72 9.87
19 73 9.94
19 74 10.00
19 75 10.03
19 76 10.01
19 77 9.89
19 78 9.52
19 79 9.25
19 80 9.70
19 81 10.33
19 82 10.80
19 83 11.19
19 84 11.51
19 85 11.79
19 86 12.04
19 87 12.24
19 88 12.39
19 89 12.49
19 90 12.47
19 91 12.18
19 92 11.92
19 93 10.17
19 94 11.05
19 95 11.75
19 96 12.33
19 97 12.84
19 98 13.29
19 99 13.70
19 100 14.05
19 101 14.36
19 102 14.59
19 103 14.73
19 104 14.60
19 105 14.49
19 106 10.31
19 107 11.39
19 108 12.27
19 109 13.02
19 110 13.70
19 111 14.31
19 112 14.86
19 113 15.37
19 114 15.82
19 115 16.22
19 116 16.52
19 117 16.60
19 118 16.70
19 119 10.12
19 120 11.33
19 121 12.34
19 122 13.24
19 123 14.05
19 124 14.79
19 125 15.49
19 126 16.14
19 127 16.74
19 128 17.28
19 129 17.76
19 130 18.06
19 131 18.42
19 132 9.61
19 133 10.88
19 134 11.98
19 135 12.97
19 136 13.88
19 137 14.74
19 138 15.55
19 139 16.32
19 140 17.05
19 141 17.74
19 142 18.39
19 143 18.93
19 144 19.54
19 145 8.82
19 146 10.05
19 147 11.18
19 148 12.22
19 149 13.21
19 150 14.15
19 151 15.05
19 152 15.92
19 153 16.76
19 154 17.58
19 155 18.38
19 156 19.15
19 157 20.01
19 158 7.78
19 159 8.89
19 160 9.98
19 161 11.03
19 162 12.05
19 163 13.04
19 164 14.00
19 165 14.95
19 166 15.88
19 167 16.81
19 168 17.74
19 169 18.71
19 170 19.82
19 171 6.57
19 172 7.45
19 173 8.43
19 174 9.44
19 175 10.45
19 176 11.45
19 177 12.44
19 178 13.44
19 179 14.43
19 180 15.44
19 181 16.49
19 182 17.64
19 183 18.96
19 184 5.32
19 185 5.83
19 186 6.60
19 187 7.50
19 188 8.46
19 189 9.44
19 190 10.44
19 191 11.46
19 192 12.49
19 193 13.56
19 194 14.69
19 195 15.99
19 196 17.49
19 197 4.26
19 198 4.17
19 199 4.60
19 200 5.31
19 201 6.16
19 202 7.10
19 203 8.08
19 204 9.09
19 205 10.14
19 206 11.24
19 207 12.43
19 208 13.84
19 209 15.48
19 210 12.26
20 1 4.17
20 2 4.62
20 3 3.43
20 4 2.56
20 5 2.16
20 6 2.35
20 7 2.98
20 8 3.84
20 9 4.81
20 10 5.86
20 11 6.98
20 12 8.22
20 13 9.77
20 14 11.58
20 15 5.34
20 16 4.15
20 17 3.06
20 18 2.02
20 19 1.00
20 20 0.00
20 21 1.00
20 22 2.02
20 23 3.06
20 24 4.15
20 25 5.34
20 26 6.83
20 27 8.60
20 28 6.48
20 29 5.64
20 30 4.88
20 31 4.17
20 32 3.53
20 33 2.98
20 34 2.59
20 35 2.43
20 36 2.56
20 37 2.98
20 38 3.64
20 39 4.61
20 40 6.05
20 41 7.73
20 42 7.32
20 43 6.92
20 44 6.53
20 45 6.18
20 46 5.85
20 47 5.57
20 48 5.32
20 49 5.13
20 50 4.99
20 51 4.89
20 52 4.81
20 53 5.24
20 54 8.90
20 55 8.90
20 56 8.83
20 57 8.73
20 58 8.62
20 59 8.51
20 60 8.39
20 61 8.26
20 62 8.11
20 63 7.94
20 64 7.69
20 65 7.20
20 66 6.91
20 67 9.89
20 68 10.24
20 69 10.47
20 70 10.64
20 71 10.76
20 72 10.85
20 73 10.91
20 74 10.93
20 75 10.92
20 76 10.84
20 77 10.66
20 78 10.17
20 79 9.73
20 80 10.60
20 81 11.27
20 82 11.77
20 83 12.17
20 84 12.51
20 85 12.80
20 86 13.04
20 87 13.23
20 88 13.37
20 89 13.44
20 90 13.40
20 91 13.05
20 92 12.70
20 93 11.01
20 94 11.93
20 95 12.66
20 96 13.27
20 97 13.80
20 98 14.27
20 99 14.69
20 100 15.05
20 101 15.36
20 102 15.59
20 103 15.72
20 104 15.57
20 105 15.42
20 106 11.08
20 107 12.19
20 108 13.10
20 109 13.89
20 110 14.59
20 111 15.22
20 112 15.80
20 113 16.32
20 114 16.80
20 115 17.20
20 116 17.51
20 117 17.60
20 118 17.70
20 119 10.81
20 120 12.04
20 121 13.08
20 122 14.00
20 123 14.84
20 124 15.61
20 125 16.33
20 126 17.00
20 127 17.63
20 128 18.20
20 129 18.70
20 130 19.03
20 131 19.41
20 132 10.22
20 133 11.48
20 134 12.60
20 135 13.61
20 136 14.55
20 137 15.43
20 138 16.27
20 139 17.06
20 140 17.82
20 141 18.55
20 142 19.22
20 143 19.80
20 144 20.46
20 145 9.34
20 146 10.55
20 147 11.67
20 148 12.72
20 149 13.72
20 150 14.68
20 151 15.60
20 152 16.50
20 153 17.37
20 154 18.23
20 155 19.06
20 156 19.88
20 157 20.81
20 158 8.23
20 159 9.28
20 160 10.34
20 161 11.38
20 162 12.39
20 163 13.39
20 164 14.37
20 165 15.34
20 166 16.30
20 167 17.26
20 168 18.23
20 169 19.27
20 170 20.45
20 171 7.00
20 172 7.75
20 173 8.66
20 174 9.63
20 175 10.61
20 176 11.61
20 177 12.61
20 178 13.62
20 179 14.64
20 180 15.68
20 181 16.76
20 182 17.98
20 183 19.38
20 184 5.78
20 185 6.09
20 186 6.73
20 187 7.54
20 188 8.45
20 189 9.40
20 190 10.39
20 191 11.41
20 192 12.46
20 193 13.55
20 194 14.71
20 195 16.09
20 196 17.66
20 197 4.85
20 198 4.50
20 199 4.69
20 200 5.23
20 201 5.98
20 202 6.85
20 203 7.79
20 204 8.80
20 205 9.85
20 206 10.96
20 207 12.18
20 208 13.66
20 209 15.38
20 210 12.92
21 1 5.17
21 2 5.47
21 3 4.22
21 4 3.23
21 5 2.53
21 6 2.29
21 7 2.59
21 8 3.27
21 9 4.16
21 10 5.17
21 11 6.29
21 12 7.56
21 13 9.16
21 14 11.03
21 15 6.27
21 16 5.11
21 17 4.03
21 18 3.01
21 19 2.00
21 20 1.00
21 21 0.00
21 22 1.02
21 23 2.07
21 24 3.17
21 25 4.39
21 26 5.93
21 27 7.77
21 28 7.43
21 29 6.63
21 30 5.88
21 31 5.16
21 32 4.48
21 33 3.84
21 34 3.27
21 35 2.81
21 36 2.55
21 37 2.56
21 38 2.90
21 39 3.67
21 40 5.05
21 41 8.68
21 42 8.31
21 43 7.92
21 44 7.53
21 45 7.15
21 46 6.77
21 47 6.42
21 48 6.08
21 49 5.75
21 50 5.43
21 51 5.11
21 52 4.67
21 53 4.72
21 54 9.84
21 55 9.87
21 56 9.82
21 57 9.73
21 58 9.62
21 59 9.48
21 60 9.33
21 61 9.16
21 62 8.95
21 63 8.70
21 64 8.35
21 65 7.69
21 66 7.15
21 67 10.79
21 68 11.19
21 69 11.45
21 70 11.63
21 71 11.76
21 72 11.85
21 73 11.90
21 74 11.91
21 75 11.87
21 76 11.76
21 77 11.52
21 78 10.95
21 79 10.38
21 80 11.46
21 81 12.17
21 82 12.71
21 83 13.13
21 84 13.49
21 85 13.79
21 86 14.03
21 87 14.23
21 88 14.37
21 89 14.43
21 90 14.37
21 91 13.98
21 92 13.56
21 93 11.80
21 94 12.77
21 95 13.53
21 96 14.17
21 97 14.73
21 98 15.22
21 99 15.65
21 100 16.03
21 101 16.35
21 102 16.59
21 103 16.72
21 104 16.57
21 105 16.39
21 106 11.80
21 107 12.95
21 108 13.89
21 109 14.71
21 110 15.43
21 111 16.09
21 112 16.69
21 113 17.24
21 114 17.73
21 115 18.16
21 116 18.49
21 117 18.59
21 118 18.70
21 119 11.46
21 120 12.71
21 121 13.77
21 122 14.71
21 123 15.58
21 124 16.38
21 125 17.12
21 126 17.82
21 127 18.47
21 128 19.07
21 129 19.60
21 130 19.97
21 131 20.37
21 132 10.79
21 133 12.05
21 134 13.17
21 135 14.19
21 136 15.15
21 137 16.06
21 138 16.92
21 139 17.75
21 140 18.54
21 141 19.29
21 142 20.00
21 143 20.63
21 144 21.33
21 145 9.84
21 146 11.01
21 147 12.12
21 148 13.17
21 149 14.18
21 150 15.15
21 151 16.10
21 152 17.02
21 153 17.92
21 154 18.81
21 155 19.68
21 156 20.56
21 157 21.55
21 158 8.68
21 159 9.65
21 160 10.66
21 161 11.68
21 162 12.69
21 163 13.69
21 164 14.69
21 165 15.67
21 166 16.66
21 167 17.65
21 168 18.66
21 169 19.76
21 170 21.00
21 171 7.43
21 172 8.05
21 173 8.88
21 174 9.79
21 175 10.75
21 176 11.73
21 177 12.73
21 178 13.75
21 179 14.78
21 180 15.85
21 181 16.97
21 182 18.26
21 183 19.73
21 184 6.26
21 185 6.38
21 186 6.88
21 187 7.59
21 188 8.43
21 189 9.34
21 190 10.31
21 191 11.32
21 192 12.38
21 193 13.48
21 194 14.68
21 195 16.12
21 196 17.77
21 197 5.46
21 198 4.91
21 199 4.88
21 200 5.23
21 201 5.84
21 202 6.62
21 203 7.51
21 204 8.48
21 205 9.53
21 206 10.65
21 207 11.90
21 208 13.44
21 209 15.22
21 210 13.53
22 1 6.18
22 2 6.31
22 3 5.05
22 4 3.98
22 5 3.12
22 6 2.54
22 7 2.43
22 8 2.81
22 9 3.55
22 10 4.50
22 11 5.59
22 12 6.86
22 13 8.51
22 14 10.44
22 15 7.19
22 16 6.06
22 17 5.01
22 18 4.00
22 19 3.01
22 20 2.02
22 21 1.02
22 22 0.00
22 23 1.05
22 24 2.17
22 25 3.41
22 26 5.00
22 27 6.90
22 28 8.37
22 29 7.62
22 30 6.89
22 31 6.18
22 32 5.48
22 33 4.81
22 34 4.16
22 35 3.55
22 36 3.02
22 37 2.62
22 38 2.49
22 39 2.82
22 40 4.06
22 41 9.62
22 42 9.29
22 43 8.93
22 44 8.54
22 45 8.16
22 46 7.77
22 47 7.37
22 48 6.97
22 49 6.56
22 50 6.12
22 51 5.61
22 52 4.88
22 53 4.49
22 54 10.76
22 55 10.84
22 56 10.82
22 57 10.74
22 58 10.64
22 59 10.50
22 60 10.33
22 61 10.13
22 62 9.89
22 63 9.59
22 64 9.16
22 65 8.38
22 66 7.62
22 67 11.67
22 68 12.12
22 69 12.41
22 70 12.62
22 71 12.77
22 72 12.87
22 73 12.92
22 74 12.93
22 75 12.88
22 76 12.74
22 77 12.48
22 78 11.85
22 79 11.17
22 80 12.29
22 81 13.05
22 82 13.62
22 83 14.08
22 84 14.46
22 85 14.77
22 86 15.04
22 87 15.24
22 88 15.39
22 89 15.45
22 90 15.38
22 91 14.97
22 92 14.51
22 93 12.57
22 94 13.58
22 95 14.37
22 96 15.05
22 97 15.63
22 98 16.15
22 99 16.60
22 100 17.00
22 101 17.34
22 102 17.59
22 103 17.73
22 104 17.58
22 105 17.41
22 106 12.49
22 107 13.67
22 108 14.64
22 109 15.49
22 110 16.24
22 111 16.93
22 112 17.56
22 113 18.13
22 114 18.65
22 115 19.10
22 116 19.45
22 117 19.58
22 118 19.71
22 119 12.07
22 120 13.33
22 121 14.41
22 122 15.38
22 123 16.27
22 124 17.10
22 125 17.87
22 126 18.60
22 127 19.28
22 128 19.90
22 129 20.46
22 130 20.87
22 131 21.32
22 132 11.33
22 133 12.57
22 134 13.70
22 135 14.74
22 136 15.71
22 137 16.64
22 138 17.53
22 139 18.38
22 140 19.20
22 141 19.98
22 142 20.73
22 143 21.41
22 144 22.17
22 145 10.31
22 146 11.44
22 147 12.53
22 148 13.58
22 149 14.59
22 150 15.58
22 151 16.54
22 152 17.49
22 153 18.41
22 154 19.33
22 155 20.25
22 156 21.18
22 157 22.23
22 158 9.11
22 159 9.99
22 160 10.96
22 161 11.95
22 162 12.95
22 163 13.95
22 164 14.95
22 165 15.95
22 166 16.95
22 167 17.97
22 168 19.03
22 169 20.19
22 170 21.50
22 171 7.86
22 172 8.35
22 173 9.08
22 174 9.94
22 175 10.86
22 176 11.82
22 177 12.81
22 178 13.83
22 179 14.87
22 180 15.96
22 181 17.12
22 182 18.47
22 183 20.00
22 184 6.77
22 185 6.71
22 186 7.05
22 187 7.65
22 188 8.41
22 189 9.27
22 190 10.20
22 191 11.20
22 192 12.25
22 193 13.37
22 194 14.60
22 195 16.09
22 196 17.80
22 197 6.11
22 198 5.39
22 199 5.14
22 200 5.29
22 201 5.74
22 202 6.41
22 203 7.23
22 204 8.16
22 205 9.18
22 206 10.30
22 207 11.56
22 208 13.15
22 209 14.99
22 210 14.10
23 1 7.20
23 2 7.16
23 3 5.89
23 4 4.79
23 5 3.82
23 6 3.04
23 7 2.56
23 8 2.55
23 9 3.02
23 10 3.83
23 11 4.86
23 12 6.12
23 13 7.81
23 14 9.78
23 15 8.10
23 16 7.02
23 17 6.00
23 18 5.01
23 19 4.03
23 20 3.06
23 21 2.07
23 22 1.05
23 23 0.00
23 24 1.12
23 25 2.38
23 26 4.02
23 27 5.96
23 28 9.31
23 29 8.61
23 30 7.91
23 31 7.22
23 32 6.54
23 33 5.85
23 34 5.17
23 35 4.50
23 36 3.83
23 37 3.18
23 38 2.60
23 39 2.25
23 40 3.09
23 41 10.55
23 42 10.28
23 43 9.95
23 44 9.59
23 45 9.21
23 46 8.82
23 47 8.41
23 48 7.97
23 49 7.51
23 50 6.99
23 51 6.37
23 52 5.41
23 53 4.63
23 54 11.66
23 55 11.80
23 56 11.82
23 57 11.77
23 58 11.68
23 59 11.55
23 60 11.38
23 61 11.18
23 62 10.92
23 63 10.58
23 64 10.10
23 65 9.24
23 66 8.33
23 67 12.53
23 68 13.03
23 69 13.37
23 70 13.61
23 71 13.78
23 72 13.90
23 73 13.97
23 74 13.98
23 75 13.93
23 76 13.79
23 77 13.51
23 78 12.84
23 79 12.11
23 80 13.09
23 81 13.90
23 82 14.51
23 83 15.01
23 84 15.42
23 85 15.76
23 86 16.04
23 87 16.27
23 88 16.43
23 89 16.50
23 90 16.43
23 91 16.02
23 92 15.54
23 93 13.30
23 94 14.35
23 95 15.19
23 96 15.89
23 97 16.51
23 98 17.05
23 99 17.54
23 100 17.96
23 101 18.32
23 102 18.60
23 103 18.76
23 104 18.63
23 105 18.46
23 106 13.15
23 107 14.36
23 108 15.36
23 109 16.23
23 110 17.02
23 111 17.73
23 112 18.39
23 113 18.99
23 114 19.54
23 115 20.02
23 116 20.40
23 117 20.56
23 118 20.72
23 119 12.65
23 120 13.92
23 121 15.02
23 122 16.01
23 123 16.92
23 124 17.77
23 125 18.57
23 126 19.33
23 127 20.04
23 128 20.70
23 129 21.29
23 130 21.75
23 131 22.25
23 132 11.83
23 133 13.06
23 134 14.18
23 135 15.23
23 136 16.22
23 137 17.17
23 138 18.08
23 139 18.96
23 140 19.80
23 141 20.62
23 142 21.41
23 143 22.15
23 144 22.97
23 145 10.76
23 146 11.83
23 147 12.89
23 148 13.93
23 149 14.95
23 150 15.95
23 151 16.92
23 152 17.89
23 153 18.84
23 154 19.79
23 155 20.75
23 156 21.74
23 157 22.86
23 158 9.53
23 159 10.31
23 160 11.22
23 161 12.18
23 162 13.16
23 163 14.15
23 164 15.15
23 165 16.16
23 166 17.19
23 167 18.23
23 168 19.32
23 169 20.54
23 170 21.93
23 171 8.30
23 172 8.65
23 173 9.28
23 174 10.06
23 175 10.93
23 176 11.86
23 177 12.84
23 178 13.85
23 179 14.90
23 180 16.00
23 181 17.19
23 182 18.60
23 183 20.20
23 184 7.29
23 185 7.05
23 186 7.24
23 187 7.71
23 188 8.37
23 189 9.17
23 190 10.06
23 191 11.03
23 192 12.07
23 193 13.19
23 194 14.44
23 195 15.98
23 196 17.76
23 197 6.77
23 198 5.91
23 199 5.48
23 200 5.42
23 201 5.69
23 202 6.22
23 203 6.94
23 204 7.80
23 205 8.79
23 206 9.90
23 207 11.16
23 208 12.80
23 209 14.70
23 210 14.62
24 1 8.25
24 2 8.02
24 3 6.76
24 4 5.64
24 5 4.62
24 6 3.71
24 7 2.98
24 8 2.56
24 9 2.62
24 10 3.18
24 11 4.10
24 12 5.31
24 13 7.01
24 14 9.01
24 15 9.03
24 16 8.00
24 17 7.02
24 18 6.06
24 19 5.11
24 20 4.15
24 21 3.17
24 22 2.17
24 23 1.12
24 24 0.00
24 25 1.27
24 26 2.94
24 27 4.92
24 28 10.26
24 29 9.62
24 30 8.97
24 31 8.31
24 32 7.65
24 33 6.98
24 34 6.29
24 35 5.59
24 36 4.86
24 37 4.10
24 38 3.26
24 39 2.26
24 40 2.27
24 41 11.49
24 42 11.28
24 43 10.99
24 44 10.67
24 45 10.32
24 46 9.94
24 47 9.53
24 48 9.09
24 49 8.60
24 50 8.04
24 51 7.34
24 52 6.25
24 53 5.17
24 54 12.57
24 55 12.76
24 56 12.83
24 57 12.82
24 58 12.76
24 59 12.65
24 60 12.50
24 61 12.30
24 62 12.04
24 63 11.69
24 64 11.19
24 65 10.27
24 66 9.26
24 67 13.38
24 68 13.94
24 69 14.33
24 70 14.61
24 71 14.82
24 72 14.96
24 73 15.05
24 74 15.08
24 75 15.04
24 76 14.91
24 77 14.63
24 78 13.95
24 79 13.18
24 80 13.88
24 81 14.74
24 82 15.40
24 83 15.93
24 84 16.38
24 85 16.75
24 86 17.06
24 87 17.31
24 88 17.50
24 89 17.59
24 90 17.54
24 91 17.14
24 92 16.67
24 93 14.01
24 94 15.10
24 95 15.98
24 96 16.72
24 97 17.37
24 98 17.95
24 99 18.46
24 100 18.92
24 101 19.31
24 102 19.61
24 103 19.80
24 104 19.71
24 105 19.56
24 106 13.78
24 107 15.01
24 108 16.04
24 109 16.94
24 110 17.76
24 111 18.51
24 112 19.19
24 113 19.83
24 114 20.41
24 115 20.92
24 116 21.34
24 117 21.55
24 118 21.76
24 119 13.19
24 120 14.46
24 121 15.57
24 122 16.58
24 123 17.52
24 124 18.40
24 125 19.23
24 126 20.02
24 127 20.76
24 128 21.46
24 129 22.09
24 130 22.61
24 131 23.16
24 132 12.30
24 133 13.50
24 134 14.61
24 135 15.67
24 136 16.67
24 137 17.64
24 138 18.57
24 139 19.47
24 140 20.35
24 141 21.21
24 142 22.04
24 143 22.84
24 144 23.73
24 145 11.17
24 146 12.18
24 147 13.21
24 148 14.23
24 149 15.24
24 150 16.25
24 151 17.24
24 152 18.22
24 153 19.19
24 154 20.17
24 155 21.17
24 156 22.23
24 157 23.42
24 158 9.93
24 159 10.60
24 160 11.44
24 161 12.35
24 162 13.30
24 163 14.28
24 164 15.28
24 165 16.30
24 166 17.33
24 167 18.40
24 168 19.53
24 169 20.82
24 170 22.27
24 171 8.73
24 172 8.93
24 173 9.44
24 174 10.13
24 175 10.94
24 176 11.83
24 177 12.78
24 178 13.79
24 179 14.84
24 180 15.96
24 181 17.17
24 182 18.64
24 183 20.31
24 184 7.82
24 185 7.42
24 186 7.44
24 187 7.76
24 188 8.31
24 189 9.02
24 190 9.85
24 191 10.78
24 192 11.80
24 193 12.92
24 194 14.18
24 195 15.78
24 196 17.61
24 197 7.46
24 198 6.47
24 199 5.87
24 200 5.61
24 201 5.68
24 202 6.04
24 203 6.63
24 204 7.41
24 205 8.33
24 206 9.41
24 207 10.68
24 208 12.35
24 209 14.29
24 210 15.09
25 1 9.37
25 2 8.92
25 3 7.69
25 4 6.57
25 5 5.52
25 6 4.53
25 7 3.64
25 8 2.90
25 9 2.49
25 10 2.60
25 11 3.26
25 12 4.36
25 13 6.05
25 14 8.06
25 15 10.00
25 16 9.03
25 17 8.10
25 18 7.19
25 19 6.27
25 20 5.34
25 21 4.39
25 22 3.41
25 23 2.38
25 24 1.27
25 25 0.00
25 26 1.70
25 27 3.71
25 28 11.24
25 29 10.68
25 30 10.09
25 31 9.49
25 32 8.86
25 33 8.22
25 34 7.55
25 35 6.86
25 36 6.12
25 37 5.31
25 38 4.36
25 39 3.04
25 40 2.04
25 41 12.45
25 42 12.32
25 43 12.10
25 44 11.83
25 45 11.52
25 46 11.17
25 47 10.78
25 48 10.36
25 49 9.87
25 50 9.30
25 51 8.57
25 52 7.39
25 53 6.13
25 54 13.48
25 55 13.76
25 56 13.89
25 57 13.93
25 58 13.91
25 59 13.84
25 60 13.72
25 61 13.55
25 62 13.30
25 63 12.96
25 64 12.46
25 65 11.52
25 66 10.45
25 67 14.23
25 68 14.87
25 69 15.31
25 70 15.64
25 71 15.89
25 72 16.08
25 73 16.20
25 74 16.27
25 75 16.26
25 76 16.15
25 77 15.89
25 78 15.22
25 79 14.44
25 80 14.64
25 81 15.57
25 82 16.28
25 83 16.86
25 84 17.35
25 85 17.77
25 86 18.12
25 87 18.41
25 88 18.63
25 89 18.75
25 90 18.73
25 91 18.37
25 92 17.92
25 93 14.69
25 94 15.82
25 95 16.74
25 96 17.53
25 97 18.22
25 98 18.84
25 99 19.39
25 100 19.89
25 101 20.31
25 102 20.66
25 103 20.89
25 104 20.85
25 105 20.75
25 106 14.36
25 107 15.61
25 108 16.67
25 109 17.61
25 110 18.46
25 111 19.24
25 112 19.97
25 113 20.64
25 114 21.26
25 115 21.82
25 116 22.28
25 117 22.56
25 118 22.83
25 119 13.69
25 120 14.94
25 121 16.07
25 122 17.09
25 123 18.06
25 124 18.96
25 125 19.83
25 126 20.65
25 127 21.43
25 128 22.17
25 129 22.86
25 130 23.44
25 131 24.07
25 132 12.72
25 133 13.87
25 134 14.97
25 135 16.02
25 136 17.04
25 137 18.02
25 138 18.97
25 139 19.90
25 140 20.81
25 141 21.71
25 142 22.59
25 143 23.46
25 144 24.43
25 145 11.54
25 146 12.46
25 147 13.44
25 148 14.43
25 149 15.44
25 150 16.44
25 151 17.44
25 152 18.43
25 153 19.44
25 154 20.45
25 155 21.49
25 156 22.63
25 157 23.90
25 158 10.29
25 159 10.83
25 160 11.57
25 161 12.42
25 162 13.34
25 163 14.30
25 164 15.28
25 165 16.30
25 166 17.35
25 167 18.44
25 168 19.60
25 169 20.96
25 170 22.49
25 171 9.15
25 172 9.17
25 173 9.54
25 174 10.13
25 175 10.86
25 176 11.69
25 177 12.61
25 178 13.59
25 179 14.63
25 180 15.76
25 181 17.00
25 182 18.52
25 183 20.26
25 184 8.37
25 185 7.78
25 186 7.62
25 187 7.78
25 188 8.18
25 189 8.78
25 190 9.53
25 191 10.40
25 192 11.39
25 193 12.49
25 194 13.76
25 195 15.40
25 196 17.29
25 197 8.17
25 198 7.08
25 199 6.31
25 200 5.85
25 201 5.69
25 202 5.84
25 203 6.26
25 204 6.91
25 205 7.75
25 206 8.78
25 207 10.03
25 208 11.72
25 209 13.70
25 210 15.48
26 1 10.70
26 2 9.93
26 3 8.76
26 4 7.66
26 5 6.61
26 6 5.60
26 7 4.61
26 8 3.67
26 9 2.82
26 10 2.25
26 11 2.26
26 12 3.04
26 13 4.63
26 14 6.62
26 15 11.09
26 16 10.23
26 17 9.39
26 18 8.55
26 19 7.69
26 20 6.83
26 21 5.93
26 22 5.00
26 23 4.02
26 24 2.94
26 25 1.70
26 26 0.00
26 27 2.01
26 28 12.34
26 29 11.90
26 30 11.41
26 31 10.89
26 32 10.35
26 33 9.77
26 34 9.16
26 35 8.51
26 36 7.80
26 37 7.01
26 38 6.05
26 39 4.63
26 40 3.12
26 41 13.50
26 42 13.50
26 43 13.38
26 44 13.19
26 45 12.96
26 46 12.68
26 47 12.35
26 48 11.97
26 49 11.53
26 50 10.98
26 51 10.27
26 52 9.09
26 53 7.75
26 54 14.45
26 55 14.85
26 56 15.08
26 57 15.20
26 58 15.26
26 59 15.26
26 60 15.20
26 61 15.08
26 62 14.88
26 63 14.59
26 64 14.12
26 65 13.21
26 66 12.15
26 67 15.10
26 68 15.84
26 69 16.37
26 70 16.78
26 71 17.11
26 72 17.36
26 73 17.55
26 74 17.67
26 75 17.72
26 76 17.67
26 77 17.46
26 78 16.85
26 79 16.12
26 80 15.39
26 81 16.40
26 82 17.18
26 83 17.84
26 84 18.39
26 85 18.88
26 86 19.29
26 87 19.64
26 88 19.92
26 89 20.11
26 90 20.15
26 91 19.87
26 92 19.50
26 93 15.31
26 94 16.49
26 95 17.47
26 96 18.31
26 97 19.06
26 98 19.74
26 99 20.35
26 100 20.91
26 101 21.40
26 102 21.81
26 103 22.11
26 104 22.16
26 105 22.16
26 106 14.85
26 107 16.11
26 108 17.21
26 109 18.18
26 110 19.08
26 111 19.91
26 112 20.69
26 113 21.42
26 114 22.10
26 115 22.72
26 116 23.26
26 117 23.63
26 118 24.01
26 119 14.06
26 120 15.29
26 121 16.41
26 122 17.46
26 123 18.45
26 124 19.39
26 125 20.29
26 126 21.16
26 127 21.99
26 128 22.79
26 129 23.55
26 130 24.24
26 131 24.98
26 132 13.00
26 133 14.07
26 134 15.14
26 135 16.18
26 136 17.20
26 137 18.19
26 138 19.17
26 139 20.13
26 140 21.09
26 141 22.03
26 142 22.98
26 143 23.95
26 144 25.04
26 145 11.77
26 146 12.56
26 147 13.46
26 148 14.41
26 149 15.38
26 150 16.37
26 151 17.37
26 152 18.39
26 153 19.41
26 154 20.46
26 155 21.56
26 156 22.79
26 157 24.17
26 158 10.54
26 159 10.89
26 160 11.50
26 161 12.25
26 162 13.10
26 163 14.01
26 164 14.98
26 165 15.99
26 166 17.04
26 167 18.15
26 168 19.35
26 169 20.79
26 170 22.42
26 171 9.51
26 172 9.30
26 173 9.47
26 174 9.89
26 175 10.50
26 176 11.24
26 177 12.09
26 178 13.03
26 179 14.06
26 180 15.18
26 181 16.44
26 182 18.02
26 183 19.84
26 184 8.91
26 185 8.12
26 186 7.72
26 187 7.64
26 188 7.84
26 189 8.27
26 190 8.89
26 191 9.66
26 192 10.59
26 193 11.66
26 194 12.92
26 195 14.60
26 196 16.54
26 197 8.94
26 198 7.75
26 199 6.82
26 200 6.12
26 201 5.68
26 202 5.53
26 203 5.68
26 204 6.11
26 205 6.81
26 206 7.73
26 207 8.93
26 208 10.63
26 209 12.64
26 210 15.71
27 1 12.26
27 2 11.19
27 3 10.10
27 4 9.06
27 5 8.05
27 6 7.05
27 7 6.05
27 8 5.05
27 9 4.05
27 10 3.09
27 11 2.27
27 12 2.04
27 13 3.12
27 14 4.96
27 15 12.40
27 16 11.67
27 17 10.93
27 18 10.18
27 19 9.40
27 20 8.60
27 21 7.77
27 22 6.90
27 23 5.96
27 24 4.92
27 25 3.71
27 26 2.01
27 27 0.00
27 28 13.64
27 29 13.34
27 30 12.97
27 31 12.55
27 32 12.08
27 33 11.58
27 34 11.03
27 35 10.44
27 36 9.78
27 37 9.01
27 38 8.06
27 39 6.62
27 40 4.96
27 41 14.75
27 42 14.88
27 43 14.87
27 44 14.78
27 45 14.63
27 46 14.42
27 47 14.17
27 48 13.85
27 49 13.45
27 50 12.95
27 51 12.26
27 52 11.10
27 53 9.74
27 54 15.60
27 55 16.12
27 56 16.45
27 57 16.67
27 58 16.82
27 59 16.89
27 60 16.90
27 61 16.85
27 62 16.71
27 63 16.47
27 64 16.05
27 65 15.19
27 66 14.16
27 67 16.12
27 68 16.97
27 69 17.59
27 70 18.09
27 71 18.50
27 72 18.83
27 73 19.09
27 74 19.28
27 75 19.39
27 76 19.41
27 77 19.26
27 78 18.72
27 79 18.06
27 80 16.28
27 81 17.36
27 82 18.22
27 83 18.95
27 84 19.58
27 85 20.14
27 86 20.62
27 87 21.04
27 88 21.39
27 89 21.65
27 90 21.77
27 91 21.57
27 92 21.30
27 93 16.05
27 94 17.28
27 95 18.30
27 96 19.21
27 97 20.02
27 98 20.76
27 99 21.44
27 100 22.06
27 101 22.62
27 102 23.10
27 103 23.48
27 104 23.63
27 105 23.75
27 106 15.45
27 107 16.72
27 108 17.83
27 109 18.85
27 110 19.79
27 111 20.67
27 112 21.50
27 113 22.29
27 114 23.03
27 115 23.72
27 116 24.34
27 117 24.83
27 118 25.33
27 119 14.54
27 120 15.72
27 121 16.83
27 122 17.89
27 123 18.89
27 124 19.87
27 125 20.81
27 126 21.72
27 127 22.60
27 128 23.47
27 129 24.30
27 130 25.11
27 131 25.98
27 132 13.39
27 133 14.36
27 134 15.37
27 135 16.38
27 136 17.39
27 137 18.39
27 138 19.39
27 139 20.38
27 140 21.37
27 141 22.36
27 142 23.38
27 143 24.47
27 144 25.68
27 145 12.14
27 146 12.76
27 147 13.54
27 148 14.42
27 149 15.34
27 150 16.31
27 151 17.30
27 152 18.32
27 153 19.36
27 154 20.45
27 155 21.60
27 156 22.93
27 157 24.43
27 158 10.97
27 159 11.09
27 160 11.52
27 161 12.14
27 162 12.89
27 163 13.73
27 164 14.64
27 165 15.63
27 166 16.67
27 167 17.79
27 168 19.03
27 169 20.55
27 170 22.29
27 171 10.08
27 172 9.63
27 173 9.56
27 174 9.78
27 175 10.21
27 176 10.82
27 177 11.56
27 178 12.43
27 179 13.41
27 180 14.51
27 181 15.78
27 182 17.42
27 183 19.32
27 184 9.72
27 185 8.74
27 186 8.10
27 187 7.76
27 188 7.69
27 189 7.88
27 190 8.29
27 191 8.92
27 192 9.73
27 193 10.72
27 194 11.95
27 195 13.65
27 196 15.65
27 197 9.99
27 198 8.73
27 199 7.68
27 200 6.80
27 201 6.10
27 202 5.61
27 203 5.40
27 204 5.49
27 205 5.91
27 206 6.65
27 207 7.73
27 208 9.39
27 209 11.40
27 210 15.99
28 1 2.73
28 2 2.46
28 3 3.58
28 4 4.69
28 5 5.74
28 6 6.75
28 7 7.73
28 8 8.68
28 9 9.62
28 10 10.55
28 11 11.49
28 12 12.45
28 13 13.50
28 14 14.75
28 15 1.25
28 16 2.33
28 17 3.44
28 18 4.49
28 19 5.50
28 20 6.48
28 21 7.43
28 22 8.37
28 23 9.31
28 24 10.26
28 25 11.24
28 26 12.34
28 27 13.64
28 28 0.00
28 29 1.27
28 30 2.38
28 31 3.41
28 32 4.39
28 33 5.34
28 34 6.27
28 35 7.19
28 36 8.10
28 37 9.03
28 38 10.00
28 39 11.09
28 40 12.40
28 41 1.25
28 42 1.39
28 43 2.10
28 44 2.93
28 45 3.78
28 46 4.62
28 47 5.47
28 48 6.31
28 49 7.16
28 50 8.02
28 51 8.92
28 52 9.93
28 53 11.19
28 54 2.46
28 55 2.51
28 56 2.87
28 57 3.39
28 58 3.99
28 59 4.64
28 60 5.33
28 61 6.03
28 62 6.75
28 63 7.49
28 64 8.26
28 65 9.11
28 66 10.23
28 67 3.57
28 68 3.76
28 69 4.07
28 70 4.45
28 71 4.90
28 72 5.39
28 73 5.91
28 74 6.46
28 75 7.03
28 76 7.62
28 77 8.22
28 78 8.85
28 79 9.75
28 80 4.56
28 81 4.93
28 82 5.31
28 83 5.70
28 84 6.11
28 85 6.54
28 86 6.98
28 87 7.44
28 88 7.89
28 89 8.36
28 90 8.81
28 91 9.23
28 92 9.88
28 93 5.37
28 94 5.94
28 95 6.44
28 96 6.90
28 97 7.35
28 98 7.79
28 99 8.23
28 100 8.66
28 101 9.07
28 102 9.48
28 103 9.85
28 104 10.13
28 105 10.60
28 106 5.99
28 107 6.75
28 108 7.37
28 109 7.94
28 110 8.46
28 111 8.96
28 112 9.43
28 113 9.89
28 114 10.32
28 115 10.73
28 116 11.08
28 117 11.32
28 118 11.70
28 119 6.39
28 120 7.31
28 121 8.07
28 122 8.74
28 123 9.35
28 124 9.93
28 125 10.47
28 126 10.98
28 127 11.47
28 128 11.91
28 129 12.31
28 130 12.56
28 131 12.94
28 132 6.56
28 133 7.61
28 134 8.49
28 135 9.26
28 136 9.97
28 137 10.63
28 138 11.25
28 139 11.83
28 140 12.39
28 141 12.90
28 142 13.36
28 143 13.70
28 144 14.14
28 145 6.48
28 146 7.64
28 147 8.62
28 148 9.48
28 149 10.28
28 150 11.02
28 151 11.72
28 152 12.38
28 153 13.01
28 154 13.60
28 155 14.15
28 156 14.60
28 157 15.15
28 158 6.16
28 159 7.40
28 160 8.45
28 161 9.39
28 162 10.25
28 163 11.07
28 164 11.84
28 165 12.58
28 166 13.29
28 167 13.97
28 168 14.61
28 169 15.18
28 170 15.87
28 171 5.62
28 172 6.89
28 173 7.99
28 174 8.98
28 175 9.91
28 176 10.78
28 177 11.62
28 178 12.43
28 179 13.21
28 180 13.97
28 181 14.70
28 182 15.40
28 183 16.24
28 184 4.87
28 185 6.13
28 186 7.25
28 187 8.29
28 188 9.25
28 189 10.18
28 190 11.07
28 191 11.93
28 192 12.77
28 193 13.60
28 194 14.42
28 195 15.25
28 196 16.22
28 197 3.95
28 198 5.16
28 199 6.29
28 200 7.34
28 201 8.33
28 202 9.29
28 203 10.21
28 204 11.12
28 205 12.01
28 206 12.90
28 207 13.79
28 208 14.73
28 209 15.83
28 210 8.49
29 1 1.59
29 2 2.52
29 3 3.29
29 4 4.28
29 5 5.30
29 6 6.32
29 7 7.32
29 8 8.31
29 9 9.29
29 10 10.28
29 11 11.28
29 12 12.32
29 13 13.50
29 14 14.88
29 15 1.39
29 16 1.67
29 17 2.61
29 18 3.63
29 19 4.64
29 20 5.64
29 21 6.63
29 22 7.62
29 23 8.61
29 24 9.62
29 25 10.68
29 26 11.90
29 27 13.34
29 28 1.27
29 29 0.00
29 30 1.12
29 31 2.17
29 32 3.17
29 33 4.15
29 34 5.11
29 35 6.06
29 36 7.02
29 37 8.00
29 38 9.03
29 39 10.23
29 40 11.67
29 41 2.33
29 42 1.67
29 43 1.58
29 44 2.00
29 45 2.67
29 46 3.42
29 47 4.22
29 48 5.05
29 49 5.89
29 50 6.76
29 51 7.69
29 52 8.76
29 53 10.10
29 54 3.58
29 55 3.29
29 56 3.21
29 57 3.33
29 58 3.62
29 59 4.03
29 60 4.53
29 61 5.09
29 62 5.70
29 63 6.35
29 64 7.06
29 65 7.86
29 66 8.96
29 67 4.77
29 68 4.78
29 69 4.86
29 70 5.00
29 71 5.21
29 72 5.48
29 73 5.80
29 74 6.16
29 75 6.56
29 76 6.98
29 77 7.42
29 78 7.87
29 79 8.62
29 80 5.80
29 81 6.09
29 82 6.35
29 83 6.61
29 84 6.88
29 85 7.16
29 86 7.44
29 87 7.74
29 88 8.04
29 89 8.34
29 90 8.62
29 91 8.80
29 92 9.22
29 93 6.64
29 94 7.19
29 95 7.63
29 96 8.03
29 97 8.40
29 98 8.75
29 99 9.09
29 100 9.41
29 101 9.72
29 102 9.99
29 103 10.22
29 104 10.29
29 105 10.52
29 106 7.24
29 107 8.01
29 108 8.64
29 109 9.18
29 110 9.67
29 111 10.12
29 112 10.55
29 113 10.94
29 114 11.31
29 115 11.63
29 116 11.88
29 117 11.96
29 118 12.15
29 119 7.59
29 120 8.55
29 121 9.33
29 122 10.01
29 123 10.62
29 124 11.19
29 125 11.71
29 126 12.20
29 127 12.65
29 128 13.06
29 129 13.39
29 130 13.55
29 131 13.80
29 132 7.66
29 133 8.77
29 134 9.68
29 135 10.48
29 136 11.21
29 137 11.89
29 138 12.51
29 139 13.10
29 140 13.65
29 141 14.16
29 142 14.60
29 143 14.89
29 144 15.27
29 145 7.45
29 146 8.67
29 147 9.68
29 148 10.59
29 149 11.41
29 150 12.19
29 151 12.91
29 152 13.60
29 153 14.25
29 154 14.86
29 155 15.42
29 156 15.87
29 157 16.40
29 158 6.98
29 159 8.24
29 160 9.33
29 161 10.31
29 162 11.22
29 163 12.08
29 164 12.89
29 165 13.66
29 166 14.41
29 167 15.12
29 168 15.80
29 169 16.41
29 170 17.13
29 171 6.26
29 172 7.52
29 173 8.64
29 174 9.67
29 175 10.64
29 176 11.56
29 177 12.44
29 178 13.29
29 179 14.12
29 180 14.92
29 181 15.71
29 182 16.49
29 183 17.39
29 184 5.32
29 185 6.52
29 186 7.64
29 187 8.69
29 188 9.69
29 189 10.66
29 190 11.59
29 191 12.50
29 192 13.40
29 193 14.28
29 194 15.17
29 195 16.09
29 196 17.17
29 197 4.20
29 198 5.28
29 199 6.36
29 200 7.41
29 201 8.43
29 202 9.42
29 203 10.39
29 204 11.34
29 205 12.28
29 206 13.23
29 207 14.20
29 208 15.25
29 209 16.48
29 210 9.71
30 1 0.72
30 2 2.87
30 3 3.21
30 4 4.00
30 5 4.94
30 6 5.92
30 7 6.91
30 8 7.92
30 9 8.92
30 10 9.95
30 11 10.99
30 12 12.10
30 13 13.38
30 14 14.87
30 15 2.10
30 16 1.58
30 17 2.04
30 18 2.91
30 19 3.88
30 20 4.88
30 21 5.88
30 22 6.89
30 23 7.91
30 24 8.97
30 25 10.09
30 26 11.41
30 27 12.97
30 28 2.38
30 29 1.12
30 30 0.00
30 31 1.05
30 32 2.07
30 33 3.06
30 34 4.03
30 35 5.01
30 36 6.00
30 37 7.02
30 38 8.10
30 39 9.39
30 40 10.93
30 41 3.44
30 42 2.61
30 43 2.04
30 44 1.83
30 45 2.05
30 46 2.56
30 47 3.23
30 48 3.98
30 49 4.79
30 50 5.64
30 51 6.57
30 52 7.66
30 53 9.06
30 54 4.69
30 55 4.28
30 56 4.00
30 57 3.86
30 58 3.85
30 59 3.98
30 60 4.23
30 61 4.59
30 62 5.03
30 63 5.54
30 64 6.12
30 65 6.81
30 66 7.85
30 67 5.89
30 68 5.84
30 69 5.82
30 70 5.83
30 71 5.89
30 72 5.99
30 73 6.14
30 74 6.32
30 75 6.54
30 76 6.78
30 77 7.04
30 78 7.26
30 79 7.80
30 80 6.93
30 81 7.20
30 82 7.42
30 83 7.61
30 84 7.80
30 85 7.98
30 86 8.17
30 87 8.35
30 88 8.53
30 89 8.69
30 90 8.81
30 91 8.78
30 92 8.95
30 93 7.75
30 94 8.31
30 95 8.75
30 96 9.12
30 97 9.46
30 98 9.76
30 99 10.05
30 100 10.31
30 101 10.54
30 102 10.73
30 103 10.84
30 104 10.76
30 105 10.78
30 106 8.31
30 107 9.12
30 108 9.76
30 109 10.30
30 110 10.79
30 111 11.23
30 112 11.63
30 113 12.00
30 114 12.32
30 115 12.60
30 116 12.79
30 117 12.77
30 118 12.82
30 119 8.59
30 120 9.59
30 121 10.41
30 122 11.11
30 123 11.73
30 124 12.31
30 125 12.83
30 126 13.32
30 127 13.76
30 128 14.15
30 129 14.46
30 130 14.57
30 131 14.74
30 132 8.57
30 133 9.72
30 134 10.67
30 135 11.51
30 136 12.26
30 137 12.96
30 138 13.60
30 139 14.21
30 140 14.77
30 141 15.28
30 142 15.72
30 143 16.00
30 144 16.35
30 145 8.25
30 146 9.50
30 147 10.55
30 148 11.49
30 149 12.35
30 150 13.15
30 151 13.90
30 152 14.62
30 153 15.29
30 154 15.93
30 155 16.51
30 156 16.98
30 157 17.53
30 158 7.66
30 159 8.93
30 160 10.03
30 161 11.05
30 162 11.99
30 163 12.87
30 164 13.72
30 165 14.53
30 166 15.31
30 167 16.06
30 168 16.77
30 169 17.43
30 170 18.20
30 171 6.80
30 172 8.03
30 173 9.15
30 174 10.20
30 175 11.19
30 176 12.14
30 177 13.06
30 178 13.95
30 179 14.82
30 180 15.67
30 181 16.51
30 182 17.35
30 183 18.32
30 184 5.74
30 185 6.85
30 186 7.94
30 187 8.99
30 188 10.00
30 189 10.99
30 190 11.95
30 191 12.90
30 192 13.84
30 193 14.77
30 194 15.72
30 195 16.72
30 196 17.88
30 197 4.53
30 198 5.42
30 199 6.43
30 200 7.45
30 201 8.46
30 202 9.46
30 203 10.45
30 204 11.44
30 205 12.42
30 206 13.42
30 207 14.45
30 208 15.60
30 209 16.92
30 210 10.74
31 1 0.86
31 2 3.39
31 3 3.33
31 4 3.86
31 5 4.65
31 6 5.57
31 7 6.53
31 8 7.53
31 9 8.55
31 10 9.59
31 11 10.67
31 12 11.83
31 13 13.19
31 14 14.78
31 15 2.93
31 16 2.00
31 17 1.83
31 18 2.37
31 19 3.22
31 20 4.17
31 21 5.16
31 22 6.18
31 23 7.22
31 24 8.31
31 25 9.49
31 26 10.89
31 27 12.55
31 28 3.41
31 29 2.17
31 30 1.05
31 31 0.00
31 32 1.02
31 33 2.02
31 34 3.01
31 35 4.00
31 36 5.01
31 37 6.06
31 38 7.19
31 39 8.55
31 40 10.18
31 41 4.49
31 42 3.63
31 43 2.91
31 44 2.37
31 45 2.09
31 46 2.16
31 47 2.53
31 48 3.12
31 49 3.82
31 50 4.62
31 51 5.52
31 52 6.61
31 53 8.05
31 54 5.74
31 55 5.30
31 56 4.94
31 57 4.65
31 58 4.46
31 59 4.37
31 60 4.38
31 61 4.50
31 62 4.72
31 63 5.03
31 64 5.43
31 65 5.93
31 66 6.85
31 67 6.94
31 68 6.88
31 69 6.82
31 70 6.76
31 71 6.73
31 72 6.72
31 73 6.74
31 74 6.78
31 75 6.85
31 76 6.92
31 77 6.99
31 78 6.96
31 79 7.24
31 80 7.97
31 81 8.26
31 82 8.46
31 83 8.63
31 84 8.77
31 85 8.90
31 86 9.02
31 87 9.13
31 88 9.22
31 89 9.27
31 90 9.26
31 91 9.04
31 92 8.97
31 93 8.76
31 94 9.35
31 95 9.80
31 96 10.17
31 97 10.50
31 98 10.78
31 99 11.04
31 100 11.26
31 101 11.44
31 102 11.57
31 103 11.61
31 104 11.41
31 105 11.27
31 106 9.27
31 107 10.12
31 108 10.78
31 109 11.35
31 110 11.84
31 111 12.28
31 112 12.68
31 113 13.03
31 114 13.34
31 115 13.59
31 116 13.75
31 117 13.66
31 118 13.61
31 119 9.49
31 120 10.53
31 121 11.37
31 122 12.10
31 123 12.75
31 124 13.34
31 125 13.88
31 126 14.37
31 127 14.82
31 128 15.20
31 129 15.50
31 130 15.59
31 131 15.71
31 132 9.38
31 133 10.56
31 134 11.55
31 135 12.41
31 136 13.19
31 137 13.92
31 138 14.59
31 139 15.21
31 140 15.79
31 141 16.31
31 142 16.77
31 143 17.06
31 144 17.40
31 145 8.96
31 146 10.22
31 147 11.30
31 148 12.27
31 149 13.16
31 150 13.99
31 151 14.77
31 152 15.51
31 153 16.22
31 154 16.88
31 155 17.49
31 156 17.99
31 157 18.56
31 158 8.26
31 159 9.52
31 160 10.64
31 161 11.67
31 162 12.64
31 163 13.55
31 164 14.43
31 165 15.27
31 166 16.08
31 167 16.87
31 168 17.62
31 169 18.33
31 170 19.15
31 171 7.30
31 172 8.48
31 173 9.59
31 174 10.65
31 175 11.65
31 176 12.62
31 177 13.57
31 178 14.49
31 179 15.39
31 180 16.28
31 181 17.17
31 182 18.08
31 183 19.12
31 184 6.15
31 185 7.15
31 186 8.19
31 187 9.23
31 188 10.25
31 189 11.24
31 190 12.23
31 191 13.20
31 192 14.17
31 193 15.15
31 194 16.15
31 195 17.23
31 196 18.47
31 197 4.90
31 198 5.60
31 199 6.51
31 200 7.47
31 201 8.47
31 202 9.46
31 203 10.47
31 204 11.47
31 205 12.49
31 206 13.52
31 207 14.60
31 208 15.83
31 209 17.25
31 210 11.65
32 1 1.70
32 2 3.99
32 3 3.62
32 4 3.85
32 5 4.46
32 6 5.27
32 7 6.18
32 8 7.15
32 9 8.16
32 10 9.21
32 11 10.32
32 12 11.52
32 13 12.96
32 14 14.63
32 15 3.78
32 16 2.67
32 17 2.05
32 18 2.09
32 19 2.68
32 20 3.53
32 21 4.48
32 22 5.48
32 23 6.54
32 24 7.65
32 25 8.86
32 26 10.35
32 27 12.08
32 28 4.39
32 29 3.17
32 30 2.07
32 31 1.02
32 32 0.00
32 33 1.00
32 34 2.00
32 35 3.01
32 36 4.03
32 37 5.11
32 38 6.27
32 39 7.69
32 40 9.40
32 41 5.50
32 42 4.64
32 43 3.88
32 44 3.22
32 45 2.68
32 46 2.34
32 47 2.29
32 48 2.54
32 49 3.04
32 50 3.71
32 51 4.53
32 52 5.60
32 53 7.05
32 54 6.75
32 55 6.32
32 56 5.92
32 57 5.57
32 58 5.27
32 59 5.03
32 60 4.86
32 61 4.77
32 62 4.77
32 63 4.84
32 64 5.00
32 65 5.24
32 66 5.97
32 67 7.94
32 68 7.90
32 69 7.83
32 70 7.74
32 71 7.66
32 72 7.58
32 73 7.51
32 74 7.45
32 75 7.40
32 76 7.33
32 77 7.22
32 78 6.95
32 79 6.94
32 80 8.95
32 81 9.27
32 82 9.48
32 83 9.64
32 84 9.76
32 85 9.87
32 86 9.94
32 87 10.00
32 88 10.03
32 89 10.01
32 90 9.89
32 91 9.52
32 92 9.25
32 93 9.71
32 94 10.33
32 95 10.81
32 96 11.19
32 97 11.51
32 98 11.79
32 99 12.04
32 100 12.24
32 101 12.39
32 102 12.49
32 103 12.47
32 104 12.18
32 105 11.92
32 106 10.17
32 107 11.05
32 108 11.75
32 109 12.33
32 110 12.84
32 111 13.29
32 112 13.70
32 113 14.05
32 114 14.36
32 115 14.59
32 116 14.73
32 117 14.60
32 118 14.49
32 119 10.31
32 120 11.39
32 121 12.27
32 122 13.02
32 123 13.70
32 124 14.31
32 125 14.86
32 126 15.37
32 127 15.82
32 128 16.22
32 129 16.52
32 130 16.60
32 131 16.70
32 132 10.12
32 133 11.33
32 134 12.34
32 135 13.24
32 136 14.05
32 137 14.79
32 138 15.49
32 139 16.14
32 140 16.74
32 141 17.28
32 142 17.76
32 143 18.06
32 144 18.42
32 145 9.61
32 146 10.88
32 147 11.98
32 148 12.97
32 149 13.88
32 150 14.74
32 151 15.55
32 152 16.32
32 153 17.05
32 154 17.74
32 155 18.39
32 156 18.93
32 157 19.54
32 158 8.82
32 159 10.05
32 160 11.18
32 161 12.22
32 162 13.21
32 163 14.15
32 164 15.05
32 165 15.92
32 166 16.76
32 167 17.58
32 168 18.38
32 169 19.15
32 170 20.01
32 171 7.78
32 172 8.89
32 173 9.98
32 174 11.03
32 175 12.05
32 176 13.04
32 177 14.00
32 178 14.95
32 179 15.88
32 180 16.81
32 181 17.74
32 182 18.71
32 183 19.82
32 184 6.57
32 185 7.45
32 186 8.43
32 187 9.44
32 188 10.45
32 189 11.45
32 190 12.44
32 191 13.44
32 192 14.43
32 193 15.44
32 194 16.49
32 195 17.64
32 196 18.97
32 197 5.33
32 198 5.83
32 199 6.61
32 200 7.50
32 201 8.46
32 202 9.44
32 203 10.44
32 204 11.46
32 205 12.49
32 206 13.56
32 207 14.69
32 208 15.99
32 209 17.49
32 210 12.48
33 1 2.61
33 2 4.64
33 3 4.03
33 4 3.98
33 5 4.37
33 6 5.03
33 7 5.85
33 8 6.77
33 9 7.77
33 10 8.82
33 11 9.94
33 12 11.17
33 13 12.68
33 14 14.43
33 15 4.62
33 16 3.43
33 17 2.56
33 18 2.16
33 19 2.35
33 20 2.98
33 21 3.84
33 22 4.81
33 23 5.85
33 24 6.98
33 25 8.22
33 26 9.77
33 27 11.58
33 28 5.34
33 29 4.15
33 30 3.06
33 31 2.02
33 32 1.00
33 33 0.00
33 34 1.00
33 35 2.02
33 36 3.06
33 37 4.15
33 38 5.34
33 39 6.83
33 40 8.60
33 41 6.48
33 42 5.64
33 43 4.88
33 44 4.17
33 45 3.53
33 46 2.98
33 47 2.59
33 48 2.43
33 49 2.56
33 50 2.98
33 51 3.64
33 52 4.61
33 53 6.05
33 54 7.73
33 55 7.32
33 56 6.92
33 57 6.53
33 58 6.18
33 59 5.85
33 60 5.57
33 61 5.33
33 62 5.13
33 63 4.99
33 64 4.89
33 65 4.81
33 66 5.24
33 67 8.90
33 68 8.90
33 69 8.83
33 70 8.73
33 71 8.62
33 72 8.51
33 73 8.39
33 74 8.26
33 75 8.11
33 76 7.94
33 77 7.69
33 78 7.20
33 79 6.91
33 80 9.89
33 81 10.24
33 82 10.47
33 83 10.64
33 84 10.76
33 85 10.85
33 86 10.91
33 87 10.94
33 88 10.92
33 89 10.84
33 90 10.66
33 91 10.17
33 92 9.73
33 93 10.60
33 94 11.27
33 95 11.77
33 96 12.17
33 97 12.51
33 98 12.80
33 99 13.04
33 100 13.23
33 101 13.37
33 102 13.44
33 103 13.40
33 104 13.05
33 105 12.70
33 106 11.01
33 107 11.93
33 108 12.66
33 109 13.27
33 110 13.80
33 111 14.27
33 112 14.69
33 113 15.05
33 114 15.36
33 115 15.59
33 116 15.72
33 117 15.57
33 118 15.42
33 119 11.08
33 120 12.19
33 121 13.10
33 122 13.89
33 123 14.59
33 124 15.22
33 125 15.80
33 126 16.32
33 127 16.79
33 128 17.20
33 129 17.51
33 130 17.60
33 131 17.70
33 132 10.81
33 133 12.04
33 134 13.08
33 135 14.00
33 136 14.84
33 137 15.61
33 138 16.33
33 139 17.00
33 140 17.63
33 141 18.20
33 142 18.70
33 143 19.03
33 144 19.41
33 145 10.22
33 146 11.49
33 147 12.60
33 148 13.61
33 149 14.55
33 150 15.43
33 151 16.27
33 152 17.06
33 153 17.82
33 154 18.55
33 155 19.22
33 156 19.80
33 157 20.46
33 158 9.34
33 159 10.55
33 160 11.67
33 161 12.72
33 162 13.72
33 163 14.68
33 164 15.60
33 165 16.50
33 166 17.37
33 167 18.23
33 168 19.06
33 169 19.89
33 170 20.81
33 171 8.23
33 172 9.28
33 173 10.34
33 174 11.38
33 175 12.39
33 176 13.39
33 177 14.37
33 178 15.34
33 179 16.30
33 180 17.26
33 181 18.23
33 182 19.27
33 183 20.45
33 184 7.00
33 185 7.75
33 186 8.66
33 187 9.63
33 188 10.61
33 189 11.61
33 190 12.61
33 191 13.62
33 192 14.64
33 193 15.68
33 194 16.76
33 195 17.98
33 196 19.38
33 197 5.78
33 198 6.09
33 199 6.73
33 200 7.54
33 201 8.45
33 202 9.40
33 203 10.39
33 204 11.41
33 205 12.46
33 206 13.55
33 207 14.71
33 208 16.09
33 209 17.66
33 210 13.25
34 1 3.54
34 2 5.33
34 3 4.53
34 4 4.23
34 5 4.38
34 6 4.86
34 7 5.57
34 8 6.42
34 9 7.37
34 10 8.41
34 11 9.53
34 12 10.78
34 13 12.35
34 14 14.17
34 15 5.47
34 16 4.22
34 17 3.23
34 18 2.53
34 19 2.29
34 20 2.59
34 21 3.27
34 22 4.16
34 23 5.17
34 24 6.29
34 25 7.55
34 26 9.16
34 27 11.03
34 28 6.27
34 29 5.11
34 30 4.03
34 31 3.01
34 32 2.00
34 33 1.00
34 34 0.00
34 35 1.02
34 36 2.07
34 37 3.17
34 38 4.39
34 39 5.93
34 40 7.77
34 41 7.43
34 42 6.63
34 43 5.88
34 44 5.16
34 45 4.48
34 46 3.84
34 47 3.27
34 48 2.81
34 49 2.55
34 50 2.56
34 51 2.90
34 52 3.67
34 53 5.05
34 54 8.68
34 55 8.31
34 56 7.92
34 57 7.53
34 58 7.15
34 59 6.78
34 60 6.42
34 61 6.08
34 62 5.75
34 63 5.44
34 64 5.11
34 65 4.67
34 66 4.72
34 67 9.84
34 68 9.87
34 69 9.82
34 70 9.73
34 71 9.62
34 72 9.48
34 73 9.33
34 74 9.16
34 75 8.96
34 76 8.70
34 77 8.35
34 78 7.69
34 79 7.15
34 80 10.79
34 81 11.19
34 82 11.45
34 83 11.63
34 84 11.76
34 85 11.85
34 86 11.90
34 87 11.91
34 88 11.87
34 89 11.76
34 90 11.52
34 91 10.95
34 92 10.38
34 93 11.46
34 94 12.17
34 95 12.71
34 96 13.13
34 97 13.49
34 98 13.79
34 99 14.04
34 100 14.23
34 101 14.37
34 102 14.43
34 103 14.37
34 104 13.98
34 105 13.56
34 106 11.80
34 107 12.77
34 108 13.53
34 109 14.17
34 110 14.73
34 111 15.22
34 112 15.65
34 113 16.03
34 114 16.35
34 115 16.59
34 116 16.72
34 117 16.57
34 118 16.39
34 119 11.80
34 120 12.95
34 121 13.89
34 122 14.71
34 123 15.43
34 124 16.09
34 125 16.69
34 126 17.24
34 127 17.73
34 128 18.16
34 129 18.49
34 130 18.59
34 131 18.70
34 132 11.46
34 133 12.71
34 134 13.77
34 135 14.71
34 136 15.58
34 137 16.38
34 138 17.12
34 139 17.82
34 140 18.47
34 141 19.07
34 142 19.60
34 143 19.97
34 144 20.37
34 145 10.79
34 146 12.05
34 147 13.17
34 148 14.19
34 149 15.15
34 150 16.06
34 151 16.92
34 152 17.75
34 153 18.54
34 154 19.29
34 155 20.00
34 156 20.63
34 157 21.33
34 158 9.84
34 159 11.01
34 160 12.12
34 161 13.17
34 162 14.18
34 163 15.15
34 164 16.10
34 165 17.02
34 166 17.92
34 167 18.81
34 168 19.68
34 169 20.56
34 170 21.55
34 171 8.68
34 172 9.65
34 173 10.66
34 174 11.68
34 175 12.69
34 176 13.69
34 177 14.69
34 178 15.67
34 179 16.66
34 180 17.65
34 181 18.66
34 182 19.76
34 183 21.00
34 184 7.43
34 185 8.05
34 186 8.88
34 187 9.79
34 188 10.75
34 189 11.73
34 190 12.73
34 191 13.75
34 192 14.78
34 193 15.85
34 194 16.97
34 195 18.26
34 196 19.73
34 197 6.26
34 198 6.38
34 199 6.88
34 200 7.59
34 201 8.43
34 202 9.34
34 203 10.31
34 204 11.32
34 205 12.38
34 206 13.48
34 207 14.68
34 208 16.12
34 209 17.77
34 210 13.98
35 1 4.48
35 2 6.03
35 3 5.09
35 4 4.59
35 5 4.50
35 6 4.77
35 7 5.33
35 8 6.08
35 9 6.97
35 10 7.98
35 11 9.09
35 12 10.36
35 13 11.97
35 14 13.85
35 15 6.31
35 16 5.05
35 17 3.98
35 18 3.12
35 19 2.54
35 20 2.43
35 21 2.81
35 22 3.55
35 23 4.50
35 24 5.59
35 25 6.86
35 26 8.51
35 27 10.44
35 28 7.19
35 29 6.06
35 30 5.01
35 31 4.00
35 32 3.01
35 33 2.02
35 34 1.02
35 35 0.00
35 36 1.05
35 37 2.17
35 38 3.41
35 39 5.00
35 40 6.90
35 41 8.37
35 42 7.62
35 43 6.89
35 44 6.18
35 45 5.48
35 46 4.81
35 47 4.16
35 48 3.55
35 49 3.02
35 50 2.62
35 51 2.49
35 52 2.82
35 53 4.06
35 54 9.62
35 55 9.29
35 56 8.93
35 57 8.55
35 58 8.16
35 59 7.77
35 60 7.37
35 61 6.97
35 62 6.56
35 63 6.12
35 64 5.61
35 65 4.88
35 66 4.49
35 67 10.76
35 68 10.84
35 69 10.82
35 70 10.74
35 71 10.64
35 72 10.50
35 73 10.33
35 74 10.13
35 75 9.89
35 76 9.59
35 77 9.16
35 78 8.38
35 79 7.62
35 80 11.67
35 81 12.12
35 82 12.41
35 83 12.62
35 84 12.77
35 85 12.87
35 86 12.92
35 87 12.93
35 88 12.88
35 89 12.74
35 90 12.48
35 91 11.85
35 92 11.18
35 93 12.29
35 94 13.05
35 95 13.62
35 96 14.08
35 97 14.46
35 98 14.77
35 99 15.04
35 100 15.24
35 101 15.39
35 102 15.45
35 103 15.38
35 104 14.97
35 105 14.51
35 106 12.57
35 107 13.58
35 108 14.37
35 109 15.05
35 110 15.63
35 111 16.14
35 112 16.60
35 113 17.00
35 114 17.33
35 115 17.59
35 116 17.73
35 117 17.59
35 118 17.41
35 119 12.49
35 120 13.67
35 121 14.64
35 122 15.49
35 123 16.24
35 124 16.93
35 125 17.56
35 126 18.13
35 127 18.65
35 128 19.10
35 129 19.45
35 130 19.58
35 131 19.71
35 132 12.07
35 133 13.33
35 134 14.41
35 135 15.38
35 136 16.27
35 137 17.10
35 138 17.87
35 139 18.60
35 140 19.28
35 141 19.90
35 142 20.46
35 143 20.87
35 144 21.32
35 145 11.32
35 146 12.57
35 147 13.70
35 148 14.74
35 149 15.71
35 150 16.64
35 151 17.53
35 152 18.38
35 153 19.20
35 154 19.98
35 155 20.73
35 156 21.41
35 157 22.17
35 158 10.31
35 159 11.44
35 160 12.52
35 161 13.58
35 162 14.59
35 163 15.58
35 164 16.54
35 165 17.49
35 166 18.41
35 167 19.33
35 168 20.25
35 169 21.18
35 170 22.23
35 171 9.11
35 172 9.99
35 173 10.96
35 174 11.95
35 175 12.95
35 176 13.95
35 177 14.95
35 178 15.95
35 179 16.96
35 180 17.97
35 181 19.03
35 182 20.19
35 183 21.50
35 184 7.86
35 185 8.35
35 186 9.08
35 187 9.94
35 188 10.86
35 189 11.82
35 190 12.81
35 191 13.83
35 192 14.88
35 193 15.96
35 194 17.12
35 195 18.47
35 196 20.00
35 197 6.77
35 198 6.71
35 199 7.05
35 200 7.65
35 201 8.41
35 202 9.27
35 203 10.20
35 204 11.20
35 205 12.25
35 206 13.37
35 207 14.60
35 208 16.09
35 209 17.80
35 210 14.66
36 1 5.43
36 2 6.75
36 3 5.70
36 4 5.03
36 5 4.72
36 6 4.76
36 7 5.13
36 8 5.75
36 9 6.56
36 10 7.51
36 11 8.60
36 12 9.87
36 13 11.53
36 14 13.45
36 15 7.16
36 16 5.89
36 17 4.79
36 18 3.82
36 19 3.04
36 20 2.56
36 21 2.55
36 22 3.02
36 23 3.83
36 24 4.86
36 25 6.12
36 26 7.80
36 27 9.78
36 28 8.10
36 29 7.02
36 30 6.00
36 31 5.01
36 32 4.03
36 33 3.06
36 34 2.07
36 35 1.05
36 36 0.00
36 37 1.12
36 38 2.38
36 39 4.02
36 40 5.96
36 41 9.31
36 42 8.61
36 43 7.91
36 44 7.22
36 45 6.54
36 46 5.85
36 47 5.17
36 48 4.49
36 49 3.83
36 50 3.18
36 51 2.60
36 52 2.25
36 53 3.09
36 54 10.55
36 55 10.28
36 56 9.95
36 57 9.59
36 58 9.21
36 59 8.82
36 60 8.41
36 61 7.98
36 62 7.51
36 63 6.99
36 64 6.37
36 65 5.41
36 66 4.63
36 67 11.66
36 68 11.80
36 69 11.82
36 70 11.77
36 71 11.68
36 72 11.55
36 73 11.39
36 74 11.18
36 75 10.92
36 76 10.58
36 77 10.10
36 78 9.24
36 79 8.33
36 80 12.53
36 81 13.03
36 82 13.37
36 83 13.61
36 84 13.78
36 85 13.90
36 86 13.97
36 87 13.98
36 88 13.93
36 89 13.79
36 90 13.51
36 91 12.84
36 92 12.11
36 93 13.09
36 94 13.90
36 95 14.51
36 96 15.01
36 97 15.42
36 98 15.76
36 99 16.04
36 100 16.27
36 101 16.43
36 102 16.50
36 103 16.43
36 104 16.02
36 105 15.54
36 106 13.30
36 107 14.35
36 108 15.19
36 109 15.89
36 110 16.51
36 111 17.05
36 112 17.54
36 113 17.96
36 114 18.32
36 115 18.60
36 116 18.76
36 117 18.63
36 118 18.46
36 119 13.15
36 120 14.36
36 121 15.36
36 122 16.23
36 123 17.02
36 124 17.73
36 125 18.39
36 126 18.99
36 127 19.54
36 128 20.02
36 129 20.40
36 130 20.56
36 131 20.72
36 132 12.65
36 133 13.92
36 134 15.02
36 135 16.01
36 136 16.92
36 137 17.77
36 138 18.57
36 139 19.33
36 140 20.04
36 141 20.70
36 142 21.29
36 143 21.75
36 144 22.25
36 145 11.83
36 146 13.06
36 147 14.18
36 148 15.23
36 149 16.22
36 150 17.17
36 151 18.08
36 152 18.96
36 153 19.80
36 154 20.62
36 155 21.41
36 156 22.15
36 157 22.97
36 158 10.76
36 159 11.83
36 160 12.89
36 161 13.93
36 162 14.95
36 163 15.95
36 164 16.92
36 165 17.89
36 166 18.84
36 167 19.79
36 168 20.75
36 169 21.74
36 170 22.86
36 171 9.53
36 172 10.31
36 173 11.22
36 174 12.18
36 175 13.16
36 176 14.15
36 177 15.15
36 178 16.16
36 179 17.19
36 180 18.23
36 181 19.32
36 182 20.54
36 183 21.93
36 184 8.30
36 185 8.65
36 186 9.27
36 187 10.05
36 188 10.93
36 189 11.86
36 190 12.83
36 191 13.85
36 192 14.90
36 193 16.00
36 194 17.19
36 195 18.60
36 196 20.20
36 197 7.29
36 198 7.05
36 199 7.24
36 200 7.71
36 201 8.37
36 202 9.17
36 203 10.06
36 204 11.03
36 205 12.07
36 206 13.19
36 207 14.44
36 208 15.98
36 209 17.76
36 210 15.30
37 1 6.41
37 2 7.49
37 3 6.36
37 4 5.54
37 5 5.03
37 6 4.84
37 7 4.99
37 8 5.43
37 9 6.12
37 10 6.99
37 11 8.04
37 12 9.30
37 13 10.99
37 14 12.95
37 15 8.02
37 16 6.76
37 17 5.64
37 18 4.62
37 19 3.71
37 20 2.98
37 21 2.56
37 22 2.62
37 23 3.18
37 24 4.10
37 25 5.31
37 26 7.01
37 27 9.01
37 28 9.03
37 29 8.00
37 30 7.02
37 31 6.06
37 32 5.11
37 33 4.15
37 34 3.17
37 35 2.17
37 36 1.12
37 37 0.00
37 38 1.27
37 39 2.94
37 40 4.92
37 41 10.26
37 42 9.62
37 43 8.97
37 44 8.31
37 45 7.65
37 46 6.98
37 47 6.29
37 48 5.59
37 49 4.86
37 50 4.10
37 51 3.26
37 52 2.26
37 53 2.27
37 54 11.49
37 55 11.28
37 56 10.99
37 57 10.67
37 58 10.32
37 59 9.94
37 60 9.53
37 61 9.09
37 62 8.60
37 63 8.04
37 64 7.34
37 65 6.25
37 66 5.17
37 67 12.57
37 68 12.76
37 69 12.83
37 70 12.82
37 71 12.76
37 72 12.65
37 73 12.50
37 74 12.30
37 75 12.04
37 76 11.69
37 77 11.19
37 78 10.27
37 79 9.26
37 80 13.38
37 81 13.94
37 82 14.33
37 83 14.61
37 84 14.82
37 85 14.96
37 86 15.05
37 87 15.08
37 88 15.04
37 89 14.91
37 90 14.63
37 91 13.95
37 92 13.18
37 93 13.88
37 94 14.74
37 95 15.40
37 96 15.93
37 97 16.38
37 98 16.75
37 99 17.06
37 100 17.31
37 101 17.50
37 102 17.59
37 103 17.54
37 104 17.14
37 105 16.67
37 106 14.01
37 107 15.10
37 108 15.98
37 109 16.72
37 110 17.37
37 111 17.95
37 112 18.46
37 113 18.92
37 114 19.31
37 115 19.61
37 116 19.80
37 117 19.71
37 118 19.56
37 119 13.78
37 120 15.01
37 121 16.04
37 122 16.94
37 123 17.76
37 124 18.51
37 125 19.20
37 126 19.83
37 127 20.41
37 128 20.92
37 129 21.34
37 130 21.55
37 131 21.76
37 132 13.19
37 133 14.46
37 134 15.57
37 135 16.58
37 136 17.52
37 137 18.40
37 138 19.23
37 139 20.02
37 140 20.76
37 141 21.46
37 142 22.09
37 143 22.61
37 144 23.16
37 145 12.30
37 146 13.50
37 147 14.61
37 148 15.67
37 149 16.67
37 150 17.64
37 151 18.57
37 152 19.47
37 153 20.35
37 154 21.21
37 155 22.04
37 156 22.84
37 157 23.72
37 158 11.17
37 159 12.18
37 160 13.21
37 161 14.23
37 162 15.24
37 163 16.25
37 164 17.24
37 165 18.22
37 166 19.19
37 167 20.18
37 168 21.17
37 169 22.23
37 170 23.42
37 171 9.93
37 172 10.60
37 173 11.44
37 174 12.35
37 175 13.30
37 176 14.28
37 177 15.28
37 178 16.30
37 179 17.34
37 180 18.40
37 181 19.53
37 182 20.82
37 183 22.27
37 184 8.73
37 185 8.93
37 186 9.44
37 187 10.13
37 188 10.94
37 189 11.83
37 190 12.78
37 191 13.79
37 192 14.84
37 193 15.96
37 194 17.17
37 195 18.63
37 196 20.31
37 197 7.82
37 198 7.42
37 199 7.44
37 200 7.76
37 201 8.31
37 202 9.02
37 203 9.85
37 204 10.78
37 205 11.80
37 206 12.92
37 207 14.18
37 208 15.78
37 209 17.61
37 210 15.90
38 1 7.47
38 2 8.26
38 3 7.06
38 4 6.12
38 5 5.43
38 6 5.00
38 7 4.89
38 8 5.11
38 9 5.61
38 10 6.37
38 11 7.34
38 12 8.57
38 13 10.27
38 14 12.27
38 15 8.92
38 16 7.69
38 17 6.57
38 18 5.52
38 19 4.53
38 20 3.64
38 21 2.90
38 22 2.49
38 23 2.60
38 24 3.26
38 25 4.36
38 26 6.05
38 27 8.06
38 28 10.00
38 29 9.03
38 30 8.10
38 31 7.19
38 32 6.27
38 33 5.34
38 34 4.39
38 35 3.41
38 36 2.38
38 37 1.27
38 38 0.00
38 39 1.70
38 40 3.71
38 41 11.24
38 42 10.68
38 43 10.09
38 44 9.49
38 45 8.86
38 46 8.22
38 47 7.56
38 48 6.86
38 49 6.12
38 50 5.31
38 51 4.36
38 52 3.04
38 53 2.04
38 54 12.45
38 55 12.32
38 56 12.10
38 57 11.83
38 58 11.52
38 59 11.17
38 60 10.78
38 61 10.36
38 62 9.87
38 63 9.30
38 64 8.57
38 65 7.39
38 66 6.13
38 67 13.48
38 68 13.76
38 69 13.89
38 70 13.93
38 71 13.91
38 72 13.84
38 73 13.72
38 74 13.55
38 75 13.30
38 76 12.96
38 77 12.46
38 78 11.52
38 79 10.45
38 80 14.23
38 81 14.87
38 82 15.31
38 83 15.64
38 84 15.89
38 85 16.08
38 86 16.20
38 87 16.27
38 88 16.26
38 89 16.15
38 90 15.89
38 91 15.22
38 92 14.44
38 93 14.64
38 94 15.57
38 95 16.28
38 96 16.86
38 97 17.35
38 98 17.77
38 99 18.12
38 100 18.41
38 101 18.63
38 102 18.75
38 103 18.73
38 104 18.37
38 105 17.92
38 106 14.69
38 107 15.82
38 108 16.74
38 109 17.53
38 110 18.22
38 111 18.84
38 112 19.39
38 113 19.89
38 114 20.31
38 115 20.66
38 116 20.89
38 117 20.85
38 118 20.75
38 119 14.36
38 120 15.61
38 121 16.67
38 122 17.60
38 123 18.46
38 124 19.24
38 125 19.97
38 126 20.64
38 127 21.26
38 128 21.82
38 129 22.28
38 130 22.56
38 131 22.83
38 132 13.69
38 133 14.94
38 134 16.07
38 135 17.10
38 136 18.06
38 137 18.96
38 138 19.83
38 139 20.65
38 140 21.43
38 141 22.17
38 142 22.86
38 143 23.44
38 144 24.07
38 145 12.72
38 146 13.87
38 147 14.97
38 148 16.02
38 149 17.03
38 150 18.02
38 151 18.97
38 152 19.90
38 153 20.81
38 154 21.71
38 155 22.59
38 156 23.46
38 157 24.43
38 158 11.54
38 159 12.46
38 160 13.44
38 161 14.43
38 162 15.44
38 163 16.44
38 164 17.44
38 165 18.43
38 166 19.44
38 167 20.45
38 168 21.49
38 169 22.63
38 170 23.90
38 171 10.29
38 172 10.83
38 173 11.57
38 174 12.42
38 175 13.34
38 176 14.29
38 177 15.28
38 178 16.30
38 179 17.35
38 180 18.44
38 181 19.60
38 182 20.96
38 183 22.49
38 184 9.15
38 185 9.17
38 186 9.54
38 187 10.13
38 188 10.86
38 189 11.69
38 190 12.61
38 191 13.59
38 192 14.63
38 193 15.76
38 194 17.00
38 195 18.52
38 196 20.26
38 197 8.37
38 198 7.78
38 199 7.62
38 200 7.78
38 201 8.18
38 202 8.78
38 203 9.53
38 204 10.40
38 205 11.39
38 206 12.49
38 207 13.76
38 208 15.40
38 209 17.29
38 210 16.43
39 1 8.71
39 2 9.11
39 3 7.86
39 4 6.81
39 5 5.93
39 6 5.24
39 7 4.81
39 8 4.67
39 9 4.88
39 10 5.41
39 11 6.25
39 12 7.39
39 13 9.09
39 14 11.10
39 15 9.93
39 16 8.76
39 17 7.66
39 18 6.61
39 19 5.60
39 20 4.61
39 21 3.67
39 22 2.82
39 23 2.25
39 24 2.26
39 25 3.04
39 26 4.63
39 27 6.62
39 28 11.09
39 29 10.23
39 30 9.39
39 31 8.55
39 32 7.69
39 33 6.83
39 34 5.93
39 35 5.00
39 36 4.02
39 37 2.94
39 38 1.70
39 39 0.00
39 40 2.01
39 41 12.34
39 42 11.90
39 43 11.41
39 44 10.89
39 45 10.35
39 46 9.77
39 47 9.16
39 48 8.51
39 49 7.81
39 50 7.01
39 51 6.05
39 52 4.63
39 53 3.12
39 54 13.50
39 55 13.50
39 56 13.38
39 57 13.19
39 58 12.96
39 59 12.68
39 60 12.35
39 61 11.97
39 62 11.53
39 63 10.99
39 64 10.27
39 65 9.08
39 66 7.75
39 67 14.45
39 68 14.85
39 69 15.08
39 70 15.20
39 71 15.26
39 72 15.26
39 73 15.20
39 74 15.08
39 75 14.89
39 76 14.59
39 77 14.12
39 78 13.21
39 79 12.15
39 80 15.10
39 81 15.84
39 82 16.37
39 83 16.78
39 84 17.11
39 85 17.36
39 86 17.55
39 87 17.67
39 88 17.72
39 89 17.67
39 90 17.46
39 91 16.85
39 92 16.12
39 93 15.39
39 94 16.40
39 95 17.18
39 96 17.84
39 97 18.39
39 98 18.88
39 99 19.29
39 100 19.64
39 101 19.92
39 102 20.11
39 103 20.15
39 104 19.87
39 105 19.50
39 106 15.31
39 107 16.49
39 108 17.47
39 109 18.31
39 110 19.06
39 111 19.74
39 112 20.35
39 113 20.91
39 114 21.40
39 115 21.81
39 116 22.11
39 117 22.16
39 118 22.16
39 119 14.85
39 120 16.12
39 121 17.21
39 122 18.18
39 123 19.08
39 124 19.91
39 125 20.69
39 126 21.42
39 127 22.10
39 128 22.72
39 129 23.26
39 130 23.63
39 131 24.01
39 132 14.06
39 133 15.29
39 134 16.41
39 135 17.46
39 136 18.45
39 137 19.39
39 138 20.29
39 139 21.16
39 140 21.99
39 141 22.79
39 142 23.55
39 143 24.24
39 144 24.98
39 145 13.00
39 146 14.08
39 147 15.14
39 148 16.18
39 149 17.20
39 150 18.19
39 151 19.17
39 152 20.13
39 153 21.09
39 154 22.03
39 155 22.98
39 156 23.95
39 157 25.04
39 158 11.77
39 159 12.56
39 160 13.46
39 161 14.41
39 162 15.38
39 163 16.37
39 164 17.37
39 165 18.39
39 166 19.41
39 167 20.46
39 168 21.56
39 169 22.79
39 170 24.17
39 171 10.54
39 172 10.89
39 173 11.50
39 174 12.25
39 175 13.10
39 176 14.01
39 177 14.98
39 178 15.99
39 179 17.04
39 180 18.15
39 181 19.35
39 182 20.79
39 183 22.42
39 184 9.51
39 185 9.30
39 186 9.47
39 187 9.89
39 188 10.50
39 189 11.24
39 190 12.09
39 191 13.03
39 192 14.06
39 193 15.18
39 194 16.44
39 195 18.02
39 196 19.84
39 197 8.92
39 198 8.12
39 199 7.72
39 200 7.64
39 201 7.84
39 202 8.27
39 203 8.88
39 204 9.66
39 205 10.59
39 206 11.66
39 207 12.92
39 208 14.60
39 209 16.54
39 210 16.84
40 1 10.23
40 2 10.23
40 3 8.96
40 4 7.85
40 5 6.85
40 6 5.97
40 7 5.24
40 8 4.72
40 9 4.49
40 10 4.63
40 11 5.17
40 12 6.13
40 13 7.75
40 14 9.74
40 15 11.19
40 16 10.10
40 17 9.06
40 18 8.05
40 19 7.05
40 20 6.05
40 21 5.05
40 22 4.06
40 23 3.09
40 24 2.27
40 25 2.04
40 26 3.12
40 27 4.96
40 28 12.40
40 29 11.67
40 30 10.93
40 31 10.18
40 32 9.40
40 33 8.60
40 34 7.77
40 35 6.90
40 36 5.96
40 37 4.92
40 38 3.71
40 39 2.01
40 40 0.00
40 41 13.64
40 42 13.34
40 43 12.97
40 44 12.55
40 45 12.08
40 46 11.58
40 47 11.03
40 48 10.44
40 49 9.78
40 50 9.01
40 51 8.06
40 52 6.62
40 53 4.96
40 54 14.75
40 55 14.88
40 56 14.87
40 57 14.78
40 58 14.63
40 59 14.43
40 60 14.17
40 61 13.85
40 62 13.45
40 63 12.95
40 64 12.27
40 65 11.10
40 66 9.74
40 67 15.60
40 68 16.12
40 69 16.45
40 70 16.68
40 71 16.82
40 72 16.89
40 73 16.90
40 74 16.85
40 75 16.71
40 76 16.47
40 77 16.05
40 78 15.19
40 79 14.16
40 80 16.12
40 81 16.97
40 82 17.59
40 83 18.09
40 84 18.50
40 85 18.83
40 86 19.09
40 87 19.28
40 88 19.39
40 89 19.41
40 90 19.26
40 91 18.72
40 92 18.06
40 93 16.28
40 94 17.36
40 95 18.22
40 96 18.95
40 97 19.58
40 98 20.14
40 99 20.62
40 100 21.04
40 101 21.39
40 102 21.65
40 103 21.77
40 104 21.57
40 105 21.30
40 106 16.05
40 107 17.28
40 108 18.30
40 109 19.21
40 110 20.02
40 111 20.76
40 112 21.44
40 113 22.06
40 114 22.61
40 115 23.10
40 116 23.48
40 117 23.63
40 118 23.75
40 119 15.45
40 120 16.72
40 121 17.83
40 122 18.85
40 123 19.79
40 124 20.67
40 125 21.50
40 126 22.29
40 127 23.03
40 128 23.72
40 129 24.34
40 130 24.83
40 131 25.33
40 132 14.54
40 133 15.72
40 134 16.83
40 135 17.89
40 136 18.90
40 137 19.87
40 138 20.81
40 139 21.72
40 140 22.60
40 141 23.47
40 142 24.30
40 143 25.11
40 144 25.98
40 145 13.39
40 146 14.36
40 147 15.37
40 148 16.38
40 149 17.39
40 150 18.39
40 151 19.39
40 152 20.38
40 153 21.37
40 154 22.36
40 155 23.38
40 156 24.47
40 157 25.68
40 158 12.14
40 159 12.76
40 160 13.54
40 161 14.42
40 162 15.34
40 163 16.31
40 164 17.30
40 165 18.32
40 166 19.36
40 167 20.45
40 168 21.60
40 169 22.93
40 170 24.43
40 171 10.97
40 172 11.09
40 173 11.52
40 174 12.14
40 175 12.89
40 176 13.73
40 177 14.65
40 178 15.63
40 179 16.67
40 180 17.80
40 181 19.04
40 182 20.55
40 183 22.29
40 184 10.09
40 185 9.63
40 186 9.56
40 187 9.78
40 188 10.21
40 189 10.82
40 190 11.56
40 191 12.43
40 192 13.41
40 193 14.51
40 194 15.78
40 195 17.42
40 196 19.32
40 197 9.72
40 198 8.74
40 199 8.10
40 200 7.76
40 201 7.69
40 202 7.88
40 203 8.29
40 204 8.92
40 205 9.73
40 206 10.72
40 207 11.95
40 208 13.65
40 209 15.65
40 210 17.32
41 1 3.90
41 2 3.57
41 3 4.77
41 4 5.89
41 5 6.94
41 6 7.94
41 7 8.90
41 8 9.84
41 9 10.76
41 10 11.66
41 11 12.57
41 12 13.48
41 13 14.45
41 14 15.60
41 15 2.46
41 16 3.58
41 17 4.69
41 18 5.74
41 19 6.75
41 20 7.73
41 21 8.68
41 22 9.62
41 23 10.55
41 24 11.49
41 25 12.45
41 26 13.50
41 27 14.75
41 28 1.25
41 29 2.33
41 30 3.44
41 31 4.49
41 32 5.50
41 33 6.48
41 34 7.43
41 35 8.37
41 36 9.31
41 37 10.26
41 38 11.24
41 39 12.34
41 40 13.64
41 41 0.00
41 42 1.27
41 43 2.38
41 44 3.41
41 45 4.39
41 46 5.34
41 47 6.27
41 48 7.19
41 49 8.10
41 50 9.03
41 51 10.00
41 52 11.09
41 53 12.40
41 54 1.25
41 55 1.39
41 56 2.10
41 57 2.93
41 58 3.78
41 59 4.62
41 60 5.47
41 61 6.31
41 62 7.16
41 63 8.02
41 64 8.92
41 65 9.93
41 66 11.19
41 67 2.46
41 68 2.51
41 69 2.87
41 70 3.38
41 71 3.99
41 72 4.64
41 73 5.33
41 74 6.03
41 75 6.75
41 76 7.49
41 77 8.26
41 78 9.11
41 79 10.23
41 80 3.57
41 81 3.76
41 82 4.07
41 83 4.45
41 84 4.90
41 85 5.39
41 86 5.91
41 87 6.46
41 88 7.03
41 89 7.62
41 90 8.22
41 91 8.85
41 92 9.75
41 93 4.56
41 94 4.93
41 95 5.31
41 96 5.70
41 97 6.11
41 98 6.54
41 99 6.98
41 100 7.43
41 101 7.89
41 102 8.36
41 103 8.81
41 104 9.23
41 105 9.88
41 106 5.37
41 107 5.94
41 108 6.44
41 109 6.90
41 110 7.35
41 111 7.79
41 112 8.23
41 113 8.65
41 114 9.07
41 115 9.48
41 116 9.85
41 117 10.13
41 118 10.60
41 119 5.99
41 120 6.75
41 121 7.37
41 122 7.94
41 123 8.46
41 124 8.96
41 125 9.43
41 126 9.89
41 127 10.32
41 128 10.73
41 129 11.08
41 130 11.32
41 131 11.70
41 132 6.39
41 133 7.31
41 134 8.07
41 135 8.74
41 136 9.35
41 137 9.93
41 138 10.47
41 139 10.98
41 140 11.47
41 141 11.91
41 142 12.31
41 143 12.56
41 144 12.94
41 145 6.56
41 146 7.62
41 147 8.49
41 148 9.26
41 149 9.97
41 150 10.63
41 151 11.25
41 152 11.83
41 153 12.39
41 154 12.90
41 155 13.36
41 156 13.70
41 157 14.14
41 158 6.48
41 159 7.65
41 160 8.62
41 161 9.48
41 162 10.28
41 163 11.02
41 164 11.72
41 165 12.38
41 166 13.01
41 167 13.61
41 168 14.15
41 169 14.60
41 170 15.15
41 171 6.16
41 172 7.40
41 173 8.45
41 174 9.39
41 175 10.26
41 176 11.07
41 177 11.84
41 178 12.58
41 179 13.29
41 180 13.97
41 181 14.61
41 182 15.18
41 183 15.87
41 184 5.62
41 185 6.89
41 186 7.99
41 187 8.98
41 188 9.91
41 189 10.79
41 190 11.62
41 191 12.43
41 192 13.21
41 193 13.97
41 194 14.70
41 195 15.40
41 196 16.24
41 197 4.88
41 198 6.13
41 199 7.26
41 200 8.29
41 201 9.25
41 202 10.18
41 203 11.07
41 204 11.93
41 205 12.77
41 206 13.60
41 207 14.42
41 208 15.25
41 209 16.22
41 210 7.97
42 1 3.22
42 2 3.76
42 3 4.78
42 4 5.84
42 5 6.88
42 6 7.90
42 7 8.90
42 8 9.87
42 9 10.84
42 10 11.80
42 11 12.76
42 12 13.76
42 13 14.85
42 14 16.12
42 15 2.51
42 16 3.29
42 17 4.28
42 18 5.30
42 19 6.32
42 20 7.32
42 21 8.31
42 22 9.29
42 23 10.28
42 24 11.28
42 25 12.32
42 26 13.50
42 27 14.88
42 28 1.39
42 29 1.67
42 30 2.61
42 31 3.63
42 32 4.64
42 33 5.64
42 34 6.63
42 35 7.62
42 36 8.61
42 37 9.62
42 38 10.68
42 39 11.90
42 40 13.34
42 41 1.27
42 42 0.00
42 43 1.12
42 44 2.17
42 45 3.17
42 46 4.15
42 47 5.11
42 48 6.06
42 49 7.02
42 50 8.00
42 51 9.03
42 52 10.23
42 53 11.67
42 54 2.33
42 55 1.67
42 56 1.58
42 57 2.00
42 58 2.67
42 59 3.43
42 60 4.22
42 61 5.05
42 62 5.89
42 63 6.76
42 64 7.69
42 65 8.76
42 66 10.10
42 67 3.58
42 68 3.29
42 69 3.21
42 70 3.33
42 71 3.62
42 72 4.03
42 73 4.53
42 74 5.09
42 75 5.70
42 76 6.36
42 77 7.06
42 78 7.86
42 79 8.96
42 80 4.77
42 81 4.78
42 82 4.86
42 83 5.00
42 84 5.22
42 85 5.48
42 86 5.80
42 87 6.16
42 88 6.56
42 89 6.98
42 90 7.43
42 91 7.87
42 92 8.62
42 93 5.80
42 94 6.09
42 95 6.35
42 96 6.61
42 97 6.88
42 98 7.16
42 99 7.45
42 100 7.74
42 101 8.05
42 102 8.34
42 103 8.62
42 104 8.80
42 105 9.22
42 106 6.64
42 107 7.19
42 108 7.63
42 109 8.03
42 110 8.40
42 111 8.75
42 112 9.09
42 113 9.41
42 114 9.72
42 115 9.99
42 116 10.22
42 117 10.29
42 118 10.52
42 119 7.24
42 120 8.01
42 121 8.64
42 122 9.18
42 123 9.67
42 124 10.12
42 125 10.55
42 126 10.94
42 127 11.31
42 128 11.63
42 129 11.88
42 130 11.96
42 131 12.15
42 132 7.59
42 133 8.55
42 134 9.33
42 135 10.01
42 136 10.62
42 137 11.19
42 138 11.71
42 139 12.20
42 140 12.65
42 141 13.06
42 142 13.39
42 143 13.55
42 144 13.80
42 145 7.66
42 146 8.77
42 147 9.68
42 148 10.48
42 149 11.21
42 150 11.89
42 151 12.51
42 152 13.10
42 153 13.65
42 154 14.16
42 155 14.60
42 156 14.89
42 157 15.27
42 158 7.45
42 159 8.67
42 160 9.68
42 161 10.59
42 162 11.41
42 163 12.19
42 164 12.91
42 165 13.60
42 166 14.25
42 167 14.86
42 168 15.42
42 169 15.87
42 170 16.40
42 171 6.98
42 172 8.24
42 173 9.33
42 174 10.31
42 175 11.22
42 176 12.07
42 177 12.89
42 178 13.66
42 179 14.41
42 180 15.12
42 181 15.80
42 182 16.41
42 183 17.13
42 184 6.26
42 185 7.52
42 186 8.64
42 187 9.67
42 188 10.64
42 189 11.56
42 190 12.44
42 191 13.29
42 192 14.12
42 193 14.92
42 194 15.71
42 195 16.49
42 196 17.39
42 197 5.32
42 198 6.52
42 199 7.64
42 200 8.69
42 201 9.69
42 202 10.65
42 203 11.59
42 204 12.50
42 205 13.40
42 206 14.28
42 207 15.17
42 208 16.09
42 209 17.16
42 210 9.24
43 1 2.74
43 2 4.07
43 3 4.86
43 4 5.82
43 5 6.82
43 6 7.83
43 7 8.83
43 8 9.82
43 9 10.82
43 10 11.82
43 11 12.83
43 12 13.89
43 13 15.08
43 14 16.45
43 15 2.87
43 16 3.21
43 17 4.00
43 18 4.94
43 19 5.92
43 20 6.92
43 21 7.92
43 22 8.93
43 23 9.95
43 24 10.99
43 25 12.10
43 26 13.38
43 27 14.87
43 28 2.10
43 29 1.58
43 30 2.04
43 31 2.91
43 32 3.88
43 33 4.88
43 34 5.88
43 35 6.89
43 36 7.91
43 37 8.97
43 38 10.09
43 39 11.41
43 40 12.97
43 41 2.38
43 42 1.12
43 43 0.00
43 44 1.05
43 45 2.07
43 46 3.06
43 47 4.03
43 48 5.01
43 49 6.00
43 50 7.02
43 51 8.10
43 52 9.39
43 53 10.93
43 54 3.44
43 55 2.61
43 56 2.04
43 57 1.83
43 58 2.05
43 59 2.56
43 60 3.23
43 61 3.98
43 62 4.79
43 63 5.64
43 64 6.57
43 65 7.66
43 66 9.06
43 67 4.69
43 68 4.28
43 69 4.00
43 70 3.86
43 71 3.85
43 72 3.98
43 73 4.23
43 74 4.59
43 75 5.03
43 76 5.54
43 77 6.12
43 78 6.81
43 79 7.85
43 80 5.89
43 81 5.84
43 82 5.82
43 83 5.83
43 84 5.89
43 85 5.99
43 86 6.14
43 87 6.32
43 88 6.54
43 89 6.78
43 90 7.04
43 91 7.26
43 92 7.80
43 93 6.93
43 94 7.20
43 95 7.42
43 96 7.61
43 97 7.80
43 98 7.98
43 99 8.17
43 100 8.35
43 101 8.53
43 102 8.69
43 103 8.81
43 104 8.78
43 105 8.94
43 106 7.75
43 107 8.31
43 108 8.75
43 109 9.12
43 110 9.46
43 111 9.76
43 112 10.05
43 113 10.31
43 114 10.54
43 115 10.73
43 116 10.84
43 117 10.76
43 118 10.78
43 119 8.31
43 120 9.12
43 121 9.76
43 122 10.30
43 123 10.79
43 124 11.23
43 125 11.63
43 126 12.00
43 127 12.32
43 128 12.60
43 129 12.79
43 130 12.77
43 131 12.82
43 132 8.59
43 133 9.59
43 134 10.41
43 135 11.11
43 136 11.73
43 137 12.31
43 138 12.84
43 139 13.32
43 140 13.76
43 141 14.15
43 142 14.46
43 143 14.57
43 144 14.74
43 145 8.57
43 146 9.72
43 147 10.67
43 148 11.51
43 149 12.26
43 150 12.96
43 151 13.60
43 152 14.21
43 153 14.77
43 154 15.28
43 155 15.72
43 156 16.00
43 157 16.35
43 158 8.26
43 159 9.50
43 160 10.55
43 161 11.49
43 162 12.35
43 163 13.15
43 164 13.90
43 165 14.62
43 166 15.29
43 167 15.93
43 168 16.51
43 169 16.98
43 170 17.53
43 171 7.66
43 172 8.93
43 173 10.03
43 174 11.04
43 175 11.99
43 176 12.87
43 177 13.72
43 178 14.53
43 179 15.31
43 180 16.06
43 181 16.77
43 182 17.43
43 183 18.19
43 184 6.80
43 185 8.03
43 186 9.15
43 187 10.20
43 188 11.19
43 189 12.14
43 190 13.06
43 191 13.95
43 192 14.82
43 193 15.67
43 194 16.51
43 195 17.35
43 196 18.32
43 197 5.74
43 198 6.85
43 199 7.94
43 200 8.99
43 201 10.00
43 202 10.99
43 203 11.95
43 204 12.90
43 205 13.84
43 206 14.77
43 207 15.72
43 208 16.72
43 209 17.88
43 210 10.34
44 1 2.52
44 2 4.45
44 3 5.00
44 4 5.83
44 5 6.76
44 6 7.74
44 7 8.73
44 8 9.73
44 9 10.74
44 10 11.77
44 11 12.82
44 12 13.93
44 13 15.20
44 14 16.68
44 15 3.38
44 16 3.33
44 17 3.86
44 18 4.65
44 19 5.57
44 20 6.53
44 21 7.53
44 22 8.54
44 23 9.59
44 24 10.67
44 25 11.83
44 26 13.19
44 27 14.78
44 28 2.93
44 29 2.00
44 30 1.83
44 31 2.37
44 32 3.22
44 33 4.17
44 34 5.16
44 35 6.18
44 36 7.22
44 37 8.31
44 38 9.49
44 39 10.89
44 40 12.55
44 41 3.41
44 42 2.17
44 43 1.05
44 44 0.00
44 45 1.02
44 46 2.02
44 47 3.01
44 48 4.00
44 49 5.01
44 50 6.06
44 51 7.19
44 52 8.55
44 53 10.18
44 54 4.49
44 55 3.63
44 56 2.91
44 57 2.37
44 58 2.09
44 59 2.16
44 60 2.53
44 61 3.12
44 62 3.82
44 63 4.62
44 64 5.52
44 65 6.61
44 66 8.05
44 67 5.74
44 68 5.30
44 69 4.94
44 70 4.65
44 71 4.46
44 72 4.37
44 73 4.38
44 74 4.50
44 75 4.72
44 76 5.03
44 77 5.43
44 78 5.93
44 79 6.85
44 80 6.94
44 81 6.88
44 82 6.82
44 83 6.76
44 84 6.73
44 85 6.72
44 86 6.74
44 87 6.78
44 88 6.85
44 89 6.92
44 90 6.99
44 91 6.96
44 92 7.24
44 93 7.97
44 94 8.26
44 95 8.46
44 96 8.63
44 97 8.77
44 98 8.90
44 99 9.02
44 100 9.13
44 101 9.22
44 102 9.27
44 103 9.26
44 104 9.04
44 105 8.97
44 106 8.76
44 107 9.35
44 108 9.80
44 109 10.17
44 110 10.50
44 111 10.78
44 112 11.04
44 113 11.26
44 114 11.44
44 115 11.57
44 116 11.61
44 117 11.41
44 118 11.27
44 119 9.28
44 120 10.12
44 121 10.78
44 122 11.35
44 123 11.84
44 124 12.28
44 125 12.68
44 126 13.04
44 127 13.34
44 128 13.59
44 129 13.75
44 130 13.66
44 131 13.62
44 132 9.49
44 133 10.53
44 134 11.37
44 135 12.10
44 136 12.75
44 137 13.34
44 138 13.88
44 139 14.37
44 140 14.82
44 141 15.20
44 142 15.50
44 143 15.59
44 144 15.71
44 145 9.38
44 146 10.56
44 147 11.55
44 148 12.41
44 149 13.19
44 150 13.92
44 151 14.58
44 152 15.21
44 153 15.79
44 154 16.31
44 155 16.77
44 156 17.06
44 157 17.40
44 158 8.96
44 159 10.22
44 160 11.30
44 161 12.27
44 162 13.16
44 163 13.99
44 164 14.77
44 165 15.51
44 166 16.22
44 167 16.88
44 168 17.49
44 169 17.99
44 170 18.56
44 171 8.26
44 172 9.52
44 173 10.64
44 174 11.67
44 175 12.64
44 176 13.55
44 177 14.43
44 178 15.27
44 179 16.08
44 180 16.87
44 181 17.62
44 182 18.33
44 183 19.15
44 184 7.30
44 185 8.48
44 186 9.59
44 187 10.65
44 188 11.65
44 189 12.63
44 190 13.57
44 191 14.49
44 192 15.39
44 193 16.28
44 194 17.17
44 195 18.08
44 196 19.12
44 197 6.15
44 198 7.15
44 199 8.20
44 200 9.23
44 201 10.25
44 202 11.24
44 203 12.23
44 204 13.20
44 205 14.17
44 206 15.15
44 207 16.15
44 208 17.23
44 209 18.47
44 210 11.33
45 1 2.58
45 2 4.90
45 3 5.21
45 4 5.89
45 5 6.73
45 6 7.66
45 7 8.62
45 8 9.62
45 9 10.64
45 10 11.68
45 11 12.76
45 12 13.91
45 13 15.26
45 14 16.82
45 15 3.99
45 16 3.62
45 17 3.85
45 18 4.46
45 19 5.27
45 20 6.18
45 21 7.15
45 22 8.16
45 23 9.21
45 24 10.32
45 25 11.52
45 26 12.96
45 27 14.63
45 28 3.78
45 29 2.67
45 30 2.05
45 31 2.09
45 32 2.68
45 33 3.53
45 34 4.48
45 35 5.48
45 36 6.54
45 37 7.65
45 38 8.86
45 39 10.35
45 40 12.08
45 41 4.39
45 42 3.17
45 43 2.07
45 44 1.02
45 45 0.00
45 46 1.00
45 47 2.00
45 48 3.01
45 49 4.03
45 50 5.11
45 51 6.27
45 52 7.69
45 53 9.40
45 54 5.50
45 55 4.64
45 56 3.88
45 57 3.22
45 58 2.68
45 59 2.35
45 60 2.29
45 61 2.54
45 62 3.04
45 63 3.71
45 64 4.53
45 65 5.60
45 66 7.05
45 67 6.75
45 68 6.32
45 69 5.92
45 70 5.57
45 71 5.27
45 72 5.03
45 73 4.86
45 74 4.77
45 75 4.77
45 76 4.84
45 77 5.00
45 78 5.24
45 79 5.97
45 80 7.94
45 81 7.90
45 82 7.82
45 83 7.74
45 84 7.66
45 85 7.58
45 86 7.51
45 87 7.45
45 88 7.40
45 89 7.33
45 90 7.22
45 91 6.95
45 92 6.94
45 93 8.95
45 94 9.27
45 95 9.48
45 96 9.64
45 97 9.76
45 98 9.86
45 99 9.94
45 100 10.00
45 101 10.03
45 102 10.00
45 103 9.89
45 104 9.52
45 105 9.25
45 106 9.70
45 107 10.33
45 108 10.80
45 109 11.19
45 110 11.51
45 111 11.79
45 112 12.03
45 113 12.24
45 114 12.39
45 115 12.49
45 116 12.47
45 117 12.18
45 118 11.92
45 119 10.17
45 120 11.05
45 121 11.75
45 122 12.33
45 123 12.84
45 124 13.29
45 125 13.70
45 126 14.05
45 127 14.35
45 128 14.59
45 129 14.73
45 130 14.60
45 131 14.49
45 132 10.31
45 133 11.39
45 134 12.27
45 135 13.02
45 136 13.69
45 137 14.31
45 138 14.86
45 139 15.37
45 140 15.82
45 141 16.22
45 142 16.52
45 143 16.60
45 144 16.70
45 145 10.12
45 146 11.33
45 147 12.34
45 148 13.24
45 149 14.05
45 150 14.79
45 151 15.49
45 152 16.13
45 153 16.74
45 154 17.28
45 155 17.76
45 156 18.06
45 157 18.41
45 158 9.61
45 159 10.88
45 160 11.98
45 161 12.97
45 162 13.88
45 163 14.74
45 164 15.55
45 165 16.32
45 166 17.05
45 167 17.74
45 168 18.38
45 169 18.93
45 170 19.54
45 171 8.81
45 172 10.05
45 173 11.18
45 174 12.22
45 175 13.21
45 176 14.15
45 177 15.05
45 178 15.92
45 179 16.76
45 180 17.58
45 181 18.38
45 182 19.14
45 183 20.01
45 184 7.78
45 185 8.89
45 186 9.98
45 187 11.03
45 188 12.05
45 189 13.04
45 190 14.00
45 191 14.95
45 192 15.88
45 193 16.80
45 194 17.74
45 195 18.71
45 196 19.82
45 197 6.57
45 198 7.45
45 199 8.43
45 200 9.44
45 201 10.44
45 202 11.45
45 203 12.44
45 204 13.44
45 205 14.43
45 206 15.44
45 207 16.49
45 208 17.64
45 209 18.96
45 210 12.25
46 1 2.89
46 2 5.39
46 3 5.48
46 4 5.99
46 5 6.72
46 6 7.58
46 7 8.51
46 8 9.48
46 9 10.50
46 10 11.55
46 11 12.65
46 12 13.84
46 13 15.26
46 14 16.89
46 15 4.64
46 16 4.03
46 17 3.98
46 18 4.36
46 19 5.03
46 20 5.85
46 21 6.77
46 22 7.77
46 23 8.82
46 24 9.94
46 25 11.17
46 26 12.68
46 27 14.42
46 28 4.62
46 29 3.42
46 30 2.56
46 31 2.16
46 32 2.34
46 33 2.98
46 34 3.84
46 35 4.81
46 36 5.85
46 37 6.98
46 38 8.22
46 39 9.77
46 40 11.58
46 41 5.34
46 42 4.15
46 43 3.06
46 44 2.02
46 45 1.00
46 46 0.00
46 47 1.00
46 48 2.02
46 49 3.06
46 50 4.15
46 51 5.34
46 52 6.83
46 53 8.60
46 54 6.48
46 55 5.64
46 56 4.88
46 57 4.17
46 58 3.53
46 59 2.98
46 60 2.59
46 61 2.43
46 62 2.56
46 63 2.98
46 64 3.64
46 65 4.61
46 66 6.05
46 67 7.73
46 68 7.32
46 69 6.92
46 70 6.53
46 71 6.18
46 72 5.85
46 73 5.57
46 74 5.33
46 75 5.13
46 76 4.99
46 77 4.89
46 78 4.81
46 79 5.24
46 80 8.90
46 81 8.90
46 82 8.83
46 83 8.73
46 84 8.62
46 85 8.51
46 86 8.39
46 87 8.26
46 88 8.11
46 89 7.94
46 90 7.69
46 91 7.20
46 92 6.91
46 93 9.89
46 94 10.24
46 95 10.47
46 96 10.64
46 97 10.76
46 98 10.85
46 99 10.91
46 100 10.93
46 101 10.92
46 102 10.84
46 103 10.66
46 104 10.17
46 105 9.73
46 106 10.60
46 107 11.27
46 108 11.77
46 109 12.17
46 110 12.51
46 111 12.80
46 112 13.04
46 113 13.23
46 114 13.37
46 115 13.44
46 116 13.40
46 117 13.05
46 118 12.70
46 119 11.01
46 120 11.93
46 121 12.66
46 122 13.27
46 123 13.80
46 124 14.27
46 125 14.69
46 126 15.05
46 127 15.36
46 128 15.59
46 129 15.72
46 130 15.57
46 131 15.42
46 132 11.08
46 133 12.19
46 134 13.10
46 135 13.89
46 136 14.59
46 137 15.22
46 138 15.80
46 139 16.32
46 140 16.80
46 141 17.20
46 142 17.51
46 143 17.60
46 144 17.70
46 145 10.81
46 146 12.04
46 147 13.08
46 148 14.00
46 149 14.84
46 150 15.61
46 151 16.33
46 152 17.00
46 153 17.63
46 154 18.20
46 155 18.70
46 156 19.03
46 157 19.40
46 158 10.22
46 159 11.48
46 160 12.60
46 161 13.61
46 162 14.55
46 163 15.43
46 164 16.27
46 165 17.06
46 166 17.82
46 167 18.54
46 168 19.22
46 169 19.80
46 170 20.46
46 171 9.34
46 172 10.55
46 173 11.67
46 174 12.72
46 175 13.72
46 176 14.68
46 177 15.60
46 178 16.50
46 179 17.37
46 180 18.23
46 181 19.06
46 182 19.88
46 183 20.81
46 184 8.23
46 185 9.28
46 186 10.34
46 187 11.38
46 188 12.39
46 189 13.39
46 190 14.37
46 191 15.34
46 192 16.30
46 193 17.26
46 194 18.23
46 195 19.27
46 196 20.45
46 197 7.00
46 198 7.75
46 199 8.66
46 200 9.62
46 201 10.61
46 202 11.61
46 203 12.61
46 204 13.62
46 205 14.64
46 206 15.68
46 207 16.76
46 208 17.98
46 209 19.38
46 210 13.12
47 1 3.37
47 2 5.92
47 3 5.80
47 4 6.14
47 5 6.74
47 6 7.51
47 7 8.39
47 8 9.33
47 9 10.33
47 10 11.39
47 11 12.50
47 12 13.72
47 13 15.20
47 14 16.90
47 15 5.33
47 16 4.53
47 17 4.24
47 18 4.38
47 19 4.86
47 20 5.57
47 21 6.42
47 22 7.37
47 23 8.41
47 24 9.53
47 25 10.78
47 26 12.35
47 27 14.17
47 28 5.47
47 29 4.22
47 30 3.23
47 31 2.53
47 32 2.29
47 33 2.59
47 34 3.27
47 35 4.16
47 36 5.17
47 37 6.29
47 38 7.56
47 39 9.16
47 40 11.03
47 41 6.27
47 42 5.11
47 43 4.03
47 44 3.01
47 45 2.00
47 46 1.00
47 47 0.00
47 48 1.02
47 49 2.07
47 50 3.17
47 51 4.39
47 52 5.93
47 53 7.77
47 54 7.43
47 55 6.63
47 56 5.88
47 57 5.16
47 58 4.48
47 59 3.84
47 60 3.27
47 61 2.81
47 62 2.55
47 63 2.56
47 64 2.90
47 65 3.67
47 66 5.05
47 67 8.68
47 68 8.31
47 69 7.92
47 70 7.53
47 71 7.15
47 72 6.78
47 73 6.42
47 74 6.08
47 75 5.75
47 76 5.43
47 77 5.11
47 78 4.67
47 79 4.72
47 80 9.84
47 81 9.87
47 82 9.82
47 83 9.73
47 84 9.62
47 85 9.48
47 86 9.33
47 87 9.16
47 88 8.95
47 89 8.70
47 90 8.35
47 91 7.69
47 92 7.15
47 93 10.79
47 94 11.19
47 95 11.45
47 96 11.63
47 97 11.76
47 98 11.85
47 99 11.90
47 100 11.91
47 101 11.87
47 102 11.76
47 103 11.52
47 104 10.95
47 105 10.38
47 106 11.46
47 107 12.17
47 108 12.71
47 109 13.13
47 110 13.49
47 111 13.79
47 112 14.03
47 113 14.23
47 114 14.37
47 115 14.43
47 116 14.37
47 117 13.98
47 118 13.56
47 119 11.80
47 120 12.77
47 121 13.53
47 122 14.17
47 123 14.73
47 124 15.22
47 125 15.65
47 126 16.03
47 127 16.35
47 128 16.59
47 129 16.72
47 130 16.57
47 131 16.39
47 132 11.80
47 133 12.95
47 134 13.89
47 135 14.71
47 136 15.43
47 137 16.09
47 138 16.70
47 139 17.24
47 140 17.73
47 141 18.16
47 142 18.49
47 143 18.59
47 144 18.70
47 145 11.46
47 146 12.71
47 147 13.77
47 148 14.71
47 149 15.58
47 150 16.38
47 151 17.12
47 152 17.82
47 153 18.47
47 154 19.07
47 155 19.60
47 156 19.97
47 157 20.37
47 158 10.79
47 159 12.05
47 160 13.17
47 161 14.20
47 162 15.15
47 163 16.06
47 164 16.92
47 165 17.75
47 166 18.54
47 167 19.29
47 168 20.00
47 169 20.63
47 170 21.34
47 171 9.84
47 172 11.01
47 173 12.12
47 174 13.17
47 175 14.18
47 176 15.16
47 177 16.10
47 178 17.02
47 179 17.92
47 180 18.81
47 181 19.69
47 182 20.56
47 183 21.55
47 184 8.68
47 185 9.65
47 186 10.66
47 187 11.68
47 188 12.69
47 189 13.70
47 190 14.69
47 191 15.67
47 192 16.66
47 193 17.65
47 194 18.66
47 195 19.76
47 196 21.01
47 197 7.43
47 198 8.06
47 199 8.88
47 200 9.79
47 201 10.75
47 202 11.73
47 203 12.73
47 204 13.75
47 205 14.78
47 206 15.85
47 207 16.97
47 208 18.26
47 209 19.73
47 210 13.94
48 1 3.97
48 2 6.46
48 3 6.16
48 4 6.32
48 5 6.78
48 6 7.45
48 7 8.26
48 8 9.16
48 9 10.13
48 10 11.18
48 11 12.30
48 12 13.54
48 13 15.08
48 14 16.85
48 15 6.03
48 16 5.09
48 17 4.59
48 18 4.50
48 19 4.77
48 20 5.32
48 21 6.08
48 22 6.97
48 23 7.97
48 24 9.09
48 25 10.36
48 26 11.97
48 27 13.85
48 28 6.31
48 29 5.05
48 30 3.98
48 31 3.12
48 32 2.54
48 33 2.43
48 34 2.81
48 35 3.55
48 36 4.49
48 37 5.59
48 38 6.86
48 39 8.51
48 40 10.44
48 41 7.19
48 42 6.06
48 43 5.01
48 44 4.00
48 45 3.01
48 46 2.02
48 47 1.02
48 48 0.00
48 49 1.05
48 50 2.17
48 51 3.41
48 52 5.00
48 53 6.90
48 54 8.37
48 55 7.62
48 56 6.89
48 57 6.18
48 58 5.49
48 59 4.81
48 60 4.16
48 61 3.55
48 62 3.02
48 63 2.62
48 64 2.49
48 65 2.82
48 66 4.06
48 67 9.62
48 68 9.29
48 69 8.93
48 70 8.55
48 71 8.16
48 72 7.77
48 73 7.37
48 74 6.97
48 75 6.56
48 76 6.12
48 77 5.61
48 78 4.88
48 79 4.49
48 80 10.76
48 81 10.84
48 82 10.82
48 83 10.74
48 84 10.64
48 85 10.50
48 86 10.33
48 87 10.13
48 88 9.89
48 89 9.59
48 90 9.16
48 91 8.38
48 92 7.63
48 93 11.67
48 94 12.12
48 95 12.41
48 96 12.62
48 97 12.77
48 98 12.87
48 99 12.92
48 100 12.93
48 101 12.88
48 102 12.74
48 103 12.48
48 104 11.85
48 105 11.17
48 106 12.29
48 107 13.05
48 108 13.62
48 109 14.08
48 110 14.46
48 111 14.77
48 112 15.03
48 113 15.24
48 114 15.39
48 115 15.45
48 116 15.38
48 117 14.97
48 118 14.51
48 119 12.57
48 120 13.58
48 121 14.37
48 122 15.05
48 123 15.63
48 124 16.14
48 125 16.60
48 126 17.00
48 127 17.33
48 128 17.59
48 129 17.73
48 130 17.58
48 131 17.41
48 132 12.49
48 133 13.67
48 134 14.64
48 135 15.49
48 136 16.24
48 137 16.93
48 138 17.56
48 139 18.13
48 140 18.65
48 141 19.10
48 142 19.45
48 143 19.58
48 144 19.71
48 145 12.07
48 146 13.33
48 147 14.41
48 148 15.38
48 149 16.27
48 150 17.10
48 151 17.87
48 152 18.60
48 153 19.27
48 154 19.90
48 155 20.46
48 156 20.87
48 157 21.32
48 158 11.32
48 159 12.57
48 160 13.70
48 161 14.74
48 162 15.71
48 163 16.64
48 164 17.53
48 165 18.38
48 166 19.20
48 167 19.98
48 168 20.73
48 169 21.41
48 170 22.17
48 171 10.31
48 172 11.44
48 173 12.52
48 174 13.57
48 175 14.59
48 176 15.58
48 177 16.54
48 178 17.49
48 179 18.41
48 180 19.33
48 181 20.25
48 182 21.18
48 183 22.23
48 184 9.11
48 185 9.99
48 186 10.96
48 187 11.95
48 188 12.95
48 189 13.95
48 190 14.95
48 191 15.95
48 192 16.95
48 193 17.97
48 194 19.03
48 195 20.19
48 196 21.50
48 197 7.86
48 198 8.35
48 199 9.08
48 200 9.94
48 201 10.86
48 202 11.82
48 203 12.81
48 204 13.83
48 205 14.87
48 206 15.96
48 207 17.12
48 208 18.47
48 209 20.00
48 210 14.72
49 1 4.65
49 2 7.03
49 3 6.56
49 4 6.54
49 5 6.85
49 6 7.40
49 7 8.11
49 8 8.96
49 9 9.89
49 10 10.92
49 11 12.04
49 12 13.30
49 13 14.89
49 14 16.71
49 15 6.75
49 16 5.70
49 17 5.03
49 18 4.72
49 19 4.77
49 20 5.13
49 21 5.75
49 22 6.56
49 23 7.51
49 24 8.60
49 25 9.87
49 26 11.53
49 27 13.45
49 28 7.16
49 29 5.89
49 30 4.79
49 31 3.82
49 32 3.04
49 33 2.56
49 34 2.55
49 35 3.02
49 36 3.83
49 37 4.86
49 38 6.12
49 39 7.81
49 40 9.78
49 41 8.10
49 42 7.02
49 43 6.00
49 44 5.01
49 45 4.03
49 46 3.06
49 47 2.07
49 48 1.05
49 49 0.00
49 50 1.12
49 51 2.38
49 52 4.02
49 53 5.96
49 54 9.31
49 55 8.61
49 56 7.91
49 57 7.23
49 58 6.54
49 59 5.86
49 60 5.17
49 61 4.49
49 62 3.83
49 63 3.18
49 64 2.60
49 65 2.25
49 66 3.09
49 67 10.55
49 68 10.28
49 69 9.95
49 70 9.59
49 71 9.21
49 72 8.82
49 73 8.41
49 74 7.98
49 75 7.51
49 76 6.99
49 77 6.37
49 78 5.41
49 79 4.63
49 80 11.66
49 81 11.80
49 82 11.82
49 83 11.77
49 84 11.68
49 85 11.55
49 86 11.39
49 87 11.18
49 88 10.92
49 89 10.58
49 90 10.10
49 91 9.24
49 92 8.33
49 93 12.53
49 94 13.03
49 95 13.37
49 96 13.61
49 97 13.78
49 98 13.90
49 99 13.97
49 100 13.98
49 101 13.93
49 102 13.79
49 103 13.51
49 104 12.84
49 105 12.11
49 106 13.09
49 107 13.90
49 108 14.51
49 109 15.01
49 110 15.42
49 111 15.76
49 112 16.04
49 113 16.27
49 114 16.43
49 115 16.50
49 116 16.43
49 117 16.02
49 118 15.54
49 119 13.30
49 120 14.35
49 121 15.19
49 122 15.89
49 123 16.51
49 124 17.05
49 125 17.54
49 126 17.96
49 127 18.32
49 128 18.60
49 129 18.76
49 130 18.63
49 131 18.46
49 132 13.15
49 133 14.36
49 134 15.36
49 135 16.23
49 136 17.02
49 137 17.73
49 138 18.39
49 139 18.99
49 140 19.54
49 141 20.02
49 142 20.40
49 143 20.56
49 144 20.72
49 145 12.65
49 146 13.92
49 147 15.02
49 148 16.01
49 149 16.92
49 150 17.77
49 151 18.57
49 152 19.33
49 153 20.04
49 154 20.70
49 155 21.30
49 156 21.75
49 157 22.25
49 158 11.83
49 159 13.06
49 160 14.18
49 161 15.23
49 162 16.22
49 163 17.17
49 164 18.08
49 165 18.96
49 166 19.80
49 167 20.62
49 168 21.41
49 169 22.15
49 170 22.97
49 171 10.76
49 172 11.83
49 173 12.89
49 174 13.93
49 175 14.95
49 176 15.95
49 177 16.93
49 178 17.89
49 179 18.84
49 180 19.79
49 181 20.75
49 182 21.74
49 183 22.86
49 184 9.53
49 185 10.32
49 186 11.22
49 187 12.18
49 188 13.16
49 189 14.15
49 190 15.15
49 191 16.17
49 192 17.19
49 193 18.23
49 194 19.32
49 195 20.54
49 196 21.93
49 197 8.30
49 198 8.65
49 199 9.28
49 200 10.06
49 201 10.93
49 202 11.86
49 203 12.84
49 204 13.85
49 205 14.90
49 206 16.00
49 207 17.19
49 208 18.60
49 209 20.20
49 210 15.47
50 1 5.40
50 2 7.62
50 3 6.98
50 4 6.78
50 5 6.92
50 6 7.33
50 7 7.94
50 8 8.70
50 9 9.59
50 10 10.58
50 11 11.69
50 12 12.96
50 13 14.59
50 14 16.47
50 15 7.49
50 16 6.35
50 17 5.54
50 18 5.03
50 19 4.84
50 20 4.99
50 21 5.43
50 22 6.12
50 23 6.99
50 24 8.04
50 25 9.30
50 26 10.98
50 27 12.95
50 28 8.02
50 29 6.76
50 30 5.64
50 31 4.62
50 32 3.71
50 33 2.98
50 34 2.56
50 35 2.62
50 36 3.18
50 37 4.10
50 38 5.31
50 39 7.01
50 40 9.01
50 41 9.03
50 42 8.00
50 43 7.02
50 44 6.06
50 45 5.11
50 46 4.15
50 47 3.17
50 48 2.17
50 49 1.12
50 50 0.00
50 51 1.27
50 52 2.94
50 53 4.92
50 54 10.26
50 55 9.62
50 56 8.97
50 57 8.31
50 58 7.65
50 59 6.98
50 60 6.29
50 61 5.59
50 62 4.86
50 63 4.10
50 64 3.26
50 65 2.26
50 66 2.27
50 67 11.49
50 68 11.28
50 69 10.99
50 70 10.67
50 71 10.32
50 72 9.94
50 73 9.53
50 74 9.09
50 75 8.60
50 76 8.04
50 77 7.34
50 78 6.25
50 79 5.17
50 80 12.56
50 81 12.76
50 82 12.83
50 83 12.82
50 84 12.76
50 85 12.65
50 86 12.50
50 87 12.30
50 88 12.04
50 89 11.69
50 90 11.19
50 91 10.27
50 92 9.26
50 93 13.38
50 94 13.94
50 95 14.33
50 96 14.61
50 97 14.82
50 98 14.96
50 99 15.05
50 100 15.08
50 101 15.04
50 102 14.91
50 103 14.63
50 104 13.95
50 105 13.18
50 106 13.88
50 107 14.74
50 108 15.40
50 109 15.93
50 110 16.38
50 111 16.75
50 112 17.06
50 113 17.31
50 114 17.50
50 115 17.59
50 116 17.54
50 117 17.14
50 118 16.67
50 119 14.01
50 120 15.10
50 121 15.98
50 122 16.72
50 123 17.37
50 124 17.95
50 125 18.46
50 126 18.92
50 127 19.30
50 128 19.61
50 129 19.80
50 130 19.71
50 131 19.56
50 132 13.78
50 133 15.01
50 134 16.04
50 135 16.94
50 136 17.76
50 137 18.51
50 138 19.20
50 139 19.83
50 140 20.41
50 141 20.92
50 142 21.34
50 143 21.55
50 144 21.76
50 145 13.19
50 146 14.46
50 147 15.57
50 148 16.58
50 149 17.52
50 150 18.40
50 151 19.23
50 152 20.02
50 153 20.76
50 154 21.46
50 155 22.09
50 156 22.61
50 157 23.16
50 158 12.30
50 159 13.50
50 160 14.61
50 161 15.67
50 162 16.67
50 163 17.64
50 164 18.57
50 165 19.47
50 166 20.35
50 167 21.21
50 168 22.04
50 169 22.84
50 170 23.73
50 171 11.17
50 172 12.18
50 173 13.21
50 174 14.23
50 175 15.24
50 176 16.24
50 177 17.24
50 178 18.22
50 179 19.19
50 180 20.17
50 181 21.17
50 182 22.23
50 183 23.42
50 184 9.93
50 185 10.60
50 186 11.44
50 187 12.35
50 188 13.30
50 189 14.28
50 190 15.28
50 191 16.30
50 192 17.33
50 193 18.40
50 194 19.53
50 195 20.81
50 196 22.27
50 197 8.73
50 198 8.93
50 199 9.44
50 200 10.13
50 201 10.94
50 202 11.83
50 203 12.78
50 204 13.79
50 205 14.84
50 206 15.95
50 207 17.17
50 208 18.63
50 209 20.31
50 210 16.19
51 1 6.22
51 2 8.22
51 3 7.42
51 4 7.04
51 5 6.99
51 6 7.22
51 7 7.69
51 8 8.34
51 9 9.16
51 10 10.10
51 11 11.19
51 12 12.46
51 13 14.12
51 14 16.05
51 15 8.26
51 16 7.06
51 17 6.12
51 18 5.43
51 19 5.00
51 20 4.89
51 21 5.11
51 22 5.61
51 23 6.37
51 24 7.34
51 25 8.57
51 26 10.27
51 27 12.26
51 28 8.92
51 29 7.69
51 30 6.57
51 31 5.52
51 32 4.53
51 33 3.64
51 34 2.90
51 35 2.49
51 36 2.60
51 37 3.26
51 38 4.36
51 39 6.05
51 40 8.06
51 41 10.00
51 42 9.03
51 43 8.10
51 44 7.19
51 45 6.27
51 46 5.34
51 47 4.39
51 48 3.41
51 49 2.38
51 50 1.27
51 51 0.00
51 52 1.70
51 53 3.71
51 54 11.24
51 55 10.68
51 56 10.09
51 57 9.49
51 58 8.86
51 59 8.22
51 60 7.55
51 61 6.86
51 62 6.12
51 63 5.31
51 64 4.36
51 65 3.04
51 66 2.04
51 67 12.45
51 68 12.32
51 69 12.10
51 70 11.83
51 71 11.52
51 72 11.17
51 73 10.78
51 74 10.36
51 75 9.87
51 76 9.30
51 77 8.57
51 78 7.39
51 79 6.13
51 80 13.48
51 81 13.76
51 82 13.89
51 83 13.93
51 84 13.91
51 85 13.84
51 86 13.72
51 87 13.55
51 88 13.30
51 89 12.96
51 90 12.46
51 91 11.52
51 92 10.45
51 93 14.23
51 94 14.86
51 95 15.31
51 96 15.64
51 97 15.89
51 98 16.08
51 99 16.20
51 100 16.27
51 101 16.26
51 102 16.15
51 103 15.89
51 104 15.22
51 105 14.44
51 106 14.64
51 107 15.57
51 108 16.28
51 109 16.86
51 110 17.35
51 111 17.77
51 112 18.12
51 113 18.41
51 114 18.63
51 115 18.75
51 116 18.73
51 117 18.37
51 118 17.92
51 119 14.69
51 120 15.82
51 121 16.74
51 122 17.52
51 123 18.22
51 124 18.84
51 125 19.39
51 126 19.89
51 127 20.31
51 128 20.66
51 129 20.89
51 130 20.85
51 131 20.76
51 132 14.36
51 133 15.61
51 134 16.67
51 135 17.60
51 136 18.46
51 137 19.24
51 138 19.97
51 139 20.64
51 140 21.26
51 141 21.82
51 142 22.28
51 143 22.56
51 144 22.83
51 145 13.68
51 146 14.94
51 147 16.07
51 148 17.10
51 149 18.06
51 150 18.96
51 151 19.83
51 152 20.65
51 153 21.43
51 154 22.17
51 155 22.86
51 156 23.44
51 157 24.07
51 158 12.72
51 159 13.87
51 160 14.97
51 161 16.02
51 162 17.03
51 163 18.02
51 164 18.97
51 165 19.90
51 166 20.81
51 167 21.71
51 168 22.59
51 169 23.46
51 170 24.43
51 171 11.54
51 172 12.46
51 173 13.44
51 174 14.43
51 175 15.44
51 176 16.44
51 177 17.44
51 178 18.43
51 179 19.44
51 180 20.45
51 181 21.49
51 182 22.62
51 183 23.90
51 184 10.29
51 185 10.83
51 186 11.57
51 187 12.42
51 188 13.34
51 189 14.30
51 190 15.28
51 191 16.30
51 192 17.35
51 193 18.44
51 194 19.60
51 195 20.96
51 196 22.49
51 197 9.15
51 198 9.17
51 199 9.54
51 200 10.13
51 201 10.86
51 202 11.69
51 203 12.61
51 204 13.59
51 205 14.63
51 206 15.76
51 207 16.99
51 208 18.52
51 209 20.26
51 210 16.86
52 1 7.20
52 2 8.85
52 3 7.87
52 4 7.26
52 5 6.96
52 6 6.95
52 7 7.20
52 8 7.69
52 9 8.38
52 10 9.24
52 11 10.27
52 12 11.52
52 13 13.21
52 14 15.19
52 15 9.11
52 16 7.86
52 17 6.81
52 18 5.93
52 19 5.24
52 20 4.81
52 21 4.67
52 22 4.88
52 23 5.41
52 24 6.25
52 25 7.39
52 26 9.09
52 27 11.10
52 28 9.93
52 29 8.76
52 30 7.66
52 31 6.61
52 32 5.60
52 33 4.61
52 34 3.67
52 35 2.82
52 36 2.25
52 37 2.26
52 38 3.04
52 39 4.63
52 40 6.62
52 41 11.09
52 42 10.23
52 43 9.39
52 44 8.55
52 45 7.69
52 46 6.83
52 47 5.93
52 48 5.00
52 49 4.02
52 50 2.94
52 51 1.70
52 52 0.00
52 53 2.01
52 54 12.34
52 55 11.90
52 56 11.42
52 57 10.89
52 58 10.35
52 59 9.77
52 60 9.16
52 61 8.51
52 62 7.81
52 63 7.01
52 64 6.05
52 65 4.63
52 66 3.12
52 67 13.50
52 68 13.50
52 69 13.38
52 70 13.20
52 71 12.96
52 72 12.68
52 73 12.35
52 74 11.97
52 75 11.53
52 76 10.99
52 77 10.27
52 78 9.09
52 79 7.75
52 80 14.45
52 81 14.85
52 82 15.08
52 83 15.21
52 84 15.26
52 85 15.26
52 86 15.20
52 87 15.08
52 88 14.89
52 89 14.59
52 90 14.12
52 91 13.21
52 92 12.15
52 93 15.10
52 94 15.84
52 95 16.37
52 96 16.78
52 97 17.11
52 98 17.36
52 99 17.55
52 100 17.67
52 101 17.72
52 102 17.67
52 103 17.46
52 104 16.85
52 105 16.12
52 106 15.39
52 107 16.40
52 108 17.18
52 109 17.84
52 110 18.39
52 111 18.88
52 112 19.29
52 113 19.64
52 114 19.92
52 115 20.11
52 116 20.15
52 117 19.87
52 118 19.50
52 119 15.31
52 120 16.49
52 121 17.47
52 122 18.31
52 123 19.06
52 124 19.74
52 125 20.35
52 126 20.91
52 127 21.40
52 128 21.81
52 129 22.11
52 130 22.16
52 131 22.16
52 132 14.85
52 133 16.12
52 134 17.21
52 135 18.18
52 136 19.08
52 137 19.91
52 138 20.69
52 139 21.42
52 140 22.10
52 141 22.72
52 142 23.26
52 143 23.63
52 144 24.01
52 145 14.06
52 146 15.29
52 147 16.42
52 148 17.46
52 149 18.45
52 150 19.39
52 151 20.29
52 152 21.16
52 153 21.99
52 154 22.79
52 155 23.55
52 156 24.24
52 157 24.98
52 158 13.00
52 159 14.08
52 160 15.14
52 161 16.18
52 162 17.20
52 163 18.19
52 164 19.17
52 165 20.14
52 166 21.09
52 167 22.03
52 168 22.98
52 169 23.95
52 170 25.04
52 171 11.77
52 172 12.56
52 173 13.46
52 174 14.41
52 175 15.38
52 176 16.37
52 177 17.38
52 178 18.39
52 179 19.41
52 180 20.46
52 181 21.56
52 182 22.79
52 183 24.17
52 184 10.54
52 185 10.89
52 186 11.50
52 187 12.25
52 188 13.10
52 189 14.01
52 190 14.98
52 191 15.99
52 192 17.04
52 193 18.15
52 194 19.35
52 195 20.79
52 196 22.42
52 197 9.51
52 198 9.30
52 199 9.47
52 200 9.90
52 201 10.50
52 202 11.24
52 203 12.09
52 204 13.03
52 205 14.06
52 206 15.18
52 207 16.44
52 208 18.02
52 209 19.84
52 210 17.47
53 1 8.51
53 2 9.75
53 3 8.62
53 4 7.80
53 5 7.24
53 6 6.94
53 7 6.91
53 8 7.15
53 9 7.62
53 10 8.33
53 11 9.26
53 12 10.45
53 13 12.15
53 14 14.16
53 15 10.23
53 16 8.96
53 17 7.85
53 18 6.85
53 19 5.97
53 20 5.24
53 21 4.72
53 22 4.49
53 23 4.63
53 24 5.17
53 25 6.13
53 26 7.75
53 27 9.74
53 28 11.19
53 29 10.10
53 30 9.06
53 31 8.05
53 32 7.05
53 33 6.05
53 34 5.05
53 35 4.06
53 36 3.09
53 37 2.27
53 38 2.04
53 39 3.12
53 40 4.96
53 41 12.40
53 42 11.67
53 43 10.93
53 44 10.18
53 45 9.40
53 46 8.60
53 47 7.77
53 48 6.90
53 49 5.96
53 50 4.92
53 51 3.71
53 52 2.01
53 53 0.00
53 54 13.64
53 55 13.34
53 56 12.97
53 57 12.55
53 58 12.08
53 59 11.58
53 60 11.03
53 61 10.44
53 62 9.78
53 63 9.01
53 64 8.06
53 65 6.62
53 66 4.96
53 67 14.75
53 68 14.88
53 69 14.87
53 70 14.78
53 71 14.63
53 72 14.43
53 73 14.17
53 74 13.85
53 75 13.45
53 76 12.95
53 77 12.27
53 78 11.10
53 79 9.74
53 80 15.60
53 81 16.12
53 82 16.45
53 83 16.68
53 84 16.82
53 85 16.89
53 86 16.90
53 87 16.85
53 88 16.71
53 89 16.47
53 90 16.05
53 91 15.19
53 92 14.16
53 93 16.12
53 94 16.97
53 95 17.59
53 96 18.09
53 97 18.50
53 98 18.83
53 99 19.09
53 100 19.28
53 101 19.39
53 102 19.41
53 103 19.26
53 104 18.72
53 105 18.06
53 106 16.28
53 107 17.36
53 108 18.22
53 109 18.95
53 110 19.58
53 111 20.14
53 112 20.62
53 113 21.04
53 114 21.39
53 115 21.65
53 116 21.77
53 117 21.57
53 118 21.30
53 119 16.05
53 120 17.28
53 121 18.30
53 122 19.21
53 123 20.02
53 124 20.76
53 125 21.44
53 126 22.06
53 127 22.61
53 128 23.10
53 129 23.48
53 130 23.63
53 131 23.75
53 132 15.45
53 133 16.72
53 134 17.83
53 135 18.85
53 136 19.79
53 137 20.67
53 138 21.50
53 139 22.29
53 140 23.03
53 141 23.72
53 142 24.34
53 143 24.83
53 144 25.33
53 145 14.54
53 146 15.72
53 147 16.83
53 148 17.89
53 149 18.89
53 150 19.87
53 151 20.81
53 152 21.72
53 153 22.60
53 154 23.47
53 155 24.30
53 156 25.11
53 157 25.98
53 158 13.39
53 159 14.36
53 160 15.37
53 161 16.38
53 162 17.39
53 163 18.39
53 164 19.39
53 165 20.38
53 166 21.37
53 167 22.36
53 168 23.38
53 169 24.47
53 170 25.68
53 171 12.14
53 172 12.76
53 173 13.54
53 174 14.42
53 175 15.34
53 176 16.31
53 177 17.30
53 178 18.32
53 179 19.36
53 180 20.45
53 181 21.60
53 182 22.93
53 183 24.43
53 184 10.97
53 185 11.09
53 186 11.52
53 187 12.14
53 188 12.89
53 189 13.73
53 190 14.64
53 191 15.63
53 192 16.67
53 193 17.79
53 194 19.03
53 195 20.55
53 196 22.29
53 197 10.09
53 198 9.63
53 199 9.56
53 200 9.78
53 201 10.21
53 202 10.82
53 203 11.56
53 204 12.43
53 205 13.41
53 206 14.51
53 207 15.78
53 208 17.42
53 209 19.32
53 210 18.16
54 1 5.15
54 2 4.56
54 3 5.80
54 4 6.93
54 5 7.97
54 6 8.95
54 7 9.89
54 8 10.79
54 9 11.67
54 10 12.53
54 11 13.38
54 12 14.23
54 13 15.10
54 14 16.13
54 15 3.57
54 16 4.77
54 17 5.89
54 18 6.94
54 19 7.94
54 20 8.90
54 21 9.84
54 22 10.76
54 23 11.66
54 24 12.57
54 25 13.48
54 26 14.45
54 27 15.60
54 28 2.46
54 29 3.58
54 30 4.69
54 31 5.74
54 32 6.75
54 33 7.73
54 34 8.68
54 35 9.62
54 36 10.55
54 37 11.49
54 38 12.45
54 39 13.50
54 40 14.75
54 41 1.25
54 42 2.33
54 43 3.44
54 44 4.49
54 45 5.50
54 46 6.48
54 47 7.43
54 48 8.37
54 49 9.31
54 50 10.26
54 51 11.24
54 52 12.34
54 53 13.64
54 54 0.00
54 55 1.27
54 56 2.38
54 57 3.41
54 58 4.39
54 59 5.34
54 60 6.27
54 61 7.19
54 62 8.10
54 63 9.03
54 64 10.00
54 65 11.09
54 66 12.40
54 67 1.25
54 68 1.39
54 69 2.10
54 70 2.93
54 71 3.78
54 72 4.62
54 73 5.47
54 74 6.31
54 75 7.16
54 76 8.02
54 77 8.92
54 78 9.93
54 79 11.19
54 80 2.46
54 81 2.51
54 82 2.87
54 83 3.38
54 84 3.99
54 85 4.64
54 86 5.33
54 87 6.03
54 88 6.75
54 89 7.49
54 90 8.26
54 91 9.11
54 92 10.23
54 93 3.57
54 94 3.76
54 95 4.07
54 96 4.45
54 97 4.90
54 98 5.39
54 99 5.91
54 100 6.46
54 101 7.03
54 102 7.62
54 103 8.22
54 104 8.85
54 105 9.75
54 106 4.56
54 107 4.93
54 108 5.31
54 109 5.70
54 110 6.11
54 111 6.54
54 112 6.98
54 113 7.43
54 114 7.89
54 115 8.36
54 116 8.81
54 117 9.23
54 118 9.88
54 119 5.37
54 120 5.94
54 121 6.44
54 122 6.90
54 123 7.35
54 124 7.79
54 125 8.23
54 126 8.65
54 127 9.07
54 128 9.48
54 129 9.85
54 130 10.13
54 131 10.60
54 132 5.99
54 133 6.75
54 134 7.37
54 135 7.94
54 136 8.46
54 137 8.96
54 138 9.43
54 139 9.89
54 140 10.32
54 141 10.73
54 142 11.08
54 143 11.32
54 144 11.70
54 145 6.39
54 146 7.31
54 147 8.07
54 148 8.74
54 149 9.35
54 150 9.93
54 151 10.47
54 152 10.98
54 153 11.47
54 154 11.91
54 155 12.31
54 156 12.56
54 157 12.94
54 158 6.56
54 159 7.62
54 160 8.49
54 161 9.26
54 162 9.97
54 163 10.63
54 164 11.25
54 165 11.83
54 166 12.39
54 167 12.90
54 168 13.36
54 169 13.70
54 170 14.14
54 171 6.48
54 172 7.64
54 173 8.62
54 174 9.48
54 175 10.28
54 176 11.02
54 177 11.72
54 178 12.38
54 179 13.01
54 180 13.60
54 181 14.15
54 182 14.60
54 183 15.15
54 184 6.16
54 185 7.40
54 186 8.45
54 187 9.39
54 188 10.26
54 189 11.07
54 190 11.84
54 191 12.58
54 192 13.29
54 193 13.97
54 194 14.61
54 195 15.18
54 196 15.87
54 197 5.62
54 198 6.89
54 199 7.99
54 200 8.98
54 201 9.91
54 202 10.79
54 203 11.62
54 204 12.43
54 205 13.21
54 206 13.97
54 207 14.70
54 208 15.40
54 209 16.24
54 210 7.18
55 1 4.86
55 2 4.93
55 3 6.09
55 4 7.20
55 5 8.26
55 6 9.27
55 7 10.24
55 8 11.19
55 9 12.12
55 10 13.03
55 11 13.94
55 12 14.86
55 13 15.84
55 14 16.97
55 15 3.76
55 16 4.78
55 17 5.84
55 18 6.88
55 19 7.90
55 20 8.90
55 21 9.87
55 22 10.84
55 23 11.80
55 24 12.76
55 25 13.76
55 26 14.85
55 27 16.12
55 28 2.51
55 29 3.29
55 30 4.28
55 31 5.30
55 32 6.32
55 33 7.32
55 34 8.31
55 35 9.29
55 36 10.28
55 37 11.28
55 38 12.32
55 39 13.50
55 40 14.88
55 41 1.39
55 42 1.67
55 43 2.61
55 44 3.63
55 45 4.64
55 46 5.64
55 47 6.63
55 48 7.62
55 49 8.61
55 50 9.62
55 51 10.68
55 52 11.90
55 53 13.34
55 54 1.27
55 55 0.00
55 56 1.12
55 57 2.17
55 58 3.17
55 59 4.15
55 60 5.11
55 61 6.06
55 62 7.02
55 63 8.00
55 64 9.03
55 65 10.23
55 66 11.67
55 67 2.33
55 68 1.67
55 69 1.58
55 70 2.00
55 71 2.67
55 72 3.43
55 73 4.22
55 74 5.05
55 75 5.89
55 76 6.76
55 77 7.69
55 78 8.76
55 79 10.10
55 80 3.58
55 81 3.29
55 82 3.21
55 83 3.33
55 84 3.62
55 85 4.03
55 86 4.53
55 87 5.09
55 88 5.70
55 89 6.36
55 90 7.06
55 91 7.86
55 92 8.96
55 93 4.77
55 94 4.78
55 95 4.86
55 96 5.00
55 97 5.21
55 98 5.48
55 99 5.80
55 100 6.16
55 101 6.56
55 102 6.98
55 103 7.42
55 104 7.87
55 105 8.62
55 106 5.80
55 107 6.09
55 108 6.35
55 109 6.61
55 110 6.88
55 111 7.16
55 112 7.44
55 113 7.74
55 114 8.04
55 115 8.34
55 116 8.62
55 117 8.80
55 118 9.22
55 119 6.64
55 120 7.19
55 121 7.63
55 122 8.03
55 123 8.40
55 124 8.75
55 125 9.09
55 126 9.41
55 127 9.72
55 128 9.99
55 129 10.22
55 130 10.29
55 131 10.52
55 132 7.24
55 133 8.01
55 134 8.64
55 135 9.18
55 136 9.67
55 137 10.12
55 138 10.55
55 139 10.94
55 140 11.31
55 141 11.63
55 142 11.88
55 143 11.96
55 144 12.15
55 145 7.59
55 146 8.55
55 147 9.33
55 148 10.01
55 149 10.62
55 150 11.19
55 151 11.71
55 152 12.20
55 153 12.65
55 154 13.06
55 155 13.39
55 156 13.55
55 157 13.80
55 158 7.66
55 159 8.77
55 160 9.68
55 161 10.48
55 162 11.21
55 163 11.89
55 164 12.51
55 165 13.10
55 166 13.65
55 167 14.16
55 168 14.60
55 169 14.89
55 170 15.27
55 171 7.45
55 172 8.66
55 173 9.68
55 174 10.59
55 175 11.41
55 176 12.19
55 177 12.91
55 178 13.60
55 179 14.25
55 180 14.86
55 181 15.42
55 182 15.87
55 183 16.40
55 184 6.98
55 185 8.24
55 186 9.33
55 187 10.31
55 188 11.22
55 189 12.07
55 190 12.89
55 191 13.66
55 192 14.41
55 193 15.12
55 194 15.80
55 195 16.41
55 196 17.13
55 197 6.26
55 198 7.52
55 199 8.64
55 200 9.67
55 201 10.64
55 202 11.56
55 203 12.44
55 204 13.29
55 205 14.12
55 206 14.92
55 207 15.71
55 208 16.49
55 209 17.39
55 210 8.43
56 1 4.67
56 2 5.31
56 3 6.35
56 4 7.42
56 5 8.46
56 6 9.48
56 7 10.47
56 8 11.45
56 9 12.41
56 10 13.37
56 11 14.33
56 12 15.31
56 13 16.37
56 14 17.59
56 15 4.07
56 16 4.86
56 17 5.82
56 18 6.82
56 19 7.83
56 20 8.83
56 21 9.82
56 22 10.82
56 23 11.82
56 24 12.83
56 25 13.89
56 26 15.08
56 27 16.45
56 28 2.87
56 29 3.21
56 30 4.00
56 31 4.94
56 32 5.92
56 33 6.92
56 34 7.92
56 35 8.93
56 36 9.95
56 37 10.99
56 38 12.10
56 39 13.38
56 40 14.87
56 41 2.10
56 42 1.58
56 43 2.04
56 44 2.91
56 45 3.88
56 46 4.88
56 47 5.88
56 48 6.89
56 49 7.91
56 50 8.97
56 51 10.09
56 52 11.42
56 53 12.97
56 54 2.38
56 55 1.12
56 56 0.00
56 57 1.05
56 58 2.07
56 59 3.06
56 60 4.03
56 61 5.01
56 62 6.00
56 63 7.02
56 64 8.10
56 65 9.39
56 66 10.93
56 67 3.44
56 68 2.61
56 69 2.04
56 70 1.83
56 71 2.05
56 72 2.56
56 73 3.23
56 74 3.98
56 75 4.79
56 76 5.64
56 77 6.57
56 78 7.66
56 79 9.07
56 80 4.69
56 81 4.28
56 82 4.00
56 83 3.86
56 84 3.85
56 85 3.98
56 86 4.23
56 87 4.59
56 88 5.03
56 89 5.54
56 90 6.12
56 91 6.80
56 92 7.85
56 93 5.89
56 94 5.84
56 95 5.82
56 96 5.83
56 97 5.89
56 98 5.99
56 99 6.14
56 100 6.32
56 101 6.54
56 102 6.78
56 103 7.04
56 104 7.26
56 105 7.80
56 106 6.93
56 107 7.20
56 108 7.42
56 109 7.61
56 110 7.80
56 111 7.98
56 112 8.17
56 113 8.35
56 114 8.53
56 115 8.69
56 116 8.81
56 117 8.78
56 118 8.94
56 119 7.75
56 120 8.31
56 121 8.75
56 122 9.12
56 123 9.46
56 124 9.76
56 125 10.05
56 126 10.31
56 127 10.54
56 128 10.73
56 129 10.84
56 130 10.76
56 131 10.78
56 132 8.31
56 133 9.12
56 134 9.76
56 135 10.30
56 136 10.79
56 137 11.23
56 138 11.63
56 139 12.00
56 140 12.32
56 141 12.60
56 142 12.79
56 143 12.77
56 144 12.82
56 145 8.59
56 146 9.59
56 147 10.41
56 148 11.11
56 149 11.73
56 150 12.31
56 151 12.83
56 152 13.32
56 153 13.76
56 154 14.15
56 155 14.46
56 156 14.57
56 157 14.74
56 158 8.57
56 159 9.72
56 160 10.67
56 161 11.51
56 162 12.26
56 163 12.96
56 164 13.60
56 165 14.21
56 166 14.77
56 167 15.28
56 168 15.72
56 169 16.00
56 170 16.35
56 171 8.26
56 172 9.50
56 173 10.55
56 174 11.49
56 175 12.35
56 176 13.15
56 177 13.90
56 178 14.62
56 179 15.29
56 180 15.93
56 181 16.51
56 182 16.98
56 183 17.53
56 184 7.66
56 185 8.93
56 186 10.04
56 187 11.05
56 188 11.99
56 189 12.87
56 190 13.72
56 191 14.53
56 192 15.31
56 193 16.06
56 194 16.77
56 195 17.43
56 196 18.20
56 197 6.80
56 198 8.03
56 199 9.15
56 200 10.20
56 201 11.19
56 202 12.14
56 203 13.06
56 204 13.95
56 205 14.82
56 206 15.67
56 207 16.51
56 208 17.35
56 209 18.32
56 210 9.55
57 1 4.57
57 2 5.70
57 3 6.61
57 4 7.61
57 5 8.63
57 6 9.64
57 7 10.64
57 8 11.63
57 9 12.62
57 10 13.61
57 11 14.61
57 12 15.64
57 13 16.78
57 14 18.09
57 15 4.45
57 16 5.00
57 17 5.83
57 18 6.76
57 19 7.74
57 20 8.73
57 21 9.73
57 22 10.74
57 23 11.77
57 24 12.82
57 25 13.93
57 26 15.20
57 27 16.67
57 28 3.39
57 29 3.33
57 30 3.86
57 31 4.65
57 32 5.57
57 33 6.53
57 34 7.53
57 35 8.55
57 36 9.59
57 37 10.67
57 38 11.83
57 39 13.19
57 40 14.78
57 41 2.93
57 42 2.00
57 43 1.83
57 44 2.37
57 45 3.22
57 46 4.17
57 47 5.16
57 48 6.18
57 49 7.23
57 50 8.31
57 51 9.49
57 52 10.89
57 53 12.55
57 54 3.41
57 55 2.17
57 56 1.05
57 57 0.00
57 58 1.02
57 59 2.02
57 60 3.01
57 61 4.00
57 62 5.01
57 63 6.06
57 64 7.19
57 65 8.55
57 66 10.18
57 67 4.49
57 68 3.63
57 69 2.91
57 70 2.37
57 71 2.09
57 72 2.16
57 73 2.53
57 74 3.12
57 75 3.82
57 76 4.62
57 77 5.52
57 78 6.61
57 79 8.05
57 80 5.74
57 81 5.30
57 82 4.94
57 83 4.65
57 84 4.46
57 85 4.37
57 86 4.38
57 87 4.50
57 88 4.72
57 89 5.03
57 90 5.43
57 91 5.93
57 92 6.85
57 93 6.94
57 94 6.88
57 95 6.82
57 96 6.76
57 97 6.73
57 98 6.72
57 99 6.74
57 100 6.78
57 101 6.85
57 102 6.92
57 103 6.99
57 104 6.96
57 105 7.24
57 106 7.97
57 107 8.26
57 108 8.46
57 109 8.63
57 110 8.77
57 111 8.90
57 112 9.02
57 113 9.13
57 114 9.22
57 115 9.27
57 116 9.26
57 117 9.04
57 118 8.97
57 119 8.76
57 120 9.35
57 121 9.80
57 122 10.17
57 123 10.50
57 124 10.78
57 125 11.04
57 126 11.26
57 127 11.44
57 128 11.57
57 129 11.61
57 130 11.41
57 131 11.27
57 132 9.28
57 133 10.12
57 134 10.78
57 135 11.35
57 136 11.84
57 137 12.28
57 138 12.68
57 139 13.03
57 140 13.34
57 141 13.59
57 142 13.75
57 143 13.66
57 144 13.62
57 145 9.48
57 146 10.53
57 147 11.37
57 148 12.10
57 149 12.75
57 150 13.34
57 151 13.88
57 152 14.37
57 153 14.82
57 154 15.20
57 155 15.50
57 156 15.59
57 157 15.71
57 158 9.38
57 159 10.56
57 160 11.55
57 161 12.41
57 162 13.19
57 163 13.91
57 164 14.59
57 165 15.21
57 166 15.79
57 167 16.31
57 168 16.77
57 169 17.06
57 170 17.40
57 171 8.96
57 172 10.22
57 173 11.30
57 174 12.27
57 175 13.16
57 176 13.99
57 177 14.77
57 178 15.51
57 179 16.22
57 180 16.88
57 181 17.49
57 182 17.99
57 183 18.56
57 184 8.26
57 185 9.52
57 186 10.64
57 187 11.67
57 188 12.64
57 189 13.55
57 190 14.43
57 191 15.27
57 192 16.08
57 193 16.87
57 194 17.62
57 195 18.33
57 196 19.15
57 197 7.30
57 198 8.48
57 199 9.59
57 200 10.65
57 201 11.65
57 202 12.62
57 203 13.57
57 204 14.49
57 205 15.39
57 206 16.28
57 207 17.17
57 208 18.08
57 209 19.12
57 210 10.60
58 1 4.57
58 2 6.11
58 3 6.88
58 4 7.80
58 5 8.77
58 6 9.76
58 7 10.76
58 8 11.76
58 9 12.77
58 10 13.78
58 11 14.82
58 12 15.89
58 13 17.11
58 14 18.50
58 15 4.90
58 16 5.21
58 17 5.89
58 18 6.73
58 19 7.66
58 20 8.62
58 21 9.62
58 22 10.64
58 23 11.68
58 24 12.76
58 25 13.91
58 26 15.26
58 27 16.82
58 28 3.99
58 29 3.62
58 30 3.85
58 31 4.46
58 32 5.27
58 33 6.18
58 34 7.15
58 35 8.16
58 36 9.21
58 37 10.32
58 38 11.52
58 39 12.96
58 40 14.63
58 41 3.78
58 42 2.67
58 43 2.05
58 44 2.09
58 45 2.68
58 46 3.53
58 47 4.48
58 48 5.49
58 49 6.54
58 50 7.65
58 51 8.86
58 52 10.35
58 53 12.08
58 54 4.39
58 55 3.17
58 56 2.07
58 57 1.02
58 58 0.00
58 59 1.00
58 60 2.00
58 61 3.01
58 62 4.03
58 63 5.11
58 64 6.27
58 65 7.69
58 66 9.40
58 67 5.50
58 68 4.64
58 69 3.88
58 70 3.22
58 71 2.68
58 72 2.35
58 73 2.29
58 74 2.54
58 75 3.04
58 76 3.71
58 77 4.53
58 78 5.60
58 79 7.05
58 80 6.75
58 81 6.32
58 82 5.92
58 83 5.57
58 84 5.27
58 85 5.03
58 86 4.86
58 87 4.77
58 88 4.77
58 89 4.84
58 90 5.01
58 91 5.24
58 92 5.97
58 93 7.94
58 94 7.90
58 95 7.83
58 96 7.74
58 97 7.66
58 98 7.58
58 99 7.51
58 100 7.45
58 101 7.40
58 102 7.33
58 103 7.22
58 104 6.95
58 105 6.94
58 106 8.95
58 107 9.27
58 108 9.48
58 109 9.64
58 110 9.76
58 111 9.86
58 112 9.94
58 113 10.00
58 114 10.03
58 115 10.00
58 116 9.89
58 117 9.52
58 118 9.25
58 119 9.70
58 120 10.33
58 121 10.80
58 122 11.19
58 123 11.51
58 124 11.79
58 125 12.03
58 126 12.24
58 127 12.39
58 128 12.49
58 129 12.47
58 130 12.18
58 131 11.92
58 132 10.17
58 133 11.05
58 134 11.75
58 135 12.33
58 136 12.84
58 137 13.29
58 138 13.70
58 139 14.05
58 140 14.36
58 141 14.59
58 142 14.73
58 143 14.60
58 144 14.49
58 145 10.31
58 146 11.39
58 147 12.27
58 148 13.02
58 149 13.69
58 150 14.31
58 151 14.86
58 152 15.37
58 153 15.82
58 154 16.22
58 155 16.52
58 156 16.60
58 157 16.70
58 158 10.12
58 159 11.33
58 160 12.34
58 161 13.24
58 162 14.05
58 163 14.79
58 164 15.49
58 165 16.14
58 166 16.73
58 167 17.28
58 168 17.76
58 169 18.06
58 170 18.41
58 171 9.61
58 172 10.88
58 173 11.98
58 174 12.97
58 175 13.88
58 176 14.74
58 177 15.55
58 178 16.32
58 179 17.05
58 180 17.74
58 181 18.38
58 182 18.93
58 183 19.54
58 184 8.82
58 185 10.05
58 186 11.18
58 187 12.22
58 188 13.21
58 189 14.15
58 190 15.05
58 191 15.92
58 192 16.76
58 193 17.58
58 194 18.38
58 195 19.14
58 196 20.01
58 197 7.78
58 198 8.89
58 199 9.98
58 200 11.03
58 201 12.05
58 202 13.04
58 203 14.00
58 204 14.95
58 205 15.88
58 206 16.80
58 207 17.74
58 208 18.71
58 209 19.82
58 210 11.58
59 1 4.66
59 2 6.54
59 3 7.16
59 4 7.98
59 5 8.90
59 6 9.87
59 7 10.85
59 8 11.85
59 9 12.87
59 10 13.90
59 11 14.96
59 12 16.08
59 13 17.36
59 14 18.83
59 15 5.39
59 16 5.48
59 17 5.99
59 18 6.72
59 19 7.58
59 20 8.51
59 21 9.48
59 22 10.50
59 23 11.55
59 24 12.65
59 25 13.84
59 26 15.26
59 27 16.89
59 28 4.64
59 29 4.03
59 30 3.98
59 31 4.37
59 32 5.03
59 33 5.85
59 34 6.78
59 35 7.77
59 36 8.82
59 37 9.94
59 38 11.17
59 39 12.68
59 40 14.43
59 41 4.62
59 42 3.43
59 43 2.56
59 44 2.16
59 45 2.35
59 46 2.98
59 47 3.84
59 48 4.81
59 49 5.86
59 50 6.98
59 51 8.22
59 52 9.77
59 53 11.58
59 54 5.34
59 55 4.15
59 56 3.06
59 57 2.02
59 58 1.00
59 59 0.00
59 60 1.00
59 61 2.02
59 62 3.06
59 63 4.15
59 64 5.34
59 65 6.83
59 66 8.60
59 67 6.48
59 68 5.64
59 69 4.88
59 70 4.17
59 71 3.53
59 72 2.98
59 73 2.59
59 74 2.43
59 75 2.56
59 76 2.98
59 77 3.64
59 78 4.61
59 79 6.05
59 80 7.73
59 81 7.32
59 82 6.92
59 83 6.53
59 84 6.18
59 85 5.85
59 86 5.57
59 87 5.33
59 88 5.13
59 89 4.99
59 90 4.89
59 91 4.81
59 92 5.24
59 93 8.90
59 94 8.90
59 95 8.83
59 96 8.73
59 97 8.62
59 98 8.51
59 99 8.39
59 100 8.26
59 101 8.11
59 102 7.94
59 103 7.69
59 104 7.20
59 105 6.91
59 106 9.89
59 107 10.24
59 108 10.47
59 109 10.64
59 110 10.76
59 111 10.85
59 112 10.91
59 113 10.93
59 114 10.92
59 115 10.84
59 116 10.66
59 117 10.17
59 118 9.73
59 119 10.60
59 120 11.27
59 121 11.77
59 122 12.17
59 123 12.51
59 124 12.80
59 125 13.04
59 126 13.23
59 127 13.37
59 128 13.44
59 129 13.40
59 130 13.05
59 131 12.70
59 132 11.01
59 133 11.93
59 134 12.66
59 135 13.27
59 136 13.80
59 137 14.27
59 138 14.69
59 139 15.05
59 140 15.36
59 141 15.59
59 142 15.72
59 143 15.57
59 144 15.42
59 145 11.08
59 146 12.19
59 147 13.10
59 148 13.89
59 149 14.59
59 150 15.22
59 151 15.80
59 152 16.32
59 153 16.79
59 154 17.20
59 155 17.51
59 156 17.60
59 157 17.70
59 158 10.81
59 159 12.04
59 160 13.08
59 161 14.00
59 162 14.84
59 163 15.61
59 164 16.33
59 165 17.00
59 166 17.63
59 167 18.20
59 168 18.70
59 169 19.03
59 170 19.41
59 171 10.22
59 172 11.48
59 173 12.60
59 174 13.61
59 175 14.55
59 176 15.43
59 177 16.27
59 178 17.06
59 179 17.82
59 180 18.55
59 181 19.22
59 182 19.80
59 183 20.46
59 184 9.34
59 185 10.55
59 186 11.67
59 187 12.72
59 188 13.72
59 189 14.68
59 190 15.60
59 191 16.50
59 192 17.38
59 193 18.23
59 194 19.06
59 195 19.89
59 196 20.81
59 197 8.23
59 198 9.28
59 199 10.34
59 200 11.38
59 201 12.39
59 202 13.39
59 203 14.37
59 204 15.34
59 205 16.30
59 206 17.26
59 207 18.23
59 208 19.27
59 209 20.45
59 210 12.51
60 1 4.84
60 2 6.98
60 3 7.44
60 4 8.17
60 5 9.02
60 6 9.94
60 7 10.91
60 8 11.90
60 9 12.92
60 10 13.96
60 11 15.05
60 12 16.20
60 13 17.55
60 14 19.09
60 15 5.91
60 16 5.80
60 17 6.14
60 18 6.74
60 19 7.51
60 20 8.39
60 21 9.33
60 22 10.33
60 23 11.38
60 24 12.50
60 25 13.72
60 26 15.20
60 27 16.90
60 28 5.33
60 29 4.53
60 30 4.23
60 31 4.38
60 32 4.86
60 33 5.57
60 34 6.42
60 35 7.37
60 36 8.41
60 37 9.53
60 38 10.78
60 39 12.35
60 40 14.17
60 41 5.47
60 42 4.22
60 43 3.23
60 44 2.53
60 45 2.29
60 46 2.59
60 47 3.27
60 48 4.16
60 49 5.17
60 50 6.29
60 51 7.55
60 52 9.16
60 53 11.03
60 54 6.27
60 55 5.11
60 56 4.03
60 57 3.01
60 58 2.00
60 59 1.00
60 60 0.00
60 61 1.02
60 62 2.07
60 63 3.17
60 64 4.39
60 65 5.93
60 66 7.77
60 67 7.43
60 68 6.63
60 69 5.88
60 70 5.16
60 71 4.48
60 72 3.84
60 73 3.27
60 74 2.81
60 75 2.55
60 76 2.56
60 77 2.90
60 78 3.67
60 79 5.05
60 80 8.68
60 81 8.31
60 82 7.92
60 83 7.53
60 84 7.15
60 85 6.78
60 86 6.42
60 87 6.08
60 88 5.75
60 89 5.44
60 90 5.11
60 91 4.67
60 92 4.72
60 93 9.84
60 94 9.87
60 95 9.82
60 96 9.73
60 97 9.62
60 98 9.48
60 99 9.33
60 100 9.16
60 101 8.96
60 102 8.70
60 103 8.35
60 104 7.69
60 105 7.15
60 106 10.79
60 107 11.19
60 108 11.45
60 109 11.63
60 110 11.76
60 111 11.85
60 112 11.90
60 113 11.91
60 114 11.87
60 115 11.76
60 116 11.52
60 117 10.95
60 118 10.38
60 119 11.46
60 120 12.17
60 121 12.71
60 122 13.13
60 123 13.49
60 124 13.79
60 125 14.03
60 126 14.23
60 127 14.37
60 128 14.43
60 129 14.37
60 130 13.98
60 131 13.56
60 132 11.80
60 133 12.77
60 134 13.53
60 135 14.17
60 136 14.73
60 137 15.22
60 138 15.65
60 139 16.03
60 140 16.35
60 141 16.59
60 142 16.72
60 143 16.57
60 144 16.39
60 145 11.80
60 146 12.95
60 147 13.89
60 148 14.71
60 149 15.43
60 150 16.09
60 151 16.69
60 152 17.24
60 153 17.73
60 154 18.16
60 155 18.49
60 156 18.59
60 157 18.70
60 158 11.46
60 159 12.71
60 160 13.77
60 161 14.71
60 162 15.58
60 163 16.38
60 164 17.12
60 165 17.82
60 166 18.47
60 167 19.07
60 168 19.60
60 169 19.97
60 170 20.37
60 171 10.79
60 172 12.05
60 173 13.17
60 174 14.19
60 175 15.15
60 176 16.06
60 177 16.92
60 178 17.75
60 179 18.54
60 180 19.29
60 181 20.00
60 182 20.63
60 183 21.33
60 184 9.84
60 185 11.01
60 186 12.12
60 187 13.17
60 188 14.18
60 189 15.15
60 190 16.10
60 191 17.02
60 192 17.92
60 193 18.81
60 194 19.68
60 195 20.56
60 196 21.55
60 197 8.68
60 198 9.65
60 199 10.66
60 200 11.68
60 201 12.69
60 202 13.69
60 203 14.69
60 204 15.67
60 205 16.66
60 206 17.65
60 207 18.66
60 208 19.76
60 209 21.00
60 210 13.41
61 1 5.10
61 2 7.44
61 3 7.74
61 4 8.35
61 5 9.13
61 6 10.00
61 7 10.93
61 8 11.91
61 9 12.93
61 10 13.98
61 11 15.08
61 12 16.27
61 13 17.67
61 14 19.28
61 15 6.46
61 16 6.16
61 17 6.32
61 18 6.78
61 19 7.45
61 20 8.26
61 21 9.16
61 22 10.13
61 23 11.18
61 24 12.30
61 25 13.55
61 26 15.08
61 27 16.85
61 28 6.03
61 29 5.09
61 30 4.59
61 31 4.50
61 32 4.77
61 33 5.33
61 34 6.08
61 35 6.97
61 36 7.98
61 37 9.09
61 38 10.36
61 39 11.97
61 40 13.85
61 41 6.31
61 42 5.05
61 43 3.98
61 44 3.12
61 45 2.54
61 46 2.43
61 47 2.81
61 48 3.55
61 49 4.49
61 50 5.59
61 51 6.86
61 52 8.51
61 53 10.44
61 54 7.19
61 55 6.06
61 56 5.01
61 57 4.00
61 58 3.01
61 59 2.02
61 60 1.02
61 61 0.00
61 62 1.05
61 63 2.17
61 64 3.41
61 65 5.00
61 66 6.90
61 67 8.38
61 68 7.62
61 69 6.89
61 70 6.18
61 71 5.49
61 72 4.81
61 73 4.16
61 74 3.55
61 75 3.02
61 76 2.62
61 77 2.49
61 78 2.82
61 79 4.06
61 80 9.62
61 81 9.29
61 82 8.92
61 83 8.55
61 84 8.16
61 85 7.77
61 86 7.37
61 87 6.97
61 88 6.56
61 89 6.12
61 90 5.61
61 91 4.88
61 92 4.49
61 93 10.76
61 94 10.84
61 95 10.82
61 96 10.75
61 97 10.64
61 98 10.50
61 99 10.33
61 100 10.13
61 101 9.89
61 102 9.59
61 103 9.16
61 104 8.38
61 105 7.62
61 106 11.67
61 107 12.12
61 108 12.41
61 109 12.62
61 110 12.77
61 111 12.87
61 112 12.92
61 113 12.93
61 114 12.88
61 115 12.74
61 116 12.48
61 117 11.85
61 118 11.17
61 119 12.29
61 120 13.05
61 121 13.62
61 122 14.08
61 123 14.46
61 124 14.77
61 125 15.04
61 126 15.24
61 127 15.39
61 128 15.45
61 129 15.38
61 130 14.97
61 131 14.51
61 132 12.57
61 133 13.58
61 134 14.37
61 135 15.05
61 136 15.63
61 137 16.15
61 138 16.60
61 139 17.00
61 140 17.33
61 141 17.59
61 142 17.73
61 143 17.58
61 144 17.41
61 145 12.49
61 146 13.67
61 147 14.64
61 148 15.49
61 149 16.24
61 150 16.93
61 151 17.56
61 152 18.13
61 153 18.65
61 154 19.10
61 155 19.45
61 156 19.58
61 157 19.71
61 158 12.07
61 159 13.33
61 160 14.41
61 161 15.38
61 162 16.27
61 163 17.10
61 164 17.87
61 165 18.60
61 166 19.28
61 167 19.90
61 168 20.46
61 169 20.87
61 170 21.32
61 171 11.32
61 172 12.57
61 173 13.70
61 174 14.74
61 175 15.71
61 176 16.64
61 177 17.53
61 178 18.38
61 179 19.20
61 180 19.98
61 181 20.73
61 182 21.41
61 183 22.17
61 184 10.31
61 185 11.44
61 186 12.53
61 187 13.58
61 188 14.59
61 189 15.58
61 190 16.54
61 191 17.49
61 192 18.41
61 193 19.33
61 194 20.25
61 195 21.18
61 196 22.23
61 197 9.11
61 198 9.99
61 199 10.96
61 200 11.95
61 201 12.95
61 202 13.95
61 203 14.95
61 204 15.95
61 205 16.96
61 206 17.97
61 207 19.03
61 208 20.19
61 209 21.50
61 210 14.28
62 1 5.43
62 2 7.89
62 3 8.04
62 4 8.53
62 5 9.22
62 6 10.03
62 7 10.92
62 8 11.87
62 9 12.87
62 10 13.93
62 11 15.04
62 12 16.26
62 13 17.72
62 14 19.39
62 15 7.03
62 16 6.56
62 17 6.54
62 18 6.85
62 19 7.40
62 20 8.11
62 21 8.95
62 22 9.89
62 23 10.92
62 24 12.04
62 25 13.30
62 26 14.88
62 27 16.71
62 28 6.75
62 29 5.70
62 30 5.03
62 31 4.72
62 32 4.77
62 33 5.13
62 34 5.75
62 35 6.56
62 36 7.51
62 37 8.60
62 38 9.87
62 39 11.53
62 40 13.45
62 41 7.16
62 42 5.89
62 43 4.79
62 44 3.82
62 45 3.04
62 46 2.56
62 47 2.55
62 48 3.02
62 49 3.83
62 50 4.86
62 51 6.12
62 52 7.81
62 53 9.78
62 54 8.10
62 55 7.02
62 56 6.00
62 57 5.01
62 58 4.03
62 59 3.06
62 60 2.07
62 61 1.05
62 62 0.00
62 63 1.12
62 64 2.38
62 65 4.02
62 66 5.96
62 67 9.31
62 68 8.61
62 69 7.91
62 70 7.23
62 71 6.54
62 72 5.86
62 73 5.17
62 74 4.50
62 75 3.83
62 76 3.18
62 77 2.60
62 78 2.25
62 79 3.09
62 80 10.55
62 81 10.28
62 82 9.95
62 83 9.59
62 84 9.21
62 85 8.82
62 86 8.41
62 87 7.98
62 88 7.51
62 89 6.99
62 90 6.37
62 91 5.41
62 92 4.63
62 93 11.66
62 94 11.80
62 95 11.82
62 96 11.77
62 97 11.68
62 98 11.55
62 99 11.39
62 100 11.18
62 101 10.92
62 102 10.58
62 103 10.10
62 104 9.24
62 105 8.33
62 106 12.53
62 107 13.03
62 108 13.37
62 109 13.61
62 110 13.78
62 111 13.90
62 112 13.96
62 113 13.98
62 114 13.93
62 115 13.79
62 116 13.51
62 117 12.84
62 118 12.11
62 119 13.09
62 120 13.90
62 121 14.51
62 122 15.01
62 123 15.42
62 124 15.76
62 125 16.04
62 126 16.27
62 127 16.43
62 128 16.50
62 129 16.43
62 130 16.02
62 131 15.54
62 132 13.30
62 133 14.35
62 134 15.19
62 135 15.89
62 136 16.51
62 137 17.05
62 138 17.54
62 139 17.96
62 140 18.32
62 141 18.60
62 142 18.76
62 143 18.63
62 144 18.46
62 145 13.15
62 146 14.36
62 147 15.36
62 148 16.23
62 149 17.02
62 150 17.73
62 151 18.39
62 152 18.99
62 153 19.54
62 154 20.02
62 155 20.40
62 156 20.56
62 157 20.72
62 158 12.65
62 159 13.92
62 160 15.02
62 161 16.01
62 162 16.92
62 163 17.77
62 164 18.57
62 165 19.33
62 166 20.04
62 167 20.70
62 168 21.29
62 169 21.75
62 170 22.25
62 171 11.83
62 172 13.06
62 173 14.18
62 174 15.23
62 175 16.22
62 176 17.17
62 177 18.08
62 178 18.96
62 179 19.80
62 180 20.62
62 181 21.41
62 182 22.15
62 183 22.97
62 184 10.76
62 185 11.83
62 186 12.89
62 187 13.93
62 188 14.95
62 189 15.95
62 190 16.92
62 191 17.89
62 192 18.84
62 193 19.79
62 194 20.75
62 195 21.74
62 196 22.86
62 197 9.53
62 198 10.31
62 199 11.22
62 200 12.18
62 201 13.16
62 202 14.15
62 203 15.15
62 204 16.16
62 205 17.19
62 206 18.23
62 207 19.32
62 208 20.54
62 209 21.93
62 210 15.12
63 1 5.82
63 2 8.36
63 3 8.34
63 4 8.69
63 5 9.27
63 6 10.01
63 7 10.84
63 8 11.76
63 9 12.74
63 10 13.79
63 11 14.91
63 12 16.15
63 13 17.67
63 14 19.41
63 15 7.62
63 16 6.98
63 17 6.78
63 18 6.92
63 19 7.33
63 20 7.94
63 21 8.70
63 22 9.59
63 23 10.58
63 24 11.69
63 25 12.96
63 26 14.59
63 27 16.47
63 28 7.49
63 29 6.35
63 30 5.54
63 31 5.03
63 32 4.84
63 33 4.99
63 34 5.44
63 35 6.12
63 36 6.99
63 37 8.04
63 38 9.30
63 39 10.99
63 40 12.95
63 41 8.02
63 42 6.76
63 43 5.64
63 44 4.62
63 45 3.71
63 46 2.98
63 47 2.56
63 48 2.62
63 49 3.18
63 50 4.10
63 51 5.31
63 52 7.01
63 53 9.01
63 54 9.03
63 55 8.00
63 56 7.02
63 57 6.06
63 58 5.11
63 59 4.15
63 60 3.17
63 61 2.17
63 62 1.12
63 63 0.00
63 64 1.27
63 65 2.94
63 66 4.92
63 67 10.26
63 68 9.62
63 69 8.97
63 70 8.31
63 71 7.65
63 72 6.98
63 73 6.29
63 74 5.59
63 75 4.86
63 76 4.10
63 77 3.26
63 78 2.26
63 79 2.27
63 80 11.49
63 81 11.28
63 82 10.99
63 83 10.67
63 84 10.32
63 85 9.94
63 86 9.53
63 87 9.09
63 88 8.60
63 89 8.04
63 90 7.34
63 91 6.25
63 92 5.17
63 93 12.56
63 94 12.76
63 95 12.83
63 96 12.82
63 97 12.76
63 98 12.65
63 99 12.50
63 100 12.30
63 101 12.04
63 102 11.69
63 103 11.19
63 104 10.27
63 105 9.26
63 106 13.38
63 107 13.94
63 108 14.33
63 109 14.61
63 110 14.82
63 111 14.96
63 112 15.05
63 113 15.08
63 114 15.04
63 115 14.91
63 116 14.63
63 117 13.95
63 118 13.18
63 119 13.88
63 120 14.74
63 121 15.40
63 122 15.93
63 123 16.38
63 124 16.75
63 125 17.06
63 126 17.31
63 127 17.50
63 128 17.59
63 129 17.54
63 130 17.14
63 131 16.67
63 132 14.01
63 133 15.10
63 134 15.98
63 135 16.72
63 136 17.37
63 137 17.95
63 138 18.46
63 139 18.92
63 140 19.31
63 141 19.61
63 142 19.80
63 143 19.71
63 144 19.56
63 145 13.78
63 146 15.01
63 147 16.04
63 148 16.94
63 149 17.76
63 150 18.51
63 151 19.20
63 152 19.83
63 153 20.41
63 154 20.92
63 155 21.34
63 156 21.55
63 157 21.76
63 158 13.19
63 159 14.46
63 160 15.57
63 161 16.59
63 162 17.52
63 163 18.40
63 164 19.23
63 165 20.02
63 166 20.76
63 167 21.46
63 168 22.09
63 169 22.61
63 170 23.16
63 171 12.30
63 172 13.50
63 173 14.61
63 174 15.67
63 175 16.67
63 176 17.64
63 177 18.57
63 178 19.47
63 179 20.35
63 180 21.21
63 181 22.04
63 182 22.84
63 183 23.72
63 184 11.17
63 185 12.18
63 186 13.21
63 187 14.23
63 188 15.24
63 189 16.25
63 190 17.24
63 191 18.22
63 192 19.20
63 193 20.17
63 194 21.17
63 195 22.23
63 196 23.42
63 197 9.93
63 198 10.60
63 199 11.44
63 200 12.35
63 201 13.30
63 202 14.28
63 203 15.28
63 204 16.30
63 205 17.34
63 206 18.40
63 207 19.53
63 208 20.81
63 209 22.27
63 210 15.95
64 1 6.27
64 2 8.81
64 3 8.62
64 4 8.81
64 5 9.26
64 6 9.89
64 7 10.66
64 8 11.52
64 9 12.48
64 10 13.51
64 11 14.63
64 12 15.89
64 13 17.46
64 14 19.26
64 15 8.22
64 16 7.42
64 17 7.04
64 18 6.99
64 19 7.22
64 20 7.69
64 21 8.35
64 22 9.16
64 23 10.10
64 24 11.19
64 25 12.46
64 26 14.12
64 27 16.05
64 28 8.26
64 29 7.06
64 30 6.12
64 31 5.43
64 32 5.00
64 33 4.89
64 34 5.11
64 35 5.61
64 36 6.37
64 37 7.34
64 38 8.57
64 39 10.27
64 40 12.27
64 41 8.92
64 42 7.69
64 43 6.57
64 44 5.52
64 45 4.53
64 46 3.64
64 47 2.90
64 48 2.49
64 49 2.60
64 50 3.26
64 51 4.36
64 52 6.05
64 53 8.06
64 54 10.00
64 55 9.03
64 56 8.10
64 57 7.19
64 58 6.27
64 59 5.34
64 60 4.39
64 61 3.41
64 62 2.38
64 63 1.27
64 64 0.00
64 65 1.70
64 66 3.71
64 67 11.24
64 68 10.68
64 69 10.09
64 70 9.49
64 71 8.86
64 72 8.22
64 73 7.55
64 74 6.86
64 75 6.12
64 76 5.31
64 77 4.36
64 78 3.04
64 79 2.04
64 80 12.45
64 81 12.32
64 82 12.10
64 83 11.83
64 84 11.52
64 85 11.17
64 86 10.78
64 87 10.36
64 88 9.87
64 89 9.30
64 90 8.57
64 91 7.39
64 92 6.13
64 93 13.48
64 94 13.76
64 95 13.89
64 96 13.93
64 97 13.91
64 98 13.84
64 99 13.72
64 100 13.54
64 101 13.30
64 102 12.96
64 103 12.46
64 104 11.51
64 105 10.45
64 106 14.23
64 107 14.86
64 108 15.31
64 109 15.64
64 110 15.89
64 111 16.08
64 112 16.20
64 113 16.27
64 114 16.26
64 115 16.15
64 116 15.89
64 117 15.22
64 118 14.44
64 119 14.64
64 120 15.57
64 121 16.28
64 122 16.86
64 123 17.35
64 124 17.77
64 125 18.12
64 126 18.41
64 127 18.62
64 128 18.75
64 129 18.73
64 130 18.37
64 131 17.92
64 132 14.69
64 133 15.82
64 134 16.74
64 135 17.53
64 136 18.22
64 137 18.84
64 138 19.39
64 139 19.89
64 140 20.31
64 141 20.66
64 142 20.89
64 143 20.85
64 144 20.75
64 145 14.36
64 146 15.61
64 147 16.67
64 148 17.61
64 149 18.46
64 150 19.24
64 151 19.97
64 152 20.64
64 153 21.26
64 154 21.82
64 155 22.28
64 156 22.56
64 157 22.83
64 158 13.68
64 159 14.94
64 160 16.07
64 161 17.10
64 162 18.06
64 163 18.96
64 164 19.83
64 165 20.65
64 166 21.43
64 167 22.17
64 168 22.86
64 169 23.44
64 170 24.07
64 171 12.72
64 172 13.87
64 173 14.97
64 174 16.02
64 175 17.03
64 176 18.02
64 177 18.97
64 178 19.90
64 179 20.81
64 180 21.71
64 181 22.59
64 182 23.46
64 183 24.43
64 184 11.54
64 185 12.46
64 186 13.44
64 187 14.43
64 188 15.44
64 189 16.44
64 190 17.44
64 191 18.43
64 192 19.44
64 193 20.45
64 194 21.49
64 195 22.62
64 196 23.90
64 197 10.29
64 198 10.83
64 199 11.57
64 200 12.42
64 201 13.34
64 202 14.30
64 203 15.28
64 204 16.30
64 205 17.35
64 206 18.44
64 207 19.60
64 208 20.96
64 209 22.49
64 210 16.75
65 1 6.78
65 2 9.23
65 3 8.80
65 4 8.78
65 5 9.04
65 6 9.52
65 7 10.17
65 8 10.95
65 9 11.85
65 10 12.84
65 11 13.95
65 12 15.22
65 13 16.85
65 14 18.72
65 15 8.85
65 16 7.87
65 17 7.26
65 18 6.96
65 19 6.95
65 20 7.20
65 21 7.69
65 22 8.38
65 23 9.24
65 24 10.27
65 25 11.52
65 26 13.21
65 27 15.19
65 28 9.11
65 29 7.86
65 30 6.81
65 31 5.93
65 32 5.24
65 33 4.81
65 34 4.67
65 35 4.88
65 36 5.41
65 37 6.25
65 38 7.39
65 39 9.08
65 40 11.10
65 41 9.93
65 42 8.76
65 43 7.66
65 44 6.61
65 45 5.60
65 46 4.61
65 47 3.67
65 48 2.82
65 49 2.25
65 50 2.26
65 51 3.04
65 52 4.63
65 53 6.62
65 54 11.09
65 55 10.23
65 56 9.39
65 57 8.55
65 58 7.69
65 59 6.83
65 60 5.93
65 61 5.00
65 62 4.02
65 63 2.94
65 64 1.70
65 65 0.00
65 66 2.01
65 67 12.34
65 68 11.90
65 69 11.42
65 70 10.90
65 71 10.35
65 72 9.77
65 73 9.16
65 74 8.51
65 75 7.81
65 76 7.01
65 77 6.05
65 78 4.63
65 79 3.12
65 80 13.50
65 81 13.50
65 82 13.38
65 83 13.20
65 84 12.96
65 85 12.68
65 86 12.35
65 87 11.97
65 88 11.53
65 89 10.99
65 90 10.27
65 91 9.09
65 92 7.75
65 93 14.45
65 94 14.85
65 95 15.08
65 96 15.21
65 97 15.26
65 98 15.26
65 99 15.20
65 100 15.08
65 101 14.89
65 102 14.59
65 103 14.12
65 104 13.21
65 105 12.15
65 106 15.10
65 107 15.84
65 108 16.37
65 109 16.78
65 110 17.11
65 111 17.36
65 112 17.55
65 113 17.67
65 114 17.72
65 115 17.67
65 116 17.46
65 117 16.85
65 118 16.12
65 119 15.39
65 120 16.40
65 121 17.18
65 122 17.84
65 123 18.39
65 124 18.88
65 125 19.29
65 126 19.64
65 127 19.92
65 128 20.11
65 129 20.15
65 130 19.87
65 131 19.50
65 132 15.31
65 133 16.49
65 134 17.47
65 135 18.31
65 136 19.06
65 137 19.74
65 138 20.36
65 139 20.91
65 140 21.40
65 141 21.81
65 142 22.11
65 143 22.16
65 144 22.16
65 145 14.85
65 146 16.12
65 147 17.21
65 148 18.18
65 149 19.08
65 150 19.91
65 151 20.69
65 152 21.42
65 153 22.10
65 154 22.72
65 155 23.26
65 156 23.63
65 157 24.01
65 158 14.06
65 159 15.29
65 160 16.41
65 161 17.46
65 162 18.45
65 163 19.39
65 164 20.29
65 165 21.16
65 166 21.99
65 167 22.79
65 168 23.55
65 169 24.24
65 170 24.98
65 171 13.00
65 172 14.08
65 173 15.14
65 174 16.18
65 175 17.20
65 176 18.19
65 177 19.17
65 178 20.13
65 179 21.09
65 180 22.03
65 181 22.98
65 182 23.95
65 183 25.04
65 184 11.77
65 185 12.56
65 186 13.46
65 187 14.41
65 188 15.38
65 189 16.37
65 190 17.37
65 191 18.39
65 192 19.41
65 193 20.46
65 194 21.56
65 195 22.79
65 196 24.17
65 197 10.54
65 198 10.89
65 199 11.50
65 200 12.25
65 201 13.10
65 202 14.01
65 203 14.98
65 204 15.99
65 205 17.04
65 206 18.15
65 207 19.35
65 208 20.79
65 209 22.42
65 210 17.54
66 1 7.65
66 2 9.88
66 3 9.22
66 4 8.94
66 5 8.97
66 6 9.25
66 7 9.73
66 8 10.38
66 9 11.17
66 10 12.11
66 11 13.18
66 12 14.44
66 13 16.12
66 14 18.06
66 15 9.75
66 16 8.62
66 17 7.80
66 18 7.24
66 19 6.94
66 20 6.91
66 21 7.15
66 22 7.62
66 23 8.33
66 24 9.26
66 25 10.45
66 26 12.15
66 27 14.16
66 28 10.23
66 29 8.96
66 30 7.85
66 31 6.85
66 32 5.97
66 33 5.24
66 34 4.72
66 35 4.49
66 36 4.63
66 37 5.17
66 38 6.13
66 39 7.75
66 40 9.74
66 41 11.19
66 42 10.10
66 43 9.06
66 44 8.05
66 45 7.05
66 46 6.05
66 47 5.05
66 48 4.06
66 49 3.09
66 50 2.27
66 51 2.04
66 52 3.12
66 53 4.96
66 54 12.40
66 55 11.67
66 56 10.93
66 57 10.18
66 58 9.40
66 59 8.60
66 60 7.77
66 61 6.90
66 62 5.96
66 63 4.92
66 64 3.71
66 65 2.01
66 66 0.00
66 67 13.64
66 68 13.34
66 69 12.97
66 70 12.55
66 71 12.08
66 72 11.58
66 73 11.03
66 74 10.44
66 75 9.78
66 76 9.01
66 77 8.06
66 78 6.62
66 79 4.96
66 80 14.75
66 81 14.88
66 82 14.87
66 83 14.78
66 84 14.63
66 85 14.43
66 86 14.17
66 87 13.85
66 88 13.45
66 89 12.95
66 90 12.27
66 91 11.10
66 92 9.74
66 93 15.60
66 94 16.12
66 95 16.45
66 96 16.68
66 97 16.82
66 98 16.89
66 99 16.90
66 100 16.85
66 101 16.71
66 102 16.47
66 103 16.05
66 104 15.19
66 105 14.16
66 106 16.12
66 107 16.97
66 108 17.59
66 109 18.09
66 110 18.50
66 111 18.83
66 112 19.09
66 113 19.28
66 114 19.39
66 115 19.41
66 116 19.26
66 117 18.72
66 118 18.06
66 119 16.28
66 120 17.36
66 121 18.22
66 122 18.95
66 123 19.58
66 124 20.14
66 125 20.62
66 126 21.04
66 127 21.39
66 128 21.65
66 129 21.77
66 130 21.57
66 131 21.30
66 132 16.05
66 133 17.28
66 134 18.30
66 135 19.21
66 136 20.02
66 137 20.76
66 138 21.44
66 139 22.06
66 140 22.62
66 141 23.10
66 142 23.48
66 143 23.63
66 144 23.75
66 145 15.45
66 146 16.72
66 147 17.83
66 148 18.85
66 149 19.79
66 150 20.67
66 151 21.50
66 152 22.29
66 153 23.03
66 154 23.72
66 155 24.34
66 156 24.83
66 157 25.33
66 158 14.54
66 159 15.72
66 160 16.83
66 161 17.89
66 162 18.90
66 163 19.87
66 164 20.81
66 165 21.72
66 166 22.60
66 167 23.47
66 168 24.30
66 169 25.11
66 170 25.98
66 171 13.39
66 172 14.36
66 173 15.37
66 174 16.38
66 175 17.39
66 176 18.39
66 177 19.39
66 178 20.38
66 179 21.37
66 180 22.36
66 181 23.38
66 182 24.47
66 183 25.68
66 184 12.14
66 185 12.76
66 186 13.54
66 187 14.42
66 188 15.34
66 189 16.31
66 190 17.30
66 191 18.32
66 192 19.36
66 193 20.45
66 194 21.60
66 195 22.93
66 196 24.43
66 197 10.97
66 198 11.09
66 199 11.52
66 200 12.14
66 201 12.89
66 202 13.73
66 203 14.64
66 204 15.63
66 205 16.67
66 206 17.80
66 207 19.03
66 208 20.55
66 209 22.29
66 210 18.45
67 1 6.30
67 2 5.37
67 3 6.64
67 4 7.75
67 5 8.76
67 6 9.71
67 7 10.60
67 8 11.46
67 9 12.29
67 10 13.09
67 11 13.88
67 12 14.64
67 13 15.39
67 14 16.28
67 15 4.56
67 16 5.80
67 17 6.93
67 18 7.97
67 19 8.95
67 20 9.89
67 21 10.79
67 22 11.67
67 23 12.53
67 24 13.38
67 25 14.23
67 26 15.10
67 27 16.12
67 28 3.57
67 29 4.77
67 30 5.89
67 31 6.94
67 32 7.94
67 33 8.90
67 34 9.84
67 35 10.76
67 36 11.66
67 37 12.57
67 38 13.48
67 39 14.45
67 40 15.60
67 41 2.46
67 42 3.58
67 43 4.69
67 44 5.74
67 45 6.75
67 46 7.73
67 47 8.68
67 48 9.62
67 49 10.55
67 50 11.49
67 51 12.45
67 52 13.50
67 53 14.75
67 54 1.25
67 55 2.33
67 56 3.44
67 57 4.49
67 58 5.50
67 59 6.48
67 60 7.43
67 61 8.38
67 62 9.31
67 63 10.26
67 64 11.24
67 65 12.34
67 66 13.64
67 67 0.00
67 68 1.27
67 69 2.38
67 70 3.41
67 71 4.39
67 72 5.34
67 73 6.27
67 74 7.19
67 75 8.10
67 76 9.03
67 77 10.00
67 78 11.09
67 79 12.40
67 80 1.25
67 81 1.39
67 82 2.10
67 83 2.93
67 84 3.78
67 85 4.62
67 86 5.47
67 87 6.31
67 88 7.16
67 89 8.02
67 90 8.92
67 91 9.93
67 92 11.19
67 93 2.46
67 94 2.51
67 95 2.87
67 96 3.38
67 97 3.99
67 98 4.64
67 99 5.33
67 100 6.03
67 101 6.75
67 102 7.49
67 103 8.26
67 104 9.11
67 105 10.23
67 106 3.57
67 107 3.76
67 108 4.07
67 109 4.45
67 110 4.90
67 111 5.39
67 112 5.91
67 113 6.46
67 114 7.03
67 115 7.62
67 116 8.22
67 117 8.85
67 118 9.75
67 119 4.56
67 120 4.93
67 121 5.31
67 122 5.70
67 123 6.11
67 124 6.54
67 125 6.98
67 126 7.43
67 127 7.89
67 128 8.36
67 129 8.81
67 130 9.23
67 131 9.88
67 132 5.37
67 133 5.94
67 134 6.44
67 135 6.90
67 136 7.35
67 137 7.79
67 138 8.23
67 139 8.65
67 140 9.07
67 141 9.48
67 142 9.85
67 143 10.13
67 144 10.60
67 145 5.99
67 146 6.75
67 147 7.37
67 148 7.94
67 149 8.46
67 150 8.96
67 151 9.43
67 152 9.89
67 153 10.32
67 154 10.73
67 155 11.08
67 156 11.32
67 157 11.70
67 158 6.39
67 159 7.31
67 160 8.07
67 161 8.74
67 162 9.35
67 163 9.93
67 164 10.47
67 165 10.98
67 166 11.47
67 167 11.91
67 168 12.31
67 169 12.56
67 170 12.94
67 171 6.56
67 172 7.61
67 173 8.49
67 174 9.26
67 175 9.97
67 176 10.63
67 177 11.25
67 178 11.83
67 179 12.39
67 180 12.90
67 181 13.36
67 182 13.70
67 183 14.14
67 184 6.48
67 185 7.65
67 186 8.62
67 187 9.48
67 188 10.28
67 189 11.02
67 190 11.72
67 191 12.38
67 192 13.01
67 193 13.60
67 194 14.15
67 195 14.60
67 196 15.15
67 197 6.16
67 198 7.40
67 199 8.45
67 200 9.39
67 201 10.25
67 202 11.07
67 203 11.84
67 204 12.58
67 205 13.29
67 206 13.97
67 207 14.61
67 208 15.18
67 209 15.87
67 210 6.17
68 1 6.37
68 2 5.94
68 3 7.19
68 4 8.31
68 5 9.35
68 6 10.33
68 7 11.27
68 8 12.17
68 9 13.05
68 10 13.90
68 11 14.74
68 12 15.57
68 13 16.40
68 14 17.36
68 15 4.93
68 16 6.09
68 17 7.20
68 18 8.26
68 19 9.27
68 20 10.24
68 21 11.19
68 22 12.12
68 23 13.03
68 24 13.94
68 25 14.87
68 26 15.84
68 27 16.97
68 28 3.76
68 29 4.78
68 30 5.84
68 31 6.88
68 32 7.90
68 33 8.90
68 34 9.87
68 35 10.84
68 36 11.80
68 37 12.76
68 38 13.76
68 39 14.85
68 40 16.12
68 41 2.51
68 42 3.29
68 43 4.28
68 44 5.30
68 45 6.32
68 46 7.32
68 47 8.31
68 48 9.29
68 49 10.28
68 50 11.28
68 51 12.32
68 52 13.50
68 53 14.88
68 54 1.39
68 55 1.67
68 56 2.61
68 57 3.63
68 58 4.64
68 59 5.64
68 60 6.63
68 61 7.62
68 62 8.61
68 63 9.62
68 64 10.68
68 65 11.90
68 66 13.34
68 67 1.27
68 68 0.00
68 69 1.12
68 70 2.17
68 71 3.17
68 72 4.15
68 73 5.11
68 74 6.06
68 75 7.02
68 76 8.00
68 77 9.03
68 78 10.23
68 79 11.67
68 80 2.33
68 81 1.67
68 82 1.58
68 83 2.00
68 84 2.67
68 85 3.43
68 86 4.22
68 87 5.05
68 88 5.89
68 89 6.76
68 90 7.69
68 91 8.76
68 92 10.10
68 93 3.58
68 94 3.29
68 95 3.21
68 96 3.33
68 97 3.62
68 98 4.03
68 99 4.53
68 100 5.09
68 101 5.70
68 102 6.35
68 103 7.06
68 104 7.86
68 105 8.96
68 106 4.77
68 107 4.78
68 108 4.86
68 109 5.00
68 110 5.21
68 111 5.48
68 112 5.80
68 113 6.16
68 114 6.56
68 115 6.98
68 116 7.42
68 117 7.87
68 118 8.62
68 119 5.80
68 120 6.09
68 121 6.35
68 122 6.61
68 123 6.88
68 124 7.16
68 125 7.44
68 126 7.74
68 127 8.04
68 128 8.34
68 129 8.62
68 130 8.80
68 131 9.22
68 132 6.64
68 133 7.19
68 134 7.63
68 135 8.03
68 136 8.40
68 137 8.75
68 138 9.09
68 139 9.41
68 140 9.72
68 141 9.99
68 142 10.22
68 143 10.29
68 144 10.52
68 145 7.24
68 146 8.01
68 147 8.64
68 148 9.18
68 149 9.67
68 150 10.12
68 151 10.55
68 152 10.94
68 153 11.31
68 154 11.63
68 155 11.88
68 156 11.96
68 157 12.15
68 158 7.59
68 159 8.55
68 160 9.33
68 161 10.01
68 162 10.62
68 163 11.19
68 164 11.71
68 165 12.20
68 166 12.65
68 167 13.06
68 168 13.39
68 169 13.55
68 170 13.80
68 171 7.66
68 172 8.77
68 173 9.68
68 174 10.48
68 175 11.21
68 176 11.89
68 177 12.51
68 178 13.10
68 179 13.65
68 180 14.16
68 181 14.60
68 182 14.89
68 183 15.27
68 184 7.45
68 185 8.67
68 186 9.68
68 187 10.59
68 188 11.41
68 189 12.19
68 190 12.91
68 191 13.60
68 192 14.25
68 193 14.86
68 194 15.42
68 195 15.87
68 196 16.40
68 197 6.98
68 198 8.24
68 199 9.33
68 200 10.31
68 201 11.22
68 202 12.07
68 203 12.89
68 204 13.66
68 205 14.41
68 206 15.12
68 207 15.80
68 208 16.41
68 209 17.13
68 210 7.32
69 1 6.42
69 2 6.44
69 3 7.63
69 4 8.75
69 5 9.80
69 6 10.81
69 7 11.77
69 8 12.71
69 9 13.62
69 10 14.51
69 11 15.40
69 12 16.28
69 13 17.18
69 14 18.22
69 15 5.31
69 16 6.35
69 17 7.42
69 18 8.46
69 19 9.48
69 20 10.47
69 21 11.45
69 22 12.41
69 23 13.37
69 24 14.33
69 25 15.31
69 26 16.37
69 27 17.59
69 28 4.07
69 29 4.86
69 30 5.82
69 31 6.82
69 32 7.83
69 33 8.83
69 34 9.82
69 35 10.82
69 36 11.82
69 37 12.83
69 38 13.89
69 39 15.08
69 40 16.45
69 41 2.87
69 42 3.21
69 43 4.00
69 44 4.94
69 45 5.92
69 46 6.92
69 47 7.92
69 48 8.93
69 49 9.95
69 50 10.99
69 51 12.10
69 52 13.38
69 53 14.87
69 54 2.10
69 55 1.58
69 56 2.04
69 57 2.91
69 58 3.88
69 59 4.88
69 60 5.88
69 61 6.89
69 62 7.91
69 63 8.97
69 64 10.09
69 65 11.42
69 66 12.97
69 67 2.38
69 68 1.12
69 69 0.00
69 70 1.05
69 71 2.07
69 72 3.06
69 73 4.03
69 74 5.01
69 75 6.00
69 76 7.02
69 77 8.10
69 78 9.39
69 79 10.93
69 80 3.44
69 81 2.61
69 82 2.04
69 83 1.83
69 84 2.05
69 85 2.56
69 86 3.23
69 87 3.98
69 88 4.79
69 89 5.64
69 90 6.57
69 91 7.66
69 92 9.07
69 93 4.69
69 94 4.28
69 95 4.00
69 96 3.86
69 97 3.85
69 98 3.98
69 99 4.23
69 100 4.59
69 101 5.03
69 102 5.54
69 103 6.12
69 104 6.80
69 105 7.85
69 106 5.89
69 107 5.84
69 108 5.82
69 109 5.83
69 110 5.89
69 111 5.99
69 112 6.14
69 113 6.32
69 114 6.54
69 115 6.78
69 116 7.04
69 117 7.26
69 118 7.80
69 119 6.93
69 120 7.20
69 121 7.42
69 122 7.61
69 123 7.80
69 124 7.98
69 125 8.17
69 126 8.35
69 127 8.53
69 128 8.69
69 129 8.81
69 130 8.78
69 131 8.94
69 132 7.75
69 133 8.31
69 134 8.75
69 135 9.12
69 136 9.46
69 137 9.76
69 138 10.05
69 139 10.31
69 140 10.54
69 141 10.73
69 142 10.84
69 143 10.76
69 144 10.78
69 145 8.31
69 146 9.12
69 147 9.76
69 148 10.30
69 149 10.79
69 150 11.23
69 151 11.63
69 152 12.00
69 153 12.32
69 154 12.60
69 155 12.79
69 156 12.77
69 157 12.82
69 158 8.59
69 159 9.60
69 160 10.41
69 161 11.11
69 162 11.73
69 163 12.31
69 164 12.84
69 165 13.32
69 166 13.76
69 167 14.15
69 168 14.46
69 169 14.57
69 170 14.74
69 171 8.57
69 172 9.72
69 173 10.67
69 174 11.51
69 175 12.26
69 176 12.96
69 177 13.60
69 178 14.21
69 179 14.77
69 180 15.28
69 181 15.72
69 182 16.00
69 183 16.35
69 184 8.26
69 185 9.50
69 186 10.55
69 187 11.49
69 188 12.35
69 189 13.15
69 190 13.90
69 191 14.62
69 192 15.29
69 193 15.93
69 194 16.51
69 195 16.98
69 196 17.53
69 197 7.66
69 198 8.93
69 199 10.04
69 200 11.05
69 201 11.99
69 202 12.87
69 203 13.72
69 204 14.53
69 205 15.31
69 206 16.06
69 207 16.77
69 208 17.43
69 209 18.20
69 210 8.42
70 1 6.49
70 2 6.90
70 3 8.03
70 4 9.12
70 5 10.17
70 6 11.19
70 7 12.17
70 8 13.13
70 9 14.08
70 10 15.01
70 11 15.93
70 12 16.86
70 13 17.84
70 14 18.95
70 15 5.70
70 16 6.61
70 17 7.61
70 18 8.63
70 19 9.64
70 20 10.64
70 21 11.63
70 22 12.62
70 23 13.61
70 24 14.61
70 25 15.64
70 26 16.78
70 27 18.09
70 28 4.45
70 29 5.00
70 30 5.83
70 31 6.76
70 32 7.74
70 33 8.73
70 34 9.73
70 35 10.74
70 36 11.77
70 37 12.82
70 38 13.93
70 39 15.20
70 40 16.68
70 41 3.38
70 42 3.33
70 43 3.86
70 44 4.65
70 45 5.57
70 46 6.53
70 47 7.53
70 48 8.55
70 49 9.59
70 50 10.67
70 51 11.83
70 52 13.20
70 53 14.78
70 54 2.93
70 55 2.00
70 56 1.83
70 57 2.37
70 58 3.22
70 59 4.17
70 60 5.16
70 61 6.18
70 62 7.23
70 63 8.31
70 64 9.49
70 65 10.90
70 66 12.55
70 67 3.41
70 68 2.17
70 69 1.05
70 70 0.00
70 71 1.02
70 72 2.02
70 73 3.01
70 74 4.00
70 75 5.01
70 76 6.06
70 77 7.19
70 78 8.55
70 79 10.18
70 80 4.49
70 81 3.63
70 82 2.91
70 83 2.37
70 84 2.09
70 85 2.16
70 86 2.53
70 87 3.12
70 88 3.82
70 89 4.62
70 90 5.52
70 91 6.61
70 92 8.05
70 93 5.74
70 94 5.30
70 95 4.94
70 96 4.65
70 97 4.46
70 98 4.37
70 99 4.38
70 100 4.50
70 101 4.72
70 102 5.03
70 103 5.43
70 104 5.93
70 105 6.85
70 106 6.94
70 107 6.88
70 108 6.82
70 109 6.76
70 110 6.73
70 111 6.72
70 112 6.74
70 113 6.78
70 114 6.85
70 115 6.92
70 116 6.99
70 117 6.96
70 118 7.24
70 119 7.97
70 120 8.26
70 121 8.46
70 122 8.63
70 123 8.77
70 124 8.90
70 125 9.02
70 126 9.13
70 127 9.22
70 128 9.27
70 129 9.26
70 130 9.04
70 131 8.97
70 132 8.76
70 133 9.35
70 134 9.80
70 135 10.17
70 136 10.50
70 137 10.78
70 138 11.04
70 139 11.26
70 140 11.44
70 141 11.57
70 142 11.61
70 143 11.41
70 144 11.27
70 145 9.27
70 146 10.12
70 147 10.78
70 148 11.35
70 149 11.84
70 150 12.28
70 151 12.68
70 152 13.03
70 153 13.34
70 154 13.59
70 155 13.75
70 156 13.66
70 157 13.61
70 158 9.48
70 159 10.53
70 160 11.37
70 161 12.10
70 162 12.75
70 163 13.34
70 164 13.88
70 165 14.37
70 166 14.81
70 167 15.20
70 168 15.50
70 169 15.59
70 170 15.71
70 171 9.38
70 172 10.56
70 173 11.55
70 174 12.41
70 175 13.19
70 176 13.91
70 177 14.59
70 178 15.21
70 179 15.79
70 180 16.31
70 181 16.77
70 182 17.06
70 183 17.40
70 184 8.96
70 185 10.22
70 186 11.30
70 187 12.27
70 188 13.16
70 189 13.99
70 190 14.77
70 191 15.51
70 192 16.22
70 193 16.88
70 194 17.49
70 195 17.99
70 196 18.56
70 197 8.26
70 198 9.52
70 199 10.64
70 200 11.67
70 201 12.64
70 202 13.55
70 203 14.43
70 204 15.27
70 205 16.08
70 206 16.87
70 207 17.62
70 208 18.33
70 209 19.15
70 210 9.47
71 1 6.59
71 2 7.35
71 3 8.40
71 4 9.46
71 5 10.50
71 6 11.51
71 7 12.51
71 8 13.49
71 9 14.46
71 10 15.42
71 11 16.38
71 12 17.35
71 13 18.39
71 14 19.58
71 15 6.11
71 16 6.88
71 17 7.80
71 18 8.77
71 19 9.76
71 20 10.76
71 21 11.76
71 22 12.77
71 23 13.78
71 24 14.82
71 25 15.89
71 26 17.11
71 27 18.50
71 28 4.90
71 29 5.21
71 30 5.89
71 31 6.73
71 32 7.66
71 33 8.62
71 34 9.62
71 35 10.64
71 36 11.68
71 37 12.76
71 38 13.91
71 39 15.26
71 40 16.82
71 41 3.99
71 42 3.62
71 43 3.85
71 44 4.46
71 45 5.27
71 46 6.18
71 47 7.15
71 48 8.16
71 49 9.21
71 50 10.32
71 51 11.52
71 52 12.96
71 53 14.63
71 54 3.78
71 55 2.67
71 56 2.05
71 57 2.09
71 58 2.68
71 59 3.53
71 60 4.48
71 61 5.49
71 62 6.54
71 63 7.65
71 64 8.86
71 65 10.35
71 66 12.08
71 67 4.39
71 68 3.17
71 69 2.07
71 70 1.02
71 71 0.00
71 72 1.00
71 73 2.00
71 74 3.01
71 75 4.03
71 76 5.11
71 77 6.27
71 78 7.69
71 79 9.40
71 80 5.50
71 81 4.64
71 82 3.88
71 83 3.22
71 84 2.68
71 85 2.35
71 86 2.29
71 87 2.54
71 88 3.04
71 89 3.71
71 90 4.53
71 91 5.60
71 92 7.05
71 93 6.75
71 94 6.32
71 95 5.92
71 96 5.57
71 97 5.27
71 98 5.03
71 99 4.86
71 100 4.77
71 101 4.77
71 102 4.84
71 103 5.00
71 104 5.24
71 105 5.97
71 106 7.94
71 107 7.90
71 108 7.82
71 109 7.74
71 110 7.66
71 111 7.58
71 112 7.51
71 113 7.45
71 114 7.40
71 115 7.33
71 116 7.22
71 117 6.95
71 118 6.94
71 119 8.95
71 120 9.27
71 121 9.48
71 122 9.64
71 123 9.76
71 124 9.86
71 125 9.94
71 126 10.00
71 127 10.03
71 128 10.00
71 129 9.89
71 130 9.52
71 131 9.25
71 132 9.71
71 133 10.33
71 134 10.80
71 135 11.19
71 136 11.51
71 137 11.79
71 138 12.03
71 139 12.24
71 140 12.39
71 141 12.49
71 142 12.47
71 143 12.18
71 144 11.92
71 145 10.17
71 146 11.05
71 147 11.75
71 148 12.33
71 149 12.84
71 150 13.29
71 151 13.70
71 152 14.05
71 153 14.36
71 154 14.59
71 155 14.73
71 156 14.60
71 157 14.49
71 158 10.31
71 159 11.39
71 160 12.27
71 161 13.02
71 162 13.70
71 163 14.31
71 164 14.86
71 165 15.37
71 166 15.82
71 167 16.22
71 168 16.52
71 169 16.60
71 170 16.70
71 171 10.12
71 172 11.33
71 173 12.34
71 174 13.24
71 175 14.05
71 176 14.79
71 177 15.49
71 178 16.14
71 179 16.74
71 180 17.28
71 181 17.75
71 182 18.06
71 183 18.41
71 184 9.61
71 185 10.88
71 186 11.98
71 187 12.97
71 188 13.88
71 189 14.74
71 190 15.55
71 191 16.32
71 192 17.05
71 193 17.74
71 194 18.39
71 195 18.93
71 196 19.54
71 197 8.82
71 198 10.05
71 199 11.18
71 200 12.22
71 201 13.21
71 202 14.15
71 203 15.05
71 204 15.92
71 205 16.76
71 206 17.58
71 207 18.38
71 208 19.14
71 209 20.01
71 210 10.49
72 1 6.71
72 2 7.79
72 3 8.75
72 4 9.76
72 5 10.78
72 6 11.79
72 7 12.80
72 8 13.79
72 9 14.77
72 10 15.76
72 11 16.75
72 12 17.77
72 13 18.88
72 14 20.14
72 15 6.54
72 16 7.16
72 17 7.98
72 18 8.90
72 19 9.87
72 20 10.85
72 21 11.85
72 22 12.87
72 23 13.90
72 24 14.96
72 25 16.08
72 26 17.36
72 27 18.83
72 28 5.39
72 29 5.48
72 30 5.99
72 31 6.72
72 32 7.58
72 33 8.51
72 34 9.48
72 35 10.50
72 36 11.55
72 37 12.65
72 38 13.84
72 39 15.26
72 40 16.89
72 41 4.64
72 42 4.03
72 43 3.98
72 44 4.37
72 45 5.03
72 46 5.85
72 47 6.78
72 48 7.77
72 49 8.82
72 50 9.94
72 51 11.17
72 52 12.68
72 53 14.43
72 54 4.62
72 55 3.43
72 56 2.56
72 57 2.16
72 58 2.35
72 59 2.98
72 60 3.84
72 61 4.81
72 62 5.86
72 63 6.98
72 64 8.22
72 65 9.77
72 66 11.58
72 67 5.34
72 68 4.15
72 69 3.06
72 70 2.02
72 71 1.00
72 72 0.00
72 73 1.00
72 74 2.02
72 75 3.06
72 76 4.15
72 77 5.34
72 78 6.83
72 79 8.60
72 80 6.48
72 81 5.64
72 82 4.88
72 83 4.17
72 84 3.53
72 85 2.98
72 86 2.59
72 87 2.43
72 88 2.56
72 89 2.98
72 90 3.64
72 91 4.61
72 92 6.05
72 93 7.73
72 94 7.32
72 95 6.92
72 96 6.53
72 97 6.18
72 98 5.85
72 99 5.57
72 100 5.33
72 101 5.13
72 102 4.99
72 103 4.89
72 104 4.81
72 105 5.24
72 106 8.90
72 107 8.90
72 108 8.83
72 109 8.73
72 110 8.62
72 111 8.51
72 112 8.39
72 113 8.26
72 114 8.11
72 115 7.94
72 116 7.69
72 117 7.20
72 118 6.91
72 119 9.89
72 120 10.24
72 121 10.47
72 122 10.64
72 123 10.76
72 124 10.85
72 125 10.91
72 126 10.94
72 127 10.92
72 128 10.84
72 129 10.66
72 130 10.17
72 131 9.73
72 132 10.60
72 133 11.27
72 134 11.77
72 135 12.17
72 136 12.51
72 137 12.80
72 138 13.04
72 139 13.23
72 140 13.37
72 141 13.44
72 142 13.40
72 143 13.05
72 144 12.70
72 145 11.00
72 146 11.93
72 147 12.66
72 148 13.27
72 149 13.80
72 150 14.27
72 151 14.69
72 152 15.05
72 153 15.36
72 154 15.59
72 155 15.72
72 156 15.57
72 157 15.42
72 158 11.08
72 159 12.19
72 160 13.10
72 161 13.89
72 162 14.59
72 163 15.22
72 164 15.80
72 165 16.32
72 166 16.79
72 167 17.20
72 168 17.51
72 169 17.60
72 170 17.70
72 171 10.81
72 172 12.04
72 173 13.08
72 174 14.00
72 175 14.84
72 176 15.61
72 177 16.33
72 178 17.00
72 179 17.63
72 180 18.20
72 181 18.70
72 182 19.03
72 183 19.40
72 184 10.22
72 185 11.49
72 186 12.60
72 187 13.61
72 188 14.55
72 189 15.43
72 190 16.27
72 191 17.06
72 192 17.82
72 193 18.55
72 194 19.22
72 195 19.80
72 196 20.46
72 197 9.34
72 198 10.55
72 199 11.67
72 200 12.72
72 201 13.72
72 202 14.68
72 203 15.60
72 204 16.50
72 205 17.37
72 206 18.23
72 207 19.06
72 208 19.88
72 209 20.81
72 210 11.47
73 1 6.85
73 2 8.23
73 3 9.09
73 4 10.05
73 5 11.04
73 6 12.04
73 7 13.04
73 8 14.04
73 9 15.04
73 10 16.04
73 11 17.06
73 12 18.12
73 13 19.29
73 14 20.62
73 15 6.98
73 16 7.45
73 17 8.17
73 18 9.02
73 19 9.94
73 20 10.91
73 21 11.90
73 22 12.92
73 23 13.97
73 24 15.05
73 25 16.20
73 26 17.55
73 27 19.09
73 28 5.91
73 29 5.80
73 30 6.14
73 31 6.74
73 32 7.51
73 33 8.39
73 34 9.33
73 35 10.33
73 36 11.39
73 37 12.50
73 38 13.72
73 39 15.20
73 40 16.90
73 41 5.33
73 42 4.53
73 43 4.23
73 44 4.38
73 45 4.86
73 46 5.57
73 47 6.42
73 48 7.37
73 49 8.41
73 50 9.53
73 51 10.78
73 52 12.35
73 53 14.17
73 54 5.47
73 55 4.22
73 56 3.23
73 57 2.53
73 58 2.29
73 59 2.59
73 60 3.27
73 61 4.16
73 62 5.17
73 63 6.29
73 64 7.55
73 65 9.16
73 66 11.03
73 67 6.27
73 68 5.11
73 69 4.03
73 70 3.01
73 71 2.00
73 72 1.00
73 73 0.00
73 74 1.02
73 75 2.07
73 76 3.17
73 77 4.39
73 78 5.93
73 79 7.77
73 80 7.43
73 81 6.63
73 82 5.88
73 83 5.16
73 84 4.48
73 85 3.84
73 86 3.27
73 87 2.81
73 88 2.55
73 89 2.56
73 90 2.90
73 91 3.67
73 92 5.05
73 93 8.68
73 94 8.31
73 95 7.92
73 96 7.53
73 97 7.15
73 98 6.78
73 99 6.42
73 100 6.08
73 101 5.75
73 102 5.43
73 103 5.11
73 104 4.67
73 105 4.72
73 106 9.84
73 107 9.87
73 108 9.82
73 109 9.73
73 110 9.62
73 111 9.48
73 112 9.33
73 113 9.16
73 114 8.96
73 115 8.70
73 116 8.35
73 117 7.69
73 118 7.15
73 119 10.79
73 120 11.19
73 121 11.45
73 122 11.63
73 123 11.76
73 124 11.85
73 125 11.90
73 126 11.91
73 127 11.87
73 128 11.76
73 129 11.52
73 130 10.95
73 131 10.38
73 132 11.46
73 133 12.17
73 134 12.71
73 135 13.13
73 136 13.49
73 137 13.79
73 138 14.04
73 139 14.23
73 140 14.37
73 141 14.43
73 142 14.37
73 143 13.98
73 144 13.56
73 145 11.80
73 146 12.77
73 147 13.53
73 148 14.17
73 149 14.73
73 150 15.22
73 151 15.65
73 152 16.03
73 153 16.35
73 154 16.59
73 155 16.72
73 156 16.57
73 157 16.39
73 158 11.80
73 159 12.95
73 160 13.89
73 161 14.71
73 162 15.43
73 163 16.09
73 164 16.69
73 165 17.24
73 166 17.73
73 167 18.16
73 168 18.49
73 169 18.59
73 170 18.70
73 171 11.46
73 172 12.71
73 173 13.77
73 174 14.71
73 175 15.58
73 176 16.38
73 177 17.12
73 178 17.82
73 179 18.47
73 180 19.07
73 181 19.60
73 182 19.97
73 183 20.37
73 184 10.79
73 185 12.05
73 186 13.17
73 187 14.20
73 188 15.15
73 189 16.06
73 190 16.92
73 191 17.75
73 192 18.54
73 193 19.29
73 194 20.00
73 195 20.63
73 196 21.33
73 197 9.84
73 198 11.01
73 199 12.12
73 200 13.17
73 201 14.18
73 202 15.15
73 203 16.10
73 204 17.02
73 205 17.92
73 206 18.81
73 207 19.68
73 208 20.56
73 209 21.55
73 210 12.42
74 1 7.02
74 2 8.66
74 3 9.41
74 4 10.31
74 5 11.26
74 6 12.24
74 7 13.23
74 8 14.23
74 9 15.24
74 10 16.27
74 11 17.31
74 12 18.41
74 13 19.64
74 14 21.04
74 15 7.43
74 16 7.74
74 17 8.35
74 18 9.13
74 19 10.00
74 20 10.93
74 21 11.91
74 22 12.93
74 23 13.98
74 24 15.08
74 25 16.27
74 26 17.67
74 27 19.28
74 28 6.46
74 29 6.16
74 30 6.32
74 31 6.78
74 32 7.45
74 33 8.26
74 34 9.16
74 35 10.13
74 36 11.18
74 37 12.30
74 38 13.55
74 39 15.08
74 40 16.85
74 41 6.03
74 42 5.09
74 43 4.59
74 44 4.50
74 45 4.77
74 46 5.33
74 47 6.08
74 48 6.97
74 49 7.98
74 50 9.09
74 51 10.36
74 52 11.97
74 53 13.85
74 54 6.31
74 55 5.05
74 56 3.98
74 57 3.12
74 58 2.54
74 59 2.43
74 60 2.81
74 61 3.55
74 62 4.50
74 63 5.59
74 64 6.86
74 65 8.51
74 66 10.44
74 67 7.19
74 68 6.06
74 69 5.01
74 70 4.00
74 71 3.01
74 72 2.02
74 73 1.02
74 74 0.00
74 75 1.05
74 76 2.17
74 77 3.41
74 78 5.00
74 79 6.90
74 80 8.38
74 81 7.62
74 82 6.89
74 83 6.18
74 84 5.49
74 85 4.81
74 86 4.16
74 87 3.55
74 88 3.02
74 89 2.62
74 90 2.49
74 91 2.82
74 92 4.06
74 93 9.62
74 94 9.29
74 95 8.93
74 96 8.55
74 97 8.16
74 98 7.77
74 99 7.37
74 100 6.97
74 101 6.56
74 102 6.12
74 103 5.61
74 104 4.88
74 105 4.49
74 106 10.76
74 107 10.84
74 108 10.82
74 109 10.74
74 110 10.64
74 111 10.50
74 112 10.33
74 113 10.13
74 114 9.89
74 115 9.59
74 116 9.16
74 117 8.38
74 118 7.62
74 119 11.67
74 120 12.12
74 121 12.41
74 122 12.62
74 123 12.77
74 124 12.87
74 125 12.92
74 126 12.93
74 127 12.88
74 128 12.74
74 129 12.48
74 130 11.85
74 131 11.17
74 132 12.29
74 133 13.05
74 134 13.62
74 135 14.08
74 136 14.46
74 137 14.77
74 138 15.04
74 139 15.24
74 140 15.39
74 141 15.45
74 142 15.38
74 143 14.97
74 144 14.51
74 145 12.57
74 146 13.58
74 147 14.37
74 148 15.05
74 149 15.63
74 150 16.15
74 151 16.60
74 152 17.00
74 153 17.33
74 154 17.59
74 155 17.73
74 156 17.58
74 157 17.41
74 158 12.49
74 159 13.67
74 160 14.64
74 161 15.49
74 162 16.24
74 163 16.93
74 164 17.56
74 165 18.13
74 166 18.65
74 167 19.10
74 168 19.45
74 169 19.58
74 170 19.71
74 171 12.07
74 172 13.33
74 173 14.41
74 174 15.38
74 175 16.27
74 176 17.10
74 177 17.87
74 178 18.60
74 179 19.28
74 180 19.90
74 181 20.46
74 182 20.87
74 183 21.32
74 184 11.32
74 185 12.57
74 186 13.70
74 187 14.74
74 188 15.71
74 189 16.64
74 190 17.53
74 191 18.38
74 192 19.20
74 193 19.98
74 194 20.73
74 195 21.41
74 196 22.17
74 197 10.31
74 198 11.44
74 199 12.53
74 200 13.58
74 201 14.59
74 202 15.58
74 203 16.54
74 204 17.49
74 205 18.41
74 206 19.33
74 207 20.25
74 208 21.18
74 209 22.23
74 210 13.35
75 1 7.20
75 2 9.07
75 3 9.72
75 4 10.54
75 5 11.44
75 6 12.39
75 7 13.37
75 8 14.37
75 9 15.39
75 10 16.42
75 11 17.50
75 12 18.63
75 13 19.92
75 14 21.39
75 15 7.89
75 16 8.04
75 17 8.53
75 18 9.22
75 19 10.03
75 20 10.92
75 21 11.87
75 22 12.88
75 23 13.93
75 24 15.04
75 25 16.26
75 26 17.72
75 27 19.39
75 28 7.03
75 29 6.56
75 30 6.54
75 31 6.85
75 32 7.40
75 33 8.11
75 34 8.96
75 35 9.89
75 36 10.92
75 37 12.04
75 38 13.30
75 39 14.89
75 40 16.71
75 41 6.75
75 42 5.70
75 43 5.03
75 44 4.72
75 45 4.77
75 46 5.13
75 47 5.75
75 48 6.56
75 49 7.51
75 50 8.60
75 51 9.87
75 52 11.53
75 53 13.45
75 54 7.16
75 55 5.89
75 56 4.79
75 57 3.82
75 58 3.04
75 59 2.56
75 60 2.55
75 61 3.02
75 62 3.83
75 63 4.86
75 64 6.12
75 65 7.81
75 66 9.78
75 67 8.10
75 68 7.02
75 69 6.00
75 70 5.01
75 71 4.03
75 72 3.06
75 73 2.07
75 74 1.05
75 75 0.00
75 76 1.12
75 77 2.38
75 78 4.02
75 79 5.96
75 80 9.31
75 81 8.61
75 82 7.91
75 83 7.22
75 84 6.54
75 85 5.85
75 86 5.17
75 87 4.49
75 88 3.83
75 89 3.18
75 90 2.60
75 91 2.25
75 92 3.09
75 93 10.55
75 94 10.28
75 95 9.95
75 96 9.59
75 97 9.21
75 98 8.82
75 99 8.41
75 100 7.97
75 101 7.51
75 102 6.99
75 103 6.37
75 104 5.41
75 105 4.63
75 106 11.66
75 107 11.80
75 108 11.82
75 109 11.77
75 110 11.68
75 111 11.55
75 112 11.38
75 113 11.18
75 114 10.92
75 115 10.58
75 116 10.10
75 117 9.24
75 118 8.33
75 119 12.53
75 120 13.03
75 121 13.37
75 122 13.61
75 123 13.78
75 124 13.90
75 125 13.96
75 126 13.98
75 127 13.93
75 128 13.79
75 129 13.51
75 130 12.84
75 131 12.11
75 132 13.09
75 133 13.90
75 134 14.51
75 135 15.01
75 136 15.41
75 137 15.76
75 138 16.04
75 139 16.27
75 140 16.42
75 141 16.50
75 142 16.43
75 143 16.02
75 144 15.54
75 145 13.30
75 146 14.35
75 147 15.19
75 148 15.89
75 149 16.51
75 150 17.05
75 151 17.54
75 152 17.96
75 153 18.32
75 154 18.60
75 155 18.76
75 156 18.63
75 157 18.46
75 158 13.15
75 159 14.36
75 160 15.36
75 161 16.23
75 162 17.02
75 163 17.73
75 164 18.39
75 165 18.99
75 166 19.54
75 167 20.01
75 168 20.40
75 169 20.56
75 170 20.72
75 171 12.65
75 172 13.92
75 173 15.02
75 174 16.01
75 175 16.92
75 176 17.77
75 177 18.57
75 178 19.33
75 179 20.04
75 180 20.70
75 181 21.29
75 182 21.75
75 183 22.25
75 184 11.83
75 185 13.06
75 186 14.18
75 187 15.23
75 188 16.22
75 189 17.17
75 190 18.08
75 191 18.96
75 192 19.80
75 193 20.62
75 194 21.41
75 195 22.15
75 196 22.97
75 197 10.76
75 198 11.83
75 199 12.89
75 200 13.93
75 201 14.95
75 202 15.95
75 203 16.93
75 204 17.89
75 205 18.84
75 206 19.79
75 207 20.75
75 208 21.74
75 209 22.86
75 210 14.27
76 1 7.40
76 2 9.48
76 3 9.99
76 4 10.73
76 5 11.57
76 6 12.49
76 7 13.44
76 8 14.43
76 9 15.45
76 10 16.50
76 11 17.59
76 12 18.75
76 13 20.11
76 14 21.65
76 15 8.36
76 16 8.34
76 17 8.69
76 18 9.27
76 19 10.01
76 20 10.84
76 21 11.76
76 22 12.74
76 23 13.79
76 24 14.91
76 25 16.15
76 26 17.67
76 27 19.41
76 28 7.62
76 29 6.98
76 30 6.78
76 31 6.92
76 32 7.33
76 33 7.94
76 34 8.70
76 35 9.59
76 36 10.58
76 37 11.69
76 38 12.96
76 39 14.59
76 40 16.47
76 41 7.49
76 42 6.36
76 43 5.54
76 44 5.03
76 45 4.84
76 46 4.99
76 47 5.43
76 48 6.12
76 49 6.99
76 50 8.04
76 51 9.30
76 52 10.99
76 53 12.95
76 54 8.02
76 55 6.76
76 56 5.64
76 57 4.62
76 58 3.71
76 59 2.98
76 60 2.56
76 61 2.62
76 62 3.18
76 63 4.10
76 64 5.31
76 65 7.01
76 66 9.01
76 67 9.03
76 68 8.00
76 69 7.02
76 70 6.06
76 71 5.11
76 72 4.15
76 73 3.17
76 74 2.17
76 75 1.12
76 76 0.00
76 77 1.27
76 78 2.94
76 79 4.92
76 80 10.26
76 81 9.62
76 82 8.97
76 83 8.32
76 84 7.65
76 85 6.98
76 86 6.29
76 87 5.59
76 88 4.86
76 89 4.10
76 90 3.26
76 91 2.26
76 92 2.27
76 93 11.49
76 94 11.28
76 95 10.99
76 96 10.67
76 97 10.32
76 98 9.94
76 99 9.53
76 100 9.09
76 101 8.60
76 102 8.04
76 103 7.34
76 104 6.25
76 105 5.17
76 106 12.57
76 107 12.76
76 108 12.83
76 109 12.82
76 110 12.76
76 111 12.65
76 112 12.50
76 113 12.30
76 114 12.04
76 115 11.69
76 116 11.19
76 117 10.27
76 118 9.26
76 119 13.38
76 120 13.94
76 121 14.33
76 122 14.61
76 123 14.82
76 124 14.96
76 125 15.05
76 126 15.08
76 127 15.04
76 128 14.91
76 129 14.63
76 130 13.95
76 131 13.18
76 132 13.88
76 133 14.74
76 134 15.40
76 135 15.93
76 136 16.38
76 137 16.75
76 138 17.06
76 139 17.31
76 140 17.50
76 141 17.59
76 142 17.54
76 143 17.14
76 144 16.67
76 145 14.01
76 146 15.10
76 147 15.98
76 148 16.72
76 149 17.37
76 150 17.95
76 151 18.46
76 152 18.92
76 153 19.31
76 154 19.61
76 155 19.80
76 156 19.71
76 157 19.56
76 158 13.78
76 159 15.01
76 160 16.04
76 161 16.94
76 162 17.76
76 163 18.51
76 164 19.20
76 165 19.83
76 166 20.41
76 167 20.92
76 168 21.34
76 169 21.55
76 170 21.76
76 171 13.19
76 172 14.46
76 173 15.57
76 174 16.58
76 175 17.52
76 176 18.40
76 177 19.23
76 178 20.02
76 179 20.76
76 180 21.46
76 181 22.09
76 182 22.61
76 183 23.16
76 184 12.30
76 185 13.50
76 186 14.61
76 187 15.67
76 188 16.67
76 189 17.64
76 190 18.57
76 191 19.47
76 192 20.35
76 193 21.21
76 194 22.04
76 195 22.84
76 196 23.73
76 197 11.17
76 198 12.18
76 199 13.21
76 200 14.23
76 201 15.24
76 202 16.25
76 203 17.24
76 204 18.22
76 205 19.20
76 206 20.18
76 207 21.17
76 208 22.23
76 209 23.42
76 210 15.19
77 1 7.58
77 2 9.85
77 3 10.22
77 4 10.84
77 5 11.61
77 6 12.47
77 7 13.40
77 8 14.36
77 9 15.38
77 10 16.43
77 11 17.54
77 12 18.73
77 13 20.15
77 14 21.77
77 15 8.81
77 16 8.62
77 17 8.81
77 18 9.26
77 19 9.89
77 20 10.66
77 21 11.52
77 22 12.48
77 23 13.51
77 24 14.63
77 25 15.89
77 26 17.46
77 27 19.26
77 28 8.22
77 29 7.42
77 30 7.04
77 31 6.99
77 32 7.22
77 33 7.69
77 34 8.35
77 35 9.16
77 36 10.10
77 37 11.19
77 38 12.46
77 39 14.12
77 40 16.05
77 41 8.26
77 42 7.06
77 43 6.12
77 44 5.43
77 45 5.00
77 46 4.89
77 47 5.11
77 48 5.61
77 49 6.37
77 50 7.34
77 51 8.57
77 52 10.27
77 53 12.27
77 54 8.92
77 55 7.69
77 56 6.57
77 57 5.52
77 58 4.53
77 59 3.64
77 60 2.90
77 61 2.49
77 62 2.60
77 63 3.26
77 64 4.36
77 65 6.05
77 66 8.06
77 67 10.00
77 68 9.03
77 69 8.10
77 70 7.19
77 71 6.27
77 72 5.34
77 73 4.39
77 74 3.41
77 75 2.38
77 76 1.27
77 77 0.00
77 78 1.70
77 79 3.71
77 80 11.24
77 81 10.68
77 82 10.09
77 83 9.49
77 84 8.86
77 85 8.22
77 86 7.55
77 87 6.86
77 88 6.12
77 89 5.31
77 90 4.36
77 91 3.04
77 92 2.04
77 93 12.45
77 94 12.32
77 95 12.10
77 96 11.83
77 97 11.52
77 98 11.17
77 99 10.78
77 100 10.36
77 101 9.87
77 102 9.30
77 103 8.57
77 104 7.39
77 105 6.13
77 106 13.48
77 107 13.76
77 108 13.89
77 109 13.93
77 110 13.91
77 111 13.84
77 112 13.72
77 113 13.54
77 114 13.30
77 115 12.96
77 116 12.46
77 117 11.52
77 118 10.45
77 119 14.23
77 120 14.86
77 121 15.31
77 122 15.64
77 123 15.89
77 124 16.08
77 125 16.20
77 126 16.27
77 127 16.26
77 128 16.15
77 129 15.89
77 130 15.22
77 131 14.44
77 132 14.64
77 133 15.57
77 134 16.28
77 135 16.86
77 136 17.35
77 137 17.77
77 138 18.12
77 139 18.41
77 140 18.63
77 141 18.75
77 142 18.73
77 143 18.37
77 144 17.92
77 145 14.69
77 146 15.82
77 147 16.74
77 148 17.53
77 149 18.22
77 150 18.84
77 151 19.39
77 152 19.89
77 153 20.31
77 154 20.66
77 155 20.89
77 156 20.85
77 157 20.75
77 158 14.36
77 159 15.61
77 160 16.67
77 161 17.61
77 162 18.46
77 163 19.24
77 164 19.97
77 165 20.64
77 166 21.26
77 167 21.82
77 168 22.28
77 169 22.56
77 170 22.83
77 171 13.68
77 172 14.94
77 173 16.07
77 174 17.09
77 175 18.06
77 176 18.96
77 177 19.83
77 178 20.65
77 179 21.43
77 180 22.17
77 181 22.86
77 182 23.44
77 183 24.07
77 184 12.72
77 185 13.87
77 186 14.97
77 187 16.02
77 188 17.03
77 189 18.02
77 190 18.97
77 191 19.90
77 192 20.81
77 193 21.71
77 194 22.59
77 195 23.46
77 196 24.43
77 197 11.54
77 198 12.46
77 199 13.44
77 200 14.43
77 201 15.44
77 202 16.44
77 203 17.44
77 204 18.43
77 205 19.44
77 206 20.45
77 207 21.49
77 208 22.62
77 209 23.90
77 210 16.11
78 1 7.68
78 2 10.13
78 3 10.29
78 4 10.76
78 5 11.41
78 6 12.18
78 7 13.05
78 8 13.98
78 9 14.97
78 10 16.02
78 11 17.14
78 12 18.37
78 13 19.87
78 14 21.57
78 15 9.23
78 16 8.80
78 17 8.78
78 18 9.04
78 19 9.52
78 20 10.17
78 21 10.95
78 22 11.85
78 23 12.84
78 24 13.95
78 25 15.22
78 26 16.85
78 27 18.72
78 28 8.85
78 29 7.87
78 30 7.26
78 31 6.96
78 32 6.95
78 33 7.20
78 34 7.69
78 35 8.38
78 36 9.24
78 37 10.27
78 38 11.52
78 39 13.21
78 40 15.19
78 41 9.11
78 42 7.86
78 43 6.81
78 44 5.93
78 45 5.24
78 46 4.81
78 47 4.67
78 48 4.88
78 49 5.41
78 50 6.25
78 51 7.39
78 52 9.09
78 53 11.10
78 54 9.93
78 55 8.76
78 56 7.66
78 57 6.61
78 58 5.60
78 59 4.61
78 60 3.67
78 61 2.82
78 62 2.25
78 63 2.26
78 64 3.04
78 65 4.63
78 66 6.62
78 67 11.09
78 68 10.23
78 69 9.39
78 70 8.55
78 71 7.69
78 72 6.83
78 73 5.93
78 74 5.00
78 75 4.02
78 76 2.94
78 77 1.70
78 78 0.00
78 79 2.01
78 80 12.34
78 81 11.90
78 82 11.41
78 83 10.89
78 84 10.35
78 85 9.77
78 86 9.16
78 87 8.51
78 88 7.81
78 89 7.01
78 90 6.05
78 91 4.63
78 92 3.12
78 93 13.50
78 94 13.50
78 95 13.38
78 96 13.20
78 97 12.96
78 98 12.68
78 99 12.35
78 100 11.97
78 101 11.53
78 102 10.98
78 103 10.27
78 104 9.09
78 105 7.75
78 106 14.45
78 107 14.85
78 108 15.08
78 109 15.20
78 110 15.26
78 111 15.26
78 112 15.20
78 113 15.08
78 114 14.89
78 115 14.59
78 116 14.12
78 117 13.21
78 118 12.15
78 119 15.10
78 120 15.84
78 121 16.37
78 122 16.78
78 123 17.11
78 124 17.36
78 125 17.55
78 126 17.67
78 127 17.72
78 128 17.67
78 129 17.46
78 130 16.85
78 131 16.12
78 132 15.39
78 133 16.40
78 134 17.18
78 135 17.84
78 136 18.39
78 137 18.88
78 138 19.29
78 139 19.64
78 140 19.92
78 141 20.11
78 142 20.15
78 143 19.87
78 144 19.50
78 145 15.31
78 146 16.49
78 147 17.47
78 148 18.31
78 149 19.06
78 150 19.74
78 151 20.35
78 152 20.91
78 153 21.40
78 154 21.81
78 155 22.11
78 156 22.16
78 157 22.16
78 158 14.85
78 159 16.12
78 160 17.20
78 161 18.18
78 162 19.08
78 163 19.91
78 164 20.69
78 165 21.42
78 166 22.10
78 167 22.72
78 168 23.26
78 169 23.63
78 170 24.01
78 171 14.06
78 172 15.29
78 173 16.41
78 174 17.46
78 175 18.45
78 176 19.39
78 177 20.29
78 178 21.16
78 179 21.99
78 180 22.79
78 181 23.55
78 182 24.24
78 183 24.98
78 184 13.00
78 185 14.07
78 186 15.14
78 187 16.18
78 188 17.20
78 189 18.19
78 190 19.17
78 191 20.13
78 192 21.09
78 193 22.03
78 194 22.98
78 195 23.95
78 196 25.04
78 197 11.77
78 198 12.56
78 199 13.46
78 200 14.41
78 201 15.38
78 202 16.37
78 203 17.37
78 204 18.39
78 205 19.41
78 206 20.46
78 207 21.56
78 208 22.79
78 209 24.17
78 210 17.07
79 1 8.06
79 2 10.60
79 3 10.52
79 4 10.78
79 5 11.27
79 6 11.92
79 7 12.70
79 8 13.56
79 9 14.51
79 10 15.54
79 11 16.67
79 12 17.92
79 13 19.50
79 14 21.30
79 15 9.88
79 16 9.22
79 17 8.95
79 18 8.97
79 19 9.25
79 20 9.73
79 21 10.38
79 22 11.17
79 23 12.11
79 24 13.18
79 25 14.44
79 26 16.12
79 27 18.06
79 28 9.75
79 29 8.62
79 30 7.80
79 31 7.24
79 32 6.94
79 33 6.91
79 34 7.15
79 35 7.62
79 36 8.33
79 37 9.26
79 38 10.45
79 39 12.15
79 40 14.16
79 41 10.23
79 42 8.96
79 43 7.85
79 44 6.85
79 45 5.97
79 46 5.24
79 47 4.72
79 48 4.49
79 49 4.63
79 50 5.17
79 51 6.13
79 52 7.75
79 53 9.74
79 54 11.19
79 55 10.10
79 56 9.07
79 57 8.05
79 58 7.05
79 59 6.05
79 60 5.05
79 61 4.06
79 62 3.09
79 63 2.27
79 64 2.04
79 65 3.12
79 66 4.96
79 67 12.40
79 68 11.67
79 69 10.93
79 70 10.18
79 71 9.40
79 72 8.60
79 73 7.77
79 74 6.90
79 75 5.96
79 76 4.92
79 77 3.71
79 78 2.01
79 79 0.00
79 80 13.64
79 81 13.34
79 82 12.97
79 83 12.55
79 84 12.08
79 85 11.58
79 86 11.03
79 87 10.44
79 88 9.78
79 89 9.01
79 90 8.06
79 91 6.62
79 92 4.96
79 93 14.75
79 94 14.88
79 95 14.87
79 96 14.78
79 97 14.63
79 98 14.43
79 99 14.17
79 100 13.85
79 101 13.45
79 102 12.95
79 103 12.27
79 104 11.10
79 105 9.74
79 106 15.60
79 107 16.12
79 108 16.45
79 109 16.68
79 110 16.82
79 111 16.89
79 112 16.90
79 113 16.85
79 114 16.71
79 115 16.47
79 116 16.05
79 117 15.19
79 118 14.16
79 119 16.13
79 120 16.97
79 121 17.59
79 122 18.09
79 123 18.50
79 124 18.83
79 125 19.09
79 126 19.28
79 127 19.39
79 128 19.41
79 129 19.26
79 130 18.72
79 131 18.06
79 132 16.28
79 133 17.36
79 134 18.22
79 135 18.95
79 136 19.58
79 137 20.14
79 138 20.62
79 139 21.04
79 140 21.39
79 141 21.65
79 142 21.77
79 143 21.57
79 144 21.30
79 145 16.05
79 146 17.28
79 147 18.30
79 148 19.21
79 149 20.02
79 150 20.76
79 151 21.44
79 152 22.06
79 153 22.61
79 154 23.10
79 155 23.48
79 156 23.63
79 157 23.75
79 158 15.45
79 159 16.72
79 160 17.83
79 161 18.85
79 162 19.79
79 163 20.67
79 164 21.50
79 165 22.29
79 166 23.02
79 167 23.72
79 168 24.34
79 169 24.83
79 170 25.33
79 171 14.54
79 172 15.72
79 173 16.83
79 174 17.89
79 175 18.90
79 176 19.87
79 177 20.81
79 178 21.72
79 179 22.60
79 180 23.47
79 181 24.30
79 182 25.11
79 183 25.98
79 184 13.39
79 185 14.36
79 186 15.37
79 187 16.38
79 188 17.39
79 189 18.39
79 190 19.39
79 191 20.38
79 192 21.37
79 193 22.36
79 194 23.38
79 195 24.47
79 196 25.68
79 197 12.14
79 198 12.76
79 199 13.54
79 200 14.42
79 201 15.34
79 202 16.31
79 203 17.30
79 204 18.32
79 205 19.36
79 206 20.45
79 207 21.60
79 208 22.93
79 209 24.43
79 210 18.18
80 1 7.27
80 2 5.99
80 3 7.24
80 4 8.31
80 5 9.28
80 6 10.17
80 7 11.00
80 8 11.80
80 9 12.57
80 10 13.30
80 11 14.01
80 12 14.69
80 13 15.31
80 14 16.05
80 15 5.37
80 16 6.64
80 17 7.75
80 18 8.76
80 19 9.70
80 20 10.60
80 21 11.46
80 22 12.29
80 23 13.09
80 24 13.88
80 25 14.64
80 26 15.39
80 27 16.28
80 28 4.56
80 29 5.80
80 30 6.93
80 31 7.97
80 32 8.95
80 33 9.89
80 34 10.79
80 35 11.67
80 36 12.53
80 37 13.38
80 38 14.23
80 39 15.10
80 40 16.12
80 41 3.57
80 42 4.77
80 43 5.89
80 44 6.94
80 45 7.94
80 46 8.90
80 47 9.84
80 48 10.76
80 49 11.66
80 50 12.56
80 51 13.48
80 52 14.45
80 53 15.60
80 54 2.46
80 55 3.58
80 56 4.69
80 57 5.74
80 58 6.75
80 59 7.73
80 60 8.68
80 61 9.62
80 62 10.55
80 63 11.49
80 64 12.45
80 65 13.50
80 66 14.75
80 67 1.25
80 68 2.33
80 69 3.44
80 70 4.49
80 71 5.50
80 72 6.48
80 73 7.43
80 74 8.38
80 75 9.31
80 76 10.26
80 77 11.24
80 78 12.34
80 79 13.64
80 80 0.00
80 81 1.27
80 82 2.38
80 83 3.41
80 84 4.39
80 85 5.34
80 86 6.27
80 87 7.19
80 88 8.10
80 89 9.03
80 90 10.00
80 91 11.09
80 92 12.40
80 93 1.25
80 94 1.39
80 95 2.10
80 96 2.93
80 97 3.78
80 98 4.62
80 99 5.47
80 100 6.31
80 101 7.16
80 102 8.02
80 103 8.92
80 104 9.93
80 105 11.19
80 106 2.46
80 107 2.51
80 108 2.87
80 109 3.39
80 110 3.99
80 111 4.64
80 112 5.33
80 113 6.03
80 114 6.75
80 115 7.49
80 116 8.26
80 117 9.11
80 118 10.23
80 119 3.57
80 120 3.76
80 121 4.07
80 122 4.45
80 123 4.90
80 124 5.39
80 125 5.91
80 126 6.46
80 127 7.03
80 128 7.62
80 129 8.22
80 130 8.85
80 131 9.75
80 132 4.56
80 133 4.93
80 134 5.31
80 135 5.70
80 136 6.11
80 137 6.54
80 138 6.98
80 139 7.43
80 140 7.89
80 141 8.36
80 142 8.81
80 143 9.23
80 144 9.88
80 145 5.37
80 146 5.94
80 147 6.44
80 148 6.90
80 149 7.35
80 150 7.79
80 151 8.23
80 152 8.65
80 153 9.07
80 154 9.48
80 155 9.85
80 156 10.13
80 157 10.60
80 158 5.99
80 159 6.75
80 160 7.37
80 161 7.94
80 162 8.46
80 163 8.96
80 164 9.43
80 165 9.89
80 166 10.32
80 167 10.73
80 168 11.08
80 169 11.32
80 170 11.70
80 171 6.39
80 172 7.31
80 173 8.07
80 174 8.74
80 175 9.35
80 176 9.93
80 177 10.47
80 178 10.98
80 179 11.47
80 180 11.91
80 181 12.31
80 182 12.56
80 183 12.94
80 184 6.56
80 185 7.62
80 186 8.49
80 187 9.26
80 188 9.97
80 189 10.63
80 190 11.25
80 191 11.83
80 192 12.39
80 193 12.90
80 194 13.36
80 195 13.70
80 196 14.14
80 197 6.48
80 198 7.64
80 199 8.62
80 200 9.48
80 201 10.28
80 202 11.02
80 203 11.72
80 204 12.38
80 205 13.01
80 206 13.60
80 207 14.15
80 208 14.60
80 209 15.15
80 210 4.99
81 1 7.65
81 2 6.75
81 3 8.01
81 4 9.12
81 5 10.12
81 6 11.05
81 7 11.93
81 8 12.77
81 9 13.58
81 10 14.35
81 11 15.10
81 12 15.82
81 13 16.49
81 14 17.28
81 15 5.94
81 16 7.19
81 17 8.31
81 18 9.35
81 19 10.33
81 20 11.27
81 21 12.17
81 22 13.05
81 23 13.90
81 24 14.74
81 25 15.57
81 26 16.40
81 27 17.36
81 28 4.93
81 29 6.09
81 30 7.20
81 31 8.26
81 32 9.27
81 33 10.24
81 34 11.19
81 35 12.12
81 36 13.03
81 37 13.94
81 38 14.87
81 39 15.84
81 40 16.97
81 41 3.76
81 42 4.78
81 43 5.84
81 44 6.88
81 45 7.90
81 46 8.90
81 47 9.87
81 48 10.84
81 49 11.80
81 50 12.76
81 51 13.76
81 52 14.85
81 53 16.12
81 54 2.51
81 55 3.29
81 56 4.28
81 57 5.30
81 58 6.32
81 59 7.32
81 60 8.31
81 61 9.29
81 62 10.28
81 63 11.28
81 64 12.32
81 65 13.50
81 66 14.88
81 67 1.39
81 68 1.67
81 69 2.61
81 70 3.63
81 71 4.64
81 72 5.64
81 73 6.63
81 74 7.62
81 75 8.61
81 76 9.62
81 77 10.68
81 78 11.90
81 79 13.34
81 80 1.27
81 81 0.00
81 82 1.12
81 83 2.17
81 84 3.17
81 85 4.15
81 86 5.11
81 87 6.06
81 88 7.02
81 89 8.00
81 90 9.03
81 91 10.23
81 92 11.67
81 93 2.33
81 94 1.67
81 95 1.58
81 96 2.00
81 97 2.67
81 98 3.43
81 99 4.22
81 100 5.05
81 101 5.89
81 102 6.76
81 103 7.69
81 104 8.76
81 105 10.10
81 106 3.58
81 107 3.29
81 108 3.21
81 109 3.33
81 110 3.62
81 111 4.03
81 112 4.53
81 113 5.09
81 114 5.70
81 115 6.35
81 116 7.06
81 117 7.86
81 118 8.96
81 119 4.77
81 120 4.78
81 121 4.86
81 122 5.00
81 123 5.21
81 124 5.48
81 125 5.80
81 126 6.16
81 127 6.56
81 128 6.98
81 129 7.42
81 130 7.87
81 131 8.62
81 132 5.81
81 133 6.10
81 134 6.35
81 135 6.61
81 136 6.88
81 137 7.16
81 138 7.45
81 139 7.74
81 140 8.05
81 141 8.34
81 142 8.62
81 143 8.80
81 144 9.22
81 145 6.64
81 146 7.19
81 147 7.63
81 148 8.03
81 149 8.40
81 150 8.75
81 151 9.09
81 152 9.41
81 153 9.72
81 154 9.99
81 155 10.22
81 156 10.29
81 157 10.52
81 158 7.24
81 159 8.02
81 160 8.64
81 161 9.18
81 162 9.67
81 163 10.12
81 164 10.55
81 165 10.94
81 166 11.31
81 167 11.63
81 168 11.88
81 169 11.96
81 170 12.15
81 171 7.59
81 172 8.55
81 173 9.33
81 174 10.01
81 175 10.62
81 176 11.19
81 177 11.71
81 178 12.20
81 179 12.65
81 180 13.06
81 181 13.39
81 182 13.55
81 183 13.80
81 184 7.66
81 185 8.77
81 186 9.68
81 187 10.48
81 188 11.21
81 189 11.89
81 190 12.51
81 191 13.10
81 192 13.65
81 193 14.16
81 194 14.60
81 195 14.89
81 196 15.27
81 197 7.45
81 198 8.67
81 199 9.68
81 200 10.59
81 201 11.41
81 202 12.19
81 203 12.91
81 204 13.60
81 205 14.25
81 206 14.86
81 207 15.42
81 208 15.87
81 209 16.40
81 210 5.95
82 1 7.94
82 2 7.37
82 3 8.64
82 4 9.76
82 5 10.78
82 6 11.75
82 7 12.66
82 8 13.53
82 9 14.37
82 10 15.19
82 11 15.98
82 12 16.74
82 13 17.47
82 14 18.30
82 15 6.44
82 16 7.63
82 17 8.75
82 18 9.80
82 19 10.80
82 20 11.77
82 21 12.71
82 22 13.62
82 23 14.51
82 24 15.40
82 25 16.28
82 26 17.18
82 27 18.22
82 28 5.31
82 29 6.35
82 30 7.42
82 31 8.46
82 32 9.48
82 33 10.47
82 34 11.45
82 35 12.41
82 36 13.37
82 37 14.33
82 38 15.31
82 39 16.37
82 40 17.59
82 41 4.07
82 42 4.86
82 43 5.82
82 44 6.82
82 45 7.82
82 46 8.83
82 47 9.82
82 48 10.82
82 49 11.82
82 50 12.83
82 51 13.89
82 52 15.08
82 53 16.45
82 54 2.87
82 55 3.21
82 56 4.00
82 57 4.94
82 58 5.92
82 59 6.92
82 60 7.92
82 61 8.92
82 62 9.95
82 63 10.99
82 64 12.10
82 65 13.38
82 66 14.87
82 67 2.10
82 68 1.58
82 69 2.04
82 70 2.91
82 71 3.88
82 72 4.88
82 73 5.88
82 74 6.89
82 75 7.91
82 76 8.97
82 77 10.09
82 78 11.41
82 79 12.97
82 80 2.38
82 81 1.12
82 82 0.00
82 83 1.05
82 84 2.07
82 85 3.06
82 86 4.03
82 87 5.01
82 88 6.00
82 89 7.02
82 90 8.10
82 91 9.39
82 92 10.93
82 93 3.44
82 94 2.61
82 95 2.04
82 96 1.83
82 97 2.05
82 98 2.56
82 99 3.23
82 100 3.98
82 101 4.79
82 102 5.64
82 103 6.57
82 104 7.66
82 105 9.06
82 106 4.69
82 107 4.28
82 108 4.00
82 109 3.86
82 110 3.85
82 111 3.98
82 112 4.23
82 113 4.59
82 114 5.03
82 115 5.54
82 116 6.12
82 117 6.81
82 118 7.85
82 119 5.89
82 120 5.84
82 121 5.82
82 122 5.83
82 123 5.89
82 124 5.99
82 125 6.14
82 126 6.32
82 127 6.54
82 128 6.78
82 129 7.04
82 130 7.26
82 131 7.80
82 132 6.93
82 133 7.20
82 134 7.42
82 135 7.61
82 136 7.80
82 137 7.98
82 138 8.17
82 139 8.35
82 140 8.53
82 141 8.69
82 142 8.81
82 143 8.78
82 144 8.95
82 145 7.75
82 146 8.31
82 147 8.75
82 148 9.12
82 149 9.46
82 150 9.76
82 151 10.05
82 152 10.31
82 153 10.54
82 154 10.73
82 155 10.84
82 156 10.76
82 157 10.78
82 158 8.31
82 159 9.12
82 160 9.76
82 161 10.30
82 162 10.79
82 163 11.23
82 164 11.63
82 165 12.00
82 166 12.32
82 167 12.60
82 168 12.79
82 169 12.77
82 170 12.82
82 171 8.59
82 172 9.59
82 173 10.41
82 174 11.11
82 175 11.74
82 176 12.31
82 177 12.84
82 178 13.32
82 179 13.76
82 180 14.15
82 181 14.46
82 182 14.57
82 183 14.74
82 184 8.57
82 185 9.72
82 186 10.67
82 187 11.51
82 188 12.26
82 189 12.96
82 190 13.60
82 191 14.21
82 192 14.77
82 193 15.28
82 194 15.72
82 195 16.00
82 196 16.35
82 197 8.26
82 198 9.50
82 199 10.55
82 200 11.49
82 201 12.35
82 202 13.15
82 203 13.90
82 204 14.62
82 205 15.29
82 206 15.93
82 207 16.51
82 208 16.98
82 209 17.53
82 210 6.98
83 1 8.19
83 2 7.94
83 3 9.18
83 4 10.30
83 5 11.35
83 6 12.33
83 7 13.27
83 8 14.17
83 9 15.05
83 10 15.89
83 11 16.72
83 12 17.53
83 13 18.31
83 14 19.21
83 15 6.90
83 16 8.03
83 17 9.12
83 18 10.17
83 19 11.19
83 20 12.17
83 21 13.13
83 22 14.08
83 23 15.01
83 24 15.93
83 25 16.86
83 26 17.84
83 27 18.95
83 28 5.70
83 29 6.61
83 30 7.61
83 31 8.63
83 32 9.64
83 33 10.64
83 34 11.63
83 35 12.62
83 36 13.61
83 37 14.61
83 38 15.64
83 39 16.78
83 40 18.09
83 41 4.45
83 42 5.00
83 43 5.83
83 44 6.76
83 45 7.74
83 46 8.73
83 47 9.73
83 48 10.74
83 49 11.77
83 50 12.82
83 51 13.93
83 52 15.21
83 53 16.68
83 54 3.38
83 55 3.33
83 56 3.86
83 57 4.65
83 58 5.57
83 59 6.53
83 60 7.53
83 61 8.55
83 62 9.59
83 63 10.67
83 64 11.83
83 65 13.20
83 66 14.78
83 67 2.93
83 68 2.00
83 69 1.83
83 70 2.37
83 71 3.22
83 72 4.17
83 73 5.16
83 74 6.18
83 75 7.22
83 76 8.32
83 77 9.49
83 78 10.89
83 79 12.55
83 80 3.41
83 81 2.17
83 82 1.05
83 83 0.00
83 84 1.02
83 85 2.02
83 86 3.01
83 87 4.00
83 88 5.01
83 89 6.06
83 90 7.19
83 91 8.55
83 92 10.18
83 93 4.49
83 94 3.63
83 95 2.91
83 96 2.37
83 97 2.09
83 98 2.16
83 99 2.53
83 100 3.12
83 101 3.82
83 102 4.62
83 103 5.52
83 104 6.61
83 105 8.05
83 106 5.74
83 107 5.30
83 108 4.94
83 109 4.65
83 110 4.46
83 111 4.36
83 112 4.38
83 113 4.50
83 114 4.72
83 115 5.03
83 116 5.43
83 117 5.93
83 118 6.85
83 119 6.94
83 120 6.88
83 121 6.82
83 122 6.76
83 123 6.73
83 124 6.72
83 125 6.74
83 126 6.78
83 127 6.85
83 128 6.92
83 129 6.99
83 130 6.96
83 131 7.24
83 132 7.97
83 133 8.26
83 134 8.46
83 135 8.63
83 136 8.77
83 137 8.90
83 138 9.02
83 139 9.13
83 140 9.22
83 141 9.27
83 142 9.26
83 143 9.04
83 144 8.97
83 145 8.76
83 146 9.35
83 147 9.80
83 148 10.17
83 149 10.50
83 150 10.78
83 151 11.04
83 152 11.26
83 153 11.44
83 154 11.57
83 155 11.61
83 156 11.41
83 157 11.27
83 158 9.28
83 159 10.12
83 160 10.78
83 161 11.35
83 162 11.84
83 163 12.28
83 164 12.68
83 165 13.03
83 166 13.34
83 167 13.59
83 168 13.75
83 169 13.66
83 170 13.61
83 171 9.48
83 172 10.53
83 173 11.37
83 174 12.10
83 175 12.75
83 176 13.34
83 177 13.88
83 178 14.37
83 179 14.82
83 180 15.20
83 181 15.50
83 182 15.59
83 183 15.71
83 184 9.38
83 185 10.56
83 186 11.55
83 187 12.41
83 188 13.19
83 189 13.92
83 190 14.58
83 191 15.21
83 192 15.79
83 193 16.31
83 194 16.77
83 195 17.06
83 196 17.40
83 197 8.96
83 198 10.22
83 199 11.30
83 200 12.27
83 201 13.16
83 202 13.99
83 203 14.77
83 204 15.51
83 205 16.22
83 206 16.88
83 207 17.49
83 208 17.99
83 209 18.56
83 210 8.01
84 1 8.43
84 2 8.46
84 3 9.67
84 4 10.79
84 5 11.84
84 6 12.84
84 7 13.80
84 8 14.73
84 9 15.63
84 10 16.51
84 11 17.37
84 12 18.22
84 13 19.06
84 14 20.02
84 15 7.35
84 16 8.40
84 17 9.46
84 18 10.50
84 19 11.51
84 20 12.51
84 21 13.49
84 22 14.46
84 23 15.42
84 24 16.38
84 25 17.35
84 26 18.39
84 27 19.58
84 28 6.11
84 29 6.88
84 30 7.80
84 31 8.77
84 32 9.76
84 33 10.76
84 34 11.76
84 35 12.77
84 36 13.78
84 37 14.82
84 38 15.89
84 39 17.11
84 40 18.50
84 41 4.90
84 42 5.22
84 43 5.89
84 44 6.73
84 45 7.66
84 46 8.62
84 47 9.62
84 48 10.64
84 49 11.68
84 50 12.76
84 51 13.91
84 52 15.26
84 53 16.82
84 54 3.99
84 55 3.62
84 56 3.85
84 57 4.46
84 58 5.27
84 59 6.18
84 60 7.15
84 61 8.16
84 62 9.21
84 63 10.32
84 64 11.52
84 65 12.96
84 66 14.63
84 67 3.78
84 68 2.67
84 69 2.05
84 70 2.09
84 71 2.68
84 72 3.53
84 73 4.48
84 74 5.49
84 75 6.54
84 76 7.65
84 77 8.86
84 78 10.35
84 79 12.08
84 80 4.39
84 81 3.17
84 82 2.07
84 83 1.02
84 84 0.00
84 85 1.00
84 86 2.00
84 87 3.01
84 88 4.03
84 89 5.11
84 90 6.27
84 91 7.69
84 92 9.40
84 93 5.50
84 94 4.64
84 95 3.88
84 96 3.22
84 97 2.68
84 98 2.35
84 99 2.29
84 100 2.54
84 101 3.04
84 102 3.71
84 103 4.53
84 104 5.60
84 105 7.05
84 106 6.75
84 107 6.32
84 108 5.92
84 109 5.57
84 110 5.27
84 111 5.03
84 112 4.86
84 113 4.77
84 114 4.77
84 115 4.84
84 116 5.00
84 117 5.24
84 118 5.97
84 119 7.94
84 120 7.90
84 121 7.83
84 122 7.74
84 123 7.66
84 124 7.58
84 125 7.51
84 126 7.45
84 127 7.40
84 128 7.33
84 129 7.22
84 130 6.95
84 131 6.94
84 132 8.95
84 133 9.27
84 134 9.48
84 135 9.64
84 136 9.76
84 137 9.87
84 138 9.94
84 139 10.00
84 140 10.03
84 141 10.01
84 142 9.89
84 143 9.52
84 144 9.25
84 145 9.70
84 146 10.33
84 147 10.81
84 148 11.19
84 149 11.51
84 150 11.79
84 151 12.03
84 152 12.24
84 153 12.39
84 154 12.49
84 155 12.47
84 156 12.18
84 157 11.92
84 158 10.17
84 159 11.05
84 160 11.75
84 161 12.33
84 162 12.84
84 163 13.29
84 164 13.70
84 165 14.05
84 166 14.36
84 167 14.59
84 168 14.73
84 169 14.60
84 170 14.49
84 171 10.31
84 172 11.39
84 173 12.27
84 174 13.02
84 175 13.70
84 176 14.31
84 177 14.86
84 178 15.37
84 179 15.82
84 180 16.22
84 181 16.52
84 182 16.60
84 183 16.70
84 184 10.12
84 185 11.33
84 186 12.34
84 187 13.24
84 188 14.05
84 189 14.79
84 190 15.49
84 191 16.14
84 192 16.74
84 193 17.28
84 194 17.76
84 195 18.06
84 196 18.42
84 197 9.61
84 198 10.88
84 199 11.98
84 200 12.97
84 201 13.88
84 202 14.74
84 203 15.55
84 204 16.32
84 205 17.05
84 206 17.74
84 207 18.39
84 208 18.93
84 209 19.54
84 210 9.02
85 1 8.65
85 2 8.96
85 3 10.12
85 4 11.23
85 5 12.28
85 6 13.29
85 7 14.27
85 8 15.22
85 9 16.15
85 10 17.05
85 11 17.95
85 12 18.84
85 13 19.74
85 14 20.76
85 15 7.79
85 16 8.75
85 17 9.76
85 18 10.78
85 19 11.79
85 20 12.80
85 21 13.79
85 22 14.77
85 23 15.76
85 24 16.75
85 25 17.77
85 26 18.88
85 27 20.14
85 28 6.54
85 29 7.16
85 30 7.98
85 31 8.90
85 32 9.87
85 33 10.85
85 34 11.85
85 35 12.87
85 36 13.90
85 37 14.96
85 38 16.08
85 39 17.36
85 40 18.83
85 41 5.39
85 42 5.48
85 43 5.99
85 44 6.72
85 45 7.58
85 46 8.51
85 47 9.48
85 48 10.50
85 49 11.55
85 50 12.65
85 51 13.84
85 52 15.26
85 53 16.89
85 54 4.64
85 55 4.03
85 56 3.98
85 57 4.37
85 58 5.03
85 59 5.85
85 60 6.78
85 61 7.77
85 62 8.82
85 63 9.94
85 64 11.17
85 65 12.68
85 66 14.43
85 67 4.62
85 68 3.43
85 69 2.56
85 70 2.16
85 71 2.35
85 72 2.98
85 73 3.84
85 74 4.81
85 75 5.85
85 76 6.98
85 77 8.22
85 78 9.77
85 79 11.58
85 80 5.34
85 81 4.15
85 82 3.06
85 83 2.02
85 84 1.00
85 85 0.00
85 86 1.00
85 87 2.02
85 88 3.06
85 89 4.15
85 90 5.34
85 91 6.83
85 92 8.60
85 93 6.48
85 94 5.64
85 95 4.88
85 96 4.17
85 97 3.53
85 98 2.98
85 99 2.59
85 100 2.43
85 101 2.56
85 102 2.98
85 103 3.64
85 104 4.61
85 105 6.05
85 106 7.73
85 107 7.32
85 108 6.92
85 109 6.53
85 110 6.18
85 111 5.85
85 112 5.57
85 113 5.32
85 114 5.13
85 115 4.99
85 116 4.89
85 117 4.81
85 118 5.24
85 119 8.90
85 120 8.90
85 121 8.83
85 122 8.73
85 123 8.62
85 124 8.51
85 125 8.39
85 126 8.26
85 127 8.11
85 128 7.94
85 129 7.69
85 130 7.20
85 131 6.91
85 132 9.89
85 133 10.24
85 134 10.47
85 135 10.64
85 136 10.76
85 137 10.85
85 138 10.91
85 139 10.93
85 140 10.92
85 141 10.84
85 142 10.66
85 143 10.17
85 144 9.73
85 145 10.60
85 146 11.27
85 147 11.77
85 148 12.17
85 149 12.51
85 150 12.80
85 151 13.04
85 152 13.23
85 153 13.37
85 154 13.44
85 155 13.40
85 156 13.05
85 157 12.70
85 158 11.01
85 159 11.93
85 160 12.66
85 161 13.27
85 162 13.80
85 163 14.27
85 164 14.69
85 165 15.05
85 166 15.36
85 167 15.59
85 168 15.72
85 169 15.57
85 170 15.42
85 171 11.08
85 172 12.19
85 173 13.10
85 174 13.89
85 175 14.59
85 176 15.22
85 177 15.80
85 178 16.32
85 179 16.80
85 180 17.20
85 181 17.51
85 182 17.60
85 183 17.70
85 184 10.81
85 185 12.04
85 186 13.08
85 187 14.00
85 188 14.84
85 189 15.61
85 190 16.33
85 191 17.00
85 192 17.63
85 193 18.20
85 194 18.70
85 195 19.03
85 196 19.41
85 197 10.22
85 198 11.49
85 199 12.60
85 200 13.61
85 201 14.55
85 202 15.43
85 203 16.27
85 204 17.06
85 205 17.82
85 206 18.55
85 207 19.22
85 208 19.80
85 209 20.46
85 210 10.02
86 1 8.86
86 2 9.43
86 3 10.55
86 4 11.63
86 5 12.68
86 6 13.70
86 7 14.69
86 8 15.65
86 9 16.60
86 10 17.54
86 11 18.46
86 12 19.39
86 13 20.35
86 14 21.44
86 15 8.23
86 16 9.09
86 17 10.05
86 18 11.04
86 19 12.04
86 20 13.04
86 21 14.03
86 22 15.04
86 23 16.04
86 24 17.06
86 25 18.12
86 26 19.29
86 27 20.62
86 28 6.98
86 29 7.44
86 30 8.17
86 31 9.02
86 32 9.94
86 33 10.91
86 34 11.90
86 35 12.92
86 36 13.97
86 37 15.05
86 38 16.20
86 39 17.55
86 40 19.09
86 41 5.91
86 42 5.80
86 43 6.14
86 44 6.74
86 45 7.51
86 46 8.39
86 47 9.33
86 48 10.33
86 49 11.39
86 50 12.50
86 51 13.72
86 52 15.20
86 53 16.90
86 54 5.33
86 55 4.53
86 56 4.23
86 57 4.38
86 58 4.86
86 59 5.57
86 60 6.42
86 61 7.37
86 62 8.41
86 63 9.53
86 64 10.78
86 65 12.35
86 66 14.17
86 67 5.47
86 68 4.22
86 69 3.23
86 70 2.53
86 71 2.29
86 72 2.59
86 73 3.27
86 74 4.16
86 75 5.17
86 76 6.29
86 77 7.55
86 78 9.16
86 79 11.03
86 80 6.27
86 81 5.11
86 82 4.03
86 83 3.01
86 84 2.00
86 85 1.00
86 86 0.00
86 87 1.02
86 88 2.07
86 89 3.17
86 90 4.39
86 91 5.93
86 92 7.77
86 93 7.43
86 94 6.63
86 95 5.88
86 96 5.16
86 97 4.48
86 98 3.84
86 99 3.27
86 100 2.81
86 101 2.55
86 102 2.56
86 103 2.90
86 104 3.67
86 105 5.05
86 106 8.68
86 107 8.31
86 108 7.92
86 109 7.53
86 110 7.15
86 111 6.77
86 112 6.42
86 113 6.08
86 114 5.75
86 115 5.43
86 116 5.11
86 117 4.67
86 118 4.72
86 119 9.84
86 120 9.87
86 121 9.82
86 122 9.73
86 123 9.62
86 124 9.48
86 125 9.33
86 126 9.16
86 127 8.95
86 128 8.70
86 129 8.35
86 130 7.69
86 131 7.15
86 132 10.79
86 133 11.19
86 134 11.45
86 135 11.63
86 136 11.76
86 137 11.85
86 138 11.90
86 139 11.91
86 140 11.87
86 141 11.76
86 142 11.52
86 143 10.95
86 144 10.38
86 145 11.46
86 146 12.17
86 147 12.71
86 148 13.13
86 149 13.49
86 150 13.79
86 151 14.03
86 152 14.23
86 153 14.37
86 154 14.43
86 155 14.37
86 156 13.98
86 157 13.56
86 158 11.80
86 159 12.77
86 160 13.53
86 161 14.17
86 162 14.73
86 163 15.22
86 164 15.65
86 165 16.03
86 166 16.35
86 167 16.59
86 168 16.72
86 169 16.57
86 170 16.39
86 171 11.80
86 172 12.95
86 173 13.89
86 174 14.71
86 175 15.43
86 176 16.09
86 177 16.69
86 178 17.24
86 179 17.73
86 180 18.16
86 181 18.49
86 182 18.59
86 183 18.70
86 184 11.46
86 185 12.71
86 186 13.77
86 187 14.71
86 188 15.58
86 189 16.38
86 190 17.12
86 191 17.82
86 192 18.47
86 193 19.07
86 194 19.60
86 195 19.97
86 196 20.37
86 197 10.79
86 198 12.05
86 199 13.17
86 200 14.19
86 201 15.15
86 202 16.06
86 203 16.92
86 204 17.75
86 205 18.54
86 206 19.29
86 207 20.00
86 208 20.63
86 209 21.33
86 210 11.01
87 1 9.07
87 2 9.89
87 3 10.94
87 4 12.00
87 5 13.03
87 6 14.05
87 7 15.05
87 8 16.03
87 9 17.00
87 10 17.96
87 11 18.92
87 12 19.89
87 13 20.91
87 14 22.06
87 15 8.65
87 16 9.41
87 17 10.31
87 18 11.26
87 19 12.24
87 20 13.23
87 21 14.23
87 22 15.24
87 23 16.27
87 24 17.31
87 25 18.41
87 26 19.64
87 27 21.04
87 28 7.44
87 29 7.74
87 30 8.35
87 31 9.13
87 32 10.00
87 33 10.94
87 34 11.91
87 35 12.93
87 36 13.98
87 37 15.08
87 38 16.27
87 39 17.67
87 40 19.28
87 41 6.46
87 42 6.16
87 43 6.32
87 44 6.78
87 45 7.45
87 46 8.26
87 47 9.16
87 48 10.13
87 49 11.18
87 50 12.30
87 51 13.55
87 52 15.08
87 53 16.85
87 54 6.03
87 55 5.09
87 56 4.59
87 57 4.50
87 58 4.77
87 59 5.33
87 60 6.08
87 61 6.97
87 62 7.98
87 63 9.09
87 64 10.36
87 65 11.97
87 66 13.85
87 67 6.31
87 68 5.05
87 69 3.98
87 70 3.12
87 71 2.54
87 72 2.43
87 73 2.81
87 74 3.55
87 75 4.49
87 76 5.59
87 77 6.86
87 78 8.51
87 79 10.44
87 80 7.19
87 81 6.06
87 82 5.01
87 83 4.00
87 84 3.01
87 85 2.02
87 86 1.02
87 87 0.00
87 88 1.05
87 89 2.17
87 90 3.41
87 91 5.00
87 92 6.90
87 93 8.37
87 94 7.62
87 95 6.89
87 96 6.18
87 97 5.49
87 98 4.81
87 99 4.16
87 100 3.55
87 101 3.02
87 102 2.62
87 103 2.49
87 104 2.82
87 105 4.05
87 106 9.62
87 107 9.29
87 108 8.93
87 109 8.55
87 110 8.16
87 111 7.77
87 112 7.37
87 113 6.97
87 114 6.56
87 115 6.12
87 116 5.61
87 117 4.88
87 118 4.49
87 119 10.76
87 120 10.84
87 121 10.82
87 122 10.74
87 123 10.64
87 124 10.50
87 125 10.33
87 126 10.13
87 127 9.89
87 128 9.59
87 129 9.16
87 130 8.38
87 131 7.62
87 132 11.67
87 133 12.12
87 134 12.41
87 135 12.62
87 136 12.77
87 137 12.87
87 138 12.92
87 139 12.93
87 140 12.88
87 141 12.74
87 142 12.48
87 143 11.85
87 144 11.17
87 145 12.29
87 146 13.05
87 147 13.62
87 148 14.08
87 149 14.46
87 150 14.77
87 151 15.04
87 152 15.24
87 153 15.39
87 154 15.45
87 155 15.38
87 156 14.97
87 157 14.51
87 158 12.57
87 159 13.58
87 160 14.37
87 161 15.05
87 162 15.63
87 163 16.15
87 164 16.60
87 165 17.00
87 166 17.33
87 167 17.59
87 168 17.73
87 169 17.59
87 170 17.41
87 171 12.49
87 172 13.67
87 173 14.64
87 174 15.49
87 175 16.24
87 176 16.93
87 177 17.56
87 178 18.13
87 179 18.65
87 180 19.10
87 181 19.45
87 182 19.58
87 183 19.71
87 184 12.07
87 185 13.33
87 186 14.41
87 187 15.38
87 188 16.27
87 189 17.10
87 190 17.87
87 191 18.60
87 192 19.28
87 193 19.90
87 194 20.46
87 195 20.87
87 196 21.32
87 197 11.32
87 198 12.57
87 199 13.70
87 200 14.74
87 201 15.71
87 202 16.64
87 203 17.53
87 204 18.38
87 205 19.20
87 206 19.98
87 207 20.73
87 208 21.41
87 209 22.17
87 210 11.99
88 1 9.25
88 2 10.32
88 3 11.31
88 4 12.32
88 5 13.34
88 6 14.36
88 7 15.36
88 8 16.35
88 9 17.33
88 10 18.32
88 11 19.31
88 12 20.31
88 13 21.40
88 14 22.62
88 15 9.07
88 16 9.72
88 17 10.54
88 18 11.44
88 19 12.39
88 20 13.37
88 21 14.37
88 22 15.39
88 23 16.43
88 24 17.50
88 25 18.63
88 26 19.92
88 27 21.39
88 28 7.89
88 29 8.04
88 30 8.53
88 31 9.22
88 32 10.03
88 33 10.92
88 34 11.87
88 35 12.88
88 36 13.93
88 37 15.04
88 38 16.26
88 39 17.72
88 40 19.39
88 41 7.03
88 42 6.56
88 43 6.54
88 44 6.85
88 45 7.40
88 46 8.11
88 47 8.95
88 48 9.89
88 49 10.92
88 50 12.04
88 51 13.30
88 52 14.89
88 53 16.71
88 54 6.75
88 55 5.70
88 56 5.03
88 57 4.72
88 58 4.77
88 59 5.13
88 60 5.75
88 61 6.56
88 62 7.51
88 63 8.60
88 64 9.87
88 65 11.53
88 66 13.45
88 67 7.16
88 68 5.89
88 69 4.79
88 70 3.82
88 71 3.04
88 72 2.56
88 73 2.55
88 74 3.02
88 75 3.83
88 76 4.86
88 77 6.12
88 78 7.81
88 79 9.78
88 80 8.10
88 81 7.02
88 82 6.00
88 83 5.01
88 84 4.03
88 85 3.06
88 86 2.07
88 87 1.05
88 88 0.00
88 89 1.12
88 90 2.38
88 91 4.02
88 92 5.96
88 93 9.31
88 94 8.61
88 95 7.91
88 96 7.23
88 97 6.54
88 98 5.86
88 99 5.17
88 100 4.50
88 101 3.83
88 102 3.18
88 103 2.60
88 104 2.25
88 105 3.09
88 106 10.55
88 107 10.28
88 108 9.95
88 109 9.59
88 110 9.21
88 111 8.82
88 112 8.41
88 113 7.98
88 114 7.51
88 115 6.99
88 116 6.37
88 117 5.41
88 118 4.63
88 119 11.66
88 120 11.80
88 121 11.82
88 122 11.77
88 123 11.68
88 124 11.55
88 125 11.39
88 126 11.18
88 127 10.92
88 128 10.58
88 129 10.10
88 130 9.24
88 131 8.33
88 132 12.53
88 133 13.03
88 134 13.37
88 135 13.61
88 136 13.78
88 137 13.90
88 138 13.97
88 139 13.98
88 140 13.93
88 141 13.79
88 142 13.51
88 143 12.84
88 144 12.11
88 145 13.09
88 146 13.90
88 147 14.51
88 148 15.01
88 149 15.42
88 150 15.76
88 151 16.04
88 152 16.27
88 153 16.43
88 154 16.50
88 155 16.43
88 156 16.02
88 157 15.54
88 158 13.30
88 159 14.35
88 160 15.19
88 161 15.89
88 162 16.51
88 163 17.05
88 164 17.54
88 165 17.96
88 166 18.32
88 167 18.60
88 168 18.76
88 169 18.63
88 170 18.46
88 171 13.15
88 172 14.36
88 173 15.36
88 174 16.23
88 175 17.02
88 176 17.73
88 177 18.39
88 178 18.99
88 179 19.54
88 180 20.02
88 181 20.40
88 182 20.56
88 183 20.72
88 184 12.65
88 185 13.92
88 186 15.02
88 187 16.01
88 188 16.92
88 189 17.77
88 190 18.57
88 191 19.33
88 192 20.04
88 193 20.70
88 194 21.30
88 195 21.75
88 196 22.25
88 197 11.83
88 198 13.06
88 199 14.18
88 200 15.23
88 201 16.22
88 202 17.17
88 203 18.08
88 204 18.96
88 205 19.80
88 206 20.62
88 207 21.41
88 208 22.15
88 209 22.97
88 210 12.96
89 1 9.41
89 2 10.73
89 3 11.63
89 4 12.60
89 5 13.59
89 6 14.59
89 7 15.59
89 8 16.59
89 9 17.59
89 10 18.60
89 11 19.61
89 12 20.66
89 13 21.81
89 14 23.10
89 15 9.48
89 16 10.00
89 17 10.73
89 18 11.57
89 19 12.49
89 20 13.44
89 21 14.43
89 22 15.45
89 23 16.50
89 24 17.59
89 25 18.75
89 26 20.11
89 27 21.65
89 28 8.36
89 29 8.34
89 30 8.69
89 31 9.27
89 32 10.01
89 33 10.84
89 34 11.76
89 35 12.74
89 36 13.79
89 37 14.91
89 38 16.15
89 39 17.67
89 40 19.41
89 41 7.62
89 42 6.98
89 43 6.78
89 44 6.92
89 45 7.33
89 46 7.94
89 47 8.70
89 48 9.59
89 49 10.58
89 50 11.69
89 51 12.96
89 52 14.59
89 53 16.47
89 54 7.49
89 55 6.36
89 56 5.54
89 57 5.03
89 58 4.84
89 59 4.99
89 60 5.44
89 61 6.12
89 62 6.99
89 63 8.04
89 64 9.30
89 65 10.99
89 66 12.95
89 67 8.02
89 68 6.76
89 69 5.64
89 70 4.62
89 71 3.71
89 72 2.98
89 73 2.56
89 74 2.62
89 75 3.18
89 76 4.10
89 77 5.31
89 78 7.01
89 79 9.01
89 80 9.03
89 81 8.00
89 82 7.02
89 83 6.06
89 84 5.11
89 85 4.15
89 86 3.17
89 87 2.17
89 88 1.12
89 89 0.00
89 90 1.27
89 91 2.94
89 92 4.92
89 93 10.26
89 94 9.62
89 95 8.97
89 96 8.31
89 97 7.65
89 98 6.98
89 99 6.29
89 100 5.59
89 101 4.86
89 102 4.10
89 103 3.26
89 104 2.26
89 105 2.27
89 106 11.49
89 107 11.28
89 108 10.99
89 109 10.67
89 110 10.32
89 111 9.94
89 112 9.53
89 113 9.09
89 114 8.60
89 115 8.04
89 116 7.34
89 117 6.25
89 118 5.17
89 119 12.57
89 120 12.76
89 121 12.83
89 122 12.82
89 123 12.76
89 124 12.65
89 125 12.50
89 126 12.30
89 127 12.04
89 128 11.69
89 129 11.19
89 130 10.27
89 131 9.26
89 132 13.38
89 133 13.95
89 134 14.33
89 135 14.61
89 136 14.82
89 137 14.96
89 138 15.05
89 139 15.08
89 140 15.04
89 141 14.91
89 142 14.63
89 143 13.95
89 144 13.18
89 145 13.88
89 146 14.74
89 147 15.40
89 148 15.93
89 149 16.38
89 150 16.75
89 151 17.06
89 152 17.31
89 153 17.50
89 154 17.59
89 155 17.54
89 156 17.14
89 157 16.67
89 158 14.01
89 159 15.10
89 160 15.98
89 161 16.72
89 162 17.37
89 163 17.95
89 164 18.46
89 165 18.92
89 166 19.31
89 167 19.61
89 168 19.80
89 169 19.71
89 170 19.57
89 171 13.78
89 172 15.01
89 173 16.04
89 174 16.94
89 175 17.76
89 176 18.51
89 177 19.20
89 178 19.83
89 179 20.41
89 180 20.92
89 181 21.34
89 182 21.55
89 183 21.76
89 184 13.19
89 185 14.46
89 186 15.57
89 187 16.59
89 188 17.52
89 189 18.40
89 190 19.23
89 191 20.02
89 192 20.76
89 193 21.46
89 194 22.09
89 195 22.61
89 196 23.16
89 197 12.30
89 198 13.50
89 199 14.61
89 200 15.67
89 201 16.67
89 202 17.64
89 203 18.57
89 204 19.47
89 205 20.35
89 206 21.21
89 207 22.04
89 208 22.84
89 209 23.73
89 210 13.95
90 1 9.51
90 2 11.09
90 3 11.88
90 4 12.79
90 5 13.75
90 6 14.73
90 7 15.72
90 8 16.72
90 9 17.73
90 10 18.76
90 11 19.80
90 12 20.89
90 13 22.11
90 14 23.48
90 15 9.85
90 16 10.22
90 17 10.84
90 18 11.61
90 19 12.47
90 20 13.40
90 21 14.37
90 22 15.38
90 23 16.43
90 24 17.54
90 25 18.73
90 26 20.15
90 27 21.77
90 28 8.81
90 29 8.62
90 30 8.81
90 31 9.26
90 32 9.89
90 33 10.66
90 34 11.52
90 35 12.48
90 36 13.51
90 37 14.63
90 38 15.89
90 39 17.46
90 40 19.26
90 41 8.22
90 42 7.43
90 43 7.04
90 44 6.99
90 45 7.22
90 46 7.69
90 47 8.35
90 48 9.16
90 49 10.10
90 50 11.19
90 51 12.46
90 52 14.12
90 53 16.05
90 54 8.26
90 55 7.06
90 56 6.12
90 57 5.43
90 58 5.01
90 59 4.89
90 60 5.11
90 61 5.61
90 62 6.37
90 63 7.34
90 64 8.57
90 65 10.27
90 66 12.27
90 67 8.92
90 68 7.69
90 69 6.57
90 70 5.52
90 71 4.53
90 72 3.64
90 73 2.90
90 74 2.49
90 75 2.60
90 76 3.26
90 77 4.36
90 78 6.05
90 79 8.06
90 80 10.00
90 81 9.03
90 82 8.10
90 83 7.19
90 84 6.27
90 85 5.34
90 86 4.39
90 87 3.41
90 88 2.38
90 89 1.27
90 90 0.00
90 91 1.70
90 92 3.71
90 93 11.24
90 94 10.68
90 95 10.09
90 96 9.49
90 97 8.86
90 98 8.22
90 99 7.55
90 100 6.86
90 101 6.12
90 102 5.31
90 103 4.36
90 104 3.04
90 105 2.04
90 106 12.45
90 107 12.32
90 108 12.10
90 109 11.83
90 110 11.52
90 111 11.17
90 112 10.78
90 113 10.36
90 114 9.87
90 115 9.30
90 116 8.57
90 117 7.39
90 118 6.13
90 119 13.48
90 120 13.76
90 121 13.89
90 122 13.93
90 123 13.91
90 124 13.84
90 125 13.72
90 126 13.55
90 127 13.30
90 128 12.96
90 129 12.46
90 130 11.52
90 131 10.45
90 132 14.23
90 133 14.87
90 134 15.31
90 135 15.64
90 136 15.89
90 137 16.08
90 138 16.20
90 139 16.27
90 140 16.26
90 141 16.15
90 142 15.89
90 143 15.22
90 144 14.44
90 145 14.64
90 146 15.57
90 147 16.28
90 148 16.86
90 149 17.35
90 150 17.77
90 151 18.12
90 152 18.41
90 153 18.63
90 154 18.75
90 155 18.73
90 156 18.37
90 157 17.92
90 158 14.69
90 159 15.82
90 160 16.74
90 161 17.53
90 162 18.22
90 163 18.84
90 164 19.39
90 165 19.89
90 166 20.31
90 167 20.66
90 168 20.89
90 169 20.85
90 170 20.76
90 171 14.36
90 172 15.61
90 173 16.67
90 174 17.61
90 175 18.46
90 176 19.24
90 177 19.97
90 178 20.64
90 179 21.26
90 180 21.82
90 181 22.28
90 182 22.56
90 183 22.83
90 184 13.69
90 185 14.95
90 186 16.07
90 187 17.10
90 188 18.06
90 189 18.97
90 190 19.83
90 191 20.65
90 192 21.43
90 193 22.17
90 194 22.86
90 195 23.44
90 196 24.07
90 197 12.72
90 198 13.87
90 199 14.97
90 200 16.02
90 201 17.03
90 202 18.02
90 203 18.97
90 204 19.90
90 205 20.81
90 206 21.71
90 207 22.59
90 208 23.46
90 209 24.43
90 210 14.96
91 1 9.43
91 2 11.32
91 3 11.96
91 4 12.77
91 5 13.66
91 6 14.60
91 7 15.57
91 8 16.57
91 9 17.58
91 10 18.63
91 11 19.71
91 12 20.85
91 13 22.16
91 14 23.63
91 15 10.13
91 16 10.29
91 17 10.76
91 18 11.41
91 19 12.18
91 20 13.05
91 21 13.98
91 22 14.97
91 23 16.02
91 24 17.14
91 25 18.37
91 26 19.87
91 27 21.57
91 28 9.23
91 29 8.80
91 30 8.78
91 31 9.04
91 32 9.52
91 33 10.17
91 34 10.95
91 35 11.85
91 36 12.84
91 37 13.95
91 38 15.22
91 39 16.85
91 40 18.72
91 41 8.85
91 42 7.87
91 43 7.26
91 44 6.96
91 45 6.95
91 46 7.20
91 47 7.69
91 48 8.38
91 49 9.24
91 50 10.27
91 51 11.52
91 52 13.21
91 53 15.19
91 54 9.11
91 55 7.86
91 56 6.80
91 57 5.93
91 58 5.24
91 59 4.81
91 60 4.67
91 61 4.88
91 62 5.41
91 63 6.25
91 64 7.39
91 65 9.09
91 66 11.10
91 67 9.93
91 68 8.76
91 69 7.66
91 70 6.61
91 71 5.60
91 72 4.61
91 73 3.67
91 74 2.82
91 75 2.25
91 76 2.26
91 77 3.04
91 78 4.63
91 79 6.62
91 80 11.09
91 81 10.23
91 82 9.39
91 83 8.55
91 84 7.69
91 85 6.83
91 86 5.93
91 87 5.00
91 88 4.02
91 89 2.94
91 90 1.70
91 91 0.00
91 92 2.01
91 93 12.34
91 94 11.90
91 95 11.41
91 96 10.89
91 97 10.35
91 98 9.77
91 99 9.16
91 100 8.51
91 101 7.81
91 102 7.01
91 103 6.05
91 104 4.63
91 105 3.12
91 106 13.50
91 107 13.50
91 108 13.38
91 109 13.19
91 110 12.96
91 111 12.68
91 112 12.35
91 113 11.97
91 114 11.53
91 115 10.98
91 116 10.27
91 117 9.09
91 118 7.75
91 119 14.45
91 120 14.85
91 121 15.08
91 122 15.20
91 123 15.26
91 124 15.26
91 125 15.20
91 126 15.08
91 127 14.88
91 128 14.59
91 129 14.12
91 130 13.21
91 131 12.15
91 132 15.10
91 133 15.84
91 134 16.37
91 135 16.78
91 136 17.11
91 137 17.36
91 138 17.55
91 139 17.67
91 140 17.72
91 141 17.67
91 142 17.46
91 143 16.85
91 144 16.12
91 145 15.39
91 146 16.40
91 147 17.18
91 148 17.84
91 149 18.39
91 150 18.88
91 151 19.29
91 152 19.64
91 153 19.92
91 154 20.11
91 155 20.15
91 156 19.87
91 157 19.50
91 158 15.31
91 159 16.49
91 160 17.47
91 161 18.31
91 162 19.06
91 163 19.74
91 164 20.35
91 165 20.91
91 166 21.40
91 167 21.81
91 168 22.11
91 169 22.16
91 170 22.16
91 171 14.85
91 172 16.11
91 173 17.20
91 174 18.18
91 175 19.08
91 176 19.91
91 177 20.69
91 178 21.42
91 179 22.10
91 180 22.72
91 181 23.26
91 182 23.63
91 183 24.01
91 184 14.06
91 185 15.29
91 186 16.41
91 187 17.46
91 188 18.45
91 189 19.39
91 190 20.29
91 191 21.16
91 192 21.99
91 193 22.79
91 194 23.55
91 195 24.24
91 196 24.98
91 197 13.00
91 198 14.07
91 199 15.14
91 200 16.18
91 201 17.20
91 202 18.19
91 203 19.17
91 204 20.13
91 205 21.09
91 206 22.03
91 207 22.98
91 208 23.95
91 209 25.04
91 210 16.07
92 1 9.52
92 2 11.70
92 3 12.15
92 4 12.82
92 5 13.62
92 6 14.49
92 7 15.42
92 8 16.39
92 9 17.41
92 10 18.46
92 11 19.57
92 12 20.76
92 13 22.16
92 14 23.75
92 15 10.60
92 16 10.52
92 17 10.78
92 18 11.27
92 19 11.92
92 20 12.70
92 21 13.56
92 22 14.51
92 23 15.54
92 24 16.67
92 25 17.92
92 26 19.50
92 27 21.30
92 28 9.88
92 29 9.22
92 30 8.95
92 31 8.97
92 32 9.25
92 33 9.73
92 34 10.38
92 35 11.18
92 36 12.11
92 37 13.18
92 38 14.44
92 39 16.12
92 40 18.06
92 41 9.75
92 42 8.62
92 43 7.80
92 44 7.24
92 45 6.94
92 46 6.91
92 47 7.15
92 48 7.63
92 49 8.33
92 50 9.26
92 51 10.45
92 52 12.15
92 53 14.16
92 54 10.23
92 55 8.96
92 56 7.85
92 57 6.85
92 58 5.97
92 59 5.24
92 60 4.72
92 61 4.49
92 62 4.63
92 63 5.17
92 64 6.13
92 65 7.75
92 66 9.74
92 67 11.19
92 68 10.10
92 69 9.07
92 70 8.05
92 71 7.05
92 72 6.05
92 73 5.05
92 74 4.06
92 75 3.09
92 76 2.27
92 77 2.04
92 78 3.12
92 79 4.96
92 80 12.40
92 81 11.67
92 82 10.93
92 83 10.18
92 84 9.40
92 85 8.60
92 86 7.77
92 87 6.90
92 88 5.96
92 89 4.92
92 90 3.71
92 91 2.01
92 92 0.00
92 93 13.64
92 94 13.34
92 95 12.97
92 96 12.55
92 97 12.08
92 98 11.58
92 99 11.03
92 100 10.44
92 101 9.78
92 102 9.01
92 103 8.06
92 104 6.62
92 105 4.96
92 106 14.75
92 107 14.88
92 108 14.87
92 109 14.78
92 110 14.63
92 111 14.43
92 112 14.17
92 113 13.85
92 114 13.45
92 115 12.95
92 116 12.27
92 117 11.10
92 118 9.74
92 119 15.60
92 120 16.12
92 121 16.45
92 122 16.68
92 123 16.82
92 124 16.89
92 125 16.90
92 126 16.85
92 127 16.71
92 128 16.47
92 129 16.05
92 130 15.19
92 131 14.16
92 132 16.13
92 133 16.97
92 134 17.59
92 135 18.09
92 136 18.50
92 137 18.83
92 138 19.09
92 139 19.28
92 140 19.39
92 141 19.41
92 142 19.26
92 143 18.72
92 144 18.06
92 145 16.28
92 146 17.36
92 147 18.22
92 148 18.95
92 149 19.58
92 150 20.14
92 151 20.62
92 152 21.04
92 153 21.39
92 154 21.65
92 155 21.77
92 156 21.57
92 157 21.30
92 158 16.05
92 159 17.28
92 160 18.30
92 161 19.21
92 162 20.02
92 163 20.76
92 164 21.44
92 165 22.06
92 166 22.61
92 167 23.10
92 168 23.48
92 169 23.63
92 170 23.75
92 171 15.45
92 172 16.72
92 173 17.83
92 174 18.85
92 175 19.79
92 176 20.67
92 177 21.50
92 178 22.29
92 179 23.03
92 180 23.72
92 181 24.34
92 182 24.83
92 183 25.33
92 184 14.54
92 185 15.72
92 186 16.83
92 187 17.89
92 188 18.90
92 189 19.87
92 190 20.81
92 191 21.72
92 192 22.61
92 193 23.47
92 194 24.31
92 195 25.11
92 196 25.98
92 197 13.39
92 198 14.36
92 199 15.37
92 200 16.38
92 201 17.39
92 202 18.39
92 203 19.39
92 204 20.38
92 205 21.37
92 206 22.36
92 207 23.38
92 208 24.47
92 209 25.68
92 210 17.36
93 1 8.01
93 2 6.39
93 3 7.59
93 4 8.59
93 5 9.49
93 6 10.31
93 7 11.08
93 8 11.80
93 9 12.49
93 10 13.15
93 11 13.78
93 12 14.36
93 13 14.85
93 14 15.45
93 15 5.99
93 16 7.24
93 17 8.31
93 18 9.27
93 19 10.17
93 20 11.01
93 21 11.80
93 22 12.57
93 23 13.30
93 24 14.01
93 25 14.69
93 26 15.31
93 27 16.05
93 28 5.37
93 29 6.64
93 30 7.75
93 31 8.76
93 32 9.71
93 33 10.60
93 34 11.46
93 35 12.29
93 36 13.09
93 37 13.88
93 38 14.64
93 39 15.39
93 40 16.28
93 41 4.56
93 42 5.80
93 43 6.93
93 44 7.97
93 45 8.95
93 46 9.89
93 47 10.79
93 48 11.67
93 49 12.53
93 50 13.38
93 51 14.23
93 52 15.10
93 53 16.12
93 54 3.57
93 55 4.77
93 56 5.89
93 57 6.94
93 58 7.94
93 59 8.90
93 60 9.84
93 61 10.76
93 62 11.66
93 63 12.56
93 64 13.48
93 65 14.45
93 66 15.60
93 67 2.46
93 68 3.58
93 69 4.69
93 70 5.74
93 71 6.75
93 72 7.73
93 73 8.68
93 74 9.62
93 75 10.55
93 76 11.49
93 77 12.45
93 78 13.50
93 79 14.75
93 80 1.25
93 81 2.33
93 82 3.44
93 83 4.49
93 84 5.50
93 85 6.48
93 86 7.43
93 87 8.37
93 88 9.31
93 89 10.26
93 90 11.24
93 91 12.34
93 92 13.64
93 93 0.00
93 94 1.27
93 95 2.38
93 96 3.41
93 97 4.39
93 98 5.34
93 99 6.27
93 100 7.19
93 101 8.10
93 102 9.03
93 103 10.00
93 104 11.09
93 105 12.40
93 106 1.25
93 107 1.39
93 108 2.10
93 109 2.93
93 110 3.78
93 111 4.62
93 112 5.47
93 113 6.31
93 114 7.16
93 115 8.02
93 116 8.92
93 117 9.93
93 118 11.19
93 119 2.46
93 120 2.51
93 121 2.87
93 122 3.38
93 123 3.99
93 124 4.64
93 125 5.33
93 126 6.03
93 127 6.75
93 128 7.49
93 129 8.26
93 130 9.11
93 131 10.23
93 132 3.57
93 133 3.76
93 134 4.07
93 135 4.46
93 136 4.90
93 137 5.39
93 138 5.91
93 139 6.46
93 140 7.03
93 141 7.62
93 142 8.22
93 143 8.85
93 144 9.75
93 145 4.56
93 146 4.93
93 147 5.31
93 148 5.70
93 149 6.11
93 150 6.54
93 151 6.98
93 152 7.43
93 153 7.89
93 154 8.36
93 155 8.81
93 156 9.23
93 157 9.88
93 158 5.37
93 159 5.94
93 160 6.44
93 161 6.90
93 162 7.35
93 163 7.79
93 164 8.23
93 165 8.66
93 166 9.07
93 167 9.48
93 168 9.85
93 169 10.13
93 170 10.60
93 171 5.99
93 172 6.75
93 173 7.37
93 174 7.94
93 175 8.46
93 176 8.96
93 177 9.43
93 178 9.89
93 179 10.32
93 180 10.73
93 181 11.08
93 182 11.32
93 183 11.70
93 184 6.39
93 185 7.31
93 186 8.07
93 187 8.74
93 188 9.35
93 189 9.93
93 190 10.47
93 191 10.98
93 192 11.47
93 193 11.91
93 194 12.31
93 195 12.56
93 196 12.94
93 197 6.56
93 198 7.62
93 199 8.49
93 200 9.26
93 201 9.97
93 202 10.63
93 203 11.25
93 204 11.83
93 205 12.39
93 206 12.90
93 207 13.36
93 208 13.70
93 209 14.14
93 210 3.74
94 1 8.66
94 2 7.31
94 3 8.55
94 4 9.59
94 5 10.53
94 6 11.39
94 7 12.19
94 8 12.95
94 9 13.67
94 10 14.36
94 11 15.01
94 12 15.61
94 13 16.12
94 14 16.72
94 15 6.75
94 16 8.01
94 17 9.12
94 18 10.12
94 19 11.05
94 20 11.93
94 21 12.77
94 22 13.58
94 23 14.35
94 24 15.10
94 25 15.82
94 26 16.49
94 27 17.28
94 28 5.94
94 29 7.19
94 30 8.31
94 31 9.35
94 32 10.33
94 33 11.27
94 34 12.17
94 35 13.05
94 36 13.90
94 37 14.74
94 38 15.57
94 39 16.40
94 40 17.36
94 41 4.93
94 42 6.09
94 43 7.20
94 44 8.26
94 45 9.27
94 46 10.24
94 47 11.19
94 48 12.12
94 49 13.03
94 50 13.94
94 51 14.86
94 52 15.84
94 53 16.97
94 54 3.76
94 55 4.78
94 56 5.84
94 57 6.88
94 58 7.90
94 59 8.90
94 60 9.87
94 61 10.84
94 62 11.80
94 63 12.76
94 64 13.76
94 65 14.85
94 66 16.12
94 67 2.51
94 68 3.29
94 69 4.28
94 70 5.30
94 71 6.32
94 72 7.32
94 73 8.31
94 74 9.29
94 75 10.28
94 76 11.28
94 77 12.32
94 78 13.50
94 79 14.88
94 80 1.39
94 81 1.67
94 82 2.61
94 83 3.63
94 84 4.64
94 85 5.64
94 86 6.63
94 87 7.62
94 88 8.61
94 89 9.62
94 90 10.68
94 91 11.90
94 92 13.34
94 93 1.27
94 94 0.00
94 95 1.12
94 96 2.17
94 97 3.17
94 98 4.15
94 99 5.11
94 100 6.06
94 101 7.02
94 102 8.00
94 103 9.03
94 104 10.23
94 105 11.67
94 106 2.33
94 107 1.67
94 108 1.58
94 109 2.00
94 110 2.67
94 111 3.43
94 112 4.22
94 113 5.05
94 114 5.89
94 115 6.76
94 116 7.69
94 117 8.76
94 118 10.10
94 119 3.58
94 120 3.29
94 121 3.21
94 122 3.33
94 123 3.62
94 124 4.03
94 125 4.53
94 126 5.09
94 127 5.70
94 128 6.36
94 129 7.06
94 130 7.86
94 131 8.96
94 132 4.77
94 133 4.78
94 134 4.86
94 135 5.00
94 136 5.21
94 137 5.48
94 138 5.80
94 139 6.16
94 140 6.56
94 141 6.98
94 142 7.43
94 143 7.87
94 144 8.62
94 145 5.80
94 146 6.09
94 147 6.35
94 148 6.61
94 149 6.88
94 150 7.16
94 151 7.44
94 152 7.74
94 153 8.04
94 154 8.34
94 155 8.62
94 156 8.80
94 157 9.22
94 158 6.64
94 159 7.19
94 160 7.63
94 161 8.03
94 162 8.40
94 163 8.75
94 164 9.09
94 165 9.41
94 166 9.72
94 167 9.99
94 168 10.22
94 169 10.29
94 170 10.52
94 171 7.24
94 172 8.01
94 173 8.64
94 174 9.18
94 175 9.67
94 176 10.12
94 177 10.55
94 178 10.94
94 179 11.31
94 180 11.63
94 181 11.88
94 182 11.96
94 183 12.15
94 184 7.59
94 185 8.55
94 186 9.33
94 187 10.01
94 188 10.62
94 189 11.19
94 190 11.71
94 191 12.20
94 192 12.65
94 193 13.06
94 194 13.39
94 195 13.55
94 196 13.80
94 197 7.66
94 198 8.77
94 199 9.68
94 200 10.48
94 201 11.21
94 202 11.88
94 203 12.51
94 204 13.10
94 205 13.65
94 206 14.16
94 207 14.60
94 208 14.89
94 209 15.27
94 210 4.38
95 1 9.17
95 2 8.07
95 3 9.33
95 4 10.41
95 5 11.37
95 6 12.27
95 7 13.10
95 8 13.89
95 9 14.64
95 10 15.36
95 11 16.04
95 12 16.67
95 13 17.21
95 14 17.83
95 15 7.37
95 16 8.64
95 17 9.76
95 18 10.78
95 19 11.75
95 20 12.66
95 21 13.53
95 22 14.37
95 23 15.19
95 24 15.98
95 25 16.74
95 26 17.47
95 27 18.30
95 28 6.44
95 29 7.63
95 30 8.75
95 31 9.80
95 32 10.81
95 33 11.77
95 34 12.71
95 35 13.62
95 36 14.51
95 37 15.40
95 38 16.28
95 39 17.18
95 40 18.22
95 41 5.31
95 42 6.35
95 43 7.42
95 44 8.46
95 45 9.48
95 46 10.47
95 47 11.45
95 48 12.41
95 49 13.37
95 50 14.33
95 51 15.31
95 52 16.37
95 53 17.59
95 54 4.07
95 55 4.86
95 56 5.82
95 57 6.82
95 58 7.83
95 59 8.83
95 60 9.82
95 61 10.82
95 62 11.82
95 63 12.83
95 64 13.89
95 65 15.08
95 66 16.45
95 67 2.87
95 68 3.21
95 69 4.00
95 70 4.94
95 71 5.92
95 72 6.92
95 73 7.92
95 74 8.93
95 75 9.95
95 76 10.99
95 77 12.10
95 78 13.38
95 79 14.87
95 80 2.10
95 81 1.58
95 82 2.04
95 83 2.91
95 84 3.88
95 85 4.88
95 86 5.88
95 87 6.89
95 88 7.91
95 89 8.97
95 90 10.09
95 91 11.41
95 92 12.97
95 93 2.38
95 94 1.12
95 95 0.00
95 96 1.05
95 97 2.07
95 98 3.06
95 99 4.03
95 100 5.01
95 101 6.00
95 102 7.02
95 103 8.10
95 104 9.39
95 105 10.93
95 106 3.44
95 107 2.61
95 108 2.04
95 109 1.83
95 110 2.05
95 111 2.56
95 112 3.23
95 113 3.98
95 114 4.79
95 115 5.64
95 116 6.57
95 117 7.66
95 118 9.06
95 119 4.69
95 120 4.28
95 121 4.00
95 122 3.86
95 123 3.85
95 124 3.98
95 125 4.23
95 126 4.59
95 127 5.03
95 128 5.54
95 129 6.12
95 130 6.80
95 131 7.85
95 132 5.89
95 133 5.84
95 134 5.82
95 135 5.83
95 136 5.89
95 137 5.99
95 138 6.14
95 139 6.32
95 140 6.54
95 141 6.78
95 142 7.04
95 143 7.26
95 144 7.80
95 145 6.93
95 146 7.20
95 147 7.42
95 148 7.61
95 149 7.80
95 150 7.98
95 151 8.17
95 152 8.35
95 153 8.53
95 154 8.69
95 155 8.81
95 156 8.78
95 157 8.94
95 158 7.75
95 159 8.31
95 160 8.75
95 161 9.12
95 162 9.46
95 163 9.76
95 164 10.05
95 165 10.31
95 166 10.54
95 167 10.73
95 168 10.84
95 169 10.76
95 170 10.78
95 171 8.31
95 172 9.12
95 173 9.76
95 174 10.30
95 175 10.79
95 176 11.23
95 177 11.63
95 178 12.00
95 179 12.32
95 180 12.60
95 181 12.79
95 182 12.77
95 183 12.82
95 184 8.59
95 185 9.60
95 186 10.41
95 187 11.11
95 188 11.73
95 189 12.31
95 190 12.84
95 191 13.32
95 192 13.76
95 193 14.15
95 194 14.46
95 195 14.57
95 196 14.74
95 197 8.57
95 198 9.72
95 199 10.67
95 200 11.51
95 201 12.26
95 202 12.96
95 203 13.60
95 204 14.21
95 205 14.77
95 206 15.28
95 207 15.72
95 208 16.00
95 209 16.35
95 210 5.28
96 1 9.60
96 2 8.74
96 3 10.01
96 4 11.11
96 5 12.10
96 6 13.02
96 7 13.89
96 8 14.71
96 9 15.49
96 10 16.23
96 11 16.94
96 12 17.60
96 13 18.18
96 14 18.85
96 15 7.94
96 16 9.18
96 17 10.30
96 18 11.35
96 19 12.33
96 20 13.27
96 21 14.17
96 22 15.05
96 23 15.89
96 24 16.72
96 25 17.53
96 26 18.31
96 27 19.21
96 28 6.90
96 29 8.03
96 30 9.12
96 31 10.17
96 32 11.19
96 33 12.17
96 34 13.13
96 35 14.08
96 36 15.01
96 37 15.93
96 38 16.86
96 39 17.84
96 40 18.95
96 41 5.70
96 42 6.61
96 43 7.61
96 44 8.63
96 45 9.64
96 46 10.64
96 47 11.63
96 48 12.62
96 49 13.61
96 50 14.61
96 51 15.64
96 52 16.78
96 53 18.09
96 54 4.45
96 55 5.00
96 56 5.83
96 57 6.76
96 58 7.74
96 59 8.73
96 60 9.73
96 61 10.75
96 62 11.77
96 63 12.82
96 64 13.93
96 65 15.21
96 66 16.68
96 67 3.38
96 68 3.33
96 69 3.86
96 70 4.65
96 71 5.57
96 72 6.53
96 73 7.53
96 74 8.55
96 75 9.59
96 76 10.67
96 77 11.83
96 78 13.20
96 79 14.78
96 80 2.93
96 81 2.00
96 82 1.83
96 83 2.37
96 84 3.22
96 85 4.17
96 86 5.16
96 87 6.18
96 88 7.23
96 89 8.31
96 90 9.49
96 91 10.89
96 92 12.55
96 93 3.41
96 94 2.17
96 95 1.05
96 96 0.00
96 97 1.02
96 98 2.02
96 99 3.01
96 100 4.00
96 101 5.01
96 102 6.06
96 103 7.19
96 104 8.55
96 105 10.18
96 106 4.49
96 107 3.63
96 108 2.91
96 109 2.37
96 110 2.09
96 111 2.16
96 112 2.53
96 113 3.12
96 114 3.82
96 115 4.62
96 116 5.52
96 117 6.62
96 118 8.05
96 119 5.74
96 120 5.30
96 121 4.94
96 122 4.65
96 123 4.46
96 124 4.36
96 125 4.38
96 126 4.50
96 127 4.72
96 128 5.03
96 129 5.43
96 130 5.93
96 131 6.85
96 132 6.94
96 133 6.88
96 134 6.82
96 135 6.76
96 136 6.73
96 137 6.72
96 138 6.74
96 139 6.78
96 140 6.85
96 141 6.92
96 142 6.99
96 143 6.96
96 144 7.24
96 145 7.97
96 146 8.26
96 147 8.46
96 148 8.63
96 149 8.77
96 150 8.90
96 151 9.02
96 152 9.13
96 153 9.22
96 154 9.27
96 155 9.26
96 156 9.04
96 157 8.97
96 158 8.76
96 159 9.35
96 160 9.80
96 161 10.17
96 162 10.50
96 163 10.78
96 164 11.04
96 165 11.26
96 166 11.44
96 167 11.57
96 168 11.61
96 169 11.41
96 170 11.27
96 171 9.28
96 172 10.12
96 173 10.78
96 174 11.35
96 175 11.84
96 176 12.28
96 177 12.68
96 178 13.03
96 179 13.34
96 180 13.59
96 181 13.75
96 182 13.66
96 183 13.61
96 184 9.48
96 185 10.53
96 186 11.37
96 187 12.10
96 188 12.75
96 189 13.34
96 190 13.88
96 191 14.37
96 192 14.82
96 193 15.20
96 194 15.50
96 195 15.59
96 196 15.71
96 197 9.38
96 198 10.56
96 199 11.55
96 200 12.41
96 201 13.19
96 202 13.92
96 203 14.59
96 204 15.21
96 205 15.79
96 206 16.31
96 207 16.77
96 208 17.06
96 209 17.40
96 210 6.25
97 1 9.99
97 2 9.35
97 3 10.62
97 4 11.73
97 5 12.75
97 6 13.70
97 7 14.59
97 8 15.43
97 9 16.24
97 10 17.02
97 11 17.76
97 12 18.46
97 13 19.08
97 14 19.79
97 15 8.46
97 16 9.67
97 17 10.79
97 18 11.84
97 19 12.84
97 20 13.80
97 21 14.73
97 22 15.63
97 23 16.51
97 24 17.37
97 25 18.22
97 26 19.06
97 27 20.02
97 28 7.35
97 29 8.40
97 30 9.46
97 31 10.50
97 32 11.51
97 33 12.51
97 34 13.49
97 35 14.46
97 36 15.42
97 37 16.38
97 38 17.35
97 39 18.39
97 40 19.58
97 41 6.11
97 42 6.88
97 43 7.80
97 44 8.77
97 45 9.76
97 46 10.76
97 47 11.76
97 48 12.77
97 49 13.78
97 50 14.82
97 51 15.89
97 52 17.11
97 53 18.50
97 54 4.90
97 55 5.21
97 56 5.89
97 57 6.73
97 58 7.66
97 59 8.62
97 60 9.62
97 61 10.64
97 62 11.68
97 63 12.76
97 64 13.91
97 65 15.26
97 66 16.82
97 67 3.99
97 68 3.62
97 69 3.85
97 70 4.46
97 71 5.27
97 72 6.18
97 73 7.15
97 74 8.16
97 75 9.21
97 76 10.32
97 77 11.52
97 78 12.96
97 79 14.63
97 80 3.78
97 81 2.67
97 82 2.05
97 83 2.09
97 84 2.68
97 85 3.53
97 86 4.48
97 87 5.49
97 88 6.54
97 89 7.65
97 90 8.86
97 91 10.35
97 92 12.08
97 93 4.39
97 94 3.17
97 95 2.07
97 96 1.02
97 97 0.00
97 98 1.00
97 99 2.00
97 100 3.01
97 101 4.03
97 102 5.11
97 103 6.27
97 104 7.69
97 105 9.40
97 106 5.50
97 107 4.64
97 108 3.88
97 109 3.22
97 110 2.68
97 111 2.34
97 112 2.29
97 113 2.54
97 114 3.04
97 115 3.71
97 116 4.53
97 117 5.60
97 118 7.05
97 119 6.75
97 120 6.32
97 121 5.92
97 122 5.57
97 123 5.27
97 124 5.03
97 125 4.86
97 126 4.77
97 127 4.77
97 128 4.84
97 129 5.00
97 130 5.24
97 131 5.97
97 132 7.94
97 133 7.90
97 134 7.83
97 135 7.74
97 136 7.65
97 137 7.58
97 138 7.51
97 139 7.45
97 140 7.40
97 141 7.33
97 142 7.22
97 143 6.95
97 144 6.94
97 145 8.95
97 146 9.27
97 147 9.48
97 148 9.64
97 149 9.76
97 150 9.86
97 151 9.94
97 152 10.00
97 153 10.03
97 154 10.01
97 155 9.89
97 156 9.52
97 157 9.25
97 158 9.71
97 159 10.33
97 160 10.80
97 161 11.19
97 162 11.51
97 163 11.79
97 164 12.04
97 165 12.24
97 166 12.39
97 167 12.49
97 168 12.47
97 169 12.18
97 170 11.92
97 171 10.17
97 172 11.05
97 173 11.75
97 174 12.33
97 175 12.84
97 176 13.29
97 177 13.70
97 178 14.05
97 179 14.36
97 180 14.59
97 181 14.73
97 182 14.60
97 183 14.49
97 184 10.31
97 185 11.39
97 186 12.27
97 187 13.02
97 188 13.70
97 189 14.31
97 190 14.86
97 191 15.37
97 192 15.82
97 193 16.22
97 194 16.52
97 195 16.60
97 196 16.70
97 197 10.12
97 198 11.33
97 199 12.34
97 200 13.24
97 201 14.05
97 202 14.79
97 203 15.49
97 204 16.14
97 205 16.74
97 206 17.28
97 207 17.76
97 208 18.06
97 209 18.41
97 210 7.25
98 1 10.34
98 2 9.93
98 3 11.19
98 4 12.31
98 5 13.34
98 6 14.31
98 7 15.22
98 8 16.09
98 9 16.93
98 10 17.73
98 11 18.51
98 12 19.24
98 13 19.91
98 14 20.67
98 15 8.96
98 16 10.12
98 17 11.23
98 18 12.28
98 19 13.29
98 20 14.27
98 21 15.22
98 22 16.15
98 23 17.05
98 24 17.95
98 25 18.84
98 26 19.74
98 27 20.76
98 28 7.79
98 29 8.75
98 30 9.76
98 31 10.78
98 32 11.79
98 33 12.80
98 34 13.79
98 35 14.77
98 36 15.76
98 37 16.75
98 38 17.77
98 39 18.88
98 40 20.14
98 41 6.54
98 42 7.16
98 43 7.98
98 44 8.90
98 45 9.86
98 46 10.85
98 47 11.85
98 48 12.87
98 49 13.90
98 50 14.96
98 51 16.08
98 52 17.36
98 53 18.83
98 54 5.39
98 55 5.48
98 56 5.99
98 57 6.72
98 58 7.58
98 59 8.51
98 60 9.48
98 61 10.50
98 62 11.55
98 63 12.65
98 64 13.84
98 65 15.26
98 66 16.89
98 67 4.64
98 68 4.03
98 69 3.98
98 70 4.37
98 71 5.03
98 72 5.85
98 73 6.78
98 74 7.77
98 75 8.82
98 76 9.94
98 77 11.17
98 78 12.68
98 79 14.43
98 80 4.62
98 81 3.43
98 82 2.56
98 83 2.16
98 84 2.35
98 85 2.98
98 86 3.84
98 87 4.81
98 88 5.86
98 89 6.98
98 90 8.22
98 91 9.77
98 92 11.58
98 93 5.34
98 94 4.15
98 95 3.06
98 96 2.02
98 97 1.00
98 98 0.00
98 99 1.00
98 100 2.02
98 101 3.06
98 102 4.15
98 103 5.34
98 104 6.83
98 105 8.60
98 106 6.48
98 107 5.64
98 108 4.88
98 109 4.17
98 110 3.53
98 111 2.98
98 112 2.59
98 113 2.43
98 114 2.56
98 115 2.98
98 116 3.64
98 117 4.61
98 118 6.05
98 119 7.73
98 120 7.32
98 121 6.92
98 122 6.53
98 123 6.18
98 124 5.85
98 125 5.57
98 126 5.33
98 127 5.13
98 128 4.99
98 129 4.89
98 130 4.81
98 131 5.24
98 132 8.90
98 133 8.90
98 134 8.83
98 135 8.73
98 136 8.62
98 137 8.51
98 138 8.39
98 139 8.26
98 140 8.11
98 141 7.94
98 142 7.69
98 143 7.20
98 144 6.91
98 145 9.88
98 146 10.24
98 147 10.47
98 148 10.64
98 149 10.76
98 150 10.85
98 151 10.91
98 152 10.93
98 153 10.92
98 154 10.84
98 155 10.66
98 156 10.17
98 157 9.73
98 158 10.60
98 159 11.27
98 160 11.77
98 161 12.17
98 162 12.51
98 163 12.80
98 164 13.04
98 165 13.23
98 166 13.37
98 167 13.44
98 168 13.40
98 169 13.05
98 170 12.70
98 171 11.01
98 172 11.93
98 173 12.66
98 174 13.27
98 175 13.80
98 176 14.27
98 177 14.69
98 178 15.05
98 179 15.36
98 180 15.59
98 181 15.72
98 182 15.57
98 183 15.42
98 184 11.08
98 185 12.19
98 186 13.10
98 187 13.89
98 188 14.59
98 189 15.22
98 190 15.80
98 191 16.32
98 192 16.80
98 193 17.20
98 194 17.51
98 195 17.60
98 196 17.70
98 197 10.81
98 198 12.04
98 199 13.08
98 200 14.00
98 201 14.84
98 202 15.61
98 203 16.33
98 204 17.00
98 205 17.63
98 206 18.20
98 207 18.70
98 208 19.03
98 209 19.40
98 210 8.25
99 1 10.66
99 2 10.47
99 3 11.71
99 4 12.84
99 5 13.88
99 6 14.86
99 7 15.80
99 8 16.69
99 9 17.56
99 10 18.39
99 11 19.20
99 12 19.97
99 13 20.69
99 14 21.50
99 15 9.43
99 16 10.55
99 17 11.63
99 18 12.68
99 19 13.70
99 20 14.69
99 21 15.65
99 22 16.60
99 23 17.54
99 24 18.46
99 25 19.39
99 26 20.35
99 27 21.44
99 28 8.23
99 29 9.09
99 30 10.05
99 31 11.04
99 32 12.04
99 33 13.04
99 34 14.04
99 35 15.04
99 36 16.04
99 37 17.06
99 38 18.12
99 39 19.29
99 40 20.62
99 41 6.98
99 42 7.45
99 43 8.17
99 44 9.02
99 45 9.94
99 46 10.91
99 47 11.90
99 48 12.92
99 49 13.97
99 50 15.05
99 51 16.20
99 52 17.55
99 53 19.09
99 54 5.91
99 55 5.80
99 56 6.14
99 57 6.74
99 58 7.51
99 59 8.39
99 60 9.33
99 61 10.33
99 62 11.39
99 63 12.50
99 64 13.72
99 65 15.20
99 66 16.90
99 67 5.33
99 68 4.53
99 69 4.23
99 70 4.38
99 71 4.86
99 72 5.57
99 73 6.42
99 74 7.37
99 75 8.41
99 76 9.53
99 77 10.78
99 78 12.35
99 79 14.17
99 80 5.47
99 81 4.22
99 82 3.23
99 83 2.53
99 84 2.29
99 85 2.59
99 86 3.27
99 87 4.16
99 88 5.17
99 89 6.29
99 90 7.55
99 91 9.16
99 92 11.03
99 93 6.27
99 94 5.11
99 95 4.03
99 96 3.01
99 97 2.00
99 98 1.00
99 99 0.00
99 100 1.02
99 101 2.07
99 102 3.17
99 103 4.39
99 104 5.93
99 105 7.77
99 106 7.43
99 107 6.63
99 108 5.88
99 109 5.16
99 110 4.48
99 111 3.84
99 112 3.27
99 113 2.81
99 114 2.55
99 115 2.56
99 116 2.90
99 117 3.67
99 118 5.05
99 119 8.68
99 120 8.31
99 121 7.92
99 122 7.53
99 123 7.15
99 124 6.78
99 125 6.42
99 126 6.08
99 127 5.75
99 128 5.44
99 129 5.11
99 130 4.67
99 131 4.72
99 132 9.84
99 133 9.87
99 134 9.82
99 135 9.73
99 136 9.62
99 137 9.48
99 138 9.33
99 139 9.16
99 140 8.96
99 141 8.70
99 142 8.35
99 143 7.69
99 144 7.15
99 145 10.79
99 146 11.19
99 147 11.45
99 148 11.63
99 149 11.76
99 150 11.85
99 151 11.90
99 152 11.91
99 153 11.87
99 154 11.76
99 155 11.53
99 156 10.95
99 157 10.38
99 158 11.46
99 159 12.17
99 160 12.71
99 161 13.14
99 162 13.49
99 163 13.79
99 164 14.04
99 165 14.23
99 166 14.37
99 167 14.43
99 168 14.37
99 169 13.98
99 170 13.56
99 171 11.80
99 172 12.77
99 173 13.53
99 174 14.17
99 175 14.73
99 176 15.22
99 177 15.65
99 178 16.03
99 179 16.35
99 180 16.59
99 181 16.72
99 182 16.57
99 183 16.39
99 184 11.80
99 185 12.95
99 186 13.89
99 187 14.71
99 188 15.43
99 189 16.09
99 190 16.69
99 191 17.24
99 192 17.74
99 193 18.16
99 194 18.49
99 195 18.59
99 196 18.70
99 197 11.46
99 198 12.71
99 199 13.77
99 200 14.71
99 201 15.58
99 202 16.38
99 203 17.12
99 204 17.82
99 205 18.47
99 206 19.07
99 207 19.60
99 208 19.97
99 209 20.37
99 210 9.25
100 1 10.95
100 2 10.98
100 3 12.20
100 4 13.32
100 5 14.37
100 6 15.37
100 7 16.32
100 8 17.24
100 9 18.13
100 10 18.99
100 11 19.83
100 12 20.64
100 13 21.42
100 14 22.29
100 15 9.89
100 16 10.94
100 17 12.00
100 18 13.03
100 19 14.05
100 20 15.05
100 21 16.03
100 22 17.00
100 23 17.96
100 24 18.92
100 25 19.89
100 26 20.91
100 27 22.06
100 28 8.66
100 29 9.41
100 30 10.31
100 31 11.26
100 32 12.24
100 33 13.23
100 34 14.23
100 35 15.24
100 36 16.27
100 37 17.31
100 38 18.41
100 39 19.64
100 40 21.04
100 41 7.43
100 42 7.74
100 43 8.35
100 44 9.13
100 45 10.00
100 46 10.93
100 47 11.91
100 48 12.93
100 49 13.98
100 50 15.08
100 51 16.27
100 52 17.67
100 53 19.28
100 54 6.46
100 55 6.16
100 56 6.32
100 57 6.78
100 58 7.45
100 59 8.26
100 60 9.16
100 61 10.13
100 62 11.18
100 63 12.30
100 64 13.54
100 65 15.08
100 66 16.85
100 67 6.03
100 68 5.09
100 69 4.59
100 70 4.50
100 71 4.77
100 72 5.33
100 73 6.08
100 74 6.97
100 75 7.97
100 76 9.09
100 77 10.36
100 78 11.97
100 79 13.85
100 80 6.31
100 81 5.05
100 82 3.98
100 83 3.12
100 84 2.54
100 85 2.43
100 86 2.81
100 87 3.55
100 88 4.50
100 89 5.59
100 90 6.86
100 91 8.51
100 92 10.44
100 93 7.19
100 94 6.06
100 95 5.01
100 96 4.00
100 97 3.01
100 98 2.02
100 99 1.02
100 100 0.00
100 101 1.05
100 102 2.17
100 103 3.41
100 104 5.00
100 105 6.90
100 106 8.38
100 107 7.62
100 108 6.89
100 109 6.18
100 110 5.49
100 111 4.81
100 112 4.16
100 113 3.55
100 114 3.02
100 115 2.62
100 116 2.49
100 117 2.82
100 118 4.05
100 119 9.62
100 120 9.29
100 121 8.93
100 122 8.55
100 123 8.16
100 124 7.77
100 125 7.37
100 126 6.97
100 127 6.56
100 128 6.12
100 129 5.61
100 130 4.88
100 131 4.49
100 132 10.76
100 133 10.84
100 134 10.82
100 135 10.75
100 136 10.64
100 137 10.50
100 138 10.33
100 139 10.14
100 140 9.89
100 141 9.59
100 142 9.16
100 143 8.38
100 144 7.62
100 145 11.67
100 146 12.12
100 147 12.41
100 148 12.62
100 149 12.77
100 150 12.87
100 151 12.92
100 152 12.93
100 153 12.88
100 154 12.74
100 155 12.48
100 156 11.85
100 157 11.18
100 158 12.29
100 159 13.05
100 160 13.62
100 161 14.08
100 162 14.46
100 163 14.77
100 164 15.04
100 165 15.24
100 166 15.39
100 167 15.45
100 168 15.38
100 169 14.97
100 170 14.51
100 171 12.57
100 172 13.58
100 173 14.37
100 174 15.05
100 175 15.63
100 176 16.15
100 177 16.60
100 178 17.00
100 179 17.34
100 180 17.59
100 181 17.73
100 182 17.59
100 183 17.41
100 184 12.49
100 185 13.67
100 186 14.64
100 187 15.49
100 188 16.24
100 189 16.93
100 190 17.56
100 191 18.13
100 192 18.65
100 193 19.10
100 194 19.45
100 195 19.58
100 196 19.71
100 197 12.07
100 198 13.33
100 199 14.41
100 200 15.38
100 201 16.27
100 202 17.10
100 203 17.87
100 204 18.60
100 205 19.28
100 206 19.90
100 207 20.46
100 208 20.87
100 209 21.32
100 210 10.25
101 1 11.21
101 2 11.47
101 3 12.65
101 4 13.76
101 5 14.82
101 6 15.82
101 7 16.80
101 8 17.73
101 9 18.65
101 10 19.54
101 11 20.41
101 12 21.26
101 13 22.10
101 14 23.03
101 15 10.32
101 16 11.31
101 17 12.32
101 18 13.34
101 19 14.36
101 20 15.36
101 21 16.35
101 22 17.34
101 23 18.32
101 24 19.31
101 25 20.31
101 26 21.40
101 27 22.62
101 28 9.07
101 29 9.72
101 30 10.54
101 31 11.44
101 32 12.39
101 33 13.37
101 34 14.37
101 35 15.39
101 36 16.43
101 37 17.50
101 38 18.63
101 39 19.92
101 40 21.39
101 41 7.89
101 42 8.05
101 43 8.53
101 44 9.22
101 45 10.03
101 46 10.92
101 47 11.87
101 48 12.88
101 49 13.93
101 50 15.04
101 51 16.26
101 52 17.72
101 53 19.39
101 54 7.03
101 55 6.56
101 56 6.54
101 57 6.85
101 58 7.40
101 59 8.11
101 60 8.96
101 61 9.89
101 62 10.92
101 63 12.04
101 64 13.30
101 65 14.89
101 66 16.71
101 67 6.75
101 68 5.70
101 69 5.03
101 70 4.72
101 71 4.77
101 72 5.13
101 73 5.75
101 74 6.56
101 75 7.51
101 76 8.60
101 77 9.87
101 78 11.53
101 79 13.45
101 80 7.16
101 81 5.89
101 82 4.79
101 83 3.82
101 84 3.04
101 85 2.56
101 86 2.55
101 87 3.02
101 88 3.83
101 89 4.86
101 90 6.12
101 91 7.81
101 92 9.78
101 93 8.10
101 94 7.02
101 95 6.00
101 96 5.01
101 97 4.03
101 98 3.06
101 99 2.07
101 100 1.05
101 101 0.00
101 102 1.12
101 103 2.38
101 104 4.02
101 105 5.96
101 106 9.31
101 107 8.61
101 108 7.91
101 109 7.22
101 110 6.54
101 111 5.85
101 112 5.17
101 113 4.49
101 114 3.83
101 115 3.18
101 116 2.60
101 117 2.25
101 118 3.09
101 119 10.55
101 120 10.28
101 121 9.95
101 122 9.59
101 123 9.21
101 124 8.82
101 125 8.41
101 126 7.98
101 127 7.51
101 128 6.99
101 129 6.37
101 130 5.41
101 131 4.63
101 132 11.66
101 133 11.80
101 134 11.82
101 135 11.77
101 136 11.68
101 137 11.55
101 138 11.39
101 139 11.18
101 140 10.92
101 141 10.58
101 142 10.10
101 143 9.24
101 144 8.33
101 145 12.53
101 146 13.03
101 147 13.37
101 148 13.61
101 149 13.78
101 150 13.90
101 151 13.96
101 152 13.98
101 153 13.93
101 154 13.79
101 155 13.51
101 156 12.84
101 157 12.11
101 158 13.09
101 159 13.90
101 160 14.51
101 161 15.01
101 162 15.42
101 163 15.76
101 164 16.04
101 165 16.27
101 166 16.42
101 167 16.50
101 168 16.43
101 169 16.02
101 170 15.54
101 171 13.30
101 172 14.35
101 173 15.19
101 174 15.89
101 175 16.51
101 176 17.05
101 177 17.54
101 178 17.96
101 179 18.32
101 180 18.60
101 181 18.76
101 182 18.63
101 183 18.46
101 184 13.15
101 185 14.36
101 186 15.36
101 187 16.23
101 188 17.02
101 189 17.73
101 190 18.39
101 191 18.99
101 192 19.54
101 193 20.02
101 194 20.40
101 195 20.56
101 196 20.72
101 197 12.65
101 198 13.92
101 199 15.02
101 200 16.01
101 201 16.92
101 202 17.77
101 203 18.58
101 204 19.33
101 205 20.04
101 206 20.70
101 207 21.29
101 208 21.75
101 209 22.25
101 210 11.26
102 1 11.42
102 2 11.91
102 3 13.06
102 4 14.15
102 5 15.20
102 6 16.22
102 7 17.20
102 8 18.16
102 9 19.10
102 10 20.01
102 11 20.92
102 12 21.82
102 13 22.72
102 14 23.72
102 15 10.73
102 16 11.63
102 17 12.60
102 18 13.59
102 19 14.59
102 20 15.59
102 21 16.59
102 22 17.59
102 23 18.60
102 24 19.61
102 25 20.66
102 26 21.81
102 27 23.10
102 28 9.48
102 29 9.99
102 30 10.73
102 31 11.57
102 32 12.49
102 33 13.44
102 34 14.43
102 35 15.45
102 36 16.50
102 37 17.59
102 38 18.75
102 39 20.11
102 40 21.65
102 41 8.36
102 42 8.34
102 43 8.69
102 44 9.27
102 45 10.00
102 46 10.84
102 47 11.76
102 48 12.74
102 49 13.79
102 50 14.91
102 51 16.15
102 52 17.67
102 53 19.41
102 54 7.62
102 55 6.98
102 56 6.78
102 57 6.92
102 58 7.33
102 59 7.94
102 60 8.70
102 61 9.59
102 62 10.58
102 63 11.69
102 64 12.96
102 65 14.59
102 66 16.47
102 67 7.49
102 68 6.35
102 69 5.54
102 70 5.03
102 71 4.84
102 72 4.99
102 73 5.43
102 74 6.12
102 75 6.99
102 76 8.04
102 77 9.30
102 78 10.98
102 79 12.95
102 80 8.02
102 81 6.76
102 82 5.64
102 83 4.62
102 84 3.71
102 85 2.98
102 86 2.56
102 87 2.62
102 88 3.18
102 89 4.10
102 90 5.31
102 91 7.01
102 92 9.01
102 93 9.03
102 94 8.00
102 95 7.02
102 96 6.06
102 97 5.11
102 98 4.15
102 99 3.17
102 100 2.17
102 101 1.12
102 102 0.00
102 103 1.27
102 104 2.94
102 105 4.92
102 106 10.26
102 107 9.62
102 108 8.97
102 109 8.31
102 110 7.65
102 111 6.98
102 112 6.29
102 113 5.59
102 114 4.86
102 115 4.10
102 116 3.26
102 117 2.26
102 118 2.27
102 119 11.49
102 120 11.28
102 121 10.99
102 122 10.67
102 123 10.32
102 124 9.94
102 125 9.53
102 126 9.09
102 127 8.60
102 128 8.04
102 129 7.34
102 130 6.25
102 131 5.17
102 132 12.57
102 133 12.76
102 134 12.83
102 135 12.82
102 136 12.76
102 137 12.65
102 138 12.50
102 139 12.30
102 140 12.04
102 141 11.69
102 142 11.19
102 143 10.27
102 144 9.26
102 145 13.38
102 146 13.94
102 147 14.33
102 148 14.61
102 149 14.81
102 150 14.96
102 151 15.05
102 152 15.08
102 153 15.04
102 154 14.91
102 155 14.63
102 156 13.95
102 157 13.18
102 158 13.88
102 159 14.74
102 160 15.40
102 161 15.93
102 162 16.38
102 163 16.75
102 164 17.06
102 165 17.31
102 166 17.49
102 167 17.59
102 168 17.54
102 169 17.14
102 170 16.67
102 171 14.01
102 172 15.10
102 173 15.98
102 174 16.72
102 175 17.37
102 176 17.95
102 177 18.46
102 178 18.92
102 179 19.31
102 180 19.61
102 181 19.80
102 182 19.71
102 183 19.56
102 184 13.78
102 185 15.01
102 186 16.04
102 187 16.94
102 188 17.76
102 189 18.51
102 190 19.19
102 191 19.83
102 192 20.41
102 193 20.92
102 194 21.34
102 195 21.55
102 196 21.76
102 197 13.19
102 198 14.46
102 199 15.57
102 200 16.58
102 201 17.52
102 202 18.40
102 203 19.23
102 204 20.02
102 205 20.76
102 206 21.46
102 207 22.09
102 208 22.61
102 209 23.16
102 210 12.30
103 1 11.55
103 2 12.31
103 3 13.39
103 4 14.46
103 5 15.50
103 6 16.52
103 7 17.51
103 8 18.49
103 9 19.45
103 10 20.40
103 11 21.34
103 12 22.28
103 13 23.26
103 14 24.34
103 15 11.08
103 16 11.88
103 17 12.79
103 18 13.75
103 19 14.73
103 20 15.72
103 21 16.72
103 22 17.73
103 23 18.76
103 24 19.80
103 25 20.89
103 26 22.11
103 27 23.48
103 28 9.85
103 29 10.22
103 30 10.84
103 31 11.61
103 32 12.47
103 33 13.40
103 34 14.37
103 35 15.38
103 36 16.43
103 37 17.54
103 38 18.73
103 39 20.15
103 40 21.77
103 41 8.81
103 42 8.62
103 43 8.81
103 44 9.26
103 45 9.89
103 46 10.66
103 47 11.52
103 48 12.48
103 49 13.51
103 50 14.63
103 51 15.89
103 52 17.46
103 53 19.26
103 54 8.22
103 55 7.42
103 56 7.04
103 57 6.99
103 58 7.22
103 59 7.69
103 60 8.35
103 61 9.16
103 62 10.10
103 63 11.19
103 64 12.46
103 65 14.12
103 66 16.05
103 67 8.26
103 68 7.06
103 69 6.12
103 70 5.43
103 71 5.00
103 72 4.89
103 73 5.11
103 74 5.61
103 75 6.37
103 76 7.34
103 77 8.57
103 78 10.27
103 79 12.27
103 80 8.92
103 81 7.69
103 82 6.57
103 83 5.52
103 84 4.53
103 85 3.64
103 86 2.90
103 87 2.49
103 88 2.60
103 89 3.26
103 90 4.36
103 91 6.05
103 92 8.06
103 93 10.00
103 94 9.03
103 95 8.10
103 96 7.19
103 97 6.27
103 98 5.34
103 99 4.39
103 100 3.41
103 101 2.38
103 102 1.27
103 103 0.00
103 104 1.70
103 105 3.71
103 106 11.24
103 107 10.68
103 108 10.09
103 109 9.49
103 110 8.86
103 111 8.22
103 112 7.56
103 113 6.86
103 114 6.12
103 115 5.31
103 116 4.36
103 117 3.04
103 118 2.04
103 119 12.45
103 120 12.32
103 121 12.10
103 122 11.83
103 123 11.52
103 124 11.17
103 125 10.78
103 126 10.36
103 127 9.87
103 128 9.30
103 129 8.57
103 130 7.39
103 131 6.13
103 132 13.48
103 133 13.76
103 134 13.89
103 135 13.93
103 136 13.91
103 137 13.84
103 138 13.72
103 139 13.55
103 140 13.30
103 141 12.96
103 142 12.46
103 143 11.52
103 144 10.45
103 145 14.23
103 146 14.86
103 147 15.31
103 148 15.64
103 149 15.89
103 150 16.08
103 151 16.20
103 152 16.27
103 153 16.26
103 154 16.15
103 155 15.89
103 156 15.22
103 157 14.44
103 158 14.64
103 159 15.57
103 160 16.28
103 161 16.86
103 162 17.35
103 163 17.77
103 164 18.12
103 165 18.41
103 166 18.63
103 167 18.75
103 168 18.73
103 169 18.37
103 170 17.92
103 171 14.69
103 172 15.82
103 173 16.74
103 174 17.53
103 175 18.22
103 176 18.84
103 177 19.39
103 178 19.89
103 179 20.31
103 180 20.66
103 181 20.89
103 182 20.85
103 183 20.75
103 184 14.36
103 185 15.61
103 186 16.67
103 187 17.61
103 188 18.46
103 189 19.24
103 190 19.97
103 191 20.64
103 192 21.26
103 193 21.82
103 194 22.28
103 195 22.56
103 196 22.83
103 197 13.69
103 198 14.94
103 199 16.07
103 200 17.10
103 201 18.06
103 202 18.96
103 203 19.83
103 204 20.65
103 205 21.43
103 206 22.17
103 207 22.86
103 208 23.44
103 209 24.07
103 210 13.38
104 1 11.48
104 2 12.56
104 3 13.55
104 4 14.57
104 5 15.59
104 6 16.60
104 7 17.60
104 8 18.59
104 9 19.58
104 10 20.56
104 11 21.55
104 12 22.56
104 13 23.63
104 14 24.83
104 15 11.32
104 16 11.96
104 17 12.77
104 18 13.66
104 19 14.60
104 20 15.57
104 21 16.57
104 22 17.58
104 23 18.63
104 24 19.71
104 25 20.85
104 26 22.16
104 27 23.63
104 28 10.13
104 29 10.29
104 30 10.76
104 31 11.41
104 32 12.18
104 33 13.05
104 34 13.98
104 35 14.97
104 36 16.02
104 37 17.14
104 38 18.37
104 39 19.87
104 40 21.57
104 41 9.23
104 42 8.80
104 43 8.78
104 44 9.04
104 45 9.52
104 46 10.17
104 47 10.95
104 48 11.85
104 49 12.84
104 50 13.95
104 51 15.22
104 52 16.85
104 53 18.72
104 54 8.85
104 55 7.87
104 56 7.26
104 57 6.96
104 58 6.95
104 59 7.20
104 60 7.69
104 61 8.38
104 62 9.24
104 63 10.27
104 64 11.51
104 65 13.21
104 66 15.19
104 67 9.11
104 68 7.86
104 69 6.80
104 70 5.93
104 71 5.24
104 72 4.81
104 73 4.67
104 74 4.88
104 75 5.41
104 76 6.25
104 77 7.39
104 78 9.09
104 79 11.10
104 80 9.93
104 81 8.76
104 82 7.66
104 83 6.61
104 84 5.60
104 85 4.61
104 86 3.67
104 87 2.82
104 88 2.25
104 89 2.26
104 90 3.04
104 91 4.63
104 92 6.62
104 93 11.09
104 94 10.23
104 95 9.39
104 96 8.55
104 97 7.69
104 98 6.83
104 99 5.93
104 100 5.00
104 101 4.02
104 102 2.94
104 103 1.70
104 104 0.00
104 105 2.01
104 106 12.34
104 107 11.90
104 108 11.41
104 109 10.89
104 110 10.35
104 111 9.77
104 112 9.16
104 113 8.51
104 114 7.81
104 115 7.01
104 116 6.05
104 117 4.63
104 118 3.12
104 119 13.50
104 120 13.50
104 121 13.38
104 122 13.19
104 123 12.96
104 124 12.68
104 125 12.35
104 126 11.97
104 127 11.53
104 128 10.98
104 129 10.27
104 130 9.09
104 131 7.75
104 132 14.45
104 133 14.85
104 134 15.08
104 135 15.21
104 136 15.26
104 137 15.26
104 138 15.20
104 139 15.08
104 140 14.89
104 141 14.59
104 142 14.12
104 143 13.21
104 144 12.15
104 145 15.10
104 146 15.84
104 147 16.37
104 148 16.78
104 149 17.11
104 150 17.36
104 151 17.55
104 152 17.67
104 153 17.72
104 154 17.67
104 155 17.46
104 156 16.85
104 157 16.12
104 158 15.39
104 159 16.40
104 160 17.18
104 161 17.84
104 162 18.39
104 163 18.88
104 164 19.29
104 165 19.64
104 166 19.92
104 167 20.11
104 168 20.15
104 169 19.87
104 170 19.50
104 171 15.31
104 172 16.49
104 173 17.47
104 174 18.31
104 175 19.06
104 176 19.74
104 177 20.35
104 178 20.91
104 179 21.40
104 180 21.81
104 181 22.11
104 182 22.16
104 183 22.16
104 184 14.85
104 185 16.12
104 186 17.21
104 187 18.18
104 188 19.08
104 189 19.91
104 190 20.69
104 191 21.42
104 192 22.10
104 193 22.72
104 194 23.26
104 195 23.63
104 196 24.01
104 197 14.06
104 198 15.29
104 199 16.41
104 200 17.46
104 201 18.45
104 202 19.39
104 203 20.29
104 204 21.16
104 205 21.99
104 206 22.79
104 207 23.55
104 208 24.24
104 209 24.98
104 210 14.61
105 1 11.49
105 2 12.94
105 3 13.80
105 4 14.74
105 5 15.71
105 6 16.70
105 7 17.70
105 8 18.70
105 9 19.71
105 10 20.72
105 11 21.76
105 12 22.83
105 13 24.01
105 14 25.33
105 15 11.70
105 16 12.15
105 17 12.82
105 18 13.61
105 19 14.49
105 20 15.42
105 21 16.39
105 22 17.41
105 23 18.46
105 24 19.56
105 25 20.75
105 26 22.16
105 27 23.75
105 28 10.60
105 29 10.52
105 30 10.78
105 31 11.27
105 32 11.92
105 33 12.70
105 34 13.56
105 35 14.51
105 36 15.54
105 37 16.67
105 38 17.92
105 39 19.50
105 40 21.30
105 41 9.88
105 42 9.22
105 43 8.94
105 44 8.97
105 45 9.25
105 46 9.73
105 47 10.38
105 48 11.17
105 49 12.11
105 50 13.18
105 51 14.44
105 52 16.12
105 53 18.06
105 54 9.75
105 55 8.62
105 56 7.80
105 57 7.24
105 58 6.94
105 59 6.91
105 60 7.15
105 61 7.62
105 62 8.33
105 63 9.26
105 64 10.45
105 65 12.15
105 66 14.16
105 67 10.23
105 68 8.96
105 69 7.85
105 70 6.85
105 71 5.97
105 72 5.24
105 73 4.72
105 74 4.49
105 75 4.63
105 76 5.17
105 77 6.13
105 78 7.75
105 79 9.74
105 80 11.19
105 81 10.10
105 82 9.06
105 83 8.05
105 84 7.05
105 85 6.05
105 86 5.05
105 87 4.05
105 88 3.09
105 89 2.27
105 90 2.04
105 91 3.12
105 92 4.96
105 93 12.40
105 94 11.67
105 95 10.93
105 96 10.18
105 97 9.40
105 98 8.60
105 99 7.77
105 100 6.90
105 101 5.96
105 102 4.92
105 103 3.71
105 104 2.01
105 105 0.00
105 106 13.64
105 107 13.34
105 108 12.97
105 109 12.55
105 110 12.08
105 111 11.58
105 112 11.03
105 113 10.44
105 114 9.78
105 115 9.01
105 116 8.06
105 117 6.62
105 118 4.96
105 119 14.75
105 120 14.88
105 121 14.87
105 122 14.78
105 123 14.63
105 124 14.43
105 125 14.17
105 126 13.85
105 127 13.45
105 128 12.95
105 129 12.27
105 130 11.10
105 131 9.74
105 132 15.60
105 133 16.12
105 134 16.45
105 135 16.68
105 136 16.82
105 137 16.89
105 138 16.90
105 139 16.85
105 140 16.71
105 141 16.47
105 142 16.05
105 143 15.19
105 144 14.16
105 145 16.12
105 146 16.97
105 147 17.59
105 148 18.09
105 149 18.50
105 150 18.83
105 151 19.09
105 152 19.28
105 153 19.39
105 154 19.41
105 155 19.26
105 156 18.72
105 157 18.06
105 158 16.28
105 159 17.36
105 160 18.22
105 161 18.95
105 162 19.58
105 163 20.14
105 164 20.62
105 165 21.04
105 166 21.39
105 167 21.65
105 168 21.77
105 169 21.57
105 170 21.30
105 171 16.05
105 172 17.28
105 173 18.30
105 174 19.21
105 175 20.02
105 176 20.76
105 177 21.44
105 178 22.06
105 179 22.62
105 180 23.10
105 181 23.48
105 182 23.63
105 183 23.75
105 184 15.45
105 185 16.72
105 186 17.83
105 187 18.85
105 188 19.79
105 189 20.67
105 190 21.50
105 191 22.29
105 192 23.03
105 193 23.72
105 194 24.34
105 195 24.83
105 196 25.33
105 197 14.54
105 198 15.72
105 199 16.83
105 200 17.89
105 201 18.89
105 202 19.87
105 203 20.81
105 204 21.72
105 205 22.60
105 206 23.47
105 207 24.30
105 208 25.11
105 209 25.98
105 210 16.04
106 1 8.48
106 2 6.55
106 3 7.66
106 4 8.57
106 5 9.38
106 6 10.12
106 7 10.81
106 8 11.46
106 9 12.07
106 10 12.65
106 11 13.19
106 12 13.68
106 13 14.06
106 14 14.54
106 15 6.39
106 16 7.59
106 17 8.59
106 18 9.48
106 19 10.31
106 20 11.08
106 21 11.80
106 22 12.49
106 23 13.15
106 24 13.78
106 25 14.36
106 26 14.85
106 27 15.45
106 28 5.99
106 29 7.24
106 30 8.31
106 31 9.27
106 32 10.17
106 33 11.01
106 34 11.80
106 35 12.57
106 36 13.30
106 37 14.01
106 38 14.69
106 39 15.31
106 40 16.05
106 41 5.37
106 42 6.64
106 43 7.75
106 44 8.76
106 45 9.70
106 46 10.60
106 47 11.46
106 48 12.29
106 49 13.09
106 50 13.88
106 51 14.64
106 52 15.39
106 53 16.28
106 54 4.56
106 55 5.80
106 56 6.93
106 57 7.97
106 58 8.95
106 59 9.89
106 60 10.79
106 61 11.67
106 62 12.53
106 63 13.38
106 64 14.23
106 65 15.10
106 66 16.12
106 67 3.57
106 68 4.77
106 69 5.89
106 70 6.94
106 71 7.94
106 72 8.90
106 73 9.84
106 74 10.76
106 75 11.66
106 76 12.57
106 77 13.48
106 78 14.45
106 79 15.60
106 80 2.46
106 81 3.58
106 82 4.69
106 83 5.74
106 84 6.75
106 85 7.73
106 86 8.68
106 87 9.62
106 88 10.55
106 89 11.49
106 90 12.45
106 91 13.50
106 92 14.75
106 93 1.25
106 94 2.33
106 95 3.44
106 96 4.49
106 97 5.50
106 98 6.48
106 99 7.43
106 100 8.38
106 101 9.31
106 102 10.26
106 103 11.24
106 104 12.34
106 105 13.64
106 106 0.00
106 107 1.27
106 108 2.38
106 109 3.41
106 110 4.39
106 111 5.34
106 112 6.27
106 113 7.19
106 114 8.10
106 115 9.03
106 116 10.00
106 117 11.09
106 118 12.40
106 119 1.25
106 120 1.39
106 121 2.10
106 122 2.93
106 123 3.78
106 124 4.62
106 125 5.47
106 126 6.31
106 127 7.16
106 128 8.02
106 129 8.92
106 130 9.93
106 131 11.19
106 132 2.46
106 133 2.51
106 134 2.87
106 135 3.39
106 136 3.99
106 137 4.64
106 138 5.33
106 139 6.03
106 140 6.75
106 141 7.49
106 142 8.26
106 143 9.11
106 144 10.23
106 145 3.57
106 146 3.76
106 147 4.07
106 148 4.45
106 149 4.90
106 150 5.39
106 151 5.91
106 152 6.46
106 153 7.03
106 154 7.62
106 155 8.22
106 156 8.85
106 157 9.75
106 158 4.56
106 159 4.93
106 160 5.31
106 161 5.70
106 162 6.11
106 163 6.54
106 164 6.98
106 165 7.43
106 166 7.89
106 167 8.36
106 168 8.81
106 169 9.23
106 170 9.88
106 171 5.37
106 172 5.94
106 173 6.44
106 174 6.90
106 175 7.35
106 176 7.79
106 177 8.23
106 178 8.65
106 179 9.07
106 180 9.48
106 181 9.85
106 182 10.13
106 183 10.60
106 184 5.99
106 185 6.75
106 186 7.37
106 187 7.94
106 188 8.46
106 189 8.96
106 190 9.43
106 191 9.89
106 192 10.32
106 193 10.73
106 194 11.08
106 195 11.32
106 196 11.70
106 197 6.39
106 198 7.31
106 199 8.07
106 200 8.74
106 201 9.35
106 202 9.93
106 203 10.47
106 204 10.98
106 205 11.47
106 206 11.91
106 207 12.31
106 208 12.56
106 209 12.94
106 210 2.63
107 1 9.35
107 2 7.61
107 3 8.77
107 4 9.72
107 5 10.56
107 6 11.33
107 7 12.04
107 8 12.71
107 9 13.33
107 10 13.92
107 11 14.46
107 12 14.94
107 13 15.29
107 14 15.72
107 15 7.31
107 16 8.55
107 17 9.59
107 18 10.53
107 19 11.39
107 20 12.19
107 21 12.95
107 22 13.67
107 23 14.36
107 24 15.01
107 25 15.61
107 26 16.11
107 27 16.72
107 28 6.75
107 29 8.01
107 30 9.12
107 31 10.12
107 32 11.05
107 33 11.93
107 34 12.77
107 35 13.58
107 36 14.35
107 37 15.10
107 38 15.82
107 39 16.49
107 40 17.28
107 41 5.94
107 42 7.19
107 43 8.31
107 44 9.35
107 45 10.33
107 46 11.27
107 47 12.17
107 48 13.05
107 49 13.90
107 50 14.74
107 51 15.57
107 52 16.40
107 53 17.36
107 54 4.93
107 55 6.09
107 56 7.20
107 57 8.26
107 58 9.27
107 59 10.24
107 60 11.19
107 61 12.12
107 62 13.03
107 63 13.94
107 64 14.86
107 65 15.84
107 66 16.97
107 67 3.76
107 68 4.78
107 69 5.84
107 70 6.88
107 71 7.90
107 72 8.90
107 73 9.87
107 74 10.84
107 75 11.80
107 76 12.76
107 77 13.76
107 78 14.85
107 79 16.12
107 80 2.51
107 81 3.29
107 82 4.28
107 83 5.30
107 84 6.32
107 85 7.32
107 86 8.31
107 87 9.29
107 88 10.28
107 89 11.28
107 90 12.32
107 91 13.50
107 92 14.88
107 93 1.39
107 94 1.67
107 95 2.61
107 96 3.63
107 97 4.64
107 98 5.64
107 99 6.63
107 100 7.62
107 101 8.61
107 102 9.62
107 103 10.68
107 104 11.90
107 105 13.34
107 106 1.27
107 107 0.00
107 108 1.12
107 109 2.17
107 110 3.17
107 111 4.15
107 112 5.11
107 113 6.06
107 114 7.02
107 115 8.00
107 116 9.03
107 117 10.23
107 118 11.67
107 119 2.33
107 120 1.67
107 121 1.58
107 122 2.00
107 123 2.67
107 124 3.43
107 125 4.22
107 126 5.05
107 127 5.89
107 128 6.76
107 129 7.69
107 130 8.76
107 131 10.10
107 132 3.58
107 133 3.29
107 134 3.21
107 135 3.33
107 136 3.62
107 137 4.03
107 138 4.53
107 139 5.09
107 140 5.70
107 141 6.36
107 142 7.06
107 143 7.86
107 144 8.96
107 145 4.77
107 146 4.78
107 147 4.86
107 148 5.00
107 149 5.21
107 150 5.48
107 151 5.80
107 152 6.16
107 153 6.56
107 154 6.98
107 155 7.43
107 156 7.87
107 157 8.62
107 158 5.80
107 159 6.09
107 160 6.35
107 161 6.61
107 162 6.88
107 163 7.16
107 164 7.44
107 165 7.74
107 166 8.04
107 167 8.34
107 168 8.62
107 169 8.80
107 170 9.22
107 171 6.64
107 172 7.19
107 173 7.63
107 174 8.03
107 175 8.40
107 176 8.75
107 177 9.09
107 178 9.41
107 179 9.72
107 180 9.99
107 181 10.22
107 182 10.29
107 183 10.52
107 184 7.24
107 185 8.01
107 186 8.64
107 187 9.18
107 188 9.67
107 189 10.12
107 190 10.55
107 191 10.94
107 192 11.31
107 193 11.63
107 194 11.88
107 195 11.96
107 196 12.15
107 197 7.59
107 198 8.55
107 199 9.33
107 200 10.01
107 201 10.62
107 202 11.19
107 203 11.71
107 204 12.20
107 205 12.65
107 206 13.05
107 207 13.39
107 208 13.55
107 209 13.80
107 210 2.71
108 1 10.06
108 2 8.49
108 3 9.68
108 4 10.67
108 5 11.55
108 6 12.34
108 7 13.08
108 8 13.77
108 9 14.41
108 10 15.02
108 11 15.57
108 12 16.07
108 13 16.41
108 14 16.83
108 15 8.07
108 16 9.33
108 17 10.41
108 18 11.37
108 19 12.27
108 20 13.10
108 21 13.89
108 22 14.64
108 23 15.36
108 24 16.04
108 25 16.67
108 26 17.21
108 27 17.83
108 28 7.37
108 29 8.64
108 30 9.76
108 31 10.78
108 32 11.75
108 33 12.66
108 34 13.53
108 35 14.37
108 36 15.19
108 37 15.98
108 38 16.74
108 39 17.47
108 40 18.30
108 41 6.44
108 42 7.63
108 43 8.75
108 44 9.80
108 45 10.80
108 46 11.77
108 47 12.71
108 48 13.62
108 49 14.51
108 50 15.40
108 51 16.28
108 52 17.18
108 53 18.22
108 54 5.31
108 55 6.35
108 56 7.42
108 57 8.46
108 58 9.48
108 59 10.47
108 60 11.45
108 61 12.41
108 62 13.37
108 63 14.33
108 64 15.31
108 65 16.37
108 66 17.59
108 67 4.07
108 68 4.86
108 69 5.82
108 70 6.82
108 71 7.82
108 72 8.83
108 73 9.82
108 74 10.82
108 75 11.82
108 76 12.83
108 77 13.89
108 78 15.08
108 79 16.45
108 80 2.87
108 81 3.21
108 82 4.00
108 83 4.94
108 84 5.92
108 85 6.92
108 86 7.92
108 87 8.93
108 88 9.95
108 89 10.99
108 90 12.10
108 91 13.38
108 92 14.87
108 93 2.10
108 94 1.58
108 95 2.04
108 96 2.91
108 97 3.88
108 98 4.88
108 99 5.88
108 100 6.89
108 101 7.91
108 102 8.97
108 103 10.09
108 104 11.41
108 105 12.97
108 106 2.38
108 107 1.12
108 108 0.00
108 109 1.05
108 110 2.07
108 111 3.06
108 112 4.03
108 113 5.01
108 114 6.00
108 115 7.02
108 116 8.10
108 117 9.39
108 118 10.93
108 119 3.44
108 120 2.61
108 121 2.04
108 122 1.83
108 123 2.05
108 124 2.56
108 125 3.23
108 126 3.98
108 127 4.79
108 128 5.64
108 129 6.57
108 130 7.66
108 131 9.06
108 132 4.69
108 133 4.28
108 134 4.00
108 135 3.86
108 136 3.85
108 137 3.98
108 138 4.23
108 139 4.59
108 140 5.03
108 141 5.54
108 142 6.12
108 143 6.80
108 144 7.85
108 145 5.89
108 146 5.84
108 147 5.82
108 148 5.83
108 149 5.89
108 150 5.99
108 151 6.14
108 152 6.32
108 153 6.54
108 154 6.78
108 155 7.04
108 156 7.26
108 157 7.80
108 158 6.93
108 159 7.20
108 160 7.42
108 161 7.61
108 162 7.80
108 163 7.98
108 164 8.17
108 165 8.35
108 166 8.53
108 167 8.69
108 168 8.81
108 169 8.78
108 170 8.95
108 171 7.75
108 172 8.31
108 173 8.75
108 174 9.12
108 175 9.46
108 176 9.76
108 177 10.05
108 178 10.31
108 179 10.54
108 180 10.73
108 181 10.84
108 182 10.76
108 183 10.78
108 184 8.31
108 185 9.12
108 186 9.76
108 187 10.30
108 188 10.79
108 189 11.23
108 190 11.63
108 191 12.00
108 192 12.32
108 193 12.60
108 194 12.79
108 195 12.77
108 196 12.82
108 197 8.59
108 198 9.59
108 199 10.41
108 200 11.11
108 201 11.73
108 202 12.31
108 203 12.84
108 204 13.32
108 205 13.76
108 206 14.15
108 207 14.46
108 208 14.57
108 209 14.74
108 210 3.39
109 1 10.66
109 2 9.26
109 3 10.48
109 4 11.51
109 5 12.41
109 6 13.24
109 7 14.00
109 8 14.71
109 9 15.38
109 10 16.01
109 11 16.58
109 12 17.10
109 13 17.46
109 14 17.89
109 15 8.74
109 16 10.01
109 17 11.11
109 18 12.10
109 19 13.02
109 20 13.89
109 21 14.71
109 22 15.49
109 23 16.23
109 24 16.94
109 25 17.61
109 26 18.18
109 27 18.85
109 28 7.94
109 29 9.18
109 30 10.30
109 31 11.35
109 32 12.33
109 33 13.27
109 34 14.17
109 35 15.05
109 36 15.89
109 37 16.72
109 38 17.53
109 39 18.31
109 40 19.21
109 41 6.90
109 42 8.03
109 43 9.12
109 44 10.17
109 45 11.19
109 46 12.17
109 47 13.13
109 48 14.08
109 49 15.01
109 50 15.93
109 51 16.86
109 52 17.84
109 53 18.95
109 54 5.70
109 55 6.61
109 56 7.61
109 57 8.63
109 58 9.64
109 59 10.64
109 60 11.63
109 61 12.62
109 62 13.61
109 63 14.61
109 64 15.64
109 65 16.78
109 66 18.09
109 67 4.45
109 68 5.00
109 69 5.83
109 70 6.76
109 71 7.74
109 72 8.73
109 73 9.73
109 74 10.74
109 75 11.77
109 76 12.82
109 77 13.93
109 78 15.20
109 79 16.68
109 80 3.39
109 81 3.33
109 82 3.86
109 83 4.65
109 84 5.57
109 85 6.53
109 86 7.53
109 87 8.55
109 88 9.59
109 89 10.67
109 90 11.83
109 91 13.19
109 92 14.78
109 93 2.93
109 94 2.00
109 95 1.83
109 96 2.37
109 97 3.22
109 98 4.17
109 99 5.16
109 100 6.18
109 101 7.22
109 102 8.31
109 103 9.49
109 104 10.89
109 105 12.55
109 106 3.41
109 107 2.17
109 108 1.05
109 109 0.00
109 110 1.02
109 111 2.02
109 112 3.01
109 113 4.00
109 114 5.01
109 115 6.06
109 116 7.19
109 117 8.55
109 118 10.18
109 119 4.49
109 120 3.63
109 121 2.91
109 122 2.37
109 123 2.09
109 124 2.16
109 125 2.53
109 126 3.12
109 127 3.82
109 128 4.62
109 129 5.52
109 130 6.61
109 131 8.05
109 132 5.74
109 133 5.30
109 134 4.94
109 135 4.65
109 136 4.46
109 137 4.37
109 138 4.38
109 139 4.50
109 140 4.72
109 141 5.03
109 142 5.43
109 143 5.93
109 144 6.85
109 145 6.94
109 146 6.88
109 147 6.82
109 148 6.76
109 149 6.73
109 150 6.72
109 151 6.74
109 152 6.78
109 153 6.85
109 154 6.92
109 155 6.99
109 156 6.96
109 157 7.24
109 158 7.97
109 159 8.26
109 160 8.46
109 161 8.63
109 162 8.77
109 163 8.90
109 164 9.02
109 165 9.13
109 166 9.22
109 167 9.27
109 168 9.26
109 169 9.04
109 170 8.97
109 171 8.76
109 172 9.35
109 173 9.80
109 174 10.17
109 175 10.50
109 176 10.78
109 177 11.04
109 178 11.26
109 179 11.44
109 180 11.57
109 181 11.61
109 182 11.41
109 183 11.27
109 184 9.28
109 185 10.12
109 186 10.78
109 187 11.35
109 188 11.84
109 189 12.28
109 190 12.68
109 191 13.03
109 192 13.34
109 193 13.59
109 194 13.75
109 195 13.66
109 196 13.62
109 197 9.49
109 198 10.53
109 199 11.37
109 200 12.10
109 201 12.75
109 202 13.34
109 203 13.88
109 204 14.37
109 205 14.82
109 206 15.20
109 207 15.50
109 208 15.59
109 209 15.71
109 210 4.28
110 1 11.19
110 2 9.97
110 3 11.21
110 4 12.26
110 5 13.19
110 6 14.05
110 7 14.84
110 8 15.58
110 9 16.27
110 10 16.92
110 11 17.52
110 12 18.06
110 13 18.45
110 14 18.89
110 15 9.35
110 16 10.62
110 17 11.73
110 18 12.75
110 19 13.70
110 20 14.59
110 21 15.43
110 22 16.24
110 23 17.02
110 24 17.76
110 25 18.46
110 26 19.08
110 27 19.79
110 28 8.46
110 29 9.67
110 30 10.79
110 31 11.84
110 32 12.84
110 33 13.80
110 34 14.73
110 35 15.63
110 36 16.51
110 37 17.37
110 38 18.22
110 39 19.06
110 40 20.02
110 41 7.35
110 42 8.40
110 43 9.46
110 44 10.50
110 45 11.51
110 46 12.51
110 47 13.49
110 48 14.46
110 49 15.42
110 50 16.38
110 51 17.35
110 52 18.39
110 53 19.58
110 54 6.11
110 55 6.88
110 56 7.80
110 57 8.77
110 58 9.76
110 59 10.76
110 60 11.76
110 61 12.77
110 62 13.78
110 63 14.82
110 64 15.89
110 65 17.11
110 66 18.50
110 67 4.90
110 68 5.21
110 69 5.89
110 70 6.73
110 71 7.66
110 72 8.62
110 73 9.62
110 74 10.64
110 75 11.68
110 76 12.76
110 77 13.91
110 78 15.26
110 79 16.82
110 80 3.99
110 81 3.62
110 82 3.85
110 83 4.46
110 84 5.27
110 85 6.18
110 86 7.15
110 87 8.16
110 88 9.21
110 89 10.32
110 90 11.52
110 91 12.96
110 92 14.63
110 93 3.78
110 94 2.67
110 95 2.05
110 96 2.09
110 97 2.68
110 98 3.53
110 99 4.48
110 100 5.49
110 101 6.54
110 102 7.65
110 103 8.86
110 104 10.35
110 105 12.08
110 106 4.39
110 107 3.17
110 108 2.07
110 109 1.02
110 110 0.00
110 111 1.00
110 112 2.00
110 113 3.01
110 114 4.03
110 115 5.11
110 116 6.27
110 117 7.69
110 118 9.40
110 119 5.50
110 120 4.64
110 121 3.88
110 122 3.22
110 123 2.68
110 124 2.34
110 125 2.29
110 126 2.54
110 127 3.04
110 128 3.71
110 129 4.53
110 130 5.60
110 131 7.05
110 132 6.75
110 133 6.32
110 134 5.92
110 135 5.57
110 136 5.26
110 137 5.03
110 138 4.86
110 139 4.77
110 140 4.77
110 141 4.84
110 142 5.00
110 143 5.24
110 144 5.97
110 145 7.94
110 146 7.90
110 147 7.83
110 148 7.74
110 149 7.65
110 150 7.58
110 151 7.51
110 152 7.45
110 153 7.39
110 154 7.33
110 155 7.22
110 156 6.95
110 157 6.94
110 158 8.95
110 159 9.27
110 160 9.48
110 161 9.64
110 162 9.76
110 163 9.86
110 164 9.94
110 165 10.00
110 166 10.03
110 167 10.00
110 168 9.89
110 169 9.52
110 170 9.25
110 171 9.70
110 172 10.33
110 173 10.80
110 174 11.19
110 175 11.51
110 176 11.79
110 177 12.03
110 178 12.24
110 179 12.39
110 180 12.48
110 181 12.47
110 182 12.18
110 183 11.92
110 184 10.17
110 185 11.05
110 186 11.75
110 187 12.33
110 188 12.84
110 189 13.29
110 190 13.70
110 191 14.05
110 192 14.36
110 193 14.59
110 194 14.73
110 195 14.60
110 196 14.49
110 197 10.31
110 198 11.39
110 199 12.27
110 200 13.02
110 201 13.69
110 202 14.31
110 203 14.86
110 204 15.37
110 205 15.82
110 206 16.22
110 207 16.52
110 208 16.60
110 209 16.70
110 210 5.25
111 1 11.68
111 2 10.63
111 3 11.88
111 4 12.96
111 5 13.92
111 6 14.79
111 7 15.61
111 8 16.38
111 9 17.10
111 10 17.77
111 11 18.40
111 12 18.96
111 13 19.39
111 14 19.87
111 15 9.93
111 16 11.19
111 17 12.31
111 18 13.34
111 19 14.31
111 20 15.22
111 21 16.09
111 22 16.93
111 23 17.73
111 24 18.51
111 25 19.24
111 26 19.91
111 27 20.67
111 28 8.96
111 29 10.12
111 30 11.23
111 31 12.28
111 32 13.29
111 33 14.27
111 34 15.22
111 35 16.14
111 36 17.05
111 37 17.95
111 38 18.84
111 39 19.74
111 40 20.76
111 41 7.79
111 42 8.75
111 43 9.76
111 44 10.78
111 45 11.79
111 46 12.80
111 47 13.79
111 48 14.77
111 49 15.76
111 50 16.75
111 51 17.77
111 52 18.88
111 53 20.14
111 54 6.54
111 55 7.16
111 56 7.98
111 57 8.90
111 58 9.86
111 59 10.85
111 60 11.85
111 61 12.87
111 62 13.90
111 63 14.96
111 64 16.08
111 65 17.36
111 66 18.83
111 67 5.39
111 68 5.48
111 69 5.99
111 70 6.72
111 71 7.58
111 72 8.51
111 73 9.48
111 74 10.50
111 75 11.55
111 76 12.65
111 77 13.84
111 78 15.26
111 79 16.89
111 80 4.64
111 81 4.03
111 82 3.98
111 83 4.36
111 84 5.03
111 85 5.85
111 86 6.77
111 87 7.77
111 88 8.82
111 89 9.94
111 90 11.17
111 91 12.68
111 92 14.43
111 93 4.62
111 94 3.43
111 95 2.56
111 96 2.16
111 97 2.34
111 98 2.98
111 99 3.84
111 100 4.81
111 101 5.85
111 102 6.98
111 103 8.22
111 104 9.77
111 105 11.58
111 106 5.34
111 107 4.15
111 108 3.06
111 109 2.02
111 110 1.00
111 111 0.00
111 112 1.00
111 113 2.02
111 114 3.06
111 115 4.15
111 116 5.34
111 117 6.83
111 118 8.60
111 119 6.48
111 120 5.64
111 121 4.88
111 122 4.17
111 123 3.53
111 124 2.98
111 125 2.59
111 126 2.43
111 127 2.56
111 128 2.98
111 129 3.64
111 130 4.61
111 131 6.06
111 132 7.73
111 133 7.32
111 134 6.92
111 135 6.53
111 136 6.18
111 137 5.85
111 138 5.57
111 139 5.33
111 140 5.13
111 141 4.99
111 142 4.89
111 143 4.81
111 144 5.24
111 145 8.90
111 146 8.90
111 147 8.83
111 148 8.73
111 149 8.62
111 150 8.51
111 151 8.39
111 152 8.26
111 153 8.11
111 154 7.94
111 155 7.69
111 156 7.20
111 157 6.91
111 158 9.88
111 159 10.24
111 160 10.47
111 161 10.64
111 162 10.76
111 163 10.85
111 164 10.91
111 165 10.94
111 166 10.92
111 167 10.84
111 168 10.66
111 169 10.17
111 170 9.73
111 171 10.60
111 172 11.27
111 173 11.77
111 174 12.17
111 175 12.51
111 176 12.80
111 177 13.04
111 178 13.23
111 179 13.37
111 180 13.44
111 181 13.40
111 182 13.05
111 183 12.70
111 184 11.00
111 185 11.93
111 186 12.66
111 187 13.27
111 188 13.80
111 189 14.27
111 190 14.68
111 191 15.05
111 192 15.36
111 193 15.59
111 194 15.72
111 195 15.57
111 196 15.42
111 197 11.08
111 198 12.19
111 199 13.10
111 200 13.89
111 201 14.59
111 202 15.22
111 203 15.80
111 204 16.32
111 205 16.79
111 206 17.20
111 207 17.51
111 208 17.60
111 209 17.70
111 210 6.24
112 1 12.12
112 2 11.25
112 3 12.51
112 4 13.60
112 5 14.58
112 6 15.49
112 7 16.33
112 8 17.12
112 9 17.87
112 10 18.57
112 11 19.23
112 12 19.83
112 13 20.29
112 14 20.81
112 15 10.47
112 16 11.71
112 17 12.83
112 18 13.88
112 19 14.86
112 20 15.80
112 21 16.69
112 22 17.56
112 23 18.39
112 24 19.19
112 25 19.97
112 26 20.69
112 27 21.50
112 28 9.43
112 29 10.55
112 30 11.63
112 31 12.68
112 32 13.70
112 33 14.69
112 34 15.65
112 35 16.60
112 36 17.54
112 37 18.46
112 38 19.39
112 39 20.35
112 40 21.44
112 41 8.23
112 42 9.09
112 43 10.05
112 44 11.04
112 45 12.03
112 46 13.04
112 47 14.03
112 48 15.03
112 49 16.04
112 50 17.06
112 51 18.12
112 52 19.29
112 53 20.62
112 54 6.98
112 55 7.44
112 56 8.17
112 57 9.02
112 58 9.94
112 59 10.91
112 60 11.90
112 61 12.92
112 62 13.96
112 63 15.05
112 64 16.20
112 65 17.55
112 66 19.09
112 67 5.91
112 68 5.80
112 69 6.14
112 70 6.74
112 71 7.51
112 72 8.39
112 73 9.33
112 74 10.33
112 75 11.38
112 76 12.50
112 77 13.72
112 78 15.20
112 79 16.90
112 80 5.33
112 81 4.53
112 82 4.23
112 83 4.38
112 84 4.86
112 85 5.57
112 86 6.42
112 87 7.37
112 88 8.41
112 89 9.53
112 90 10.78
112 91 12.35
112 92 14.17
112 93 5.47
112 94 4.22
112 95 3.23
112 96 2.53
112 97 2.29
112 98 2.59
112 99 3.27
112 100 4.16
112 101 5.17
112 102 6.29
112 103 7.56
112 104 9.16
112 105 11.03
112 106 6.27
112 107 5.11
112 108 4.03
112 109 3.01
112 110 2.00
112 111 1.00
112 112 0.00
112 113 1.02
112 114 2.07
112 115 3.17
112 116 4.39
112 117 5.93
112 118 7.77
112 119 7.43
112 120 6.63
112 121 5.88
112 122 5.16
112 123 4.48
112 124 3.84
112 125 3.27
112 126 2.81
112 127 2.55
112 128 2.56
112 129 2.90
112 130 3.67
112 131 5.05
112 132 8.68
112 133 8.31
112 134 7.92
112 135 7.53
112 136 7.14
112 137 6.77
112 138 6.42
112 139 6.08
112 140 5.75
112 141 5.44
112 142 5.11
112 143 4.67
112 144 4.72
112 145 9.84
112 146 9.87
112 147 9.82
112 148 9.73
112 149 9.62
112 150 9.48
112 151 9.33
112 152 9.16
112 153 8.95
112 154 8.70
112 155 8.35
112 156 7.69
112 157 7.15
112 158 10.79
112 159 11.19
112 160 11.45
112 161 11.63
112 162 11.76
112 163 11.85
112 164 11.90
112 165 11.91
112 166 11.87
112 167 11.76
112 168 11.52
112 169 10.95
112 170 10.38
112 171 11.46
112 172 12.17
112 173 12.71
112 174 13.13
112 175 13.49
112 176 13.79
112 177 14.03
112 178 14.23
112 179 14.37
112 180 14.43
112 181 14.36
112 182 13.98
112 183 13.56
112 184 11.80
112 185 12.77
112 186 13.53
112 187 14.17
112 188 14.73
112 189 15.22
112 190 15.65
112 191 16.03
112 192 16.35
112 193 16.59
112 194 16.72
112 195 16.57
112 196 16.39
112 197 11.80
112 198 12.95
112 199 13.89
112 200 14.71
112 201 15.43
112 202 16.09
112 203 16.69
112 204 17.24
112 205 17.73
112 206 18.16
112 207 18.49
112 208 18.59
112 209 18.70
112 210 7.24
113 1 12.53
113 2 11.83
113 3 13.10
113 4 14.21
113 5 15.21
113 6 16.14
113 7 17.00
113 8 17.82
113 9 18.60
113 10 19.33
113 11 20.02
113 12 20.65
113 13 21.16
113 14 21.72
113 15 10.98
113 16 12.20
113 17 13.32
113 18 14.37
113 19 15.37
113 20 16.32
113 21 17.24
113 22 18.13
113 23 18.99
113 24 19.83
113 25 20.64
113 26 21.42
113 27 22.29
113 28 9.89
113 29 10.94
113 30 12.00
113 31 13.03
113 32 14.05
113 33 15.05
113 34 16.03
113 35 17.00
113 36 17.96
113 37 18.92
113 38 19.89
113 39 20.91
113 40 22.06
113 41 8.65
113 42 9.41
113 43 10.31
113 44 11.26
113 45 12.24
113 46 13.23
113 47 14.23
113 48 15.24
113 49 16.27
113 50 17.31
113 51 18.41
113 52 19.64
113 53 21.04
113 54 7.43
113 55 7.74
113 56 8.35
113 57 9.13
113 58 10.00
113 59 10.93
113 60 11.91
113 61 12.93
113 62 13.98
113 63 15.08
113 64 16.27
113 65 17.67
113 66 19.28
113 67 6.46
113 68 6.16
113 69 6.32
113 70 6.78
113 71 7.45
113 72 8.26
113 73 9.16
113 74 10.13
113 75 11.18
113 76 12.30
113 77 13.54
113 78 15.08
113 79 16.85
113 80 6.03
113 81 5.09
113 82 4.59
113 83 4.50
113 84 4.77
113 85 5.32
113 86 6.08
113 87 6.97
113 88 7.98
113 89 9.09
113 90 10.36
113 91 11.97
113 92 13.85
113 93 6.31
113 94 5.05
113 95 3.98
113 96 3.12
113 97 2.54
113 98 2.43
113 99 2.81
113 100 3.55
113 101 4.49
113 102 5.59
113 103 6.86
113 104 8.51
113 105 10.44
113 106 7.19
113 107 6.06
113 108 5.01
113 109 4.00
113 110 3.01
113 111 2.02
113 112 1.02
113 113 0.00
113 114 1.05
113 115 2.17
113 116 3.41
113 117 5.00
113 118 6.90
113 119 8.37
113 120 7.62
113 121 6.89
113 122 6.18
113 123 5.49
113 124 4.81
113 125 4.16
113 126 3.55
113 127 3.02
113 128 2.62
113 129 2.49
113 130 2.82
113 131 4.06
113 132 9.62
113 133 9.29
113 134 8.93
113 135 8.55
113 136 8.16
113 137 7.77
113 138 7.37
113 139 6.97
113 140 6.56
113 141 6.12
113 142 5.61
113 143 4.88
113 144 4.49
113 145 10.76
113 146 10.84
113 147 10.82
113 148 10.75
113 149 10.64
113 150 10.50
113 151 10.33
113 152 10.13
113 153 9.89
113 154 9.59
113 155 9.16
113 156 8.38
113 157 7.62
113 158 11.67
113 159 12.12
113 160 12.41
113 161 12.62
113 162 12.77
113 163 12.87
113 164 12.92
113 165 12.93
113 166 12.87
113 167 12.74
113 168 12.48
113 169 11.85
113 170 11.18
113 171 12.29
113 172 13.05
113 173 13.62
113 174 14.08
113 175 14.46
113 176 14.77
113 177 15.04
113 178 15.24
113 179 15.39
113 180 15.45
113 181 15.38
113 182 14.97
113 183 14.51
113 184 12.57
113 185 13.58
113 186 14.37
113 187 15.05
113 188 15.63
113 189 16.15
113 190 16.60
113 191 17.00
113 192 17.34
113 193 17.59
113 194 17.73
113 195 17.59
113 196 17.41
113 197 12.49
113 198 13.67
113 199 14.64
113 200 15.49
113 201 16.24
113 202 16.93
113 203 17.56
113 204 18.13
113 205 18.65
113 206 19.10
113 207 19.45
113 208 19.58
113 209 19.71
113 210 8.26
114 1 12.89
114 2 12.39
114 3 13.65
114 4 14.77
114 5 15.79
114 6 16.74
114 7 17.63
114 8 18.47
114 9 19.28
114 10 20.04
114 11 20.76
114 12 21.43
114 13 21.99
114 14 22.60
114 15 11.47
114 16 12.65
114 17 13.76
114 18 14.82
114 19 15.82
114 20 16.80
114 21 17.73
114 22 18.65
114 23 19.54
114 24 20.41
114 25 21.26
114 26 22.10
114 27 23.03
114 28 10.32
114 29 11.31
114 30 12.32
114 31 13.34
114 32 14.36
114 33 15.36
114 34 16.35
114 35 17.33
114 36 18.32
114 37 19.31
114 38 20.31
114 39 21.40
114 40 22.61
114 41 9.07
114 42 9.72
114 43 10.54
114 44 11.44
114 45 12.39
114 46 13.37
114 47 14.37
114 48 15.39
114 49 16.43
114 50 17.50
114 51 18.63
114 52 19.92
114 53 21.39
114 54 7.89
114 55 8.04
114 56 8.53
114 57 9.22
114 58 10.03
114 59 10.92
114 60 11.87
114 61 12.88
114 62 13.93
114 63 15.04
114 64 16.26
114 65 17.72
114 66 19.39
114 67 7.03
114 68 6.56
114 69 6.54
114 70 6.85
114 71 7.40
114 72 8.11
114 73 8.96
114 74 9.89
114 75 10.92
114 76 12.04
114 77 13.30
114 78 14.89
114 79 16.71
114 80 6.75
114 81 5.70
114 82 5.03
114 83 4.72
114 84 4.77
114 85 5.13
114 86 5.75
114 87 6.56
114 88 7.51
114 89 8.60
114 90 9.87
114 91 11.53
114 92 13.45
114 93 7.16
114 94 5.89
114 95 4.79
114 96 3.82
114 97 3.04
114 98 2.56
114 99 2.55
114 100 3.02
114 101 3.83
114 102 4.86
114 103 6.12
114 104 7.81
114 105 9.78
114 106 8.10
114 107 7.02
114 108 6.00
114 109 5.01
114 110 4.03
114 111 3.06
114 112 2.07
114 113 1.05
114 114 0.00
114 115 1.12
114 116 2.38
114 117 4.02
114 118 5.96
114 119 9.31
114 120 8.61
114 121 7.91
114 122 7.22
114 123 6.54
114 124 5.85
114 125 5.17
114 126 4.49
114 127 3.83
114 128 3.18
114 129 2.60
114 130 2.25
114 131 3.09
114 132 10.55
114 133 10.28
114 134 9.95
114 135 9.59
114 136 9.21
114 137 8.82
114 138 8.41
114 139 7.97
114 140 7.51
114 141 6.99
114 142 6.37
114 143 5.41
114 144 4.63
114 145 11.66
114 146 11.80
114 147 11.82
114 148 11.77
114 149 11.68
114 150 11.55
114 151 11.38
114 152 11.18
114 153 10.92
114 154 10.58
114 155 10.10
114 156 9.24
114 157 8.33
114 158 12.53
114 159 13.03
114 160 13.37
114 161 13.61
114 162 13.78
114 163 13.90
114 164 13.96
114 165 13.98
114 166 13.93
114 167 13.79
114 168 13.51
114 169 12.84
114 170 12.11
114 171 13.09
114 172 13.90
114 173 14.51
114 174 15.01
114 175 15.42
114 176 15.76
114 177 16.04
114 178 16.27
114 179 16.42
114 180 16.50
114 181 16.43
114 182 16.02
114 183 15.54
114 184 13.30
114 185 14.35
114 186 15.19
114 187 15.89
114 188 16.51
114 189 17.05
114 190 17.54
114 191 17.96
114 192 18.32
114 193 18.60
114 194 18.76
114 195 18.63
114 196 18.46
114 197 13.15
114 198 14.36
114 199 15.36
114 200 16.23
114 201 17.02
114 202 17.73
114 203 18.39
114 204 18.99
114 205 19.54
114 206 20.01
114 207 20.40
114 208 20.56
114 209 20.72
114 210 9.28
115 1 13.20
115 2 12.90
115 3 14.16
115 4 15.28
115 5 16.31
115 6 17.28
115 7 18.20
115 8 19.07
115 9 19.90
115 10 20.70
115 11 21.46
115 12 22.17
115 13 22.79
115 14 23.47
115 15 11.91
115 16 13.06
115 17 14.15
115 18 15.20
115 19 16.22
115 20 17.20
115 21 18.16
115 22 19.10
115 23 20.02
115 24 20.92
115 25 21.82
115 26 22.72
115 27 23.72
115 28 10.73
115 29 11.63
115 30 12.60
115 31 13.59
115 32 14.59
115 33 15.59
115 34 16.59
115 35 17.59
115 36 18.60
115 37 19.61
115 38 20.66
115 39 21.81
115 40 23.10
115 41 9.48
115 42 9.99
115 43 10.73
115 44 11.57
115 45 12.49
115 46 13.44
115 47 14.43
115 48 15.45
115 49 16.50
115 50 17.59
115 51 18.75
115 52 20.11
115 53 21.65
115 54 8.36
115 55 8.34
115 56 8.69
115 57 9.27
115 58 10.00
115 59 10.84
115 60 11.76
115 61 12.74
115 62 13.79
115 63 14.91
115 64 16.15
115 65 17.67
115 66 19.41
115 67 7.62
115 68 6.98
115 69 6.78
115 70 6.92
115 71 7.33
115 72 7.94
115 73 8.70
115 74 9.59
115 75 10.58
115 76 11.69
115 77 12.96
115 78 14.59
115 79 16.47
115 80 7.49
115 81 6.35
115 82 5.54
115 83 5.03
115 84 4.84
115 85 4.99
115 86 5.43
115 87 6.12
115 88 6.99
115 89 8.04
115 90 9.30
115 91 10.98
115 92 12.95
115 93 8.02
115 94 6.76
115 95 5.64
115 96 4.62
115 97 3.71
115 98 2.98
115 99 2.56
115 100 2.62
115 101 3.18
115 102 4.10
115 103 5.31
115 104 7.01
115 105 9.01
115 106 9.03
115 107 8.00
115 108 7.02
115 109 6.06
115 110 5.11
115 111 4.15
115 112 3.17
115 113 2.17
115 114 1.12
115 115 0.00
115 116 1.27
115 117 2.94
115 118 4.92
115 119 10.26
115 120 9.62
115 121 8.97
115 122 8.31
115 123 7.65
115 124 6.98
115 125 6.29
115 126 5.59
115 127 4.86
115 128 4.10
115 129 3.26
115 130 2.26
115 131 2.27
115 132 11.49
115 133 11.28
115 134 10.99
115 135 10.67
115 136 10.32
115 137 9.94
115 138 9.53
115 139 9.09
115 140 8.60
115 141 8.04
115 142 7.34
115 143 6.25
115 144 5.17
115 145 12.56
115 146 12.76
115 147 12.83
115 148 12.82
115 149 12.76
115 150 12.65
115 151 12.50
115 152 12.30
115 153 12.04
115 154 11.69
115 155 11.19
115 156 10.27
115 157 9.26
115 158 13.38
115 159 13.94
115 160 14.33
115 161 14.61
115 162 14.82
115 163 14.96
115 164 15.05
115 165 15.08
115 166 15.04
115 167 14.91
115 168 14.63
115 169 13.95
115 170 13.18
115 171 13.88
115 172 14.74
115 173 15.40
115 174 15.93
115 175 16.38
115 176 16.75
115 177 17.06
115 178 17.31
115 179 17.50
115 180 17.59
115 181 17.54
115 182 17.14
115 183 16.67
115 184 14.01
115 185 15.10
115 186 15.98
115 187 16.72
115 188 17.37
115 189 17.95
115 190 18.46
115 191 18.92
115 192 19.31
115 193 19.61
115 194 19.80
115 195 19.71
115 196 19.57
115 197 13.78
115 198 15.01
115 199 16.04
115 200 16.94
115 201 17.76
115 202 18.51
115 203 19.20
115 204 19.83
115 205 20.41
115 206 20.92
115 207 21.34
115 208 21.55
115 209 21.76
115 210 10.34
116 1 13.43
116 2 13.36
116 3 14.60
116 4 15.72
116 5 16.77
116 6 17.76
116 7 18.70
116 8 19.60
116 9 20.46
116 10 21.29
116 11 22.09
116 12 22.86
116 13 23.55
116 14 24.30
116 15 12.31
116 16 13.39
116 17 14.46
116 18 15.50
116 19 16.52
116 20 17.51
116 21 18.49
116 22 19.45
116 23 20.40
116 24 21.34
116 25 22.28
116 26 23.26
116 27 24.34
116 28 11.08
116 29 11.88
116 30 12.79
116 31 13.75
116 32 14.73
116 33 15.72
116 34 16.72
116 35 17.73
116 36 18.76
116 37 19.80
116 38 20.89
116 39 22.11
116 40 23.48
116 41 9.85
116 42 10.22
116 43 10.84
116 44 11.61
116 45 12.47
116 46 13.40
116 47 14.37
116 48 15.38
116 49 16.43
116 50 17.54
116 51 18.73
116 52 20.15
116 53 21.77
116 54 8.81
116 55 8.62
116 56 8.81
116 57 9.26
116 58 9.89
116 59 10.66
116 60 11.52
116 61 12.48
116 62 13.51
116 63 14.63
116 64 15.89
116 65 17.46
116 66 19.26
116 67 8.22
116 68 7.42
116 69 7.04
116 70 6.99
116 71 7.22
116 72 7.69
116 73 8.35
116 74 9.16
116 75 10.10
116 76 11.19
116 77 12.46
116 78 14.12
116 79 16.05
116 80 8.26
116 81 7.06
116 82 6.12
116 83 5.43
116 84 5.00
116 85 4.89
116 86 5.11
116 87 5.61
116 88 6.37
116 89 7.34
116 90 8.57
116 91 10.27
116 92 12.27
116 93 8.92
116 94 7.69
116 95 6.57
116 96 5.52
116 97 4.53
116 98 3.64
116 99 2.90
116 100 2.49
116 101 2.60
116 102 3.26
116 103 4.36
116 104 6.05
116 105 8.06
116 106 10.00
116 107 9.03
116 108 8.10
116 109 7.19
116 110 6.27
116 111 5.34
116 112 4.39
116 113 3.41
116 114 2.38
116 115 1.27
116 116 0.00
116 117 1.70
116 118 3.71
116 119 11.24
116 120 10.68
116 121 10.09
116 122 9.49
116 123 8.86
116 124 8.22
116 125 7.55
116 126 6.86
116 127 6.12
116 128 5.31
116 129 4.36
116 130 3.04
116 131 2.04
116 132 12.45
116 133 12.32
116 134 12.10
116 135 11.83
116 136 11.51
116 137 11.17
116 138 10.78
116 139 10.36
116 140 9.87
116 141 9.30
116 142 8.57
116 143 7.39
116 144 6.13
116 145 13.48
116 146 13.76
116 147 13.89
116 148 13.93
116 149 13.91
116 150 13.84
116 151 13.72
116 152 13.54
116 153 13.30
116 154 12.96
116 155 12.46
116 156 11.51
116 157 10.45
116 158 14.23
116 159 14.87
116 160 15.31
116 161 15.64
116 162 15.89
116 163 16.08
116 164 16.20
116 165 16.27
116 166 16.26
116 167 16.15
116 168 15.89
116 169 15.22
116 170 14.44
116 171 14.64
116 172 15.57
116 173 16.28
116 174 16.86
116 175 17.35
116 176 17.77
116 177 18.12
116 178 18.41
116 179 18.63
116 180 18.75
116 181 18.73
116 182 18.37
116 183 17.92
116 184 14.69
116 185 15.82
116 186 16.74
116 187 17.53
116 188 18.22
116 189 18.84
116 190 19.39
116 191 19.89
116 192 20.31
116 193 20.66
116 194 20.89
116 195 20.85
116 196 20.76
116 197 14.36
116 198 15.61
116 199 16.67
116 200 17.60
116 201 18.46
116 202 19.24
116 203 19.97
116 204 20.64
116 205 21.26
116 206 21.82
116 207 22.28
116 208 22.56
116 209 22.83
116 210 11.46
117 1 13.45
117 2 13.70
117 3 14.89
117 4 16.00
117 5 17.06
117 6 18.06
117 7 19.03
117 8 19.97
117 9 20.87
117 10 21.75
117 11 22.61
117 12 23.44
117 13 24.24
117 14 25.11
117 15 12.56
117 16 13.55
117 17 14.57
117 18 15.59
117 19 16.60
117 20 17.60
117 21 18.59
117 22 19.58
117 23 20.56
117 24 21.55
117 25 22.56
117 26 23.63
117 27 24.83
117 28 11.32
117 29 11.96
117 30 12.77
117 31 13.66
117 32 14.60
117 33 15.57
117 34 16.57
117 35 17.59
117 36 18.63
117 37 19.71
117 38 20.85
117 39 22.16
117 40 23.63
117 41 10.13
117 42 10.29
117 43 10.76
117 44 11.41
117 45 12.18
117 46 13.05
117 47 13.98
117 48 14.97
117 49 16.02
117 50 17.14
117 51 18.37
117 52 19.87
117 53 21.57
117 54 9.23
117 55 8.80
117 56 8.78
117 57 9.04
117 58 9.52
117 59 10.17
117 60 10.95
117 61 11.85
117 62 12.84
117 63 13.95
117 64 15.22
117 65 16.85
117 66 18.72
117 67 8.85
117 68 7.87
117 69 7.26
117 70 6.96
117 71 6.95
117 72 7.20
117 73 7.69
117 74 8.38
117 75 9.24
117 76 10.27
117 77 11.52
117 78 13.21
117 79 15.19
117 80 9.11
117 81 7.86
117 82 6.81
117 83 5.93
117 84 5.24
117 85 4.81
117 86 4.67
117 87 4.88
117 88 5.41
117 89 6.25
117 90 7.39
117 91 9.09
117 92 11.10
117 93 9.93
117 94 8.76
117 95 7.66
117 96 6.62
117 97 5.60
117 98 4.61
117 99 3.67
117 100 2.82
117 101 2.25
117 102 2.26
117 103 3.04
117 104 4.63
117 105 6.62
117 106 11.09
117 107 10.23
117 108 9.39
117 109 8.55
117 110 7.69
117 111 6.83
117 112 5.93
117 113 5.00
117 114 4.02
117 115 2.94
117 116 1.70
117 117 0.00
117 118 2.01
117 119 12.34
117 120 11.90
117 121 11.41
117 122 10.90
117 123 10.35
117 124 9.77
117 125 9.16
117 126 8.51
117 127 7.81
117 128 7.01
117 129 6.05
117 130 4.63
117 131 3.12
117 132 13.50
117 133 13.50
117 134 13.38
117 135 13.20
117 136 12.96
117 137 12.68
117 138 12.35
117 139 11.97
117 140 11.53
117 141 10.99
117 142 10.27
117 143 9.09
117 144 7.75
117 145 14.45
117 146 14.85
117 147 15.08
117 148 15.21
117 149 15.26
117 150 15.26
117 151 15.20
117 152 15.08
117 153 14.89
117 154 14.59
117 155 14.12
117 156 13.21
117 157 12.15
117 158 15.10
117 159 15.84
117 160 16.37
117 161 16.78
117 162 17.11
117 163 17.36
117 164 17.55
117 165 17.67
117 166 17.72
117 167 17.67
117 168 17.46
117 169 16.85
117 170 16.12
117 171 15.39
117 172 16.40
117 173 17.18
117 174 17.84
117 175 18.40
117 176 18.88
117 177 19.29
117 178 19.64
117 179 19.92
117 180 20.11
117 181 20.15
117 182 19.87
117 183 19.50
117 184 15.31
117 185 16.49
117 186 17.47
117 187 18.31
117 188 19.06
117 189 19.74
117 190 20.35
117 191 20.91
117 192 21.40
117 193 21.81
117 194 22.11
117 195 22.16
117 196 22.16
117 197 14.85
117 198 16.12
117 199 17.21
117 200 18.18
117 201 19.08
117 202 19.91
117 203 20.69
117 204 21.42
117 205 22.10
117 206 22.72
117 207 23.26
117 208 23.63
117 209 24.01
117 210 12.78
118 1 13.53
118 2 14.14
118 3 15.27
118 4 16.35
118 5 17.40
118 6 18.41
118 7 19.40
118 8 20.37
118 9 21.32
118 10 22.25
118 11 23.16
118 12 24.07
118 13 24.98
118 14 25.98
118 15 12.94
118 16 13.80
118 17 14.74
118 18 15.71
118 19 16.70
118 20 17.70
118 21 18.70
118 22 19.71
118 23 20.72
118 24 21.76
118 25 22.83
118 26 24.01
118 27 25.33
118 28 11.70
118 29 12.15
118 30 12.82
118 31 13.61
118 32 14.49
118 33 15.42
118 34 16.39
118 35 17.41
118 36 18.46
118 37 19.56
118 38 20.75
118 39 22.16
118 40 23.75
118 41 10.60
118 42 10.52
118 43 10.78
118 44 11.27
118 45 11.92
118 46 12.70
118 47 13.56
118 48 14.51
118 49 15.54
118 50 16.67
118 51 17.92
118 52 19.50
118 53 21.30
118 54 9.88
118 55 9.22
118 56 8.94
118 57 8.97
118 58 9.25
118 59 9.73
118 60 10.38
118 61 11.17
118 62 12.11
118 63 13.18
118 64 14.44
118 65 16.12
118 66 18.06
118 67 9.75
118 68 8.62
118 69 7.80
118 70 7.24
118 71 6.94
118 72 6.91
118 73 7.15
118 74 7.62
118 75 8.33
118 76 9.26
118 77 10.45
118 78 12.15
118 79 14.16
118 80 10.23
118 81 8.96
118 82 7.85
118 83 6.85
118 84 5.97
118 85 5.24
118 86 4.72
118 87 4.49
118 88 4.63
118 89 5.17
118 90 6.13
118 91 7.75
118 92 9.74
118 93 11.19
118 94 10.10
118 95 9.06
118 96 8.05
118 97 7.05
118 98 6.05
118 99 5.05
118 100 4.05
118 101 3.09
118 102 2.27
118 103 2.04
118 104 3.12
118 105 4.96
118 106 12.40
118 107 11.67
118 108 10.93
118 109 10.18
118 110 9.40
118 111 8.60
118 112 7.77
118 113 6.90
118 114 5.96
118 115 4.92
118 116 3.71
118 117 2.01
118 118 0.00
118 119 13.64
118 120 13.34
118 121 12.97
118 122 12.55
118 123 12.08
118 124 11.58
118 125 11.03
118 126 10.44
118 127 9.78
118 128 9.01
118 129 8.06
118 130 6.62
118 131 4.96
118 132 14.75
118 133 14.88
118 134 14.87
118 135 14.78
118 136 14.63
118 137 14.43
118 138 14.17
118 139 13.85
118 140 13.45
118 141 12.95
118 142 12.26
118 143 11.10
118 144 9.74
118 145 15.60
118 146 16.12
118 147 16.45
118 148 16.68
118 149 16.82
118 150 16.89
118 151 16.90
118 152 16.85
118 153 16.71
118 154 16.47
118 155 16.05
118 156 15.19
118 157 14.16
118 158 16.12
118 159 16.97
118 160 17.59
118 161 18.09
118 162 18.50
118 163 18.83
118 164 19.09
118 165 19.28
118 166 19.39
118 167 19.41
118 168 19.26
118 169 18.72
118 170 18.06
118 171 16.28
118 172 17.36
118 173 18.22
118 174 18.95
118 175 19.58
118 176 20.14
118 177 20.62
118 178 21.04
118 179 21.39
118 180 21.65
118 181 21.77
118 182 21.57
118 183 21.30
118 184 16.05
118 185 17.28
118 186 18.30
118 187 19.21
118 188 20.02
118 189 20.76
118 190 21.44
118 191 22.06
118 192 22.62
118 193 23.10
118 194 23.48
118 195 23.63
118 196 23.75
118 197 15.45
118 198 16.72
118 199 17.83
118 200 18.85
118 201 19.79
118 202 20.67
118 203 21.50
118 204 22.29
118 205 23.03
118 206 23.71
118 207 24.34
118 208 24.83
118 209 25.33
118 210 14.30
119 1 8.65
119 2 6.48
119 3 7.45
119 4 8.26
119 5 8.96
119 6 9.61
119 7 10.22
119 8 10.79
119 9 11.33
119 10 11.83
119 11 12.30
119 12 12.72
119 13 13.00
119 14 13.39
119 15 6.56
119 16 7.66
119 17 8.57
119 18 9.38
119 19 10.12
119 20 10.81
119 21 11.46
119 22 12.07
119 23 12.65
119 24 13.19
119 25 13.69
119 26 14.06
119 27 14.54
119 28 6.39
119 29 7.59
119 30 8.59
119 31 9.49
119 32 10.31
119 33 11.08
119 34 11.80
119 35 12.49
119 36 13.15
119 37 13.78
119 38 14.36
119 39 14.85
119 40 15.45
119 41 5.99
119 42 7.24
119 43 8.31
119 44 9.28
119 45 10.17
119 46 11.01
119 47 11.80
119 48 12.57
119 49 13.30
119 50 14.01
119 51 14.69
119 52 15.31
119 53 16.05
119 54 5.37
119 55 6.64
119 56 7.75
119 57 8.76
119 58 9.70
119 59 10.60
119 60 11.46
119 61 12.29
119 62 13.09
119 63 13.88
119 64 14.64
119 65 15.39
119 66 16.28
119 67 4.56
119 68 5.80
119 69 6.93
119 70 7.97
119 71 8.95
119 72 9.89
119 73 10.79
119 74 11.67
119 75 12.53
119 76 13.38
119 77 14.23
119 78 15.10
119 79 16.13
119 80 3.57
119 81 4.77
119 82 5.89
119 83 6.94
119 84 7.94
119 85 8.90
119 86 9.84
119 87 10.76
119 88 11.66
119 89 12.57
119 90 13.48
119 91 14.45
119 92 15.60
119 93 2.46
119 94 3.58
119 95 4.69
119 96 5.74
119 97 6.75
119 98 7.73
119 99 8.68
119 100 9.62
119 101 10.55
119 102 11.49
119 103 12.45
119 104 13.50
119 105 14.75
119 106 1.25
119 107 2.33
119 108 3.44
119 109 4.49
119 110 5.50
119 111 6.48
119 112 7.43
119 113 8.37
119 114 9.31
119 115 10.26
119 116 11.24
119 117 12.34
119 118 13.64
119 119 0.00
119 120 1.27
119 121 2.38
119 122 3.41
119 123 4.39
119 124 5.34
119 125 6.27
119 126 7.19
119 127 8.10
119 128 9.03
119 129 10.00
119 130 11.09
119 131 12.40
119 132 1.25
119 133 1.39
119 134 2.10
119 135 2.93
119 136 3.78
119 137 4.62
119 138 5.47
119 139 6.31
119 140 7.16
119 141 8.02
119 142 8.92
119 143 9.93
119 144 11.19
119 145 2.46
119 146 2.51
119 147 2.87
119 148 3.39
119 149 3.99
119 150 4.64
119 151 5.33
119 152 6.03
119 153 6.75
119 154 7.49
119 155 8.26
119 156 9.11
119 157 10.23
119 158 3.57
119 159 3.77
119 160 4.07
119 161 4.46
119 162 4.90
119 163 5.39
119 164 5.91
119 165 6.46
119 166 7.03
119 167 7.62
119 168 8.22
119 169 8.85
119 170 9.75
119 171 4.56
119 172 4.93
119 173 5.31
119 174 5.70
119 175 6.11
119 176 6.54
119 177 6.98
119 178 7.43
119 179 7.89
119 180 8.36
119 181 8.81
119 182 9.23
119 183 9.88
119 184 5.37
119 185 5.94
119 186 6.44
119 187 6.90
119 188 7.35
119 189 7.79
119 190 8.23
119 191 8.65
119 192 9.07
119 193 9.48
119 194 9.85
119 195 10.13
119 196 10.60
119 197 5.99
119 198 6.75
119 199 7.37
119 200 7.94
119 201 8.46
119 202 8.96
119 203 9.43
119 204 9.89
119 205 10.32
119 206 10.73
119 207 11.08
119 208 11.32
119 209 11.70
119 210 2.18
120 1 9.71
120 2 7.64
120 3 8.67
120 4 9.50
120 5 10.22
120 6 10.88
120 7 11.48
120 8 12.05
120 9 12.57
120 10 13.06
120 11 13.50
120 12 13.87
120 13 14.08
120 14 14.36
120 15 7.62
120 16 8.77
120 17 9.72
120 18 10.56
120 19 11.33
120 20 12.04
120 21 12.71
120 22 13.33
120 23 13.92
120 24 14.46
120 25 14.94
120 26 15.29
120 27 15.72
120 28 7.31
120 29 8.55
120 30 9.59
120 31 10.53
120 32 11.39
120 33 12.19
120 34 12.95
120 35 13.67
120 36 14.36
120 37 15.01
120 38 15.61
120 39 16.12
120 40 16.72
120 41 6.75
120 42 8.01
120 43 9.12
120 44 10.12
120 45 11.05
120 46 11.93
120 47 12.77
120 48 13.58
120 49 14.35
120 50 15.10
120 51 15.82
120 52 16.49
120 53 17.28
120 54 5.94
120 55 7.19
120 56 8.31
120 57 9.35
120 58 10.33
120 59 11.27
120 60 12.17
120 61 13.05
120 62 13.90
120 63 14.74
120 64 15.57
120 65 16.40
120 66 17.36
120 67 4.93
120 68 6.09
120 69 7.20
120 70 8.26
120 71 9.27
120 72 10.24
120 73 11.19
120 74 12.12
120 75 13.03
120 76 13.94
120 77 14.86
120 78 15.84
120 79 16.97
120 80 3.76
120 81 4.78
120 82 5.84
120 83 6.88
120 84 7.90
120 85 8.90
120 86 9.87
120 87 10.84
120 88 11.80
120 89 12.76
120 90 13.76
120 91 14.85
120 92 16.12
120 93 2.51
120 94 3.29
120 95 4.28
120 96 5.30
120 97 6.32
120 98 7.32
120 99 8.31
120 100 9.29
120 101 10.28
120 102 11.28
120 103 12.32
120 104 13.50
120 105 14.88
120 106 1.39
120 107 1.67
120 108 2.61
120 109 3.63
120 110 4.64
120 111 5.64
120 112 6.63
120 113 7.62
120 114 8.61
120 115 9.62
120 116 10.68
120 117 11.90
120 118 13.34
120 119 1.27
120 120 0.00
120 121 1.12
120 122 2.17
120 123 3.17
120 124 4.15
120 125 5.11
120 126 6.06
120 127 7.02
120 128 8.00
120 129 9.03
120 130 10.23
120 131 11.67
120 132 2.33
120 133 1.67
120 134 1.58
120 135 2.00
120 136 2.67
120 137 3.43
120 138 4.22
120 139 5.05
120 140 5.89
120 141 6.76
120 142 7.69
120 143 8.76
120 144 10.10
120 145 3.58
120 146 3.29
120 147 3.21
120 148 3.33
120 149 3.62
120 150 4.03
120 151 4.53
120 152 5.09
120 153 5.70
120 154 6.35
120 155 7.06
120 156 7.86
120 157 8.96
120 158 4.77
120 159 4.78
120 160 4.86
120 161 5.00
120 162 5.22
120 163 5.48
120 164 5.80
120 165 6.16
120 166 6.56
120 167 6.98
120 168 7.43
120 169 7.87
120 170 8.62
120 171 5.80
120 172 6.09
120 173 6.35
120 174 6.61
120 175 6.88
120 176 7.16
120 177 7.45
120 178 7.74
120 179 8.05
120 180 8.34
120 181 8.62
120 182 8.80
120 183 9.22
120 184 6.64
120 185 7.19
120 186 7.63
120 187 8.03
120 188 8.40
120 189 8.75
120 190 9.09
120 191 9.41
120 192 9.72
120 193 9.99
120 194 10.22
120 195 10.29
120 196 10.52
120 197 7.24
120 198 8.01
120 199 8.64
120 200 9.18
120 201 9.67
120 202 10.12
120 203 10.55
120 204 10.94
120 205 11.31
120 206 11.63
120 207 11.88
120 208 11.96
120 209 12.15
120 210 1.24
121 1 10.57
121 2 8.62
121 3 9.68
121 4 10.55
121 5 11.30
121 6 11.98
121 7 12.60
121 8 13.17
121 9 13.70
121 10 14.18
121 11 14.61
121 12 14.97
121 13 15.14
121 14 15.37
121 15 8.49
121 16 9.68
121 17 10.67
121 18 11.55
121 19 12.34
121 20 13.08
121 21 13.77
121 22 14.41
121 23 15.02
121 24 15.57
121 25 16.07
121 26 16.41
121 27 16.83
121 28 8.07
121 29 9.33
121 30 10.41
121 31 11.37
121 32 12.27
121 33 13.10
121 34 13.89
121 35 14.64
121 36 15.36
121 37 16.04
121 38 16.67
121 39 17.21
121 40 17.83
121 41 7.37
121 42 8.64
121 43 9.76
121 44 10.78
121 45 11.75
121 46 12.66
121 47 13.53
121 48 14.37
121 49 15.19
121 50 15.98
121 51 16.74
121 52 17.47
121 53 18.30
121 54 6.44
121 55 7.63
121 56 8.75
121 57 9.80
121 58 10.80
121 59 11.77
121 60 12.71
121 61 13.62
121 62 14.51
121 63 15.40
121 64 16.28
121 65 17.18
121 66 18.22
121 67 5.31
121 68 6.35
121 69 7.42
121 70 8.46
121 71 9.48
121 72 10.47
121 73 11.45
121 74 12.41
121 75 13.37
121 76 14.33
121 77 15.31
121 78 16.37
121 79 17.59
121 80 4.07
121 81 4.86
121 82 5.82
121 83 6.82
121 84 7.83
121 85 8.83
121 86 9.82
121 87 10.82
121 88 11.82
121 89 12.83
121 90 13.89
121 91 15.08
121 92 16.45
121 93 2.87
121 94 3.21
121 95 4.00
121 96 4.94
121 97 5.92
121 98 6.92
121 99 7.92
121 100 8.93
121 101 9.95
121 102 10.99
121 103 12.10
121 104 13.38
121 105 14.87
121 106 2.10
121 107 1.58
121 108 2.04
121 109 2.91
121 110 3.88
121 111 4.88
121 112 5.88
121 113 6.89
121 114 7.91
121 115 8.97
121 116 10.09
121 117 11.41
121 118 12.97
121 119 2.38
121 120 1.12
121 121 0.00
121 122 1.05
121 123 2.07
121 124 3.06
121 125 4.03
121 126 5.01
121 127 6.00
121 128 7.02
121 129 8.10
121 130 9.39
121 131 10.93
121 132 3.44
121 133 2.61
121 134 2.04
121 135 1.83
121 136 2.05
121 137 2.56
121 138 3.23
121 139 3.98
121 140 4.79
121 141 5.64
121 142 6.57
121 143 7.66
121 144 9.07
121 145 4.69
121 146 4.28
121 147 4.00
121 148 3.86
121 149 3.85
121 150 3.98
121 151 4.23
121 152 4.59
121 153 5.03
121 154 5.54
121 155 6.12
121 156 6.80
121 157 7.85
121 158 5.89
121 159 5.84
121 160 5.82
121 161 5.83
121 162 5.89
121 163 5.99
121 164 6.14
121 165 6.32
121 166 6.54
121 167 6.78
121 168 7.04
121 169 7.26
121 170 7.80
121 171 6.93
121 172 7.20
121 173 7.42
121 174 7.61
121 175 7.80
121 176 7.98
121 177 8.17
121 178 8.35
121 179 8.53
121 180 8.69
121 181 8.81
121 182 8.78
121 183 8.94
121 184 7.75
121 185 8.31
121 186 8.75
121 187 9.12
121 188 9.46
121 189 9.76
121 190 10.05
121 191 10.31
121 192 10.54
121 193 10.73
121 194 10.84
121 195 10.76
121 196 10.78
121 197 8.31
121 198 9.12
121 199 9.76
121 200 10.30
121 201 10.79
121 202 11.23
121 203 11.63
121 204 12.00
121 205 12.32
121 206 12.60
121 207 12.79
121 208 12.77
121 209 12.82
121 210 1.37
122 1 11.32
122 2 9.48
122 3 10.59
122 4 11.48
122 5 12.27
122 6 12.97
122 7 13.61
122 8 14.19
122 9 14.74
122 10 15.23
122 11 15.67
122 12 16.02
122 13 16.18
122 14 16.38
122 15 9.26
122 16 10.48
122 17 11.51
122 18 12.41
122 19 13.24
122 20 14.00
122 21 14.71
122 22 15.38
122 23 16.01
122 24 16.58
122 25 17.09
122 26 17.46
122 27 17.89
122 28 8.74
122 29 10.01
122 30 11.11
122 31 12.10
122 32 13.02
122 33 13.89
122 34 14.71
122 35 15.49
122 36 16.23
122 37 16.94
122 38 17.60
122 39 18.18
122 40 18.85
122 41 7.94
122 42 9.18
122 43 10.30
122 44 11.35
122 45 12.33
122 46 13.27
122 47 14.17
122 48 15.05
122 49 15.89
122 50 16.72
122 51 17.52
122 52 18.31
122 53 19.21
122 54 6.90
122 55 8.03
122 56 9.12
122 57 10.17
122 58 11.19
122 59 12.17
122 60 13.13
122 61 14.08
122 62 15.01
122 63 15.93
122 64 16.86
122 65 17.84
122 66 18.95
122 67 5.70
122 68 6.61
122 69 7.61
122 70 8.63
122 71 9.64
122 72 10.64
122 73 11.63
122 74 12.62
122 75 13.61
122 76 14.61
122 77 15.64
122 78 16.78
122 79 18.09
122 80 4.45
122 81 5.00
122 82 5.83
122 83 6.76
122 84 7.74
122 85 8.73
122 86 9.73
122 87 10.74
122 88 11.77
122 89 12.82
122 90 13.93
122 91 15.20
122 92 16.68
122 93 3.38
122 94 3.33
122 95 3.86
122 96 4.65
122 97 5.57
122 98 6.53
122 99 7.53
122 100 8.55
122 101 9.59
122 102 10.67
122 103 11.83
122 104 13.19
122 105 14.78
122 106 2.93
122 107 2.00
122 108 1.83
122 109 2.37
122 110 3.22
122 111 4.17
122 112 5.16
122 113 6.18
122 114 7.22
122 115 8.31
122 116 9.49
122 117 10.90
122 118 12.55
122 119 3.41
122 120 2.17
122 121 1.05
122 122 0.00
122 123 1.02
122 124 2.02
122 125 3.01
122 126 4.00
122 127 5.01
122 128 6.06
122 129 7.19
122 130 8.55
122 131 10.18
122 132 4.49
122 133 3.63
122 134 2.91
122 135 2.37
122 136 2.09
122 137 2.16
122 138 2.53
122 139 3.12
122 140 3.82
122 141 4.62
122 142 5.52
122 143 6.61
122 144 8.06
122 145 5.74
122 146 5.30
122 147 4.94
122 148 4.65
122 149 4.46
122 150 4.37
122 151 4.38
122 152 4.50
122 153 4.72
122 154 5.03
122 155 5.43
122 156 5.93
122 157 6.85
122 158 6.94
122 159 6.88
122 160 6.82
122 161 6.76
122 162 6.73
122 163 6.72
122 164 6.74
122 165 6.78
122 166 6.85
122 167 6.92
122 168 6.99
122 169 6.96
122 170 7.24
122 171 7.97
122 172 8.26
122 173 8.46
122 174 8.63
122 175 8.77
122 176 8.90
122 177 9.02
122 178 9.13
122 179 9.22
122 180 9.27
122 181 9.26
122 182 9.04
122 183 8.97
122 184 8.76
122 185 9.35
122 186 9.80
122 187 10.17
122 188 10.50
122 189 10.78
122 190 11.03
122 191 11.26
122 192 11.44
122 193 11.57
122 194 11.61
122 195 11.41
122 196 11.27
122 197 9.27
122 198 10.12
122 199 10.78
122 200 11.34
122 201 11.84
122 202 12.28
122 203 12.68
122 204 13.03
122 205 13.34
122 206 13.59
122 207 13.75
122 208 13.66
122 209 13.61
122 210 2.20
123 1 12.00
123 2 10.28
123 3 11.41
123 4 12.35
123 5 13.16
123 6 13.88
123 7 14.54
123 8 15.15
123 9 15.71
123 10 16.22
123 11 16.67
123 12 17.03
123 13 17.20
123 14 17.39
123 15 9.97
123 16 11.21
123 17 12.26
123 18 13.19
123 19 14.05
123 20 14.84
123 21 15.58
123 22 16.27
123 23 16.92
123 24 17.52
123 25 18.06
123 26 18.45
123 27 18.89
123 28 9.35
123 29 10.62
123 30 11.73
123 31 12.75
123 32 13.70
123 33 14.59
123 34 15.43
123 35 16.24
123 36 17.02
123 37 17.76
123 38 18.46
123 39 19.08
123 40 19.79
123 41 8.46
123 42 9.67
123 43 10.79
123 44 11.84
123 45 12.84
123 46 13.80
123 47 14.73
123 48 15.63
123 49 16.51
123 50 17.37
123 51 18.22
123 52 19.06
123 53 20.02
123 54 7.35
123 55 8.40
123 56 9.46
123 57 10.50
123 58 11.51
123 59 12.51
123 60 13.49
123 61 14.46
123 62 15.42
123 63 16.38
123 64 17.35
123 65 18.39
123 66 19.58
123 67 6.11
123 68 6.88
123 69 7.80
123 70 8.77
123 71 9.76
123 72 10.76
123 73 11.76
123 74 12.77
123 75 13.78
123 76 14.82
123 77 15.89
123 78 17.11
123 79 18.50
123 80 4.90
123 81 5.21
123 82 5.89
123 83 6.73
123 84 7.66
123 85 8.62
123 86 9.62
123 87 10.64
123 88 11.68
123 89 12.76
123 90 13.91
123 91 15.26
123 92 16.82
123 93 3.99
123 94 3.62
123 95 3.85
123 96 4.46
123 97 5.27
123 98 6.18
123 99 7.15
123 100 8.16
123 101 9.21
123 102 10.32
123 103 11.52
123 104 12.96
123 105 14.63
123 106 3.78
123 107 2.67
123 108 2.05
123 109 2.09
123 110 2.68
123 111 3.53
123 112 4.48
123 113 5.49
123 114 6.54
123 115 7.65
123 116 8.86
123 117 10.35
123 118 12.08
123 119 4.39
123 120 3.17
123 121 2.07
123 122 1.02
123 123 0.00
123 124 1.00
123 125 2.00
123 126 3.01
123 127 4.03
123 128 5.11
123 129 6.27
123 130 7.69
123 131 9.40
123 132 5.50
123 133 4.64
123 134 3.88
123 135 3.22
123 136 2.68
123 137 2.35
123 138 2.29
123 139 2.54
123 140 3.04
123 141 3.71
123 142 4.53
123 143 5.60
123 144 7.05
123 145 6.75
123 146 6.32
123 147 5.92
123 148 5.57
123 149 5.26
123 150 5.03
123 151 4.86
123 152 4.77
123 153 4.77
123 154 4.84
123 155 5.01
123 156 5.24
123 157 5.97
123 158 7.94
123 159 7.90
123 160 7.82
123 161 7.74
123 162 7.66
123 163 7.58
123 164 7.51
123 165 7.45
123 166 7.39
123 167 7.33
123 168 7.22
123 169 6.95
123 170 6.94
123 171 8.95
123 172 9.27
123 173 9.48
123 174 9.64
123 175 9.76
123 176 9.86
123 177 9.94
123 178 10.00
123 179 10.03
123 180 10.00
123 181 9.89
123 182 9.52
123 183 9.25
123 184 9.70
123 185 10.33
123 186 10.81
123 187 11.19
123 188 11.51
123 189 11.79
123 190 12.03
123 191 12.24
123 192 12.39
123 193 12.49
123 194 12.47
123 195 12.18
123 196 11.92
123 197 10.17
123 198 11.05
123 199 11.75
123 200 12.33
123 201 12.84
123 202 13.29
123 203 13.70
123 204 14.05
123 205 14.36
123 206 14.59
123 207 14.73
123 208 14.60
123 209 14.49
123 210 3.18
124 1 12.62
124 2 11.02
124 3 12.19
124 4 13.15
124 5 13.99
124 6 14.74
124 7 15.43
124 8 16.06
124 9 16.64
124 10 17.17
124 11 17.64
124 12 18.02
124 13 18.19
124 14 18.39
124 15 10.63
124 16 11.88
124 17 12.96
124 18 13.91
124 19 14.79
124 20 15.61
124 21 16.38
124 22 17.10
124 23 17.77
124 24 18.40
124 25 18.96
124 26 19.39
124 27 19.87
124 28 9.93
124 29 11.19
124 30 12.31
124 31 13.34
124 32 14.31
124 33 15.22
124 34 16.09
124 35 16.93
124 36 17.73
124 37 18.51
124 38 19.24
124 39 19.91
124 40 20.67
124 41 8.96
124 42 10.12
124 43 11.23
124 44 12.28
124 45 13.29
124 46 14.27
124 47 15.22
124 48 16.14
124 49 17.05
124 50 17.95
124 51 18.84
124 52 19.74
124 53 20.76
124 54 7.79
124 55 8.75
124 56 9.76
124 57 10.78
124 58 11.79
124 59 12.80
124 60 13.79
124 61 14.77
124 62 15.76
124 63 16.75
124 64 17.77
124 65 18.88
124 66 20.14
124 67 6.54
124 68 7.16
124 69 7.98
124 70 8.90
124 71 9.86
124 72 10.85
124 73 11.85
124 74 12.87
124 75 13.90
124 76 14.96
124 77 16.08
124 78 17.36
124 79 18.83
124 80 5.39
124 81 5.48
124 82 5.99
124 83 6.72
124 84 7.58
124 85 8.51
124 86 9.48
124 87 10.50
124 88 11.55
124 89 12.65
124 90 13.84
124 91 15.26
124 92 16.89
124 93 4.64
124 94 4.03
124 95 3.98
124 96 4.36
124 97 5.03
124 98 5.85
124 99 6.78
124 100 7.77
124 101 8.82
124 102 9.94
124 103 11.17
124 104 12.68
124 105 14.43
124 106 4.62
124 107 3.43
124 108 2.56
124 109 2.16
124 110 2.34
124 111 2.98
124 112 3.84
124 113 4.81
124 114 5.85
124 115 6.98
124 116 8.22
124 117 9.77
124 118 11.58
124 119 5.34
124 120 4.15
124 121 3.06
124 122 2.02
124 123 1.00
124 124 0.00
124 125 1.00
124 126 2.02
124 127 3.06
124 128 4.15
124 129 5.34
124 130 6.83
124 131 8.60
124 132 6.48
124 133 5.64
124 134 4.88
124 135 4.17
124 136 3.53
124 137 2.98
124 138 2.59
124 139 2.43
124 140 2.56
124 141 2.98
124 142 3.64
124 143 4.61
124 144 6.06
124 145 7.73
124 146 7.32
124 147 6.92
124 148 6.53
124 149 6.18
124 150 5.85
124 151 5.57
124 152 5.32
124 153 5.13
124 154 4.99
124 155 4.90
124 156 4.81
124 157 5.24
124 158 8.90
124 159 8.90
124 160 8.83
124 161 8.73
124 162 8.62
124 163 8.51
124 164 8.39
124 165 8.26
124 166 8.11
124 167 7.94
124 168 7.69
124 169 7.20
124 170 6.91
124 171 9.88
124 172 10.24
124 173 10.47
124 174 10.64
124 175 10.76
124 176 10.85
124 177 10.91
124 178 10.93
124 179 10.92
124 180 10.84
124 181 10.66
124 182 10.17
124 183 9.73
124 184 10.60
124 185 11.27
124 186 11.77
124 187 12.17
124 188 12.51
124 189 12.80
124 190 13.03
124 191 13.23
124 192 13.37
124 193 13.44
124 194 13.40
124 195 13.05
124 196 12.70
124 197 11.00
124 198 11.93
124 199 12.66
124 200 13.27
124 201 13.80
124 202 14.27
124 203 14.69
124 204 15.05
124 205 15.36
124 206 15.59
124 207 15.72
124 208 15.57
124 209 15.42
124 210 4.17
125 1 13.19
125 2 11.72
125 3 12.91
125 4 13.90
125 5 14.77
125 6 15.55
125 7 16.27
125 8 16.92
125 9 17.53
125 10 18.08
125 11 18.57
125 12 18.97
125 13 19.17
125 14 19.39
125 15 11.25
125 16 12.51
125 17 13.60
125 18 14.58
125 19 15.49
125 20 16.33
125 21 17.12
125 22 17.87
125 23 18.57
125 24 19.23
125 25 19.83
125 26 20.29
125 27 20.81
125 28 10.47
125 29 11.71
125 30 12.83
125 31 13.88
125 32 14.86
125 33 15.80
125 34 16.69
125 35 17.56
125 36 18.39
125 37 19.20
125 38 19.97
125 39 20.69
125 40 21.50
125 41 9.43
125 42 10.55
125 43 11.63
125 44 12.68
125 45 13.70
125 46 14.69
125 47 15.65
125 48 16.60
125 49 17.54
125 50 18.46
125 51 19.39
125 52 20.35
125 53 21.44
125 54 8.23
125 55 9.09
125 56 10.05
125 57 11.04
125 58 12.03
125 59 13.04
125 60 14.03
125 61 15.04
125 62 16.04
125 63 17.06
125 64 18.12
125 65 19.29
125 66 20.62
125 67 6.98
125 68 7.44
125 69 8.17
125 70 9.02
125 71 9.94
125 72 10.91
125 73 11.90
125 74 12.92
125 75 13.96
125 76 15.05
125 77 16.20
125 78 17.55
125 79 19.09
125 80 5.91
125 81 5.80
125 82 6.14
125 83 6.74
125 84 7.51
125 85 8.39
125 86 9.33
125 87 10.33
125 88 11.39
125 89 12.50
125 90 13.72
125 91 15.20
125 92 16.90
125 93 5.33
125 94 4.53
125 95 4.23
125 96 4.38
125 97 4.86
125 98 5.57
125 99 6.42
125 100 7.37
125 101 8.41
125 102 9.53
125 103 10.78
125 104 12.35
125 105 14.17
125 106 5.47
125 107 4.22
125 108 3.23
125 109 2.53
125 110 2.29
125 111 2.59
125 112 3.27
125 113 4.16
125 114 5.17
125 115 6.29
125 116 7.55
125 117 9.16
125 118 11.03
125 119 6.27
125 120 5.11
125 121 4.03
125 122 3.01
125 123 2.00
125 124 1.00
125 125 0.00
125 126 1.02
125 127 2.07
125 128 3.17
125 129 4.39
125 130 5.93
125 131 7.77
125 132 7.43
125 133 6.63
125 134 5.88
125 135 5.16
125 136 4.48
125 137 3.84
125 138 3.27
125 139 2.81
125 140 2.55
125 141 2.56
125 142 2.90
125 143 3.67
125 144 5.05
125 145 8.68
125 146 8.31
125 147 7.92
125 148 7.53
125 149 7.15
125 150 6.77
125 151 6.42
125 152 6.08
125 153 5.75
125 154 5.44
125 155 5.11
125 156 4.67
125 157 4.72
125 158 9.84
125 159 9.87
125 160 9.82
125 161 9.73
125 162 9.62
125 163 9.48
125 164 9.33
125 165 9.16
125 166 8.95
125 167 8.70
125 168 8.35
125 169 7.69
125 170 7.15
125 171 10.79
125 172 11.19
125 173 11.45
125 174 11.63
125 175 11.76
125 176 11.85
125 177 11.90
125 178 11.91
125 179 11.87
125 180 11.76
125 181 11.52
125 182 10.95
125 183 10.38
125 184 11.46
125 185 12.17
125 186 12.71
125 187 13.13
125 188 13.49
125 189 13.79
125 190 14.03
125 191 14.23
125 192 14.37
125 193 14.43
125 194 14.37
125 195 13.98
125 196 13.56
125 197 11.80
125 198 12.77
125 199 13.53
125 200 14.17
125 201 14.73
125 202 15.22
125 203 15.65
125 204 16.03
125 205 16.35
125 206 16.59
125 207 16.72
125 208 16.57
125 209 16.39
125 210 5.17
126 1 13.71
126 2 12.38
126 3 13.60
126 4 14.62
126 5 15.51
126 6 16.32
126 7 17.06
126 8 17.75
126 9 18.38
126 10 18.96
126 11 19.47
126 12 19.90
126 13 20.13
126 14 20.38
126 15 11.84
126 16 13.10
126 17 14.21
126 18 15.21
126 19 16.14
126 20 17.00
126 21 17.82
126 22 18.60
126 23 19.33
126 24 20.02
126 25 20.65
126 26 21.16
126 27 21.72
126 28 10.98
126 29 12.20
126 30 13.32
126 31 14.37
126 32 15.37
126 33 16.32
126 34 17.24
126 35 18.13
126 36 18.99
126 37 19.83
126 38 20.64
126 39 21.42
126 40 22.29
126 41 9.89
126 42 10.94
126 43 12.00
126 44 13.04
126 45 14.05
126 46 15.05
126 47 16.03
126 48 17.00
126 49 17.96
126 50 18.92
126 51 19.89
126 52 20.91
126 53 22.06
126 54 8.65
126 55 9.41
126 56 10.31
126 57 11.26
126 58 12.24
126 59 13.23
126 60 14.23
126 61 15.24
126 62 16.27
126 63 17.31
126 64 18.41
126 65 19.64
126 66 21.04
126 67 7.43
126 68 7.74
126 69 8.35
126 70 9.13
126 71 10.00
126 72 10.94
126 73 11.91
126 74 12.93
126 75 13.98
126 76 15.08
126 77 16.27
126 78 17.67
126 79 19.28
126 80 6.46
126 81 6.16
126 82 6.32
126 83 6.78
126 84 7.45
126 85 8.26
126 86 9.16
126 87 10.13
126 88 11.18
126 89 12.30
126 90 13.55
126 91 15.08
126 92 16.85
126 93 6.03
126 94 5.09
126 95 4.59
126 96 4.50
126 97 4.77
126 98 5.33
126 99 6.08
126 100 6.97
126 101 7.98
126 102 9.09
126 103 10.36
126 104 11.97
126 105 13.85
126 106 6.31
126 107 5.05
126 108 3.98
126 109 3.12
126 110 2.54
126 111 2.43
126 112 2.81
126 113 3.55
126 114 4.49
126 115 5.59
126 116 6.86
126 117 8.51
126 118 10.44
126 119 7.19
126 120 6.06
126 121 5.01
126 122 4.00
126 123 3.01
126 124 2.02
126 125 1.02
126 126 0.00
126 127 1.05
126 128 2.17
126 129 3.41
126 130 5.00
126 131 6.90
126 132 8.38
126 133 7.62
126 134 6.89
126 135 6.18
126 136 5.49
126 137 4.81
126 138 4.16
126 139 3.55
126 140 3.02
126 141 2.62
126 142 2.49
126 143 2.82
126 144 4.06
126 145 9.62
126 146 9.29
126 147 8.93
126 148 8.55
126 149 8.16
126 150 7.77
126 151 7.37
126 152 6.97
126 153 6.56
126 154 6.12
126 155 5.61
126 156 4.88
126 157 4.49
126 158 10.76
126 159 10.84
126 160 10.82
126 161 10.75
126 162 10.64
126 163 10.50
126 164 10.33
126 165 10.14
126 166 9.89
126 167 9.59
126 168 9.16
126 169 8.38
126 170 7.62
126 171 11.67
126 172 12.12
126 173 12.41
126 174 12.62
126 175 12.77
126 176 12.87
126 177 12.92
126 178 12.93
126 179 12.88
126 180 12.74
126 181 12.48
126 182 11.85
126 183 11.17
126 184 12.29
126 185 13.05
126 186 13.62
126 187 14.08
126 188 14.46
126 189 14.77
126 190 15.04
126 191 15.24
126 192 15.39
126 193 15.45
126 194 15.38
126 195 14.97
126 196 14.51
126 197 12.57
126 198 13.58
126 199 14.37
126 200 15.05
126 201 15.63
126 202 16.15
126 203 16.60
126 204 17.00
126 205 17.34
126 206 17.59
126 207 17.73
126 208 17.58
126 209 17.41
126 210 6.18
127 1 14.19
127 2 13.01
127 3 14.25
127 4 15.29
127 5 16.22
127 6 17.05
127 7 17.82
127 8 18.54
127 9 19.20
127 10 19.80
127 11 20.35
127 12 20.81
127 13 21.09
127 14 21.37
127 15 12.39
127 16 13.65
127 17 14.77
127 18 15.79
127 19 16.74
127 20 17.63
127 21 18.47
127 22 19.28
127 23 20.04
127 24 20.76
127 25 21.43
127 26 21.99
127 27 22.60
127 28 11.47
127 29 12.65
127 30 13.76
127 31 14.82
127 32 15.82
127 33 16.79
127 34 17.73
127 35 18.65
127 36 19.54
127 37 20.41
127 38 21.26
127 39 22.10
127 40 23.03
127 41 10.32
127 42 11.31
127 43 12.32
127 44 13.34
127 45 14.35
127 46 15.36
127 47 16.35
127 48 17.33
127 49 18.32
127 50 19.30
127 51 20.31
127 52 21.40
127 53 22.61
127 54 9.07
127 55 9.72
127 56 10.54
127 57 11.44
127 58 12.39
127 59 13.37
127 60 14.37
127 61 15.39
127 62 16.43
127 63 17.50
127 64 18.62
127 65 19.92
127 66 21.39
127 67 7.89
127 68 8.04
127 69 8.53
127 70 9.22
127 71 10.03
127 72 10.92
127 73 11.87
127 74 12.88
127 75 13.93
127 76 15.04
127 77 16.26
127 78 17.72
127 79 19.39
127 80 7.03
127 81 6.56
127 82 6.54
127 83 6.85
127 84 7.40
127 85 8.11
127 86 8.95
127 87 9.89
127 88 10.92
127 89 12.04
127 90 13.30
127 91 14.88
127 92 16.71
127 93 6.75
127 94 5.70
127 95 5.03
127 96 4.72
127 97 4.77
127 98 5.13
127 99 5.75
127 100 6.56
127 101 7.51
127 102 8.60
127 103 9.87
127 104 11.53
127 105 13.45
127 106 7.16
127 107 5.89
127 108 4.79
127 109 3.82
127 110 3.04
127 111 2.56
127 112 2.55
127 113 3.02
127 114 3.83
127 115 4.86
127 116 6.12
127 117 7.81
127 118 9.78
127 119 8.10
127 120 7.02
127 121 6.00
127 122 5.01
127 123 4.03
127 124 3.06
127 125 2.07
127 126 1.05
127 127 0.00
127 128 1.12
127 129 2.38
127 130 4.02
127 131 5.96
127 132 9.31
127 133 8.61
127 134 7.91
127 135 7.22
127 136 6.54
127 137 5.85
127 138 5.17
127 139 4.49
127 140 3.83
127 141 3.18
127 142 2.60
127 143 2.25
127 144 3.09
127 145 10.55
127 146 10.27
127 147 9.95
127 148 9.59
127 149 9.21
127 150 8.82
127 151 8.41
127 152 7.97
127 153 7.51
127 154 6.99
127 155 6.37
127 156 5.41
127 157 4.63
127 158 11.66
127 159 11.80
127 160 11.81
127 161 11.77
127 162 11.68
127 163 11.55
127 164 11.38
127 165 11.18
127 166 10.92
127 167 10.58
127 168 10.10
127 169 9.24
127 170 8.33
127 171 12.53
127 172 13.03
127 173 13.37
127 174 13.61
127 175 13.78
127 176 13.90
127 177 13.96
127 178 13.98
127 179 13.93
127 180 13.79
127 181 13.51
127 182 12.84
127 183 12.11
127 184 13.09
127 185 13.90
127 186 14.51
127 187 15.01
127 188 15.41
127 189 15.76
127 190 16.04
127 191 16.27
127 192 16.42
127 193 16.50
127 194 16.43
127 195 16.02
127 196 15.54
127 197 13.30
127 198 14.35
127 199 15.19
127 200 15.89
127 201 16.51
127 202 17.05
127 203 17.54
127 204 17.96
127 205 18.32
127 206 18.60
127 207 18.76
127 208 18.63
127 209 18.46
127 210 7.20
128 1 14.62
128 2 13.60
128 3 14.86
128 4 15.93
128 5 16.88
128 6 17.74
128 7 18.54
128 8 19.29
128 9 19.98
128 10 20.62
128 11 21.21
128 12 21.71
128 13 22.03
128 14 22.36
128 15 12.90
128 16 14.16
128 17 15.28
128 18 16.31
128 19 17.28
128 20 18.20
128 21 19.07
128 22 19.90
128 23 20.70
128 24 21.46
128 25 22.17
128 26 22.79
128 27 23.47
128 28 11.91
128 29 13.06
128 30 14.15
128 31 15.20
128 32 16.22
128 33 17.20
128 34 18.16
128 35 19.10
128 36 20.02
128 37 20.92
128 38 21.82
128 39 22.72
128 40 23.72
128 41 10.73
128 42 11.63
128 43 12.60
128 44 13.59
128 45 14.59
128 46 15.59
128 47 16.59
128 48 17.59
128 49 18.60
128 50 19.61
128 51 20.66
128 52 21.81
128 53 23.10
128 54 9.48
128 55 9.99
128 56 10.73
128 57 11.57
128 58 12.49
128 59 13.44
128 60 14.43
128 61 15.45
128 62 16.50
128 63 17.59
128 64 18.75
128 65 20.11
128 66 21.65
128 67 8.36
128 68 8.34
128 69 8.69
128 70 9.27
128 71 10.00
128 72 10.84
128 73 11.76
128 74 12.74
128 75 13.79
128 76 14.91
128 77 16.15
128 78 17.67
128 79 19.41
128 80 7.62
128 81 6.98
128 82 6.78
128 83 6.92
128 84 7.33
128 85 7.94
128 86 8.70
128 87 9.59
128 88 10.58
128 89 11.69
128 90 12.96
128 91 14.59
128 92 16.47
128 93 7.49
128 94 6.36
128 95 5.54
128 96 5.03
128 97 4.84
128 98 4.99
128 99 5.44
128 100 6.12
128 101 6.99
128 102 8.04
128 103 9.30
128 104 10.98
128 105 12.95
128 106 8.02
128 107 6.76
128 108 5.64
128 109 4.62
128 110 3.71
128 111 2.98
128 112 2.56
128 113 2.62
128 114 3.18
128 115 4.10
128 116 5.31
128 117 7.01
128 118 9.01
128 119 9.03
128 120 8.00
128 121 7.02
128 122 6.06
128 123 5.11
128 124 4.15
128 125 3.17
128 126 2.17
128 127 1.12
128 128 0.00
128 129 1.27
128 130 2.94
128 131 4.92
128 132 10.26
128 133 9.62
128 134 8.97
128 135 8.31
128 136 7.65
128 137 6.98
128 138 6.29
128 139 5.59
128 140 4.86
128 141 4.10
128 142 3.26
128 143 2.26
128 144 2.27
128 145 11.49
128 146 11.28
128 147 10.99
128 148 10.67
128 149 10.32
128 150 9.94
128 151 9.53
128 152 9.09
128 153 8.60
128 154 8.04
128 155 7.34
128 156 6.25
128 157 5.17
128 158 12.56
128 159 12.76
128 160 12.83
128 161 12.82
128 162 12.76
128 163 12.65
128 164 12.50
128 165 12.30
128 166 12.04
128 167 11.69
128 168 11.19
128 169 10.27
128 170 9.26
128 171 13.38
128 172 13.94
128 173 14.33
128 174 14.61
128 175 14.82
128 176 14.96
128 177 15.05
128 178 15.08
128 179 15.04
128 180 14.91
128 181 14.63
128 182 13.95
128 183 13.18
128 184 13.88
128 185 14.74
128 186 15.40
128 187 15.93
128 188 16.37
128 189 16.75
128 190 17.06
128 191 17.31
128 192 17.50
128 193 17.59
128 194 17.54
128 195 17.14
128 196 16.67
128 197 14.01
128 198 15.10
128 199 15.98
128 200 16.72
128 201 17.37
128 202 17.95
128 203 18.46
128 204 18.92
128 205 19.31
128 206 19.61
128 207 19.80
128 208 19.71
128 209 19.56
128 210 8.26
129 1 14.97
129 2 14.15
129 3 15.42
129 4 16.51
129 5 17.49
129 6 18.39
129 7 19.22
129 8 20.00
129 9 20.73
129 10 21.41
129 11 22.04
129 12 22.59
129 13 22.98
129 14 23.38
129 15 13.36
129 16 14.60
129 17 15.72
129 18 16.77
129 19 17.76
129 20 18.70
129 21 19.60
129 22 20.46
129 23 21.29
129 24 22.09
129 25 22.86
129 26 23.55
129 27 24.30
129 28 12.31
129 29 13.39
129 30 14.46
129 31 15.50
129 32 16.52
129 33 17.51
129 34 18.49
129 35 19.45
129 36 20.40
129 37 21.34
129 38 22.28
129 39 23.26
129 40 24.34
129 41 11.08
129 42 11.88
129 43 12.79
129 44 13.75
129 45 14.73
129 46 15.72
129 47 16.72
129 48 17.73
129 49 18.76
129 50 19.80
129 51 20.89
129 52 22.11
129 53 23.48
129 54 9.85
129 55 10.22
129 56 10.84
129 57 11.61
129 58 12.47
129 59 13.40
129 60 14.37
129 61 15.38
129 62 16.43
129 63 17.54
129 64 18.73
129 65 20.15
129 66 21.77
129 67 8.81
129 68 8.62
129 69 8.81
129 70 9.26
129 71 9.89
129 72 10.66
129 73 11.52
129 74 12.48
129 75 13.51
129 76 14.63
129 77 15.89
129 78 17.46
129 79 19.26
129 80 8.22
129 81 7.42
129 82 7.04
129 83 6.99
129 84 7.22
129 85 7.69
129 86 8.35
129 87 9.16
129 88 10.10
129 89 11.19
129 90 12.46
129 91 14.12
129 92 16.05
129 93 8.26
129 94 7.06
129 95 6.12
129 96 5.43
129 97 5.00
129 98 4.89
129 99 5.11
129 100 5.61
129 101 6.37
129 102 7.34
129 103 8.57
129 104 10.27
129 105 12.27
129 106 8.92
129 107 7.69
129 108 6.57
129 109 5.52
129 110 4.53
129 111 3.64
129 112 2.90
129 113 2.49
129 114 2.60
129 115 3.26
129 116 4.36
129 117 6.05
129 118 8.06
129 119 10.00
129 120 9.03
129 121 8.10
129 122 7.19
129 123 6.27
129 124 5.34
129 125 4.39
129 126 3.41
129 127 2.38
129 128 1.27
129 129 0.00
129 130 1.70
129 131 3.71
129 132 11.24
129 133 10.68
129 134 10.09
129 135 9.49
129 136 8.86
129 137 8.22
129 138 7.55
129 139 6.86
129 140 6.12
129 141 5.31
129 142 4.36
129 143 3.04
129 144 2.04
129 145 12.45
129 146 12.32
129 147 12.10
129 148 11.83
129 149 11.51
129 150 11.17
129 151 10.78
129 152 10.36
129 153 9.87
129 154 9.30
129 155 8.57
129 156 7.39
129 157 6.13
129 158 13.48
129 159 13.76
129 160 13.89
129 161 13.93
129 162 13.91
129 163 13.84
129 164 13.72
129 165 13.55
129 166 13.30
129 167 12.96
129 168 12.46
129 169 11.51
129 170 10.45
129 171 14.23
129 172 14.86
129 173 15.31
129 174 15.64
129 175 15.89
129 176 16.08
129 177 16.20
129 178 16.27
129 179 16.26
129 180 16.15
129 181 15.89
129 182 15.22
129 183 14.44
129 184 14.64
129 185 15.57
129 186 16.28
129 187 16.86
129 188 17.35
129 189 17.77
129 190 18.12
129 191 18.41
129 192 18.63
129 193 18.75
129 194 18.73
129 195 18.37
129 196 17.92
129 197 14.69
129 198 15.82
129 199 16.74
129 200 17.52
129 201 18.22
129 202 18.84
129 203 19.39
129 204 19.89
129 205 20.31
129 206 20.66
129 207 20.89
129 208 20.85
129 209 20.75
129 210 9.39
130 1 15.14
130 2 14.60
130 3 15.87
130 4 16.98
130 5 17.99
130 6 18.93
130 7 19.80
130 8 20.63
130 9 21.41
130 10 22.15
130 11 22.84
130 12 23.46
130 13 23.95
130 14 24.47
130 15 13.70
130 16 14.89
130 17 16.00
130 18 17.06
130 19 18.06
130 20 19.03
130 21 19.97
130 22 20.87
130 23 21.75
130 24 22.61
130 25 23.44
130 26 24.24
130 27 25.11
130 28 12.56
130 29 13.55
130 30 14.57
130 31 15.59
130 32 16.60
130 33 17.60
130 34 18.59
130 35 19.58
130 36 20.56
130 37 21.55
130 38 22.56
130 39 23.63
130 40 24.83
130 41 11.32
130 42 11.96
130 43 12.77
130 44 13.66
130 45 14.60
130 46 15.57
130 47 16.57
130 48 17.58
130 49 18.63
130 50 19.71
130 51 20.85
130 52 22.16
130 53 23.63
130 54 10.13
130 55 10.29
130 56 10.76
130 57 11.41
130 58 12.18
130 59 13.05
130 60 13.98
130 61 14.97
130 62 16.02
130 63 17.14
130 64 18.37
130 65 19.87
130 66 21.57
130 67 9.23
130 68 8.80
130 69 8.78
130 70 9.04
130 71 9.52
130 72 10.17
130 73 10.95
130 74 11.85
130 75 12.84
130 76 13.95
130 77 15.22
130 78 16.85
130 79 18.72
130 80 8.85
130 81 7.87
130 82 7.26
130 83 6.96
130 84 6.95
130 85 7.20
130 86 7.69
130 87 8.38
130 88 9.24
130 89 10.27
130 90 11.52
130 91 13.21
130 92 15.19
130 93 9.11
130 94 7.86
130 95 6.80
130 96 5.93
130 97 5.24
130 98 4.81
130 99 4.67
130 100 4.88
130 101 5.41
130 102 6.25
130 103 7.39
130 104 9.09
130 105 11.10
130 106 9.93
130 107 8.76
130 108 7.66
130 109 6.61
130 110 5.60
130 111 4.61
130 112 3.67
130 113 2.82
130 114 2.25
130 115 2.26
130 116 3.04
130 117 4.63
130 118 6.62
130 119 11.09
130 120 10.23
130 121 9.39
130 122 8.55
130 123 7.69
130 124 6.83
130 125 5.93
130 126 5.00
130 127 4.02
130 128 2.94
130 129 1.70
130 130 0.00
130 131 2.01
130 132 12.34
130 133 11.90
130 134 11.41
130 135 10.89
130 136 10.35
130 137 9.77
130 138 9.16
130 139 8.51
130 140 7.81
130 141 7.01
130 142 6.05
130 143 4.63
130 144 3.12
130 145 13.50
130 146 13.50
130 147 13.38
130 148 13.19
130 149 12.96
130 150 12.68
130 151 12.35
130 152 11.97
130 153 11.53
130 154 10.99
130 155 10.27
130 156 9.08
130 157 7.75
130 158 14.45
130 159 14.85
130 160 15.08
130 161 15.21
130 162 15.26
130 163 15.26
130 164 15.20
130 165 15.08
130 166 14.88
130 167 14.59
130 168 14.12
130 169 13.21
130 170 12.15
130 171 15.10
130 172 15.84
130 173 16.37
130 174 16.78
130 175 17.11
130 176 17.36
130 177 17.55
130 178 17.67
130 179 17.72
130 180 17.67
130 181 17.46
130 182 16.85
130 183 16.12
130 184 15.39
130 185 16.40
130 186 17.18
130 187 17.84
130 188 18.39
130 189 18.88
130 190 19.29
130 191 19.64
130 192 19.92
130 193 20.11
130 194 20.15
130 195 19.87
130 196 19.50
130 197 15.31
130 198 16.49
130 199 17.47
130 200 18.31
130 201 19.06
130 202 19.74
130 203 20.36
130 204 20.91
130 205 21.40
130 206 21.81
130 207 22.11
130 208 22.16
130 209 22.16
130 210 10.72
131 1 15.36
131 2 15.15
131 3 16.40
131 4 17.53
131 5 18.56
131 6 19.54
131 7 20.46
131 8 21.33
131 9 22.17
131 10 22.97
131 11 23.73
131 12 24.43
131 13 25.04
131 14 25.68
131 15 14.14
131 16 15.27
131 17 16.35
131 18 17.40
131 19 18.42
131 20 19.41
131 21 20.37
131 22 21.32
131 23 22.25
131 24 23.16
131 25 24.07
131 26 24.98
131 27 25.98
131 28 12.94
131 29 13.80
131 30 14.74
131 31 15.71
131 32 16.70
131 33 17.70
131 34 18.70
131 35 19.71
131 36 20.72
131 37 21.76
131 38 22.83
131 39 24.01
131 40 25.33
131 41 11.70
131 42 12.15
131 43 12.82
131 44 13.62
131 45 14.49
131 46 15.42
131 47 16.39
131 48 17.41
131 49 18.46
131 50 19.56
131 51 20.76
131 52 22.16
131 53 23.75
131 54 10.60
131 55 10.52
131 56 10.78
131 57 11.27
131 58 11.92
131 59 12.70
131 60 13.56
131 61 14.51
131 62 15.54
131 63 16.67
131 64 17.92
131 65 19.50
131 66 21.30
131 67 9.88
131 68 9.22
131 69 8.94
131 70 8.97
131 71 9.25
131 72 9.73
131 73 10.38
131 74 11.17
131 75 12.11
131 76 13.18
131 77 14.44
131 78 16.12
131 79 18.06
131 80 9.75
131 81 8.62
131 82 7.80
131 83 7.24
131 84 6.94
131 85 6.91
131 86 7.15
131 87 7.62
131 88 8.33
131 89 9.26
131 90 10.45
131 91 12.15
131 92 14.16
131 93 10.23
131 94 8.96
131 95 7.85
131 96 6.85
131 97 5.97
131 98 5.24
131 99 4.72
131 100 4.49
131 101 4.63
131 102 5.17
131 103 6.13
131 104 7.75
131 105 9.74
131 106 11.19
131 107 10.10
131 108 9.06
131 109 8.05
131 110 7.05
131 111 6.06
131 112 5.05
131 113 4.06
131 114 3.09
131 115 2.27
131 116 2.04
131 117 3.12
131 118 4.96
131 119 12.40
131 120 11.67
131 121 10.93
131 122 10.18
131 123 9.40
131 124 8.60
131 125 7.77
131 126 6.90
131 127 5.96
131 128 4.92
131 129 3.71
131 130 2.01
131 131 0.00
131 132 13.64
131 133 13.34
131 134 12.97
131 135 12.55
131 136 12.08
131 137 11.58
131 138 11.03
131 139 10.44
131 140 9.78
131 141 9.01
131 142 8.06
131 143 6.62
131 144 4.96
131 145 14.75
131 146 14.88
131 147 14.87
131 148 14.78
131 149 14.63
131 150 14.43
131 151 14.17
131 152 13.85
131 153 13.45
131 154 12.95
131 155 12.27
131 156 11.10
131 157 9.74
131 158 15.60
131 159 16.12
131 160 16.45
131 161 16.68
131 162 16.82
131 163 16.89
131 164 16.90
131 165 16.85
131 166 16.71
131 167 16.47
131 168 16.05
131 169 15.19
131 170 14.16
131 171 16.12
131 172 16.97
131 173 17.59
131 174 18.09
131 175 18.50
131 176 18.83
131 177 19.09
131 178 19.28
131 179 19.39
131 180 19.41
131 181 19.26
131 182 18.72
131 183 18.06
131 184 16.28
131 185 17.36
131 186 18.22
131 187 18.95
131 188 19.58
131 189 20.14
131 190 20.62
131 191 21.04
131 192 21.39
131 193 21.65
131 194 21.77
131 195 21.57
131 196 21.30
131 197 16.05
131 198 17.28
131 199 18.30
131 200 19.21
131 201 20.02
131 202 20.76
131 203 21.44
131 204 22.06
131 205 22.62
131 206 23.10
131 207 23.48
131 208 23.63
131 209 23.75
131 210 12.29
132 1 8.53
132 2 6.16
132 3 6.98
132 4 7.66
132 5 8.26
132 6 8.82
132 7 9.34
132 8 9.84
132 9 10.31
132 10 10.76
132 11 11.17
132 12 11.54
132 13 11.77
132 14 12.14
132 15 6.48
132 16 7.45
132 17 8.26
132 18 8.96
132 19 9.61
132 20 10.22
132 21 10.79
132 22 11.33
132 23 11.83
132 24 12.30
132 25 12.72
132 26 13.00
132 27 13.39
132 28 6.56
132 29 7.66
132 30 8.57
132 31 9.38
132 32 10.12
132 33 10.81
132 34 11.46
132 35 12.07
132 36 12.65
132 37 13.19
132 38 13.69
132 39 14.06
132 40 14.54
132 41 6.39
132 42 7.59
132 43 8.59
132 44 9.49
132 45 10.31
132 46 11.08
132 47 11.80
132 48 12.49
132 49 13.15
132 50 13.78
132 51 14.36
132 52 14.85
132 53 15.45
132 54 5.99
132 55 7.24
132 56 8.31
132 57 9.28
132 58 10.17
132 59 11.01
132 60 11.80
132 61 12.57
132 62 13.30
132 63 14.01
132 64 14.69
132 65 15.31
132 66 16.05
132 67 5.37
132 68 6.64
132 69 7.75
132 70 8.76
132 71 9.71
132 72 10.60
132 73 11.46
132 74 12.29
132 75 13.09
132 76 13.88
132 77 14.64
132 78 15.39
132 79 16.28
132 80 4.56
132 81 5.81
132 82 6.93
132 83 7.97
132 84 8.95
132 85 9.89
132 86 10.79
132 87 11.67
132 88 12.53
132 89 13.38
132 90 14.23
132 91 15.10
132 92 16.13
132 93 3.57
132 94 4.77
132 95 5.89
132 96 6.94
132 97 7.94
132 98 8.90
132 99 9.84
132 100 10.76
132 101 11.66
132 102 12.57
132 103 13.48
132 104 14.45
132 105 15.60
132 106 2.46
132 107 3.58
132 108 4.69
132 109 5.74
132 110 6.75
132 111 7.73
132 112 8.68
132 113 9.62
132 114 10.55
132 115 11.49
132 116 12.45
132 117 13.50
132 118 14.75
132 119 1.25
132 120 2.33
132 121 3.44
132 122 4.49
132 123 5.50
132 124 6.48
132 125 7.43
132 126 8.38
132 127 9.31
132 128 10.26
132 129 11.24
132 130 12.34
132 131 13.64
132 132 0.00
132 133 1.27
132 134 2.38
132 135 3.41
132 136 4.39
132 137 5.34
132 138 6.27
132 139 7.19
132 140 8.10
132 141 9.03
132 142 10.00
132 143 11.09
132 144 12.40
132 145 1.25
132 146 1.39
132 147 2.10
132 148 2.93
132 149 3.78
132 150 4.62
132 151 5.47
132 152 6.31
132 153 7.16
132 154 8.02
132 155 8.92
132 156 9.93
132 157 11.19
132 158 2.46
132 159 2.51
132 160 2.87
132 161 3.39
132 162 3.99
132 163 4.64
132 164 5.33
132 165 6.03
132 166 6.75
132 167 7.49
132 168 8.26
132 169 9.11
132 170 10.23
132 171 3.57
132 172 3.76
132 173 4.07
132 174 4.45
132 175 4.90
132 176 5.39
132 177 5.91
132 178 6.46
132 179 7.03
132 180 7.62
132 181 8.22
132 182 8.85
132 183 9.75
132 184 4.56
132 185 4.93
132 186 5.31
132 187 5.70
132 188 6.11
132 189 6.54
132 190 6.98
132 191 7.43
132 192 7.89
132 193 8.36
132 194 8.81
132 195 9.23
132 196 9.88
132 197 5.37
132 198 5.94
132 199 6.44
132 200 6.90
132 201 7.35
132 202 7.79
132 203 8.23
132 204 8.65
132 205 9.07
132 206 9.48
132 207 9.85
132 208 10.13
132 209 10.60
132 210 2.79
133 1 9.72
133 2 7.40
133 3 8.24
133 4 8.93
133 5 9.52
133 6 10.05
133 7 10.55
133 8 11.01
133 9 11.44
133 10 11.83
133 11 12.18
133 12 12.46
133 13 12.56
133 14 12.76
133 15 7.65
133 16 8.66
133 17 9.50
133 18 10.22
133 19 10.88
133 20 11.48
133 21 12.05
133 22 12.57
133 23 13.06
133 24 13.50
133 25 13.87
133 26 14.07
133 27 14.36
133 28 7.61
133 29 8.77
133 30 9.72
133 31 10.56
133 32 11.33
133 33 12.04
133 34 12.71
133 35 13.33
133 36 13.92
133 37 14.46
133 38 14.94
133 39 15.29
133 40 15.72
133 41 7.31
133 42 8.55
133 43 9.59
133 44 10.53
133 45 11.39
133 46 12.19
133 47 12.95
133 48 13.67
133 49 14.36
133 50 15.01
133 51 15.61
133 52 16.12
133 53 16.72
133 54 6.75
133 55 8.01
133 56 9.12
133 57 10.12
133 58 11.05
133 59 11.93
133 60 12.77
133 61 13.58
133 62 14.35
133 63 15.10
133 64 15.82
133 65 16.49
133 66 17.28
133 67 5.94
133 68 7.19
133 69 8.31
133 70 9.35
133 71 10.33
133 72 11.27
133 73 12.17
133 74 13.05
133 75 13.90
133 76 14.74
133 77 15.57
133 78 16.40
133 79 17.36
133 80 4.93
133 81 6.10
133 82 7.20
133 83 8.26
133 84 9.27
133 85 10.24
133 86 11.19
133 87 12.12
133 88 13.03
133 89 13.95
133 90 14.87
133 91 15.84
133 92 16.97
133 93 3.76
133 94 4.78
133 95 5.84
133 96 6.88
133 97 7.90
133 98 8.90
133 99 9.87
133 100 10.84
133 101 11.80
133 102 12.76
133 103 13.76
133 104 14.85
133 105 16.12
133 106 2.51
133 107 3.29
133 108 4.28
133 109 5.30
133 110 6.32
133 111 7.32
133 112 8.31
133 113 9.29
133 114 10.28
133 115 11.28
133 116 12.32
133 117 13.50
133 118 14.88
133 119 1.39
133 120 1.67
133 121 2.61
133 122 3.63
133 123 4.64
133 124 5.64
133 125 6.63
133 126 7.62
133 127 8.61
133 128 9.62
133 129 10.68
133 130 11.90
133 131 13.34
133 132 1.27
133 133 0.00
133 134 1.12
133 135 2.17
133 136 3.17
133 137 4.15
133 138 5.11
133 139 6.06
133 140 7.02
133 141 8.00
133 142 9.03
133 143 10.23
133 144 11.67
133 145 2.33
133 146 1.67
133 147 1.58
133 148 2.00
133 149 2.67
133 150 3.43
133 151 4.22
133 152 5.05
133 153 5.89
133 154 6.76
133 155 7.69
133 156 8.76
133 157 10.10
133 158 3.58
133 159 3.29
133 160 3.21
133 161 3.33
133 162 3.62
133 163 4.03
133 164 4.53
133 165 5.09
133 166 5.70
133 167 6.36
133 168 7.06
133 169 7.86
133 170 8.96
133 171 4.77
133 172 4.78
133 173 4.86
133 174 5.00
133 175 5.21
133 176 5.48
133 177 5.80
133 178 6.16
133 179 6.56
133 180 6.98
133 181 7.42
133 182 7.87
133 183 8.62
133 184 5.80
133 185 6.09
133 186 6.35
133 187 6.61
133 188 6.88
133 189 7.16
133 190 7.44
133 191 7.74
133 192 8.04
133 193 8.34
133 194 8.62
133 195 8.80
133 196 9.22
133 197 6.64
133 198 7.19
133 199 7.63
133 200 8.03
133 201 8.40
133 202 8.75
133 203 9.09
133 204 9.41
133 205 9.72
133 206 9.99
133 207 10.22
133 208 10.29
133 209 10.52
133 210 1.63
134 1 10.71
134 2 8.45
134 3 9.33
134 4 10.03
134 5 10.64
134 6 11.18
134 7 11.67
134 8 12.12
134 9 12.53
134 10 12.89
134 11 13.21
134 12 13.44
134 13 13.46
134 14 13.54
134 15 8.62
134 16 9.68
134 17 10.55
134 18 11.30
134 19 11.98
134 20 12.60
134 21 13.17
134 22 13.70
134 23 14.18
134 24 14.61
134 25 14.97
134 26 15.14
134 27 15.37
134 28 8.49
134 29 9.68
134 30 10.67
134 31 11.55
134 32 12.34
134 33 13.08
134 34 13.77
134 35 14.41
134 36 15.02
134 37 15.57
134 38 16.07
134 39 16.41
134 40 16.83
134 41 8.07
134 42 9.33
134 43 10.41
134 44 11.37
134 45 12.27
134 46 13.10
134 47 13.89
134 48 14.64
134 49 15.36
134 50 16.04
134 51 16.67
134 52 17.21
134 53 17.83
134 54 7.37
134 55 8.64
134 56 9.76
134 57 10.78
134 58 11.75
134 59 12.66
134 60 13.53
134 61 14.37
134 62 15.19
134 63 15.98
134 64 16.74
134 65 17.47
134 66 18.30
134 67 6.44
134 68 7.63
134 69 8.75
134 70 9.80
134 71 10.80
134 72 11.77
134 73 12.71
134 74 13.62
134 75 14.51
134 76 15.40
134 77 16.28
134 78 17.18
134 79 18.22
134 80 5.31
134 81 6.35
134 82 7.42
134 83 8.46
134 84 9.48
134 85 10.47
134 86 11.45
134 87 12.41
134 88 13.37
134 89 14.33
134 90 15.31
134 91 16.37
134 92 17.59
134 93 4.07
134 94 4.86
134 95 5.82
134 96 6.82
134 97 7.83
134 98 8.83
134 99 9.82
134 100 10.82
134 101 11.82
134 102 12.83
134 103 13.89
134 104 15.08
134 105 16.45
134 106 2.87
134 107 3.21
134 108 4.00
134 109 4.94
134 110 5.92
134 111 6.92
134 112 7.92
134 113 8.93
134 114 9.95
134 115 10.99
134 116 12.10
134 117 13.38
134 118 14.87
134 119 2.10
134 120 1.58
134 121 2.04
134 122 2.91
134 123 3.88
134 124 4.88
134 125 5.88
134 126 6.89
134 127 7.91
134 128 8.97
134 129 10.09
134 130 11.41
134 131 12.97
134 132 2.38
134 133 1.12
134 134 0.00
134 135 1.05
134 136 2.07
134 137 3.06
134 138 4.03
134 139 5.01
134 140 6.00
134 141 7.02
134 142 8.10
134 143 9.39
134 144 10.93
134 145 3.44
134 146 2.61
134 147 2.04
134 148 1.83
134 149 2.05
134 150 2.56
134 151 3.23
134 152 3.98
134 153 4.79
134 154 5.64
134 155 6.57
134 156 7.66
134 157 9.06
134 158 4.69
134 159 4.28
134 160 4.00
134 161 3.86
134 162 3.85
134 163 3.98
134 164 4.23
134 165 4.59
134 166 5.03
134 167 5.54
134 168 6.12
134 169 6.81
134 170 7.85
134 171 5.89
134 172 5.84
134 173 5.82
134 174 5.83
134 175 5.89
134 176 5.99
134 177 6.14
134 178 6.32
134 179 6.54
134 180 6.78
134 181 7.04
134 182 7.26
134 183 7.80
134 184 6.93
134 185 7.20
134 186 7.42
134 187 7.61
134 188 7.80
134 189 7.98
134 190 8.17
134 191 8.35
134 192 8.53
134 193 8.69
134 194 8.81
134 195 8.78
134 196 8.95
134 197 7.75
134 198 8.31
134 199 8.75
134 200 9.12
134 201 9.46
134 202 9.76
134 203 10.05
134 204 10.31
134 205 10.54
134 206 10.73
134 207 10.84
134 208 10.76
134 209 10.78
134 210 0.71
135 1 11.58
135 2 9.39
135 3 10.31
135 4 11.05
135 5 11.67
135 6 12.22
135 7 12.72
135 8 13.17
135 9 13.58
135 10 13.93
135 11 14.23
135 12 14.43
135 13 14.41
135 14 14.42
135 15 9.48
135 16 10.59
135 17 11.49
135 18 12.27
135 19 12.97
135 20 13.61
135 21 14.19
135 22 14.74
135 23 15.23
135 24 15.67
135 25 16.02
135 26 16.18
135 27 16.38
135 28 9.26
135 29 10.48
135 30 11.51
135 31 12.41
135 32 13.24
135 33 14.00
135 34 14.71
135 35 15.38
135 36 16.01
135 37 16.58
135 38 17.10
135 39 17.46
135 40 17.89
135 41 8.74
135 42 10.01
135 43 11.11
135 44 12.10
135 45 13.02
135 46 13.89
135 47 14.71
135 48 15.49
135 49 16.23
135 50 16.94
135 51 17.60
135 52 18.18
135 53 18.85
135 54 7.94
135 55 9.18
135 56 10.30
135 57 11.35
135 58 12.33
135 59 13.27
135 60 14.17
135 61 15.05
135 62 15.89
135 63 16.72
135 64 17.53
135 65 18.31
135 66 19.21
135 67 6.90
135 68 8.03
135 69 9.12
135 70 10.17
135 71 11.19
135 72 12.17
135 73 13.13
135 74 14.08
135 75 15.01
135 76 15.93
135 77 16.86
135 78 17.84
135 79 18.95
135 80 5.70
135 81 6.61
135 82 7.61
135 83 8.63
135 84 9.64
135 85 10.64
135 86 11.63
135 87 12.62
135 88 13.61
135 89 14.61
135 90 15.64
135 91 16.78
135 92 18.09
135 93 4.46
135 94 5.00
135 95 5.83
135 96 6.76
135 97 7.74
135 98 8.73
135 99 9.73
135 100 10.75
135 101 11.77
135 102 12.82
135 103 13.93
135 104 15.21
135 105 16.68
135 106 3.39
135 107 3.33
135 108 3.86
135 109 4.65
135 110 5.57
135 111 6.53
135 112 7.53
135 113 8.55
135 114 9.59
135 115 10.67
135 116 11.83
135 117 13.20
135 118 14.78
135 119 2.93
135 120 2.00
135 121 1.83
135 122 2.37
135 123 3.22
135 124 4.17
135 125 5.16
135 126 6.18
135 127 7.22
135 128 8.31
135 129 9.49
135 130 10.89
135 131 12.55
135 132 3.41
135 133 2.17
135 134 1.05
135 135 0.00
135 136 1.02
135 137 2.02
135 138 3.01
135 139 4.00
135 140 5.01
135 141 6.06
135 142 7.19
135 143 8.55
135 144 10.18
135 145 4.49
135 146 3.63
135 147 2.91
135 148 2.37
135 149 2.09
135 150 2.16
135 151 2.53
135 152 3.12
135 153 3.82
135 154 4.62
135 155 5.52
135 156 6.61
135 157 8.05
135 158 5.74
135 159 5.30
135 160 4.94
135 161 4.65
135 162 4.46
135 163 4.36
135 164 4.38
135 165 4.50
135 166 4.72
135 167 5.03
135 168 5.43
135 169 5.93
135 170 6.85
135 171 6.94
135 172 6.88
135 173 6.82
135 174 6.76
135 175 6.73
135 176 6.72
135 177 6.74
135 178 6.78
135 179 6.85
135 180 6.92
135 181 6.99
135 182 6.96
135 183 7.24
135 184 7.97
135 185 8.26
135 186 8.46
135 187 8.63
135 188 8.77
135 189 8.90
135 190 9.02
135 191 9.13
135 192 9.22
135 193 9.27
135 194 9.26
135 195 9.04
135 196 8.97
135 197 8.76
135 198 9.35
135 199 9.80
135 200 10.17
135 201 10.50
135 202 10.78
135 203 11.04
135 204 11.26
135 205 11.44
135 206 11.57
135 207 11.61
135 208 11.41
135 209 11.27
135 210 0.77
136 1 12.37
136 2 10.25
136 3 11.22
136 4 11.99
136 5 12.64
136 6 13.21
136 7 13.72
136 8 14.18
136 9 14.59
136 10 14.95
136 11 15.24
136 12 15.44
136 13 15.38
136 14 15.34
136 15 10.28
136 16 11.41
136 17 12.35
136 18 13.16
136 19 13.88
136 20 14.55
136 21 15.15
136 22 15.71
136 23 16.22
136 24 16.67
136 25 17.04
136 26 17.20
136 27 17.39
136 28 9.97
136 29 11.21
136 30 12.26
136 31 13.19
136 32 14.05
136 33 14.84
136 34 15.58
136 35 16.27
136 36 16.92
136 37 17.52
136 38 18.06
136 39 18.45
136 40 18.90
136 41 9.35
136 42 10.62
136 43 11.73
136 44 12.75
136 45 13.69
136 46 14.59
136 47 15.43
136 48 16.24
136 49 17.02
136 50 17.76
136 51 18.46
136 52 19.08
136 53 19.79
136 54 8.46
136 55 9.67
136 56 10.79
136 57 11.84
136 58 12.84
136 59 13.80
136 60 14.73
136 61 15.63
136 62 16.51
136 63 17.37
136 64 18.22
136 65 19.06
136 66 20.02
136 67 7.35
136 68 8.40
136 69 9.46
136 70 10.50
136 71 11.51
136 72 12.51
136 73 13.49
136 74 14.46
136 75 15.41
136 76 16.38
136 77 17.35
136 78 18.39
136 79 19.58
136 80 6.11
136 81 6.88
136 82 7.80
136 83 8.77
136 84 9.76
136 85 10.76
136 86 11.76
136 87 12.77
136 88 13.78
136 89 14.82
136 90 15.89
136 91 17.11
136 92 18.50
136 93 4.90
136 94 5.21
136 95 5.89
136 96 6.73
136 97 7.65
136 98 8.62
136 99 9.62
136 100 10.64
136 101 11.68
136 102 12.76
136 103 13.91
136 104 15.26
136 105 16.82
136 106 3.99
136 107 3.62
136 108 3.85
136 109 4.46
136 110 5.26
136 111 6.18
136 112 7.14
136 113 8.16
136 114 9.21
136 115 10.32
136 116 11.51
136 117 12.96
136 118 14.63
136 119 3.78
136 120 2.67
136 121 2.05
136 122 2.09
136 123 2.68
136 124 3.53
136 125 4.48
136 126 5.49
136 127 6.54
136 128 7.65
136 129 8.86
136 130 10.35
136 131 12.08
136 132 4.39
136 133 3.17
136 134 2.07
136 135 1.02
136 136 0.00
136 137 1.00
136 138 2.00
136 139 3.01
136 140 4.03
136 141 5.11
136 142 6.27
136 143 7.69
136 144 9.40
136 145 5.50
136 146 4.64
136 147 3.88
136 148 3.22
136 149 2.68
136 150 2.35
136 151 2.29
136 152 2.54
136 153 3.04
136 154 3.71
136 155 4.53
136 156 5.60
136 157 7.05
136 158 6.75
136 159 6.32
136 160 5.92
136 161 5.57
136 162 5.27
136 163 5.03
136 164 4.86
136 165 4.77
136 166 4.77
136 167 4.84
136 168 5.01
136 169 5.24
136 170 5.97
136 171 7.94
136 172 7.90
136 173 7.83
136 174 7.74
136 175 7.66
136 176 7.58
136 177 7.51
136 178 7.45
136 179 7.40
136 180 7.33
136 181 7.22
136 182 6.95
136 183 6.94
136 184 8.95
136 185 9.27
136 186 9.48
136 187 9.64
136 188 9.76
136 189 9.86
136 190 9.94
136 191 10.00
136 192 10.03
136 193 10.01
136 194 9.89
136 195 9.52
136 196 9.25
136 197 9.71
136 198 10.33
136 199 10.80
136 200 11.19
136 201 11.51
136 202 11.79
136 203 12.04
136 204 12.24
136 205 12.39
136 206 12.49
136 207 12.47
136 208 12.18
136 209 11.92
136 210 1.63
137 1 13.11
137 2 11.07
137 3 12.07
137 4 12.87
137 5 13.55
137 6 14.15
137 7 14.68
137 8 15.15
137 9 15.58
137 10 15.95
137 11 16.25
137 12 16.44
137 13 16.37
137 14 16.31
137 15 11.02
137 16 12.19
137 17 13.15
137 18 13.99
137 19 14.74
137 20 15.43
137 21 16.06
137 22 16.64
137 23 17.17
137 24 17.64
137 25 18.02
137 26 18.19
137 27 18.39
137 28 10.63
137 29 11.89
137 30 12.96
137 31 13.92
137 32 14.79
137 33 15.61
137 34 16.38
137 35 17.10
137 36 17.77
137 37 18.40
137 38 18.96
137 39 19.39
137 40 19.87
137 41 9.93
137 42 11.19
137 43 12.31
137 44 13.34
137 45 14.31
137 46 15.22
137 47 16.09
137 48 16.93
137 49 17.73
137 50 18.51
137 51 19.24
137 52 19.91
137 53 20.67
137 54 8.96
137 55 10.12
137 56 11.23
137 57 12.28
137 58 13.29
137 59 14.27
137 60 15.22
137 61 16.15
137 62 17.05
137 63 17.95
137 64 18.84
137 65 19.74
137 66 20.76
137 67 7.79
137 68 8.75
137 69 9.76
137 70 10.78
137 71 11.79
137 72 12.80
137 73 13.79
137 74 14.77
137 75 15.76
137 76 16.75
137 77 17.77
137 78 18.88
137 79 20.14
137 80 6.54
137 81 7.16
137 82 7.98
137 83 8.90
137 84 9.87
137 85 10.85
137 86 11.85
137 87 12.87
137 88 13.90
137 89 14.96
137 90 16.08
137 91 17.36
137 92 18.83
137 93 5.39
137 94 5.48
137 95 5.99
137 96 6.72
137 97 7.58
137 98 8.51
137 99 9.48
137 100 10.50
137 101 11.55
137 102 12.65
137 103 13.84
137 104 15.26
137 105 16.89
137 106 4.64
137 107 4.03
137 108 3.98
137 109 4.37
137 110 5.03
137 111 5.85
137 112 6.77
137 113 7.77
137 114 8.82
137 115 9.94
137 116 11.17
137 117 12.68
137 118 14.43
137 119 4.62
137 120 3.43
137 121 2.56
137 122 2.16
137 123 2.35
137 124 2.98
137 125 3.84
137 126 4.81
137 127 5.85
137 128 6.98
137 129 8.22
137 130 9.77
137 131 11.58
137 132 5.34
137 133 4.15
137 134 3.06
137 135 2.02
137 136 1.00
137 137 0.00
137 138 1.00
137 139 2.02
137 140 3.06
137 141 4.15
137 142 5.34
137 143 6.83
137 144 8.60
137 145 6.48
137 146 5.64
137 147 4.88
137 148 4.17
137 149 3.53
137 150 2.98
137 151 2.59
137 152 2.43
137 153 2.56
137 154 2.98
137 155 3.64
137 156 4.61
137 157 6.05
137 158 7.73
137 159 7.32
137 160 6.91
137 161 6.53
137 162 6.18
137 163 5.85
137 164 5.57
137 165 5.33
137 166 5.13
137 167 4.99
137 168 4.89
137 169 4.81
137 170 5.24
137 171 8.90
137 172 8.90
137 173 8.83
137 174 8.73
137 175 8.62
137 176 8.51
137 177 8.39
137 178 8.26
137 179 8.11
137 180 7.94
137 181 7.69
137 182 7.20
137 183 6.91
137 184 9.88
137 185 10.24
137 186 10.47
137 187 10.64
137 188 10.76
137 189 10.85
137 190 10.91
137 191 10.93
137 192 10.92
137 193 10.84
137 194 10.66
137 195 10.17
137 196 9.73
137 197 10.60
137 198 11.27
137 199 11.77
137 200 12.17
137 201 12.51
137 202 12.80
137 203 13.04
137 204 13.23
137 205 13.37
137 206 13.44
137 207 13.40
137 208 13.05
137 209 12.70
137 210 2.55
138 1 13.80
138 2 11.84
138 3 12.89
138 4 13.72
138 5 14.43
138 6 15.05
138 7 15.60
138 8 16.10
138 9 16.54
138 10 16.93
138 11 17.24
138 12 17.44
138 13 17.37
138 14 17.30
138 15 11.72
138 16 12.91
138 17 13.90
138 18 14.77
138 19 15.55
138 20 16.27
138 21 16.92
138 22 17.53
138 23 18.08
138 24 18.57
138 25 18.97
138 26 19.17
138 27 19.39
138 28 11.25
138 29 12.51
138 30 13.60
138 31 14.59
138 32 15.49
138 33 16.33
138 34 17.12
138 35 17.87
138 36 18.57
138 37 19.23
138 38 19.83
138 39 20.29
138 40 20.81
138 41 10.47
138 42 11.71
138 43 12.84
138 44 13.88
138 45 14.86
138 46 15.80
138 47 16.70
138 48 17.56
138 49 18.39
138 50 19.20
138 51 19.97
138 52 20.69
138 53 21.50
138 54 9.43
138 55 10.55
138 56 11.63
138 57 12.68
138 58 13.70
138 59 14.69
138 60 15.65
138 61 16.60
138 62 17.54
138 63 18.46
138 64 19.39
138 65 20.36
138 66 21.44
138 67 8.23
138 68 9.09
138 69 10.05
138 70 11.04
138 71 12.03
138 72 13.04
138 73 14.04
138 74 15.04
138 75 16.04
138 76 17.06
138 77 18.12
138 78 19.29
138 79 20.62
138 80 6.98
138 81 7.45
138 82 8.17
138 83 9.02
138 84 9.94
138 85 10.91
138 86 11.90
138 87 12.92
138 88 13.97
138 89 15.05
138 90 16.20
138 91 17.55
138 92 19.09
138 93 5.91
138 94 5.80
138 95 6.14
138 96 6.74
138 97 7.51
138 98 8.39
138 99 9.33
138 100 10.33
138 101 11.39
138 102 12.50
138 103 13.72
138 104 15.20
138 105 16.90
138 106 5.33
138 107 4.53
138 108 4.23
138 109 4.38
138 110 4.86
138 111 5.57
138 112 6.42
138 113 7.37
138 114 8.41
138 115 9.53
138 116 10.78
138 117 12.35
138 118 14.17
138 119 5.47
138 120 4.22
138 121 3.23
138 122 2.53
138 123 2.29
138 124 2.59
138 125 3.27
138 126 4.16
138 127 5.17
138 128 6.29
138 129 7.55
138 130 9.16
138 131 11.03
138 132 6.27
138 133 5.11
138 134 4.03
138 135 3.01
138 136 2.00
138 137 1.00
138 138 0.00
138 139 1.02
138 140 2.07
138 141 3.17
138 142 4.39
138 143 5.93
138 144 7.77
138 145 7.43
138 146 6.63
138 147 5.88
138 148 5.16
138 149 4.48
138 150 3.84
138 151 3.27
138 152 2.81
138 153 2.55
138 154 2.56
138 155 2.90
138 156 3.67
138 157 5.05
138 158 8.68
138 159 8.31
138 160 7.92
138 161 7.53
138 162 7.15
138 163 6.77
138 164 6.42
138 165 6.08
138 166 5.75
138 167 5.44
138 168 5.11
138 169 4.67
138 170 4.72
138 171 9.84
138 172 9.87
138 173 9.82
138 174 9.73
138 175 9.62
138 176 9.48
138 177 9.33
138 178 9.16
138 179 8.96
138 180 8.70
138 181 8.35
138 182 7.69
138 183 7.15
138 184 10.79
138 185 11.19
138 186 11.45
138 187 11.63
138 188 11.76
138 189 11.85
138 190 11.90
138 191 11.91
138 192 11.87
138 193 11.76
138 194 11.53
138 195 10.95
138 196 10.38
138 197 11.46
138 198 12.17
138 199 12.71
138 200 13.13
138 201 13.49
138 202 13.79
138 203 14.04
138 204 14.23
138 205 14.37
138 206 14.43
138 207 14.37
138 208 13.98
138 209 13.56
138 210 3.49
139 1 14.44
139 2 12.58
139 3 13.66
139 4 14.53
139 5 15.27
139 6 15.92
139 7 16.50
139 8 17.02
139 9 17.49
139 10 17.89
139 11 18.22
139 12 18.43
139 13 18.39
139 14 18.32
139 15 12.38
139 16 13.60
139 17 14.62
139 18 15.51
139 19 16.32
139 20 17.06
139 21 17.75
139 22 18.38
139 23 18.96
139 24 19.47
139 25 19.90
139 26 20.13
139 27 20.38
139 28 11.83
139 29 13.10
139 30 14.21
139 31 15.21
139 32 16.14
139 33 17.00
139 34 17.82
139 35 18.60
139 36 19.33
139 37 20.02
139 38 20.65
139 39 21.16
139 40 21.72
139 41 10.98
139 42 12.20
139 43 13.32
139 44 14.37
139 45 15.37
139 46 16.32
139 47 17.24
139 48 18.13
139 49 18.99
139 50 19.83
139 51 20.64
139 52 21.42
139 53 22.29
139 54 9.89
139 55 10.94
139 56 12.00
139 57 13.03
139 58 14.05
139 59 15.05
139 60 16.03
139 61 17.00
139 62 17.96
139 63 18.92
139 64 19.89
139 65 20.91
139 66 22.06
139 67 8.65
139 68 9.41
139 69 10.31
139 70 11.26
139 71 12.24
139 72 13.23
139 73 14.23
139 74 15.24
139 75 16.27
139 76 17.31
139 77 18.41
139 78 19.64
139 79 21.04
139 80 7.43
139 81 7.74
139 82 8.35
139 83 9.13
139 84 10.00
139 85 10.93
139 86 11.91
139 87 12.93
139 88 13.98
139 89 15.08
139 90 16.27
139 91 17.67
139 92 19.28
139 93 6.46
139 94 6.16
139 95 6.32
139 96 6.78
139 97 7.45
139 98 8.26
139 99 9.16
139 100 10.14
139 101 11.18
139 102 12.30
139 103 13.55
139 104 15.08
139 105 16.85
139 106 6.03
139 107 5.09
139 108 4.59
139 109 4.50
139 110 4.77
139 111 5.33
139 112 6.08
139 113 6.97
139 114 7.97
139 115 9.09
139 116 10.36
139 117 11.97
139 118 13.85
139 119 6.31
139 120 5.05
139 121 3.98
139 122 3.12
139 123 2.54
139 124 2.43
139 125 2.81
139 126 3.55
139 127 4.49
139 128 5.59
139 129 6.86
139 130 8.51
139 131 10.44
139 132 7.19
139 133 6.06
139 134 5.01
139 135 4.00
139 136 3.01
139 137 2.02
139 138 1.02
139 139 0.00
139 140 1.05
139 141 2.17
139 142 3.41
139 143 5.00
139 144 6.90
139 145 8.37
139 146 7.62
139 147 6.89
139 148 6.18
139 149 5.48
139 150 4.81
139 151 4.16
139 152 3.55
139 153 3.02
139 154 2.62
139 155 2.49
139 156 2.82
139 157 4.05
139 158 9.62
139 159 9.29
139 160 8.92
139 161 8.55
139 162 8.16
139 163 7.77
139 164 7.37
139 165 6.97
139 166 6.56
139 167 6.12
139 168 5.61
139 169 4.88
139 170 4.49
139 171 10.76
139 172 10.84
139 173 10.82
139 174 10.74
139 175 10.64
139 176 10.50
139 177 10.33
139 178 10.13
139 179 9.89
139 180 9.59
139 181 9.16
139 182 8.38
139 183 7.62
139 184 11.67
139 185 12.12
139 186 12.41
139 187 12.62
139 188 12.77
139 189 12.87
139 190 12.92
139 191 12.93
139 192 12.88
139 193 12.74
139 194 12.48
139 195 11.85
139 196 11.18
139 197 12.29
139 198 13.05
139 199 13.62
139 200 14.08
139 201 14.46
139 202 14.77
139 203 15.04
139 204 15.24
139 205 15.39
139 206 15.45
139 207 15.38
139 208 14.97
139 209 14.51
139 210 4.43
140 1 15.04
140 2 13.29
140 3 14.41
140 4 15.31
140 5 16.08
140 6 16.76
140 7 17.37
140 8 17.92
140 9 18.41
140 10 18.84
140 11 19.19
140 12 19.44
140 13 19.41
140 14 19.36
140 15 13.01
140 16 14.25
140 17 15.29
140 18 16.22
140 19 17.05
140 20 17.82
140 21 18.54
140 22 19.20
140 23 19.80
140 24 20.35
140 25 20.81
140 26 21.09
140 27 21.37
140 28 12.39
140 29 13.65
140 30 14.77
140 31 15.79
140 32 16.74
140 33 17.63
140 34 18.47
140 35 19.28
140 36 20.04
140 37 20.76
140 38 21.43
140 39 21.99
140 40 22.60
140 41 11.47
140 42 12.65
140 43 13.76
140 44 14.82
140 45 15.82
140 46 16.80
140 47 17.73
140 48 18.65
140 49 19.54
140 50 20.41
140 51 21.26
140 52 22.10
140 53 23.03
140 54 10.32
140 55 11.31
140 56 12.32
140 57 13.34
140 58 14.36
140 59 15.36
140 60 16.35
140 61 17.33
140 62 18.32
140 63 19.31
140 64 20.31
140 65 21.40
140 66 22.62
140 67 9.07
140 68 9.72
140 69 10.54
140 70 11.44
140 71 12.39
140 72 13.37
140 73 14.37
140 74 15.39
140 75 16.42
140 76 17.50
140 77 18.63
140 78 19.92
140 79 21.39
140 80 7.89
140 81 8.05
140 82 8.53
140 83 9.22
140 84 10.03
140 85 10.92
140 86 11.87
140 87 12.88
140 88 13.93
140 89 15.04
140 90 16.26
140 91 17.72
140 92 19.39
140 93 7.03
140 94 6.56
140 95 6.54
140 96 6.85
140 97 7.40
140 98 8.11
140 99 8.96
140 100 9.89
140 101 10.92
140 102 12.04
140 103 13.30
140 104 14.89
140 105 16.71
140 106 6.75
140 107 5.70
140 108 5.03
140 109 4.72
140 110 4.77
140 111 5.13
140 112 5.75
140 113 6.56
140 114 7.51
140 115 8.60
140 116 9.87
140 117 11.53
140 118 13.45
140 119 7.16
140 120 5.89
140 121 4.79
140 122 3.82
140 123 3.04
140 124 2.56
140 125 2.55
140 126 3.02
140 127 3.83
140 128 4.86
140 129 6.12
140 130 7.81
140 131 9.78
140 132 8.10
140 133 7.02
140 134 6.00
140 135 5.01
140 136 4.03
140 137 3.06
140 138 2.07
140 139 1.05
140 140 0.00
140 141 1.12
140 142 2.38
140 143 4.02
140 144 5.96
140 145 9.31
140 146 8.61
140 147 7.91
140 148 7.22
140 149 6.54
140 150 5.85
140 151 5.17
140 152 4.49
140 153 3.83
140 154 3.18
140 155 2.60
140 156 2.25
140 157 3.09
140 158 10.55
140 159 10.28
140 160 9.95
140 161 9.59
140 162 9.21
140 163 8.82
140 164 8.41
140 165 7.98
140 166 7.51
140 167 6.99
140 168 6.37
140 169 5.41
140 170 4.63
140 171 11.66
140 172 11.80
140 173 11.82
140 174 11.77
140 175 11.68
140 176 11.55
140 177 11.39
140 178 11.18
140 179 10.92
140 180 10.58
140 181 10.10
140 182 9.24
140 183 8.33
140 184 12.53
140 185 13.03
140 186 13.37
140 187 13.61
140 188 13.78
140 189 13.90
140 190 13.96
140 191 13.98
140 192 13.93
140 193 13.79
140 194 13.51
140 195 12.84
140 196 12.11
140 197 13.09
140 198 13.90
140 199 14.51
140 200 15.01
140 201 15.42
140 202 15.76
140 203 16.04
140 204 16.27
140 205 16.42
140 206 16.50
140 207 16.43
140 208 16.02
140 209 15.54
140 210 5.39
141 1 15.59
141 2 13.97
141 3 15.12
141 4 16.06
141 5 16.87
141 6 17.58
141 7 18.23
141 8 18.81
141 9 19.33
141 10 19.79
141 11 20.18
141 12 20.45
141 13 20.46
141 14 20.45
141 15 13.61
141 16 14.86
141 17 15.93
141 18 16.88
141 19 17.74
141 20 18.55
141 21 19.29
141 22 19.98
141 23 20.62
141 24 21.21
141 25 21.71
141 26 22.03
141 27 22.36
141 28 12.90
141 29 14.16
141 30 15.28
141 31 16.31
141 32 17.28
141 33 18.20
141 34 19.07
141 35 19.90
141 36 20.70
141 37 21.46
141 38 22.17
141 39 22.79
141 40 23.47
141 41 11.91
141 42 13.06
141 43 14.15
141 44 15.20
141 45 16.22
141 46 17.20
141 47 18.16
141 48 19.10
141 49 20.02
141 50 20.92
141 51 21.82
141 52 22.72
141 53 23.72
141 54 10.73
141 55 11.63
141 56 12.60
141 57 13.59
141 58 14.59
141 59 15.59
141 60 16.59
141 61 17.59
141 62 18.60
141 63 19.61
141 64 20.66
141 65 21.81
141 66 23.10
141 67 9.48
141 68 9.99
141 69 10.73
141 70 11.57
141 71 12.49
141 72 13.44
141 73 14.43
141 74 15.45
141 75 16.50
141 76 17.59
141 77 18.75
141 78 20.11
141 79 21.65
141 80 8.36
141 81 8.34
141 82 8.69
141 83 9.27
141 84 10.01
141 85 10.84
141 86 11.76
141 87 12.74
141 88 13.79
141 89 14.91
141 90 16.15
141 91 17.67
141 92 19.41
141 93 7.62
141 94 6.98
141 95 6.78
141 96 6.92
141 97 7.33
141 98 7.94
141 99 8.70
141 100 9.59
141 101 10.58
141 102 11.69
141 103 12.96
141 104 14.59
141 105 16.47
141 106 7.49
141 107 6.36
141 108 5.54
141 109 5.03
141 110 4.84
141 111 4.99
141 112 5.44
141 113 6.12
141 114 6.99
141 115 8.04
141 116 9.30
141 117 10.99
141 118 12.95
141 119 8.02
141 120 6.76
141 121 5.64
141 122 4.62
141 123 3.71
141 124 2.98
141 125 2.56
141 126 2.62
141 127 3.18
141 128 4.10
141 129 5.31
141 130 7.01
141 131 9.01
141 132 9.03
141 133 8.00
141 134 7.02
141 135 6.06
141 136 5.11
141 137 4.15
141 138 3.17
141 139 2.17
141 140 1.12
141 141 0.00
141 142 1.27
141 143 2.94
141 144 4.92
141 145 10.26
141 146 9.62
141 147 8.97
141 148 8.31
141 149 7.65
141 150 6.98
141 151 6.29
141 152 5.59
141 153 4.86
141 154 4.10
141 155 3.26
141 156 2.26
141 157 2.27
141 158 11.49
141 159 11.28
141 160 10.99
141 161 10.67
141 162 10.32
141 163 9.94
141 164 9.53
141 165 9.09
141 166 8.60
141 167 8.04
141 168 7.34
141 169 6.25
141 170 5.17
141 171 12.57
141 172 12.76
141 173 12.83
141 174 12.82
141 175 12.76
141 176 12.65
141 177 12.50
141 178 12.30
141 179 12.04
141 180 11.69
141 181 11.19
141 182 10.27
141 183 9.26
141 184 13.38
141 185 13.95
141 186 14.33
141 187 14.61
141 188 14.82
141 189 14.96
141 190 15.05
141 191 15.08
141 192 15.04
141 193 14.91
141 194 14.63
141 195 13.95
141 196 13.18
141 197 13.88
141 198 14.74
141 199 15.40
141 200 15.93
141 201 16.38
141 202 16.75
141 203 17.06
141 204 17.31
141 205 17.50
141 206 17.59
141 207 17.54
141 208 17.14
141 209 16.67
141 210 6.38
142 1 16.08
142 2 14.61
142 3 15.80
142 4 16.77
142 5 17.62
142 6 18.38
142 7 19.06
142 8 19.68
142 9 20.25
142 10 20.75
142 11 21.17
142 12 21.49
142 13 21.56
142 14 21.60
142 15 14.15
142 16 15.42
142 17 16.51
142 18 17.49
142 19 18.39
142 20 19.22
142 21 20.00
142 22 20.73
142 23 21.41
142 24 22.04
142 25 22.59
142 26 22.98
142 27 23.38
142 28 13.36
142 29 14.60
142 30 15.72
142 31 16.77
142 32 17.76
142 33 18.70
142 34 19.60
142 35 20.46
142 36 21.29
142 37 22.09
142 38 22.86
142 39 23.55
142 40 24.30
142 41 12.31
142 42 13.39
142 43 14.46
142 44 15.50
142 45 16.52
142 46 17.51
142 47 18.49
142 48 19.45
142 49 20.40
142 50 21.34
142 51 22.28
142 52 23.26
142 53 24.34
142 54 11.08
142 55 11.88
142 56 12.79
142 57 13.75
142 58 14.73
142 59 15.72
142 60 16.72
142 61 17.73
142 62 18.76
142 63 19.80
142 64 20.89
142 65 22.11
142 66 23.48
142 67 9.85
142 68 10.22
142 69 10.84
142 70 11.61
142 71 12.47
142 72 13.40
142 73 14.37
142 74 15.38
142 75 16.43
142 76 17.54
142 77 18.73
142 78 20.15
142 79 21.77
142 80 8.81
142 81 8.62
142 82 8.81
142 83 9.26
142 84 9.89
142 85 10.66
142 86 11.52
142 87 12.48
142 88 13.51
142 89 14.63
142 90 15.89
142 91 17.46
142 92 19.26
142 93 8.22
142 94 7.43
142 95 7.04
142 96 6.99
142 97 7.22
142 98 7.69
142 99 8.35
142 100 9.16
142 101 10.10
142 102 11.19
142 103 12.46
142 104 14.12
142 105 16.05
142 106 8.26
142 107 7.06
142 108 6.12
142 109 5.43
142 110 5.00
142 111 4.89
142 112 5.11
142 113 5.61
142 114 6.37
142 115 7.34
142 116 8.57
142 117 10.27
142 118 12.26
142 119 8.92
142 120 7.69
142 121 6.57
142 122 5.52
142 123 4.53
142 124 3.64
142 125 2.90
142 126 2.49
142 127 2.60
142 128 3.26
142 129 4.36
142 130 6.05
142 131 8.06
142 132 10.00
142 133 9.03
142 134 8.10
142 135 7.19
142 136 6.27
142 137 5.34
142 138 4.39
142 139 3.41
142 140 2.38
142 141 1.27
142 142 0.00
142 143 1.70
142 144 3.71
142 145 11.24
142 146 10.68
142 147 10.09
142 148 9.49
142 149 8.86
142 150 8.22
142 151 7.55
142 152 6.86
142 153 6.12
142 154 5.31
142 155 4.36
142 156 3.04
142 157 2.04
142 158 12.45
142 159 12.32
142 160 12.10
142 161 11.83
142 162 11.52
142 163 11.17
142 164 10.78
142 165 10.36
142 166 9.87
142 167 9.30
142 168 8.57
142 169 7.39
142 170 6.13
142 171 13.48
142 172 13.76
142 173 13.89
142 174 13.93
142 175 13.91
142 176 13.84
142 177 13.72
142 178 13.55
142 179 13.30
142 180 12.96
142 181 12.46
142 182 11.52
142 183 10.45
142 184 14.23
142 185 14.87
142 186 15.31
142 187 15.64
142 188 15.89
142 189 16.08
142 190 16.20
142 191 16.27
142 192 16.26
142 193 16.15
142 194 15.89
142 195 15.22
142 196 14.44
142 197 14.64
142 198 15.57
142 199 16.28
142 200 16.86
142 201 17.35
142 202 17.77
142 203 18.12
142 204 18.41
142 205 18.63
142 206 18.75
142 207 18.73
142 208 18.37
142 209 17.92
142 210 7.44
143 1 16.43
143 2 15.18
143 3 16.41
143 4 17.43
143 5 18.33
143 6 19.15
143 7 19.88
143 8 20.56
143 9 21.18
143 10 21.74
143 11 22.23
143 12 22.62
143 13 22.79
143 14 22.93
143 15 14.60
143 16 15.87
143 17 16.98
143 18 17.99
143 19 18.93
143 20 19.80
143 21 20.63
143 22 21.41
143 23 22.15
143 24 22.84
143 25 23.46
143 26 23.95
143 27 24.47
143 28 13.70
143 29 14.89
143 30 16.00
143 31 17.06
143 32 18.06
143 33 19.03
143 34 19.97
143 35 20.87
143 36 21.75
143 37 22.61
143 38 23.44
143 39 24.24
143 40 25.11
143 41 12.56
143 42 13.55
143 43 14.57
143 44 15.59
143 45 16.60
143 46 17.60
143 47 18.59
143 48 19.58
143 49 20.56
143 50 21.55
143 51 22.56
143 52 23.63
143 53 24.83
143 54 11.32
143 55 11.96
143 56 12.77
143 57 13.66
143 58 14.60
143 59 15.57
143 60 16.57
143 61 17.58
143 62 18.63
143 63 19.71
143 64 20.85
143 65 22.16
143 66 23.63
143 67 10.13
143 68 10.29
143 69 10.76
143 70 11.41
143 71 12.18
143 72 13.05
143 73 13.98
143 74 14.97
143 75 16.02
143 76 17.14
143 77 18.37
143 78 19.87
143 79 21.57
143 80 9.23
143 81 8.80
143 82 8.78
143 83 9.04
143 84 9.52
143 85 10.17
143 86 10.95
143 87 11.85
143 88 12.84
143 89 13.95
143 90 15.22
143 91 16.85
143 92 18.72
143 93 8.85
143 94 7.87
143 95 7.26
143 96 6.96
143 97 6.95
143 98 7.20
143 99 7.69
143 100 8.38
143 101 9.24
143 102 10.27
143 103 11.52
143 104 13.21
143 105 15.19
143 106 9.11
143 107 7.86
143 108 6.80
143 109 5.93
143 110 5.24
143 111 4.81
143 112 4.67
143 113 4.88
143 114 5.41
143 115 6.25
143 116 7.39
143 117 9.09
143 118 11.10
143 119 9.93
143 120 8.76
143 121 7.66
143 122 6.61
143 123 5.60
143 124 4.61
143 125 3.67
143 126 2.82
143 127 2.25
143 128 2.26
143 129 3.04
143 130 4.63
143 131 6.62
143 132 11.09
143 133 10.23
143 134 9.39
143 135 8.55
143 136 7.69
143 137 6.83
143 138 5.93
143 139 5.00
143 140 4.02
143 141 2.94
143 142 1.70
143 143 0.00
143 144 2.01
143 145 12.34
143 146 11.90
143 147 11.41
143 148 10.89
143 149 10.35
143 150 9.77
143 151 9.16
143 152 8.51
143 153 7.81
143 154 7.01
143 155 6.05
143 156 4.63
143 157 3.12
143 158 13.50
143 159 13.50
143 160 13.38
143 161 13.19
143 162 12.96
143 163 12.68
143 164 12.35
143 165 11.97
143 166 11.53
143 167 10.99
143 168 10.27
143 169 9.08
143 170 7.75
143 171 14.45
143 172 14.85
143 173 15.08
143 174 15.20
143 175 15.26
143 176 15.26
143 177 15.20
143 178 15.08
143 179 14.89
143 180 14.59
143 181 14.12
143 182 13.21
143 183 12.15
143 184 15.10
143 185 15.84
143 186 16.37
143 187 16.78
143 188 17.11
143 189 17.36
143 190 17.55
143 191 17.67
143 192 17.72
143 193 17.67
143 194 17.46
143 195 16.85
143 196 16.12
143 197 15.39
143 198 16.40
143 199 17.18
143 200 17.84
143 201 18.39
143 202 18.88
143 203 19.29
143 204 19.64
143 205 19.92
143 206 20.11
143 207 20.15
143 208 19.87
143 209 19.50
143 210 8.70
144 1 16.84
144 2 15.87
144 3 17.13
144 4 18.20
144 5 19.15
144 6 20.01
144 7 20.81
144 8 21.55
144 9 22.23
144 10 22.86
144 11 23.42
144 12 23.90
144 13 24.17
144 14 24.43
144 15 15.15
144 16 16.40
144 17 17.53
144 18 18.56
144 19 19.54
144 20 20.46
144 21 21.33
144 22 22.17
144 23 22.97
144 24 23.73
144 25 24.43
144 26 25.04
144 27 25.68
144 28 14.14
144 29 15.27
144 30 16.35
144 31 17.40
144 32 18.42
144 33 19.41
144 34 20.37
144 35 21.32
144 36 22.25
144 37 23.16
144 38 24.07
144 39 24.98
144 40 25.98
144 41 12.94
144 42 13.80
144 43 14.74
144 44 15.71
144 45 16.70
144 46 17.70
144 47 18.70
144 48 19.71
144 49 20.72
144 50 21.76
144 51 22.83
144 52 24.01
144 53 25.33
144 54 11.70
144 55 12.15
144 56 12.82
144 57 13.62
144 58 14.49
144 59 15.42
144 60 16.39
144 61 17.41
144 62 18.46
144 63 19.56
144 64 20.75
144 65 22.16
144 66 23.75
144 67 10.60
144 68 10.52
144 69 10.78
144 70 11.27
144 71 11.92
144 72 12.70
144 73 13.56
144 74 14.51
144 75 15.54
144 76 16.67
144 77 17.92
144 78 19.50
144 79 21.30
144 80 9.88
144 81 9.22
144 82 8.95
144 83 8.97
144 84 9.25
144 85 9.73
144 86 10.38
144 87 11.17
144 88 12.11
144 89 13.18
144 90 14.44
144 91 16.12
144 92 18.06
144 93 9.75
144 94 8.62
144 95 7.80
144 96 7.24
144 97 6.94
144 98 6.91
144 99 7.15
144 100 7.62
144 101 8.33
144 102 9.26
144 103 10.45
144 104 12.15
144 105 14.16
144 106 10.23
144 107 8.96
144 108 7.85
144 109 6.85
144 110 5.97
144 111 5.24
144 112 4.72
144 113 4.49
144 114 4.63
144 115 5.17
144 116 6.13
144 117 7.75
144 118 9.74
144 119 11.19
144 120 10.10
144 121 9.07
144 122 8.06
144 123 7.05
144 124 6.06
144 125 5.05
144 126 4.06
144 127 3.09
144 128 2.27
144 129 2.04
144 130 3.12
144 131 4.96
144 132 12.40
144 133 11.67
144 134 10.93
144 135 10.18
144 136 9.40
144 137 8.60
144 138 7.77
144 139 6.90
144 140 5.96
144 141 4.92
144 142 3.71
144 143 2.01
144 144 0.00
144 145 13.64
144 146 13.34
144 147 12.97
144 148 12.55
144 149 12.08
144 150 11.58
144 151 11.03
144 152 10.44
144 153 9.78
144 154 9.01
144 155 8.06
144 156 6.62
144 157 4.96
144 158 14.75
144 159 14.88
144 160 14.87
144 161 14.78
144 162 14.63
144 163 14.43
144 164 14.17
144 165 13.85
144 166 13.45
144 167 12.95
144 168 12.27
144 169 11.10
144 170 9.74
144 171 15.60
144 172 16.12
144 173 16.45
144 174 16.68
144 175 16.82
144 176 16.89
144 177 16.90
144 178 16.85
144 179 16.71
144 180 16.47
144 181 16.05
144 182 15.19
144 183 14.16
144 184 16.13
144 185 16.97
144 186 17.60
144 187 18.09
144 188 18.50
144 189 18.83
144 190 19.09
144 191 19.28
144 192 19.39
144 193 19.41
144 194 19.26
144 195 18.72
144 196 18.06
144 197 16.28
144 198 17.36
144 199 18.22
144 200 18.95
144 201 19.58
144 202 20.14
144 203 20.62
144 204 21.04
144 205 21.39
144 206 21.65
144 207 21.77
144 208 21.57
144 209 21.30
144 210 10.23
145 1 8.11
145 2 5.62
145 3 6.26
145 4 6.80
145 5 7.30
145 6 7.78
145 7 8.23
145 8 8.68
145 9 9.11
145 10 9.53
145 11 9.93
145 12 10.29
145 13 10.54
145 14 10.97
145 15 6.16
145 16 6.98
145 17 7.66
145 18 8.26
145 19 8.82
145 20 9.34
145 21 9.84
145 22 10.31
145 23 10.76
145 24 11.17
145 25 11.54
145 26 11.77
145 27 12.14
145 28 6.48
145 29 7.45
145 30 8.25
145 31 8.96
145 32 9.61
145 33 10.22
145 34 10.79
145 35 11.32
145 36 11.83
145 37 12.30
145 38 12.72
145 39 13.00
145 40 13.39
145 41 6.56
145 42 7.66
145 43 8.57
145 44 9.38
145 45 10.12
145 46 10.81
145 47 11.46
145 48 12.07
145 49 12.65
145 50 13.19
145 51 13.68
145 52 14.06
145 53 14.54
145 54 6.39
145 55 7.59
145 56 8.59
145 57 9.48
145 58 10.31
145 59 11.08
145 60 11.80
145 61 12.49
145 62 13.15
145 63 13.78
145 64 14.36
145 65 14.85
145 66 15.45
145 67 5.99
145 68 7.24
145 69 8.31
145 70 9.27
145 71 10.17
145 72 11.00
145 73 11.80
145 74 12.57
145 75 13.30
145 76 14.01
145 77 14.69
145 78 15.31
145 79 16.05
145 80 5.37
145 81 6.64
145 82 7.75
145 83 8.76
145 84 9.70
145 85 10.60
145 86 11.46
145 87 12.29
145 88 13.09
145 89 13.88
145 90 14.64
145 91 15.39
145 92 16.28
145 93 4.56
145 94 5.80
145 95 6.93
145 96 7.97
145 97 8.95
145 98 9.88
145 99 10.79
145 100 11.67
145 101 12.53
145 102 13.38
145 103 14.23
145 104 15.10
145 105 16.12
145 106 3.57
145 107 4.77
145 108 5.89
145 109 6.94
145 110 7.94
145 111 8.90
145 112 9.84
145 113 10.76
145 114 11.66
145 115 12.56
145 116 13.48
145 117 14.45
145 118 15.60
145 119 2.46
145 120 3.58
145 121 4.69
145 122 5.74
145 123 6.75
145 124 7.73
145 125 8.68
145 126 9.62
145 127 10.55
145 128 11.49
145 129 12.45
145 130 13.50
145 131 14.75
145 132 1.25
145 133 2.33
145 134 3.44
145 135 4.49
145 136 5.50
145 137 6.48
145 138 7.43
145 139 8.37
145 140 9.31
145 141 10.26
145 142 11.24
145 143 12.34
145 144 13.64
145 145 0.00
145 146 1.27
145 147 2.38
145 148 3.41
145 149 4.39
145 150 5.34
145 151 6.27
145 152 7.19
145 153 8.10
145 154 9.03
145 155 10.00
145 156 11.09
145 157 12.40
145 158 1.25
145 159 1.39
145 160 2.10
145 161 2.93
145 162 3.78
145 163 4.62
145 164 5.47
145 165 6.31
145 166 7.16
145 167 8.02
145 168 8.92
145 169 9.93
145 170 11.19
145 171 2.46
145 172 2.51
145 173 2.87
145 174 3.39
145 175 3.99
145 176 4.64
145 177 5.33
145 178 6.03
145 179 6.75
145 180 7.49
145 181 8.26
145 182 9.11
145 183 10.23
145 184 3.57
145 185 3.76
145 186 4.07
145 187 4.46
145 188 4.90
145 189 5.39
145 190 5.91
145 191 6.46
145 192 7.03
145 193 7.62
145 194 8.22
145 195 8.85
145 196 9.75
145 197 4.56
145 198 4.93
145 199 5.31
145 200 5.70
145 201 6.11
145 202 6.54
145 203 6.98
145 204 7.43
145 205 7.89
145 206 8.36
145 207 8.81
145 208 9.23
145 209 9.88
145 210 3.95
146 1 9.37
146 2 6.89
146 3 7.52
146 4 8.03
146 5 8.48
146 6 8.89
146 7 9.28
146 8 9.65
146 9 9.99
146 10 10.32
146 11 10.60
146 12 10.83
146 13 10.89
146 14 11.09
146 15 7.40
146 16 8.24
146 17 8.93
146 18 9.52
146 19 10.05
146 20 10.55
146 21 11.01
146 22 11.44
146 23 11.83
146 24 12.18
146 25 12.46
146 26 12.56
146 27 12.76
146 28 7.64
146 29 8.67
146 30 9.50
146 31 10.22
146 32 10.88
146 33 11.49
146 34 12.05
146 35 12.57
146 36 13.06
146 37 13.50
146 38 13.87
146 39 14.08
146 40 14.36
146 41 7.62
146 42 8.77
146 43 9.72
146 44 10.56
146 45 11.33
146 46 12.04
146 47 12.71
146 48 13.33
146 49 13.92
146 50 14.46
146 51 14.94
146 52 15.29
146 53 15.72
146 54 7.31
146 55 8.55
146 56 9.59
146 57 10.53
146 58 11.39
146 59 12.19
146 60 12.95
146 61 13.67
146 62 14.36
146 63 15.01
146 64 15.61
146 65 16.12
146 66 16.72
146 67 6.75
146 68 8.01
146 69 9.12
146 70 10.12
146 71 11.05
146 72 11.93
146 73 12.77
146 74 13.58
146 75 14.35
146 76 15.10
146 77 15.82
146 78 16.49
146 79 17.28
146 80 5.94
146 81 7.19
146 82 8.31
146 83 9.35
146 84 10.33
146 85 11.27
146 86 12.17
146 87 13.05
146 88 13.90
146 89 14.74
146 90 15.57
146 91 16.40
146 92 17.36
146 93 4.93
146 94 6.09
146 95 7.20
146 96 8.26
146 97 9.27
146 98 10.24
146 99 11.19
146 100 12.12
146 101 13.03
146 102 13.94
146 103 14.86
146 104 15.84
146 105 16.97
146 106 3.76
146 107 4.78
146 108 5.84
146 109 6.88
146 110 7.90
146 111 8.90
146 112 9.87
146 113 10.84
146 114 11.80
146 115 12.76
146 116 13.76
146 117 14.85
146 118 16.12
146 119 2.51
146 120 3.29
146 121 4.28
146 122 5.30
146 123 6.32
146 124 7.32
146 125 8.31
146 126 9.29
146 127 10.27
146 128 11.28
146 129 12.32
146 130 13.50
146 131 14.88
146 132 1.39
146 133 1.67
146 134 2.61
146 135 3.63
146 136 4.64
146 137 5.64
146 138 6.63
146 139 7.62
146 140 8.61
146 141 9.62
146 142 10.68
146 143 11.90
146 144 13.34
146 145 1.27
146 146 0.00
146 147 1.12
146 148 2.17
146 149 3.17
146 150 4.15
146 151 5.11
146 152 6.06
146 153 7.02
146 154 8.00
146 155 9.03
146 156 10.23
146 157 11.67
146 158 2.33
146 159 1.67
146 160 1.58
146 161 2.00
146 162 2.67
146 163 3.43
146 164 4.22
146 165 5.05
146 166 5.89
146 167 6.76
146 168 7.69
146 169 8.76
146 170 10.10
146 171 3.58
146 172 3.29
146 173 3.21
146 174 3.33
146 175 3.62
146 176 4.03
146 177 4.53
146 178 5.09
146 179 5.70
146 180 6.35
146 181 7.06
146 182 7.86
146 183 8.96
146 184 4.77
146 185 4.78
146 186 4.86
146 187 5.00
146 188 5.21
146 189 5.48
146 190 5.80
146 191 6.16
146 192 6.56
146 193 6.98
146 194 7.43
146 195 7.87
146 196 8.62
146 197 5.80
146 198 6.09
146 199 6.35
146 200 6.61
146 201 6.88
146 202 7.16
146 203 7.45
146 204 7.74
146 205 8.05
146 206 8.34
146 207 8.62
146 208 8.80
146 209 9.22
146 210 3.24
147 1 10.44
147 2 7.99
147 3 8.64
147 4 9.15
147 5 9.59
147 6 9.98
147 7 10.34
147 8 10.66
147 9 10.96
147 10 11.22
147 11 11.44
147 12 11.57
147 13 11.50
147 14 11.52
147 15 8.45
147 16 9.33
147 17 10.04
147 18 10.64
147 19 11.18
147 20 11.67
147 21 12.12
147 22 12.53
147 23 12.89
147 24 13.21
147 25 13.44
147 26 13.46
147 27 13.54
147 28 8.62
147 29 9.68
147 30 10.55
147 31 11.30
147 32 11.98
147 33 12.60
147 34 13.17
147 35 13.70
147 36 14.18
147 37 14.61
147 38 14.97
147 39 15.14
147 40 15.37
147 41 8.49
147 42 9.68
147 43 10.67
147 44 11.55
147 45 12.34
147 46 13.08
147 47 13.77
147 48 14.41
147 49 15.02
147 50 15.57
147 51 16.07
147 52 16.42
147 53 16.83
147 54 8.07
147 55 9.33
147 56 10.41
147 57 11.37
147 58 12.27
147 59 13.10
147 60 13.89
147 61 14.64
147 62 15.36
147 63 16.04
147 64 16.67
147 65 17.21
147 66 17.83
147 67 7.37
147 68 8.64
147 69 9.76
147 70 10.78
147 71 11.75
147 72 12.66
147 73 13.53
147 74 14.37
147 75 15.19
147 76 15.98
147 77 16.74
147 78 17.47
147 79 18.30
147 80 6.44
147 81 7.63
147 82 8.75
147 83 9.80
147 84 10.81
147 85 11.77
147 86 12.71
147 87 13.62
147 88 14.51
147 89 15.40
147 90 16.28
147 91 17.18
147 92 18.22
147 93 5.31
147 94 6.35
147 95 7.42
147 96 8.46
147 97 9.48
147 98 10.47
147 99 11.45
147 100 12.41
147 101 13.37
147 102 14.33
147 103 15.31
147 104 16.37
147 105 17.59
147 106 4.07
147 107 4.86
147 108 5.82
147 109 6.82
147 110 7.83
147 111 8.83
147 112 9.82
147 113 10.82
147 114 11.82
147 115 12.83
147 116 13.89
147 117 15.08
147 118 16.45
147 119 2.87
147 120 3.21
147 121 4.00
147 122 4.94
147 123 5.92
147 124 6.92
147 125 7.92
147 126 8.93
147 127 9.95
147 128 10.99
147 129 12.10
147 130 13.38
147 131 14.87
147 132 2.10
147 133 1.58
147 134 2.04
147 135 2.91
147 136 3.88
147 137 4.88
147 138 5.88
147 139 6.89
147 140 7.91
147 141 8.97
147 142 10.09
147 143 11.41
147 144 12.97
147 145 2.38
147 146 1.12
147 147 0.00
147 148 1.05
147 149 2.07
147 150 3.06
147 151 4.03
147 152 5.01
147 153 6.00
147 154 7.02
147 155 8.10
147 156 9.39
147 157 10.93
147 158 3.44
147 159 2.61
147 160 2.04
147 161 1.83
147 162 2.05
147 163 2.56
147 164 3.23
147 165 3.98
147 166 4.79
147 167 5.64
147 168 6.56
147 169 7.66
147 170 9.06
147 171 4.69
147 172 4.28
147 173 4.00
147 174 3.86
147 175 3.85
147 176 3.98
147 177 4.23
147 178 4.59
147 179 5.03
147 180 5.54
147 181 6.12
147 182 6.80
147 183 7.85
147 184 5.89
147 185 5.84
147 186 5.82
147 187 5.83
147 188 5.89
147 189 5.99
147 190 6.14
147 191 6.32
147 192 6.54
147 193 6.78
147 194 7.04
147 195 7.26
147 196 7.80
147 197 6.93
147 198 7.20
147 199 7.42
147 200 7.61
147 201 7.80
147 202 7.98
147 203 8.17
147 204 8.35
147 205 8.53
147 206 8.69
147 207 8.81
147 208 8.78
147 209 8.94
147 210 2.74
148 1 11.41
148 2 8.98
148 3 9.67
148 4 10.20
148 5 10.65
148 6 11.03
148 7 11.38
148 8 11.68
148 9 11.95
148 10 12.18
148 11 12.35
148 12 12.42
148 13 12.25
148 14 12.14
148 15 9.39
148 16 10.31
148 17 11.05
148 18 11.67
148 19 12.22
148 20 12.72
148 21 13.17
148 22 13.58
148 23 13.93
148 24 14.23
148 25 14.43
148 26 14.41
148 27 14.42
148 28 9.48
148 29 10.59
148 30 11.49
148 31 12.27
148 32 12.97
148 33 13.61
148 34 14.19
148 35 14.74
148 36 15.23
148 37 15.67
148 38 16.02
148 39 16.18
148 40 16.38
148 41 9.26
148 42 10.48
148 43 11.51
148 44 12.41
148 45 13.24
148 46 14.00
148 47 14.71
148 48 15.38
148 49 16.01
148 50 16.58
148 51 17.10
148 52 17.46
148 53 17.89
148 54 8.74
148 55 10.01
148 56 11.11
148 57 12.10
148 58 13.02
148 59 13.89
148 60 14.71
148 61 15.49
148 62 16.23
148 63 16.94
148 64 17.61
148 65 18.18
148 66 18.85
148 67 7.94
148 68 9.18
148 69 10.30
148 70 11.35
148 71 12.33
148 72 13.27
148 73 14.17
148 74 15.05
148 75 15.89
148 76 16.72
148 77 17.53
148 78 18.31
148 79 19.21
148 80 6.90
148 81 8.03
148 82 9.12
148 83 10.17
148 84 11.19
148 85 12.17
148 86 13.13
148 87 14.08
148 88 15.01
148 89 15.93
148 90 16.86
148 91 17.84
148 92 18.95
148 93 5.70
148 94 6.61
148 95 7.61
148 96 8.63
148 97 9.64
148 98 10.64
148 99 11.63
148 100 12.62
148 101 13.61
148 102 14.61
148 103 15.64
148 104 16.78
148 105 18.09
148 106 4.45
148 107 5.00
148 108 5.83
148 109 6.76
148 110 7.74
148 111 8.73
148 112 9.73
148 113 10.75
148 114 11.77
148 115 12.82
148 116 13.93
148 117 15.21
148 118 16.68
148 119 3.39
148 120 3.33
148 121 3.86
148 122 4.65
148 123 5.57
148 124 6.53
148 125 7.53
148 126 8.55
148 127 9.59
148 128 10.67
148 129 11.83
148 130 13.19
148 131 14.78
148 132 2.93
148 133 2.00
148 134 1.83
148 135 2.37
148 136 3.22
148 137 4.17
148 138 5.16
148 139 6.18
148 140 7.22
148 141 8.31
148 142 9.49
148 143 10.89
148 144 12.55
148 145 3.41
148 146 2.17
148 147 1.05
148 148 0.00
148 149 1.02
148 150 2.02
148 151 3.01
148 152 4.00
148 153 5.01
148 154 6.06
148 155 7.19
148 156 8.55
148 157 10.18
148 158 4.49
148 159 3.63
148 160 2.91
148 161 2.37
148 162 2.09
148 163 2.16
148 164 2.53
148 165 3.12
148 166 3.82
148 167 4.62
148 168 5.52
148 169 6.61
148 170 8.05
148 171 5.74
148 172 5.30
148 173 4.94
148 174 4.65
148 175 4.46
148 176 4.37
148 177 4.38
148 178 4.50
148 179 4.72
148 180 5.03
148 181 5.43
148 182 5.93
148 183 6.85
148 184 6.94
148 185 6.88
148 186 6.82
148 187 6.76
148 188 6.73
148 189 6.72
148 190 6.74
148 191 6.78
148 192 6.85
148 193 6.92
148 194 6.99
148 195 6.96
148 196 7.24
148 197 7.97
148 198 8.26
148 199 8.46
148 200 8.63
148 201 8.77
148 202 8.90
148 203 9.02
148 204 9.13
148 205 9.22
148 206 9.27
148 207 9.26
148 208 9.04
148 209 8.97
148 210 2.49
149 1 12.30
149 2 9.91
149 3 10.64
149 4 11.19
149 5 11.65
149 6 12.05
149 7 12.39
149 8 12.69
149 9 12.95
149 10 13.16
149 11 13.30
149 12 13.34
149 13 13.10
149 14 12.89
149 15 10.26
149 16 11.22
149 17 11.98
149 18 12.64
149 19 13.21
149 20 13.72
149 21 14.18
149 22 14.59
149 23 14.95
149 24 15.24
149 25 15.44
149 26 15.38
149 27 15.34
149 28 10.28
149 29 11.41
149 30 12.35
149 31 13.16
149 32 13.88
149 33 14.55
149 34 15.15
149 35 15.71
149 36 16.22
149 37 16.67
149 38 17.03
149 39 17.20
149 40 17.39
149 41 9.97
149 42 11.21
149 43 12.26
149 44 13.19
149 45 14.05
149 46 14.84
149 47 15.58
149 48 16.27
149 49 16.92
149 50 17.52
149 51 18.06
149 52 18.45
149 53 18.89
149 54 9.35
149 55 10.62
149 56 11.73
149 57 12.75
149 58 13.69
149 59 14.59
149 60 15.43
149 61 16.24
149 62 17.02
149 63 17.76
149 64 18.46
149 65 19.08
149 66 19.79
149 67 8.46
149 68 9.67
149 69 10.79
149 70 11.84
149 71 12.84
149 72 13.80
149 73 14.73
149 74 15.63
149 75 16.51
149 76 17.37
149 77 18.22
149 78 19.06
149 79 20.02
149 80 7.35
149 81 8.40
149 82 9.46
149 83 10.50
149 84 11.51
149 85 12.51
149 86 13.49
149 87 14.46
149 88 15.42
149 89 16.38
149 90 17.35
149 91 18.39
149 92 19.58
149 93 6.11
149 94 6.88
149 95 7.80
149 96 8.77
149 97 9.76
149 98 10.76
149 99 11.76
149 100 12.77
149 101 13.78
149 102 14.81
149 103 15.89
149 104 17.11
149 105 18.50
149 106 4.90
149 107 5.21
149 108 5.89
149 109 6.73
149 110 7.65
149 111 8.62
149 112 9.62
149 113 10.64
149 114 11.68
149 115 12.76
149 116 13.91
149 117 15.26
149 118 16.82
149 119 3.99
149 120 3.62
149 121 3.85
149 122 4.46
149 123 5.26
149 124 6.18
149 125 7.15
149 126 8.16
149 127 9.21
149 128 10.32
149 129 11.51
149 130 12.96
149 131 14.63
149 132 3.78
149 133 2.67
149 134 2.05
149 135 2.09
149 136 2.68
149 137 3.53
149 138 4.48
149 139 5.48
149 140 6.54
149 141 7.65
149 142 8.86
149 143 10.35
149 144 12.08
149 145 4.39
149 146 3.17
149 147 2.07
149 148 1.02
149 149 0.00
149 150 1.00
149 151 2.00
149 152 3.01
149 153 4.03
149 154 5.11
149 155 6.27
149 156 7.69
149 157 9.40
149 158 5.50
149 159 4.64
149 160 3.88
149 161 3.22
149 162 2.68
149 163 2.34
149 164 2.29
149 165 2.54
149 166 3.04
149 167 3.71
149 168 4.53
149 169 5.60
149 170 7.05
149 171 6.75
149 172 6.32
149 173 5.92
149 174 5.57
149 175 5.27
149 176 5.03
149 177 4.86
149 178 4.77
149 179 4.77
149 180 4.84
149 181 5.00
149 182 5.24
149 183 5.97
149 184 7.94
149 185 7.90
149 186 7.83
149 187 7.74
149 188 7.65
149 189 7.58
149 190 7.51
149 191 7.45
149 192 7.40
149 193 7.33
149 194 7.22
149 195 6.95
149 196 6.94
149 197 8.95
149 198 9.27
149 199 9.48
149 200 9.64
149 201 9.76
149 202 9.86
149 203 9.94
149 204 10.00
149 205 10.03
149 206 10.00
149 207 9.89
149 208 9.52
149 209 9.25
149 210 2.52
150 1 13.14
150 2 10.78
150 3 11.56
150 4 12.14
150 5 12.63
150 6 13.04
150 7 13.39
150 8 13.69
150 9 13.95
150 10 14.15
150 11 14.28
150 12 14.30
150 13 14.01
150 14 13.73
150 15 11.07
150 16 12.07
150 17 12.87
150 18 13.55
150 19 14.15
150 20 14.68
150 21 15.15
150 22 15.58
150 23 15.95
150 24 16.25
150 25 16.44
150 26 16.37
150 27 16.31
150 28 11.02
150 29 12.19
150 30 13.15
150 31 13.99
150 32 14.74
150 33 15.43
150 34 16.06
150 35 16.64
150 36 17.17
150 37 17.64
150 38 18.02
150 39 18.19
150 40 18.39
150 41 10.63
150 42 11.89
150 43 12.96
150 44 13.92
150 45 14.79
150 46 15.61
150 47 16.38
150 48 17.10
150 49 17.77
150 50 18.40
150 51 18.96
150 52 19.39
150 53 19.87
150 54 9.93
150 55 11.19
150 56 12.31
150 57 13.34
150 58 14.31
150 59 15.22
150 60 16.09
150 61 16.93
150 62 17.73
150 63 18.51
150 64 19.24
150 65 19.91
150 66 20.67
150 67 8.96
150 68 10.12
150 69 11.23
150 70 12.28
150 71 13.29
150 72 14.27
150 73 15.22
150 74 16.15
150 75 17.05
150 76 17.95
150 77 18.84
150 78 19.74
150 79 20.76
150 80 7.79
150 81 8.75
150 82 9.76
150 83 10.78
150 84 11.79
150 85 12.80
150 86 13.79
150 87 14.77
150 88 15.76
150 89 16.75
150 90 17.77
150 91 18.88
150 92 20.14
150 93 6.54
150 94 7.16
150 95 7.98
150 96 8.90
150 97 9.86
150 98 10.85
150 99 11.85
150 100 12.87
150 101 13.90
150 102 14.96
150 103 16.08
150 104 17.36
150 105 18.83
150 106 5.39
150 107 5.48
150 108 5.99
150 109 6.72
150 110 7.58
150 111 8.51
150 112 9.48
150 113 10.50
150 114 11.55
150 115 12.65
150 116 13.84
150 117 15.26
150 118 16.89
150 119 4.64
150 120 4.03
150 121 3.98
150 122 4.37
150 123 5.03
150 124 5.85
150 125 6.77
150 126 7.77
150 127 8.82
150 128 9.94
150 129 11.17
150 130 12.68
150 131 14.43
150 132 4.62
150 133 3.43
150 134 2.56
150 135 2.16
150 136 2.35
150 137 2.98
150 138 3.84
150 139 4.81
150 140 5.85
150 141 6.98
150 142 8.22
150 143 9.77
150 144 11.58
150 145 5.34
150 146 4.15
150 147 3.06
150 148 2.02
150 149 1.00
150 150 0.00
150 151 1.00
150 152 2.02
150 153 3.06
150 154 4.15
150 155 5.34
150 156 6.83
150 157 8.60
150 158 6.48
150 159 5.64
150 160 4.88
150 161 4.17
150 162 3.53
150 163 2.98
150 164 2.59
150 165 2.43
150 166 2.56
150 167 2.98
150 168 3.64
150 169 4.61
150 170 6.06
150 171 7.73
150 172 7.32
150 173 6.92
150 174 6.53
150 175 6.18
150 176 5.85
150 177 5.57
150 178 5.33
150 179 5.13
150 180 4.99
150 181 4.89
150 182 4.81
150 183 5.24
150 184 8.90
150 185 8.90
150 186 8.83
150 187 8.73
150 188 8.62
150 189 8.51
150 190 8.39
150 191 8.26
150 192 8.11
150 193 7.94
150 194 7.69
150 195 7.20
150 196 6.91
150 197 9.88
150 198 10.24
150 199 10.47
150 200 10.64
150 201 10.76
150 202 10.85
150 203 10.91
150 204 10.93
150 205 10.92
150 206 10.84
150 207 10.66
150 208 10.17
150 209 9.73
150 210 2.81
151 1 13.93
151 2 11.62
151 3 12.44
151 4 13.06
151 5 13.57
151 6 14.00
151 7 14.37
151 8 14.69
151 9 14.95
151 10 15.15
151 11 15.28
151 12 15.28
151 13 14.98
151 14 14.64
151 15 11.84
151 16 12.89
151 17 13.72
151 18 14.43
151 19 15.05
151 20 15.60
151 21 16.10
151 22 16.54
151 23 16.92
151 24 17.24
151 25 17.44
151 26 17.37
151 27 17.30
151 28 11.72
151 29 12.91
151 30 13.90
151 31 14.77
151 32 15.55
151 33 16.27
151 34 16.92
151 35 17.53
151 36 18.08
151 37 18.57
151 38 18.97
151 39 19.17
151 40 19.39
151 41 11.25
151 42 12.51
151 43 13.60
151 44 14.58
151 45 15.49
151 46 16.33
151 47 17.12
151 48 17.87
151 49 18.57
151 50 19.23
151 51 19.83
151 52 20.29
151 53 20.81
151 54 10.47
151 55 11.71
151 56 12.83
151 57 13.88
151 58 14.86
151 59 15.80
151 60 16.69
151 61 17.56
151 62 18.39
151 63 19.20
151 64 19.97
151 65 20.69
151 66 21.50
151 67 9.43
151 68 10.55
151 69 11.63
151 70 12.68
151 71 13.70
151 72 14.69
151 73 15.65
151 74 16.60
151 75 17.54
151 76 18.46
151 77 19.39
151 78 20.35
151 79 21.44
151 80 8.23
151 81 9.09
151 82 10.05
151 83 11.04
151 84 12.03
151 85 13.04
151 86 14.03
151 87 15.04
151 88 16.04
151 89 17.06
151 90 18.12
151 91 19.29
151 92 20.62
151 93 6.98
151 94 7.44
151 95 8.17
151 96 9.02
151 97 9.94
151 98 10.91
151 99 11.90
151 100 12.92
151 101 13.96
151 102 15.05
151 103 16.20
151 104 17.55
151 105 19.09
151 106 5.91
151 107 5.80
151 108 6.14
151 109 6.74
151 110 7.51
151 111 8.39
151 112 9.33
151 113 10.33
151 114 11.38
151 115 12.50
151 116 13.72
151 117 15.20
151 118 16.90
151 119 5.33
151 120 4.53
151 121 4.23
151 122 4.38
151 123 4.86
151 124 5.57
151 125 6.42
151 126 7.37
151 127 8.41
151 128 9.53
151 129 10.78
151 130 12.35
151 131 14.17
151 132 5.47
151 133 4.22
151 134 3.23
151 135 2.53
151 136 2.29
151 137 2.59
151 138 3.27
151 139 4.16
151 140 5.17
151 141 6.29
151 142 7.55
151 143 9.16
151 144 11.03
151 145 6.27
151 146 5.11
151 147 4.03
151 148 3.01
151 149 2.00
151 150 1.00
151 151 0.00
151 152 1.02
151 153 2.07
151 154 3.17
151 155 4.39
151 156 5.93
151 157 7.77
151 158 7.43
151 159 6.63
151 160 5.88
151 161 5.16
151 162 4.48
151 163 3.84
151 164 3.27
151 165 2.81
151 166 2.55
151 167 2.56
151 168 2.90
151 169 3.67
151 170 5.05
151 171 8.68
151 172 8.31
151 173 7.92
151 174 7.53
151 175 7.15
151 176 6.78
151 177 6.42
151 178 6.08
151 179 5.75
151 180 5.44
151 181 5.11
151 182 4.67
151 183 4.72
151 184 9.84
151 185 9.87
151 186 9.82
151 187 9.73
151 188 9.62
151 189 9.48
151 190 9.33
151 191 9.16
151 192 8.96
151 193 8.70
151 194 8.35
151 195 7.69
151 196 7.15
151 197 10.79
151 198 11.19
151 199 11.45
151 200 11.63
151 201 11.76
151 202 11.85
151 203 11.90
151 204 11.91
151 205 11.87
151 206 11.76
151 207 11.52
151 208 10.95
151 209 10.38
151 210 3.29
152 1 14.67
152 2 12.43
152 3 13.29
152 4 13.95
152 5 14.49
152 6 14.95
152 7 15.34
152 8 15.67
152 9 15.95
152 10 16.16
152 11 16.30
152 12 16.30
152 13 15.99
152 14 15.63
152 15 12.58
152 16 13.66
152 17 14.53
152 18 15.27
152 19 15.92
152 20 16.50
152 21 17.02
152 22 17.49
152 23 17.89
152 24 18.22
152 25 18.43
152 26 18.39
152 27 18.32
152 28 12.38
152 29 13.60
152 30 14.62
152 31 15.51
152 32 16.32
152 33 17.06
152 34 17.75
152 35 18.38
152 36 18.96
152 37 19.47
152 38 19.90
152 39 20.13
152 40 20.38
152 41 11.83
152 42 13.10
152 43 14.21
152 44 15.21
152 45 16.13
152 46 17.00
152 47 17.82
152 48 18.60
152 49 19.33
152 50 20.02
152 51 20.65
152 52 21.16
152 53 21.72
152 54 10.98
152 55 12.20
152 56 13.32
152 57 14.37
152 58 15.37
152 59 16.32
152 60 17.24
152 61 18.13
152 62 18.99
152 63 19.83
152 64 20.64
152 65 21.42
152 66 22.29
152 67 9.89
152 68 10.94
152 69 12.00
152 70 13.03
152 71 14.05
152 72 15.05
152 73 16.03
152 74 17.00
152 75 17.96
152 76 18.92
152 77 19.89
152 78 20.91
152 79 22.06
152 80 8.65
152 81 9.41
152 82 10.31
152 83 11.26
152 84 12.24
152 85 13.23
152 86 14.23
152 87 15.24
152 88 16.27
152 89 17.31
152 90 18.41
152 91 19.64
152 92 21.04
152 93 7.43
152 94 7.74
152 95 8.35
152 96 9.13
152 97 10.00
152 98 10.93
152 99 11.91
152 100 12.93
152 101 13.98
152 102 15.08
152 103 16.27
152 104 17.67
152 105 19.28
152 106 6.46
152 107 6.16
152 108 6.32
152 109 6.78
152 110 7.45
152 111 8.26
152 112 9.16
152 113 10.13
152 114 11.18
152 115 12.30
152 116 13.54
152 117 15.08
152 118 16.85
152 119 6.03
152 120 5.09
152 121 4.59
152 122 4.50
152 123 4.77
152 124 5.32
152 125 6.08
152 126 6.97
152 127 7.97
152 128 9.09
152 129 10.36
152 130 11.97
152 131 13.85
152 132 6.31
152 133 5.05
152 134 3.98
152 135 3.12
152 136 2.54
152 137 2.43
152 138 2.81
152 139 3.55
152 140 4.49
152 141 5.59
152 142 6.86
152 143 8.51
152 144 10.44
152 145 7.19
152 146 6.06
152 147 5.01
152 148 4.00
152 149 3.01
152 150 2.02
152 151 1.02
152 152 0.00
152 153 1.05
152 154 2.17
152 155 3.41
152 156 5.00
152 157 6.90
152 158 8.37
152 159 7.62
152 160 6.89
152 161 6.18
152 162 5.48
152 163 4.81
152 164 4.16
152 165 3.55
152 166 3.02
152 167 2.62
152 168 2.49
152 169 2.82
152 170 4.06
152 171 9.62
152 172 9.29
152 173 8.92
152 174 8.54
152 175 8.16
152 176 7.77
152 177 7.37
152 178 6.97
152 179 6.56
152 180 6.12
152 181 5.61
152 182 4.88
152 183 4.49
152 184 10.76
152 185 10.84
152 186 10.82
152 187 10.74
152 188 10.64
152 189 10.50
152 190 10.33
152 191 10.13
152 192 9.89
152 193 9.59
152 194 9.16
152 195 8.38
152 196 7.63
152 197 11.67
152 198 12.12
152 199 12.41
152 200 12.62
152 201 12.77
152 202 12.87
152 203 12.92
152 204 12.93
152 205 12.87
152 206 12.74
152 207 12.48
152 208 11.85
152 209 11.17
152 210 3.89
153 1 15.39
153 2 13.21
153 3 14.12
153 4 14.81
153 5 15.39
153 6 15.88
153 7 16.30
153 8 16.66
153 9 16.95
153 10 17.19
153 11 17.33
153 12 17.35
153 13 17.04
153 14 16.67
153 15 13.29
153 16 14.41
153 17 15.31
153 18 16.08
153 19 16.76
153 20 17.37
153 21 17.92
153 22 18.41
153 23 18.84
153 24 19.19
153 25 19.44
153 26 19.41
153 27 19.36
153 28 13.01
153 29 14.25
153 30 15.29
153 31 16.22
153 32 17.05
153 33 17.82
153 34 18.54
153 35 19.20
153 36 19.80
153 37 20.35
153 38 20.81
153 39 21.09
153 40 21.37
153 41 12.39
153 42 13.65
153 43 14.77
153 44 15.79
153 45 16.74
153 46 17.63
153 47 18.47
153 48 19.27
153 49 20.04
153 50 20.76
153 51 21.43
153 52 21.99
153 53 22.60
153 54 11.47
153 55 12.65
153 56 13.76
153 57 14.82
153 58 15.82
153 59 16.79
153 60 17.73
153 61 18.65
153 62 19.54
153 63 20.41
153 64 21.26
153 65 22.10
153 66 23.03
153 67 10.32
153 68 11.31
153 69 12.32
153 70 13.34
153 71 14.36
153 72 15.36
153 73 16.35
153 74 17.33
153 75 18.32
153 76 19.31
153 77 20.31
153 78 21.40
153 79 22.61
153 80 9.07
153 81 9.72
153 82 10.54
153 83 11.44
153 84 12.39
153 85 13.37
153 86 14.37
153 87 15.39
153 88 16.43
153 89 17.50
153 90 18.63
153 91 19.92
153 92 21.39
153 93 7.89
153 94 8.04
153 95 8.53
153 96 9.22
153 97 10.03
153 98 10.92
153 99 11.87
153 100 12.88
153 101 13.93
153 102 15.04
153 103 16.26
153 104 17.72
153 105 19.39
153 106 7.03
153 107 6.56
153 108 6.54
153 109 6.85
153 110 7.39
153 111 8.11
153 112 8.95
153 113 9.89
153 114 10.92
153 115 12.04
153 116 13.30
153 117 14.89
153 118 16.71
153 119 6.75
153 120 5.70
153 121 5.03
153 122 4.72
153 123 4.77
153 124 5.13
153 125 5.75
153 126 6.56
153 127 7.51
153 128 8.60
153 129 9.87
153 130 11.53
153 131 13.45
153 132 7.16
153 133 5.89
153 134 4.79
153 135 3.82
153 136 3.04
153 137 2.56
153 138 2.55
153 139 3.02
153 140 3.83
153 141 4.86
153 142 6.12
153 143 7.81
153 144 9.78
153 145 8.10
153 146 7.02
153 147 6.00
153 148 5.01
153 149 4.03
153 150 3.06
153 151 2.07
153 152 1.05
153 153 0.00
153 154 1.12
153 155 2.38
153 156 4.02
153 157 5.96
153 158 9.31
153 159 8.61
153 160 7.91
153 161 7.22
153 162 6.54
153 163 5.85
153 164 5.17
153 165 4.49
153 166 3.83
153 167 3.18
153 168 2.60
153 169 2.25
153 170 3.09
153 171 10.55
153 172 10.28
153 173 9.95
153 174 9.59
153 175 9.21
153 176 8.82
153 177 8.41
153 178 7.97
153 179 7.51
153 180 6.99
153 181 6.37
153 182 5.41
153 183 4.63
153 184 11.66
153 185 11.80
153 186 11.82
153 187 11.77
153 188 11.68
153 189 11.55
153 190 11.38
153 191 11.18
153 192 10.92
153 193 10.58
153 194 10.10
153 195 9.24
153 196 8.33
153 197 12.53
153 198 13.03
153 199 13.37
153 200 13.61
153 201 13.78
153 202 13.90
153 203 13.97
153 204 13.98
153 205 13.93
153 206 13.79
153 207 13.51
153 208 12.84
153 209 12.11
153 210 4.57
154 1 16.06
154 2 13.97
154 3 14.92
154 4 15.67
154 5 16.28
154 6 16.81
154 7 17.26
154 8 17.65
154 9 17.97
154 10 18.23
154 11 18.40
154 12 18.44
154 13 18.15
154 14 17.79
154 15 13.97
154 16 15.12
154 17 16.06
154 18 16.87
154 19 17.58
154 20 18.23
154 21 18.81
154 22 19.33
154 23 19.79
154 24 20.17
154 25 20.45
154 26 20.46
154 27 20.45
154 28 13.60
154 29 14.86
154 30 15.93
154 31 16.88
154 32 17.74
154 33 18.55
154 34 19.29
154 35 19.98
154 36 20.62
154 37 21.21
154 38 21.71
154 39 22.03
154 40 22.36
154 41 12.90
154 42 14.16
154 43 15.28
154 44 16.31
154 45 17.28
154 46 18.20
154 47 19.07
154 48 19.90
154 49 20.70
154 50 21.46
154 51 22.17
154 52 22.79
154 53 23.47
154 54 11.91
154 55 13.06
154 56 14.15
154 57 15.20
154 58 16.22
154 59 17.20
154 60 18.16
154 61 19.10
154 62 20.02
154 63 20.92
154 64 21.82
154 65 22.72
154 66 23.72
154 67 10.73
154 68 11.63
154 69 12.60
154 70 13.59
154 71 14.59
154 72 15.59
154 73 16.59
154 74 17.59
154 75 18.60
154 76 19.61
154 77 20.66
154 78 21.81
154 79 23.10
154 80 9.48
154 81 9.99
154 82 10.73
154 83 11.57
154 84 12.49
154 85 13.44
154 86 14.43
154 87 15.45
154 88 16.50
154 89 17.59
154 90 18.75
154 91 20.11
154 92 21.65
154 93 8.36
154 94 8.34
154 95 8.69
154 96 9.27
154 97 10.01
154 98 10.84
154 99 11.76
154 100 12.74
154 101 13.79
154 102 14.91
154 103 16.15
154 104 17.67
154 105 19.41
154 106 7.62
154 107 6.98
154 108 6.78
154 109 6.92
154 110 7.33
154 111 7.94
154 112 8.70
154 113 9.59
154 114 10.58
154 115 11.69
154 116 12.96
154 117 14.59
154 118 16.47
154 119 7.49
154 120 6.35
154 121 5.54
154 122 5.03
154 123 4.84
154 124 4.99
154 125 5.44
154 126 6.12
154 127 6.99
154 128 8.04
154 129 9.30
154 130 10.99
154 131 12.95
154 132 8.02
154 133 6.76
154 134 5.64
154 135 4.62
154 136 3.71
154 137 2.98
154 138 2.56
154 139 2.62
154 140 3.18
154 141 4.10
154 142 5.31
154 143 7.01
154 144 9.01
154 145 9.03
154 146 8.00
154 147 7.02
154 148 6.06
154 149 5.11
154 150 4.15
154 151 3.17
154 152 2.17
154 153 1.12
154 154 0.00
154 155 1.27
154 156 2.94
154 157 4.92
154 158 10.26
154 159 9.62
154 160 8.97
154 161 8.31
154 162 7.65
154 163 6.98
154 164 6.29
154 165 5.59
154 166 4.86
154 167 4.10
154 168 3.26
154 169 2.26
154 170 2.27
154 171 11.49
154 172 11.28
154 173 10.99
154 174 10.67
154 175 10.32
154 176 9.94
154 177 9.53
154 178 9.09
154 179 8.60
154 180 8.04
154 181 7.34
154 182 6.25
154 183 5.17
154 184 12.56
154 185 12.76
154 186 12.83
154 187 12.82
154 188 12.76
154 189 12.65
154 190 12.50
154 191 12.30
154 192 12.04
154 193 11.69
154 194 11.19
154 195 10.27
154 196 9.26
154 197 13.38
154 198 13.94
154 199 14.33
154 200 14.61
154 201 14.81
154 202 14.96
154 203 15.05
154 204 15.08
154 205 15.04
154 206 14.91
154 207 14.63
154 208 13.95
154 209 13.18
154 210 5.32
155 1 16.69
155 2 14.70
155 3 15.71
155 4 16.51
155 5 17.17
155 6 17.74
155 7 18.23
155 8 18.66
155 9 19.03
155 10 19.32
155 11 19.53
155 12 19.60
155 13 19.35
155 14 19.03
155 15 14.61
155 16 15.80
155 17 16.77
155 18 17.62
155 19 18.38
155 20 19.06
155 21 19.68
155 22 20.25
155 23 20.75
155 24 21.17
155 25 21.49
155 26 21.56
155 27 21.60
155 28 14.15
155 29 15.42
155 30 16.51
155 31 17.49
155 32 18.39
155 33 19.22
155 34 20.00
155 35 20.73
155 36 21.41
155 37 22.04
155 38 22.59
155 39 22.98
155 40 23.38
155 41 13.36
155 42 14.60
155 43 15.72
155 44 16.77
155 45 17.76
155 46 18.70
155 47 19.60
155 48 20.46
155 49 21.30
155 50 22.09
155 51 22.86
155 52 23.55
155 53 24.30
155 54 12.31
155 55 13.39
155 56 14.46
155 57 15.50
155 58 16.52
155 59 17.51
155 60 18.49
155 61 19.45
155 62 20.40
155 63 21.34
155 64 22.28
155 65 23.26
155 66 24.34
155 67 11.08
155 68 11.88
155 69 12.79
155 70 13.75
155 71 14.73
155 72 15.72
155 73 16.72
155 74 17.73
155 75 18.76
155 76 19.80
155 77 20.89
155 78 22.11
155 79 23.48
155 80 9.85
155 81 10.22
155 82 10.84
155 83 11.61
155 84 12.47
155 85 13.40
155 86 14.37
155 87 15.38
155 88 16.43
155 89 17.54
155 90 18.73
155 91 20.15
155 92 21.77
155 93 8.81
155 94 8.62
155 95 8.81
155 96 9.26
155 97 9.89
155 98 10.66
155 99 11.53
155 100 12.48
155 101 13.51
155 102 14.63
155 103 15.89
155 104 17.46
155 105 19.26
155 106 8.22
155 107 7.43
155 108 7.04
155 109 6.99
155 110 7.22
155 111 7.69
155 112 8.35
155 113 9.16
155 114 10.10
155 115 11.19
155 116 12.46
155 117 14.12
155 118 16.05
155 119 8.26
155 120 7.06
155 121 6.12
155 122 5.43
155 123 5.01
155 124 4.90
155 125 5.11
155 126 5.61
155 127 6.37
155 128 7.34
155 129 8.57
155 130 10.27
155 131 12.27
155 132 8.92
155 133 7.69
155 134 6.57
155 135 5.52
155 136 4.53
155 137 3.64
155 138 2.90
155 139 2.49
155 140 2.60
155 141 3.26
155 142 4.36
155 143 6.05
155 144 8.06
155 145 10.00
155 146 9.03
155 147 8.10
155 148 7.19
155 149 6.27
155 150 5.34
155 151 4.39
155 152 3.41
155 153 2.38
155 154 1.27
155 155 0.00
155 156 1.70
155 157 3.71
155 158 11.24
155 159 10.68
155 160 10.09
155 161 9.49
155 162 8.86
155 163 8.22
155 164 7.55
155 165 6.86
155 166 6.12
155 167 5.31
155 168 4.36
155 169 3.04
155 170 2.04
155 171 12.45
155 172 12.32
155 173 12.10
155 174 11.83
155 175 11.52
155 176 11.17
155 177 10.78
155 178 10.36
155 179 9.87
155 180 9.30
155 181 8.57
155 182 7.39
155 183 6.13
155 184 13.48
155 185 13.76
155 186 13.89
155 187 13.93
155 188 13.91
155 189 13.84
155 190 13.72
155 191 13.54
155 192 13.30
155 193 12.96
155 194 12.46
155 195 11.52
155 196 10.45
155 197 14.23
155 198 14.86
155 199 15.31
155 200 15.64
155 201 15.89
155 202 16.08
155 203 16.20
155 204 16.27
155 205 16.26
155 206 16.15
155 207 15.89
155 208 15.22
155 209 14.44
155 210 6.15
156 1 17.23
156 2 15.40
156 3 16.49
156 4 17.35
156 5 18.08
156 6 18.71
156 7 19.27
156 8 19.76
156 9 20.19
156 10 20.54
156 11 20.81
156 12 20.96
156 13 20.79
156 14 20.55
156 15 15.18
156 16 16.41
156 17 17.43
156 18 18.33
156 19 19.15
156 20 19.88
156 21 20.56
156 22 21.18
156 23 21.74
156 24 22.23
156 25 22.63
156 26 22.79
156 27 22.93
156 28 14.60
156 29 15.87
156 30 16.98
156 31 17.99
156 32 18.93
156 33 19.80
156 34 20.63
156 35 21.41
156 36 22.15
156 37 22.84
156 38 23.46
156 39 23.95
156 40 24.47
156 41 13.70
156 42 14.89
156 43 16.00
156 44 17.06
156 45 18.06
156 46 19.03
156 47 19.97
156 48 20.87
156 49 21.75
156 50 22.61
156 51 23.44
156 52 24.24
156 53 25.11
156 54 12.56
156 55 13.55
156 56 14.57
156 57 15.59
156 58 16.60
156 59 17.60
156 60 18.59
156 61 19.58
156 62 20.56
156 63 21.55
156 64 22.56
156 65 23.63
156 66 24.83
156 67 11.32
156 68 11.96
156 69 12.77
156 70 13.66
156 71 14.60
156 72 15.57
156 73 16.57
156 74 17.58
156 75 18.63
156 76 19.71
156 77 20.85
156 78 22.16
156 79 23.63
156 80 10.13
156 81 10.29
156 82 10.76
156 83 11.41
156 84 12.18
156 85 13.05
156 86 13.98
156 87 14.97
156 88 16.02
156 89 17.14
156 90 18.37
156 91 19.87
156 92 21.57
156 93 9.23
156 94 8.80
156 95 8.78
156 96 9.04
156 97 9.52
156 98 10.17
156 99 10.95
156 100 11.85
156 101 12.84
156 102 13.95
156 103 15.22
156 104 16.85
156 105 18.72
156 106 8.85
156 107 7.87
156 108 7.26
156 109 6.96
156 110 6.95
156 111 7.20
156 112 7.69
156 113 8.38
156 114 9.24
156 115 10.27
156 116 11.51
156 117 13.21
156 118 15.19
156 119 9.11
156 120 7.86
156 121 6.80
156 122 5.93
156 123 5.24
156 124 4.81
156 125 4.67
156 126 4.88
156 127 5.41
156 128 6.25
156 129 7.39
156 130 9.08
156 131 11.10
156 132 9.93
156 133 8.76
156 134 7.66
156 135 6.61
156 136 5.60
156 137 4.61
156 138 3.67
156 139 2.82
156 140 2.25
156 141 2.26
156 142 3.04
156 143 4.63
156 144 6.62
156 145 11.09
156 146 10.23
156 147 9.39
156 148 8.55
156 149 7.69
156 150 6.83
156 151 5.93
156 152 5.00
156 153 4.02
156 154 2.94
156 155 1.70
156 156 0.00
156 157 2.01
156 158 12.34
156 159 11.90
156 160 11.41
156 161 10.89
156 162 10.35
156 163 9.77
156 164 9.16
156 165 8.51
156 166 7.81
156 167 7.01
156 168 6.05
156 169 4.63
156 170 3.12
156 171 13.50
156 172 13.50
156 173 13.38
156 174 13.19
156 175 12.96
156 176 12.68
156 177 12.35
156 178 11.97
156 179 11.53
156 180 10.98
156 181 10.27
156 182 9.09
156 183 7.75
156 184 14.45
156 185 14.85
156 186 15.08
156 187 15.21
156 188 15.26
156 189 15.26
156 190 15.20
156 191 15.08
156 192 14.89
156 193 14.59
156 194 14.12
156 195 13.21
156 196 12.15
156 197 15.10
156 198 15.84
156 199 16.37
156 200 16.78
156 201 17.11
156 202 17.36
156 203 17.55
156 204 17.67
156 205 17.72
156 206 17.67
156 207 17.46
156 208 16.85
156 209 16.12
156 210 7.15
157 1 17.85
157 2 16.24
157 3 17.39
157 4 18.32
157 5 19.12
157 6 19.82
157 7 20.45
157 8 21.00
157 9 21.50
157 10 21.93
157 11 22.27
157 12 22.49
157 13 22.42
157 14 22.29
157 15 15.87
157 16 17.13
157 17 18.20
157 18 19.15
157 19 20.01
157 20 20.81
157 21 21.55
157 22 22.23
157 23 22.86
157 24 23.42
157 25 23.90
157 26 24.17
157 27 24.43
157 28 15.15
157 29 16.40
157 30 17.53
157 31 18.56
157 32 19.54
157 33 20.46
157 34 21.33
157 35 22.17
157 36 22.97
157 37 23.72
157 38 24.43
157 39 25.04
157 40 25.68
157 41 14.14
157 42 15.27
157 43 16.35
157 44 17.40
157 45 18.41
157 46 19.40
157 47 20.37
157 48 21.32
157 49 22.25
157 50 23.16
157 51 24.07
157 52 24.98
157 53 25.98
157 54 12.94
157 55 13.80
157 56 14.74
157 57 15.71
157 58 16.70
157 59 17.70
157 60 18.70
157 61 19.71
157 62 20.72
157 63 21.76
157 64 22.83
157 65 24.01
157 66 25.33
157 67 11.70
157 68 12.15
157 69 12.82
157 70 13.61
157 71 14.49
157 72 15.42
157 73 16.39
157 74 17.41
157 75 18.46
157 76 19.56
157 77 20.75
157 78 22.16
157 79 23.75
157 80 10.60
157 81 10.52
157 82 10.78
157 83 11.27
157 84 11.92
157 85 12.70
157 86 13.56
157 87 14.51
157 88 15.54
157 89 16.67
157 90 17.92
157 91 19.50
157 92 21.30
157 93 9.88
157 94 9.22
157 95 8.94
157 96 8.97
157 97 9.25
157 98 9.73
157 99 10.38
157 100 11.18
157 101 12.11
157 102 13.18
157 103 14.44
157 104 16.12
157 105 18.06
157 106 9.75
157 107 8.62
157 108 7.80
157 109 7.24
157 110 6.94
157 111 6.91
157 112 7.15
157 113 7.62
157 114 8.33
157 115 9.26
157 116 10.45
157 117 12.15
157 118 14.16
157 119 10.23
157 120 8.96
157 121 7.85
157 122 6.85
157 123 5.97
157 124 5.24
157 125 4.72
157 126 4.49
157 127 4.63
157 128 5.17
157 129 6.13
157 130 7.75
157 131 9.74
157 132 11.19
157 133 10.10
157 134 9.06
157 135 8.05
157 136 7.05
157 137 6.05
157 138 5.05
157 139 4.05
157 140 3.09
157 141 2.27
157 142 2.04
157 143 3.12
157 144 4.96
157 145 12.40
157 146 11.67
157 147 10.93
157 148 10.18
157 149 9.40
157 150 8.60
157 151 7.77
157 152 6.90
157 153 5.96
157 154 4.92
157 155 3.71
157 156 2.01
157 157 0.00
157 158 13.64
157 159 13.34
157 160 12.97
157 161 12.55
157 162 12.08
157 163 11.58
157 164 11.03
157 165 10.44
157 166 9.78
157 167 9.01
157 168 8.06
157 169 6.62
157 170 4.96
157 171 14.75
157 172 14.88
157 173 14.87
157 174 14.78
157 175 14.63
157 176 14.43
157 177 14.17
157 178 13.85
157 179 13.45
157 180 12.95
157 181 12.26
157 182 11.10
157 183 9.74
157 184 15.60
157 185 16.12
157 186 16.45
157 187 16.68
157 188 16.82
157 189 16.89
157 190 16.90
157 191 16.85
157 192 16.71
157 193 16.47
157 194 16.05
157 195 15.19
157 196 14.16
157 197 16.12
157 198 16.97
157 199 17.59
157 200 18.09
157 201 18.50
157 202 18.83
157 203 19.09
157 204 19.28
157 205 19.39
157 206 19.41
157 207 19.26
157 208 18.72
157 209 18.06
157 210 8.47
158 1 7.42
158 2 4.87
158 3 5.32
158 4 5.74
158 5 6.15
158 6 6.57
158 7 7.00
158 8 7.43
158 9 7.86
158 10 8.30
158 11 8.73
158 12 9.15
158 13 9.51
158 14 10.08
158 15 5.62
158 16 6.26
158 17 6.80
158 18 7.30
158 19 7.78
158 20 8.23
158 21 8.68
158 22 9.11
158 23 9.53
158 24 9.93
158 25 10.29
158 26 10.54
158 27 10.97
158 28 6.16
158 29 6.98
158 30 7.66
158 31 8.26
158 32 8.82
158 33 9.34
158 34 9.84
158 35 10.31
158 36 10.76
158 37 11.17
158 38 11.54
158 39 11.77
158 40 12.14
158 41 6.48
158 42 7.45
158 43 8.26
158 44 8.96
158 45 9.61
158 46 10.22
158 47 10.79
158 48 11.32
158 49 11.83
158 50 12.30
158 51 12.72
158 52 13.00
158 53 13.39
158 54 6.56
158 55 7.66
158 56 8.57
158 57 9.38
158 58 10.12
158 59 10.81
158 60 11.46
158 61 12.07
158 62 12.65
158 63 13.19
158 64 13.68
158 65 14.06
158 66 14.54
158 67 6.39
158 68 7.59
158 69 8.59
158 70 9.48
158 71 10.31
158 72 11.08
158 73 11.80
158 74 12.49
158 75 13.15
158 76 13.78
158 77 14.36
158 78 14.85
158 79 15.45
158 80 5.99
158 81 7.24
158 82 8.31
158 83 9.28
158 84 10.17
158 85 11.01
158 86 11.80
158 87 12.57
158 88 13.30
158 89 14.01
158 90 14.69
158 91 15.31
158 92 16.05
158 93 5.37
158 94 6.64
158 95 7.75
158 96 8.76
158 97 9.71
158 98 10.60
158 99 11.46
158 100 12.29
158 101 13.09
158 102 13.88
158 103 14.64
158 104 15.39
158 105 16.28
158 106 4.56
158 107 5.80
158 108 6.93
158 109 7.97
158 110 8.95
158 111 9.88
158 112 10.79
158 113 11.67
158 114 12.53
158 115 13.38
158 116 14.23
158 117 15.10
158 118 16.12
158 119 3.57
158 120 4.77
158 121 5.89
158 122 6.94
158 123 7.94
158 124 8.90
158 125 9.84
158 126 10.76
158 127 11.66
158 128 12.56
158 129 13.48
158 130 14.45
158 131 15.60
158 132 2.46
158 133 3.58
158 134 4.69
158 135 5.74
158 136 6.75
158 137 7.73
158 138 8.68
158 139 9.62
158 140 10.55
158 141 11.49
158 142 12.45
158 143 13.50
158 144 14.75
158 145 1.25
158 146 2.33
158 147 3.44
158 148 4.49
158 149 5.50
158 150 6.48
158 151 7.43
158 152 8.37
158 153 9.31
158 154 10.26
158 155 11.24
158 156 12.34
158 157 13.64
158 158 0.00
158 159 1.27
158 160 2.38
158 161 3.41
158 162 4.39
158 163 5.34
158 164 6.27
158 165 7.19
158 166 8.10
158 167 9.03
158 168 10.00
158 169 11.09
158 170 12.40
158 171 1.25
158 172 1.39
158 173 2.10
158 174 2.93
158 175 3.78
158 176 4.62
158 177 5.47
158 178 6.31
158 179 7.16
158 180 8.02
158 181 8.92
158 182 9.93
158 183 11.19
158 184 2.46
158 185 2.51
158 186 2.87
158 187 3.39
158 188 3.99
158 189 4.64
158 190 5.33
158 191 6.03
158 192 6.75
158 193 7.49
158 194 8.26
158 195 9.11
158 196 10.23
158 197 3.57
158 198 3.76
158 199 4.07
158 200 4.45
158 201 4.90
158 202 5.39
158 203 5.91
158 204 6.46
158 205 7.03
158 206 7.62
158 207 8.22
158 208 8.85
158 209 9.75
158 210 5.20
159 1 8.68
159 2 6.13
159 3 6.52
159 4 6.85
159 5 7.15
159 6 7.45
159 7 7.75
159 8 8.05
159 9 8.35
159 10 8.65
159 11 8.93
159 12 9.17
159 13 9.30
159 14 9.63
159 15 6.89
159 16 7.52
159 17 8.03
159 18 8.48
159 19 8.89
159 20 9.28
159 21 9.65
159 22 9.99
159 23 10.31
159 24 10.60
159 25 10.83
159 26 10.89
159 27 11.09
159 28 7.40
159 29 8.24
159 30 8.93
159 31 9.52
159 32 10.05
159 33 10.55
159 34 11.01
159 35 11.44
159 36 11.83
159 37 12.18
159 38 12.46
159 39 12.56
159 40 12.76
159 41 7.65
159 42 8.67
159 43 9.50
159 44 10.22
159 45 10.88
159 46 11.48
159 47 12.05
159 48 12.57
159 49 13.06
159 50 13.50
159 51 13.87
159 52 14.08
159 53 14.36
159 54 7.62
159 55 8.77
159 56 9.72
159 57 10.56
159 58 11.33
159 59 12.04
159 60 12.71
159 61 13.33
159 62 13.92
159 63 14.46
159 64 14.94
159 65 15.29
159 66 15.72
159 67 7.31
159 68 8.55
159 69 9.60
159 70 10.53
159 71 11.39
159 72 12.19
159 73 12.95
159 74 13.67
159 75 14.36
159 76 15.01
159 77 15.61
159 78 16.12
159 79 16.72
159 80 6.75
159 81 8.02
159 82 9.12
159 83 10.12
159 84 11.05
159 85 11.93
159 86 12.77
159 87 13.58
159 88 14.35
159 89 15.10
159 90 15.82
159 91 16.49
159 92 17.28
159 93 5.94
159 94 7.19
159 95 8.31
159 96 9.35
159 97 10.33
159 98 11.27
159 99 12.17
159 100 13.05
159 101 13.90
159 102 14.74
159 103 15.57
159 104 16.40
159 105 17.36
159 106 4.93
159 107 6.09
159 108 7.20
159 109 8.26
159 110 9.27
159 111 10.24
159 112 11.19
159 113 12.12
159 114 13.03
159 115 13.94
159 116 14.87
159 117 15.84
159 118 16.97
159 119 3.77
159 120 4.78
159 121 5.84
159 122 6.88
159 123 7.90
159 124 8.90
159 125 9.87
159 126 10.84
159 127 11.80
159 128 12.76
159 129 13.76
159 130 14.85
159 131 16.12
159 132 2.51
159 133 3.29
159 134 4.28
159 135 5.30
159 136 6.32
159 137 7.32
159 138 8.31
159 139 9.29
159 140 10.28
159 141 11.28
159 142 12.32
159 143 13.50
159 144 14.88
159 145 1.39
159 146 1.67
159 147 2.61
159 148 3.63
159 149 4.64
159 150 5.64
159 151 6.63
159 152 7.62
159 153 8.61
159 154 9.62
159 155 10.68
159 156 11.90
159 157 13.34
159 158 1.27
159 159 0.00
159 160 1.12
159 161 2.17
159 162 3.17
159 163 4.15
159 164 5.11
159 165 6.06
159 166 7.02
159 167 8.00
159 168 9.03
159 169 10.23
159 170 11.67
159 171 2.33
159 172 1.67
159 173 1.58
159 174 2.00
159 175 2.67
159 176 3.42
159 177 4.22
159 178 5.05
159 179 5.89
159 180 6.76
159 181 7.69
159 182 8.76
159 183 10.10
159 184 3.58
159 185 3.29
159 186 3.21
159 187 3.33
159 188 3.62
159 189 4.03
159 190 4.53
159 191 5.09
159 192 5.70
159 193 6.35
159 194 7.06
159 195 7.86
159 196 8.96
159 197 4.77
159 198 4.78
159 199 4.86
159 200 5.00
159 201 5.21
159 202 5.48
159 203 5.80
159 204 6.16
159 205 6.56
159 206 6.98
159 207 7.42
159 208 7.87
159 209 8.62
159 210 4.90
160 1 9.80
160 2 7.25
160 3 7.64
160 4 7.94
160 5 8.20
160 6 8.43
160 7 8.66
160 8 8.88
160 9 9.08
160 10 9.28
160 11 9.44
160 12 9.54
160 13 9.47
160 14 9.56
160 15 7.99
160 16 8.64
160 17 9.15
160 18 9.59
160 19 9.98
160 20 10.34
160 21 10.66
160 22 10.96
160 23 11.22
160 24 11.44
160 25 11.57
160 26 11.50
160 27 11.52
160 28 8.45
160 29 9.33
160 30 10.03
160 31 10.64
160 32 11.18
160 33 11.67
160 34 12.12
160 35 12.52
160 36 12.89
160 37 13.21
160 38 13.44
160 39 13.46
160 40 13.54
160 41 8.62
160 42 9.68
160 43 10.55
160 44 11.30
160 45 11.98
160 46 12.60
160 47 13.17
160 48 13.70
160 49 14.18
160 50 14.61
160 51 14.97
160 52 15.14
160 53 15.37
160 54 8.49
160 55 9.68
160 56 10.67
160 57 11.55
160 58 12.34
160 59 13.08
160 60 13.77
160 61 14.41
160 62 15.02
160 63 15.57
160 64 16.07
160 65 16.41
160 66 16.83
160 67 8.07
160 68 9.33
160 69 10.41
160 70 11.37
160 71 12.27
160 72 13.10
160 73 13.89
160 74 14.64
160 75 15.36
160 76 16.04
160 77 16.67
160 78 17.20
160 79 17.83
160 80 7.37
160 81 8.64
160 82 9.76
160 83 10.78
160 84 11.75
160 85 12.66
160 86 13.53
160 87 14.37
160 88 15.19
160 89 15.98
160 90 16.74
160 91 17.47
160 92 18.30
160 93 6.44
160 94 7.63
160 95 8.75
160 96 9.80
160 97 10.80
160 98 11.77
160 99 12.71
160 100 13.62
160 101 14.51
160 102 15.40
160 103 16.28
160 104 17.18
160 105 18.22
160 106 5.31
160 107 6.35
160 108 7.42
160 109 8.46
160 110 9.48
160 111 10.47
160 112 11.45
160 113 12.41
160 114 13.37
160 115 14.33
160 116 15.31
160 117 16.37
160 118 17.59
160 119 4.07
160 120 4.86
160 121 5.82
160 122 6.82
160 123 7.82
160 124 8.83
160 125 9.82
160 126 10.82
160 127 11.81
160 128 12.83
160 129 13.89
160 130 15.08
160 131 16.45
160 132 2.87
160 133 3.21
160 134 4.00
160 135 4.94
160 136 5.92
160 137 6.91
160 138 7.92
160 139 8.92
160 140 9.95
160 141 10.99
160 142 12.10
160 143 13.38
160 144 14.87
160 145 2.10
160 146 1.58
160 147 2.04
160 148 2.91
160 149 3.88
160 150 4.88
160 151 5.88
160 152 6.89
160 153 7.91
160 154 8.97
160 155 10.09
160 156 11.41
160 157 12.97
160 158 2.38
160 159 1.12
160 160 0.00
160 161 1.05
160 162 2.07
160 163 3.06
160 164 4.03
160 165 5.01
160 166 6.00
160 167 7.02
160 168 8.10
160 169 9.39
160 170 10.93
160 171 3.44
160 172 2.61
160 173 2.04
160 174 1.83
160 175 2.05
160 176 2.56
160 177 3.23
160 178 3.98
160 179 4.79
160 180 5.64
160 181 6.57
160 182 7.66
160 183 9.06
160 184 4.69
160 185 4.28
160 186 4.00
160 187 3.86
160 188 3.85
160 189 3.98
160 190 4.23
160 191 4.59
160 192 5.03
160 193 5.54
160 194 6.12
160 195 6.81
160 196 7.85
160 197 5.89
160 198 5.84
160 199 5.82
160 200 5.83
160 201 5.89
160 202 5.99
160 203 6.14
160 204 6.32
160 205 6.54
160 206 6.78
160 207 7.04
160 208 7.26
160 209 7.80
160 210 4.68
161 1 10.82
161 2 8.29
161 3 8.69
161 4 8.99
161 5 9.23
161 6 9.44
161 7 9.63
161 8 9.79
161 9 9.94
161 10 10.05
161 11 10.13
161 12 10.13
161 13 9.89
161 14 9.78
161 15 8.98
161 16 9.67
161 17 10.20
161 18 10.65
161 19 11.03
161 20 11.38
161 21 11.68
161 22 11.95
161 23 12.18
161 24 12.35
161 25 12.42
161 26 12.25
161 27 12.14
161 28 9.39
161 29 10.31
161 30 11.05
161 31 11.67
161 32 12.22
161 33 12.72
161 34 13.17
161 35 13.58
161 36 13.93
161 37 14.23
161 38 14.43
161 39 14.41
161 40 14.42
161 41 9.48
161 42 10.59
161 43 11.49
161 44 12.27
161 45 12.97
161 46 13.61
161 47 14.20
161 48 14.74
161 49 15.23
161 50 15.67
161 51 16.02
161 52 16.18
161 53 16.38
161 54 9.26
161 55 10.48
161 56 11.51
161 57 12.41
161 58 13.24
161 59 14.00
161 60 14.71
161 61 15.38
161 62 16.01
161 63 16.59
161 64 17.10
161 65 17.46
161 66 17.89
161 67 8.74
161 68 10.01
161 69 11.11
161 70 12.10
161 71 13.02
161 72 13.89
161 73 14.71
161 74 15.49
161 75 16.23
161 76 16.94
161 77 17.61
161 78 18.18
161 79 18.85
161 80 7.94
161 81 9.18
161 82 10.30
161 83 11.35
161 84 12.33
161 85 13.27
161 86 14.17
161 87 15.05
161 88 15.89
161 89 16.72
161 90 17.53
161 91 18.31
161 92 19.21
161 93 6.90
161 94 8.03
161 95 9.12
161 96 10.17
161 97 11.19
161 98 12.17
161 99 13.14
161 100 14.08
161 101 15.01
161 102 15.93
161 103 16.86
161 104 17.84
161 105 18.95
161 106 5.70
161 107 6.61
161 108 7.61
161 109 8.63
161 110 9.64
161 111 10.64
161 112 11.63
161 113 12.62
161 114 13.61
161 115 14.61
161 116 15.64
161 117 16.78
161 118 18.09
161 119 4.46
161 120 5.00
161 121 5.83
161 122 6.76
161 123 7.74
161 124 8.73
161 125 9.73
161 126 10.75
161 127 11.77
161 128 12.82
161 129 13.93
161 130 15.21
161 131 16.68
161 132 3.39
161 133 3.33
161 134 3.86
161 135 4.65
161 136 5.57
161 137 6.53
161 138 7.53
161 139 8.55
161 140 9.59
161 141 10.67
161 142 11.83
161 143 13.19
161 144 14.78
161 145 2.93
161 146 2.00
161 147 1.83
161 148 2.37
161 149 3.22
161 150 4.17
161 151 5.16
161 152 6.18
161 153 7.22
161 154 8.31
161 155 9.49
161 156 10.89
161 157 12.55
161 158 3.41
161 159 2.17
161 160 1.05
161 161 0.00
161 162 1.02
161 163 2.02
161 164 3.01
161 165 4.00
161 166 5.01
161 167 6.06
161 168 7.19
161 169 8.55
161 170 10.18
161 171 4.49
161 172 3.63
161 173 2.91
161 174 2.37
161 175 2.09
161 176 2.16
161 177 2.53
161 178 3.12
161 179 3.82
161 180 4.62
161 181 5.52
161 182 6.61
161 183 8.05
161 184 5.74
161 185 5.30
161 186 4.94
161 187 4.65
161 188 4.46
161 189 4.37
161 190 4.38
161 191 4.50
161 192 4.72
161 193 5.03
161 194 5.43
161 195 5.93
161 196 6.85
161 197 6.94
161 198 6.88
161 199 6.82
161 200 6.76
161 201 6.73
161 202 6.72
161 203 6.74
161 204 6.78
161 205 6.85
161 206 6.92
161 207 6.99
161 208 6.96
161 209 7.24
161 210 4.57
162 1 11.79
162 2 9.25
162 3 9.69
162 4 10.00
162 5 10.25
162 6 10.45
162 7 10.61
162 8 10.75
162 9 10.86
162 10 10.93
162 11 10.94
162 12 10.86
162 13 10.50
162 14 10.21
162 15 9.91
162 16 10.64
162 17 11.19
162 18 11.65
162 19 12.05
162 20 12.39
162 21 12.69
162 22 12.95
162 23 13.16
162 24 13.30
162 25 13.34
162 26 13.10
162 27 12.89
162 28 10.25
162 29 11.22
162 30 11.99
162 31 12.64
162 32 13.21
162 33 13.72
162 34 14.18
162 35 14.59
162 36 14.95
162 37 15.24
162 38 15.44
162 39 15.38
162 40 15.34
162 41 10.28
162 42 11.41
162 43 12.35
162 44 13.16
162 45 13.88
162 46 14.55
162 47 15.15
162 48 15.71
162 49 16.22
162 50 16.67
162 51 17.03
162 52 17.20
162 53 17.39
162 54 9.97
162 55 11.21
162 56 12.26
162 57 13.19
162 58 14.05
162 59 14.84
162 60 15.58
162 61 16.27
162 62 16.92
162 63 17.52
162 64 18.06
162 65 18.45
162 66 18.90
162 67 9.35
162 68 10.62
162 69 11.73
162 70 12.75
162 71 13.70
162 72 14.59
162 73 15.43
162 74 16.24
162 75 17.02
162 76 17.76
162 77 18.46
162 78 19.08
162 79 19.79
162 80 8.46
162 81 9.67
162 82 10.79
162 83 11.84
162 84 12.84
162 85 13.80
162 86 14.73
162 87 15.63
162 88 16.51
162 89 17.37
162 90 18.22
162 91 19.06
162 92 20.02
162 93 7.35
162 94 8.40
162 95 9.46
162 96 10.50
162 97 11.51
162 98 12.51
162 99 13.49
162 100 14.46
162 101 15.42
162 102 16.38
162 103 17.35
162 104 18.39
162 105 19.58
162 106 6.11
162 107 6.88
162 108 7.80
162 109 8.77
162 110 9.76
162 111 10.76
162 112 11.76
162 113 12.77
162 114 13.78
162 115 14.82
162 116 15.89
162 117 17.11
162 118 18.50
162 119 4.90
162 120 5.22
162 121 5.89
162 122 6.73
162 123 7.66
162 124 8.62
162 125 9.62
162 126 10.64
162 127 11.68
162 128 12.76
162 129 13.91
162 130 15.26
162 131 16.82
162 132 3.99
162 133 3.62
162 134 3.85
162 135 4.46
162 136 5.27
162 137 6.18
162 138 7.15
162 139 8.16
162 140 9.21
162 141 10.32
162 142 11.52
162 143 12.96
162 144 14.63
162 145 3.78
162 146 2.67
162 147 2.05
162 148 2.09
162 149 2.68
162 150 3.53
162 151 4.48
162 152 5.48
162 153 6.54
162 154 7.65
162 155 8.86
162 156 10.35
162 157 12.08
162 158 4.39
162 159 3.17
162 160 2.07
162 161 1.02
162 162 0.00
162 163 1.00
162 164 2.00
162 165 3.01
162 166 4.03
162 167 5.11
162 168 6.27
162 169 7.69
162 170 9.40
162 171 5.50
162 172 4.64
162 173 3.88
162 174 3.22
162 175 2.68
162 176 2.35
162 177 2.29
162 178 2.54
162 179 3.04
162 180 3.71
162 181 4.53
162 182 5.60
162 183 7.05
162 184 6.75
162 185 6.32
162 186 5.92
162 187 5.57
162 188 5.27
162 189 5.03
162 190 4.86
162 191 4.77
162 192 4.77
162 193 4.84
162 194 5.01
162 195 5.24
162 196 5.97
162 197 7.94
162 198 7.90
162 199 7.83
162 200 7.74
162 201 7.66
162 202 7.58
162 203 7.51
162 204 7.45
162 205 7.40
162 206 7.33
162 207 7.22
162 208 6.95
162 209 6.94
162 210 4.54
163 1 12.70
163 2 10.18
163 3 10.66
163 4 10.99
163 5 11.25
163 6 11.45
163 7 11.61
163 8 11.73
163 9 11.82
163 10 11.86
163 11 11.83
163 12 11.69
163 13 11.24
163 14 10.82
163 15 10.79
163 16 11.56
163 17 12.14
163 18 12.63
163 19 13.04
163 20 13.39
163 21 13.69
163 22 13.95
163 23 14.15
163 24 14.28
163 25 14.30
163 26 14.01
163 27 13.73
163 28 11.07
163 29 12.08
163 30 12.87
163 31 13.55
163 32 14.15
163 33 14.68
163 34 15.15
163 35 15.58
163 36 15.95
163 37 16.25
163 38 16.44
163 39 16.37
163 40 16.31
163 41 11.02
163 42 12.19
163 43 13.15
163 44 13.99
163 45 14.74
163 46 15.43
163 47 16.06
163 48 16.64
163 49 17.17
163 50 17.64
163 51 18.02
163 52 18.19
163 53 18.39
163 54 10.63
163 55 11.89
163 56 12.96
163 57 13.91
163 58 14.79
163 59 15.61
163 60 16.38
163 61 17.10
163 62 17.77
163 63 18.40
163 64 18.96
163 65 19.39
163 66 19.87
163 67 9.93
163 68 11.19
163 69 12.31
163 70 13.34
163 71 14.31
163 72 15.22
163 73 16.09
163 74 16.93
163 75 17.73
163 76 18.51
163 77 19.24
163 78 19.91
163 79 20.67
163 80 8.96
163 81 10.12
163 82 11.23
163 83 12.28
163 84 13.29
163 85 14.27
163 86 15.22
163 87 16.15
163 88 17.05
163 89 17.95
163 90 18.84
163 91 19.74
163 92 20.76
163 93 7.79
163 94 8.75
163 95 9.76
163 96 10.78
163 97 11.79
163 98 12.80
163 99 13.79
163 100 14.77
163 101 15.76
163 102 16.75
163 103 17.77
163 104 18.88
163 105 20.14
163 106 6.54
163 107 7.16
163 108 7.98
163 109 8.90
163 110 9.86
163 111 10.85
163 112 11.85
163 113 12.87
163 114 13.90
163 115 14.96
163 116 16.08
163 117 17.36
163 118 18.83
163 119 5.39
163 120 5.48
163 121 5.99
163 122 6.72
163 123 7.58
163 124 8.51
163 125 9.48
163 126 10.50
163 127 11.55
163 128 12.65
163 129 13.84
163 130 15.26
163 131 16.89
163 132 4.64
163 133 4.03
163 134 3.98
163 135 4.36
163 136 5.03
163 137 5.85
163 138 6.77
163 139 7.77
163 140 8.82
163 141 9.94
163 142 11.17
163 143 12.68
163 144 14.43
163 145 4.62
163 146 3.43
163 147 2.56
163 148 2.16
163 149 2.34
163 150 2.98
163 151 3.84
163 152 4.81
163 153 5.85
163 154 6.98
163 155 8.22
163 156 9.77
163 157 11.58
163 158 5.34
163 159 4.15
163 160 3.06
163 161 2.02
163 162 1.00
163 163 0.00
163 164 1.00
163 165 2.02
163 166 3.06
163 167 4.15
163 168 5.34
163 169 6.83
163 170 8.60
163 171 6.48
163 172 5.64
163 173 4.88
163 174 4.17
163 175 3.53
163 176 2.98
163 177 2.59
163 178 2.43
163 179 2.56
163 180 2.98
163 181 3.64
163 182 4.61
163 183 6.05
163 184 7.73
163 185 7.32
163 186 6.92
163 187 6.53
163 188 6.18
163 189 5.85
163 190 5.57
163 191 5.33
163 192 5.13
163 193 4.99
163 194 4.90
163 195 4.81
163 196 5.24
163 197 8.90
163 198 8.90
163 199 8.83
163 200 8.73
163 201 8.62
163 202 8.51
163 203 8.39
163 204 8.26
163 205 8.11
163 206 7.94
163 207 7.69
163 208 7.20
163 209 6.91
163 210 4.62
164 1 13.57
164 2 11.07
164 3 11.59
164 4 11.95
164 5 12.23
164 6 12.44
164 7 12.61
164 8 12.73
164 9 12.81
164 10 12.83
164 11 12.78
164 12 12.61
164 13 12.09
164 14 11.56
164 15 11.62
164 16 12.44
164 17 13.06
164 18 13.57
164 19 14.00
164 20 14.37
164 21 14.69
164 22 14.95
164 23 15.15
164 24 15.28
164 25 15.28
164 26 14.98
164 27 14.64
164 28 11.84
164 29 12.89
164 30 13.72
164 31 14.43
164 32 15.05
164 33 15.60
164 34 16.10
164 35 16.54
164 36 16.92
164 37 17.24
164 38 17.44
164 39 17.37
164 40 17.30
164 41 11.72
164 42 12.91
164 43 13.90
164 44 14.77
164 45 15.55
164 46 16.27
164 47 16.92
164 48 17.53
164 49 18.08
164 50 18.57
164 51 18.97
164 52 19.17
164 53 19.39
164 54 11.25
164 55 12.51
164 56 13.60
164 57 14.59
164 58 15.49
164 59 16.33
164 60 17.12
164 61 17.87
164 62 18.57
164 63 19.23
164 64 19.83
164 65 20.29
164 66 20.81
164 67 10.47
164 68 11.71
164 69 12.84
164 70 13.88
164 71 14.86
164 72 15.80
164 73 16.69
164 74 17.56
164 75 18.39
164 76 19.20
164 77 19.97
164 78 20.69
164 79 21.50
164 80 9.43
164 81 10.55
164 82 11.63
164 83 12.68
164 84 13.70
164 85 14.69
164 86 15.65
164 87 16.60
164 88 17.54
164 89 18.46
164 90 19.39
164 91 20.35
164 92 21.44
164 93 8.23
164 94 9.09
164 95 10.05
164 96 11.04
164 97 12.04
164 98 13.04
164 99 14.04
164 100 15.04
164 101 16.04
164 102 17.06
164 103 18.12
164 104 19.29
164 105 20.62
164 106 6.98
164 107 7.44
164 108 8.17
164 109 9.02
164 110 9.94
164 111 10.91
164 112 11.90
164 113 12.92
164 114 13.96
164 115 15.05
164 116 16.20
164 117 17.55
164 118 19.09
164 119 5.91
164 120 5.80
164 121 6.14
164 122 6.74
164 123 7.51
164 124 8.39
164 125 9.33
164 126 10.33
164 127 11.38
164 128 12.50
164 129 13.72
164 130 15.20
164 131 16.90
164 132 5.33
164 133 4.53
164 134 4.23
164 135 4.38
164 136 4.86
164 137 5.57
164 138 6.42
164 139 7.37
164 140 8.41
164 141 9.53
164 142 10.78
164 143 12.35
164 144 14.17
164 145 5.47
164 146 4.22
164 147 3.23
164 148 2.53
164 149 2.29
164 150 2.59
164 151 3.27
164 152 4.16
164 153 5.17
164 154 6.29
164 155 7.55
164 156 9.16
164 157 11.03
164 158 6.27
164 159 5.11
164 160 4.03
164 161 3.01
164 162 2.00
164 163 1.00
164 164 0.00
164 165 1.02
164 166 2.07
164 167 3.17
164 168 4.39
164 169 5.93
164 170 7.77
164 171 7.43
164 172 6.63
164 173 5.88
164 174 5.16
164 175 4.48
164 176 3.84
164 177 3.27
164 178 2.81
164 179 2.55
164 180 2.56
164 181 2.90
164 182 3.67
164 183 5.05
164 184 8.68
164 185 8.31
164 186 7.92
164 187 7.53
164 188 7.15
164 189 6.77
164 190 6.42
164 191 6.08
164 192 5.75
164 193 5.44
164 194 5.11
164 195 4.67
164 196 4.72
164 197 9.84
164 198 9.87
164 199 9.82
164 200 9.73
164 201 9.62
164 202 9.48
164 203 9.33
164 204 9.16
164 205 8.95
164 206 8.70
164 207 8.35
164 208 7.69
164 209 7.15
164 210 4.78
165 1 14.41
165 2 11.93
165 3 12.50
165 4 12.90
165 5 13.20
165 6 13.44
165 7 13.62
165 8 13.75
165 9 13.83
165 10 13.85
165 11 13.79
165 12 13.59
165 13 13.03
165 14 12.43
165 15 12.43
165 16 13.29
165 17 13.95
165 18 14.49
165 19 14.95
165 20 15.34
165 21 15.67
165 22 15.95
165 23 16.16
165 24 16.30
165 25 16.30
165 26 15.99
165 27 15.63
165 28 12.58
165 29 13.66
165 30 14.53
165 31 15.27
165 32 15.92
165 33 16.50
165 34 17.02
165 35 17.49
165 36 17.89
165 37 18.22
165 38 18.43
165 39 18.39
165 40 18.32
165 41 12.38
165 42 13.60
165 43 14.62
165 44 15.51
165 45 16.32
165 46 17.06
165 47 17.75
165 48 18.38
165 49 18.96
165 50 19.47
165 51 19.90
165 52 20.14
165 53 20.38
165 54 11.83
165 55 13.10
165 56 14.21
165 57 15.21
165 58 16.14
165 59 17.00
165 60 17.82
165 61 18.60
165 62 19.33
165 63 20.02
165 64 20.65
165 65 21.16
165 66 21.72
165 67 10.98
165 68 12.20
165 69 13.32
165 70 14.37
165 71 15.37
165 72 16.32
165 73 17.24
165 74 18.13
165 75 18.99
165 76 19.83
165 77 20.64
165 78 21.42
165 79 22.29
165 80 9.89
165 81 10.94
165 82 12.00
165 83 13.03
165 84 14.05
165 85 15.05
165 86 16.03
165 87 17.00
165 88 17.96
165 89 18.92
165 90 19.89
165 91 20.91
165 92 22.06
165 93 8.66
165 94 9.41
165 95 10.31
165 96 11.26
165 97 12.24
165 98 13.23
165 99 14.23
165 100 15.24
165 101 16.27
165 102 17.31
165 103 18.41
165 104 19.64
165 105 21.04
165 106 7.43
165 107 7.74
165 108 8.35
165 109 9.13
165 110 10.00
165 111 10.94
165 112 11.91
165 113 12.93
165 114 13.98
165 115 15.08
165 116 16.27
165 117 17.67
165 118 19.28
165 119 6.46
165 120 6.16
165 121 6.32
165 122 6.78
165 123 7.45
165 124 8.26
165 125 9.16
165 126 10.14
165 127 11.18
165 128 12.30
165 129 13.55
165 130 15.08
165 131 16.85
165 132 6.03
165 133 5.09
165 134 4.59
165 135 4.50
165 136 4.77
165 137 5.33
165 138 6.08
165 139 6.97
165 140 7.98
165 141 9.09
165 142 10.36
165 143 11.97
165 144 13.85
165 145 6.31
165 146 5.05
165 147 3.98
165 148 3.12
165 149 2.54
165 150 2.43
165 151 2.81
165 152 3.55
165 153 4.49
165 154 5.59
165 155 6.86
165 156 8.51
165 157 10.44
165 158 7.19
165 159 6.06
165 160 5.01
165 161 4.00
165 162 3.01
165 163 2.02
165 164 1.02
165 165 0.00
165 166 1.05
165 167 2.17
165 168 3.41
165 169 5.00
165 170 6.90
165 171 8.38
165 172 7.62
165 173 6.89
165 174 6.18
165 175 5.49
165 176 4.81
165 177 4.16
165 178 3.55
165 179 3.02
165 180 2.62
165 181 2.49
165 182 2.82
165 183 4.05
165 184 9.62
165 185 9.29
165 186 8.93
165 187 8.55
165 188 8.16
165 189 7.77
165 190 7.37
165 191 6.97
165 192 6.56
165 193 6.12
165 194 5.61
165 195 4.88
165 196 4.49
165 197 10.76
165 198 10.84
165 199 10.82
165 200 10.74
165 201 10.64
165 202 10.50
165 203 10.33
165 204 10.13
165 205 9.89
165 206 9.59
165 207 9.16
165 208 8.38
165 209 7.62
165 210 5.03
166 1 15.22
166 2 12.77
166 3 13.39
166 4 13.84
166 5 14.17
166 6 14.43
166 7 14.64
166 8 14.78
166 9 14.87
166 10 14.90
166 11 14.84
166 12 14.63
166 13 14.06
166 14 13.41
166 15 13.21
166 16 14.12
166 17 14.81
166 18 15.39
166 19 15.88
166 20 16.30
166 21 16.66
166 22 16.95
166 23 17.19
166 24 17.33
166 25 17.35
166 26 17.04
166 27 16.67
166 28 13.29
166 29 14.41
166 30 15.31
166 31 16.08
166 32 16.76
166 33 17.37
166 34 17.92
166 35 18.41
166 36 18.84
166 37 19.19
166 38 19.44
166 39 19.41
166 40 19.36
166 41 13.01
166 42 14.25
166 43 15.29
166 44 16.22
166 45 17.05
166 46 17.82
166 47 18.54
166 48 19.20
166 49 19.80
166 50 20.35
166 51 20.81
166 52 21.09
166 53 21.37
166 54 12.39
166 55 13.65
166 56 14.77
166 57 15.79
166 58 16.73
166 59 17.63
166 60 18.47
166 61 19.28
166 62 20.04
166 63 20.76
166 64 21.43
166 65 21.99
166 66 22.60
166 67 11.47
166 68 12.65
166 69 13.76
166 70 14.81
166 71 15.82
166 72 16.79
166 73 17.73
166 74 18.65
166 75 19.54
166 76 20.41
166 77 21.26
166 78 22.10
166 79 23.02
166 80 10.32
166 81 11.31
166 82 12.32
166 83 13.34
166 84 14.36
166 85 15.36
166 86 16.35
166 87 17.33
166 88 18.32
166 89 19.31
166 90 20.31
166 91 21.40
166 92 22.61
166 93 9.07
166 94 9.72
166 95 10.54
166 96 11.44
166 97 12.39
166 98 13.37
166 99 14.37
166 100 15.39
166 101 16.42
166 102 17.49
166 103 18.63
166 104 19.92
166 105 21.39
166 106 7.89
166 107 8.04
166 108 8.53
166 109 9.22
166 110 10.03
166 111 10.92
166 112 11.87
166 113 12.87
166 114 13.93
166 115 15.04
166 116 16.26
166 117 17.72
166 118 19.39
166 119 7.03
166 120 6.56
166 121 6.54
166 122 6.85
166 123 7.39
166 124 8.11
166 125 8.95
166 126 9.89
166 127 10.92
166 128 12.04
166 129 13.30
166 130 14.88
166 131 16.71
166 132 6.75
166 133 5.70
166 134 5.03
166 135 4.72
166 136 4.77
166 137 5.13
166 138 5.75
166 139 6.56
166 140 7.51
166 141 8.60
166 142 9.87
166 143 11.53
166 144 13.45
166 145 7.16
166 146 5.89
166 147 4.79
166 148 3.82
166 149 3.04
166 150 2.56
166 151 2.55
166 152 3.02
166 153 3.83
166 154 4.86
166 155 6.12
166 156 7.81
166 157 9.78
166 158 8.10
166 159 7.02
166 160 6.00
166 161 5.01
166 162 4.03
166 163 3.06
166 164 2.07
166 165 1.05
166 166 0.00
166 167 1.12
166 168 2.38
166 169 4.02
166 170 5.96
166 171 9.31
166 172 8.61
166 173 7.91
166 174 7.22
166 175 6.54
166 176 5.85
166 177 5.17
166 178 4.49
166 179 3.83
166 180 3.18
166 181 2.60
166 182 2.25
166 183 3.09
166 184 10.55
166 185 10.28
166 186 9.95
166 187 9.59
166 188 9.21
166 189 8.82
166 190 8.41
166 191 7.97
166 192 7.51
166 193 6.99
166 194 6.37
166 195 5.41
166 196 4.63
166 197 11.66
166 198 11.80
166 199 11.81
166 200 11.77
166 201 11.68
166 202 11.55
166 203 11.39
166 204 11.18
166 205 10.92
166 206 10.58
166 207 10.10
166 208 9.24
166 209 8.33
166 210 5.36
167 1 16.01
167 2 13.60
167 3 14.28
167 4 14.77
167 5 15.15
167 6 15.44
167 7 15.68
167 8 15.85
167 9 15.96
167 10 16.00
167 11 15.95
167 12 15.76
167 13 15.18
167 14 14.51
167 15 13.97
167 16 14.92
167 17 15.67
167 18 16.28
167 19 16.81
167 20 17.26
167 21 17.65
167 22 17.97
167 23 18.23
167 24 18.40
167 25 18.44
167 26 18.15
167 27 17.79
167 28 13.97
167 29 15.12
167 30 16.06
167 31 16.87
167 32 17.58
167 33 18.23
167 34 18.81
167 35 19.33
167 36 19.79
167 37 20.18
167 38 20.45
167 39 20.46
167 40 20.45
167 41 13.61
167 42 14.86
167 43 15.93
167 44 16.88
167 45 17.74
167 46 18.54
167 47 19.29
167 48 19.98
167 49 20.62
167 50 21.21
167 51 21.71
167 52 22.03
167 53 22.36
167 54 12.90
167 55 14.16
167 56 15.28
167 57 16.31
167 58 17.28
167 59 18.20
167 60 19.07
167 61 19.90
167 62 20.70
167 63 21.46
167 64 22.17
167 65 22.79
167 66 23.47
167 67 11.91
167 68 13.06
167 69 14.15
167 70 15.20
167 71 16.22
167 72 17.20
167 73 18.16
167 74 19.10
167 75 20.01
167 76 20.92
167 77 21.82
167 78 22.72
167 79 23.72
167 80 10.73
167 81 11.63
167 82 12.60
167 83 13.59
167 84 14.59
167 85 15.59
167 86 16.59
167 87 17.59
167 88 18.60
167 89 19.61
167 90 20.66
167 91 21.81
167 92 23.10
167 93 9.48
167 94 9.99
167 95 10.73
167 96 11.57
167 97 12.49
167 98 13.44
167 99 14.43
167 100 15.45
167 101 16.50
167 102 17.59
167 103 18.75
167 104 20.11
167 105 21.65
167 106 8.36
167 107 8.34
167 108 8.69
167 109 9.27
167 110 10.00
167 111 10.84
167 112 11.76
167 113 12.74
167 114 13.79
167 115 14.91
167 116 16.15
167 117 17.67
167 118 19.41
167 119 7.62
167 120 6.98
167 121 6.78
167 122 6.92
167 123 7.33
167 124 7.94
167 125 8.70
167 126 9.59
167 127 10.58
167 128 11.69
167 129 12.96
167 130 14.59
167 131 16.47
167 132 7.49
167 133 6.36
167 134 5.54
167 135 5.03
167 136 4.84
167 137 4.99
167 138 5.44
167 139 6.12
167 140 6.99
167 141 8.04
167 142 9.30
167 143 10.99
167 144 12.95
167 145 8.02
167 146 6.76
167 147 5.64
167 148 4.62
167 149 3.71
167 150 2.98
167 151 2.56
167 152 2.62
167 153 3.18
167 154 4.10
167 155 5.31
167 156 7.01
167 157 9.01
167 158 9.03
167 159 8.00
167 160 7.02
167 161 6.06
167 162 5.11
167 163 4.15
167 164 3.17
167 165 2.17
167 166 1.12
167 167 0.00
167 168 1.27
167 169 2.94
167 170 4.92
167 171 10.26
167 172 9.62
167 173 8.97
167 174 8.31
167 175 7.65
167 176 6.98
167 177 6.29
167 178 5.59
167 179 4.86
167 180 4.10
167 181 3.26
167 182 2.26
167 183 2.27
167 184 11.49
167 185 11.28
167 186 10.99
167 187 10.67
167 188 10.32
167 189 9.94
167 190 9.53
167 191 9.09
167 192 8.60
167 193 8.04
167 194 7.34
167 195 6.25
167 196 5.17
167 197 12.56
167 198 12.76
167 199 12.83
167 200 12.82
167 201 12.76
167 202 12.65
167 203 12.50
167 204 12.30
167 205 12.04
167 206 11.69
167 207 11.19
167 208 10.27
167 209 9.26
167 210 5.74
168 1 16.77
168 2 14.42
168 3 15.17
168 4 15.72
168 5 16.15
168 6 16.49
168 7 16.76
168 8 16.97
168 9 17.12
168 10 17.19
168 11 17.17
168 12 16.99
168 13 16.44
168 14 15.78
168 15 14.70
168 16 15.71
168 17 16.51
168 18 17.17
168 19 17.74
168 20 18.23
168 21 18.66
168 22 19.03
168 23 19.32
168 24 19.53
168 25 19.60
168 26 19.35
168 27 19.03
168 28 14.61
168 29 15.80
168 30 16.77
168 31 17.62
168 32 18.38
168 33 19.06
168 34 19.68
168 35 20.25
168 36 20.75
168 37 21.17
168 38 21.49
168 39 21.56
168 40 21.60
168 41 14.15
168 42 15.42
168 43 16.51
168 44 17.49
168 45 18.38
168 46 19.22
168 47 20.00
168 48 20.73
168 49 21.41
168 50 22.04
168 51 22.59
168 52 22.98
168 53 23.38
168 54 13.36
168 55 14.60
168 56 15.72
168 57 16.77
168 58 17.76
168 59 18.70
168 60 19.60
168 61 20.46
168 62 21.29
168 63 22.09
168 64 22.86
168 65 23.55
168 66 24.30
168 67 12.31
168 68 13.39
168 69 14.46
168 70 15.50
168 71 16.52
168 72 17.51
168 73 18.49
168 74 19.45
168 75 20.40
168 76 21.34
168 77 22.28
168 78 23.26
168 79 24.34
168 80 11.08
168 81 11.88
168 82 12.79
168 83 13.75
168 84 14.73
168 85 15.72
168 86 16.72
168 87 17.73
168 88 18.76
168 89 19.80
168 90 20.89
168 91 22.11
168 92 23.48
168 93 9.85
168 94 10.22
168 95 10.84
168 96 11.61
168 97 12.47
168 98 13.40
168 99 14.37
168 100 15.38
168 101 16.43
168 102 17.54
168 103 18.73
168 104 20.15
168 105 21.77
168 106 8.81
168 107 8.62
168 108 8.81
168 109 9.26
168 110 9.89
168 111 10.66
168 112 11.52
168 113 12.48
168 114 13.51
168 115 14.63
168 116 15.89
168 117 17.46
168 118 19.26
168 119 8.22
168 120 7.43
168 121 7.04
168 122 6.99
168 123 7.22
168 124 7.69
168 125 8.35
168 126 9.16
168 127 10.10
168 128 11.19
168 129 12.46
168 130 14.12
168 131 16.05
168 132 8.26
168 133 7.06
168 134 6.12
168 135 5.43
168 136 5.01
168 137 4.89
168 138 5.11
168 139 5.61
168 140 6.37
168 141 7.34
168 142 8.57
168 143 10.27
168 144 12.27
168 145 8.92
168 146 7.69
168 147 6.56
168 148 5.52
168 149 4.53
168 150 3.64
168 151 2.90
168 152 2.49
168 153 2.60
168 154 3.26
168 155 4.36
168 156 6.05
168 157 8.06
168 158 10.00
168 159 9.03
168 160 8.10
168 161 7.19
168 162 6.27
168 163 5.34
168 164 4.39
168 165 3.41
168 166 2.38
168 167 1.27
168 168 0.00
168 169 1.70
168 170 3.71
168 171 11.24
168 172 10.68
168 173 10.09
168 174 9.49
168 175 8.86
168 176 8.22
168 177 7.55
168 178 6.86
168 179 6.12
168 180 5.31
168 181 4.36
168 182 3.04
168 183 2.04
168 184 12.45
168 185 12.32
168 186 12.10
168 187 11.83
168 188 11.51
168 189 11.17
168 190 10.78
168 191 10.36
168 192 9.87
168 193 9.30
168 194 8.57
168 195 7.39
168 196 6.13
168 197 13.48
168 198 13.76
168 199 13.89
168 200 13.93
168 201 13.91
168 202 13.84
168 203 13.72
168 204 13.54
168 205 13.30
168 206 12.96
168 207 12.46
168 208 11.51
168 209 10.45
168 210 6.19
169 1 17.50
169 2 15.25
169 3 16.09
169 4 16.72
169 5 17.23
169 6 17.64
169 7 17.98
169 8 18.26
169 9 18.47
169 10 18.60
169 11 18.64
169 12 18.52
169 13 18.02
169 14 17.42
169 15 15.41
169 16 16.49
169 17 17.35
169 18 18.08
169 19 18.71
169 20 19.27
169 21 19.76
169 22 20.19
169 23 20.54
169 24 20.82
169 25 20.96
169 26 20.79
169 27 20.55
169 28 15.18
169 29 16.41
169 30 17.43
169 31 18.33
169 32 19.15
169 33 19.89
169 34 20.56
169 35 21.18
169 36 21.74
169 37 22.23
169 38 22.63
169 39 22.79
169 40 22.93
169 41 14.60
169 42 15.87
169 43 16.98
169 44 17.99
169 45 18.93
169 46 19.80
169 47 20.63
169 48 21.41
169 49 22.15
169 50 22.84
169 51 23.46
169 52 23.95
169 53 24.47
169 54 13.70
169 55 14.89
169 56 16.00
169 57 17.06
169 58 18.06
169 59 19.03
169 60 19.97
169 61 20.87
169 62 21.75
169 63 22.61
169 64 23.44
169 65 24.24
169 66 25.11
169 67 12.56
169 68 13.55
169 69 14.57
169 70 15.59
169 71 16.60
169 72 17.60
169 73 18.59
169 74 19.58
169 75 20.56
169 76 21.55
169 77 22.56
169 78 23.63
169 79 24.83
169 80 11.32
169 81 11.96
169 82 12.77
169 83 13.66
169 84 14.60
169 85 15.57
169 86 16.57
169 87 17.59
169 88 18.63
169 89 19.71
169 90 20.85
169 91 22.16
169 92 23.63
169 93 10.13
169 94 10.29
169 95 10.76
169 96 11.41
169 97 12.18
169 98 13.05
169 99 13.98
169 100 14.97
169 101 16.02
169 102 17.14
169 103 18.37
169 104 19.87
169 105 21.57
169 106 9.23
169 107 8.80
169 108 8.78
169 109 9.04
169 110 9.52
169 111 10.17
169 112 10.95
169 113 11.85
169 114 12.84
169 115 13.95
169 116 15.22
169 117 16.85
169 118 18.72
169 119 8.85
169 120 7.87
169 121 7.26
169 122 6.96
169 123 6.95
169 124 7.20
169 125 7.69
169 126 8.38
169 127 9.24
169 128 10.27
169 129 11.51
169 130 13.21
169 131 15.19
169 132 9.11
169 133 7.86
169 134 6.81
169 135 5.93
169 136 5.24
169 137 4.81
169 138 4.67
169 139 4.88
169 140 5.41
169 141 6.25
169 142 7.39
169 143 9.08
169 144 11.10
169 145 9.93
169 146 8.76
169 147 7.66
169 148 6.61
169 149 5.60
169 150 4.61
169 151 3.67
169 152 2.82
169 153 2.25
169 154 2.26
169 155 3.04
169 156 4.63
169 157 6.62
169 158 11.09
169 159 10.23
169 160 9.39
169 161 8.55
169 162 7.69
169 163 6.83
169 164 5.93
169 165 5.00
169 166 4.02
169 167 2.94
169 168 1.70
169 169 0.00
169 170 2.01
169 171 12.34
169 172 11.90
169 173 11.41
169 174 10.89
169 175 10.35
169 176 9.77
169 177 9.16
169 178 8.51
169 179 7.81
169 180 7.01
169 181 6.05
169 182 4.63
169 183 3.12
169 184 13.50
169 185 13.50
169 186 13.38
169 187 13.20
169 188 12.96
169 189 12.68
169 190 12.35
169 191 11.97
169 192 11.53
169 193 10.99
169 194 10.27
169 195 9.09
169 196 7.75
169 197 14.45
169 198 14.85
169 199 15.08
169 200 15.20
169 201 15.26
169 202 15.26
169 203 15.20
169 204 15.08
169 205 14.89
169 206 14.59
169 207 14.12
169 208 13.21
169 209 12.15
169 210 6.70
170 1 18.33
170 2 16.22
170 3 17.16
170 4 17.89
170 5 18.47
170 6 18.97
170 7 19.38
170 8 19.73
170 9 20.00
170 10 20.20
170 11 20.31
170 12 20.26
170 13 19.84
170 14 19.32
170 15 16.24
170 16 17.39
170 17 18.32
170 18 19.12
170 19 19.82
170 20 20.45
170 21 21.00
170 22 21.50
170 23 21.93
170 24 22.27
170 25 22.49
170 26 22.42
170 27 22.29
170 28 15.87
170 29 17.13
170 30 18.20
170 31 19.15
170 32 20.01
170 33 20.81
170 34 21.55
170 35 22.23
170 36 22.86
170 37 23.42
170 38 23.90
170 39 24.17
170 40 24.43
170 41 15.15
170 42 16.40
170 43 17.53
170 44 18.56
170 45 19.54
170 46 20.46
170 47 21.34
170 48 22.17
170 49 22.97
170 50 23.73
170 51 24.43
170 52 25.04
170 53 25.68
170 54 14.14
170 55 15.27
170 56 16.35
170 57 17.40
170 58 18.41
170 59 19.41
170 60 20.37
170 61 21.32
170 62 22.25
170 63 23.16
170 64 24.07
170 65 24.98
170 66 25.98
170 67 12.94
170 68 13.80
170 69 14.74
170 70 15.71
170 71 16.70
170 72 17.70
170 73 18.70
170 74 19.71
170 75 20.72
170 76 21.76
170 77 22.83
170 78 24.01
170 79 25.33
170 80 11.70
170 81 12.15
170 82 12.82
170 83 13.61
170 84 14.49
170 85 15.42
170 86 16.39
170 87 17.41
170 88 18.46
170 89 19.57
170 90 20.76
170 91 22.16
170 92 23.75
170 93 10.60
170 94 10.52
170 95 10.78
170 96 11.27
170 97 11.92
170 98 12.70
170 99 13.56
170 100 14.51
170 101 15.54
170 102 16.67
170 103 17.92
170 104 19.50
170 105 21.30
170 106 9.88
170 107 9.22
170 108 8.95
170 109 8.97
170 110 9.25
170 111 9.73
170 112 10.38
170 113 11.18
170 114 12.11
170 115 13.18
170 116 14.44
170 117 16.12
170 118 18.06
170 119 9.75
170 120 8.62
170 121 7.80
170 122 7.24
170 123 6.94
170 124 6.91
170 125 7.15
170 126 7.62
170 127 8.33
170 128 9.26
170 129 10.45
170 130 12.15
170 131 14.16
170 132 10.23
170 133 8.96
170 134 7.85
170 135 6.85
170 136 5.97
170 137 5.24
170 138 4.72
170 139 4.49
170 140 4.63
170 141 5.17
170 142 6.13
170 143 7.75
170 144 9.74
170 145 11.19
170 146 10.10
170 147 9.06
170 148 8.05
170 149 7.05
170 150 6.06
170 151 5.05
170 152 4.06
170 153 3.09
170 154 2.27
170 155 2.04
170 156 3.12
170 157 4.96
170 158 12.40
170 159 11.67
170 160 10.93
170 161 10.18
170 162 9.40
170 163 8.60
170 164 7.77
170 165 6.90
170 166 5.96
170 167 4.92
170 168 3.71
170 169 2.01
170 170 0.00
170 171 13.64
170 172 13.34
170 173 12.97
170 174 12.55
170 175 12.08
170 176 11.58
170 177 11.03
170 178 10.44
170 179 9.78
170 180 9.01
170 181 8.06
170 182 6.62
170 183 4.96
170 184 14.75
170 185 14.88
170 186 14.87
170 187 14.78
170 188 14.63
170 189 14.43
170 190 14.17
170 191 13.85
170 192 13.45
170 193 12.95
170 194 12.27
170 195 11.10
170 196 9.74
170 197 15.60
170 198 16.12
170 199 16.45
170 200 16.68
170 201 16.82
170 202 16.89
170 203 16.90
170 204 16.85
170 205 16.71
170 206 16.47
170 207 16.05
170 208 15.19
170 209 14.16
170 210 7.57
171 1 6.48
171 2 3.95
171 3 4.20
171 4 4.53
171 5 4.90
171 6 5.33
171 7 5.78
171 8 6.26
171 9 6.77
171 10 7.29
171 11 7.82
171 12 8.37
171 13 8.92
171 14 9.72
171 15 4.87
171 16 5.32
171 17 5.74
171 18 6.15
171 19 6.57
171 20 7.00
171 21 7.43
171 22 7.86
171 23 8.30
171 24 8.73
171 25 9.15
171 26 9.51
171 27 10.08
171 28 5.62
171 29 6.26
171 30 6.80
171 31 7.30
171 32 7.78
171 33 8.23
171 34 8.68
171 35 9.11
171 36 9.53
171 37 9.93
171 38 10.29
171 39 10.54
171 40 10.97
171 41 6.16
171 42 6.98
171 43 7.66
171 44 8.26
171 45 8.81
171 46 9.34
171 47 9.84
171 48 10.31
171 49 10.76
171 50 11.17
171 51 11.54
171 52 11.77
171 53 12.14
171 54 6.48
171 55 7.45
171 56 8.26
171 57 8.96
171 58 9.61
171 59 10.22
171 60 10.79
171 61 11.32
171 62 11.83
171 63 12.30
171 64 12.72
171 65 13.00
171 66 13.39
171 67 6.56
171 68 7.66
171 69 8.57
171 70 9.38
171 71 10.12
171 72 10.81
171 73 11.46
171 74 12.07
171 75 12.65
171 76 13.19
171 77 13.68
171 78 14.06
171 79 14.54
171 80 6.39
171 81 7.59
171 82 8.59
171 83 9.48
171 84 10.31
171 85 11.08
171 86 11.80
171 87 12.49
171 88 13.15
171 89 13.78
171 90 14.36
171 91 14.85
171 92 15.45
171 93 5.99
171 94 7.24
171 95 8.31
171 96 9.28
171 97 10.17
171 98 11.01
171 99 11.80
171 100 12.57
171 101 13.30
171 102 14.01
171 103 14.69
171 104 15.31
171 105 16.05
171 106 5.37
171 107 6.64
171 108 7.75
171 109 8.76
171 110 9.70
171 111 10.60
171 112 11.46
171 113 12.29
171 114 13.09
171 115 13.88
171 116 14.64
171 117 15.39
171 118 16.28
171 119 4.56
171 120 5.80
171 121 6.93
171 122 7.97
171 123 8.95
171 124 9.88
171 125 10.79
171 126 11.67
171 127 12.53
171 128 13.38
171 129 14.23
171 130 15.10
171 131 16.12
171 132 3.57
171 133 4.77
171 134 5.89
171 135 6.94
171 136 7.94
171 137 8.90
171 138 9.84
171 139 10.76
171 140 11.66
171 141 12.57
171 142 13.48
171 143 14.45
171 144 15.60
171 145 2.46
171 146 3.58
171 147 4.69
171 148 5.74
171 149 6.75
171 150 7.73
171 151 8.68
171 152 9.62
171 153 10.55
171 154 11.49
171 155 12.45
171 156 13.50
171 157 14.75
171 158 1.25
171 159 2.33
171 160 3.44
171 161 4.49
171 162 5.50
171 163 6.48
171 164 7.43
171 165 8.38
171 166 9.31
171 167 10.26
171 168 11.24
171 169 12.34
171 170 13.64
171 171 0.00
171 172 1.27
171 173 2.38
171 174 3.41
171 175 4.39
171 176 5.34
171 177 6.27
171 178 7.19
171 179 8.10
171 180 9.03
171 181 10.00
171 182 11.09
171 183 12.40
171 184 1.25
171 185 1.39
171 186 2.10
171 187 2.93
171 188 3.78
171 189 4.62
171 190 5.47
171 191 6.31
171 192 7.16
171 193 8.02
171 194 8.92
171 195 9.93
171 196 11.19
171 197 2.46
171 198 2.51
171 199 2.87
171 200 3.38
171 201 3.99
171 202 4.64
171 203 5.33
171 204 6.03
171 205 6.75
171 206 7.49
171 207 8.26
171 208 9.11
171 209 10.23
171 210 6.36
172 1 7.67
172 2 5.16
172 3 5.28
172 4 5.42
172 5 5.60
172 6 5.83
172 7 6.09
172 8 6.38
172 9 6.71
172 10 7.05
172 11 7.42
172 12 7.78
172 13 8.12
172 14 8.74
172 15 6.13
172 16 6.52
172 17 6.85
172 18 7.15
172 19 7.45
172 20 7.75
172 21 8.05
172 22 8.35
172 23 8.65
172 24 8.93
172 25 9.17
172 26 9.30
172 27 9.63
172 28 6.89
172 29 7.52
172 30 8.03
172 31 8.48
172 32 8.89
172 33 9.28
172 34 9.65
172 35 9.99
172 36 10.31
172 37 10.60
172 38 10.83
172 39 10.89
172 40 11.09
172 41 7.40
172 42 8.24
172 43 8.93
172 44 9.52
172 45 10.05
172 46 10.55
172 47 11.01
172 48 11.44
172 49 11.83
172 50 12.18
172 51 12.46
172 52 12.56
172 53 12.76
172 54 7.64
172 55 8.66
172 56 9.50
172 57 10.22
172 58 10.88
172 59 11.48
172 60 12.05
172 61 12.57
172 62 13.06
172 63 13.50
172 64 13.87
172 65 14.08
172 66 14.36
172 67 7.61
172 68 8.77
172 69 9.72
172 70 10.56
172 71 11.33
172 72 12.04
172 73 12.71
172 74 13.33
172 75 13.92
172 76 14.46
172 77 14.94
172 78 15.29
172 79 15.72
172 80 7.31
172 81 8.55
172 82 9.59
172 83 10.53
172 84 11.39
172 85 12.19
172 86 12.95
172 87 13.67
172 88 14.36
172 89 15.01
172 90 15.61
172 91 16.11
172 92 16.72
172 93 6.75
172 94 8.01
172 95 9.12
172 96 10.12
172 97 11.05
172 98 11.93
172 99 12.77
172 100 13.58
172 101 14.35
172 102 15.10
172 103 15.82
172 104 16.49
172 105 17.28
172 106 5.94
172 107 7.19
172 108 8.31
172 109 9.35
172 110 10.33
172 111 11.27
172 112 12.17
172 113 13.05
172 114 13.90
172 115 14.74
172 116 15.57
172 117 16.40
172 118 17.36
172 119 4.93
172 120 6.09
172 121 7.20
172 122 8.26
172 123 9.27
172 124 10.24
172 125 11.19
172 126 12.12
172 127 13.03
172 128 13.94
172 129 14.86
172 130 15.84
172 131 16.97
172 132 3.76
172 133 4.78
172 134 5.84
172 135 6.88
172 136 7.90
172 137 8.90
172 138 9.87
172 139 10.84
172 140 11.80
172 141 12.76
172 142 13.76
172 143 14.85
172 144 16.12
172 145 2.51
172 146 3.29
172 147 4.28
172 148 5.30
172 149 6.32
172 150 7.32
172 151 8.31
172 152 9.29
172 153 10.28
172 154 11.28
172 155 12.32
172 156 13.50
172 157 14.88
172 158 1.39
172 159 1.67
172 160 2.61
172 161 3.63
172 162 4.64
172 163 5.64
172 164 6.63
172 165 7.62
172 166 8.61
172 167 9.62
172 168 10.68
172 169 11.90
172 170 13.34
172 171 1.27
172 172 0.00
172 173 1.12
172 174 2.17
172 175 3.17
172 176 4.15
172 177 5.11
172 178 6.06
172 179 7.02
172 180 8.00
172 181 9.03
172 182 10.23
172 183 11.67
172 184 2.33
172 185 1.67
172 186 1.58
172 187 2.00
172 188 2.67
172 189 3.43
172 190 4.22
172 191 5.05
172 192 5.89
172 193 6.76
172 194 7.69
172 195 8.76
172 196 10.10
172 197 3.58
172 198 3.29
172 199 3.21
172 200 3.33
172 201 3.62
172 202 4.03
172 203 4.53
172 204 5.09
172 205 5.70
172 206 6.36
172 207 7.06
172 208 7.86
172 209 8.96
172 210 6.41
173 1 8.79
173 2 6.29
173 3 6.36
173 4 6.43
173 5 6.51
173 6 6.61
173 7 6.73
173 8 6.88
173 9 7.05
173 10 7.24
173 11 7.44
173 12 7.62
173 13 7.72
173 14 8.10
173 15 7.25
173 16 7.64
173 17 7.94
173 18 8.20
173 19 8.43
173 20 8.66
173 21 8.88
173 22 9.08
173 23 9.28
173 24 9.44
173 25 9.54
173 26 9.47
173 27 9.56
173 28 7.99
173 29 8.64
173 30 9.15
173 31 9.59
173 32 9.98
173 33 10.34
173 34 10.66
173 35 10.96
173 36 11.22
173 37 11.44
173 38 11.57
173 39 11.50
173 40 11.52
173 41 8.45
173 42 9.33
173 43 10.03
173 44 10.64
173 45 11.18
173 46 11.67
173 47 12.12
173 48 12.52
173 49 12.89
173 50 13.21
173 51 13.44
173 52 13.46
173 53 13.54
173 54 8.62
173 55 9.68
173 56 10.55
173 57 11.30
173 58 11.98
173 59 12.60
173 60 13.17
173 61 13.70
173 62 14.18
173 63 14.61
173 64 14.97
173 65 15.14
173 66 15.37
173 67 8.49
173 68 9.68
173 69 10.67
173 70 11.55
173 71 12.34
173 72 13.08
173 73 13.77
173 74 14.41
173 75 15.02
173 76 15.57
173 77 16.07
173 78 16.41
173 79 16.83
173 80 8.07
173 81 9.33
173 82 10.41
173 83 11.37
173 84 12.27
173 85 13.10
173 86 13.89
173 87 14.64
173 88 15.36
173 89 16.04
173 90 16.67
173 91 17.20
173 92 17.83
173 93 7.37
173 94 8.64
173 95 9.76
173 96 10.78
173 97 11.75
173 98 12.66
173 99 13.53
173 100 14.37
173 101 15.19
173 102 15.98
173 103 16.74
173 104 17.47
173 105 18.30
173 106 6.44
173 107 7.63
173 108 8.75
173 109 9.80
173 110 10.80
173 111 11.77
173 112 12.71
173 113 13.62
173 114 14.51
173 115 15.40
173 116 16.28
173 117 17.18
173 118 18.22
173 119 5.31
173 120 6.35
173 121 7.42
173 122 8.46
173 123 9.48
173 124 10.47
173 125 11.45
173 126 12.41
173 127 13.37
173 128 14.33
173 129 15.31
173 130 16.37
173 131 17.59
173 132 4.07
173 133 4.86
173 134 5.82
173 135 6.82
173 136 7.83
173 137 8.83
173 138 9.82
173 139 10.82
173 140 11.82
173 141 12.83
173 142 13.89
173 143 15.08
173 144 16.45
173 145 2.87
173 146 3.21
173 147 4.00
173 148 4.94
173 149 5.92
173 150 6.92
173 151 7.92
173 152 8.92
173 153 9.95
173 154 10.99
173 155 12.10
173 156 13.38
173 157 14.87
173 158 2.10
173 159 1.58
173 160 2.04
173 161 2.91
173 162 3.88
173 163 4.88
173 164 5.88
173 165 6.89
173 166 7.91
173 167 8.97
173 168 10.09
173 169 11.41
173 170 12.97
173 171 2.38
173 172 1.12
173 173 0.00
173 174 1.05
173 175 2.07
173 176 3.06
173 177 4.03
173 178 5.01
173 179 6.00
173 180 7.02
173 181 8.10
173 182 9.39
173 183 10.93
173 184 3.44
173 185 2.61
173 186 2.04
173 187 1.83
173 188 2.05
173 189 2.56
173 190 3.23
173 191 3.98
173 192 4.79
173 193 5.64
173 194 6.57
173 195 7.66
173 196 9.06
173 197 4.69
173 198 4.28
173 199 4.00
173 200 3.86
173 201 3.85
173 202 3.98
173 203 4.23
173 204 4.59
173 205 5.03
173 206 5.54
173 207 6.12
173 208 6.80
173 209 7.85
173 210 6.45
174 1 9.84
174 2 7.34
174 3 7.41
174 4 7.45
174 5 7.47
174 6 7.50
174 7 7.54
174 8 7.59
174 9 7.65
174 10 7.71
174 11 7.76
174 12 7.78
174 13 7.64
174 14 7.76
174 15 8.29
174 16 8.69
174 17 8.99
174 18 9.23
174 19 9.44
174 20 9.63
174 21 9.79
174 22 9.94
174 23 10.06
174 24 10.13
174 25 10.13
174 26 9.89
174 27 9.78
174 28 8.98
174 29 9.67
174 30 10.20
174 31 10.65
174 32 11.03
174 33 11.38
174 34 11.68
174 35 11.95
174 36 12.18
174 37 12.35
174 38 12.42
174 39 12.25
174 40 12.14
174 41 9.39
174 42 10.31
174 43 11.04
174 44 11.67
174 45 12.22
174 46 12.72
174 47 13.17
174 48 13.57
174 49 13.93
174 50 14.23
174 51 14.43
174 52 14.41
174 53 14.42
174 54 9.48
174 55 10.59
174 56 11.49
174 57 12.27
174 58 12.97
174 59 13.61
174 60 14.19
174 61 14.74
174 62 15.23
174 63 15.67
174 64 16.02
174 65 16.18
174 66 16.38
174 67 9.26
174 68 10.48
174 69 11.51
174 70 12.41
174 71 13.24
174 72 14.00
174 73 14.71
174 74 15.38
174 75 16.01
174 76 16.58
174 77 17.09
174 78 17.46
174 79 17.89
174 80 8.74
174 81 10.01
174 82 11.11
174 83 12.10
174 84 13.02
174 85 13.89
174 86 14.71
174 87 15.49
174 88 16.23
174 89 16.94
174 90 17.61
174 91 18.18
174 92 18.85
174 93 7.94
174 94 9.18
174 95 10.30
174 96 11.35
174 97 12.33
174 98 13.27
174 99 14.17
174 100 15.05
174 101 15.89
174 102 16.72
174 103 17.53
174 104 18.31
174 105 19.21
174 106 6.90
174 107 8.03
174 108 9.12
174 109 10.17
174 110 11.19
174 111 12.17
174 112 13.13
174 113 14.08
174 114 15.01
174 115 15.93
174 116 16.86
174 117 17.84
174 118 18.95
174 119 5.70
174 120 6.61
174 121 7.61
174 122 8.63
174 123 9.64
174 124 10.64
174 125 11.63
174 126 12.62
174 127 13.61
174 128 14.61
174 129 15.64
174 130 16.78
174 131 18.09
174 132 4.45
174 133 5.00
174 134 5.83
174 135 6.76
174 136 7.74
174 137 8.73
174 138 9.73
174 139 10.74
174 140 11.77
174 141 12.82
174 142 13.93
174 143 15.20
174 144 16.68
174 145 3.39
174 146 3.33
174 147 3.86
174 148 4.65
174 149 5.57
174 150 6.53
174 151 7.53
174 152 8.54
174 153 9.59
174 154 10.67
174 155 11.83
174 156 13.19
174 157 14.78
174 158 2.93
174 159 2.00
174 160 1.83
174 161 2.37
174 162 3.22
174 163 4.17
174 164 5.16
174 165 6.18
174 166 7.22
174 167 8.31
174 168 9.49
174 169 10.89
174 170 12.55
174 171 3.41
174 172 2.17
174 173 1.05
174 174 0.00
174 175 1.02
174 176 2.02
174 177 3.01
174 178 4.00
174 179 5.01
174 180 6.06
174 181 7.19
174 182 8.55
174 183 10.18
174 184 4.49
174 185 3.63
174 186 2.91
174 187 2.37
174 188 2.09
174 189 2.16
174 190 2.53
174 191 3.12
174 192 3.82
174 193 4.62
174 194 5.52
174 195 6.61
174 196 8.05
174 197 5.74
174 198 5.30
174 199 4.94
174 200 4.65
174 201 4.46
174 202 4.37
174 203 4.38
174 204 4.50
174 205 4.72
174 206 5.03
174 207 5.43
174 208 5.93
174 209 6.85
174 210 6.51
175 1 10.85
175 2 8.33
175 3 8.43
175 4 8.46
175 5 8.47
175 6 8.46
175 7 8.45
175 8 8.43
175 9 8.41
175 10 8.37
175 11 8.31
175 12 8.18
175 13 7.84
175 14 7.69
175 15 9.26
175 16 9.69
175 17 10.00
175 18 10.25
175 19 10.45
175 20 10.61
175 21 10.75
175 22 10.86
175 23 10.93
175 24 10.94
175 25 10.86
175 26 10.50
175 27 10.21
175 28 9.91
175 29 10.64
175 30 11.19
175 31 11.65
175 32 12.05
175 33 12.39
175 34 12.69
175 35 12.95
175 36 13.16
175 37 13.30
175 38 13.34
175 39 13.10
175 40 12.89
175 41 10.26
175 42 11.22
175 43 11.99
175 44 12.64
175 45 13.21
175 46 13.72
175 47 14.18
175 48 14.59
175 49 14.95
175 50 15.24
175 51 15.44
175 52 15.38
175 53 15.34
175 54 10.28
175 55 11.41
175 56 12.35
175 57 13.16
175 58 13.88
175 59 14.55
175 60 15.15
175 61 15.71
175 62 16.22
175 63 16.67
175 64 17.03
175 65 17.20
175 66 17.39
175 67 9.97
175 68 11.21
175 69 12.26
175 70 13.19
175 71 14.05
175 72 14.84
175 73 15.58
175 74 16.27
175 75 16.92
175 76 17.52
175 77 18.06
175 78 18.45
175 79 18.90
175 80 9.35
175 81 10.62
175 82 11.74
175 83 12.75
175 84 13.70
175 85 14.59
175 86 15.43
175 87 16.24
175 88 17.02
175 89 17.76
175 90 18.46
175 91 19.08
175 92 19.79
175 93 8.46
175 94 9.67
175 95 10.79
175 96 11.84
175 97 12.84
175 98 13.80
175 99 14.73
175 100 15.63
175 101 16.51
175 102 17.37
175 103 18.22
175 104 19.06
175 105 20.02
175 106 7.35
175 107 8.40
175 108 9.46
175 109 10.50
175 110 11.51
175 111 12.51
175 112 13.49
175 113 14.46
175 114 15.42
175 115 16.38
175 116 17.35
175 117 18.40
175 118 19.58
175 119 6.11
175 120 6.88
175 121 7.80
175 122 8.77
175 123 9.76
175 124 10.76
175 125 11.76
175 126 12.77
175 127 13.78
175 128 14.82
175 129 15.89
175 130 17.11
175 131 18.50
175 132 4.90
175 133 5.21
175 134 5.89
175 135 6.73
175 136 7.66
175 137 8.62
175 138 9.62
175 139 10.64
175 140 11.68
175 141 12.76
175 142 13.91
175 143 15.26
175 144 16.82
175 145 3.99
175 146 3.62
175 147 3.85
175 148 4.46
175 149 5.27
175 150 6.18
175 151 7.15
175 152 8.16
175 153 9.21
175 154 10.32
175 155 11.52
175 156 12.96
175 157 14.63
175 158 3.78
175 159 2.67
175 160 2.05
175 161 2.09
175 162 2.68
175 163 3.53
175 164 4.48
175 165 5.49
175 166 6.54
175 167 7.65
175 168 8.86
175 169 10.35
175 170 12.08
175 171 4.39
175 172 3.17
175 173 2.07
175 174 1.02
175 175 0.00
175 176 1.00
175 177 2.00
175 178 3.01
175 179 4.03
175 180 5.11
175 181 6.27
175 182 7.69
175 183 9.40
175 184 5.50
175 185 4.64
175 186 3.88
175 187 3.22
175 188 2.68
175 189 2.34
175 190 2.29
175 191 2.54
175 192 3.04
175 193 3.71
175 194 4.53
175 195 5.60
175 196 7.05
175 197 6.75
175 198 6.32
175 199 5.92
175 200 5.57
175 201 5.27
175 202 5.03
175 203 4.86
175 204 4.77
175 205 4.76
175 206 4.84
175 207 5.00
175 208 5.24
175 209 5.97
175 210 6.59
176 1 11.81
176 2 9.29
176 3 9.42
176 4 9.46
176 5 9.46
176 6 9.44
176 7 9.40
176 8 9.34
176 9 9.27
176 10 9.17
176 11 9.02
176 12 8.78
176 13 8.27
176 14 7.88
176 15 10.18
176 16 10.65
176 17 10.99
176 18 11.24
176 19 11.45
176 20 11.61
176 21 11.73
176 22 11.82
176 23 11.86
176 24 11.83
176 25 11.69
176 26 11.24
176 27 10.82
176 28 10.78
176 29 11.56
176 30 12.14
176 31 12.62
176 32 13.04
176 33 13.39
176 34 13.69
176 35 13.95
176 36 14.15
176 37 14.28
176 38 14.29
176 39 14.01
176 40 13.73
176 41 11.07
176 42 12.07
176 43 12.87
176 44 13.55
176 45 14.15
176 46 14.68
176 47 15.16
176 48 15.58
176 49 15.95
176 50 16.24
176 51 16.44
176 52 16.37
176 53 16.31
176 54 11.02
176 55 12.19
176 56 13.15
176 57 13.99
176 58 14.74
176 59 15.43
176 60 16.06
176 61 16.64
176 62 17.17
176 63 17.64
176 64 18.02
176 65 18.19
176 66 18.39
176 67 10.63
176 68 11.89
176 69 12.96
176 70 13.91
176 71 14.79
176 72 15.61
176 73 16.38
176 74 17.10
176 75 17.77
176 76 18.40
176 77 18.96
176 78 19.39
176 79 19.87
176 80 9.93
176 81 11.19
176 82 12.31
176 83 13.34
176 84 14.31
176 85 15.22
176 86 16.09
176 87 16.93
176 88 17.73
176 89 18.51
176 90 19.24
176 91 19.91
176 92 20.67
176 93 8.96
176 94 10.12
176 95 11.23
176 96 12.28
176 97 13.29
176 98 14.27
176 99 15.22
176 100 16.15
176 101 17.05
176 102 17.95
176 103 18.84
176 104 19.74
176 105 20.76
176 106 7.79
176 107 8.75
176 108 9.76
176 109 10.78
176 110 11.79
176 111 12.80
176 112 13.79
176 113 14.77
176 114 15.76
176 115 16.75
176 116 17.77
176 117 18.88
176 118 20.14
176 119 6.54
176 120 7.16
176 121 7.98
176 122 8.90
176 123 9.86
176 124 10.85
176 125 11.85
176 126 12.87
176 127 13.90
176 128 14.96
176 129 16.08
176 130 17.36
176 131 18.83
176 132 5.39
176 133 5.48
176 134 5.99
176 135 6.72
176 136 7.58
176 137 8.51
176 138 9.48
176 139 10.50
176 140 11.55
176 141 12.65
176 142 13.84
176 143 15.26
176 144 16.89
176 145 4.64
176 146 4.03
176 147 3.98
176 148 4.37
176 149 5.03
176 150 5.85
176 151 6.78
176 152 7.77
176 153 8.82
176 154 9.94
176 155 11.17
176 156 12.68
176 157 14.43
176 158 4.62
176 159 3.42
176 160 2.56
176 161 2.16
176 162 2.35
176 163 2.98
176 164 3.84
176 165 4.81
176 166 5.85
176 167 6.98
176 168 8.22
176 169 9.77
176 170 11.58
176 171 5.34
176 172 4.15
176 173 3.06
176 174 2.02
176 175 1.00
176 176 0.00
176 177 1.00
176 178 2.02
176 179 3.06
176 180 4.15
176 181 5.34
176 182 6.83
176 183 8.60
176 184 6.48
176 185 5.64
176 186 4.88
176 187 4.17
176 188 3.53
176 189 2.98
176 190 2.59
176 191 2.43
176 192 2.56
176 193 2.98
176 194 3.64
176 195 4.61
176 196 6.06
176 197 7.73
176 198 7.32
176 199 6.91
176 200 6.53
176 201 6.18
176 202 5.85
176 203 5.57
176 204 5.32
176 205 5.13
176 206 4.99
176 207 4.89
176 208 4.81
176 209 5.24
176 210 6.70
177 1 12.75
177 2 10.21
177 3 10.38
177 4 10.45
177 5 10.47
177 6 10.44
177 7 10.39
177 8 10.31
177 9 10.20
177 10 10.06
177 11 9.85
177 12 9.53
177 13 8.89
177 14 8.29
177 15 11.07
177 16 11.59
177 17 11.95
177 18 12.23
177 19 12.44
177 20 12.61
177 21 12.73
177 22 12.81
177 23 12.84
177 24 12.78
177 25 12.61
177 26 12.09
177 27 11.56
177 28 11.62
177 29 12.44
177 30 13.06
177 31 13.57
177 32 14.00
177 33 14.37
177 34 14.69
177 35 14.95
177 36 15.15
177 37 15.28
177 38 15.28
177 39 14.98
177 40 14.65
177 41 11.84
177 42 12.89
177 43 13.72
177 44 14.43
177 45 15.05
177 46 15.60
177 47 16.10
177 48 16.54
177 49 16.93
177 50 17.24
177 51 17.44
177 52 17.38
177 53 17.30
177 54 11.72
177 55 12.91
177 56 13.90
177 57 14.77
177 58 15.55
177 59 16.27
177 60 16.92
177 61 17.53
177 62 18.08
177 63 18.57
177 64 18.97
177 65 19.17
177 66 19.39
177 67 11.25
177 68 12.51
177 69 13.60
177 70 14.59
177 71 15.49
177 72 16.33
177 73 17.12
177 74 17.87
177 75 18.57
177 76 19.23
177 77 19.83
177 78 20.29
177 79 20.81
177 80 10.47
177 81 11.71
177 82 12.84
177 83 13.88
177 84 14.86
177 85 15.80
177 86 16.69
177 87 17.56
177 88 18.39
177 89 19.20
177 90 19.97
177 91 20.69
177 92 21.50
177 93 9.43
177 94 10.55
177 95 11.63
177 96 12.68
177 97 13.70
177 98 14.69
177 99 15.65
177 100 16.60
177 101 17.54
177 102 18.46
177 103 19.39
177 104 20.35
177 105 21.44
177 106 8.23
177 107 9.09
177 108 10.05
177 109 11.04
177 110 12.03
177 111 13.04
177 112 14.03
177 113 15.04
177 114 16.04
177 115 17.06
177 116 18.12
177 117 19.29
177 118 20.62
177 119 6.98
177 120 7.45
177 121 8.17
177 122 9.02
177 123 9.94
177 124 10.91
177 125 11.90
177 126 12.92
177 127 13.96
177 128 15.05
177 129 16.20
177 130 17.55
177 131 19.09
177 132 5.91
177 133 5.80
177 134 6.14
177 135 6.74
177 136 7.51
177 137 8.39
177 138 9.33
177 139 10.33
177 140 11.39
177 141 12.50
177 142 13.72
177 143 15.20
177 144 16.90
177 145 5.33
177 146 4.53
177 147 4.23
177 148 4.38
177 149 4.86
177 150 5.57
177 151 6.42
177 152 7.37
177 153 8.41
177 154 9.53
177 155 10.78
177 156 12.35
177 157 14.17
177 158 5.47
177 159 4.22
177 160 3.23
177 161 2.53
177 162 2.29
177 163 2.59
177 164 3.27
177 165 4.16
177 166 5.17
177 167 6.29
177 168 7.55
177 169 9.16
177 170 11.03
177 171 6.27
177 172 5.11
177 173 4.03
177 174 3.01
177 175 2.00
177 176 1.00
177 177 0.00
177 178 1.02
177 179 2.07
177 180 3.17
177 181 4.39
177 182 5.93
177 183 7.77
177 184 7.43
177 185 6.63
177 186 5.88
177 187 5.16
177 188 4.48
177 189 3.84
177 190 3.27
177 191 2.81
177 192 2.55
177 193 2.56
177 194 2.90
177 195 3.67
177 196 5.05
177 197 8.68
177 198 8.31
177 199 7.92
177 200 7.53
177 201 7.15
177 202 6.78
177 203 6.42
177 204 6.08
177 205 5.75
177 206 5.44
177 207 5.11
177 208 4.67
177 209 4.72
177 210 6.83
178 1 13.66
178 2 11.12
178 3 11.34
178 4 11.44
178 5 11.47
178 6 11.46
178 7 11.41
178 8 11.32
178 9 11.20
178 10 11.03
178 11 10.78
178 12 10.40
178 13 9.66
178 14 8.92
178 15 11.93
178 16 12.50
178 17 12.90
178 18 13.20
178 19 13.44
178 20 13.62
178 21 13.75
178 22 13.83
178 23 13.85
178 24 13.79
178 25 13.59
178 26 13.03
178 27 12.43
178 28 12.43
178 29 13.29
178 30 13.95
178 31 14.49
178 32 14.95
178 33 15.34
178 34 15.67
178 35 15.95
178 36 16.16
178 37 16.30
178 38 16.30
178 39 15.99
178 40 15.63
178 41 12.58
178 42 13.66
178 43 14.53
178 44 15.27
178 45 15.92
178 46 16.50
178 47 17.02
178 48 17.49
178 49 17.89
178 50 18.22
178 51 18.43
178 52 18.39
178 53 18.32
178 54 12.38
178 55 13.60
178 56 14.62
178 57 15.51
178 58 16.32
178 59 17.06
178 60 17.75
178 61 18.38
178 62 18.96
178 63 19.47
178 64 19.90
178 65 20.13
178 66 20.38
178 67 11.83
178 68 13.10
178 69 14.21
178 70 15.21
178 71 16.14
178 72 17.00
178 73 17.82
178 74 18.60
178 75 19.33
178 76 20.02
178 77 20.65
178 78 21.16
178 79 21.72
178 80 10.98
178 81 12.20
178 82 13.32
178 83 14.37
178 84 15.37
178 85 16.32
178 86 17.24
178 87 18.13
178 88 18.99
178 89 19.83
178 90 20.64
178 91 21.42
178 92 22.29
178 93 9.89
178 94 10.94
178 95 12.00
178 96 13.03
178 97 14.05
178 98 15.05
178 99 16.03
178 100 17.00
178 101 17.96
178 102 18.92
178 103 19.89
178 104 20.91
178 105 22.06
178 106 8.65
178 107 9.41
178 108 10.31
178 109 11.26
178 110 12.24
178 111 13.23
178 112 14.23
178 113 15.24
178 114 16.27
178 115 17.31
178 116 18.41
178 117 19.64
178 118 21.04
178 119 7.43
178 120 7.74
178 121 8.35
178 122 9.13
178 123 10.00
178 124 10.93
178 125 11.91
178 126 12.93
178 127 13.98
178 128 15.08
178 129 16.27
178 130 17.67
178 131 19.28
178 132 6.46
178 133 6.16
178 134 6.32
178 135 6.78
178 136 7.45
178 137 8.26
178 138 9.16
178 139 10.13
178 140 11.18
178 141 12.30
178 142 13.55
178 143 15.08
178 144 16.85
178 145 6.03
178 146 5.09
178 147 4.59
178 148 4.50
178 149 4.77
178 150 5.33
178 151 6.08
178 152 6.97
178 153 7.97
178 154 9.09
178 155 10.36
178 156 11.97
178 157 13.85
178 158 6.31
178 159 5.05
178 160 3.98
178 161 3.12
178 162 2.54
178 163 2.43
178 164 2.81
178 165 3.55
178 166 4.49
178 167 5.59
178 168 6.86
178 169 8.51
178 170 10.44
178 171 7.19
178 172 6.06
178 173 5.01
178 174 4.00
178 175 3.01
178 176 2.02
178 177 1.02
178 178 0.00
178 179 1.05
178 180 2.17
178 181 3.41
178 182 5.00
178 183 6.90
178 184 8.37
178 185 7.62
178 186 6.89
178 187 6.18
178 188 5.48
178 189 4.81
178 190 4.16
178 191 3.55
178 192 3.02
178 193 2.62
178 194 2.49
178 195 2.82
178 196 4.06
178 197 9.62
178 198 9.29
178 199 8.92
178 200 8.54
178 201 8.16
178 202 7.77
178 203 7.37
178 204 6.97
178 205 6.56
178 206 6.12
178 207 5.61
178 208 4.88
178 209 4.49
178 210 6.99
179 1 14.56
179 2 12.01
179 3 12.28
179 4 12.42
179 5 12.49
179 6 12.49
179 7 12.46
179 8 12.38
179 9 12.25
179 10 12.07
179 11 11.80
179 12 11.39
179 13 10.59
179 14 9.73
179 15 12.77
179 16 13.40
179 17 13.84
179 18 14.17
179 19 14.43
179 20 14.64
179 21 14.78
179 22 14.87
179 23 14.90
179 24 14.84
179 25 14.63
179 26 14.06
179 27 13.41
179 28 13.21
179 29 14.12
179 30 14.82
179 31 15.39
179 32 15.88
179 33 16.30
179 34 16.66
179 35 16.96
179 36 17.19
179 37 17.34
179 38 17.35
179 39 17.04
179 40 16.67
179 41 13.29
179 42 14.41
179 43 15.31
179 44 16.08
179 45 16.76
179 46 17.37
179 47 17.92
179 48 18.41
179 49 18.84
179 50 19.19
179 51 19.44
179 52 19.41
179 53 19.36
179 54 13.01
179 55 14.25
179 56 15.29
179 57 16.22
179 58 17.05
179 59 17.82
179 60 18.54
179 61 19.20
179 62 19.80
179 63 20.35
179 64 20.81
179 65 21.09
179 66 21.37
179 67 12.39
179 68 13.65
179 69 14.77
179 70 15.79
179 71 16.74
179 72 17.63
179 73 18.47
179 74 19.28
179 75 20.04
179 76 20.76
179 77 21.43
179 78 21.99
179 79 22.60
179 80 11.47
179 81 12.65
179 82 13.76
179 83 14.82
179 84 15.82
179 85 16.80
179 86 17.73
179 87 18.65
179 88 19.54
179 89 20.41
179 90 21.26
179 91 22.10
179 92 23.03
179 93 10.32
179 94 11.31
179 95 12.32
179 96 13.34
179 97 14.36
179 98 15.36
179 99 16.35
179 100 17.34
179 101 18.32
179 102 19.31
179 103 20.31
179 104 21.40
179 105 22.62
179 106 9.07
179 107 9.72
179 108 10.54
179 109 11.44
179 110 12.39
179 111 13.37
179 112 14.37
179 113 15.39
179 114 16.42
179 115 17.50
179 116 18.63
179 117 19.92
179 118 21.39
179 119 7.89
179 120 8.05
179 121 8.53
179 122 9.22
179 123 10.03
179 124 10.92
179 125 11.87
179 126 12.88
179 127 13.93
179 128 15.04
179 129 16.26
179 130 17.72
179 131 19.39
179 132 7.03
179 133 6.56
179 134 6.54
179 135 6.85
179 136 7.40
179 137 8.11
179 138 8.96
179 139 9.89
179 140 10.92
179 141 12.04
179 142 13.30
179 143 14.89
179 144 16.71
179 145 6.75
179 146 5.70
179 147 5.03
179 148 4.72
179 149 4.77
179 150 5.13
179 151 5.75
179 152 6.56
179 153 7.51
179 154 8.60
179 155 9.87
179 156 11.53
179 157 13.45
179 158 7.16
179 159 5.89
179 160 4.79
179 161 3.82
179 162 3.04
179 163 2.56
179 164 2.55
179 165 3.02
179 166 3.83
179 167 4.86
179 168 6.12
179 169 7.81
179 170 9.78
179 171 8.10
179 172 7.02
179 173 6.00
179 174 5.01
179 175 4.03
179 176 3.06
179 177 2.07
179 178 1.05
179 179 0.00
179 180 1.12
179 181 2.38
179 182 4.02
179 183 5.96
179 184 9.31
179 185 8.61
179 186 7.91
179 187 7.22
179 188 6.54
179 189 5.85
179 190 5.17
179 191 4.49
179 192 3.83
179 193 3.18
179 194 2.60
179 195 2.25
179 196 3.09
179 197 10.55
179 198 10.28
179 199 9.95
179 200 9.59
179 201 9.21
179 202 8.82
179 203 8.41
179 204 7.97
179 205 7.51
179 206 6.99
179 207 6.37
179 208 5.41
179 209 4.63
179 210 7.16
180 1 15.44
180 2 12.90
180 3 13.23
180 4 13.42
180 5 13.52
180 6 13.56
180 7 13.55
180 8 13.48
180 9 13.37
180 10 13.19
180 11 12.92
180 12 12.49
180 13 11.66
180 14 10.72
180 15 13.60
180 16 14.28
180 17 14.77
180 18 15.15
180 19 15.44
180 20 15.68
180 21 15.85
180 22 15.96
180 23 16.00
180 24 15.96
180 25 15.76
180 26 15.18
180 27 14.51
180 28 13.97
180 29 14.92
180 30 15.67
180 31 16.28
180 32 16.81
180 33 17.26
180 34 17.65
180 35 17.97
180 36 18.23
180 37 18.40
180 38 18.44
180 39 18.15
180 40 17.80
180 41 13.97
180 42 15.12
180 43 16.06
180 44 16.87
180 45 17.58
180 46 18.23
180 47 18.81
180 48 19.33
180 49 19.79
180 50 20.17
180 51 20.45
180 52 20.46
180 53 20.45
180 54 13.60
180 55 14.86
180 56 15.93
180 57 16.88
180 58 17.74
180 59 18.55
180 60 19.29
180 61 19.98
180 62 20.62
180 63 21.21
180 64 21.71
180 65 22.03
180 66 22.36
180 67 12.90
180 68 14.16
180 69 15.28
180 70 16.31
180 71 17.28
180 72 18.20
180 73 19.07
180 74 19.90
180 75 20.70
180 76 21.46
180 77 22.17
180 78 22.79
180 79 23.47
180 80 11.91
180 81 13.06
180 82 14.15
180 83 15.20
180 84 16.22
180 85 17.20
180 86 18.16
180 87 19.10
180 88 20.02
180 89 20.92
180 90 21.82
180 91 22.72
180 92 23.72
180 93 10.73
180 94 11.63
180 95 12.60
180 96 13.59
180 97 14.59
180 98 15.59
180 99 16.59
180 100 17.59
180 101 18.60
180 102 19.61
180 103 20.66
180 104 21.81
180 105 23.10
180 106 9.48
180 107 9.99
180 108 10.73
180 109 11.57
180 110 12.48
180 111 13.44
180 112 14.43
180 113 15.45
180 114 16.50
180 115 17.59
180 116 18.75
180 117 20.11
180 118 21.65
180 119 8.36
180 120 8.34
180 121 8.69
180 122 9.27
180 123 10.00
180 124 10.84
180 125 11.76
180 126 12.74
180 127 13.79
180 128 14.91
180 129 16.15
180 130 17.67
180 131 19.41
180 132 7.62
180 133 6.98
180 134 6.78
180 135 6.92
180 136 7.33
180 137 7.94
180 138 8.70
180 139 9.59
180 140 10.58
180 141 11.69
180 142 12.96
180 143 14.59
180 144 16.47
180 145 7.49
180 146 6.35
180 147 5.54
180 148 5.03
180 149 4.84
180 150 4.99
180 151 5.44
180 152 6.12
180 153 6.99
180 154 8.04
180 155 9.30
180 156 10.98
180 157 12.95
180 158 8.02
180 159 6.76
180 160 5.64
180 161 4.62
180 162 3.71
180 163 2.98
180 164 2.56
180 165 2.62
180 166 3.18
180 167 4.10
180 168 5.31
180 169 7.01
180 170 9.01
180 171 9.03
180 172 8.00
180 173 7.02
180 174 6.06
180 175 5.11
180 176 4.15
180 177 3.17
180 178 2.17
180 179 1.12
180 180 0.00
180 181 1.27
180 182 2.94
180 183 4.92
180 184 10.26
180 185 9.62
180 186 8.97
180 187 8.31
180 188 7.65
180 189 6.98
180 190 6.29
180 191 5.59
180 192 4.86
180 193 4.10
180 194 3.26
180 195 2.26
180 196 2.27
180 197 11.49
180 198 11.28
180 199 10.99
180 200 10.67
180 201 10.32
180 202 9.94
180 203 9.53
180 204 9.09
180 205 8.60
180 206 8.04
180 207 7.34
180 208 6.25
180 209 5.17
180 210 7.34
181 1 16.32
181 2 13.79
181 3 14.20
181 4 14.45
181 5 14.61
181 6 14.69
181 7 14.71
181 8 14.68
181 9 14.60
181 10 14.44
181 11 14.18
181 12 13.76
181 13 12.92
181 14 11.95
181 15 14.42
181 16 15.17
181 17 15.72
181 18 16.15
181 19 16.49
181 20 16.76
181 21 16.97
181 22 17.12
181 23 17.19
181 24 17.17
181 25 17.00
181 26 16.44
181 27 15.78
181 28 14.70
181 29 15.71
181 30 16.51
181 31 17.17
181 32 17.74
181 33 18.23
181 34 18.66
181 35 19.03
181 36 19.32
181 37 19.53
181 38 19.60
181 39 19.35
181 40 19.04
181 41 14.61
181 42 15.80
181 43 16.77
181 44 17.62
181 45 18.38
181 46 19.06
181 47 19.69
181 48 20.25
181 49 20.75
181 50 21.17
181 51 21.49
181 52 21.56
181 53 21.60
181 54 14.15
181 55 15.42
181 56 16.51
181 57 17.49
181 58 18.38
181 59 19.22
181 60 20.00
181 61 20.73
181 62 21.41
181 63 22.04
181 64 22.59
181 65 22.98
181 66 23.38
181 67 13.36
181 68 14.60
181 69 15.72
181 70 16.77
181 71 17.75
181 72 18.70
181 73 19.60
181 74 20.46
181 75 21.29
181 76 22.09
181 77 22.86
181 78 23.55
181 79 24.30
181 80 12.31
181 81 13.39
181 82 14.46
181 83 15.50
181 84 16.52
181 85 17.51
181 86 18.49
181 87 19.45
181 88 20.40
181 89 21.34
181 90 22.28
181 91 23.26
181 92 24.34
181 93 11.08
181 94 11.88
181 95 12.79
181 96 13.75
181 97 14.73
181 98 15.72
181 99 16.72
181 100 17.73
181 101 18.76
181 102 19.80
181 103 20.89
181 104 22.11
181 105 23.48
181 106 9.85
181 107 10.22
181 108 10.84
181 109 11.61
181 110 12.47
181 111 13.40
181 112 14.36
181 113 15.38
181 114 16.43
181 115 17.54
181 116 18.73
181 117 20.15
181 118 21.77
181 119 8.81
181 120 8.62
181 121 8.81
181 122 9.26
181 123 9.89
181 124 10.66
181 125 11.52
181 126 12.48
181 127 13.51
181 128 14.63
181 129 15.89
181 130 17.46
181 131 19.26
181 132 8.22
181 133 7.42
181 134 7.04
181 135 6.99
181 136 7.22
181 137 7.69
181 138 8.35
181 139 9.16
181 140 10.10
181 141 11.19
181 142 12.46
181 143 14.12
181 144 16.05
181 145 8.26
181 146 7.06
181 147 6.12
181 148 5.43
181 149 5.00
181 150 4.89
181 151 5.11
181 152 5.61
181 153 6.37
181 154 7.34
181 155 8.57
181 156 10.27
181 157 12.26
181 158 8.92
181 159 7.69
181 160 6.57
181 161 5.52
181 162 4.53
181 163 3.64
181 164 2.90
181 165 2.49
181 166 2.60
181 167 3.26
181 168 4.36
181 169 6.05
181 170 8.06
181 171 10.00
181 172 9.03
181 173 8.10
181 174 7.19
181 175 6.27
181 176 5.34
181 177 4.39
181 178 3.41
181 179 2.38
181 180 1.27
181 181 0.00
181 182 1.70
181 183 3.71
181 184 11.24
181 185 10.68
181 186 10.09
181 187 9.49
181 188 8.86
181 189 8.22
181 190 7.55
181 191 6.86
181 192 6.12
181 193 5.31
181 194 4.36
181 195 3.04
181 196 2.04
181 197 12.45
181 198 12.32
181 199 12.10
181 200 11.83
181 201 11.52
181 202 11.17
181 203 10.78
181 204 10.36
181 205 9.87
181 206 9.30
181 207 8.57
181 208 7.39
181 209 6.13
181 210 7.51
182 1 17.22
182 2 14.73
182 3 15.25
182 4 15.60
182 5 15.83
182 6 15.99
182 7 16.09
182 8 16.12
182 9 16.09
182 10 15.98
182 11 15.78
182 12 15.40
182 13 14.60
182 14 13.65
182 15 15.25
182 16 16.09
182 17 16.72
182 18 17.23
182 19 17.64
182 20 17.98
182 21 18.26
182 22 18.47
182 23 18.60
182 24 18.64
182 25 18.52
182 26 18.02
182 27 17.42
182 28 15.40
182 29 16.49
182 30 17.35
182 31 18.08
182 32 18.71
182 33 19.27
182 34 19.76
182 35 20.19
182 36 20.54
182 37 20.82
182 38 20.96
182 39 20.79
182 40 20.55
182 41 15.18
182 42 16.41
182 43 17.43
182 44 18.33
182 45 19.14
182 46 19.88
182 47 20.56
182 48 21.18
182 49 21.74
182 50 22.23
182 51 22.62
182 52 22.79
182 53 22.93
182 54 14.60
182 55 15.87
182 56 16.98
182 57 17.99
182 58 18.93
182 59 19.80
182 60 20.63
182 61 21.41
182 62 22.15
182 63 22.84
182 64 23.46
182 65 23.95
182 66 24.47
182 67 13.70
182 68 14.89
182 69 16.00
182 70 17.06
182 71 18.06
182 72 19.03
182 73 19.97
182 74 20.87
182 75 21.75
182 76 22.61
182 77 23.44
182 78 24.24
182 79 25.11
182 80 12.56
182 81 13.55
182 82 14.57
182 83 15.59
182 84 16.60
182 85 17.60
182 86 18.59
182 87 19.58
182 88 20.56
182 89 21.55
182 90 22.56
182 91 23.63
182 92 24.83
182 93 11.32
182 94 11.96
182 95 12.77
182 96 13.66
182 97 14.60
182 98 15.57
182 99 16.57
182 100 17.59
182 101 18.63
182 102 19.71
182 103 20.85
182 104 22.16
182 105 23.63
182 106 10.13
182 107 10.29
182 108 10.76
182 109 11.41
182 110 12.18
182 111 13.05
182 112 13.98
182 113 14.97
182 114 16.02
182 115 17.14
182 116 18.37
182 117 19.87
182 118 21.57
182 119 9.23
182 120 8.80
182 121 8.78
182 122 9.04
182 123 9.52
182 124 10.17
182 125 10.95
182 126 11.85
182 127 12.84
182 128 13.95
182 129 15.22
182 130 16.85
182 131 18.72
182 132 8.85
182 133 7.87
182 134 7.26
182 135 6.96
182 136 6.95
182 137 7.20
182 138 7.69
182 139 8.38
182 140 9.24
182 141 10.27
182 142 11.52
182 143 13.21
182 144 15.19
182 145 9.11
182 146 7.86
182 147 6.80
182 148 5.93
182 149 5.24
182 150 4.81
182 151 4.67
182 152 4.88
182 153 5.41
182 154 6.25
182 155 7.39
182 156 9.09
182 157 11.10
182 158 9.93
182 159 8.76
182 160 7.66
182 161 6.61
182 162 5.60
182 163 4.61
182 164 3.67
182 165 2.82
182 166 2.25
182 167 2.26
182 168 3.04
182 169 4.63
182 170 6.62
182 171 11.09
182 172 10.23
182 173 9.39
182 174 8.55
182 175 7.69
182 176 6.83
182 177 5.93
182 178 5.00
182 179 4.02
182 180 2.94
182 181 1.70
182 182 0.00
182 183 2.01
182 184 12.34
182 185 11.90
182 186 11.42
182 187 10.89
182 188 10.35
182 189 9.77
182 190 9.16
182 191 8.51
182 192 7.81
182 193 7.01
182 194 6.05
182 195 4.63
182 196 3.12
182 197 13.50
182 198 13.50
182 199 13.38
182 200 13.19
182 201 12.96
182 202 12.68
182 203 12.35
182 204 11.97
182 205 11.53
182 206 10.99
182 207 10.27
182 208 9.09
182 209 7.75
182 210 7.60
183 1 18.26
183 2 15.83
183 3 16.48
183 4 16.92
183 5 17.25
183 6 17.49
183 7 17.66
183 8 17.77
183 9 17.80
183 10 17.76
183 11 17.61
183 12 17.29
183 13 16.54
183 14 15.65
183 15 16.22
183 16 17.16
183 17 17.88
183 18 18.47
183 19 18.96
183 20 19.38
183 21 19.73
183 22 20.00
183 23 20.20
183 24 20.31
183 25 20.26
183 26 19.84
183 27 19.32
183 28 16.24
183 29 17.39
183 30 18.32
183 31 19.12
183 32 19.82
183 33 20.45
183 34 21.00
183 35 21.50
183 36 21.93
183 37 22.27
183 38 22.49
183 39 22.42
183 40 22.29
183 41 15.87
183 42 17.13
183 43 18.19
183 44 19.15
183 45 20.01
183 46 20.81
183 47 21.55
183 48 22.23
183 49 22.86
183 50 23.42
183 51 23.90
183 52 24.17
183 53 24.43
183 54 15.15
183 55 16.40
183 56 17.53
183 57 18.56
183 58 19.54
183 59 20.46
183 60 21.33
183 61 22.17
183 62 22.97
183 63 23.72
183 64 24.43
183 65 25.04
183 66 25.68
183 67 14.14
183 68 15.27
183 69 16.35
183 70 17.40
183 71 18.41
183 72 19.40
183 73 20.37
183 74 21.32
183 75 22.25
183 76 23.16
183 77 24.07
183 78 24.98
183 79 25.98
183 80 12.94
183 81 13.80
183 82 14.74
183 83 15.71
183 84 16.70
183 85 17.70
183 86 18.70
183 87 19.71
183 88 20.72
183 89 21.76
183 90 22.83
183 91 24.01
183 92 25.33
183 93 11.70
183 94 12.15
183 95 12.82
183 96 13.61
183 97 14.49
183 98 15.42
183 99 16.39
183 100 17.41
183 101 18.46
183 102 19.56
183 103 20.75
183 104 22.16
183 105 23.75
183 106 10.60
183 107 10.52
183 108 10.78
183 109 11.27
183 110 11.92
183 111 12.70
183 112 13.56
183 113 14.51
183 114 15.54
183 115 16.67
183 116 17.92
183 117 19.50
183 118 21.30
183 119 9.88
183 120 9.22
183 121 8.94
183 122 8.97
183 123 9.25
183 124 9.73
183 125 10.38
183 126 11.17
183 127 12.11
183 128 13.18
183 129 14.44
183 130 16.12
183 131 18.06
183 132 9.75
183 133 8.62
183 134 7.80
183 135 7.24
183 136 6.94
183 137 6.91
183 138 7.15
183 139 7.62
183 140 8.33
183 141 9.26
183 142 10.45
183 143 12.15
183 144 14.16
183 145 10.23
183 146 8.96
183 147 7.85
183 148 6.85
183 149 5.97
183 150 5.24
183 151 4.72
183 152 4.49
183 153 4.63
183 154 5.17
183 155 6.13
183 156 7.75
183 157 9.74
183 158 11.19
183 159 10.10
183 160 9.06
183 161 8.05
183 162 7.05
183 163 6.05
183 164 5.05
183 165 4.05
183 166 3.09
183 167 2.27
183 168 2.04
183 169 3.12
183 170 4.96
183 171 12.40
183 172 11.67
183 173 10.93
183 174 10.18
183 175 9.40
183 176 8.60
183 177 7.77
183 178 6.90
183 179 5.96
183 180 4.92
183 181 3.71
183 182 2.01
183 183 0.00
183 184 13.64
183 185 13.34
183 186 12.97
183 187 12.55
183 188 12.08
183 189 11.58
183 190 11.03
183 191 10.44
183 192 9.78
183 193 9.01
183 194 8.06
183 195 6.62
183 196 4.96
183 197 14.75
183 198 14.88
183 199 14.87
183 200 14.78
183 201 14.63
183 202 14.42
183 203 14.17
183 204 13.85
183 205 13.45
183 206 12.95
183 207 12.27
183 208 11.10
183 209 9.74
183 210 7.97
184 1 5.35
184 2 2.88
184 3 2.97
184 4 3.28
184 5 3.73
184 6 4.26
184 7 4.85
184 8 5.46
184 9 6.11
184 10 6.77
184 11 7.46
184 12 8.17
184 13 8.94
184 14 9.99
184 15 3.95
184 16 4.20
184 17 4.53
184 18 4.90
184 19 5.32
184 20 5.78
184 21 6.26
184 22 6.77
184 23 7.29
184 24 7.82
184 25 8.37
184 26 8.91
184 27 9.72
184 28 4.87
184 29 5.32
184 30 5.74
184 31 6.15
184 32 6.57
184 33 7.00
184 34 7.43
184 35 7.86
184 36 8.30
184 37 8.73
184 38 9.15
184 39 9.51
184 40 10.09
184 41 5.62
184 42 6.26
184 43 6.80
184 44 7.30
184 45 7.78
184 46 8.23
184 47 8.68
184 48 9.11
184 49 9.53
184 50 9.93
184 51 10.29
184 52 10.54
184 53 10.97
184 54 6.16
184 55 6.98
184 56 7.66
184 57 8.26
184 58 8.82
184 59 9.34
184 60 9.84
184 61 10.31
184 62 10.76
184 63 11.17
184 64 11.54
184 65 11.77
184 66 12.14
184 67 6.48
184 68 7.45
184 69 8.26
184 70 8.96
184 71 9.61
184 72 10.22
184 73 10.79
184 74 11.32
184 75 11.83
184 76 12.30
184 77 12.72
184 78 13.00
184 79 13.39
184 80 6.56
184 81 7.66
184 82 8.57
184 83 9.38
184 84 10.12
184 85 10.81
184 86 11.46
184 87 12.07
184 88 12.65
184 89 13.19
184 90 13.69
184 91 14.06
184 92 14.54
184 93 6.39
184 94 7.59
184 95 8.59
184 96 9.48
184 97 10.31
184 98 11.08
184 99 11.80
184 100 12.49
184 101 13.15
184 102 13.78
184 103 14.36
184 104 14.85
184 105 15.45
184 106 5.99
184 107 7.24
184 108 8.31
184 109 9.28
184 110 10.17
184 111 11.00
184 112 11.80
184 113 12.57
184 114 13.30
184 115 14.01
184 116 14.69
184 117 15.31
184 118 16.05
184 119 5.37
184 120 6.64
184 121 7.75
184 122 8.76
184 123 9.70
184 124 10.60
184 125 11.46
184 126 12.29
184 127 13.09
184 128 13.88
184 129 14.64
184 130 15.39
184 131 16.28
184 132 4.56
184 133 5.80
184 134 6.93
184 135 7.97
184 136 8.95
184 137 9.88
184 138 10.79
184 139 11.67
184 140 12.53
184 141 13.38
184 142 14.23
184 143 15.10
184 144 16.13
184 145 3.57
184 146 4.77
184 147 5.89
184 148 6.94
184 149 7.94
184 150 8.90
184 151 9.84
184 152 10.76
184 153 11.66
184 154 12.56
184 155 13.48
184 156 14.45
184 157 15.60
184 158 2.46
184 159 3.58
184 160 4.69
184 161 5.74
184 162 6.75
184 163 7.73
184 164 8.68
184 165 9.62
184 166 10.55
184 167 11.49
184 168 12.45
184 169 13.50
184 170 14.75
184 171 1.25
184 172 2.33
184 173 3.44
184 174 4.49
184 175 5.50
184 176 6.48
184 177 7.43
184 178 8.37
184 179 9.31
184 180 10.26
184 181 11.24
184 182 12.34
184 183 13.64
184 184 0.00
184 185 1.27
184 186 2.38
184 187 3.41
184 188 4.39
184 189 5.34
184 190 6.27
184 191 7.19
184 192 8.10
184 193 9.03
184 194 10.00
184 195 11.09
184 196 12.40
184 197 1.25
184 198 1.39
184 199 2.10
184 200 2.93
184 201 3.78
184 202 4.62
184 203 5.47
184 204 6.31
184 205 7.16
184 206 8.02
184 207 8.92
184 208 9.93
184 209 11.19
184 210 7.34
185 1 6.40
185 2 4.03
185 3 3.85
185 4 3.82
185 5 3.93
185 6 4.17
185 7 4.50
185 8 4.91
185 9 5.39
185 10 5.91
185 11 6.47
185 12 7.07
185 13 7.75
185 14 8.73
185 15 5.17
185 16 5.28
185 17 5.42
185 18 5.60
185 19 5.83
185 20 6.09
185 21 6.38
185 22 6.71
185 23 7.05
185 24 7.42
185 25 7.78
185 26 8.12
185 27 8.74
185 28 6.13
185 29 6.52
185 30 6.85
185 31 7.15
185 32 7.45
185 33 7.75
185 34 8.05
185 35 8.35
185 36 8.65
185 37 8.93
185 38 9.17
185 39 9.30
185 40 9.63
185 41 6.89
185 42 7.52
185 43 8.03
185 44 8.48
185 45 8.89
185 46 9.28
185 47 9.65
185 48 9.99
185 49 10.32
185 50 10.60
185 51 10.83
185 52 10.89
185 53 11.09
185 54 7.40
185 55 8.24
185 56 8.93
185 57 9.52
185 58 10.05
185 59 10.55
185 60 11.01
185 61 11.44
185 62 11.83
185 63 12.18
185 64 12.46
185 65 12.56
185 66 12.76
185 67 7.65
185 68 8.67
185 69 9.50
185 70 10.22
185 71 10.88
185 72 11.49
185 73 12.05
185 74 12.57
185 75 13.06
185 76 13.50
185 77 13.87
185 78 14.07
185 79 14.36
185 80 7.62
185 81 8.77
185 82 9.72
185 83 10.56
185 84 11.33
185 85 12.04
185 86 12.71
185 87 13.33
185 88 13.92
185 89 14.46
185 90 14.95
185 91 15.29
185 92 15.72
185 93 7.31
185 94 8.55
185 95 9.60
185 96 10.53
185 97 11.39
185 98 12.19
185 99 12.95
185 100 13.67
185 101 14.36
185 102 15.01
185 103 15.61
185 104 16.12
185 105 16.72
185 106 6.75
185 107 8.01
185 108 9.12
185 109 10.12
185 110 11.05
185 111 11.93
185 112 12.77
185 113 13.58
185 114 14.35
185 115 15.10
185 116 15.82
185 117 16.49
185 118 17.28
185 119 5.94
185 120 7.19
185 121 8.31
185 122 9.35
185 123 10.33
185 124 11.27
185 125 12.17
185 126 13.05
185 127 13.90
185 128 14.74
185 129 15.57
185 130 16.40
185 131 17.36
185 132 4.93
185 133 6.09
185 134 7.20
185 135 8.26
185 136 9.27
185 137 10.24
185 138 11.19
185 139 12.12
185 140 13.03
185 141 13.95
185 142 14.87
185 143 15.84
185 144 16.97
185 145 3.76
185 146 4.78
185 147 5.84
185 148 6.88
185 149 7.90
185 150 8.90
185 151 9.87
185 152 10.84
185 153 11.80
185 154 12.76
185 155 13.76
185 156 14.85
185 157 16.12
185 158 2.51
185 159 3.29
185 160 4.28
185 161 5.30
185 162 6.32
185 163 7.32
185 164 8.31
185 165 9.29
185 166 10.28
185 167 11.28
185 168 12.32
185 169 13.50
185 170 14.88
185 171 1.39
185 172 1.67
185 173 2.61
185 174 3.63
185 175 4.64
185 176 5.64
185 177 6.63
185 178 7.62
185 179 8.61
185 180 9.62
185 181 10.68
185 182 11.90
185 183 13.34
185 184 1.27
185 185 0.00
185 186 1.12
185 187 2.17
185 188 3.17
185 189 4.15
185 190 5.11
185 191 6.06
185 192 7.02
185 193 8.00
185 194 9.03
185 195 10.23
185 196 11.67
185 197 2.33
185 198 1.67
185 199 1.58
185 200 2.00
185 201 2.67
185 202 3.42
185 203 4.22
185 204 5.05
185 205 5.89
185 206 6.76
185 207 7.69
185 208 8.76
185 209 10.10
185 210 7.70
186 1 7.46
186 2 5.14
186 3 4.86
186 4 4.68
186 5 4.59
186 6 4.59
186 7 4.69
186 8 4.88
186 9 5.14
186 10 5.47
186 11 5.87
186 12 6.31
186 13 6.82
186 14 7.68
186 15 6.29
186 16 6.36
186 17 6.43
186 18 6.50
186 19 6.60
186 20 6.73
186 21 6.88
186 22 7.05
186 23 7.24
186 24 7.44
186 25 7.62
186 26 7.72
186 27 8.10
186 28 7.25
186 29 7.64
186 30 7.94
186 31 8.19
186 32 8.43
186 33 8.66
186 34 8.88
186 35 9.08
186 36 9.27
186 37 9.44
186 38 9.54
186 39 9.47
186 40 9.56
186 41 7.99
186 42 8.64
186 43 9.15
186 44 9.59
186 45 9.98
186 46 10.34
186 47 10.66
186 48 10.96
186 49 11.22
186 50 11.44
186 51 11.57
186 52 11.50
186 53 11.52
186 54 8.45
186 55 9.33
186 56 10.04
186 57 10.64
186 58 11.18
186 59 11.67
186 60 12.12
186 61 12.53
186 62 12.89
186 63 13.21
186 64 13.44
186 65 13.46
186 66 13.54
186 67 8.62
186 68 9.68
186 69 10.55
186 70 11.30
186 71 11.98
186 72 12.60
186 73 13.17
186 74 13.70
186 75 14.18
186 76 14.61
186 77 14.97
186 78 15.14
186 79 15.37
186 80 8.49
186 81 9.68
186 82 10.67
186 83 11.55
186 84 12.34
186 85 13.08
186 86 13.77
186 87 14.41
186 88 15.02
186 89 15.57
186 90 16.07
186 91 16.41
186 92 16.83
186 93 8.07
186 94 9.33
186 95 10.41
186 96 11.37
186 97 12.27
186 98 13.10
186 99 13.89
186 100 14.64
186 101 15.36
186 102 16.04
186 103 16.67
186 104 17.21
186 105 17.83
186 106 7.37
186 107 8.64
186 108 9.76
186 109 10.78
186 110 11.75
186 111 12.66
186 112 13.53
186 113 14.37
186 114 15.19
186 115 15.98
186 116 16.74
186 117 17.47
186 118 18.30
186 119 6.44
186 120 7.63
186 121 8.75
186 122 9.80
186 123 10.81
186 124 11.77
186 125 12.71
186 126 13.62
186 127 14.51
186 128 15.40
186 129 16.28
186 130 17.18
186 131 18.22
186 132 5.31
186 133 6.35
186 134 7.42
186 135 8.46
186 136 9.48
186 137 10.47
186 138 11.45
186 139 12.41
186 140 13.37
186 141 14.33
186 142 15.31
186 143 16.37
186 144 17.60
186 145 4.07
186 146 4.86
186 147 5.82
186 148 6.82
186 149 7.83
186 150 8.83
186 151 9.82
186 152 10.82
186 153 11.82
186 154 12.83
186 155 13.89
186 156 15.08
186 157 16.45
186 158 2.87
186 159 3.21
186 160 4.00
186 161 4.94
186 162 5.92
186 163 6.92
186 164 7.92
186 165 8.93
186 166 9.95
186 167 10.99
186 168 12.10
186 169 13.38
186 170 14.87
186 171 2.10
186 172 1.58
186 173 2.04
186 174 2.91
186 175 3.88
186 176 4.88
186 177 5.88
186 178 6.89
186 179 7.91
186 180 8.97
186 181 10.09
186 182 11.42
186 183 12.97
186 184 2.38
186 185 1.12
186 186 0.00
186 187 1.05
186 188 2.07
186 189 3.06
186 190 4.03
186 191 5.01
186 192 6.00
186 193 7.02
186 194 8.10
186 195 9.39
186 196 10.93
186 197 3.44
186 198 2.61
186 199 2.04
186 200 1.83
186 201 2.05
186 202 2.56
186 203 3.23
186 204 3.98
186 205 4.79
186 206 5.64
186 207 6.57
186 208 7.66
186 209 9.06
186 210 7.99
187 1 8.51
187 2 6.19
187 3 5.90
187 4 5.64
187 5 5.44
187 6 5.31
187 7 5.23
187 8 5.23
187 9 5.29
187 10 5.42
187 11 5.61
187 12 5.85
187 13 6.12
187 14 6.80
187 15 7.34
187 16 7.41
187 17 7.45
187 18 7.47
187 19 7.50
187 20 7.54
187 21 7.59
187 22 7.65
187 23 7.71
187 24 7.76
187 25 7.78
187 26 7.64
187 27 7.76
187 28 8.29
187 29 8.69
187 30 8.99
187 31 9.23
187 32 9.44
187 33 9.63
187 34 9.79
187 35 9.94
187 36 10.05
187 37 10.13
187 38 10.13
187 39 9.89
187 40 9.78
187 41 8.98
187 42 9.67
187 43 10.20
187 44 10.65
187 45 11.03
187 46 11.38
187 47 11.68
187 48 11.95
187 49 12.18
187 50 12.35
187 51 12.42
187 52 12.25
187 53 12.14
187 54 9.39
187 55 10.31
187 56 11.05
187 57 11.67
187 58 12.22
187 59 12.72
187 60 13.17
187 61 13.58
187 62 13.93
187 63 14.23
187 64 14.43
187 65 14.41
187 66 14.42
187 67 9.48
187 68 10.59
187 69 11.49
187 70 12.27
187 71 12.97
187 72 13.61
187 73 14.20
187 74 14.74
187 75 15.23
187 76 15.67
187 77 16.02
187 78 16.18
187 79 16.38
187 80 9.26
187 81 10.48
187 82 11.51
187 83 12.41
187 84 13.24
187 85 14.00
187 86 14.71
187 87 15.38
187 88 16.01
187 89 16.59
187 90 17.10
187 91 17.46
187 92 17.89
187 93 8.74
187 94 10.01
187 95 11.11
187 96 12.10
187 97 13.02
187 98 13.89
187 99 14.71
187 100 15.49
187 101 16.23
187 102 16.94
187 103 17.61
187 104 18.18
187 105 18.85
187 106 7.94
187 107 9.18
187 108 10.30
187 109 11.35
187 110 12.33
187 111 13.27
187 112 14.17
187 113 15.05
187 114 15.89
187 115 16.72
187 116 17.53
187 117 18.31
187 118 19.21
187 119 6.90
187 120 8.03
187 121 9.12
187 122 10.17
187 123 11.19
187 124 12.17
187 125 13.13
187 126 14.08
187 127 15.01
187 128 15.93
187 129 16.86
187 130 17.84
187 131 18.95
187 132 5.70
187 133 6.61
187 134 7.61
187 135 8.63
187 136 9.64
187 137 10.64
187 138 11.63
187 139 12.62
187 140 13.61
187 141 14.61
187 142 15.64
187 143 16.78
187 144 18.09
187 145 4.46
187 146 5.00
187 147 5.83
187 148 6.76
187 149 7.74
187 150 8.73
187 151 9.73
187 152 10.74
187 153 11.77
187 154 12.82
187 155 13.93
187 156 15.21
187 157 16.68
187 158 3.39
187 159 3.33
187 160 3.86
187 161 4.65
187 162 5.57
187 163 6.53
187 164 7.53
187 165 8.55
187 166 9.59
187 167 10.67
187 168 11.83
187 169 13.20
187 170 14.78
187 171 2.93
187 172 2.00
187 173 1.83
187 174 2.37
187 175 3.22
187 176 4.17
187 177 5.16
187 178 6.18
187 179 7.22
187 180 8.31
187 181 9.49
187 182 10.89
187 183 12.55
187 184 3.41
187 185 2.17
187 186 1.05
187 187 0.00
187 188 1.02
187 189 2.02
187 190 3.01
187 191 4.00
187 192 5.01
187 193 6.06
187 194 7.19
187 195 8.54
187 196 10.18
187 197 4.49
187 198 3.63
187 199 2.91
187 200 2.37
187 201 2.09
187 202 2.16
187 203 2.53
187 204 3.12
187 205 3.82
187 206 4.62
187 207 5.52
187 208 6.61
187 209 8.05
187 210 8.23
188 1 9.52
188 2 7.20
188 3 6.91
188 4 6.64
188 5 6.38
188 6 6.16
188 7 5.98
188 8 5.84
188 9 5.74
188 10 5.69
188 11 5.68
188 12 5.69
188 13 5.68
188 14 6.10
188 15 8.33
188 16 8.43
188 17 8.46
188 18 8.47
188 19 8.46
188 20 8.45
188 21 8.43
188 22 8.41
188 23 8.37
188 24 8.31
188 25 8.18
188 26 7.84
188 27 7.69
188 28 9.25
188 29 9.69
188 30 10.00
188 31 10.25
188 32 10.45
188 33 10.61
188 34 10.75
188 35 10.86
188 36 10.93
188 37 10.94
188 38 10.86
188 39 10.50
188 40 10.21
188 41 9.91
188 42 10.64
188 43 11.19
188 44 11.65
188 45 12.05
188 46 12.39
188 47 12.69
188 48 12.95
188 49 13.16
188 50 13.30
188 51 13.34
188 52 13.10
188 53 12.89
188 54 10.26
188 55 11.22
188 56 11.99
188 57 12.64
188 58 13.21
188 59 13.72
188 60 14.18
188 61 14.59
188 62 14.95
188 63 15.24
188 64 15.44
188 65 15.38
188 66 15.34
188 67 10.28
188 68 11.41
188 69 12.35
188 70 13.16
188 71 13.88
188 72 14.55
188 73 15.15
188 74 15.71
188 75 16.22
188 76 16.67
188 77 17.03
188 78 17.20
188 79 17.39
188 80 9.97
188 81 11.21
188 82 12.26
188 83 13.19
188 84 14.05
188 85 14.84
188 86 15.58
188 87 16.27
188 88 16.92
188 89 17.52
188 90 18.06
188 91 18.45
188 92 18.90
188 93 9.35
188 94 10.62
188 95 11.73
188 96 12.75
188 97 13.70
188 98 14.59
188 99 15.43
188 100 16.24
188 101 17.02
188 102 17.76
188 103 18.46
188 104 19.08
188 105 19.79
188 106 8.46
188 107 9.67
188 108 10.79
188 109 11.84
188 110 12.84
188 111 13.80
188 112 14.73
188 113 15.63
188 114 16.51
188 115 17.37
188 116 18.22
188 117 19.06
188 118 20.02
188 119 7.35
188 120 8.40
188 121 9.46
188 122 10.50
188 123 11.51
188 124 12.51
188 125 13.49
188 126 14.46
188 127 15.41
188 128 16.37
188 129 17.35
188 130 18.39
188 131 19.58
188 132 6.11
188 133 6.88
188 134 7.80
188 135 8.77
188 136 9.76
188 137 10.76
188 138 11.76
188 139 12.77
188 140 13.78
188 141 14.82
188 142 15.89
188 143 17.11
188 144 18.50
188 145 4.90
188 146 5.21
188 147 5.89
188 148 6.73
188 149 7.65
188 150 8.62
188 151 9.62
188 152 10.64
188 153 11.68
188 154 12.76
188 155 13.91
188 156 15.26
188 157 16.82
188 158 3.99
188 159 3.62
188 160 3.85
188 161 4.46
188 162 5.27
188 163 6.18
188 164 7.15
188 165 8.16
188 166 9.21
188 167 10.32
188 168 11.51
188 169 12.96
188 170 14.63
188 171 3.78
188 172 2.67
188 173 2.05
188 174 2.09
188 175 2.68
188 176 3.53
188 177 4.48
188 178 5.48
188 179 6.54
188 180 7.65
188 181 8.86
188 182 10.35
188 183 12.08
188 184 4.39
188 185 3.17
188 186 2.07
188 187 1.02
188 188 0.00
188 189 1.00
188 190 2.00
188 191 3.01
188 192 4.03
188 193 5.10
188 194 6.27
188 195 7.69
188 196 9.40
188 197 5.50
188 198 4.64
188 199 3.88
188 200 3.22
188 201 2.68
188 202 2.35
188 203 2.29
188 204 2.54
188 205 3.04
188 206 3.71
188 207 4.53
188 208 5.60
188 209 7.05
188 210 8.45
189 1 10.52
189 2 8.17
189 3 7.91
189 4 7.63
189 5 7.36
189 6 7.10
189 7 6.85
189 8 6.62
189 9 6.41
189 10 6.22
189 11 6.04
189 12 5.84
189 13 5.53
189 14 5.61
189 15 9.29
189 16 9.42
189 17 9.46
189 18 9.46
189 19 9.44
189 20 9.40
189 21 9.34
189 22 9.27
189 23 9.17
189 24 9.02
189 25 8.78
189 26 8.27
189 27 7.88
189 28 10.18
189 29 10.66
189 30 10.99
189 31 11.24
189 32 11.45
189 33 11.61
189 34 11.73
189 35 11.82
189 36 11.86
189 37 11.83
189 38 11.69
189 39 11.24
189 40 10.82
189 41 10.79
189 42 11.56
189 43 12.14
189 44 12.63
189 45 13.04
189 46 13.39
189 47 13.70
189 48 13.95
189 49 14.15
189 50 14.28
189 51 14.30
189 52 14.01
189 53 13.73
189 54 11.07
189 55 12.07
189 56 12.87
189 57 13.55
189 58 14.15
189 59 14.68
189 60 15.15
189 61 15.58
189 62 15.95
189 63 16.25
189 64 16.44
189 65 16.37
189 66 16.31
189 67 11.02
189 68 12.19
189 69 13.15
189 70 13.99
189 71 14.74
189 72 15.43
189 73 16.06
189 74 16.64
189 75 17.17
189 76 17.64
189 77 18.02
189 78 18.19
189 79 18.39
189 80 10.63
189 81 11.89
189 82 12.96
189 83 13.92
189 84 14.79
189 85 15.61
189 86 16.38
189 87 17.10
189 88 17.77
189 89 18.40
189 90 18.97
189 91 19.39
189 92 19.87
189 93 9.93
189 94 11.19
189 95 12.31
189 96 13.34
189 97 14.31
189 98 15.22
189 99 16.09
189 100 16.93
189 101 17.73
189 102 18.51
189 103 19.24
189 104 19.91
189 105 20.67
189 106 8.96
189 107 10.12
189 108 11.23
189 109 12.28
189 110 13.29
189 111 14.27
189 112 15.22
189 113 16.15
189 114 17.05
189 115 17.95
189 116 18.84
189 117 19.74
189 118 20.76
189 119 7.79
189 120 8.75
189 121 9.76
189 122 10.78
189 123 11.79
189 124 12.80
189 125 13.79
189 126 14.77
189 127 15.76
189 128 16.75
189 129 17.77
189 130 18.88
189 131 20.14
189 132 6.54
189 133 7.16
189 134 7.98
189 135 8.90
189 136 9.86
189 137 10.85
189 138 11.85
189 139 12.87
189 140 13.90
189 141 14.96
189 142 16.08
189 143 17.36
189 144 18.83
189 145 5.39
189 146 5.48
189 147 5.99
189 148 6.72
189 149 7.58
189 150 8.51
189 151 9.48
189 152 10.50
189 153 11.55
189 154 12.65
189 155 13.84
189 156 15.26
189 157 16.89
189 158 4.64
189 159 4.03
189 160 3.98
189 161 4.37
189 162 5.03
189 163 5.85
189 164 6.77
189 165 7.77
189 166 8.82
189 167 9.94
189 168 11.17
189 169 12.68
189 170 14.43
189 171 4.62
189 172 3.43
189 173 2.56
189 174 2.16
189 175 2.34
189 176 2.98
189 177 3.84
189 178 4.81
189 179 5.85
189 180 6.98
189 181 8.22
189 182 9.77
189 183 11.58
189 184 5.34
189 185 4.15
189 186 3.06
189 187 2.02
189 188 1.00
189 189 0.00
189 190 1.00
189 191 2.02
189 192 3.06
189 193 4.15
189 194 5.34
189 195 6.83
189 196 8.60
189 197 6.48
189 198 5.64
189 199 4.88
189 200 4.17
189 201 3.53
189 202 2.98
189 203 2.59
189 204 2.43
189 205 2.56
189 206 2.98
189 207 3.64
189 208 4.61
189 209 6.05
189 210 8.67
190 1 11.49
190 2 9.12
190 3 8.90
190 4 8.64
190 5 8.36
190 6 8.08
190 7 7.79
190 8 7.51
190 9 7.23
190 10 6.94
190 11 6.63
190 12 6.26
190 13 5.68
190 14 5.40
190 15 10.21
190 16 10.38
190 17 10.45
190 18 10.47
190 19 10.44
190 20 10.39
190 21 10.31
190 22 10.20
190 23 10.06
190 24 9.85
190 25 9.53
190 26 8.89
190 27 8.29
190 28 11.07
190 29 11.59
190 30 11.95
190 31 12.23
190 32 12.44
190 33 12.61
190 34 12.73
190 35 12.81
190 36 12.83
190 37 12.78
190 38 12.61
190 39 12.09
190 40 11.56
190 41 11.62
190 42 12.44
190 43 13.06
190 44 13.57
190 45 14.00
190 46 14.37
190 47 14.69
190 48 14.95
190 49 15.15
190 50 15.28
190 51 15.28
190 52 14.98
190 53 14.64
190 54 11.84
190 55 12.89
190 56 13.72
190 57 14.43
190 58 15.05
190 59 15.60
190 60 16.10
190 61 16.54
190 62 16.92
190 63 17.24
190 64 17.44
190 65 17.37
190 66 17.30
190 67 11.72
190 68 12.91
190 69 13.90
190 70 14.77
190 71 15.55
190 72 16.27
190 73 16.92
190 74 17.53
190 75 18.08
190 76 18.57
190 77 18.97
190 78 19.17
190 79 19.39
190 80 11.25
190 81 12.51
190 82 13.60
190 83 14.58
190 84 15.49
190 85 16.33
190 86 17.12
190 87 17.87
190 88 18.57
190 89 19.23
190 90 19.83
190 91 20.29
190 92 20.81
190 93 10.47
190 94 11.71
190 95 12.84
190 96 13.88
190 97 14.86
190 98 15.80
190 99 16.69
190 100 17.56
190 101 18.39
190 102 19.19
190 103 19.97
190 104 20.69
190 105 21.50
190 106 9.43
190 107 10.55
190 108 11.63
190 109 12.68
190 110 13.70
190 111 14.68
190 112 15.65
190 113 16.60
190 114 17.54
190 115 18.46
190 116 19.39
190 117 20.35
190 118 21.44
190 119 8.23
190 120 9.09
190 121 10.05
190 122 11.03
190 123 12.03
190 124 13.03
190 125 14.03
190 126 15.04
190 127 16.04
190 128 17.06
190 129 18.12
190 130 19.29
190 131 20.62
190 132 6.98
190 133 7.44
190 134 8.17
190 135 9.02
190 136 9.94
190 137 10.91
190 138 11.90
190 139 12.92
190 140 13.96
190 141 15.05
190 142 16.20
190 143 17.55
190 144 19.09
190 145 5.91
190 146 5.80
190 147 6.14
190 148 6.74
190 149 7.51
190 150 8.39
190 151 9.33
190 152 10.33
190 153 11.38
190 154 12.50
190 155 13.72
190 156 15.20
190 157 16.90
190 158 5.33
190 159 4.53
190 160 4.23
190 161 4.38
190 162 4.86
190 163 5.57
190 164 6.42
190 165 7.37
190 166 8.41
190 167 9.53
190 168 10.78
190 169 12.35
190 170 14.17
190 171 5.47
190 172 4.22
190 173 3.23
190 174 2.53
190 175 2.29
190 176 2.59
190 177 3.27
190 178 4.16
190 179 5.17
190 180 6.29
190 181 7.55
190 182 9.16
190 183 11.03
190 184 6.27
190 185 5.11
190 186 4.03
190 187 3.01
190 188 2.00
190 189 1.00
190 190 0.00
190 191 1.02
190 192 2.07
190 193 3.17
190 194 4.39
190 195 5.93
190 196 7.77
190 197 7.43
190 198 6.63
190 199 5.88
190 200 5.16
190 201 4.48
190 202 3.84
190 203 3.27
190 204 2.81
190 205 2.55
190 206 2.56
190 207 2.90
190 208 3.67
190 209 5.05
190 210 8.87
191 1 12.46
191 2 10.05
191 3 9.88
191 4 9.64
191 5 9.37
191 6 9.09
191 7 8.79
191 8 8.48
191 9 8.16
191 10 7.80
191 11 7.40
191 12 6.91
191 13 6.11
191 14 5.49
191 15 11.12
191 16 11.34
191 17 11.44
191 18 11.47
191 19 11.46
191 20 11.41
191 21 11.32
191 22 11.20
191 23 11.03
191 24 10.78
191 25 10.40
191 26 9.66
191 27 8.92
191 28 11.93
191 29 12.50
191 30 12.90
191 31 13.20
191 32 13.44
191 33 13.62
191 34 13.75
191 35 13.83
191 36 13.85
191 37 13.79
191 38 13.59
191 39 13.03
191 40 12.43
191 41 12.43
191 42 13.29
191 43 13.95
191 44 14.49
191 45 14.95
191 46 15.34
191 47 15.67
191 48 15.95
191 49 16.17
191 50 16.30
191 51 16.30
191 52 15.99
191 53 15.63
191 54 12.58
191 55 13.66
191 56 14.53
191 57 15.27
191 58 15.92
191 59 16.50
191 60 17.02
191 61 17.49
191 62 17.89
191 63 18.22
191 64 18.43
191 65 18.39
191 66 18.32
191 67 12.38
191 68 13.60
191 69 14.62
191 70 15.51
191 71 16.32
191 72 17.06
191 73 17.75
191 74 18.38
191 75 18.96
191 76 19.47
191 77 19.90
191 78 20.13
191 79 20.38
191 80 11.83
191 81 13.10
191 82 14.21
191 83 15.21
191 84 16.14
191 85 17.00
191 86 17.82
191 87 18.60
191 88 19.33
191 89 20.02
191 90 20.65
191 91 21.16
191 92 21.72
191 93 10.98
191 94 12.20
191 95 13.32
191 96 14.37
191 97 15.37
191 98 16.32
191 99 17.24
191 100 18.13
191 101 18.99
191 102 19.83
191 103 20.64
191 104 21.42
191 105 22.29
191 106 9.89
191 107 10.94
191 108 12.00
191 109 13.03
191 110 14.05
191 111 15.05
191 112 16.03
191 113 17.00
191 114 17.96
191 115 18.92
191 116 19.89
191 117 20.91
191 118 22.06
191 119 8.65
191 120 9.41
191 121 10.31
191 122 11.26
191 123 12.24
191 124 13.23
191 125 14.23
191 126 15.24
191 127 16.27
191 128 17.31
191 129 18.41
191 130 19.64
191 131 21.04
191 132 7.43
191 133 7.74
191 134 8.35
191 135 9.13
191 136 10.00
191 137 10.93
191 138 11.91
191 139 12.93
191 140 13.98
191 141 15.08
191 142 16.27
191 143 17.67
191 144 19.28
191 145 6.46
191 146 6.16
191 147 6.32
191 148 6.78
191 149 7.45
191 150 8.26
191 151 9.16
191 152 10.13
191 153 11.18
191 154 12.30
191 155 13.54
191 156 15.08
191 157 16.85
191 158 6.03
191 159 5.09
191 160 4.59
191 161 4.50
191 162 4.77
191 163 5.33
191 164 6.08
191 165 6.97
191 166 7.97
191 167 9.09
191 168 10.36
191 169 11.97
191 170 13.85
191 171 6.31
191 172 5.05
191 173 3.98
191 174 3.12
191 175 2.54
191 176 2.43
191 177 2.81
191 178 3.55
191 179 4.49
191 180 5.59
191 181 6.86
191 182 8.51
191 183 10.44
191 184 7.19
191 185 6.06
191 186 5.01
191 187 4.00
191 188 3.01
191 189 2.02
191 190 1.02
191 191 0.00
191 192 1.05
191 193 2.17
191 194 3.41
191 195 5.00
191 196 6.90
191 197 8.37
191 198 7.62
191 199 6.89
191 200 6.18
191 201 5.49
191 202 4.81
191 203 4.16
191 204 3.55
191 205 3.02
191 206 2.62
191 207 2.49
191 208 2.82
191 209 4.05
191 210 9.06
192 1 13.41
192 2 10.98
192 3 10.85
192 4 10.65
192 5 10.41
192 6 10.14
192 7 9.85
192 8 9.53
192 9 9.18
192 10 8.79
192 11 8.33
192 12 7.75
192 13 6.81
192 14 5.91
192 15 12.01
192 16 12.28
192 17 12.42
192 18 12.49
192 19 12.49
192 20 12.46
192 21 12.38
192 22 12.25
192 23 12.07
192 24 11.80
192 25 11.39
192 26 10.59
192 27 9.73
192 28 12.77
192 29 13.40
192 30 13.84
192 31 14.17
192 32 14.43
192 33 14.64
192 34 14.78
192 35 14.88
192 36 14.90
192 37 14.84
192 38 14.63
192 39 14.06
192 40 13.41
192 41 13.21
192 42 14.12
192 43 14.82
192 44 15.39
192 45 15.88
192 46 16.30
192 47 16.66
192 48 16.95
192 49 17.19
192 50 17.33
192 51 17.35
192 52 17.04
192 53 16.67
192 54 13.29
192 55 14.41
192 56 15.31
192 57 16.08
192 58 16.76
192 59 17.38
192 60 17.92
192 61 18.41
192 62 18.84
192 63 19.20
192 64 19.44
192 65 19.41
192 66 19.36
192 67 13.01
192 68 14.25
192 69 15.29
192 70 16.22
192 71 17.05
192 72 17.82
192 73 18.54
192 74 19.20
192 75 19.80
192 76 20.35
192 77 20.81
192 78 21.09
192 79 21.37
192 80 12.39
192 81 13.65
192 82 14.77
192 83 15.79
192 84 16.74
192 85 17.63
192 86 18.47
192 87 19.28
192 88 20.04
192 89 20.76
192 90 21.43
192 91 21.99
192 92 22.61
192 93 11.47
192 94 12.65
192 95 13.76
192 96 14.82
192 97 15.82
192 98 16.80
192 99 17.74
192 100 18.65
192 101 19.54
192 102 20.41
192 103 21.26
192 104 22.10
192 105 23.03
192 106 10.32
192 107 11.31
192 108 12.32
192 109 13.34
192 110 14.36
192 111 15.36
192 112 16.35
192 113 17.34
192 114 18.32
192 115 19.31
192 116 20.31
192 117 21.40
192 118 22.62
192 119 9.07
192 120 9.72
192 121 10.54
192 122 11.44
192 123 12.39
192 124 13.37
192 125 14.37
192 126 15.39
192 127 16.42
192 128 17.50
192 129 18.63
192 130 19.92
192 131 21.39
192 132 7.89
192 133 8.04
192 134 8.53
192 135 9.22
192 136 10.03
192 137 10.92
192 138 11.87
192 139 12.88
192 140 13.93
192 141 15.04
192 142 16.26
192 143 17.72
192 144 19.39
192 145 7.03
192 146 6.56
192 147 6.54
192 148 6.85
192 149 7.40
192 150 8.11
192 151 8.96
192 152 9.89
192 153 10.92
192 154 12.04
192 155 13.30
192 156 14.89
192 157 16.71
192 158 6.75
192 159 5.70
192 160 5.03
192 161 4.72
192 162 4.77
192 163 5.13
192 164 5.75
192 165 6.56
192 166 7.51
192 167 8.60
192 168 9.87
192 169 11.53
192 170 13.45
192 171 7.16
192 172 5.89
192 173 4.79
192 174 3.82
192 175 3.04
192 176 2.56
192 177 2.55
192 178 3.02
192 179 3.83
192 180 4.86
192 181 6.12
192 182 7.81
192 183 9.78
192 184 8.10
192 185 7.02
192 186 6.00
192 187 5.01
192 188 4.03
192 189 3.06
192 190 2.07
192 191 1.05
192 192 0.00
192 193 1.12
192 194 2.38
192 195 4.02
192 196 5.96
192 197 9.31
192 198 8.61
192 199 7.91
192 200 7.22
192 201 6.54
192 202 5.86
192 203 5.17
192 204 4.49
192 205 3.83
192 206 3.18
192 207 2.60
192 208 2.25
192 209 3.09
192 210 9.24
193 1 14.37
193 2 11.90
193 3 11.84
193 4 11.69
193 5 11.49
193 6 11.24
193 7 10.96
193 8 10.65
193 9 10.30
193 10 9.90
193 11 9.41
193 12 8.78
193 13 7.73
193 14 6.65
193 15 12.90
193 16 13.23
193 17 13.42
193 18 13.52
193 19 13.56
193 20 13.55
193 21 13.48
193 22 13.37
193 23 13.19
193 24 12.92
193 25 12.49
193 26 11.66
193 27 10.72
193 28 13.60
193 29 14.28
193 30 14.77
193 31 15.15
193 32 15.44
193 33 15.68
193 34 15.85
193 35 15.96
193 36 16.00
193 37 15.96
193 38 15.76
193 39 15.18
193 40 14.51
193 41 13.97
193 42 14.92
193 43 15.67
193 44 16.28
193 45 16.80
193 46 17.26
193 47 17.65
193 48 17.97
193 49 18.23
193 50 18.40
193 51 18.44
193 52 18.15
193 53 17.79
193 54 13.97
193 55 15.12
193 56 16.06
193 57 16.87
193 58 17.58
193 59 18.23
193 60 18.81
193 61 19.33
193 62 19.79
193 63 20.17
193 64 20.45
193 65 20.46
193 66 20.45
193 67 13.60
193 68 14.86
193 69 15.93
193 70 16.88
193 71 17.74
193 72 18.55
193 73 19.29
193 74 19.98
193 75 20.62
193 76 21.21
193 77 21.71
193 78 22.03
193 79 22.36
193 80 12.90
193 81 14.16
193 82 15.28
193 83 16.31
193 84 17.28
193 85 18.20
193 86 19.07
193 87 19.90
193 88 20.70
193 89 21.46
193 90 22.17
193 91 22.79
193 92 23.47
193 93 11.91
193 94 13.06
193 95 14.15
193 96 15.20
193 97 16.22
193 98 17.20
193 99 18.16
193 100 19.10
193 101 20.02
193 102 20.92
193 103 21.82
193 104 22.72
193 105 23.72
193 106 10.73
193 107 11.63
193 108 12.60
193 109 13.59
193 110 14.59
193 111 15.59
193 112 16.59
193 113 17.59
193 114 18.60
193 115 19.61
193 116 20.66
193 117 21.81
193 118 23.10
193 119 9.48
193 120 9.99
193 121 10.73
193 122 11.57
193 123 12.49
193 124 13.44
193 125 14.43
193 126 15.45
193 127 16.50
193 128 17.59
193 129 18.75
193 130 20.11
193 131 21.65
193 132 8.36
193 133 8.34
193 134 8.69
193 135 9.27
193 136 10.01
193 137 10.84
193 138 11.76
193 139 12.74
193 140 13.79
193 141 14.91
193 142 16.15
193 143 17.67
193 144 19.41
193 145 7.62
193 146 6.98
193 147 6.78
193 148 6.92
193 149 7.33
193 150 7.94
193 151 8.70
193 152 9.59
193 153 10.58
193 154 11.69
193 155 12.96
193 156 14.59
193 157 16.47
193 158 7.49
193 159 6.35
193 160 5.54
193 161 5.03
193 162 4.84
193 163 4.99
193 164 5.44
193 165 6.12
193 166 6.99
193 167 8.04
193 168 9.30
193 169 10.99
193 170 12.95
193 171 8.02
193 172 6.76
193 173 5.64
193 174 4.62
193 175 3.71
193 176 2.98
193 177 2.56
193 178 2.62
193 179 3.18
193 180 4.10
193 181 5.31
193 182 7.01
193 183 9.01
193 184 9.03
193 185 8.00
193 186 7.02
193 187 6.06
193 188 5.10
193 189 4.15
193 190 3.17
193 191 2.17
193 192 1.12
193 193 0.00
193 194 1.27
193 195 2.94
193 196 4.92
193 197 10.26
193 198 9.62
193 199 8.97
193 200 8.31
193 201 7.65
193 202 6.98
193 203 6.29
193 204 5.59
193 205 4.86
193 206 4.10
193 207 3.26
193 208 2.26
193 209 2.27
193 210 9.39
194 1 15.35
194 2 12.85
194 3 12.87
194 4 12.78
194 5 12.63
194 6 12.43
194 7 12.18
194 8 11.90
194 9 11.56
194 10 11.16
194 11 10.68
194 12 10.02
194 13 8.93
194 14 7.73
194 15 13.79
194 16 14.20
194 17 14.45
194 18 14.61
194 19 14.69
194 20 14.71
194 21 14.68
194 22 14.60
194 23 14.44
194 24 14.18
194 25 13.76
194 26 12.92
194 27 11.95
194 28 14.42
194 29 15.17
194 30 15.72
194 31 16.15
194 32 16.49
194 33 16.76
194 34 16.97
194 35 17.12
194 36 17.19
194 37 17.17
194 38 17.00
194 39 16.44
194 40 15.78
194 41 14.70
194 42 15.71
194 43 16.51
194 44 17.17
194 45 17.74
194 46 18.23
194 47 18.66
194 48 19.03
194 49 19.32
194 50 19.53
194 51 19.60
194 52 19.35
194 53 19.03
194 54 14.61
194 55 15.80
194 56 16.77
194 57 17.62
194 58 18.38
194 59 19.06
194 60 19.68
194 61 20.25
194 62 20.75
194 63 21.17
194 64 21.49
194 65 21.56
194 66 21.60
194 67 14.15
194 68 15.42
194 69 16.51
194 70 17.49
194 71 18.39
194 72 19.22
194 73 20.00
194 74 20.73
194 75 21.41
194 76 22.04
194 77 22.59
194 78 22.98
194 79 23.38
194 80 13.36
194 81 14.60
194 82 15.72
194 83 16.77
194 84 17.76
194 85 18.70
194 86 19.60
194 87 20.46
194 88 21.30
194 89 22.09
194 90 22.86
194 91 23.55
194 92 24.31
194 93 12.31
194 94 13.39
194 95 14.46
194 96 15.50
194 97 16.52
194 98 17.51
194 99 18.49
194 100 19.45
194 101 20.40
194 102 21.34
194 103 22.28
194 104 23.26
194 105 24.34
194 106 11.08
194 107 11.88
194 108 12.79
194 109 13.75
194 110 14.73
194 111 15.72
194 112 16.72
194 113 17.73
194 114 18.76
194 115 19.80
194 116 20.89
194 117 22.11
194 118 23.48
194 119 9.85
194 120 10.22
194 121 10.84
194 122 11.61
194 123 12.47
194 124 13.40
194 125 14.37
194 126 15.38
194 127 16.43
194 128 17.54
194 129 18.73
194 130 20.15
194 131 21.77
194 132 8.81
194 133 8.62
194 134 8.81
194 135 9.26
194 136 9.89
194 137 10.66
194 138 11.53
194 139 12.48
194 140 13.51
194 141 14.63
194 142 15.89
194 143 17.46
194 144 19.26
194 145 8.22
194 146 7.43
194 147 7.04
194 148 6.99
194 149 7.22
194 150 7.69
194 151 8.35
194 152 9.16
194 153 10.10
194 154 11.19
194 155 12.46
194 156 14.12
194 157 16.05
194 158 8.26
194 159 7.06
194 160 6.12
194 161 5.43
194 162 5.01
194 163 4.90
194 164 5.11
194 165 5.61
194 166 6.37
194 167 7.34
194 168 8.57
194 169 10.27
194 170 12.27
194 171 8.92
194 172 7.69
194 173 6.57
194 174 5.52
194 175 4.53
194 176 3.64
194 177 2.90
194 178 2.49
194 179 2.60
194 180 3.26
194 181 4.36
194 182 6.05
194 183 8.06
194 184 10.00
194 185 9.03
194 186 8.10
194 187 7.19
194 188 6.27
194 189 5.34
194 190 4.39
194 191 3.41
194 192 2.38
194 193 1.27
194 194 0.00
194 195 1.70
194 196 3.71
194 197 11.24
194 198 10.68
194 199 10.09
194 200 9.49
194 201 8.86
194 202 8.22
194 203 7.55
194 204 6.86
194 205 6.12
194 206 5.31
194 207 4.36
194 208 3.04
194 209 2.04
194 210 9.48
195 1 16.41
195 2 13.88
195 3 14.02
195 4 14.04
195 5 13.97
195 6 13.84
195 7 13.66
195 8 13.44
195 9 13.15
195 10 12.80
195 11 12.35
195 12 11.72
195 13 10.63
195 14 9.39
195 15 14.73
195 16 15.25
195 17 15.60
195 18 15.83
195 19 15.99
195 20 16.09
195 21 16.12
195 22 16.09
195 23 15.98
195 24 15.78
195 25 15.40
195 26 14.60
195 27 13.65
195 28 15.25
195 29 16.09
195 30 16.72
195 31 17.23
195 32 17.64
195 33 17.98
195 34 18.26
195 35 18.47
195 36 18.60
195 37 18.63
195 38 18.52
195 39 18.02
195 40 17.42
195 41 15.40
195 42 16.49
195 43 17.35
195 44 18.08
195 45 18.71
195 46 19.27
195 47 19.76
195 48 20.19
195 49 20.54
195 50 20.81
195 51 20.96
195 52 20.79
195 53 20.55
195 54 15.18
195 55 16.41
195 56 17.43
195 57 18.33
195 58 19.14
195 59 19.89
195 60 20.56
195 61 21.18
195 62 21.74
195 63 22.23
195 64 22.62
195 65 22.79
195 66 22.93
195 67 14.60
195 68 15.87
195 69 16.98
195 70 17.99
195 71 18.93
195 72 19.80
195 73 20.63
195 74 21.41
195 75 22.15
195 76 22.84
195 77 23.46
195 78 23.95
195 79 24.47
195 80 13.70
195 81 14.89
195 82 16.00
195 83 17.06
195 84 18.06
195 85 19.03
195 86 19.97
195 87 20.87
195 88 21.75
195 89 22.61
195 90 23.44
195 91 24.24
195 92 25.11
195 93 12.56
195 94 13.55
195 95 14.57
195 96 15.59
195 97 16.60
195 98 17.60
195 99 18.59
195 100 19.58
195 101 20.56
195 102 21.55
195 103 22.56
195 104 23.63
195 105 24.83
195 106 11.32
195 107 11.96
195 108 12.77
195 109 13.66
195 110 14.60
195 111 15.57
195 112 16.57
195 113 17.59
195 114 18.63
195 115 19.71
195 116 20.85
195 117 22.16
195 118 23.63
195 119 10.13
195 120 10.29
195 121 10.76
195 122 11.41
195 123 12.18
195 124 13.05
195 125 13.98
195 126 14.97
195 127 16.02
195 128 17.14
195 129 18.37
195 130 19.87
195 131 21.57
195 132 9.23
195 133 8.80
195 134 8.78
195 135 9.04
195 136 9.52
195 137 10.17
195 138 10.95
195 139 11.85
195 140 12.84
195 141 13.95
195 142 15.22
195 143 16.85
195 144 18.72
195 145 8.85
195 146 7.87
195 147 7.26
195 148 6.96
195 149 6.95
195 150 7.20
195 151 7.69
195 152 8.38
195 153 9.24
195 154 10.27
195 155 11.52
195 156 13.21
195 157 15.19
195 158 9.11
195 159 7.86
195 160 6.81
195 161 5.93
195 162 5.24
195 163 4.81
195 164 4.67
195 165 4.88
195 166 5.41
195 167 6.25
195 168 7.39
195 169 9.09
195 170 11.10
195 171 9.93
195 172 8.76
195 173 7.66
195 174 6.61
195 175 5.60
195 176 4.61
195 177 3.67
195 178 2.82
195 179 2.25
195 180 2.26
195 181 3.04
195 182 4.63
195 183 6.62
195 184 11.09
195 185 10.23
195 186 9.39
195 187 8.54
195 188 7.69
195 189 6.83
195 190 5.93
195 191 5.00
195 192 4.02
195 193 2.94
195 194 1.70
195 195 0.00
195 196 2.01
195 197 12.34
195 198 11.90
195 199 11.41
195 200 10.89
195 201 10.35
195 202 9.77
195 203 9.16
195 204 8.51
195 205 7.80
195 206 7.01
195 207 6.05
195 208 4.63
195 209 3.12
195 210 9.39
196 1 17.64
196 2 15.09
196 3 15.37
196 4 15.49
196 5 15.52
196 6 15.48
196 7 15.38
196 8 15.22
196 9 14.99
196 10 14.69
196 11 14.29
196 12 13.70
196 13 12.64
196 14 11.40
196 15 15.83
196 16 16.48
196 17 16.92
196 18 17.25
196 19 17.49
196 20 17.66
196 21 17.77
196 22 17.80
196 23 17.76
196 24 17.61
196 25 17.29
196 26 16.54
196 27 15.65
196 28 16.22
196 29 17.17
196 30 17.88
196 31 18.47
196 32 18.97
196 33 19.38
196 34 19.73
196 35 20.00
196 36 20.20
196 37 20.31
196 38 20.26
196 39 19.84
196 40 19.32
196 41 16.24
196 42 17.39
196 43 18.32
196 44 19.12
196 45 19.82
196 46 20.45
196 47 21.01
196 48 21.50
196 49 21.93
196 50 22.27
196 51 22.49
196 52 22.42
196 53 22.29
196 54 15.87
196 55 17.13
196 56 18.20
196 57 19.15
196 58 20.01
196 59 20.81
196 60 21.55
196 61 22.23
196 62 22.86
196 63 23.42
196 64 23.90
196 65 24.17
196 66 24.43
196 67 15.15
196 68 16.40
196 69 17.53
196 70 18.56
196 71 19.54
196 72 20.46
196 73 21.33
196 74 22.17
196 75 22.97
196 76 23.73
196 77 24.43
196 78 25.04
196 79 25.68
196 80 14.14
196 81 15.27
196 82 16.35
196 83 17.40
196 84 18.42
196 85 19.41
196 86 20.37
196 87 21.32
196 88 22.25
196 89 23.16
196 90 24.07
196 91 24.98
196 92 25.98
196 93 12.94
196 94 13.80
196 95 14.74
196 96 15.71
196 97 16.70
196 98 17.70
196 99 18.70
196 100 19.71
196 101 20.72
196 102 21.76
196 103 22.83
196 104 24.01
196 105 25.33
196 106 11.70
196 107 12.15
196 108 12.82
196 109 13.62
196 110 14.49
196 111 15.42
196 112 16.39
196 113 17.41
196 114 18.46
196 115 19.57
196 116 20.76
196 117 22.16
196 118 23.75
196 119 10.60
196 120 10.52
196 121 10.78
196 122 11.27
196 123 11.92
196 124 12.70
196 125 13.56
196 126 14.51
196 127 15.54
196 128 16.67
196 129 17.92
196 130 19.50
196 131 21.30
196 132 9.88
196 133 9.22
196 134 8.95
196 135 8.97
196 136 9.25
196 137 9.73
196 138 10.38
196 139 11.18
196 140 12.11
196 141 13.18
196 142 14.44
196 143 16.12
196 144 18.06
196 145 9.75
196 146 8.62
196 147 7.80
196 148 7.24
196 149 6.94
196 150 6.91
196 151 7.15
196 152 7.63
196 153 8.33
196 154 9.26
196 155 10.45
196 156 12.15
196 157 14.16
196 158 10.23
196 159 8.96
196 160 7.85
196 161 6.85
196 162 5.97
196 163 5.24
196 164 4.72
196 165 4.49
196 166 4.63
196 167 5.17
196 168 6.13
196 169 7.75
196 170 9.74
196 171 11.19
196 172 10.10
196 173 9.06
196 174 8.05
196 175 7.05
196 176 6.06
196 177 5.05
196 178 4.06
196 179 3.09
196 180 2.27
196 181 2.04
196 182 3.12
196 183 4.96
196 184 12.40
196 185 11.67
196 186 10.93
196 187 10.18
196 188 9.40
196 189 8.60
196 190 7.77
196 191 6.90
196 192 5.96
196 193 4.92
196 194 3.71
196 195 2.01
196 196 0.00
196 197 13.64
196 198 13.34
196 199 12.97
196 200 12.55
196 201 12.08
196 202 11.58
196 203 11.03
196 204 10.44
196 205 9.78
196 206 9.01
196 207 8.06
196 208 6.62
196 209 4.96
196 210 9.46
197 1 4.11
197 2 1.70
197 3 1.75
197 4 2.28
197 5 2.99
197 6 3.75
197 7 4.54
197 8 5.33
197 9 6.13
197 10 6.93
197 11 7.76
197 12 8.62
197 13 9.58
197 14 10.80
197 15 2.88
197 16 2.97
197 17 3.28
197 18 3.73
197 19 4.26
197 20 4.85
197 21 5.46
197 22 6.11
197 23 6.77
197 24 7.46
197 25 8.17
197 26 8.94
197 27 9.99
197 28 3.95
197 29 4.20
197 30 4.53
197 31 4.90
197 32 5.33
197 33 5.78
197 34 6.26
197 35 6.77
197 36 7.29
197 37 7.82
197 38 8.37
197 39 8.92
197 40 9.72
197 41 4.88
197 42 5.32
197 43 5.74
197 44 6.15
197 45 6.57
197 46 7.00
197 47 7.43
197 48 7.86
197 49 8.30
197 50 8.73
197 51 9.15
197 52 9.51
197 53 10.09
197 54 5.62
197 55 6.26
197 56 6.80
197 57 7.30
197 58 7.78
197 59 8.23
197 60 8.68
197 61 9.11
197 62 9.53
197 63 9.93
197 64 10.29
197 65 10.54
197 66 10.97
197 67 6.16
197 68 6.98
197 69 7.66
197 70 8.26
197 71 8.82
197 72 9.34
197 73 9.84
197 74 10.31
197 75 10.76
197 76 11.17
197 77 11.54
197 78 11.77
197 79 12.14
197 80 6.48
197 81 7.45
197 82 8.26
197 83 8.96
197 84 9.61
197 85 10.22
197 86 10.79
197 87 11.32
197 88 11.83
197 89 12.30
197 90 12.72
197 91 13.00
197 92 13.39
197 93 6.56
197 94 7.66
197 95 8.57
197 96 9.38
197 97 10.12
197 98 10.81
197 99 11.46
197 100 12.07
197 101 12.65
197 102 13.19
197 103 13.69
197 104 14.06
197 105 14.54
197 106 6.39
197 107 7.59
197 108 8.59
197 109 9.49
197 110 10.31
197 111 11.08
197 112 11.80
197 113 12.49
197 114 13.15
197 115 13.78
197 116 14.36
197 117 14.85
197 118 15.45
197 119 5.99
197 120 7.24
197 121 8.31
197 122 9.27
197 123 10.17
197 124 11.00
197 125 11.80
197 126 12.57
197 127 13.30
197 128 14.01
197 129 14.69
197 130 15.31
197 131 16.05
197 132 5.37
197 133 6.64
197 134 7.75
197 135 8.76
197 136 9.71
197 137 10.60
197 138 11.46
197 139 12.29
197 140 13.09
197 141 13.88
197 142 14.64
197 143 15.39
197 144 16.28
197 145 4.56
197 146 5.80
197 147 6.93
197 148 7.97
197 149 8.95
197 150 9.88
197 151 10.79
197 152 11.67
197 153 12.53
197 154 13.38
197 155 14.23
197 156 15.10
197 157 16.12
197 158 3.57
197 159 4.77
197 160 5.89
197 161 6.94
197 162 7.94
197 163 8.90
197 164 9.84
197 165 10.76
197 166 11.66
197 167 12.56
197 168 13.48
197 169 14.45
197 170 15.60
197 171 2.46
197 172 3.58
197 173 4.69
197 174 5.74
197 175 6.75
197 176 7.73
197 177 8.68
197 178 9.62
197 179 10.55
197 180 11.49
197 181 12.45
197 182 13.50
197 183 14.75
197 184 1.25
197 185 2.33
197 186 3.44
197 187 4.49
197 188 5.50
197 189 6.48
197 190 7.43
197 191 8.37
197 192 9.31
197 193 10.26
197 194 11.24
197 195 12.34
197 196 13.64
197 197 0.00
197 198 1.27
197 199 2.38
197 200 3.41
197 201 4.39
197 202 5.34
197 203 6.27
197 204 7.19
197 205 8.10
197 206 9.03
197 207 10.00
197 208 11.09
197 209 12.40
197 210 8.08
198 1 4.90
198 2 2.78
198 3 2.27
198 4 2.15
198 5 2.39
198 6 2.88
198 7 3.50
198 8 4.19
198 9 4.92
198 10 5.69
198 11 6.50
198 12 7.35
198 13 8.34
198 14 9.62
198 15 4.03
198 16 3.85
198 17 3.82
198 18 3.93
198 19 4.17
198 20 4.50
198 21 4.91
198 22 5.39
198 23 5.91
198 24 6.47
198 25 7.08
198 26 7.75
198 27 8.73
198 28 5.16
198 29 5.28
198 30 5.42
198 31 5.60
198 32 5.83
198 33 6.09
198 34 6.38
198 35 6.71
198 36 7.05
198 37 7.42
198 38 7.78
198 39 8.12
198 40 8.74
198 41 6.13
198 42 6.52
198 43 6.85
198 44 7.15
198 45 7.45
198 46 7.75
198 47 8.06
198 48 8.35
198 49 8.65
198 50 8.93
198 51 9.17
198 52 9.30
198 53 9.63
198 54 6.89
198 55 7.52
198 56 8.03
198 57 8.48
198 58 8.89
198 59 9.28
198 60 9.65
198 61 9.99
198 62 10.31
198 63 10.60
198 64 10.83
198 65 10.89
198 66 11.09
198 67 7.40
198 68 8.24
198 69 8.93
198 70 9.52
198 71 10.05
198 72 10.55
198 73 11.01
198 74 11.44
198 75 11.83
198 76 12.18
198 77 12.46
198 78 12.56
198 79 12.76
198 80 7.64
198 81 8.67
198 82 9.50
198 83 10.22
198 84 10.88
198 85 11.49
198 86 12.05
198 87 12.57
198 88 13.06
198 89 13.50
198 90 13.87
198 91 14.07
198 92 14.36
198 93 7.62
198 94 8.77
198 95 9.72
198 96 10.56
198 97 11.33
198 98 12.04
198 99 12.71
198 100 13.33
198 101 13.92
198 102 14.46
198 103 14.94
198 104 15.29
198 105 15.72
198 106 7.31
198 107 8.55
198 108 9.59
198 109 10.53
198 110 11.39
198 111 12.19
198 112 12.95
198 113 13.67
198 114 14.36
198 115 15.01
198 116 15.61
198 117 16.12
198 118 16.72
198 119 6.75
198 120 8.01
198 121 9.12
198 122 10.12
198 123 11.05
198 124 11.93
198 125 12.77
198 126 13.58
198 127 14.35
198 128 15.10
198 129 15.82
198 130 16.49
198 131 17.28
198 132 5.94
198 133 7.19
198 134 8.31
198 135 9.35
198 136 10.33
198 137 11.27
198 138 12.17
198 139 13.05
198 140 13.90
198 141 14.74
198 142 15.57
198 143 16.40
198 144 17.36
198 145 4.93
198 146 6.09
198 147 7.20
198 148 8.26
198 149 9.27
198 150 10.24
198 151 11.19
198 152 12.12
198 153 13.03
198 154 13.94
198 155 14.86
198 156 15.84
198 157 16.97
198 158 3.76
198 159 4.78
198 160 5.84
198 161 6.88
198 162 7.90
198 163 8.90
198 164 9.87
198 165 10.84
198 166 11.80
198 167 12.76
198 168 13.76
198 169 14.85
198 170 16.12
198 171 2.51
198 172 3.29
198 173 4.28
198 174 5.30
198 175 6.32
198 176 7.32
198 177 8.31
198 178 9.29
198 179 10.28
198 180 11.28
198 181 12.32
198 182 13.50
198 183 14.88
198 184 1.39
198 185 1.67
198 186 2.61
198 187 3.63
198 188 4.64
198 189 5.64
198 190 6.63
198 191 7.62
198 192 8.61
198 193 9.62
198 194 10.68
198 195 11.90
198 196 13.34
198 197 1.27
198 198 0.00
198 199 1.12
198 200 2.17
198 201 3.17
198 202 4.15
198 203 5.11
198 204 6.06
198 205 7.02
198 206 8.00
198 207 9.03
198 208 10.23
198 209 11.67
198 210 8.72
199 1 5.86
199 2 3.89
199 3 3.22
199 4 2.76
199 5 2.56
199 6 2.62
199 7 2.93
199 8 3.41
199 9 4.01
199 10 4.69
199 11 5.43
199 12 6.24
199 13 7.22
199 14 8.52
199 15 5.14
199 16 4.87
199 17 4.68
199 18 4.59
199 19 4.60
199 20 4.69
199 21 4.88
199 22 5.14
199 23 5.48
199 24 5.87
199 25 6.31
199 26 6.82
199 27 7.68
199 28 6.29
199 29 6.36
199 30 6.43
199 31 6.51
199 32 6.61
199 33 6.73
199 34 6.88
199 35 7.05
199 36 7.24
199 37 7.44
199 38 7.62
199 39 7.72
199 40 8.10
199 41 7.26
199 42 7.64
199 43 7.94
199 44 8.20
199 45 8.43
199 46 8.66
199 47 8.88
199 48 9.08
199 49 9.28
199 50 9.44
199 51 9.54
199 52 9.47
199 53 9.56
199 54 7.99
199 55 8.64
199 56 9.15
199 57 9.59
199 58 9.98
199 59 10.34
199 60 10.66
199 61 10.96
199 62 11.22
199 63 11.44
199 64 11.57
199 65 11.50
199 66 11.52
199 67 8.45
199 68 9.33
199 69 10.04
199 70 10.64
199 71 11.18
199 72 11.67
199 73 12.12
199 74 12.53
199 75 12.89
199 76 13.21
199 77 13.44
199 78 13.46
199 79 13.54
199 80 8.62
199 81 9.68
199 82 10.55
199 83 11.30
199 84 11.98
199 85 12.60
199 86 13.17
199 87 13.70
199 88 14.18
199 89 14.61
199 90 14.97
199 91 15.14
199 92 15.37
199 93 8.49
199 94 9.68
199 95 10.67
199 96 11.55
199 97 12.34
199 98 13.08
199 99 13.77
199 100 14.41
199 101 15.02
199 102 15.57
199 103 16.07
199 104 16.41
199 105 16.83
199 106 8.07
199 107 9.33
199 108 10.41
199 109 11.37
199 110 12.27
199 111 13.10
199 112 13.89
199 113 14.64
199 114 15.36
199 115 16.04
199 116 16.67
199 117 17.21
199 118 17.83
199 119 7.37
199 120 8.64
199 121 9.76
199 122 10.78
199 123 11.75
199 124 12.66
199 125 13.53
199 126 14.37
199 127 15.19
199 128 15.98
199 129 16.74
199 130 17.47
199 131 18.30
199 132 6.44
199 133 7.63
199 134 8.75
199 135 9.80
199 136 10.80
199 137 11.77
199 138 12.71
199 139 13.62
199 140 14.51
199 141 15.40
199 142 16.28
199 143 17.18
199 144 18.22
199 145 5.31
199 146 6.35
199 147 7.42
199 148 8.46
199 149 9.48
199 150 10.47
199 151 11.45
199 152 12.41
199 153 13.37
199 154 14.33
199 155 15.31
199 156 16.37
199 157 17.59
199 158 4.07
199 159 4.86
199 160 5.82
199 161 6.82
199 162 7.83
199 163 8.83
199 164 9.82
199 165 10.82
199 166 11.81
199 167 12.83
199 168 13.89
199 169 15.08
199 170 16.45
199 171 2.87
199 172 3.21
199 173 4.00
199 174 4.94
199 175 5.92
199 176 6.91
199 177 7.92
199 178 8.92
199 179 9.95
199 180 10.99
199 181 12.10
199 182 13.38
199 183 14.87
199 184 2.10
199 185 1.58
199 186 2.04
199 187 2.91
199 188 3.88
199 189 4.88
199 190 5.88
199 191 6.89
199 192 7.91
199 193 8.97
199 194 10.09
199 195 11.41
199 196 12.97
199 197 2.38
199 198 1.12
199 199 0.00
199 200 1.05
199 201 2.07
199 202 3.06
199 203 4.03
199 204 5.01
199 205 6.00
199 206 7.02
199 207 8.10
199 208 9.39
199 209 10.93
199 210 9.22
200 1 6.86
200 2 4.94
200 3 4.24
200 4 3.66
200 5 3.21
200 6 2.95
200 7 2.89
200 8 3.06
200 9 3.41
200 10 3.91
200 11 4.53
200 12 5.26
200 13 6.17
200 14 7.47
200 15 6.19
200 16 5.90
200 17 5.64
200 18 5.44
200 19 5.31
200 20 5.23
200 21 5.23
200 22 5.29
200 23 5.42
200 24 5.61
200 25 5.85
200 26 6.12
200 27 6.80
200 28 7.34
200 29 7.41
200 30 7.45
200 31 7.47
200 32 7.50
200 33 7.54
200 34 7.59
200 35 7.65
200 36 7.71
200 37 7.76
200 38 7.78
200 39 7.64
200 40 7.76
200 41 8.29
200 42 8.69
200 43 8.99
200 44 9.23
200 45 9.44
200 46 9.62
200 47 9.79
200 48 9.94
200 49 10.06
200 50 10.13
200 51 10.13
200 52 9.90
200 53 9.78
200 54 8.98
200 55 9.67
200 56 10.20
200 57 10.65
200 58 11.03
200 59 11.38
200 60 11.68
200 61 11.95
200 62 12.18
200 63 12.35
200 64 12.42
200 65 12.25
200 66 12.14
200 67 9.39
200 68 10.31
200 69 11.05
200 70 11.67
200 71 12.22
200 72 12.72
200 73 13.17
200 74 13.58
200 75 13.93
200 76 14.23
200 77 14.43
200 78 14.41
200 79 14.42
200 80 9.48
200 81 10.59
200 82 11.49
200 83 12.27
200 84 12.97
200 85 13.61
200 86 14.19
200 87 14.74
200 88 15.23
200 89 15.67
200 90 16.02
200 91 16.18
200 92 16.38
200 93 9.26
200 94 10.48
200 95 11.51
200 96 12.41
200 97 13.24
200 98 14.00
200 99 14.71
200 100 15.38
200 101 16.01
200 102 16.58
200 103 17.10
200 104 17.46
200 105 17.89
200 106 8.74
200 107 10.01
200 108 11.11
200 109 12.10
200 110 13.02
200 111 13.89
200 112 14.71
200 113 15.49
200 114 16.23
200 115 16.94
200 116 17.60
200 117 18.18
200 118 18.85
200 119 7.94
200 120 9.18
200 121 10.30
200 122 11.34
200 123 12.33
200 124 13.27
200 125 14.17
200 126 15.05
200 127 15.89
200 128 16.72
200 129 17.52
200 130 18.31
200 131 19.21
200 132 6.90
200 133 8.03
200 134 9.12
200 135 10.17
200 136 11.19
200 137 12.17
200 138 13.13
200 139 14.08
200 140 15.01
200 141 15.93
200 142 16.86
200 143 17.84
200 144 18.95
200 145 5.70
200 146 6.61
200 147 7.61
200 148 8.63
200 149 9.64
200 150 10.64
200 151 11.63
200 152 12.62
200 153 13.61
200 154 14.61
200 155 15.64
200 156 16.78
200 157 18.09
200 158 4.45
200 159 5.00
200 160 5.83
200 161 6.76
200 162 7.74
200 163 8.73
200 164 9.73
200 165 10.74
200 166 11.77
200 167 12.82
200 168 13.93
200 169 15.20
200 170 16.68
200 171 3.38
200 172 3.33
200 173 3.86
200 174 4.65
200 175 5.57
200 176 6.53
200 177 7.53
200 178 8.54
200 179 9.59
200 180 10.67
200 181 11.83
200 182 13.19
200 183 14.78
200 184 2.93
200 185 2.00
200 186 1.83
200 187 2.37
200 188 3.22
200 189 4.17
200 190 5.16
200 191 6.18
200 192 7.22
200 193 8.31
200 194 9.49
200 195 10.89
200 196 12.55
200 197 3.41
200 198 2.17
200 199 1.05
200 200 0.00
200 201 1.02
200 202 2.02
200 203 3.01
200 204 4.00
200 205 5.01
200 206 6.06
200 207 7.19
200 208 8.54
200 209 10.18
200 210 9.65
201 1 7.87
201 2 5.95
201 3 5.25
201 4 4.63
201 5 4.08
201 6 3.64
201 7 3.32
201 8 3.17
201 9 3.21
201 10 3.44
201 11 3.84
201 12 4.41
201 13 5.20
201 14 6.45
201 15 7.20
201 16 6.91
201 17 6.63
201 18 6.38
201 19 6.16
201 20 5.98
201 21 5.84
201 22 5.74
201 23 5.69
201 24 5.68
201 25 5.69
201 26 5.68
201 27 6.10
201 28 8.33
201 29 8.43
201 30 8.46
201 31 8.47
201 32 8.46
201 33 8.45
201 34 8.43
201 35 8.41
201 36 8.37
201 37 8.31
201 38 8.18
201 39 7.84
201 40 7.69
201 41 9.25
201 42 9.69
201 43 10.00
201 44 10.25
201 45 10.44
201 46 10.61
201 47 10.75
201 48 10.86
201 49 10.93
201 50 10.94
201 51 10.86
201 52 10.50
201 53 10.21
201 54 9.91
201 55 10.64
201 56 11.19
201 57 11.65
201 58 12.05
201 59 12.39
201 60 12.69
201 61 12.95
201 62 13.16
201 63 13.30
201 64 13.34
201 65 13.10
201 66 12.89
201 67 10.25
201 68 11.22
201 69 11.99
201 70 12.64
201 71 13.21
201 72 13.72
201 73 14.18
201 74 14.59
201 75 14.95
201 76 15.24
201 77 15.44
201 78 15.38
201 79 15.34
201 80 10.28
201 81 11.41
201 82 12.35
201 83 13.16
201 84 13.88
201 85 14.55
201 86 15.15
201 87 15.71
201 88 16.22
201 89 16.67
201 90 17.03
201 91 17.20
201 92 17.39
201 93 9.97
201 94 11.21
201 95 12.26
201 96 13.19
201 97 14.05
201 98 14.84
201 99 15.58
201 100 16.27
201 101 16.92
201 102 17.52
201 103 18.06
201 104 18.45
201 105 18.89
201 106 9.35
201 107 10.62
201 108 11.73
201 109 12.75
201 110 13.69
201 111 14.59
201 112 15.43
201 113 16.24
201 114 17.02
201 115 17.76
201 116 18.46
201 117 19.08
201 118 19.79
201 119 8.46
201 120 9.67
201 121 10.79
201 122 11.84
201 123 12.84
201 124 13.80
201 125 14.73
201 126 15.63
201 127 16.51
201 128 17.37
201 129 18.22
201 130 19.06
201 131 20.02
201 132 7.35
201 133 8.40
201 134 9.46
201 135 10.50
201 136 11.51
201 137 12.51
201 138 13.49
201 139 14.46
201 140 15.42
201 141 16.38
201 142 17.35
201 143 18.39
201 144 19.58
201 145 6.11
201 146 6.88
201 147 7.80
201 148 8.77
201 149 9.76
201 150 10.76
201 151 11.76
201 152 12.77
201 153 13.78
201 154 14.81
201 155 15.89
201 156 17.11
201 157 18.50
201 158 4.90
201 159 5.21
201 160 5.89
201 161 6.73
201 162 7.66
201 163 8.62
201 164 9.62
201 165 10.64
201 166 11.68
201 167 12.76
201 168 13.91
201 169 15.26
201 170 16.82
201 171 3.99
201 172 3.62
201 173 3.85
201 174 4.46
201 175 5.27
201 176 6.18
201 177 7.15
201 178 8.16
201 179 9.21
201 180 10.32
201 181 11.52
201 182 12.96
201 183 14.63
201 184 3.78
201 185 2.67
201 186 2.05
201 187 2.09
201 188 2.68
201 189 3.53
201 190 4.48
201 191 5.49
201 192 6.54
201 193 7.65
201 194 8.86
201 195 10.35
201 196 12.08
201 197 4.39
201 198 3.17
201 199 2.07
201 200 1.02
201 201 0.00
201 202 1.00
201 203 2.00
201 204 3.01
201 205 4.03
201 206 5.11
201 207 6.27
201 208 7.69
201 209 9.40
201 210 10.03
202 1 8.87
202 2 6.93
202 3 6.25
202 4 5.62
202 5 5.04
202 6 4.50
202 7 4.04
202 8 3.68
202 9 3.43
202 10 3.35
202 11 3.45
202 12 3.76
202 13 4.32
202 14 5.47
202 15 8.17
202 16 7.91
202 17 7.63
202 18 7.36
202 19 7.10
202 20 6.85
202 21 6.62
202 22 6.41
202 23 6.22
202 24 6.04
202 25 5.84
202 26 5.53
202 27 5.61
202 28 9.29
202 29 9.42
202 30 9.46
202 31 9.46
202 32 9.44
202 33 9.40
202 34 9.34
202 35 9.27
202 36 9.17
202 37 9.02
202 38 8.78
202 39 8.27
202 40 7.88
202 41 10.18
202 42 10.65
202 43 10.99
202 44 11.24
202 45 11.45
202 46 11.61
202 47 11.73
202 48 11.82
202 49 11.86
202 50 11.83
202 51 11.69
202 52 11.24
202 53 10.82
202 54 10.79
202 55 11.56
202 56 12.14
202 57 12.62
202 58 13.04
202 59 13.39
202 60 13.69
202 61 13.95
202 62 14.15
202 63 14.28
202 64 14.30
202 65 14.01
202 66 13.73
202 67 11.07
202 68 12.07
202 69 12.87
202 70 13.55
202 71 14.15
202 72 14.68
202 73 15.15
202 74 15.58
202 75 15.95
202 76 16.25
202 77 16.44
202 78 16.37
202 79 16.31
202 80 11.02
202 81 12.19
202 82 13.15
202 83 13.99
202 84 14.74
202 85 15.43
202 86 16.06
202 87 16.64
202 88 17.17
202 89 17.64
202 90 18.02
202 91 18.19
202 92 18.39
202 93 10.63
202 94 11.88
202 95 12.96
202 96 13.92
202 97 14.79
202 98 15.61
202 99 16.38
202 100 17.10
202 101 17.77
202 102 18.40
202 103 18.96
202 104 19.39
202 105 19.87
202 106 9.93
202 107 11.19
202 108 12.31
202 109 13.34
202 110 14.31
202 111 15.22
202 112 16.09
202 113 16.93
202 114 17.73
202 115 18.51
202 116 19.24
202 117 19.91
202 118 20.67
202 119 8.96
202 120 10.12
202 121 11.23
202 122 12.28
202 123 13.29
202 124 14.27
202 125 15.22
202 126 16.15
202 127 17.05
202 128 17.95
202 129 18.84
202 130 19.74
202 131 20.76
202 132 7.79
202 133 8.75
202 134 9.76
202 135 10.78
202 136 11.79
202 137 12.80
202 138 13.79
202 139 14.77
202 140 15.76
202 141 16.75
202 142 17.77
202 143 18.88
202 144 20.14
202 145 6.54
202 146 7.16
202 147 7.98
202 148 8.90
202 149 9.86
202 150 10.85
202 151 11.85
202 152 12.87
202 153 13.90
202 154 14.96
202 155 16.08
202 156 17.36
202 157 18.83
202 158 5.39
202 159 5.48
202 160 5.99
202 161 6.72
202 162 7.58
202 163 8.51
202 164 9.48
202 165 10.50
202 166 11.55
202 167 12.65
202 168 13.84
202 169 15.26
202 170 16.89
202 171 4.64
202 172 4.03
202 173 3.98
202 174 4.37
202 175 5.03
202 176 5.85
202 177 6.78
202 178 7.77
202 179 8.82
202 180 9.94
202 181 11.17
202 182 12.68
202 183 14.42
202 184 4.62
202 185 3.42
202 186 2.56
202 187 2.16
202 188 2.35
202 189 2.98
202 190 3.84
202 191 4.81
202 192 5.86
202 193 6.98
202 194 8.22
202 195 9.77
202 196 11.58
202 197 5.34
202 198 4.15
202 199 3.06
202 200 2.02
202 201 1.00
202 202 0.00
202 203 1.00
202 204 2.02
202 205 3.06
202 206 4.15
202 207 5.34
202 208 6.83
202 209 8.60
202 210 10.37
203 1 9.86
203 2 7.89
203 3 7.24
203 4 6.62
203 5 6.03
203 6 5.46
203 7 4.92
203 8 4.44
203 9 4.01
203 10 3.67
203 11 3.45
203 12 3.41
203 13 3.60
203 14 4.54
203 15 9.12
203 16 8.90
203 17 8.64
203 18 8.36
203 19 8.08
203 20 7.79
203 21 7.51
203 22 7.23
203 23 6.94
203 24 6.63
203 25 6.26
203 26 5.68
203 27 5.40
203 28 10.21
203 29 10.39
203 30 10.45
203 31 10.47
203 32 10.44
203 33 10.39
203 34 10.31
203 35 10.20
203 36 10.06
203 37 9.85
203 38 9.53
203 39 8.88
203 40 8.29
203 41 11.07
203 42 11.59
203 43 11.95
203 44 12.23
203 45 12.44
203 46 12.61
203 47 12.73
203 48 12.81
203 49 12.84
203 50 12.78
203 51 12.61
203 52 12.09
203 53 11.56
203 54 11.62
203 55 12.44
203 56 13.06
203 57 13.57
203 58 14.00
203 59 14.37
203 60 14.69
203 61 14.95
203 62 15.15
203 63 15.28
203 64 15.28
203 65 14.98
203 66 14.64
203 67 11.84
203 68 12.89
203 69 13.72
203 70 14.43
203 71 15.05
203 72 15.60
203 73 16.10
203 74 16.54
203 75 16.93
203 76 17.24
203 77 17.44
203 78 17.37
203 79 17.30
203 80 11.72
203 81 12.91
203 82 13.90
203 83 14.77
203 84 15.55
203 85 16.27
203 86 16.92
203 87 17.53
203 88 18.08
203 89 18.57
203 90 18.97
203 91 19.17
203 92 19.39
203 93 11.25
203 94 12.51
203 95 13.60
203 96 14.59
203 97 15.49
203 98 16.33
203 99 17.12
203 100 17.87
203 101 18.58
203 102 19.23
203 103 19.83
203 104 20.29
203 105 20.81
203 106 10.47
203 107 11.71
203 108 12.84
203 109 13.88
203 110 14.86
203 111 15.80
203 112 16.69
203 113 17.56
203 114 18.39
203 115 19.20
203 116 19.97
203 117 20.69
203 118 21.50
203 119 9.43
203 120 10.55
203 121 11.63
203 122 12.68
203 123 13.70
203 124 14.69
203 125 15.65
203 126 16.60
203 127 17.54
203 128 18.46
203 129 19.39
203 130 20.36
203 131 21.44
203 132 8.23
203 133 9.09
203 134 10.05
203 135 11.04
203 136 12.04
203 137 13.04
203 138 14.04
203 139 15.04
203 140 16.04
203 141 17.06
203 142 18.12
203 143 19.29
203 144 20.62
203 145 6.98
203 146 7.45
203 147 8.17
203 148 9.02
203 149 9.94
203 150 10.91
203 151 11.90
203 152 12.92
203 153 13.97
203 154 15.05
203 155 16.20
203 156 17.55
203 157 19.09
203 158 5.91
203 159 5.80
203 160 6.14
203 161 6.74
203 162 7.51
203 163 8.39
203 164 9.33
203 165 10.33
203 166 11.39
203 167 12.50
203 168 13.72
203 169 15.20
203 170 16.90
203 171 5.33
203 172 4.53
203 173 4.23
203 174 4.38
203 175 4.86
203 176 5.57
203 177 6.42
203 178 7.37
203 179 8.41
203 180 9.53
203 181 10.78
203 182 12.35
203 183 14.17
203 184 5.47
203 185 4.22
203 186 3.23
203 187 2.53
203 188 2.29
203 189 2.59
203 190 3.27
203 191 4.16
203 192 5.17
203 193 6.29
203 194 7.55
203 195 9.16
203 196 11.03
203 197 6.27
203 198 5.11
203 199 4.03
203 200 3.01
203 201 2.00
203 202 1.00
203 203 0.00
203 204 1.02
203 205 2.07
203 206 3.17
203 207 4.39
203 208 5.93
203 209 7.77
203 210 10.69
204 1 10.86
204 2 8.83
204 3 8.23
204 4 7.63
204 5 7.04
204 6 6.47
204 7 5.90
204 8 5.35
204 9 4.82
204 10 4.31
204 11 3.85
204 12 3.46
204 13 3.15
204 14 3.70
204 15 10.05
204 16 9.88
204 17 9.64
204 18 9.37
204 19 9.09
204 20 8.80
204 21 8.48
204 22 8.16
204 23 7.80
204 24 7.41
204 25 6.91
204 26 6.11
204 27 5.49
204 28 11.12
204 29 11.34
204 30 11.44
204 31 11.47
204 32 11.46
204 33 11.41
204 34 11.32
204 35 11.20
204 36 11.03
204 37 10.78
204 38 10.40
204 39 9.66
204 40 8.92
204 41 11.93
204 42 12.50
204 43 12.90
204 44 13.20
204 45 13.44
204 46 13.62
204 47 13.75
204 48 13.83
204 49 13.85
204 50 13.79
204 51 13.59
204 52 13.03
204 53 12.43
204 54 12.43
204 55 13.29
204 56 13.95
204 57 14.49
204 58 14.95
204 59 15.34
204 60 15.67
204 61 15.95
204 62 16.16
204 63 16.30
204 64 16.30
204 65 15.99
204 66 15.63
204 67 12.58
204 68 13.66
204 69 14.53
204 70 15.27
204 71 15.92
204 72 16.50
204 73 17.02
204 74 17.49
204 75 17.89
204 76 18.22
204 77 18.43
204 78 18.39
204 79 18.32
204 80 12.38
204 81 13.60
204 82 14.62
204 83 15.51
204 84 16.32
204 85 17.06
204 86 17.75
204 87 18.38
204 88 18.96
204 89 19.47
204 90 19.90
204 91 20.13
204 92 20.38
204 93 11.83
204 94 13.10
204 95 14.21
204 96 15.21
204 97 16.14
204 98 17.00
204 99 17.82
204 100 18.60
204 101 19.33
204 102 20.02
204 103 20.65
204 104 21.16
204 105 21.72
204 106 10.98
204 107 12.20
204 108 13.32
204 109 14.37
204 110 15.37
204 111 16.32
204 112 17.24
204 113 18.13
204 114 18.99
204 115 19.83
204 116 20.64
204 117 21.42
204 118 22.29
204 119 9.89
204 120 10.94
204 121 12.00
204 122 13.03
204 123 14.05
204 124 15.05
204 125 16.03
204 126 17.00
204 127 17.96
204 128 18.92
204 129 19.89
204 130 20.91
204 131 22.06
204 132 8.65
204 133 9.41
204 134 10.31
204 135 11.26
204 136 12.24
204 137 13.23
204 138 14.23
204 139 15.24
204 140 16.27
204 141 17.31
204 142 18.41
204 143 19.64
204 144 21.04
204 145 7.43
204 146 7.74
204 147 8.35
204 148 9.13
204 149 10.00
204 150 10.93
204 151 11.91
204 152 12.93
204 153 13.98
204 154 15.08
204 155 16.27
204 156 17.67
204 157 19.28
204 158 6.46
204 159 6.16
204 160 6.32
204 161 6.78
204 162 7.45
204 163 8.26
204 164 9.16
204 165 10.13
204 166 11.18
204 167 12.30
204 168 13.54
204 169 15.08
204 170 16.85
204 171 6.03
204 172 5.09
204 173 4.59
204 174 4.50
204 175 4.77
204 176 5.32
204 177 6.08
204 178 6.97
204 179 7.97
204 180 9.09
204 181 10.36
204 182 11.97
204 183 13.85
204 184 6.31
204 185 5.05
204 186 3.98
204 187 3.12
204 188 2.54
204 189 2.43
204 190 2.81
204 191 3.55
204 192 4.49
204 193 5.59
204 194 6.86
204 195 8.51
204 196 10.44
204 197 7.19
204 198 6.06
204 199 5.01
204 200 4.00
204 201 3.01
204 202 2.02
204 203 1.02
204 204 0.00
204 205 1.05
204 206 2.17
204 207 3.41
204 208 5.00
204 209 6.90
204 210 10.97
205 1 11.86
205 2 9.77
205 3 9.22
205 4 8.66
205 5 8.09
205 6 7.52
205 7 6.94
205 8 6.37
205 9 5.78
205 10 5.19
205 11 4.58
205 12 3.93
205 13 3.14
205 14 3.07
205 15 10.98
205 16 10.85
205 17 10.65
205 18 10.41
205 19 10.14
205 20 9.85
205 21 9.53
205 22 9.18
205 23 8.79
205 24 8.33
205 25 7.75
205 26 6.81
205 27 5.91
205 28 12.01
205 29 12.28
205 30 12.42
205 31 12.49
205 32 12.49
205 33 12.46
205 34 12.38
205 35 12.25
205 36 12.07
205 37 11.80
205 38 11.39
205 39 10.59
205 40 9.73
205 41 12.77
205 42 13.40
205 43 13.84
205 44 14.17
205 45 14.43
205 46 14.64
205 47 14.78
205 48 14.87
205 49 14.90
205 50 14.84
205 51 14.63
205 52 14.06
205 53 13.41
205 54 13.21
205 55 14.12
205 56 14.82
205 57 15.39
205 58 15.88
205 59 16.30
205 60 16.66
205 61 16.96
205 62 17.19
205 63 17.34
205 64 17.35
205 65 17.04
205 66 16.67
205 67 13.29
205 68 14.41
205 69 15.31
205 70 16.08
205 71 16.76
205 72 17.37
205 73 17.92
205 74 18.41
205 75 18.84
205 76 19.20
205 77 19.44
205 78 19.41
205 79 19.36
205 80 13.01
205 81 14.25
205 82 15.29
205 83 16.22
205 84 17.05
205 85 17.82
205 86 18.54
205 87 19.20
205 88 19.80
205 89 20.35
205 90 20.81
205 91 21.09
205 92 21.37
205 93 12.39
205 94 13.65
205 95 14.77
205 96 15.79
205 97 16.74
205 98 17.63
205 99 18.47
205 100 19.28
205 101 20.04
205 102 20.76
205 103 21.43
205 104 21.99
205 105 22.60
205 106 11.47
205 107 12.65
205 108 13.76
205 109 14.82
205 110 15.82
205 111 16.79
205 112 17.73
205 113 18.65
205 114 19.54
205 115 20.41
205 116 21.26
205 117 22.10
205 118 23.03
205 119 10.32
205 120 11.31
205 121 12.32
205 122 13.34
205 123 14.36
205 124 15.36
205 125 16.35
205 126 17.34
205 127 18.32
205 128 19.31
205 129 20.31
205 130 21.40
205 131 22.62
205 132 9.07
205 133 9.72
205 134 10.54
205 135 11.44
205 136 12.39
205 137 13.37
205 138 14.37
205 139 15.39
205 140 16.42
205 141 17.50
205 142 18.63
205 143 19.92
205 144 21.39
205 145 7.89
205 146 8.05
205 147 8.53
205 148 9.22
205 149 10.03
205 150 10.92
205 151 11.87
205 152 12.87
205 153 13.93
205 154 15.04
205 155 16.26
205 156 17.72
205 157 19.39
205 158 7.03
205 159 6.56
205 160 6.54
205 161 6.85
205 162 7.40
205 163 8.11
205 164 8.95
205 165 9.89
205 166 10.92
205 167 12.04
205 168 13.30
205 169 14.89
205 170 16.71
205 171 6.75
205 172 5.70
205 173 5.03
205 174 4.72
205 175 4.76
205 176 5.13
205 177 5.75
205 178 6.56
205 179 7.51
205 180 8.60
205 181 9.87
205 182 11.53
205 183 13.45
205 184 7.16
205 185 5.89
205 186 4.79
205 187 3.82
205 188 3.04
205 189 2.56
205 190 2.55
205 191 3.02
205 192 3.83
205 193 4.86
205 194 6.12
205 195 7.80
205 196 9.78
205 197 8.10
205 198 7.02
205 199 6.00
205 200 5.01
205 201 4.03
205 202 3.06
205 203 2.07
205 204 1.05
205 205 0.00
205 206 1.12
205 207 2.38
205 208 4.02
205 209 5.96
205 210 11.22
206 1 12.87
206 2 10.72
206 3 10.23
206 4 9.71
206 5 9.18
206 6 8.63
206 7 8.07
206 8 7.49
206 9 6.88
206 10 6.25
206 11 5.56
206 12 4.76
206 13 3.64
206 14 2.89
206 15 11.91
206 16 11.85
206 17 11.69
206 18 11.49
206 19 11.24
206 20 10.96
206 21 10.65
206 22 10.30
206 23 9.90
206 24 9.41
206 25 8.78
206 26 7.73
206 27 6.65
206 28 12.90
206 29 13.23
206 30 13.42
206 31 13.52
206 32 13.56
206 33 13.55
206 34 13.48
206 35 13.37
206 36 13.19
206 37 12.92
206 38 12.49
206 39 11.66
206 40 10.72
206 41 13.60
206 42 14.28
206 43 14.77
206 44 15.15
206 45 15.44
206 46 15.68
206 47 15.85
206 48 15.96
206 49 16.00
206 50 15.95
206 51 15.76
206 52 15.18
206 53 14.51
206 54 13.97
206 55 14.92
206 56 15.67
206 57 16.28
206 58 16.80
206 59 17.26
206 60 17.65
206 61 17.97
206 62 18.23
206 63 18.40
206 64 18.44
206 65 18.15
206 66 17.80
206 67 13.97
206 68 15.12
206 69 16.06
206 70 16.87
206 71 17.58
206 72 18.23
206 73 18.81
206 74 19.33
206 75 19.79
206 76 20.18
206 77 20.45
206 78 20.46
206 79 20.45
206 80 13.60
206 81 14.86
206 82 15.93
206 83 16.88
206 84 17.74
206 85 18.55
206 86 19.29
206 87 19.98
206 88 20.62
206 89 21.21
206 90 21.71
206 91 22.03
206 92 22.36
206 93 12.90
206 94 14.16
206 95 15.28
206 96 16.31
206 97 17.28
206 98 18.20
206 99 19.07
206 100 19.90
206 101 20.70
206 102 21.46
206 103 22.17
206 104 22.79
206 105 23.47
206 106 11.91
206 107 13.05
206 108 14.15
206 109 15.20
206 110 16.22
206 111 17.20
206 112 18.16
206 113 19.10
206 114 20.01
206 115 20.92
206 116 21.82
206 117 22.72
206 118 23.71
206 119 10.73
206 120 11.63
206 121 12.60
206 122 13.59
206 123 14.59
206 124 15.59
206 125 16.59
206 126 17.59
206 127 18.60
206 128 19.61
206 129 20.66
206 130 21.81
206 131 23.10
206 132 9.48
206 133 9.99
206 134 10.73
206 135 11.57
206 136 12.49
206 137 13.44
206 138 14.43
206 139 15.45
206 140 16.50
206 141 17.59
206 142 18.75
206 143 20.11
206 144 21.65
206 145 8.36
206 146 8.34
206 147 8.69
206 148 9.27
206 149 10.00
206 150 10.84
206 151 11.76
206 152 12.74
206 153 13.79
206 154 14.91
206 155 16.15
206 156 17.67
206 157 19.41
206 158 7.62
206 159 6.98
206 160 6.78
206 161 6.92
206 162 7.33
206 163 7.94
206 164 8.70
206 165 9.59
206 166 10.58
206 167 11.69
206 168 12.96
206 169 14.59
206 170 16.47
206 171 7.49
206 172 6.36
206 173 5.54
206 174 5.03
206 175 4.84
206 176 4.99
206 177 5.44
206 178 6.12
206 179 6.99
206 180 8.04
206 181 9.30
206 182 10.99
206 183 12.95
206 184 8.02
206 185 6.76
206 186 5.64
206 187 4.62
206 188 3.71
206 189 2.98
206 190 2.56
206 191 2.62
206 192 3.18
206 193 4.10
206 194 5.31
206 195 7.01
206 196 9.01
206 197 9.03
206 198 8.00
206 199 7.02
206 200 6.06
206 201 5.11
206 202 4.15
206 203 3.17
206 204 2.17
206 205 1.12
206 206 0.00
206 207 1.27
206 208 2.94
206 209 4.92
206 210 11.43
207 1 13.93
207 2 11.70
207 3 11.29
207 4 10.84
207 5 10.35
207 6 9.84
207 7 9.31
207 8 8.75
207 9 8.15
207 10 7.51
207 11 6.79
207 12 5.92
207 13 4.63
207 14 3.39
207 15 12.85
207 16 12.87
207 17 12.78
207 18 12.63
207 19 12.43
207 20 12.18
207 21 11.90
207 22 11.56
207 23 11.16
207 24 10.68
207 25 10.03
207 26 8.93
207 27 7.73
207 28 13.79
207 29 14.20
207 30 14.45
207 31 14.60
207 32 14.69
207 33 14.71
207 34 14.68
207 35 14.60
207 36 14.44
207 37 14.18
207 38 13.76
207 39 12.92
207 40 11.95
207 41 14.42
207 42 15.17
207 43 15.72
207 44 16.15
207 45 16.49
207 46 16.76
207 47 16.97
207 48 17.12
207 49 17.19
207 50 17.17
207 51 16.99
207 52 16.44
207 53 15.78
207 54 14.70
207 55 15.71
207 56 16.51
207 57 17.17
207 58 17.74
207 59 18.23
207 60 18.66
207 61 19.03
207 62 19.32
207 63 19.53
207 64 19.60
207 65 19.35
207 66 19.03
207 67 14.61
207 68 15.80
207 69 16.77
207 70 17.62
207 71 18.38
207 72 19.06
207 73 19.68
207 74 20.25
207 75 20.75
207 76 21.17
207 77 21.49
207 78 21.56
207 79 21.60
207 80 14.15
207 81 15.42
207 82 16.51
207 83 17.49
207 84 18.39
207 85 19.22
207 86 20.00
207 87 20.73
207 88 21.41
207 89 22.04
207 90 22.59
207 91 22.98
207 92 23.38
207 93 13.36
207 94 14.60
207 95 15.72
207 96 16.77
207 97 17.76
207 98 18.70
207 99 19.60
207 100 20.46
207 101 21.29
207 102 22.09
207 103 22.86
207 104 23.55
207 105 24.30
207 106 12.31
207 107 13.39
207 108 14.46
207 109 15.50
207 110 16.52
207 111 17.51
207 112 18.49
207 113 19.45
207 114 20.40
207 115 21.34
207 116 22.28
207 117 23.26
207 118 24.34
207 119 11.08
207 120 11.88
207 121 12.79
207 122 13.75
207 123 14.73
207 124 15.72
207 125 16.72
207 126 17.73
207 127 18.76
207 128 19.80
207 129 20.89
207 130 22.11
207 131 23.48
207 132 9.85
207 133 10.22
207 134 10.84
207 135 11.61
207 136 12.47
207 137 13.40
207 138 14.37
207 139 15.38
207 140 16.43
207 141 17.54
207 142 18.73
207 143 20.15
207 144 21.77
207 145 8.81
207 146 8.62
207 147 8.81
207 148 9.26
207 149 9.89
207 150 10.66
207 151 11.52
207 152 12.48
207 153 13.51
207 154 14.63
207 155 15.89
207 156 17.46
207 157 19.26
207 158 8.22
207 159 7.42
207 160 7.04
207 161 6.99
207 162 7.22
207 163 7.69
207 164 8.35
207 165 9.16
207 166 10.10
207 167 11.19
207 168 12.46
207 169 14.12
207 170 16.05
207 171 8.26
207 172 7.06
207 173 6.12
207 174 5.43
207 175 5.00
207 176 4.89
207 177 5.11
207 178 5.61
207 179 6.37
207 180 7.34
207 181 8.57
207 182 10.27
207 183 12.27
207 184 8.92
207 185 7.69
207 186 6.57
207 187 5.52
207 188 4.53
207 189 3.64
207 190 2.90
207 191 2.49
207 192 2.60
207 193 3.26
207 194 4.36
207 195 6.05
207 196 8.06
207 197 10.00
207 198 9.03
207 199 8.10
207 200 7.19
207 201 6.27
207 202 5.34
207 203 4.39
207 204 3.41
207 205 2.38
207 206 1.27
207 207 0.00
207 208 1.70
207 209 3.71
207 210 11.55
208 1 15.12
208 2 12.78
208 3 12.50
208 4 12.15
208 5 11.75
208 6 11.32
208 7 10.85
208 8 10.35
208 9 9.80
208 10 9.19
208 11 8.49
208 12 7.62
208 13 6.28
208 14 4.81
208 15 13.88
208 16 14.02
208 17 14.04
208 18 13.97
208 19 13.84
208 20 13.66
208 21 13.44
208 22 13.15
208 23 12.80
208 24 12.35
208 25 11.72
208 26 10.63
208 27 9.39
208 28 14.73
208 29 15.25
208 30 15.60
208 31 15.83
208 32 15.99
208 33 16.09
208 34 16.12
208 35 16.09
208 36 15.98
208 37 15.78
208 38 15.40
208 39 14.60
208 40 13.65
208 41 15.25
208 42 16.09
208 43 16.72
208 44 17.23
208 45 17.64
208 46 17.98
208 47 18.26
208 48 18.47
208 49 18.60
208 50 18.63
208 51 18.52
208 52 18.02
208 53 17.42
208 54 15.40
208 55 16.49
208 56 17.35
208 57 18.08
208 58 18.71
208 59 19.27
208 60 19.76
208 61 20.19
208 62 20.54
208 63 20.81
208 64 20.96
208 65 20.79
208 66 20.55
208 67 15.18
208 68 16.41
208 69 17.43
208 70 18.33
208 71 19.14
208 72 19.88
208 73 20.56
208 74 21.18
208 75 21.74
208 76 22.23
208 77 22.62
208 78 22.79
208 79 22.93
208 80 14.60
208 81 15.87
208 82 16.98
208 83 17.99
208 84 18.93
208 85 19.80
208 86 20.63
208 87 21.41
208 88 22.15
208 89 22.84
208 90 23.46
208 91 23.95
208 92 24.47
208 93 13.70
208 94 14.89
208 95 16.00
208 96 17.06
208 97 18.06
208 98 19.03
208 99 19.97
208 100 20.87
208 101 21.75
208 102 22.61
208 103 23.44
208 104 24.24
208 105 25.11
208 106 12.56
208 107 13.55
208 108 14.57
208 109 15.59
208 110 16.60
208 111 17.60
208 112 18.59
208 113 19.58
208 114 20.56
208 115 21.55
208 116 22.56
208 117 23.63
208 118 24.83
208 119 11.32
208 120 11.96
208 121 12.77
208 122 13.66
208 123 14.60
208 124 15.57
208 125 16.57
208 126 17.58
208 127 18.63
208 128 19.71
208 129 20.85
208 130 22.16
208 131 23.63
208 132 10.13
208 133 10.29
208 134 10.76
208 135 11.41
208 136 12.18
208 137 13.05
208 138 13.98
208 139 14.97
208 140 16.02
208 141 17.14
208 142 18.37
208 143 19.87
208 144 21.57
208 145 9.23
208 146 8.80
208 147 8.78
208 148 9.04
208 149 9.52
208 150 10.17
208 151 10.95
208 152 11.85
208 153 12.84
208 154 13.95
208 155 15.22
208 156 16.85
208 157 18.72
208 158 8.85
208 159 7.87
208 160 7.26
208 161 6.96
208 162 6.95
208 163 7.20
208 164 7.69
208 165 8.38
208 166 9.24
208 167 10.27
208 168 11.51
208 169 13.21
208 170 15.19
208 171 9.11
208 172 7.86
208 173 6.80
208 174 5.93
208 175 5.24
208 176 4.81
208 177 4.67
208 178 4.88
208 179 5.41
208 180 6.25
208 181 7.39
208 182 9.09
208 183 11.10
208 184 9.93
208 185 8.76
208 186 7.66
208 187 6.61
208 188 5.60
208 189 4.61
208 190 3.67
208 191 2.82
208 192 2.25
208 193 2.26
208 194 3.04
208 195 4.63
208 196 6.62
208 197 11.09
208 198 10.23
208 199 9.39
208 200 8.54
208 201 7.69
208 202 6.83
208 203 5.93
208 204 5.00
208 205 4.02
208 206 2.94
208 207 1.70
208 208 0.00
208 209 2.01
208 210 11.46
209 1 16.50
209 2 14.07
209 3 13.93
209 4 13.69
209 5 13.39
209 6 13.04
209 7 12.65
209 8 12.21
209 9 11.71
209 10 11.15
209 11 10.48
209 12 9.63
209 13 8.28
209 14 6.73
209 15 15.09
209 16 15.37
209 17 15.49
209 18 15.52
209 19 15.48
209 20 15.38
209 21 15.22
209 22 14.99
209 23 14.70
209 24 14.29
209 25 13.70
209 26 12.64
209 27 11.40
209 28 15.83
209 29 16.48
209 30 16.92
209 31 17.25
209 32 17.49
209 33 17.66
209 34 17.77
209 35 17.80
209 36 17.76
209 37 17.61
209 38 17.29
209 39 16.54
209 40 15.65
209 41 16.22
209 42 17.16
209 43 17.88
209 44 18.47
209 45 18.96
209 46 19.38
209 47 19.73
209 48 20.00
209 49 20.20
209 50 20.31
209 51 20.26
209 52 19.84
209 53 19.32
209 54 16.24
209 55 17.39
209 56 18.32
209 57 19.12
209 58 19.82
209 59 20.45
209 60 21.00
209 61 21.50
209 62 21.93
209 63 22.27
209 64 22.49
209 65 22.42
209 66 22.29
209 67 15.87
209 68 17.13
209 69 18.20
209 70 19.15
209 71 20.01
209 72 20.81
209 73 21.55
209 74 22.23
209 75 22.86
209 76 23.42
209 77 23.90
209 78 24.17
209 79 24.43
209 80 15.15
209 81 16.40
209 82 17.53
209 83 18.56
209 84 19.54
209 85 20.46
209 86 21.33
209 87 22.17
209 88 22.97
209 89 23.73
209 90 24.43
209 91 25.04
209 92 25.68
209 93 14.14
209 94 15.27
209 95 16.35
209 96 17.40
209 97 18.41
209 98 19.40
209 99 20.37
209 100 21.32
209 101 22.25
209 102 23.16
209 103 24.07
209 104 24.98
209 105 25.98
209 106 12.94
209 107 13.80
209 108 14.74
209 109 15.71
209 110 16.70
209 111 17.70
209 112 18.70
209 113 19.71
209 114 20.72
209 115 21.76
209 116 22.83
209 117 24.01
209 118 25.33
209 119 11.70
209 120 12.15
209 121 12.82
209 122 13.61
209 123 14.49
209 124 15.42
209 125 16.39
209 126 17.41
209 127 18.46
209 128 19.56
209 129 20.75
209 130 22.16
209 131 23.75
209 132 10.60
209 133 10.52
209 134 10.78
209 135 11.27
209 136 11.92
209 137 12.70
209 138 13.56
209 139 14.51
209 140 15.54
209 141 16.67
209 142 17.92
209 143 19.50
209 144 21.30
209 145 9.88
209 146 9.22
209 147 8.94
209 148 8.97
209 149 9.25
209 150 9.73
209 151 10.38
209 152 11.17
209 153 12.11
209 154 13.18
209 155 14.44
209 156 16.12
209 157 18.06
209 158 9.75
209 159 8.62
209 160 7.80
209 161 7.24
209 162 6.94
209 163 6.91
209 164 7.15
209 165 7.62
209 166 8.33
209 167 9.26
209 168 10.45
209 169 12.15
209 170 14.16
209 171 10.23
209 172 8.96
209 173 7.85
209 174 6.85
209 175 5.97
209 176 5.24
209 177 4.72
209 178 4.49
209 179 4.63
209 180 5.17
209 181 6.13
209 182 7.75
209 183 9.74
209 184 11.19
209 185 10.10
209 186 9.06
209 187 8.05
209 188 7.05
209 189 6.05
209 190 5.05
209 191 4.05
209 192 3.09
209 193 2.27
209 194 2.04
209 195 3.12
209 196 4.96
209 197 12.40
209 198 11.67
209 199 10.93
209 200 10.18
209 201 9.40
209 202 8.60
209 203 7.77
209 204 6.90
209 205 5.96
209 206 4.92
209 207 3.71
209 208 2.01
209 209 0.00
209 210 11.46
210 1 10.82
210 2 8.65
210 3 9.60
210 4 10.36
210 5 11.01
210 6 11.60
210 7 12.13
210 8 12.61
210 9 13.06
210 10 13.46
210 11 13.81
210 12 14.07
210 13 14.13
210 14 14.24
210 15 8.72
210 16 9.84
210 17 10.75
210 18 11.54
210 19 12.26
210 20 12.92
210 21 13.53
210 22 14.10
210 23 14.62
210 24 15.09
210 25 15.48
210 26 15.71
210 27 15.99
210 28 8.49
210 29 9.71
210 30 10.74
210 31 11.65
210 32 12.48
210 33 13.25
210 34 13.98
210 35 14.66
210 36 15.30
210 37 15.90
210 38 16.43
210 39 16.84
210 40 17.32
210 41 7.97
210 42 9.24
210 43 10.34
210 44 11.33
210 45 12.25
210 46 13.12
210 47 13.94
210 48 14.72
210 49 15.47
210 50 16.19
210 51 16.86
210 52 17.47
210 53 18.16
210 54 7.18
210 55 8.43
210 56 9.55
210 57 10.60
210 58 11.58
210 59 12.51
210 60 13.41
210 61 14.28
210 62 15.12
210 63 15.95
210 64 16.75
210 65 17.54
210 66 18.45
210 67 6.17
210 68 7.32
210 69 8.42
210 70 9.47
210 71 10.49
210 72 11.47
210 73 12.42
210 74 13.35
210 75 14.27
210 76 15.19
210 77 16.11
210 78 17.07
210 79 18.18
210 80 4.99
210 81 5.95
210 82 6.98
210 83 8.01
210 84 9.02
210 85 10.02
210 86 11.01
210 87 11.99
210 88 12.96
210 89 13.95
210 90 14.96
210 91 16.07
210 92 17.36
210 93 3.74
210 94 4.38
210 95 5.28
210 96 6.25
210 97 7.25
210 98 8.25
210 99 9.25
210 100 10.25
210 101 11.26
210 102 12.30
210 103 13.38
210 104 14.61
210 105 16.04
210 106 2.63
210 107 2.71
210 108 3.39
210 109 4.28
210 110 5.25
210 111 6.24
210 112 7.24
210 113 8.26
210 114 9.28
210 115 10.34
210 116 11.46
210 117 12.78
210 118 14.30
210 119 2.18
210 120 1.24
210 121 1.37
210 122 2.20
210 123 3.18
210 124 4.17
210 125 5.17
210 126 6.18
210 127 7.20
210 128 8.26
210 129 9.39
210 130 10.72
210 131 12.29
210 132 2.79
210 133 1.63
210 134 0.71
210 135 0.77
210 136 1.63
210 137 2.55
210 138 3.49
210 139 4.43
210 140 5.39
210 141 6.38
210 142 7.44
210 143 8.70
210 144 10.23
210 145 3.95
210 146 3.24
210 147 2.74
210 148 2.49
210 149 2.52
210 150 2.81
210 151 3.29
210 152 3.89
210 153 4.57
210 154 5.32
210 155 6.15
210 156 7.15
210 157 8.47
210 158 5.20
210 159 4.90
210 160 4.68
210 161 4.57
210 162 4.54
210 163 4.62
210 164 4.78
210 165 5.03
210 166 5.36
210 167 5.74
210 168 6.19
210 169 6.70
210 170 7.57
210 171 6.36
210 172 6.41
210 173 6.45
210 174 6.51
210 175 6.59
210 176 6.70
210 177 6.83
210 178 6.99
210 179 7.16
210 180 7.34
210 181 7.51
210 182 7.60
210 183 7.97
210 184 7.34
210 185 7.70
210 186 7.99
210 187 8.23
210 188 8.45
210 189 8.67
210 190 8.87
210 191 9.06
210 192 9.24
210 193 9.39
210 194 9.48
210 195 9.39
210 196 9.46
210 197 8.08
210 198 8.72
210 199 9.22
210 200 9.65
210 201 10.03
210 202 10.37
210 203 10.69
210 204 10.97
210 205 11.22
210 206 11.43
210 207 11.55
210 208 11.46
210 209 11.46
210 210 0.00
;
param v :=
1 1 0
1 2 37
1 3 51
1 4 55
1 5 49
1 6 51
1 7 40
1 8 52
1 9 60
1 10 54
1 11 53
1 12 39
1 13 52
1 14 47
1 15 50
1 16 52
1 17 53
1 18 47
1 19 59
1 20 38
1 21 41
1 22 55
1 23 52
1 24 56
1 25 46
1 26 53
1 27 47
1 28 56
1 29 46
1 30 53
1 31 57
1 32 55
1 33 53
1 34 41
1 35 58
1 36 55
1 37 40
1 38 53
1 39 44
1 40 50
1 41 50
1 42 39
1 43 43
1 44 45
1 45 42
1 46 46
1 47 46
1 48 35
1 49 57
1 50 44
1 51 58
1 52 55
1 53 37
1 54 43
1 55 35
1 56 50
1 57 53
1 58 55
1 59 44
1 60 58
1 61 47
1 62 36
1 63 53
1 64 60
1 65 55
1 66 49
1 67 49
1 68 59
1 69 54
1 70 60
1 71 59
1 72 55
1 73 59
1 74 36
1 75 59
1 76 48
1 77 41
1 78 53
1 79 39
1 80 49
1 81 35
1 82 35
1 83 40
1 84 51
1 85 58
1 86 42
1 87 57
1 88 59
1 89 49
1 90 35
1 91 53
1 92 41
1 93 41
1 94 54
1 95 59
1 96 36
1 97 48
1 98 54
1 99 54
1 100 45
1 101 58
1 102 52
1 103 55
1 104 53
1 105 49
1 106 58
1 107 36
1 108 56
1 109 44
1 110 60
1 111 57
1 112 37
1 113 57
1 114 55
1 115 45
1 116 58
1 117 43
1 118 40
1 119 48
1 120 48
1 121 42
1 122 43
1 123 37
1 124 38
1 125 60
1 126 42
1 127 56
1 128 40
1 129 37
1 130 47
1 131 54
1 132 36
1 133 50
1 134 60
1 135 59
1 136 53
1 137 36
1 138 39
1 139 49
1 140 49
1 141 40
1 142 43
1 143 42
1 144 60
1 145 57
1 146 58
1 147 35
1 148 43
1 149 45
1 150 51
1 151 39
1 152 60
1 153 52
1 154 52
1 155 44
1 156 60
1 157 41
1 158 52
1 159 44
1 160 48
1 161 57
1 162 49
1 163 53
1 164 39
1 165 59
1 166 42
1 167 45
1 168 38
1 169 56
1 170 40
1 171 45
1 172 48
1 173 39
1 174 42
1 175 60
1 176 49
1 177 49
1 178 58
1 179 39
1 180 45
1 181 59
1 182 36
1 183 58
1 184 55
1 185 53
1 186 45
1 187 54
1 188 48
1 189 54
1 190 53
1 191 44
1 192 52
1 193 41
1 194 38
1 195 38
1 196 38
1 197 49
1 198 48
1 199 39
1 200 53
1 201 47
1 202 49
1 203 36
1 204 43
1 205 53
1 206 53
1 207 37
1 208 60
1 209 51
1 210 36
2 1 60
2 2 0
2 3 39
2 4 41
2 5 53
2 6 51
2 7 53
2 8 49
2 9 37
2 10 53
2 11 37
2 12 54
2 13 51
2 14 35
2 15 56
2 16 45
2 17 35
2 18 51
2 19 50
2 20 47
2 21 60
2 22 49
2 23 38
2 24 53
2 25 48
2 26 54
2 27 49
2 28 55
2 29 51
2 30 53
2 31 60
2 32 53
2 33 41
2 34 55
2 35 45
2 36 54
2 37 44
2 38 45
2 39 52
2 40 39
2 41 54
2 42 54
2 43 47
2 44 39
2 45 45
2 46 50
2 47 57
2 48 40
2 49 53
2 50 60
2 51 39
2 52 55
2 53 55
2 54 50
2 55 55
2 56 46
2 57 44
2 58 39
2 59 35
2 60 58
2 61 56
2 62 46
2 63 46
2 64 48
2 65 40
2 66 39
2 67 52
2 68 44
2 69 42
2 70 54
2 71 42
2 72 54
2 73 48
2 74 51
2 75 57
2 76 56
2 77 49
2 78 52
2 79 49
2 80 35
2 81 38
2 82 39
2 83 37
2 84 36
2 85 58
2 86 37
2 87 52
2 88 35
2 89 59
2 90 48
2 91 51
2 92 56
2 93 52
2 94 37
2 95 53
2 96 37
2 97 50
2 98 41
2 99 54
2 100 35
2 101 38
2 102 54
2 103 40
2 104 43
2 105 36
2 106 35
2 107 51
2 108 51
2 109 39
2 110 43
2 111 54
2 112 41
2 113 42
2 114 47
2 115 47
2 116 44
2 117 43
2 118 35
2 119 48
2 120 43
2 121 54
2 122 54
2 123 59
2 124 36
2 125 59
2 126 35
2 127 50
2 128 48
2 129 55
2 130 48
2 131 51
2 132 55
2 133 37
2 134 46
2 135 58
2 136 54
2 137 58
2 138 52
2 139 55
2 140 60
2 141 36
2 142 45
2 143 54
2 144 50
2 145 39
2 146 40
2 147 40
2 148 52
2 149 50
2 150 55
2 151 55
2 152 35
2 153 49
2 154 36
2 155 53
2 156 53
2 157 43
2 158 55
2 159 36
2 160 57
2 161 48
2 162 56
2 163 52
2 164 59
2 165 57
2 166 59
2 167 35
2 168 43
2 169 45
2 170 35
2 171 48
2 172 38
2 173 54
2 174 37
2 175 38
2 176 42
2 177 47
2 178 40
2 179 36
2 180 50
2 181 57
2 182 40
2 183 42
2 184 60
2 185 58
2 186 36
2 187 36
2 188 60
2 189 47
2 190 46
2 191 44
2 192 48
2 193 38
2 194 47
2 195 55
2 196 36
2 197 36
2 198 40
2 199 48
2 200 53
2 201 51
2 202 39
2 203 47
2 204 50
2 205 38
2 206 36
2 207 42
2 208 42
2 209 44
2 210 37
3 1 41
3 2 37
3 3 0
3 4 41
3 5 36
3 6 42
3 7 54
3 8 42
3 9 57
3 10 47
3 11 59
3 12 44
3 13 37
3 14 57
3 15 45
3 16 60
3 17 47
3 18 57
3 19 59
3 20 37
3 21 56
3 22 60
3 23 46
3 24 49
3 25 47
3 26 52
3 27 41
3 28 47
3 29 50
3 30 40
3 31 49
3 32 55
3 33 35
3 34 60
3 35 40
3 36 54
3 37 49
3 38 44
3 39 45
3 40 59
3 41 36
3 42 45
3 43 43
3 44 42
3 45 45
3 46 42
3 47 42
3 48 38
3 49 54
3 50 59
3 51 50
3 52 60
3 53 59
3 54 37
3 55 53
3 56 40
3 57 53
3 58 47
3 59 40
3 60 52
3 61 36
3 62 45
3 63 37
3 64 54
3 65 58
3 66 55
3 67 58
3 68 58
3 69 53
3 70 42
3 71 57
3 72 51
3 73 49
3 74 37
3 75 60
3 76 41
3 77 60
3 78 39
3 79 45
3 80 41
3 81 38
3 82 39
3 83 55
3 84 54
3 85 58
3 86 52
3 87 48
3 88 59
3 89 48
3 90 54
3 91 58
3 92 59
3 93 35
3 94 55
3 95 35
3 96 39
3 97 50
3 98 46
3 99 59
3 100 60
3 101 49
3 102 49
3 103 56
3 104 47
3 105 59
3 106 48
3 107 49
3 108 36
3 109 50
3 110 39
3 111 44
3 112 37
3 113 35
3 114 39
3 115 60
3 116 59
3 117 36
3 118 42
3 119 48
3 120 60
3 121 47
3 122 47
3 123 54
3 124 59
3 125 35
3 126 53
3 127 54
3 128 46
3 129 60
3 130 51
3 131 39
3 132 35
3 133 54
3 134 40
3 135 51
3 136 40
3 137 52
3 138 39
3 139 45
3 140 42
3 141 54
3 142 52
3 143 46
3 144 36
3 145 59
3 146 37
3 147 37
3 148 60
3 149 46
3 150 53
3 151 49
3 152 45
3 153 59
3 154 60
3 155 36
3 156 58
3 157 40
3 158 38
3 159 45
3 160 53
3 161 47
3 162 55
3 163 47
3 164 53
3 165 55
3 166 41
3 167 60
3 168 57
3 169 59
3 170 57
3 171 48
3 172 52
3 173 48
3 174 52
3 175 52
3 176 36
3 177 56
3 178 55
3 179 55
3 180 48
3 181 38
3 182 43
3 183 40
3 184 45
3 185 55
3 186 42
3 187 55
3 188 49
3 189 35
3 190 53
3 191 46
3 192 58
3 193 44
3 194 41
3 195 58
3 196 50
3 197 53
3 198 55
3 199 54
3 200 40
3 201 40
3 202 37
3 203 41
3 204 36
3 205 52
3 206 56
3 207 51
3 208 45
3 209 59
3 210 47
4 1 54
4 2 56
4 3 50
4 4 0
4 5 35
4 6 36
4 7 38
4 8 50
4 9 41
4 10 45
4 11 52
4 12 37
4 13 56
4 14 49
4 15 49
4 16 58
4 17 47
4 18 56
4 19 36
4 20 54
4 21 40
4 22 46
4 23 35
4 24 54
4 25 41
4 26 49
4 27 40
4 28 38
4 29 50
4 30 42
4 31 47
4 32 39
4 33 36
4 34 44
4 35 49
4 36 51
4 37 50
4 38 37
4 39 37
4 40 44
4 41 46
4 42 44
4 43 40
4 44 51
4 45 59
4 46 42
4 47 52
4 48 41
4 49 45
4 50 55
4 51 43
4 52 59
4 53 59
4 54 44
4 55 51
4 56 39
4 57 41
4 58 59
4 59 53
4 60 52
4 61 42
4 62 53
4 63 37
4 64 37
4 65 52
4 66 56
4 67 46
4 68 51
4 69 43
4 70 36
4 71 52
4 72 45
4 73 49
4 74 36
4 75 41
4 76 40
4 77 37
4 78 36
4 79 47
4 80 58
4 81 54
4 82 45
4 83 54
4 84 46
4 85 40
4 86 54
4 87 39
4 88 58
4 89 53
4 90 47
4 91 55
4 92 43
4 93 41
4 94 51
4 95 36
4 96 49
4 97 40
4 98 36
4 99 57
4 100 41
4 101 35
4 102 39
4 103 47
4 104 48
4 105 49
4 106 42
4 107 55
4 108 38
4 109 53
4 110 39
4 111 48
4 112 37
4 113 55
4 114 43
4 115 45
4 116 47
4 117 43
4 118 35
4 119 40
4 120 39
4 121 49
4 122 52
4 123 50
4 124 54
4 125 48
4 126 46
4 127 54
4 128 41
4 129 35
4 130 35
4 131 55
4 132 44
4 133 60
4 134 37
4 135 49
4 136 36
4 137 44
4 138 58
4 139 47
4 140 37
4 141 56
4 142 50
4 143 45
4 144 60
4 145 45
4 146 46
4 147 58
4 148 44
4 149 58
4 150 38
4 151 49
4 152 48
4 153 58
4 154 45
4 155 54
4 156 37
4 157 52
4 158 35
4 159 36
4 160 37
4 161 51
4 162 55
4 163 56
4 164 55
4 165 38
4 166 50
4 167 49
4 168 57
4 169 36
4 170 44
4 171 49
4 172 36
4 173 56
4 174 56
4 175 40
4 176 59
4 177 38
4 178 48
4 179 52
4 180 57
4 181 56
4 182 59
4 183 55
4 184 35
4 185 39
4 186 36
4 187 55
4 188 45
4 189 36
4 190 54
4 191 51
4 192 39
4 193 48
4 194 43
4 195 46
4 196 59
4 197 56
4 198 51
4 199 46
4 200 48
4 201 49
4 202 52
4 203 45
4 204 44
4 205 56
4 206 53
4 207 49
4 208 54
4 209 51
4 210 44
5 1 49
5 2 42
5 3 47
5 4 36
5 5 0
5 6 55
5 7 35
5 8 56
5 9 51
5 10 54
5 11 56
5 12 41
5 13 41
5 14 60
5 15 46
5 16 52
5 17 44
5 18 51
5 19 39
5 20 48
5 21 36
5 22 43
5 23 60
5 24 51
5 25 53
5 26 37
5 27 56
5 28 50
5 29 49
5 30 54
5 31 41
5 32 48
5 33 44
5 34 56
5 35 39
5 36 58
5 37 45
5 38 49
5 39 42
5 40 58
5 41 60
5 42 47
5 43 52
5 44 53
5 45 35
5 46 46
5 47 39
5 48 49
5 49 46
5 50 52
5 51 42
5 52 52
5 53 50
5 54 43
5 55 51
5 56 60
5 57 55
5 58 51
5 59 50
5 60 54
5 61 41
5 62 40
5 63 59
5 64 53
5 65 54
5 66 39
5 67 37
5 68 41
5 69 37
5 70 58
5 71 56
5 72 44
5 73 60
5 74 54
5 75 40
5 76 49
5 77 52
5 78 52
5 79 36
5 80 46
5 81 54
5 82 51
5 83 56
5 84 50
5 85 60
5 86 45
5 87 38
5 88 49
5 89 36
5 90 54
5 91 59
5 92 38
5 93 35
5 94 35
5 95 37
5 96 54
5 97 51
5 98 58
5 99 41
5 100 40
5 101 43
5 102 47
5 103 57
5 104 55
5 105 37
5 106 36
5 107 42
5 108 35
5 109 59
5 110 47
5 111 58
5 112 37
5 113 42
5 114 56
5 115 48
5 116 46
5 117 43
5 118 51
5 119 47
5 120 37
5 121 45
5 122 38
5 123 37
5 124 40
5 125 37
5 126 42
5 127 57
5 128 36
5 129 54
5 130 60
5 131 58
5 132 43
5 133 49
5 134 56
5 135 46
5 136 37
5 137 46
5 138 37
5 139 50
5 140 49
5 141 56
5 142 46
5 143 40
5 144 47
5 145 46
5 146 43
5 147 41
5 148 38
5 149 39
5 150 36
5 151 36
5 152 43
5 153 39
5 154 60
5 155 36
5 156 51
5 157 37
5 158 38
5 159 50
5 160 50
5 161 37
5 162 49
5 163 58
5 164 46
5 165 54
5 166 60
5 167 56
5 168 48
5 169 38
5 170 42
5 171 44
5 172 60
5 173 58
5 174 57
5 175 50
5 176 58
5 177 57
5 178 37
5 179 39
5 180 47
5 181 53
5 182 49
5 183 37
5 184 50
5 185 56
5 186 35
5 187 45
5 188 57
5 189 41
5 190 35
5 191 47
5 192 52
5 193 43
5 194 55
5 195 43
5 196 49
5 197 46
5 198 40
5 199 43
5 200 59
5 201 45
5 202 40
5 203 56
5 204 36
5 205 48
5 206 52
5 207 49
5 208 59
5 209 51
5 210 55
6 1 39
6 2 43
6 3 46
6 4 48
6 5 37
6 6 0
6 7 44
6 8 55
6 9 44
6 10 49
6 11 59
6 12 35
6 13 50
6 14 47
6 15 60
6 16 50
6 17 45
6 18 35
6 19 49
6 20 42
6 21 51
6 22 53
6 23 59
6 24 39
6 25 47
6 26 50
6 27 57
6 28 49
6 29 39
6 30 54
6 31 38
6 32 50
6 33 36
6 34 54
6 35 51
6 36 35
6 37 55
6 38 35
6 39 58
6 40 48
6 41 59
6 42 43
6 43 37
6 44 50
6 45 56
6 46 50
6 47 54
6 48 44
6 49 38
6 50 39
6 51 59
6 52 41
6 53 52
6 54 39
6 55 36
6 56 38
6 57 55
6 58 57
6 59 42
6 60 59
6 61 56
6 62 35
6 63 48
6 64 40
6 65 56
6 66 58
6 67 38
6 68 46
6 69 44
6 70 57
6 71 36
6 72 53
6 73 38
6 74 47
6 75 35
6 76 36
6 77 55
6 78 59
6 79 42
6 80 52
6 81 53
6 82 58
6 83 40
6 84 60
6 85 55
6 86 60
6 87 45
6 88 47
6 89 42
6 90 40
6 91 38
6 92 57
6 93 46
6 94 47
6 95 35
6 96 48
6 97 59
6 98 52
6 99 41
6 100 50
6 101 39
6 102 35
6 103 43
6 104 55
6 105 56
6 106 39
6 107 47
6 108 36
6 109 59
6 110 39
6 111 41
6 112 38
6 113 57
6 114 45
6 115 49
6 116 55
6 117 58
6 118 43
6 119 56
6 120 46
6 121 59
6 122 50
6 123 46
6 124 39
6 125 39
6 126 59
6 127 48
6 128 54
6 129 55
6 130 43
6 131 37
6 132 44
6 133 40
6 134 46
6 135 51
6 136 47
6 137 48
6 138 46
6 139 49
6 140 42
6 141 43
6 142 60
6 143 37
6 144 54
6 145 51
6 146 49
6 147 58
6 148 39
6 149 39
6 150 53
6 151 38
6 152 53
6 153 49
6 154 56
6 155 41
6 156 57
6 157 36
6 158 52
6 159 39
6 160 47
6 161 48
6 162 41
6 163 49
6 164 53
6 165 52
6 166 42
6 167 57
6 168 47
6 169 44
6 170 60
6 171 51
6 172 39
6 173 56
6 174 38
6 175 50
6 176 56
6 177 55
6 178 35
6 179 39
6 180 36
6 181 40
6 182 59
6 183 36
6 184 58
6 185 42
6 186 54
6 187 52
6 188 60
6 189 56
6 190 44
6 191 39
6 192 44
6 193 60
6 194 35
6 195 50
6 196 54
6 197 49
6 198 54
6 199 55
6 200 41
6 201 42
6 202 47
6 203 49
6 204 50
6 205 56
6 206 50
6 207 38
6 208 43
6 209 44
6 210 39
7 1 52
7 2 48
7 3 48
7 4 45
7 5 44
7 6 57
7 7 0
7 8 55
7 9 39
7 10 59
7 11 46
7 12 43
7 13 36
7 14 59
7 15 45
7 16 35
7 17 59
7 18 58
7 19 57
7 20 40
7 21 39
7 22 44
7 23 55
7 24 57
7 25 56
7 26 46
7 27 49
7 28 56
7 29 49
7 30 42
7 31 52
7 32 60
7 33 51
7 34 40
7 35 51
7 36 45
7 37 52
7 38 38
7 39 55
7 40 37
7 41 49
7 42 41
7 43 54
7 44 46
7 45 46
7 46 53
7 47 54
7 48 39
7 49 36
7 50 58
7 51 38
7 52 49
7 53 35
7 54 37
7 55 46
7 56 40
7 57 36
7 58 54
7 59 36
7 60 44
7 61 38
7 62 42
7 63 45
7 64 57
7 65 36
7 66 47
7 67 53
7 68 46
7 69 45
7 70 59
7 71 40
7 72 37
7 73 40
7 74 56
7 75 48
7 76 48
7 77 56
7 78 48
7 79 42
7 80 37
7 81 56
7 82 37
7 83 58
7 84 35
7 85 45
7 86 49
7 87 49
7 88 43
7 89 37
7 90 52
7 91 40
7 92 57
7 93 42
7 94 58
7 95 47
7 96 46
7 97 45
7 98 42
7 99 35
7 100 59
7 101 54
7 102 58
7 103 52
7 104 54
7 105 41
7 106 53
7 107 35
7 108 47
7 109 54
7 110 56
7 111 43
7 112 48
7 113 59
7 114 46
7 115 49
7 116 44
7 117 37
7 118 42
7 119 38
7 120 35
7 121 38
7 122 57
7 123 44
7 124 44
7 125 47
7 126 51
7 127 54
7 128 46
7 129 38
7 130 60
7 131 43
7 132 42
7 133 60
7 134 41
7 135 59
7 136 55
7 137 35
7 138 46
7 139 60
7 140 43
7 141 54
7 142 40
7 143 56
7 144 37
7 145 43
7 146 60
7 147 59
7 148 58
7 149 60
7 150 40
7 151 41
7 152 55
7 153 59
7 154 40
7 155 37
7 156 37
7 157 44
7 158 53
7 159 59
7 160 55
7 161 40
7 162 52
7 163 35
7 164 54
7 165 39
7 166 57
7 167 41
7 168 50
7 169 47
7 170 38
7 171 44
7 172 38
7 173 46
7 174 53
7 175 58
7 176 52
7 177 36
7 178 49
7 179 52
7 180 39
7 181 38
7 182 47
7 183 48
7 184 40
7 185 41
7 186 38
7 187 50
7 188 54
7 189 58
7 190 42
7 191 47
7 192 53
7 193 38
7 194 38
7 195 59
7 196 41
7 197 47
7 198 60
7 199 45
7 200 45
7 201 55
7 202 37
7 203 43
7 204 58
7 205 43
7 206 44
7 207 38
7 208 38
7 209 40
7 210 42
8 1 51
8 2 49
8 3 45
8 4 41
8 5 50
8 6 60
8 7 54
8 8 0
8 9 39
8 10 54
8 11 40
8 12 41
8 13 50
8 14 52
8 15 53
8 16 41
8 17 55
8 18 46
8 19 48
8 20 53
8 21 56
8 22 55
8 23 54
8 24 39
8 25 53
8 26 49
8 27 50
8 28 35
8 29 57
8 30 48
8 31 53
8 32 40
8 33 36
8 34 50
8 35 59
8 36 48
8 37 43
8 38 52
8 39 57
8 40 53
8 41 43
8 42 58
8 43 41
8 44 50
8 45 47
8 46 53
8 47 51
8 48 38
8 49 59
8 50 60
8 51 53
8 52 52
8 53 59
8 54 52
8 55 51
8 56 36
8 57 43
8 58 54
8 59 42
8 60 43
8 61 39
8 62 35
8 63 44
8 64 44
8 65 36
8 66 37
8 67 52
8 68 36
8 69 56
8 70 54
8 71 35
8 72 36
8 73 46
8 74 51
8 75 41
8 76 41
8 77 57
8 78 60
8 79 53
8 80 54
8 81 35
8 82 48
8 83 36
8 84 57
8 85 53
8 86 37
8 87 46
8 88 41
8 89 49
8 90 35
8 91 40
8 92 59
8 93 55
8 94 43
8 95 46
8 96 41
8 97 48
8 98 45
8 99 59
8 100 39
8 101 40
8 102 54
8 103 51
8 104 45
8 105 55
8 106 42
8 107 37
8 108 50
8 109 60
8 110 35
8 111 37
8 112 42
8 113 35
8 114 36
8 115 55
8 116 52
8 117 45
8 118 37
8 119 45
8 120 50
8 121 59
8 122 55
8 123 44
8 124 50
8 125 49
8 126 59
8 127 53
8 128 52
8 129 38
8 130 43
8 131 60
8 132 42
8 133 50
8 134 44
8 135 44
8 136 41
8 137 38
8 138 56
8 139 35
8 140 43
8 141 41
8 142 54
8 143 51
8 144 57
8 145 38
8 146 57
8 147 55
8 148 43
8 149 36
8 150 36
8 151 47
8 152 38
8 153 58
8 154 49
8 155 54
8 156 49
8 157 38
8 158 53
8 159 55
8 160 40
8 161 38
8 162 60
8 163 39
8 164 44
8 165 45
8 166 46
8 167 41
8 168 37
8 169 58
8 170 44
8 171 43
8 172 40
8 173 37
8 174 54
8 175 57
8 176 57
8 177 44
8 178 35
8 179 39
8 180 48
8 181 59
8 182 40
8 183 47
8 184 60
8 185 58
8 186 38
8 187 42
8 188 36
8 189 45
8 190 42
8 191 51
8 192 45
8 193 39
8 194 44
8 195 58
8 196 58
8 197 35
8 198 43
8 199 48
8 200 43
8 201 60
8 202 37
8 203 43
8 204 37
8 205 56
8 206 53
8 207 54
8 208 39
8 209 44
8 210 45
9 1 46
9 2 59
9 3 39
9 4 55
9 5 46
9 6 43
9 7 35
9 8 48
9 9 0
9 10 35
9 11 60
9 12 35
9 13 49
9 14 58
9 15 51
9 16 58
9 17 54
9 18 56
9 19 60
9 20 58
9 21 38
9 22 40
9 23 51
9 24 37
9 25 42
9 26 38
9 27 59
9 28 44
9 29 43
9 30 43
9 31 39
9 32 60
9 33 52
9 34 47
9 35 58
9 36 49
9 37 55
9 38 45
9 39 57
9 40 46
9 41 38
9 42 50
9 43 35
9 44 57
9 45 60
9 46 50
9 47 60
9 48 40
9 49 38
9 50 51
9 51 47
9 52 48
9 53 54
9 54 58
9 55 42
9 56 35
9 57 46
9 58 57
9 59 37
9 60 44
9 61 40
9 62 50
9 63 35
9 64 41
9 65 58
9 66 52
9 67 60
9 68 59
9 69 35
9 70 44
9 71 39
9 72 53
9 73 42
9 74 49
9 75 36
9 76 55
9 77 39
9 78 48
9 79 41
9 80 54
9 81 57
9 82 49
9 83 42
9 84 38
9 85 40
9 86 49
9 87 37
9 88 36
9 89 42
9 90 55
9 91 38
9 92 56
9 93 60
9 94 40
9 95 49
9 96 51
9 97 44
9 98 41
9 99 55
9 100 41
9 101 42
9 102 49
9 103 41
9 104 50
9 105 43
9 106 52
9 107 47
9 108 50
9 109 41
9 110 42
9 111 59
9 112 37
9 113 59
9 114 57
9 115 50
9 116 57
9 117 58
9 118 50
9 119 39
9 120 52
9 121 43
9 122 43
9 123 39
9 124 50
9 125 53
9 126 49
9 127 37
9 128 38
9 129 35
9 130 48
9 131 43
9 132 46
9 133 37
9 134 37
9 135 58
9 136 52
9 137 60
9 138 60
9 139 51
9 140 45
9 141 46
9 142 42
9 143 36
9 144 35
9 145 49
9 146 60
9 147 38
9 148 41
9 149 47
9 150 51
9 151 37
9 152 45
9 153 38
9 154 38
9 155 51
9 156 53
9 157 43
9 158 51
9 159 48
9 160 41
9 161 53
9 162 40
9 163 38
9 164 53
9 165 53
9 166 40
9 167 44
9 168 38
9 169 38
9 170 46
9 171 42
9 172 51
9 173 55
9 174 59
9 175 50
9 176 46
9 177 50
9 178 37
9 179 52
9 180 46
9 181 45
9 182 46
9 183 51
9 184 42
9 185 43
9 186 45
9 187 52
9 188 53
9 189 53
9 190 47
9 191 42
9 192 54
9 193 54
9 194 48
9 195 56
9 196 47
9 197 60
9 198 54
9 199 41
9 200 50
9 201 36
9 202 47
9 203 46
9 204 56
9 205 40
9 206 38
9 207 35
9 208 54
9 209 52
9 210 55
10 1 39
10 2 59
10 3 43
10 4 56
10 5 41
10 6 59
10 7 47
10 8 40
10 9 36
10 10 0
10 11 52
10 12 48
10 13 53
10 14 38
10 15 44
10 16 55
10 17 52
10 18 35
10 19 42
10 20 47
10 21 53
10 22 60
10 23 38
10 24 57
10 25 47
10 26 35
10 27 38
10 28 35
10 29 56
10 30 50
10 31 59
10 32 38
10 33 38
10 34 57
10 35 41
10 36 38
10 37 48
10 38 41
10 39 54
10 40 36
10 41 46
10 42 35
10 43 40
10 44 39
10 45 44
10 46 42
10 47 58
10 48 54
10 49 44
10 50 40
10 51 60
10 52 54
10 53 38
10 54 56
10 55 46
10 56 44
10 57 46
10 58 48
10 59 35
10 60 52
10 61 51
10 62 36
10 63 52
10 64 44
10 65 47
10 66 56
10 67 46
10 68 50
10 69 39
10 70 44
10 71 38
10 72 39
10 73 52
10 74 43
10 75 48
10 76 52
10 77 53
10 78 37
10 79 57
10 80 39
10 81 41
10 82 53
10 83 42
10 84 42
10 85 45
10 86 52
10 87 46
10 88 43
10 89 43
10 90 51
10 91 50
10 92 43
10 93 54
10 94 53
10 95 44
10 96 46
10 97 58
10 98 37
10 99 56
10 100 58
10 101 37
10 102 55
10 103 54
10 104 52
10 105 37
10 106 53
10 107 41
10 108 54
10 109 49
10 110 45
10 111 40
10 112 47
10 113 52
10 114 45
10 115 56
10 116 35
10 117 42
10 118 58
10 119 60
10 120 37
10 121 50
10 122 56
10 123 55
10 124 45
10 125 47
10 126 58
10 127 50
10 128 37
10 129 47
10 130 39
10 131 59
10 132 40
10 133 37
10 134 56
10 135 41
10 136 57
10 137 58
10 138 37
10 139 52
10 140 56
10 141 46
10 142 37
10 143 51
10 144 60
10 145 36
10 146 36
10 147 58
10 148 41
10 149 41
10 150 45
10 151 56
10 152 58
10 153 47
10 154 54
10 155 47
10 156 56
10 157 54
10 158 40
10 159 43
10 160 50
10 161 55
10 162 52
10 163 41
10 164 54
10 165 59
10 166 57
10 167 54
10 168 38
10 169 35
10 170 41
10 171 51
10 172 54
10 173 50
10 174 60
10 175 58
10 176 50
10 177 55
10 178 59
10 179 41
10 180 54
10 181 52
10 182 44
10 183 37
10 184 43
10 185 50
10 186 47
10 187 37
10 188 44
10 189 56
10 190 54
10 191 38
10 192 49
10 193 43
10 194 58
10 195 60
10 196 52
10 197 48
10 198 35
10 199 51
10 200 53
10 201 35
10 202 36
10 203 37
10 204 38
10 205 48
10 206 43
10 207 57
10 208 38
10 209 44
10 210 46
11 1 41
11 2 36
11 3 37
11 4 54
11 5 38
11 6 50
11 7 45
11 8 40
11 9 58
11 10 43
11 11 0
11 12 52
11 13 54
11 14 43
11 15 57
11 16 56
11 17 59
11 18 48
11 19 38
11 20 46
11 21 52
11 22 36
11 23 50
11 24 57
11 25 46
11 26 49
11 27 39
11 28 39
11 29 41
11 30 49
11 31 35
11 32 57
11 33 46
11 34 37
11 35 37
11 36 41
11 37 36
11 38 56
11 39 38
11 40 51
11 41 51
11 42 50
11 43 37
11 44 47
11 45 44
11 46 35
11 47 44
11 48 44
11 49 46
11 50 44
11 51 49
11 52 55
11 53 55
11 54 60
11 55 46
11 56 46
11 57 41
11 58 48
11 59 58
11 60 40
11 61 47
11 62 39
11 63 47
11 64 59
11 65 57
11 66 55
11 67 42
11 68 55
11 69 54
11 70 52
11 71 40
11 72 58
11 73 51
11 74 47
11 75 36
11 76 54
11 77 55
11 78 55
11 79 45
11 80 36
11 81 47
11 82 56
11 83 60
11 84 47
11 85 54
11 86 42
11 87 52
11 88 60
11 89 37
11 90 39
11 91 53
11 92 52
11 93 41
11 94 58
11 95 56
11 96 45
11 97 42
11 98 44
11 99 48
11 100 55
11 101 51
11 102 47
11 103 56
11 104 42
11 105 40
11 106 60
11 107 59
11 108 38
11 109 55
11 110 41
11 111 60
11 112 41
11 113 53
11 114 50
11 115 47
11 116 46
11 117 38
11 118 46
11 119 36
11 120 54
11 121 52
11 122 55
11 123 39
11 124 53
11 125 45
11 126 45
11 127 42
11 128 53
11 129 47
11 130 52
11 131 42
11 132 39
11 133 57
11 134 38
11 135 41
11 136 46
11 137 54
11 138 54
11 139 58
11 140 53
11 141 56
11 142 51
11 143 48
11 144 50
11 145 60
11 146 50
11 147 36
11 148 36
11 149 38
11 150 46
11 151 60
11 152 60
11 153 58
11 154 51
11 155 51
11 156 55
11 157 42
11 158 50
11 159 50
11 160 58
11 161 55
11 162 55
11 163 60
11 164 55
11 165 60
11 166 48
11 167 40
11 168 47
11 169 59
11 170 52
11 171 53
11 172 37
11 173 53
11 174 56
11 175 40
11 176 46
11 177 38
11 178 58
11 179 56
11 180 38
11 181 55
11 182 59
11 183 42
11 184 47
11 185 38
11 186 41
11 187 38
11 188 53
11 189 48
11 190 52
11 191 40
11 192 57
11 193 53
11 194 49
11 195 46
11 196 37
11 197 57
11 198 37
11 199 41
11 200 58
11 201 58
11 202 58
11 203 43
11 204 45
11 205 60
11 206 46
11 207 57
11 208 50
11 209 60
11 210 35
12 1 58
12 2 58
12 3 60
12 4 39
12 5 42
12 6 38
12 7 57
12 8 54
12 9 37
12 10 48
12 11 36
12 12 0
12 13 57
12 14 58
12 15 54
12 16 40
12 17 37
12 18 58
12 19 46
12 20 54
12 21 40
12 22 60
12 23 44
12 24 52
12 25 38
12 26 39
12 27 35
12 28 35
12 29 35
12 30 51
12 31 58
12 32 45
12 33 35
12 34 40
12 35 53
12 36 51
12 37 40
12 38 40
12 39 54
12 40 54
12 41 56
12 42 44
12 43 42
12 44 58
12 45 47
12 46 45
12 47 52
12 48 47
12 49 39
12 50 49
12 51 56
12 52 49
12 53 45
12 54 47
12 55 39
12 56 41
12 57 38
12 58 50
12 59 45
12 60 43
12 61 43
12 62 58
12 63 53
12 64 53
12 65 38
12 66 55
12 67 50
12 68 41
12 69 40
12 70 41
12 71 42
12 72 44
12 73 48
12 74 58
12 75 37
12 76 40
12 77 45
12 78 48
12 79 39
12 80 44
12 81 48
12 82 53
12 83 52
12 84 47
12 85 50
12 86 52
12 87 49
12 88 49
12 89 35
12 90 48
12 91 47
12 92 49
12 93 36
12 94 40
12 95 38
12 96 52
12 97 59
12 98 60
12 99 57
12 100 48
12 101 37
12 102 50
12 103 59
12 104 36
12 105 47
12 106 56
12 107 52
12 108 57
12 109 44
12 110 45
12 111 58
12 112 54
12 113 54
12 114 46
12 115 44
12 116 53
12 117 37
12 118 44
12 119 55
12 120 42
12 121 56
12 122 38
12 123 47
12 124 40
12 125 59
12 126 49
12 127 50
12 128 59
12 129 41
12 130 60
12 131 52
12 132 48
12 133 36
12 134 46
12 135 52
12 136 54
12 137 48
12 138 35
12 139 37
12 140 45
12 141 43
12 142 40
12 143 47
12 144 38
12 145 60
12 146 42
12 147 58
12 148 56
12 149 39
12 150 43
12 151 37
12 152 54
12 153 47
12 154 46
12 155 40
12 156 59
12 157 56
12 158 37
12 159 52
12 160 38
12 161 53
12 162 42
12 163 37
12 164 37
12 165 36
12 166 50
12 167 38
12 168 51
12 169 45
12 170 53
12 171 56
12 172 55
12 173 52
12 174 36
12 175 47
12 176 40
12 177 49
12 178 46
12 179 57
12 180 40
12 181 58
12 182 53
12 183 55
12 184 38
12 185 37
12 186 57
12 187 35
12 188 57
12 189 35
12 190 50
12 191 43
12 192 58
12 193 44
12 194 40
12 195 55
12 196 35
12 197 48
12 198 43
12 199 36
12 200 55
12 201 35
12 202 41
12 203 60
12 204 35
12 205 36
12 206 40
12 207 59
12 208 39
12 209 50
12 210 43
13 1 55
13 2 35
13 3 36
13 4 52
13 5 39
13 6 57
13 7 40
13 8 51
13 9 56
13 10 38
13 11 36
13 12 55
13 13 0
13 14 43
13 15 48
13 16 48
13 17 35
13 18 54
13 19 43
13 20 58
13 21 53
13 22 55
13 23 45
13 24 59
13 25 59
13 26 41
13 27 59
13 28 43
13 29 38
13 30 45
13 31 48
13 32 37
13 33 38
13 34 42
13 35 39
13 36 38
13 37 53
13 38 39
13 39 41
13 40 55
13 41 50
13 42 35
13 43 37
13 44 51
13 45 39
13 46 56
13 47 38
13 48 57
13 49 37
13 50 45
13 51 43
13 52 57
13 53 41
13 54 38
13 55 50
13 56 47
13 57 38
13 58 47
13 59 45
13 60 46
13 61 51
13 62 48
13 63 48
13 64 45
13 65 38
13 66 42
13 67 52
13 68 46
13 69 41
13 70 47
13 71 57
13 72 35
13 73 51
13 74 49
13 75 38
13 76 38
13 77 39
13 78 50
13 79 57
13 80 53
13 81 60
13 82 37
13 83 58
13 84 36
13 85 51
13 86 58
13 87 41
13 88 56
13 89 41
13 90 52
13 91 48
13 92 44
13 93 42
13 94 54
13 95 41
13 96 35
13 97 46
13 98 37
13 99 49
13 100 37
13 101 43
13 102 52
13 103 54
13 104 37
13 105 59
13 106 46
13 107 43
13 108 55
13 109 49
13 110 38
13 111 42
13 112 56
13 113 39
13 114 35
13 115 37
13 116 48
13 117 44
13 118 58
13 119 58
13 120 45
13 121 39
13 122 52
13 123 43
13 124 59
13 125 59
13 126 52
13 127 40
13 128 49
13 129 50
13 130 45
13 131 50
13 132 60
13 133 48
13 134 37
13 135 56
13 136 51
13 137 57
13 138 59
13 139 40
13 140 58
13 141 48
13 142 58
13 143 49
13 144 42
13 145 53
13 146 51
13 147 35
13 148 50
13 149 49
13 150 54
13 151 55
13 152 49
13 153 45
13 154 57
13 155 49
13 156 58
13 157 47
13 158 49
13 159 44
13 160 54
13 161 58
13 162 40
13 163 50
13 164 38
13 165 60
13 166 36
13 167 38
13 168 55
13 169 35
13 170 56
13 171 41
13 172 51
13 173 53
13 174 37
13 175 37
13 176 41
13 177 42
13 178 52
13 179 38
13 180 58
13 181 42
13 182 36
13 183 48
13 184 56
13 185 53
13 186 35
13 187 45
13 188 57
13 189 48
13 190 41
13 191 55
13 192 54
13 193 50
13 194 42
13 195 56
13 196 56
13 197 44
13 198 35
13 199 46
13 200 44
13 201 51
13 202 40
13 203 49
13 204 47
13 205 48
13 206 35
13 207 36
13 208 47
13 209 38
13 210 58
14 1 42
14 2 44
14 3 38
14 4 57
14 5 43
14 6 52
14 7 46
14 8 48
14 9 42
14 10 48
14 11 36
14 12 40
14 13 53
14 14 0
14 15 43
14 16 46
14 17 43
14 18 45
14 19 46
14 20 46
14 21 48
14 22 44
14 23 35
14 24 58
14 25 53
14 26 45
14 27 39
14 28 60
14 29 53
14 30 49
14 31 56
14 32 36
14 33 38
14 34 49
14 35 58
14 36 42
14 37 38
14 38 59
14 39 49
14 40 51
14 41 46
14 42 48
14 43 57
14 44 57
14 45 57
14 46 53
14 47 45
14 48 56
14 49 60
14 50 38
14 51 49
14 52 43
14 53 59
14 54 47
14 55 57
14 56 48
14 57 56
14 58 49
14 59 53
14 60 45
14 61 55
14 62 48
14 63 49
14 64 46
14 65 52
14 66 57
14 67 44
14 68 37
14 69 49
14 70 35
14 71 41
14 72 55
14 73 36
14 74 41
14 75 42
14 76 46
14 77 44
14 78 47
14 79 37
14 80 52
14 81 42
14 82 54
14 83 42
14 84 51
14 85 41
14 86 35
14 87 38
14 88 56
14 89 40
14 90 59
14 91 53
14 92 47
14 93 38
14 94 53
14 95 54
14 96 36
14 97 42
14 98 38
14 99 49
14 100 50
14 101 51
14 102 55
14 103 55
14 104 50
14 105 52
14 106 56
14 107 42
14 108 51
14 109 56
14 110 52
14 111 54
14 112 58
14 113 36
14 114 57
14 115 52
14 116 40
14 117 60
14 118 38
14 119 41
14 120 59
14 121 45
14 122 39
14 123 44
14 124 40
14 125 40
14 126 53
14 127 42
14 128 56
14 129 37
14 130 48
14 131 57
14 132 42
14 133 46
14 134 44
14 135 53
14 136 58
14 137 51
14 138 38
14 139 43
14 140 54
14 141 47
14 142 36
14 143 50
14 144 50
14 145 41
14 146 58
14 147 54
14 148 51
14 149 43
14 150 44
14 151 51
14 152 44
14 153 44
14 154 38
14 155 40
14 156 46
14 157 56
14 158 49
14 159 57
14 160 54
14 161 55
14 162 53
14 163 35
14 164 45
14 165 38
14 166 43
14 167 36
14 168 46
14 169 57
14 170 56
14 171 41
14 172 38
14 173 50
14 174 60
14 175 49
14 176 45
14 177 56
14 178 44
14 179 36
14 180 55
14 181 38
14 182 51
14 183 52
14 184 39
14 185 57
14 186 47
14 187 35
14 188 38
14 189 55
14 190 52
14 191 45
14 192 49
14 193 51
14 194 36
14 195 42
14 196 47
14 197 58
14 198 38
14 199 57
14 200 44
14 201 40
14 202 37
14 203 43
14 204 58
14 205 53
14 206 58
14 207 39
14 208 35
14 209 56
14 210 35
15 1 50
15 2 52
15 3 51
15 4 45
15 5 58
15 6 54
15 7 56
15 8 38
15 9 48
15 10 45
15 11 51
15 12 46
15 13 58
15 14 53
15 15 0
15 16 57
15 17 53
15 18 54
15 19 52
15 20 43
15 21 36
15 22 36
15 23 44
15 24 51
15 25 45
15 26 42
15 27 46
15 28 39
15 29 57
15 30 38
15 31 38
15 32 53
15 33 37
15 34 45
15 35 35
15 36 49
15 37 57
15 38 39
15 39 42
15 40 60
15 41 51
15 42 47
15 43 54
15 44 40
15 45 45
15 46 40
15 47 38
15 48 42
15 49 49
15 50 47
15 51 46
15 52 57
15 53 40
15 54 59
15 55 48
15 56 58
15 57 55
15 58 45
15 59 44
15 60 42
15 61 42
15 62 39
15 63 50
15 64 37
15 65 60
15 66 42
15 67 50
15 68 59
15 69 45
15 70 38
15 71 56
15 72 42
15 73 60
15 74 44
15 75 53
15 76 51
15 77 45
15 78 58
15 79 57
15 80 48
15 81 54
15 82 60
15 83 60
15 84 44
15 85 36
15 86 44
15 87 55
15 88 41
15 89 55
15 90 44
15 91 43
15 92 51
15 93 42
15 94 39
15 95 44
15 96 37
15 97 38
15 98 49
15 99 48
15 100 46
15 101 39
15 102 42
15 103 46
15 104 37
15 105 52
15 106 60
15 107 43
15 108 52
15 109 43
15 110 52
15 111 55
15 112 60
15 113 44
15 114 46
15 115 57
15 116 43
15 117 43
15 118 52
15 119 44
15 120 56
15 121 55
15 122 56
15 123 49
15 124 51
15 125 36
15 126 50
15 127 40
15 128 47
15 129 53
15 130 44
15 131 46
15 132 57
15 133 49
15 134 49
15 135 54
15 136 42
15 137 40
15 138 58
15 139 46
15 140 36
15 141 53
15 142 56
15 143 45
15 144 54
15 145 35
15 146 48
15 147 57
15 148 41
15 149 40
15 150 38
15 151 50
15 152 38
15 153 55
15 154 55
15 155 39
15 156 58
15 157 55
15 158 43
15 159 52
15 160 60
15 161 60
15 162 55
15 163 57
15 164 54
15 165 45
15 166 40
15 167 56
15 168 49
15 169 41
15 170 46
15 171 50
15 172 52
15 173 52
15 174 41
15 175 43
15 176 56
15 177 39
15 178 47
15 179 56
15 180 52
15 181 44
15 182 52
15 183 48
15 184 53
15 185 57
15 186 46
15 187 60
15 188 55
15 189 50
15 190 35
15 191 36
15 192 56
15 193 40
15 194 43
15 195 56
15 196 56
15 197 36
15 198 40
15 199 51
15 200 49
15 201 49
15 202 51
15 203 41
15 204 54
15 205 37
15 206 51
15 207 59
15 208 50
15 209 56
15 210 40
16 1 50
16 2 51
16 3 38
16 4 42
16 5 54
16 6 39
16 7 48
16 8 58
16 9 56
16 10 44
16 11 49
16 12 45
16 13 42
16 14 46
16 15 38
16 16 0
16 17 59
16 18 41
16 19 52
16 20 37
16 21 45
16 22 42
16 23 35
16 24 48
16 25 44
16 26 38
16 27 35
16 28 50
16 29 60
16 30 56
16 31 45
16 32 58
16 33 48
16 34 49
16 35 45
16 36 60
16 37 60
16 38 45
16 39 41
16 40 38
16 41 35
16 42 36
16 43 51
16 44 38
16 45 50
16 46 42
16 47 37
16 48 56
16 49 43
16 50 58
16 51 55
16 52 54
16 53 56
16 54 43
16 55 38
16 56 54
16 57 51
16 58 53
16 59 52
16 60 54
16 61 54
16 62 36
16 63 42
16 64 45
16 65 45
16 66 53
16 67 59
16 68 59
16 69 60
16 70 51
16 71 52
16 72 56
16 73 58
16 74 42
16 75 48
16 76 58
16 77 36
16 78 45
16 79 46
16 80 54
16 81 51
16 82 60
16 83 54
16 84 59
16 85 60
16 86 60
16 87 44
16 88 46
16 89 57
16 90 44
16 91 43
16 92 40
16 93 60
16 94 49
16 95 35
16 96 45
16 97 38
16 98 36
16 99 41
16 100 35
16 101 40
16 102 59
16 103 55
16 104 37
16 105 42
16 106 58
16 107 40
16 108 42
16 109 41
16 110 47
16 111 40
16 112 43
16 113 36
16 114 52
16 115 49
16 116 54
16 117 54
16 118 38
16 119 35
16 120 49
16 121 55
16 122 46
16 123 35
16 124 51
16 125 54
16 126 38
16 127 51
16 128 54
16 129 55
16 130 57
16 131 52
16 132 59
16 133 53
16 134 39
16 135 51
16 136 50
16 137 54
16 138 55
16 139 37
16 140 35
16 141 60
16 142 36
16 143 60
16 144 41
16 145 42
16 146 52
16 147 47
16 148 49
16 149 41
16 150 54
16 151 35
16 152 57
16 153 39
16 154 40
16 155 35
16 156 52
16 157 44
16 158 50
16 159 39
16 160 54
16 161 50
16 162 36
16 163 41
16 164 38
16 165 53
16 166 55
16 167 50
16 168 45
16 169 47
16 170 59
16 171 39
16 172 37
16 173 40
16 174 57
16 175 42
16 176 42
16 177 56
16 178 43
16 179 51
16 180 45
16 181 60
16 182 35
16 183 54
16 184 45
16 185 38
16 186 50
16 187 42
16 188 38
16 189 39
16 190 58
16 191 56
16 192 56
16 193 47
16 194 56
16 195 51
16 196 39
16 197 56
16 198 37
16 199 52
16 200 49
16 201 50
16 202 57
16 203 54
16 204 39
16 205 57
16 206 58
16 207 57
16 208 57
16 209 46
16 210 59
17 1 39
17 2 47
17 3 41
17 4 42
17 5 42
17 6 44
17 7 51
17 8 41
17 9 55
17 10 44
17 11 49
17 12 57
17 13 41
17 14 43
17 15 59
17 16 60
17 17 0
17 18 41
17 19 48
17 20 59
17 21 39
17 22 53
17 23 44
17 24 43
17 25 43
17 26 59
17 27 49
17 28 53
17 29 42
17 30 60
17 31 57
17 32 54
17 33 53
17 34 36
17 35 59
17 36 43
17 37 38
17 38 56
17 39 55
17 40 37
17 41 56
17 42 49
17 43 52
17 44 56
17 45 56
17 46 45
17 47 58
17 48 45
17 49 46
17 50 49
17 51 35
17 52 47
17 53 54
17 54 46
17 55 57
17 56 58
17 57 41
17 58 58
17 59 50
17 60 43
17 61 50
17 62 35
17 63 44
17 64 50
17 65 38
17 66 42
17 67 44
17 68 59
17 69 48
17 70 43
17 71 35
17 72 53
17 73 48
17 74 57
17 75 44
17 76 57
17 77 48
17 78 54
17 79 35
17 80 38
17 81 40
17 82 42
17 83 51
17 84 36
17 85 51
17 86 48
17 87 56
17 88 56
17 89 60
17 90 42
17 91 58
17 92 53
17 93 44
17 94 57
17 95 56
17 96 49
17 97 42
17 98 46
17 99 37
17 100 36
17 101 42
17 102 42
17 103 39
17 104 39
17 105 40
17 106 59
17 107 36
17 108 47
17 109 38
17 110 55
17 111 47
17 112 53
17 113 40
17 114 47
17 115 47
17 116 58
17 117 46
17 118 51
17 119 57
17 120 53
17 121 60
17 122 47
17 123 36
17 124 49
17 125 39
17 126 36
17 127 47
17 128 48
17 129 51
17 130 39
17 131 40
17 132 59
17 133 37
17 134 50
17 135 47
17 136 49
17 137 41
17 138 60
17 139 49
17 140 48
17 141 50
17 142 55
17 143 40
17 144 35
17 145 55
17 146 41
17 147 41
17 148 57
17 149 42
17 150 42
17 151 44
17 152 36
17 153 49
17 154 59
17 155 59
17 156 38
17 157 52
17 158 42
17 159 43
17 160 52
17 161 55
17 162 36
17 163 37
17 164 56
17 165 55
17 166 44
17 167 35
17 168 45
17 169 42
17 170 35
17 171 52
17 172 56
17 173 60
17 174 50
17 175 55
17 176 43
17 177 52
17 178 52
17 179 37
17 180 35
17 181 40
17 182 60
17 183 39
17 184 52
17 185 45
17 186 41
17 187 44
17 188 40
17 189 38
17 190 59
17 191 57
17 192 52
17 193 54
17 194 37
17 195 35
17 196 58
17 197 39
17 198 49
17 199 41
17 200 36
17 201 49
17 202 47
17 203 49
17 204 49
17 205 59
17 206 60
17 207 51
17 208 41
17 209 47
17 210 51
18 1 46
18 2 59
18 3 58
18 4 55
18 5 54
18 6 45
18 7 40
18 8 58
18 9 46
18 10 41
18 11 47
18 12 48
18 13 41
18 14 60
18 15 58
18 16 47
18 17 54
18 18 0
18 19 56
18 20 54
18 21 47
18 22 47
18 23 49
18 24 59
18 25 36
18 26 46
18 27 54
18 28 49
18 29 46
18 30 52
18 31 40
18 32 38
18 33 45
18 34 38
18 35 39
18 36 47
18 37 46
18 38 54
18 39 56
18 40 45
18 41 60
18 42 43
18 43 40
18 44 49
18 45 35
18 46 36
18 47 47
18 48 55
18 49 47
18 50 46
18 51 42
18 52 55
18 53 49
18 54 52
18 55 46
18 56 48
18 57 38
18 58 43
18 59 50
18 60 46
18 61 54
18 62 49
18 63 51
18 64 43
18 65 41
18 66 35
18 67 54
18 68 52
18 69 48
18 70 37
18 71 43
18 72 50
18 73 44
18 74 58
18 75 53
18 76 46
18 77 53
18 78 59
18 79 53
18 80 39
18 81 60
18 82 52
18 83 46
18 84 44
18 85 36
18 86 59
18 87 46
18 88 52
18 89 53
18 90 51
18 91 55
18 92 42
18 93 39
18 94 55
18 95 57
18 96 38
18 97 35
18 98 39
18 99 48
18 100 42
18 101 39
18 102 45
18 103 51
18 104 39
18 105 54
18 106 51
18 107 56
18 108 43
18 109 55
18 110 49
18 111 35
18 112 55
18 113 41
18 114 39
18 115 45
18 116 35
18 117 48
18 118 54
18 119 60
18 120 41
18 121 50
18 122 55
18 123 42
18 124 57
18 125 41
18 126 36
18 127 35
18 128 50
18 129 45
18 130 57
18 131 43
18 132 39
18 133 41
18 134 39
18 135 43
18 136 46
18 137 54
18 138 37
18 139 53
18 140 37
18 141 57
18 142 49
18 143 46
18 144 43
18 145 43
18 146 43
18 147 52
18 148 40
18 149 44
18 150 45
18 151 40
18 152 46
18 153 56
18 154 48
18 155 55
18 156 37
18 157 38
18 158 36
18 159 55
18 160 38
18 161 58
18 162 49
18 163 38
18 164 40
18 165 46
18 166 51
18 167 53
18 168 43
18 169 60
18 170 37
18 171 51
18 172 36
18 173 51
18 174 38
18 175 41
18 176 50
18 177 60
18 178 58
18 179 59
18 180 48
18 181 59
18 182 46
18 183 46
18 184 38
18 185 53
18 186 41
18 187 40
18 188 60
18 189 54
18 190 57
18 191 49
18 192 50
18 193 45
18 194 48
18 195 50
18 196 45
18 197 35
18 198 51
18 199 53
18 200 42
18 201 60
18 202 45
18 203 44
18 204 40
18 205 56
18 206 51
18 207 45
18 208 42
18 209 37
18 210 50
19 1 40
19 2 43
19 3 40
19 4 45
19 5 60
19 6 39
19 7 55
19 8 46
19 9 51
19 10 47
19 11 57
19 12 35
19 13 44
19 14 55
19 15 44
19 16 60
19 17 40
19 18 45
19 19 0
19 20 39
19 21 37
19 22 59
19 23 59
19 24 59
19 25 38
19 26 37
19 27 51
19 28 35
19 29 39
19 30 51
19 31 55
19 32 44
19 33 40
19 34 59
19 35 54
19 36 41
19 37 50
19 38 47
19 39 57
19 40 41
19 41 60
19 42 51
19 43 55
19 44 50
19 45 50
19 46 59
19 47 50
19 48 60
19 49 43
19 50 52
19 51 54
19 52 52
19 53 56
19 54 58
19 55 54
19 56 53
19 57 47
19 58 56
19 59 58
19 60 59
19 61 38
19 62 49
19 63 57
19 64 60
19 65 60
19 66 56
19 67 36
19 68 52
19 69 40
19 70 51
19 71 38
19 72 59
19 73 39
19 74 57
19 75 57
19 76 49
19 77 38
19 78 59
19 79 45
19 80 48
19 81 37
19 82 55
19 83 49
19 84 42
19 85 45
19 86 51
19 87 39
19 88 51
19 89 56
19 90 38
19 91 56
19 92 47
19 93 53
19 94 58
19 95 51
19 96 48
19 97 39
19 98 41
19 99 36
19 100 48
19 101 59
19 102 55
19 103 60
19 104 38
19 105 54
19 106 46
19 107 55
19 108 35
19 109 43
19 110 37
19 111 43
19 112 37
19 113 38
19 114 57
19 115 59
19 116 40
19 117 48
19 118 40
19 119 39
19 120 52
19 121 41
19 122 51
19 123 48
19 124 56
19 125 59
19 126 54
19 127 56
19 128 37
19 129 43
19 130 38
19 131 37
19 132 55
19 133 55
19 134 44
19 135 51
19 136 52
19 137 37
19 138 39
19 139 55
19 140 43
19 141 51
19 142 43
19 143 41
19 144 54
19 145 49
19 146 46
19 147 49
19 148 46
19 149 43
19 150 58
19 151 42
19 152 38
19 153 44
19 154 36
19 155 35
19 156 58
19 157 59
19 158 40
19 159 41
19 160 41
19 161 50
19 162 47
19 163 42
19 164 52
19 165 37
19 166 49
19 167 41
19 168 55
19 169 37
19 170 55
19 171 35
19 172 52
19 173 56
19 174 60
19 175 46
19 176 46
19 177 47
19 178 40
19 179 37
19 180 44
19 181 60
19 182 58
19 183 42
19 184 52
19 185 53
19 186 48
19 187 42
19 188 46
19 189 58
19 190 51
19 191 38
19 192 46
19 193 49
19 194 54
19 195 36
19 196 43
19 197 50
19 198 45
19 199 39
19 200 59
19 201 40
19 202 44
19 203 50
19 204 35
19 205 47
19 206 58
19 207 60
19 208 59
19 209 58
19 210 42
20 1 40
20 2 35
20 3 56
20 4 58
20 5 35
20 6 48
20 7 57
20 8 37
20 9 60
20 10 60
20 11 39
20 12 54
20 13 35
20 14 42
20 15 57
20 16 55
20 17 36
20 18 53
20 19 52
20 20 0
20 21 40
20 22 60
20 23 48
20 24 42
20 25 35
20 26 57
20 27 35
20 28 48
20 29 56
20 30 54
20 31 43
20 32 40
20 33 60
20 34 58
20 35 52
20 36 36
20 37 58
20 38 41
20 39 46
20 40 55
20 41 46
20 42 47
20 43 38
20 44 40
20 45 59
20 46 37
20 47 51
20 48 39
20 49 44
20 50 60
20 51 60
20 52 37
20 53 52
20 54 36
20 55 46
20 56 40
20 57 58
20 58 36
20 59 45
20 60 58
20 61 53
20 62 38
20 63 35
20 64 40
20 65 40
20 66 52
20 67 53
20 68 55
20 69 39
20 70 58
20 71 55
20 72 43
20 73 53
20 74 37
20 75 37
20 76 37
20 77 38
20 78 43
20 79 50
20 80 46
20 81 50
20 82 35
20 83 46
20 84 35
20 85 45
20 86 56
20 87 51
20 88 49
20 89 58
20 90 46
20 91 37
20 92 44
20 93 36
20 94 57
20 95 57
20 96 37
20 97 41
20 98 39
20 99 51
20 100 55
20 101 35
20 102 45
20 103 57
20 104 59
20 105 52
20 106 56
20 107 36
20 108 60
20 109 42
20 110 54
20 111 45
20 112 37
20 113 44
20 114 42
20 115 39
20 116 49
20 117 40
20 118 58
20 119 37
20 120 35
20 121 53
20 122 52
20 123 43
20 124 52
20 125 40
20 126 59
20 127 50
20 128 39
20 129 42
20 130 53
20 131 43
20 132 35
20 133 38
20 134 39
20 135 36
20 136 53
20 137 36
20 138 53
20 139 49
20 140 55
20 141 41
20 142 38
20 143 54
20 144 44
20 145 58
20 146 35
20 147 55
20 148 38
20 149 46
20 150 37
20 151 57
20 152 39
20 153 41
20 154 60
20 155 36
20 156 37
20 157 35
20 158 37
20 159 42
20 160 53
20 161 40
20 162 39
20 163 53
20 164 53
20 165 36
20 166 36
20 167 57
20 168 57
20 169 52
20 170 36
20 171 47
20 172 51
20 173 51
20 174 55
20 175 46
20 176 35
20 177 36
20 178 43
20 179 41
20 180 58
20 181 40
20 182 54
20 183 38
20 184 50
20 185 41
20 186 60
20 187 47
20 188 36
20 189 39
20 190 40
20 191 59
20 192 42
20 193 43
20 194 56
20 195 53
20 196 46
20 197 37
20 198 44
20 199 45
20 200 35
20 201 35
20 202 43
20 203 40
20 204 38
20 205 58
20 206 51
20 207 40
20 208 59
20 209 54
20 210 36
21 1 42
21 2 50
21 3 50
21 4 49
21 5 51
21 6 48
21 7 60
21 8 56
21 9 44
21 10 49
21 11 43
21 12 42
21 13 60
21 14 39
21 15 39
21 16 49
21 17 55
21 18 35
21 19 53
21 20 41
21 21 0
21 22 54
21 23 55
21 24 37
21 25 41
21 26 44
21 27 46
21 28 50
21 29 48
21 30 58
21 31 37
21 32 37
21 33 44
21 34 40
21 35 59
21 36 43
21 37 52
21 38 55
21 39 41
21 40 54
21 41 48
21 42 49
21 43 56
21 44 37
21 45 57
21 46 39
21 47 51
21 48 53
21 49 51
21 50 58
21 51 59
21 52 59
21 53 41
21 54 41
21 55 46
21 56 50
21 57 40
21 58 59
21 59 48
21 60 54
21 61 42
21 62 55
21 63 56
21 64 51
21 65 50
21 66 46
21 67 36
21 68 36
21 69 36
21 70 38
21 71 59
21 72 48
21 73 42
21 74 49
21 75 53
21 76 46
21 77 42
21 78 54
21 79 40
21 80 41
21 81 43
21 82 51
21 83 47
21 84 35
21 85 36
21 86 57
21 87 50
21 88 52
21 89 44
21 90 43
21 91 36
21 92 45
21 93 58
21 94 36
21 95 35
21 96 49
21 97 51
21 98 55
21 99 47
21 100 37
21 101 35
21 102 55
21 103 35
21 104 45
21 105 47
21 106 47
21 107 42
21 108 43
21 109 48
21 110 60
21 111 59
21 112 57
21 113 50
21 114 60
21 115 38
21 116 54
21 117 35
21 118 37
21 119 58
21 120 50
21 121 46
21 122 50
21 123 47
21 124 52
21 125 48
21 126 35
21 127 55
21 128 46
21 129 56
21 130 54
21 131 51
21 132 57
21 133 42
21 134 54
21 135 46
21 136 51
21 137 35
21 138 52
21 139 41
21 140 46
21 141 57
21 142 46
21 143 51
21 144 45
21 145 57
21 146 39
21 147 54
21 148 51
21 149 42
21 150 42
21 151 57
21 152 44
21 153 35
21 154 45
21 155 40
21 156 42
21 157 49
21 158 44
21 159 43
21 160 44
21 161 56
21 162 42
21 163 59
21 164 56
21 165 52
21 166 48
21 167 44
21 168 37
21 169 51
21 170 38
21 171 51
21 172 46
21 173 47
21 174 42
21 175 53
21 176 46
21 177 41
21 178 54
21 179 41
21 180 52
21 181 38
21 182 46
21 183 42
21 184 48
21 185 57
21 186 59
21 187 51
21 188 42
21 189 46
21 190 54
21 191 36
21 192 43
21 193 46
21 194 35
21 195 46
21 196 37
21 197 40
21 198 39
21 199 36
21 200 42
21 201 55
21 202 46
21 203 47
21 204 41
21 205 46
21 206 45
21 207 54
21 208 60
21 209 52
21 210 39
22 1 39
22 2 36
22 3 53
22 4 51
22 5 58
22 6 41
22 7 47
22 8 57
22 9 38
22 10 60
22 11 39
22 12 41
22 13 56
22 14 38
22 15 52
22 16 40
22 17 42
22 18 46
22 19 39
22 20 45
22 21 56
22 22 0
22 23 42
22 24 38
22 25 45
22 26 51
22 27 43
22 28 47
22 29 49
22 30 42
22 31 38
22 32 35
22 33 52
22 34 37
22 35 39
22 36 39
22 37 52
22 38 42
22 39 58
22 40 45
22 41 40
22 42 38
22 43 55
22 44 44
22 45 39
22 46 58
22 47 52
22 48 43
22 49 46
22 50 38
22 51 35
22 52 50
22 53 56
22 54 41
22 55 43
22 56 53
22 57 37
22 58 36
22 59 40
22 60 54
22 61 46
22 62 37
22 63 37
22 64 56
22 65 44
22 66 49
22 67 43
22 68 40
22 69 38
22 70 46
22 71 40
22 72 35
22 73 37
22 74 48
22 75 60
22 76 35
22 77 47
22 78 47
22 79 42
22 80 54
22 81 43
22 82 37
22 83 50
22 84 58
22 85 55
22 86 58
22 87 57
22 88 38
22 89 43
22 90 39
22 91 40
22 92 36
22 93 55
22 94 43
22 95 52
22 96 53
22 97 57
22 98 56
22 99 37
22 100 35
22 101 47
22 102 35
22 103 53
22 104 42
22 105 52
22 106 37
22 107 38
22 108 52
22 109 43
22 110 36
22 111 57
22 112 38
22 113 39
22 114 46
22 115 42
22 116 38
22 117 46
22 118 37
22 119 55
22 120 42
22 121 54
22 122 41
22 123 39
22 124 46
22 125 41
22 126 40
22 127 49
22 128 37
22 129 58
22 130 43
22 131 50
22 132 51
22 133 54
22 134 46
22 135 35
22 136 60
22 137 56
22 138 42
22 139 59
22 140 54
22 141 47
22 142 43
22 143 38
22 144 38
22 145 40
22 146 54
22 147 52
22 148 56
22 149 50
22 150 39
22 151 39
22 152 38
22 153 44
22 154 40
22 155 56
22 156 44
22 157 46
22 158 50
22 159 36
22 160 42
22 161 44
22 162 48
22 163 49
22 164 37
22 165 39
22 166 53
22 167 41
22 168 39
22 169 47
22 170 56
22 171 53
22 172 45
22 173 52
22 174 55
22 175 40
22 176 44
22 177 55
22 178 48
22 179 55
22 180 46
22 181 59
22 182 57
22 183 45
22 184 48
22 185 51
22 186 35
22 187 50
22 188 54
22 189 48
22 190 50
22 191 58
22 192 41
22 193 39
22 194 44
22 195 57
22 196 37
22 197 37
22 198 41
22 199 59
22 200 57
22 201 56
22 202 44
22 203 37
22 204 59
22 205 58
22 206 58
22 207 57
22 208 38
22 209 54
22 210 43
23 1 58
23 2 59
23 3 50
23 4 57
23 5 51
23 6 37
23 7 57
23 8 38
23 9 55
23 10 51
23 11 60
23 12 37
23 13 42
23 14 36
23 15 49
23 16 43
23 17 38
23 18 59
23 19 55
23 20 51
23 21 37
23 22 44
23 23 0
23 24 38
23 25 45
23 26 52
23 27 36
23 28 53
23 29 54
23 30 47
23 31 35
23 32 55
23 33 50
23 34 36
23 35 52
23 36 52
23 37 47
23 38 37
23 39 58
23 40 48
23 41 36
23 42 52
23 43 49
23 44 42
23 45 57
23 46 37
23 47 42
23 48 58
23 49 50
23 50 53
23 51 51
23 52 59
23 53 59
23 54 50
23 55 35
23 56 37
23 57 58
23 58 45
23 59 59
23 60 51
23 61 42
23 62 39
23 63 44
23 64 59
23 65 41
23 66 39
23 67 36
23 68 51
23 69 35
23 70 41
23 71 35
23 72 48
23 73 47
23 74 51
23 75 53
23 76 58
23 77 44
23 78 45
23 79 37
23 80 42
23 81 48
23 82 41
23 83 50
23 84 60
23 85 40
23 86 44
23 87 46
23 88 45
23 89 50
23 90 59
23 91 54
23 92 44
23 93 50
23 94 59
23 95 60
23 96 56
23 97 56
23 98 39
23 99 53
23 100 51
23 101 46
23 102 48
23 103 38
23 104 44
23 105 39
23 106 35
23 107 41
23 108 42
23 109 42
23 110 45
23 111 40
23 112 46
23 113 39
23 114 41
23 115 54
23 116 47
23 117 60
23 118 54
23 119 51
23 120 49
23 121 38
23 122 37
23 123 42
23 124 57
23 125 45
23 126 42
23 127 56
23 128 59
23 129 45
23 130 48
23 131 51
23 132 45
23 133 55
23 134 44
23 135 40
23 136 60
23 137 39
23 138 35
23 139 48
23 140 40
23 141 36
23 142 53
23 143 42
23 144 43
23 145 50
23 146 38
23 147 36
23 148 57
23 149 57
23 150 39
23 151 54
23 152 51
23 153 47
23 154 45
23 155 45
23 156 35
23 157 57
23 158 47
23 159 48
23 160 44
23 161 46
23 162 48
23 163 48
23 164 52
23 165 35
23 166 47
23 167 38
23 168 51
23 169 43
23 170 54
23 171 50
23 172 47
23 173 54
23 174 55
23 175 41
23 176 58
23 177 59
23 178 60
23 179 58
23 180 45
23 181 56
23 182 49
23 183 43
23 184 47
23 185 55
23 186 60
23 187 35
23 188 56
23 189 45
23 190 38
23 191 50
23 192 54
23 193 45
23 194 43
23 195 46
23 196 42
23 197 46
23 198 59
23 199 56
23 200 35
23 201 49
23 202 43
23 203 57
23 204 58
23 205 46
23 206 40
23 207 47
23 208 55
23 209 51
23 210 53
24 1 43
24 2 47
24 3 56
24 4 49
24 5 59
24 6 41
24 7 39
24 8 38
24 9 42
24 10 55
24 11 54
24 12 57
24 13 54
24 14 45
24 15 60
24 16 47
24 17 51
24 18 45
24 19 56
24 20 59
24 21 40
24 22 52
24 23 49
24 24 0
24 25 37
24 26 60
24 27 48
24 28 39
24 29 57
24 30 57
24 31 49
24 32 57
24 33 49
24 34 45
24 35 51
24 36 35
24 37 59
24 38 41
24 39 47
24 40 57
24 41 59
24 42 37
24 43 42
24 44 45
24 45 53
24 46 41
24 47 39
24 48 43
24 49 45
24 50 55
24 51 42
24 52 51
24 53 56
24 54 44
24 55 43
24 56 59
24 57 49
24 58 59
24 59 50
24 60 50
24 61 35
24 62 38
24 63 35
24 64 43
24 65 51
24 66 59
24 67 38
24 68 44
24 69 48
24 70 36
24 71 39
24 72 57
24 73 47
24 74 42
24 75 51
24 76 50
24 77 43
24 78 35
24 79 57
24 80 37
24 81 51
24 82 52
24 83 44
24 84 46
24 85 60
24 86 55
24 87 43
24 88 48
24 89 42
24 90 54
24 91 49
24 92 59
24 93 45
24 94 47
24 95 40
24 96 39
24 97 48
24 98 40
24 99 39
24 100 39
24 101 45
24 102 37
24 103 40
24 104 58
24 105 50
24 106 47
24 107 50
24 108 55
24 109 35
24 110 43
24 111 60
24 112 58
24 113 51
24 114 35
24 115 52
24 116 40
24 117 49
24 118 45
24 119 50
24 120 49
24 121 37
24 122 55
24 123 55
24 124 45
24 125 51
24 126 39
24 127 41
24 128 50
24 129 40
24 130 38
24 131 48
24 132 40
24 133 38
24 134 38
24 135 53
24 136 40
24 137 47
24 138 50
24 139 58
24 140 59
24 141 60
24 142 53
24 143 54
24 144 42
24 145 53
24 146 35
24 147 37
24 148 52
24 149 52
24 150 52
24 151 48
24 152 58
24 153 60
24 154 49
24 155 60
24 156 39
24 157 59
24 158 39
24 159 36
24 160 52
24 161 35
24 162 59
24 163 42
24 164 38
24 165 36
24 166 53
24 167 39
24 168 49
24 169 40
24 170 37
24 171 58
24 172 39
24 173 36
24 174 49
24 175 47
24 176 48
24 177 40
24 178 52
24 179 44
24 180 51
24 181 47
24 182 44
24 183 38
24 184 55
24 185 40
24 186 39
24 187 46
24 188 60
24 189 41
24 190 46
24 191 54
24 192 42
24 193 44
24 194 38
24 195 37
24 196 58
24 197 47
24 198 56
24 199 50
24 200 60
24 201 42
24 202 57
24 203 50
24 204 47
24 205 59
24 206 46
24 207 49
24 208 40
24 209 36
24 210 37
25 1 51
25 2 46
25 3 43
25 4 47
25 5 44
25 6 59
25 7 59
25 8 47
25 9 44
25 10 37
25 11 36
25 12 38
25 13 52
25 14 57
25 15 56
25 16 43
25 17 50
25 18 59
25 19 43
25 20 49
25 21 45
25 22 41
25 23 41
25 24 45
25 25 0
25 26 42
25 27 56
25 28 44
25 29 40
25 30 46
25 31 48
25 32 55
25 33 46
25 34 56
25 35 60
25 36 51
25 37 60
25 38 51
25 39 36
25 40 43
25 41 57
25 42 41
25 43 35
25 44 38
25 45 47
25 46 52
25 47 40
25 48 51
25 49 56
25 50 52
25 51 47
25 52 50
25 53 44
25 54 39
25 55 47
25 56 36
25 57 47
25 58 39
25 59 39
25 60 54
25 61 35
25 62 58
25 63 56
25 64 59
25 65 44
25 66 45
25 67 51
25 68 35
25 69 41
25 70 48
25 71 42
25 72 52
25 73 48
25 74 49
25 75 58
25 76 46
25 77 52
25 78 35
25 79 55
25 80 42
25 81 36
25 82 51
25 83 60
25 84 37
25 85 56
25 86 47
25 87 56
25 88 48
25 89 44
25 90 50
25 91 43
25 92 39
25 93 60
25 94 57
25 95 53
25 96 52
25 97 50
25 98 44
25 99 58
25 100 47
25 101 59
25 102 57
25 103 56
25 104 41
25 105 48
25 106 56
25 107 42
25 108 39
25 109 51
25 110 40
25 111 38
25 112 35
25 113 47
25 114 59
25 115 50
25 116 38
25 117 36
25 118 45
25 119 60
25 120 57
25 121 54
25 122 50
25 123 54
25 124 45
25 125 55
25 126 51
25 127 41
25 128 53
25 129 44
25 130 46
25 131 45
25 132 36
25 133 56
25 134 52
25 135 56
25 136 45
25 137 60
25 138 38
25 139 47
25 140 41
25 141 57
25 142 37
25 143 49
25 144 43
25 145 57
25 146 54
25 147 39
25 148 54
25 149 35
25 150 45
25 151 40
25 152 39
25 153 38
25 154 52
25 155 39
25 156 59
25 157 36
25 158 40
25 159 36
25 160 50
25 161 60
25 162 49
25 163 40
25 164 49
25 165 59
25 166 59
25 167 51
25 168 36
25 169 57
25 170 55
25 171 47
25 172 52
25 173 56
25 174 55
25 175 35
25 176 50
25 177 54
25 178 38
25 179 59
25 180 39
25 181 42
25 182 36
25 183 56
25 184 51
25 185 60
25 186 39
25 187 47
25 188 54
25 189 45
25 190 49
25 191 37
25 192 38
25 193 40
25 194 47
25 195 57
25 196 42
25 197 53
25 198 47
25 199 51
25 200 52
25 201 59
25 202 48
25 203 59
25 204 39
25 205 55
25 206 50
25 207 40
25 208 45
25 209 39
25 210 41
26 1 48
26 2 48
26 3 36
26 4 47
26 5 35
26 6 40
26 7 40
26 8 39
26 9 53
26 10 39
26 11 57
26 12 47
26 13 39
26 14 36
26 15 41
26 16 46
26 17 49
26 18 55
26 19 39
26 20 35
26 21 40
26 22 56
26 23 41
26 24 51
26 25 38
26 26 0
26 27 60
26 28 54
26 29 46
26 30 51
26 31 56
26 32 52
26 33 57
26 34 43
26 35 36
26 36 43
26 37 49
26 38 39
26 39 59
26 40 57
26 41 35
26 42 39
26 43 54
26 44 47
26 45 51
26 46 58
26 47 37
26 48 55
26 49 54
26 50 35
26 51 52
26 52 53
26 53 45
26 54 45
26 55 38
26 56 56
26 57 54
26 58 37
26 59 46
26 60 46
26 61 49
26 62 42
26 63 41
26 64 35
26 65 53
26 66 60
26 67 37
26 68 54
26 69 54
26 70 37
26 71 47
26 72 56
26 73 41
26 74 52
26 75 55
26 76 51
26 77 43
26 78 40
26 79 39
26 80 42
26 81 55
26 82 55
26 83 51
26 84 45
26 85 39
26 86 40
26 87 53
26 88 38
26 89 42
26 90 51
26 91 35
26 92 46
26 93 39
26 94 36
26 95 42
26 96 45
26 97 51
26 98 50
26 99 46
26 100 60
26 101 50
26 102 53
26 103 37
26 104 37
26 105 57
26 106 52
26 107 56
26 108 39
26 109 36
26 110 60
26 111 38
26 112 60
26 113 41
26 114 40
26 115 41
26 116 42
26 117 46
26 118 42
26 119 55
26 120 42
26 121 41
26 122 60
26 123 35
26 124 40
26 125 42
26 126 39
26 127 52
26 128 40
26 129 49
26 130 41
26 131 54
26 132 58
26 133 38
26 134 54
26 135 35
26 136 36
26 137 58
26 138 48
26 139 44
26 140 37
26 141 42
26 142 41
26 143 42
26 144 55
26 145 49
26 146 49
26 147 44
26 148 39
26 149 51
26 150 39
26 151 38
26 152 47
26 153 56
26 154 42
26 155 44
26 156 41
26 157 55
26 158 46
26 159 59
26 160 36
26 161 49
26 162 48
26 163 44
26 164 48
26 165 41
26 166 56
26 167 35
26 168 47
26 169 45
26 170 51
26 171 49
26 172 60
26 173 52
26 174 59
26 175 60
26 176 44
26 177 43
26 178 50
26 179 38
26 180 44
26 181 39
26 182 57
26 183 39
26 184 51
26 185 53
26 186 40
26 187 59
26 188 45
26 189 36
26 190 49
26 191 50
26 192 42
26 193 48
26 194 55
26 195 57
26 196 44
26 197 56
26 198 45
26 199 46
26 200 35
26 201 54
26 202 54
26 203 52
26 204 40
26 205 50
26 206 44
26 207 48
26 208 43
26 209 46
26 210 38
27 1 47
27 2 36
27 3 52
27 4 56
27 5 42
27 6 52
27 7 53
27 8 36
27 9 45
27 10 37
27 11 43
27 12 37
27 13 38
27 14 41
27 15 60
27 16 40
27 17 46
27 18 46
27 19 43
27 20 48
27 21 36
27 22 41
27 23 55
27 24 35
27 25 51
27 26 53
27 27 0
27 28 38
27 29 35
27 30 58
27 31 41
27 32 54
27 33 47
27 34 41
27 35 44
27 36 53
27 37 36
27 38 39
27 39 39
27 40 44
27 41 57
27 42 37
27 43 50
27 44 37
27 45 48
27 46 58
27 47 42
27 48 58
27 49 57
27 50 52
27 51 42
27 52 39
27 53 52
27 54 43
27 55 53
27 56 35
27 57 53
27 58 38
27 59 55
27 60 44
27 61 35
27 62 47
27 63 45
27 64 60
27 65 35
27 66 49
27 67 48
27 68 48
27 69 59
27 70 40
27 71 41
27 72 37
27 73 53
27 74 37
27 75 41
27 76 39
27 77 60
27 78 55
27 79 45
27 80 36
27 81 42
27 82 39
27 83 44
27 84 59
27 85 49
27 86 49
27 87 42
27 88 36
27 89 41
27 90 59
27 91 36
27 92 37
27 93 52
27 94 35
27 95 49
27 96 57
27 97 39
27 98 52
27 99 38
27 100 36
27 101 44
27 102 43
27 103 57
27 104 44
27 105 44
27 106 57
27 107 56
27 108 52
27 109 40
27 110 38
27 111 39
27 112 60
27 113 39
27 114 46
27 115 58
27 116 43
27 117 51
27 118 49
27 119 51
27 120 45
27 121 48
27 122 52
27 123 56
27 124 57
27 125 51
27 126 45
27 127 56
27 128 56
27 129 59
27 130 49
27 131 50
27 132 39
27 133 39
27 134 37
27 135 36
27 136 40
27 137 52
27 138 42
27 139 55
27 140 38
27 141 46
27 142 42
27 143 43
27 144 59
27 145 51
27 146 55
27 147 40
27 148 57
27 149 55
27 150 59
27 151 50
27 152 46
27 153 35
27 154 53
27 155 41
27 156 54
27 157 50
27 158 47
27 159 36
27 160 56
27 161 56
27 162 47
27 163 46
27 164 41
27 165 35
27 166 40
27 167 38
27 168 58
27 169 53
27 170 47
27 171 58
27 172 59
27 173 55
27 174 51
27 175 46
27 176 51
27 177 50
27 178 48
27 179 52
27 180 52
27 181 40
27 182 43
27 183 36
27 184 57
27 185 58
27 186 55
27 187 36
27 188 49
27 189 47
27 190 54
27 191 54
27 192 57
27 193 37
27 194 49
27 195 52
27 196 45
27 197 36
27 198 40
27 199 55
27 200 50
27 201 51
27 202 48
27 203 38
27 204 59
27 205 56
27 206 42
27 207 38
27 208 43
27 209 46
27 210 57
28 1 46
28 2 50
28 3 58
28 4 40
28 5 55
28 6 41
28 7 46
28 8 36
28 9 35
28 10 40
28 11 55
28 12 59
28 13 49
28 14 47
28 15 42
28 16 45
28 17 46
28 18 36
28 19 39
28 20 41
28 21 60
28 22 51
28 23 37
28 24 38
28 25 45
28 26 56
28 27 55
28 28 0
28 29 39
28 30 39
28 31 57
28 32 50
28 33 43
28 34 59
28 35 38
28 36 50
28 37 53
28 38 44
28 39 58
28 40 57
28 41 60
28 42 55
28 43 46
28 44 54
28 45 48
28 46 56
28 47 42
28 48 41
28 49 53
28 50 35
28 51 36
28 52 36
28 53 50
28 54 54
28 55 36
28 56 54
28 57 47
28 58 43
28 59 53
28 60 44
28 61 60
28 62 42
28 63 43
28 64 44
28 65 35
28 66 53
28 67 44
28 68 56
28 69 60
28 70 60
28 71 55
28 72 47
28 73 35
28 74 60
28 75 43
28 76 47
28 77 37
28 78 52
28 79 50
28 80 35
28 81 52
28 82 59
28 83 57
28 84 37
28 85 42
28 86 58
28 87 52
28 88 49
28 89 46
28 90 46
28 91 54
28 92 52
28 93 42
28 94 57
28 95 48
28 96 45
28 97 51
28 98 44
28 99 60
28 100 60
28 101 35
28 102 41
28 103 46
28 104 41
28 105 52
28 106 35
28 107 56
28 108 55
28 109 35
28 110 49
28 111 56
28 112 40
28 113 59
28 114 43
28 115 53
28 116 60
28 117 60
28 118 57
28 119 50
28 120 54
28 121 54
28 122 48
28 123 59
28 124 40
28 125 53
28 126 48
28 127 52
28 128 60
28 129 51
28 130 60
28 131 35
28 132 41
28 133 58
28 134 40
28 135 53
28 136 56
28 137 56
28 138 35
28 139 59
28 140 53
28 141 47
28 142 52
28 143 41
28 144 38
28 145 44
28 146 47
28 147 57
28 148 40
28 149 36
28 150 59
28 151 43
28 152 48
28 153 51
28 154 57
28 155 59
28 156 48
28 157 58
28 158 39
28 159 52
28 160 59
28 161 52
28 162 45
28 163 35
28 164 36
28 165 54
28 166 40
28 167 56
28 168 38
28 169 36
28 170 37
28 171 37
28 172 57
28 173 52
28 174 41
28 175 59
28 176 39
28 177 43
28 178 53
28 179 47
28 180 48
28 181 45
28 182 52
28 183 48
28 184 42
28 185 37
28 186 60
28 187 51
28 188 48
28 189 41
28 190 60
28 191 35
28 192 46
28 193 54
28 194 47
28 195 51
28 196 47
28 197 52
28 198 51
28 199 35
28 200 51
28 201 52
28 202 58
28 203 51
28 204 54
28 205 52
28 206 41
28 207 39
28 208 41
28 209 58
28 210 54
29 1 59
29 2 56
29 3 45
29 4 55
29 5 35
29 6 35
29 7 41
29 8 55
29 9 41
29 10 43
29 11 53
29 12 58
29 13 51
29 14 57
29 15 59
29 16 44
29 17 53
29 18 54
29 19 51
29 20 45
29 21 40
29 22 35
29 23 43
29 24 58
29 25 42
29 26 55
29 27 36
29 28 59
29 29 0
29 30 35
29 31 38
29 32 47
29 33 56
29 34 52
29 35 49
29 36 50
29 37 37
29 38 41
29 39 58
29 40 49
29 41 35
29 42 57
29 43 49
29 44 46
29 45 36
29 46 41
29 47 45
29 48 56
29 49 51
29 50 40
29 51 49
29 52 53
29 53 45
29 54 43
29 55 50
29 56 54
29 57 41
29 58 42
29 59 57
29 60 59
29 61 48
29 62 58
29 63 44
29 64 41
29 65 37
29 66 48
29 67 35
29 68 35
29 69 47
29 70 47
29 71 49
29 72 42
29 73 43
29 74 45
29 75 47
29 76 41
29 77 40
29 78 56
29 79 48
29 80 54
29 81 41
29 82 47
29 83 43
29 84 47
29 85 60
29 86 52
29 87 54
29 88 37
29 89 47
29 90 36
29 91 58
29 92 60
29 93 36
29 94 38
29 95 53
29 96 57
29 97 59
29 98 44
29 99 57
29 100 56
29 101 36
29 102 38
29 103 49
29 104 50
29 105 42
29 106 59
29 107 54
29 108 51
29 109 42
29 110 53
29 111 40
29 112 48
29 113 37
29 114 60
29 115 36
29 116 44
29 117 43
29 118 45
29 119 49
29 120 49
29 121 52
29 122 40
29 123 37
29 124 45
29 125 55
29 126 49
29 127 45
29 128 42
29 129 43
29 130 58
29 131 43
29 132 48
29 133 55
29 134 41
29 135 39
29 136 49
29 137 41
29 138 49
29 139 38
29 140 50
29 141 46
29 142 59
29 143 50
29 144 38
29 145 45
29 146 57
29 147 57
29 148 45
29 149 38
29 150 58
29 151 56
29 152 40
29 153 45
29 154 52
29 155 49
29 156 40
29 157 39
29 158 57
29 159 36
29 160 36
29 161 55
29 162 47
29 163 40
29 164 45
29 165 50
29 166 49
29 167 53
29 168 50
29 169 48
29 170 57
29 171 36
29 172 43
29 173 56
29 174 40
29 175 53
29 176 45
29 177 49
29 178 38
29 179 49
29 180 59
29 181 38
29 182 54
29 183 35
29 184 47
29 185 40
29 186 58
29 187 49
29 188 55
29 189 54
29 190 46
29 191 41
29 192 55
29 193 43
29 194 47
29 195 35
29 196 59
29 197 41
29 198 60
29 199 56
29 200 50
29 201 36
29 202 44
29 203 49
29 204 59
29 205 54
29 206 44
29 207 48
29 208 46
29 209 60
29 210 52
30 1 54
30 2 51
30 3 35
30 4 49
30 5 55
30 6 60
30 7 57
30 8 48
30 9 45
30 10 38
30 11 36
30 12 46
30 13 35
30 14 53
30 15 36
30 16 57
30 17 54
30 18 49
30 19 42
30 20 42
30 21 51
30 22 52
30 23 59
30 24 56
30 25 53
30 26 55
30 27 45
30 28 39
30 29 53
30 30 0
30 31 51
30 32 52
30 33 59
30 34 46
30 35 54
30 36 58
30 37 48
30 38 44
30 39 55
30 40 55
30 41 41
30 42 60
30 43 57
30 44 58
30 45 37
30 46 45
30 47 39
30 48 46
30 49 54
30 50 42
30 51 54
30 52 46
30 53 36
30 54 49
30 55 37
30 56 36
30 57 60
30 58 51
30 59 37
30 60 46
30 61 50
30 62 35
30 63 37
30 64 43
30 65 50
30 66 53
30 67 58
30 68 54
30 69 55
30 70 51
30 71 55
30 72 57
30 73 36
30 74 37
30 75 50
30 76 49
30 77 53
30 78 35
30 79 56
30 80 52
30 81 60
30 82 47
30 83 35
30 84 53
30 85 48
30 86 52
30 87 44
30 88 53
30 89 42
30 90 39
30 91 54
30 92 56
30 93 41
30 94 54
30 95 58
30 96 43
30 97 41
30 98 42
30 99 40
30 100 57
30 101 60
30 102 56
30 103 56
30 104 60
30 105 47
30 106 56
30 107 56
30 108 42
30 109 51
30 110 47
30 111 54
30 112 51
30 113 40
30 114 60
30 115 60
30 116 53
30 117 49
30 118 51
30 119 38
30 120 43
30 121 44
30 122 56
30 123 39
30 124 59
30 125 36
30 126 59
30 127 39
30 128 57
30 129 51
30 130 58
30 131 43
30 132 52
30 133 36
30 134 54
30 135 51
30 136 42
30 137 59
30 138 44
30 139 59
30 140 54
30 141 51
30 142 49
30 143 42
30 144 46
30 145 58
30 146 54
30 147 46
30 148 48
30 149 51
30 150 36
30 151 59
30 152 53
30 153 42
30 154 51
30 155 49
30 156 50
30 157 58
30 158 40
30 159 37
30 160 53
30 161 54
30 162 39
30 163 46
30 164 41
30 165 51
30 166 38
30 167 46
30 168 55
30 169 37
30 170 52
30 171 51
30 172 39
30 173 38
30 174 55
30 175 49
30 176 56
30 177 43
30 178 60
30 179 35
30 180 46
30 181 42
30 182 35
30 183 59
30 184 48
30 185 43
30 186 53
30 187 39
30 188 55
30 189 53
30 190 46
30 191 40
30 192 53
30 193 51
30 194 51
30 195 53
30 196 58
30 197 53
30 198 39
30 199 41
30 200 49
30 201 48
30 202 57
30 203 48
30 204 55
30 205 54
30 206 35
30 207 60
30 208 43
30 209 42
30 210 51
31 1 52
31 2 39
31 3 46
31 4 42
31 5 46
31 6 55
31 7 37
31 8 50
31 9 44
31 10 41
31 11 37
31 12 45
31 13 49
31 14 45
31 15 56
31 16 52
31 17 39
31 18 57
31 19 37
31 20 57
31 21 53
31 22 36
31 23 57
31 24 60
31 25 36
31 26 52
31 27 36
31 28 57
31 29 37
31 30 40
31 31 0
31 32 57
31 33 51
31 34 45
31 35 43
31 36 47
31 37 36
31 38 59
31 39 58
31 40 42
31 41 47
31 42 42
31 43 60
31 44 43
31 45 40
31 46 49
31 47 49
31 48 51
31 49 41
31 50 45
31 51 42
31 52 56
31 53 46
31 54 60
31 55 37
31 56 53
31 57 58
31 58 53
31 59 40
31 60 42
31 61 51
31 62 38
31 63 42
31 64 60
31 65 53
31 66 42
31 67 51
31 68 38
31 69 56
31 70 43
31 71 45
31 72 56
31 73 49
31 74 39
31 75 57
31 76 58
31 77 45
31 78 46
31 79 46
31 80 49
31 81 37
31 82 51
31 83 39
31 84 47
31 85 52
31 86 43
31 87 54
31 88 60
31 89 36
31 90 36
31 91 45
31 92 43
31 93 50
31 94 55
31 95 55
31 96 50
31 97 60
31 98 54
31 99 58
31 100 51
31 101 36
31 102 51
31 103 57
31 104 57
31 105 56
31 106 54
31 107 60
31 108 35
31 109 38
31 110 47
31 111 36
31 112 60
31 113 40
31 114 60
31 115 49
31 116 38
31 117 50
31 118 43
31 119 50
31 120 43
31 121 51
31 122 40
31 123 50
31 124 49
31 125 59
31 126 52
31 127 49
31 128 57
31 129 45
31 130 56
31 131 40
31 132 35
31 133 57
31 134 41
31 135 51
31 136 41
31 137 47
31 138 35
31 139 53
31 140 40
31 141 50
31 142 48
31 143 47
31 144 43
31 145 50
31 146 56
31 147 60
31 148 56
31 149 55
31 150 39
31 151 60
31 152 36
31 153 49
31 154 38
31 155 37
31 156 56
31 157 46
31 158 48
31 159 57
31 160 49
31 161 59
31 162 54
31 163 45
31 164 55
31 165 42
31 166 56
31 167 36
31 168 58
31 169 51
31 170 49
31 171 57
31 172 40
31 173 47
31 174 44
31 175 48
31 176 43
31 177 43
31 178 53
31 179 48
31 180 38
31 181 60
31 182 48
31 183 40
31 184 35
31 185 40
31 186 50
31 187 41
31 188 36
31 189 42
31 190 59
31 191 56
31 192 41
31 193 59
31 194 55
31 195 41
31 196 55
31 197 38
31 198 42
31 199 52
31 200 58
31 201 55
31 202 45
31 203 42
31 204 45
31 205 52
31 206 55
31 207 55
31 208 57
31 209 37
31 210 38
32 1 43
32 2 39
32 3 43
32 4 50
32 5 39
32 6 46
32 7 35
32 8 55
32 9 44
32 10 56
32 11 59
32 12 57
32 13 39
32 14 37
32 15 51
32 16 55
32 17 47
32 18 44
32 19 46
32 20 57
32 21 51
32 22 38
32 23 43
32 24 52
32 25 42
32 26 44
32 27 36
32 28 48
32 29 47
32 30 41
32 31 48
32 32 0
32 33 35
32 34 51
32 35 42
32 36 42
32 37 58
32 38 45
32 39 46
32 40 56
32 41 40
32 42 43
32 43 55
32 44 38
32 45 48
32 46 54
32 47 37
32 48 52
32 49 42
32 50 59
32 51 45
32 52 60
32 53 48
32 54 51
32 55 42
32 56 47
32 57 36
32 58 39
32 59 49
32 60 56
32 61 52
32 62 39
32 63 55
32 64 59
32 65 58
32 66 59
32 67 49
32 68 42
32 69 43
32 70 58
32 71 54
32 72 43
32 73 45
32 74 47
32 75 49
32 76 37
32 77 48
32 78 41
32 79 58
32 80 57
32 81 35
32 82 43
32 83 45
32 84 37
32 85 39
32 86 40
32 87 59
32 88 56
32 89 42
32 90 55
32 91 39
32 92 46
32 93 35
32 94 38
32 95 37
32 96 60
32 97 35
32 98 48
32 99 57
32 100 35
32 101 48
32 102 58
32 103 40
32 104 59
32 105 46
32 106 43
32 107 60
32 108 37
32 109 39
32 110 49
32 111 38
32 112 44
32 113 56
32 114 35
32 115 54
32 116 52
32 117 45
32 118 51
32 119 49
32 120 53
32 121 46
32 122 42
32 123 48
32 124 52
32 125 39
32 126 55
32 127 39
32 128 41
32 129 54
32 130 41
32 131 55
32 132 41
32 133 52
32 134 47
32 135 35
32 136 60
32 137 49
32 138 50
32 139 48
32 140 45
32 141 57
32 142 60
32 143 35
32 144 53
32 145 45
32 146 36
32 147 38
32 148 38
32 149 53
32 150 47
32 151 38
32 152 44
32 153 41
32 154 39
32 155 49
32 156 38
32 157 60
32 158 44
32 159 41
32 160 60
32 161 41
32 162 56
32 163 57
32 164 46
32 165 46
32 166 44
32 167 46
32 168 49
32 169 48
32 170 48
32 171 54
32 172 54
32 173 58
32 174 50
32 175 55
32 176 38
32 177 58
32 178 40
32 179 58
32 180 57
32 181 38
32 182 58
32 183 39
32 184 38
32 185 48
32 186 54
32 187 59
32 188 44
32 189 50
32 190 50
32 191 54
32 192 48
32 193 49
32 194 37
32 195 45
32 196 60
32 197 47
32 198 51
32 199 54
32 200 46
32 201 48
32 202 42
32 203 50
32 204 39
32 205 40
32 206 52
32 207 46
32 208 59
32 209 59
32 210 35
33 1 59
33 2 41
33 3 40
33 4 55
33 5 58
33 6 55
33 7 44
33 8 35
33 9 50
33 10 37
33 11 42
33 12 52
33 13 60
33 14 55
33 15 55
33 16 54
33 17 58
33 18 40
33 19 38
33 20 45
33 21 49
33 22 44
33 23 48
33 24 47
33 25 39
33 26 56
33 27 40
33 28 40
33 29 38
33 30 58
33 31 45
33 32 37
33 33 0
33 34 42
33 35 58
33 36 49
33 37 57
33 38 35
33 39 55
33 40 52
33 41 58
33 42 36
33 43 47
33 44 52
33 45 39
33 46 58
33 47 58
33 48 60
33 49 46
33 50 50
33 51 38
33 52 59
33 53 59
33 54 46
33 55 50
33 56 55
33 57 54
33 58 50
33 59 56
33 60 50
33 61 55
33 62 56
33 63 38
33 64 60
33 65 35
33 66 44
33 67 45
33 68 45
33 69 50
33 70 56
33 71 47
33 72 49
33 73 36
33 74 55
33 75 60
33 76 43
33 77 37
33 78 46
33 79 38
33 80 49
33 81 38
33 82 50
33 83 40
33 84 48
33 85 48
33 86 38
33 87 51
33 88 38
33 89 51
33 90 50
33 91 50
33 92 57
33 93 48
33 94 55
33 95 47
33 96 39
33 97 56
33 98 45
33 99 60
33 100 36
33 101 44
33 102 55
33 103 53
33 104 56
33 105 41
33 106 48
33 107 48
33 108 43
33 109 46
33 110 42
33 111 53
33 112 52
33 113 56
33 114 56
33 115 38
33 116 41
33 117 41
33 118 38
33 119 46
33 120 41
33 121 56
33 122 45
33 123 41
33 124 52
33 125 52
33 126 44
33 127 58
33 128 39
33 129 53
33 130 45
33 131 50
33 132 56
33 133 41
33 134 58
33 135 44
33 136 49
33 137 49
33 138 35
33 139 43
33 140 50
33 141 37
33 142 40
33 143 54
33 144 37
33 145 40
33 146 41
33 147 46
33 148 54
33 149 42
33 150 43
33 151 35
33 152 59
33 153 49
33 154 40
33 155 39
33 156 42
33 157 48
33 158 48
33 159 60
33 160 51
33 161 48
33 162 39
33 163 60
33 164 45
33 165 60
33 166 50
33 167 41
33 168 58
33 169 42
33 170 44
33 171 59
33 172 46
33 173 51
33 174 44
33 175 39
33 176 36
33 177 39
33 178 47
33 179 53
33 180 50
33 181 49
33 182 59
33 183 38
33 184 59
33 185 55
33 186 59
33 187 55
33 188 52
33 189 60
33 190 46
33 191 39
33 192 38
33 193 49
33 194 54
33 195 54
33 196 40
33 197 45
33 198 57
33 199 46
33 200 49
33 201 39
33 202 53
33 203 42
33 204 49
33 205 56
33 206 56
33 207 39
33 208 41
33 209 58
33 210 54
34 1 51
34 2 60
34 3 54
34 4 52
34 5 43
34 6 57
34 7 53
34 8 37
34 9 45
34 10 46
34 11 36
34 12 52
34 13 55
34 14 38
34 15 53
34 16 39
34 17 56
34 18 54
34 19 44
34 20 36
34 21 57
34 22 47
34 23 57
34 24 46
34 25 48
34 26 40
34 27 54
34 28 53
34 29 37
34 30 39
34 31 51
34 32 41
34 33 55
34 34 0
34 35 59
34 36 43
34 37 51
34 38 52
34 39 43
34 40 48
34 41 41
34 42 37
34 43 43
34 44 59
34 45 59
34 46 52
34 47 36
34 48 40
34 49 49
34 50 56
34 51 46
34 52 41
34 53 45
34 54 58
34 55 36
34 56 50
34 57 36
34 58 45
34 59 44
34 60 51
34 61 44
34 62 39
34 63 43
34 64 36
34 65 53
34 66 51
34 67 50
34 68 56
34 69 36
34 70 45
34 71 57
34 72 56
34 73 39
34 74 58
34 75 50
34 76 38
34 77 54
34 78 48
34 79 50
34 80 47
34 81 56
34 82 38
34 83 38
34 84 57
34 85 39
34 86 53
34 87 55
34 88 35
34 89 40
34 90 56
34 91 47
34 92 38
34 93 60
34 94 49
34 95 60
34 96 57
34 97 50
34 98 56
34 99 37
34 100 42
34 101 46
34 102 45
34 103 54
34 104 54
34 105 36
34 106 35
34 107 44
34 108 37
34 109 40
34 110 41
34 111 43
34 112 42
34 113 45
34 114 55
34 115 38
34 116 36
34 117 41
34 118 38
34 119 56
34 120 41
34 121 41
34 122 50
34 123 35
34 124 51
34 125 37
34 126 54
34 127 45
34 128 40
34 129 56
34 130 39
34 131 53
34 132 42
34 133 56
34 134 41
34 135 45
34 136 36
34 137 49
34 138 38
34 139 37
34 140 36
34 141 48
34 142 53
34 143 49
34 144 53
34 145 56
34 146 56
34 147 53
34 148 36
34 149 52
34 150 57
34 151 47
34 152 50
34 153 50
34 154 42
34 155 42
34 156 44
34 157 46
34 158 43
34 159 57
34 160 49
34 161 43
34 162 56
34 163 43
34 164 54
34 165 44
34 166 50
34 167 60
34 168 60
34 169 36
34 170 40
34 171 42
34 172 35
34 173 46
34 174 49
34 175 54
34 176 42
34 177 49
34 178 38
34 179 50
34 180 55
34 181 60
34 182 43
34 183 56
34 184 51
34 185 39
34 186 56
34 187 57
34 188 39
34 189 47
34 190 57
34 191 52
34 192 38
34 193 43
34 194 39
34 195 56
34 196 59
34 197 56
34 198 51
34 199 58
34 200 50
34 201 37
34 202 58
34 203 51
34 204 39
34 205 38
34 206 35
34 207 58
34 208 58
34 209 56
34 210 39
35 1 35
35 2 53
35 3 60
35 4 60
35 5 58
35 6 47
35 7 53
35 8 41
35 9 50
35 10 52
35 11 45
35 12 55
35 13 56
35 14 59
35 15 53
35 16 54
35 17 36
35 18 36
35 19 50
35 20 46
35 21 39
35 22 36
35 23 56
35 24 38
35 25 37
35 26 53
35 27 37
35 28 45
35 29 37
35 30 54
35 31 51
35 32 51
35 33 57
35 34 55
35 35 0
35 36 45
35 37 36
35 38 52
35 39 35
35 40 50
35 41 51
35 42 37
35 43 43
35 44 56
35 45 40
35 46 43
35 47 42
35 48 41
35 49 36
35 50 45
35 51 60
35 52 38
35 53 47
35 54 45
35 55 35
35 56 45
35 57 39
35 58 47
35 59 56
35 60 51
35 61 37
35 62 46
35 63 59
35 64 39
35 65 54
35 66 48
35 67 36
35 68 43
35 69 51
35 70 45
35 71 52
35 72 59
35 73 48
35 74 57
35 75 41
35 76 48
35 77 52
35 78 42
35 79 53
35 80 58
35 81 45
35 82 44
35 83 49
35 84 57
35 85 46
35 86 50
35 87 41
35 88 41
35 89 45
35 90 52
35 91 35
35 92 39
35 93 37
35 94 58
35 95 60
35 96 47
35 97 39
35 98 59
35 99 46
35 100 37
35 101 40
35 102 57
35 103 38
35 104 57
35 105 53
35 106 41
35 107 55
35 108 52
35 109 55
35 110 60
35 111 51
35 112 51
35 113 39
35 114 42
35 115 53
35 116 47
35 117 43
35 118 52
35 119 53
35 120 51
35 121 53
35 122 51
35 123 59
35 124 59
35 125 41
35 126 58
35 127 46
35 128 51
35 129 35
35 130 37
35 131 46
35 132 60
35 133 40
35 134 39
35 135 43
35 136 51
35 137 60
35 138 54
35 139 49
35 140 35
35 141 59
35 142 44
35 143 35
35 144 47
35 145 35
35 146 42
35 147 48
35 148 52
35 149 46
35 150 38
35 151 51
35 152 40
35 153 55
35 154 54
35 155 45
35 156 40
35 157 52
35 158 42
35 159 51
35 160 36
35 161 53
35 162 35
35 163 35
35 164 39
35 165 39
35 166 49
35 167 38
35 168 49
35 169 40
35 170 60
35 171 45
35 172 42
35 173 52
35 174 53
35 175 44
35 176 54
35 177 59
35 178 60
35 179 51
35 180 48
35 181 53
35 182 54
35 183 35
35 184 36
35 185 44
35 186 41
35 187 60
35 188 43
35 189 54
35 190 36
35 191 51
35 192 50
35 193 57
35 194 48
35 195 49
35 196 39
35 197 56
35 198 50
35 199 52
35 200 51
35 201 60
35 202 36
35 203 53
35 204 38
35 205 42
35 206 37
35 207 45
35 208 59
35 209 50
35 210 46
36 1 50
36 2 54
36 3 35
36 4 55
36 5 55
36 6 38
36 7 49
36 8 43
36 9 49
36 10 38
36 11 59
36 12 35
36 13 55
36 14 51
36 15 54
36 16 59
36 17 41
36 18 46
36 19 54
36 20 49
36 21 43
36 22 44
36 23 58
36 24 40
36 25 43
36 26 46
36 27 46
36 28 41
36 29 58
36 30 38
36 31 44
36 32 59
36 33 37
36 34 57
36 35 55
36 36 0
36 37 47
36 38 35
36 39 46
36 40 52
36 41 39
36 42 52
36 43 36
36 44 37
36 45 60
36 46 52
36 47 45
36 48 45
36 49 43
36 50 59
36 51 38
36 52 37
36 53 51
36 54 58
36 55 44
36 56 50
36 57 56
36 58 44
36 59 53
36 60 51
36 61 47
36 62 53
36 63 40
36 64 48
36 65 43
36 66 40
36 67 57
36 68 44
36 69 38
36 70 37
36 71 47
36 72 52
36 73 35
36 74 51
36 75 35
36 76 45
36 77 35
36 78 47
36 79 43
36 80 55
36 81 35
36 82 49
36 83 58
36 84 52
36 85 45
36 86 43
36 87 50
36 88 57
36 89 36
36 90 38
36 91 53
36 92 44
36 93 41
36 94 58
36 95 38
36 96 47
36 97 51
36 98 60
36 99 36
36 100 50
36 101 50
36 102 49
36 103 40
36 104 44
36 105 60
36 106 40
36 107 51
36 108 49
36 109 52
36 110 56
36 111 47
36 112 41
36 113 35
36 114 36
36 115 57
36 116 40
36 117 52
36 118 44
36 119 52
36 120 38
36 121 54
36 122 35
36 123 49
36 124 54
36 125 59
36 126 48
36 127 38
36 128 41
36 129 60
36 130 54
36 131 59
36 132 53
36 133 39
36 134 42
36 135 44
36 136 38
36 137 59
36 138 39
36 139 58
36 140 52
36 141 42
36 142 51
36 143 40
36 144 59
36 145 53
36 146 40
36 147 53
36 148 38
36 149 57
36 150 40
36 151 39
36 152 60
36 153 50
36 154 50
36 155 40
36 156 48
36 157 50
36 158 46
36 159 42
36 160 46
36 161 41
36 162 56
36 163 54
36 164 53
36 165 38
36 166 58
36 167 37
36 168 41
36 169 51
36 170 44
36 171 38
36 172 53
36 173 58
36 174 47
36 175 56
36 176 49
36 177 52
36 178 53
36 179 52
36 180 45
36 181 45
36 182 48
36 183 53
36 184 45
36 185 55
36 186 47
36 187 55
36 188 59
36 189 38
36 190 42
36 191 50
36 192 54
36 193 49
36 194 47
36 195 44
36 196 47
36 197 60
36 198 48
36 199 57
36 200 40
36 201 58
36 202 49
36 203 42
36 204 38
36 205 50
36 206 44
36 207 60
36 208 55
36 209 46
36 210 36
37 1 52
37 2 40
37 3 49
37 4 49
37 5 39
37 6 43
37 7 41
37 8 51
37 9 45
37 10 60
37 11 58
37 12 60
37 13 55
37 14 43
37 15 39
37 16 49
37 17 59
37 18 48
37 19 59
37 20 59
37 21 40
37 22 53
37 23 44
37 24 45
37 25 40
37 26 45
37 27 53
37 28 48
37 29 39
37 30 40
37 31 60
37 32 57
37 33 36
37 34 58
37 35 39
37 36 57
37 37 0
37 38 60
37 39 60
37 40 49
37 41 46
37 42 49
37 43 59
37 44 44
37 45 48
37 46 52
37 47 51
37 48 46
37 49 49
37 50 58
37 51 53
37 52 45
37 53 47
37 54 35
37 55 44
37 56 53
37 57 57
37 58 42
37 59 54
37 60 58
37 61 48
37 62 54
37 63 45
37 64 47
37 65 44
37 66 51
37 67 49
37 68 48
37 69 54
37 70 51
37 71 36
37 72 57
37 73 56
37 74 35
37 75 38
37 76 50
37 77 58
37 78 40
37 79 48
37 80 55
37 81 57
37 82 39
37 83 54
37 84 38
37 85 53
37 86 40
37 87 58
37 88 40
37 89 40
37 90 53
37 91 37
37 92 42
37 93 58
37 94 52
37 95 54
37 96 50
37 97 45
37 98 37
37 99 59
37 100 40
37 101 60
37 102 39
37 103 40
37 104 44
37 105 59
37 106 53
37 107 59
37 108 43
37 109 36
37 110 58
37 111 58
37 112 35
37 113 58
37 114 49
37 115 51
37 116 47
37 117 40
37 118 59
37 119 56
37 120 46
37 121 57
37 122 48
37 123 39
37 124 59
37 125 35
37 126 60
37 127 50
37 128 39
37 129 58
37 130 50
37 131 48
37 132 47
37 133 54
37 134 53
37 135 46
37 136 48
37 137 55
37 138 46
37 139 58
37 140 37
37 141 47
37 142 56
37 143 35
37 144 60
37 145 36
37 146 50
37 147 51
37 148 41
37 149 38
37 150 49
37 151 37
37 152 38
37 153 50
37 154 55
37 155 53
37 156 38
37 157 57
37 158 47
37 159 43
37 160 38
37 161 49
37 162 46
37 163 55
37 164 36
37 165 52
37 166 46
37 167 41
37 168 55
37 169 60
37 170 60
37 171 59
37 172 44
37 173 52
37 174 36
37 175 40
37 176 42
37 177 53
37 178 51
37 179 55
37 180 40
37 181 59
37 182 49
37 183 50
37 184 42
37 185 50
37 186 46
37 187 39
37 188 39
37 189 51
37 190 37
37 191 44
37 192 39
37 193 39
37 194 45
37 195 55
37 196 51
37 197 46
37 198 57
37 199 38
37 200 45
37 201 46
37 202 53
37 203 58
37 204 49
37 205 49
37 206 39
37 207 51
37 208 35
37 209 50
37 210 43
38 1 55
38 2 54
38 3 36
38 4 52
38 5 46
38 6 44
38 7 56
38 8 54
38 9 47
38 10 53
38 11 58
38 12 35
38 13 48
38 14 57
38 15 41
38 16 50
38 17 43
38 18 44
38 19 53
38 20 48
38 21 38
38 22 47
38 23 39
38 24 46
38 25 39
38 26 56
38 27 57
38 28 45
38 29 60
38 30 37
38 31 49
38 32 47
38 33 57
38 34 53
38 35 45
38 36 55
38 37 45
38 38 0
38 39 50
38 40 40
38 41 55
38 42 48
38 43 44
38 44 47
38 45 41
38 46 51
38 47 58
38 48 46
38 49 46
38 50 57
38 51 55
38 52 51
38 53 43
38 54 41
38 55 48
38 56 50
38 57 38
38 58 58
38 59 35
38 60 58
38 61 35
38 62 59
38 63 35
38 64 51
38 65 45
38 66 59
38 67 39
38 68 49
38 69 35
38 70 59
38 71 48
38 72 53
38 73 54
38 74 45
38 75 37
38 76 48
38 77 44
38 78 47
38 79 49
38 80 50
38 81 58
38 82 60
38 83 46
38 84 45
38 85 54
38 86 44
38 87 58
38 88 59
38 89 56
38 90 40
38 91 57
38 92 38
38 93 50
38 94 37
38 95 40
38 96 36
38 97 60
38 98 42
38 99 48
38 100 41
38 101 40
38 102 55
38 103 49
38 104 51
38 105 50
38 106 49
38 107 52
38 108 48
38 109 39
38 110 58
38 111 37
38 112 58
38 113 56
38 114 39
38 115 38
38 116 35
38 117 50
38 118 44
38 119 58
38 120 49
38 121 59
38 122 40
38 123 39
38 124 41
38 125 44
38 126 50
38 127 48
38 128 48
38 129 54
38 130 49
38 131 60
38 132 39
38 133 37
38 134 60
38 135 56
38 136 45
38 137 46
38 138 35
38 139 48
38 140 52
38 141 47
38 142 52
38 143 54
38 144 53
38 145 46
38 146 42
38 147 35
38 148 56
38 149 56
38 150 48
38 151 50
38 152 58
38 153 38
38 154 39
38 155 45
38 156 44
38 157 36
38 158 41
38 159 50
38 160 39
38 161 44
38 162 47
38 163 54
38 164 59
38 165 56
38 166 56
38 167 40
38 168 38
38 169 36
38 170 49
38 171 43
38 172 53
38 173 39
38 174 53
38 175 40
38 176 57
38 177 44
38 178 60
38 179 37
38 180 51
38 181 56
38 182 43
38 183 40
38 184 55
38 185 37
38 186 60
38 187 56
38 188 39
38 189 42
38 190 47
38 191 38
38 192 38
38 193 53
38 194 44
38 195 38
38 196 40
38 197 35
38 198 59
38 199 58
38 200 53
38 201 39
38 202 41
38 203 36
38 204 36
38 205 47
38 206 52
38 207 60
38 208 46
38 209 43
38 210 49
39 1 35
39 2 41
39 3 44
39 4 40
39 5 59
39 6 41
39 7 45
39 8 37
39 9 56
39 10 47
39 11 54
39 12 40
39 13 45
39 14 59
39 15 60
39 16 39
39 17 57
39 18 45
39 19 41
39 20 54
39 21 55
39 22 59
39 23 40
39 24 45
39 25 50
39 26 38
39 27 47
39 28 53
39 29 50
39 30 47
39 31 55
39 32 48
39 33 47
39 34 42
39 35 60
39 36 54
39 37 42
39 38 40
39 39 0
39 40 59
39 41 35
39 42 51
39 43 58
39 44 43
39 45 55
39 46 43
39 47 50
39 48 43
39 49 45
39 50 54
39 51 42
39 52 35
39 53 59
39 54 60
39 55 49
39 56 52
39 57 49
39 58 59
39 59 43
39 60 50
39 61 54
39 62 39
39 63 60
39 64 40
39 65 49
39 66 45
39 67 39
39 68 49
39 69 58
39 70 39
39 71 42
39 72 52
39 73 35
39 74 44
39 75 51
39 76 52
39 77 57
39 78 57
39 79 48
39 80 60
39 81 52
39 82 42
39 83 48
39 84 38
39 85 36
39 86 36
39 87 58
39 88 53
39 89 49
39 90 54
39 91 60
39 92 55
39 93 53
39 94 55
39 95 35
39 96 60
39 97 52
39 98 57
39 99 55
39 100 43
39 101 51
39 102 58
39 103 59
39 104 60
39 105 43
39 106 59
39 107 40
39 108 54
39 109 38
39 110 59
39 111 48
39 112 57
39 113 58
39 114 51
39 115 36
39 116 50
39 117 47
39 118 47
39 119 43
39 120 48
39 121 51
39 122 43
39 123 52
39 124 53
39 125 51
39 126 52
39 127 56
39 128 36
39 129 36
39 130 47
39 131 50
39 132 40
39 133 43
39 134 59
39 135 51
39 136 55
39 137 45
39 138 49
39 139 55
39 140 60
39 141 55
39 142 39
39 143 47
39 144 39
39 145 48
39 146 55
39 147 56
39 148 53
39 149 51
39 150 54
39 151 43
39 152 52
39 153 44
39 154 58
39 155 50
39 156 42
39 157 50
39 158 55
39 159 38
39 160 35
39 161 45
39 162 53
39 163 56
39 164 38
39 165 55
39 166 36
39 167 50
39 168 50
39 169 45
39 170 60
39 171 51
39 172 59
39 173 37
39 174 40
39 175 40
39 176 47
39 177 57
39 178 46
39 179 35
39 180 53
39 181 44
39 182 43
39 183 42
39 184 39
39 185 35
39 186 49
39 187 52
39 188 57
39 189 36
39 190 44
39 191 45
39 192 51
39 193 50
39 194 48
39 195 47
39 196 58
39 197 52
39 198 45
39 199 41
39 200 53
39 201 37
39 202 38
39 203 50
39 204 38
39 205 52
39 206 43
39 207 58
39 208 43
39 209 47
39 210 42
40 1 58
40 2 44
40 3 44
40 4 36
40 5 43
40 6 42
40 7 47
40 8 53
40 9 49
40 10 39
40 11 49
40 12 41
40 13 47
40 14 57
40 15 47
40 16 49
40 17 42
40 18 53
40 19 54
40 20 37
40 21 44
40 22 60
40 23 45
40 24 53
40 25 58
40 26 54
40 27 39
40 28 47
40 29 46
40 30 40
40 31 39
40 32 53
40 33 35
40 34 53
40 35 40
40 36 54
40 37 38
40 38 43
40 39 43
40 40 0
40 41 49
40 42 57
40 43 40
40 44 41
40 45 49
40 46 45
40 47 41
40 48 49
40 49 49
40 50 59
40 51 49
40 52 35
40 53 48
40 54 57
40 55 59
40 56 39
40 57 54
40 58 38
40 59 56
40 60 43
40 61 49
40 62 45
40 63 52
40 64 38
40 65 52
40 66 42
40 67 51
40 68 41
40 69 36
40 70 57
40 71 51
40 72 57
40 73 44
40 74 41
40 75 51
40 76 52
40 77 60
40 78 51
40 79 47
40 80 39
40 81 40
40 82 47
40 83 37
40 84 39
40 85 48
40 86 41
40 87 46
40 88 56
40 89 58
40 90 37
40 91 46
40 92 36
40 93 57
40 94 39
40 95 38
40 96 57
40 97 57
40 98 43
40 99 36
40 100 52
40 101 38
40 102 58
40 103 37
40 104 48
40 105 36
40 106 57
40 107 39
40 108 60
40 109 44
40 110 41
40 111 47
40 112 56
40 113 36
40 114 59
40 115 55
40 116 44
40 117 47
40 118 58
40 119 46
40 120 50
40 121 48
40 122 60
40 123 37
40 124 54
40 125 49
40 126 48
40 127 40
40 128 47
40 129 49
40 130 59
40 131 45
40 132 51
40 133 46
40 134 50
40 135 40
40 136 35
40 137 53
40 138 41
40 139 55
40 140 60
40 141 52
40 142 50
40 143 43
40 144 60
40 145 44
40 146 35
40 147 55
40 148 41
40 149 55
40 150 40
40 151 52
40 152 43
40 153 45
40 154 43
40 155 37
40 156 58
40 157 54
40 158 44
40 159 39
40 160 58
40 161 36
40 162 60
40 163 58
40 164 55
40 165 59
40 166 46
40 167 37
40 168 51
40 169 39
40 170 41
40 171 44
40 172 41
40 173 57
40 174 43
40 175 53
40 176 53
40 177 60
40 178 54
40 179 56
40 180 46
40 181 48
40 182 50
40 183 51
40 184 36
40 185 45
40 186 56
40 187 60
40 188 52
40 189 46
40 190 46
40 191 45
40 192 40
40 193 47
40 194 49
40 195 42
40 196 55
40 197 43
40 198 57
40 199 39
40 200 58
40 201 39
40 202 43
40 203 35
40 204 54
40 205 51
40 206 55
40 207 51
40 208 51
40 209 48
40 210 43
41 1 44
41 2 45
41 3 60
41 4 51
41 5 44
41 6 43
41 7 35
41 8 37
41 9 45
41 10 39
41 11 46
41 12 41
41 13 60
41 14 44
41 15 48
41 16 59
41 17 35
41 18 53
41 19 51
41 20 53
41 21 48
41 22 49
41 23 53
41 24 46
41 25 50
41 26 60
41 27 42
41 28 47
41 29 58
41 30 58
41 31 40
41 32 52
41 33 60
41 34 49
41 35 57
41 36 48
41 37 44
41 38 56
41 39 55
41 40 45
41 41 0
41 42 42
41 43 46
41 44 53
41 45 48
41 46 37
41 47 36
41 48 41
41 49 47
41 50 35
41 51 58
41 52 36
41 53 54
41 54 41
41 55 50
41 56 38
41 57 45
41 58 41
41 59 53
41 60 37
41 61 51
41 62 44
41 63 48
41 64 52
41 65 57
41 66 41
41 67 54
41 68 58
41 69 59
41 70 52
41 71 48
41 72 58
41 73 56
41 74 55
41 75 57
41 76 54
41 77 39
41 78 36
41 79 40
41 80 45
41 81 41
41 82 39
41 83 38
41 84 54
41 85 57
41 86 45
41 87 60
41 88 45
41 89 48
41 90 38
41 91 38
41 92 59
41 93 52
41 94 58
41 95 41
41 96 58
41 97 36
41 98 60
41 99 39
41 100 49
41 101 59
41 102 40
41 103 58
41 104 51
41 105 48
41 106 47
41 107 44
41 108 47
41 109 52
41 110 60
41 111 43
41 112 44
41 113 53
41 114 44
41 115 51
41 116 43
41 117 48
41 118 59
41 119 52
41 120 60
41 121 45
41 122 35
41 123 42
41 124 46
41 125 44
41 126 42
41 127 53
41 128 44
41 129 51
41 130 47
41 131 60
41 132 39
41 133 48
41 134 41
41 135 38
41 136 35
41 137 48
41 138 56
41 139 57
41 140 39
41 141 45
41 142 42
41 143 56
41 144 51
41 145 44
41 146 50
41 147 37
41 148 59
41 149 44
41 150 44
41 151 45
41 152 52
41 153 60
41 154 45
41 155 39
41 156 58
41 157 39
41 158 36
41 159 36
41 160 60
41 161 40
41 162 54
41 163 52
41 164 55
41 165 49
41 166 44
41 167 40
41 168 56
41 169 55
41 170 39
41 171 36
41 172 54
41 173 56
41 174 44
41 175 36
41 176 51
41 177 41
41 178 39
41 179 45
41 180 50
41 181 48
41 182 37
41 183 36
41 184 44
41 185 45
41 186 36
41 187 60
41 188 56
41 189 52
41 190 49
41 191 59
41 192 39
41 193 39
41 194 55
41 195 40
41 196 52
41 197 52
41 198 41
41 199 52
41 200 44
41 201 50
41 202 46
41 203 38
41 204 56
41 205 38
41 206 44
41 207 51
41 208 54
41 209 40
41 210 47
42 1 60
42 2 59
42 3 43
42 4 47
42 5 36
42 6 46
42 7 45
42 8 39
42 9 53
42 10 60
42 11 52
42 12 60
42 13 40
42 14 42
42 15 45
42 16 44
42 17 52
42 18 43
42 19 55
42 20 51
42 21 49
42 22 53
42 23 45
42 24 52
42 25 37
42 26 60
42 27 50
42 28 38
42 29 52
42 30 42
42 31 38
42 32 43
42 33 51
42 34 38
42 35 38
42 36 59
42 37 55
42 38 54
42 39 55
42 40 53
42 41 59
42 42 0
42 43 58
42 44 46
42 45 40
42 46 40
42 47 59
42 48 45
42 49 55
42 50 43
42 51 36
42 52 42
42 53 35
42 54 46
42 55 53
42 56 55
42 57 55
42 58 52
42 59 51
42 60 57
42 61 43
42 62 52
42 63 42
42 64 35
42 65 38
42 66 46
42 67 51
42 68 38
42 69 47
42 70 43
42 71 38
42 72 52
42 73 50
42 74 49
42 75 48
42 76 49
42 77 46
42 78 48
42 79 45
42 80 40
42 81 56
42 82 38
42 83 58
42 84 58
42 85 41
42 86 51
42 87 51
42 88 36
42 89 40
42 90 58
42 91 46
42 92 44
42 93 50
42 94 51
42 95 45
42 96 40
42 97 59
42 98 53
42 99 50
42 100 50
42 101 48
42 102 43
42 103 38
42 104 42
42 105 56
42 106 39
42 107 39
42 108 56
42 109 47
42 110 44
42 111 38
42 112 35
42 113 37
42 114 54
42 115 37
42 116 37
42 117 36
42 118 53
42 119 35
42 120 57
42 121 38
42 122 55
42 123 36
42 124 39
42 125 53
42 126 41
42 127 35
42 128 55
42 129 39
42 130 36
42 131 52
42 132 48
42 133 58
42 134 38
42 135 50
42 136 43
42 137 51
42 138 58
42 139 52
42 140 42
42 141 35
42 142 56
42 143 43
42 144 47
42 145 50
42 146 57
42 147 46
42 148 60
42 149 43
42 150 46
42 151 58
42 152 50
42 153 55
42 154 58
42 155 37
42 156 53
42 157 51
42 158 60
42 159 57
42 160 49
42 161 42
42 162 42
42 163 37
42 164 44
42 165 58
42 166 35
42 167 57
42 168 47
42 169 41
42 170 59
42 171 41
42 172 37
42 173 58
42 174 45
42 175 36
42 176 55
42 177 47
42 178 35
42 179 60
42 180 37
42 181 41
42 182 38
42 183 60
42 184 50
42 185 53
42 186 47
42 187 38
42 188 58
42 189 37
42 190 41
42 191 44
42 192 49
42 193 45
42 194 56
42 195 57
42 196 37
42 197 52
42 198 36
42 199 60
42 200 40
42 201 52
42 202 56
42 203 54
42 204 50
42 205 46
42 206 44
42 207 45
42 208 45
42 209 40
42 210 56
43 1 40
43 2 40
43 3 59
43 4 54
43 5 43
43 6 54
43 7 56
43 8 59
43 9 59
43 10 45
43 11 36
43 12 39
43 13 37
43 14 60
43 15 51
43 16 55
43 17 48
43 18 50
43 19 58
43 20 38
43 21 53
43 22 44
43 23 37
43 24 57
43 25 47
43 26 39
43 27 39
43 28 42
43 29 53
43 30 57
43 31 35
43 32 48
43 33 52
43 34 35
43 35 38
43 36 60
43 37 57
43 38 58
43 39 40
43 40 39
43 41 37
43 42 41
43 43 0
43 44 60
43 45 55
43 46 54
43 47 39
43 48 35
43 49 55
43 50 37
43 51 43
43 52 52
43 53 60
43 54 44
43 55 53
43 56 35
43 57 56
43 58 59
43 59 52
43 60 41
43 61 41
43 62 47
43 63 40
43 64 59
43 65 50
43 66 56
43 67 41
43 68 50
43 69 54
43 70 40
43 71 42
43 72 36
43 73 54
43 74 53
43 75 42
43 76 56
43 77 59
43 78 55
43 79 36
43 80 41
43 81 45
43 82 50
43 83 44
43 84 46
43 85 43
43 86 53
43 87 56
43 88 42
43 89 44
43 90 58
43 91 50
43 92 51
43 93 42
43 94 51
43 95 45
43 96 52
43 97 54
43 98 60
43 99 48
43 100 44
43 101 43
43 102 48
43 103 41
43 104 55
43 105 36
43 106 46
43 107 54
43 108 37
43 109 51
43 110 47
43 111 45
43 112 55
43 113 38
43 114 44
43 115 45
43 116 48
43 117 50
43 118 35
43 119 45
43 120 56
43 121 42
43 122 47
43 123 41
43 124 40
43 125 59
43 126 57
43 127 46
43 128 46
43 129 57
43 130 52
43 131 41
43 132 49
43 133 53
43 134 52
43 135 58
43 136 48
43 137 45
43 138 54
43 139 45
43 140 40
43 141 42
43 142 42
43 143 50
43 144 38
43 145 45
43 146 35
43 147 46
43 148 56
43 149 45
43 150 53
43 151 35
43 152 58
43 153 54
43 154 55
43 155 50
43 156 51
43 157 56
43 158 43
43 159 48
43 160 42
43 161 60
43 162 38
43 163 45
43 164 42
43 165 48
43 166 55
43 167 55
43 168 51
43 169 56
43 170 43
43 171 46
43 172 44
43 173 36
43 174 35
43 175 59
43 176 51
43 177 49
43 178 53
43 179 57
43 180 53
43 181 42
43 182 59
43 183 47
43 184 39
43 185 57
43 186 60
43 187 38
43 188 49
43 189 44
43 190 39
43 191 60
43 192 40
43 193 39
43 194 49
43 195 50
43 196 49
43 197 46
43 198 60
43 199 43
43 200 44
43 201 50
43 202 35
43 203 53
43 204 57
43 205 50
43 206 36
43 207 57
43 208 58
43 209 45
43 210 48
44 1 58
44 2 60
44 3 59
44 4 35
44 5 52
44 6 36
44 7 60
44 8 37
44 9 37
44 10 57
44 11 45
44 12 50
44 13 57
44 14 43
44 15 35
44 16 49
44 17 59
44 18 40
44 19 52
44 20 50
44 21 47
44 22 40
44 23 37
44 24 52
44 25 51
44 26 50
44 27 40
44 28 50
44 29 57
44 30 37
44 31 59
44 32 51
44 33 44
44 34 55
44 35 50
44 36 50
44 37 44
44 38 53
44 39 53
44 40 49
44 41 53
44 42 58
44 43 55
44 44 0
44 45 56
44 46 43
44 47 38
44 48 42
44 49 50
44 50 54
44 51 60
44 52 56
44 53 60
44 54 35
44 55 41
44 56 36
44 57 39
44 58 58
44 59 51
44 60 41
44 61 50
44 62 36
44 63 44
44 64 41
44 65 59
44 66 50
44 67 44
44 68 58
44 69 36
44 70 47
44 71 51
44 72 50
44 73 36
44 74 60
44 75 59
44 76 37
44 77 58
44 78 40
44 79 57
44 80 53
44 81 53
44 82 35
44 83 45
44 84 50
44 85 56
44 86 54
44 87 53
44 88 53
44 89 40
44 90 59
44 91 51
44 92 58
44 93 51
44 94 45
44 95 46
44 96 50
44 97 38
44 98 51
44 99 48
44 100 56
44 101 52
44 102 51
44 103 53
44 104 46
44 105 55
44 106 56
44 107 50
44 108 57
44 109 50
44 110 54
44 111 45
44 112 57
44 113 51
44 114 38
44 115 42
44 116 46
44 117 52
44 118 51
44 119 51
44 120 50
44 121 47
44 122 37
44 123 46
44 124 50
44 125 54
44 126 51
44 127 44
44 128 37
44 129 57
44 130 45
44 131 38
44 132 43
44 133 58
44 134 48
44 135 37
44 136 45
44 137 54
44 138 40
44 139 36
44 140 57
44 141 36
44 142 59
44 143 41
44 144 41
44 145 51
44 146 60
44 147 55
44 148 38
44 149 55
44 150 43
44 151 60
44 152 35
44 153 44
44 154 55
44 155 39
44 156 43
44 157 51
44 158 59
44 159 60
44 160 47
44 161 54
44 162 49
44 163 58
44 164 35
44 165 55
44 166 53
44 167 58
44 168 60
44 169 45
44 170 42
44 171 45
44 172 52
44 173 53
44 174 39
44 175 53
44 176 51
44 177 57
44 178 40
44 179 55
44 180 43
44 181 58
44 182 54
44 183 42
44 184 42
44 185 41
44 186 37
44 187 44
44 188 51
44 189 39
44 190 55
44 191 52
44 192 42
44 193 52
44 194 58
44 195 49
44 196 52
44 197 51
44 198 53
44 199 42
44 200 57
44 201 47
44 202 49
44 203 56
44 204 40
44 205 53
44 206 58
44 207 44
44 208 55
44 209 60
44 210 56
45 1 60
45 2 60
45 3 41
45 4 50
45 5 48
45 6 50
45 7 45
45 8 35
45 9 52
45 10 59
45 11 57
45 12 59
45 13 36
45 14 46
45 15 58
45 16 47
45 17 41
45 18 40
45 19 59
45 20 54
45 21 50
45 22 53
45 23 47
45 24 57
45 25 52
45 26 41
45 27 43
45 28 41
45 29 36
45 30 44
45 31 54
45 32 36
45 33 38
45 34 56
45 35 53
45 36 49
45 37 56
45 38 57
45 39 42
45 40 51
45 41 46
45 42 41
45 43 58
45 44 49
45 45 0
45 46 57
45 47 49
45 48 56
45 49 55
45 50 36
45 51 50
45 52 57
45 53 59
45 54 45
45 55 56
45 56 58
45 57 53
45 58 48
45 59 49
45 60 53
45 61 51
45 62 49
45 63 56
45 64 38
45 65 38
45 66 51
45 67 49
45 68 47
45 69 35
45 70 49
45 71 56
45 72 46
45 73 59
45 74 58
45 75 45
45 76 47
45 77 56
45 78 46
45 79 43
45 80 40
45 81 59
45 82 40
45 83 51
45 84 36
45 85 48
45 86 55
45 87 36
45 88 59
45 89 58
45 90 36
45 91 36
45 92 41
45 93 43
45 94 46
45 95 56
45 96 36
45 97 40
45 98 44
45 99 46
45 100 58
45 101 40
45 102 57
45 103 50
45 104 40
45 105 57
45 106 38
45 107 48
45 108 57
45 109 42
45 110 49
45 111 60
45 112 45
45 113 58
45 114 37
45 115 48
45 116 55
45 117 51
45 118 51
45 119 42
45 120 45
45 121 52
45 122 35
45 123 58
45 124 58
45 125 49
45 126 38
45 127 59
45 128 44
45 129 53
45 130 51
45 131 42
45 132 35
45 133 59
45 134 58
45 135 58
45 136 44
45 137 44
45 138 42
45 139 35
45 140 38
45 141 51
45 142 38
45 143 45
45 144 50
45 145 38
45 146 59
45 147 46
45 148 37
45 149 45
45 150 58
45 151 38
45 152 54
45 153 36
45 154 57
45 155 59
45 156 50
45 157 47
45 158 46
45 159 42
45 160 50
45 161 45
45 162 54
45 163 43
45 164 60
45 165 36
45 166 37
45 167 37
45 168 42
45 169 52
45 170 41
45 171 50
45 172 60
45 173 44
45 174 59
45 175 53
45 176 49
45 177 44
45 178 41
45 179 47
45 180 51
45 181 42
45 182 47
45 183 58
45 184 43
45 185 51
45 186 55
45 187 58
45 188 47
45 189 39
45 190 44
45 191 42
45 192 57
45 193 56
45 194 46
45 195 45
45 196 54
45 197 45
45 198 50
45 199 46
45 200 49
45 201 39
45 202 47
45 203 58
45 204 56
45 205 50
45 206 59
45 207 47
45 208 42
45 209 39
45 210 36
46 1 47
46 2 51
46 3 55
46 4 38
46 5 50
46 6 49
46 7 44
46 8 38
46 9 56
46 10 51
46 11 41
46 12 53
46 13 44
46 14 47
46 15 35
46 16 43
46 17 37
46 18 48
46 19 37
46 20 43
46 21 59
46 22 36
46 23 49
46 24 58
46 25 48
46 26 59
46 27 48
46 28 38
46 29 50
46 30 59
46 31 38
46 32 47
46 33 46
46 34 44
46 35 49
46 36 47
46 37 38
46 38 52
46 39 56
46 40 60
46 41 44
46 42 58
46 43 56
46 44 50
46 45 48
46 46 0
46 47 46
46 48 43
46 49 40
46 50 48
46 51 53
46 52 52
46 53 48
46 54 59
46 55 44
46 56 37
46 57 52
46 58 39
46 59 44
46 60 60
46 61 42
46 62 42
46 63 41
46 64 55
46 65 49
46 66 43
46 67 39
46 68 36
46 69 38
46 70 53
46 71 37
46 72 51
46 73 45
46 74 37
46 75 49
46 76 51
46 77 59
46 78 46
46 79 58
46 80 54
46 81 52
46 82 59
46 83 39
46 84 52
46 85 40
46 86 45
46 87 59
46 88 48
46 89 58
46 90 54
46 91 51
46 92 57
46 93 39
46 94 53
46 95 46
46 96 42
46 97 50
46 98 45
46 99 47
46 100 43
46 101 57
46 102 57
46 103 55
46 104 40
46 105 53
46 106 50
46 107 48
46 108 39
46 109 53
46 110 46
46 111 56
46 112 37
46 113 54
46 114 38
46 115 56
46 116 55
46 117 52
46 118 40
46 119 37
46 120 37
46 121 49
46 122 35
46 123 52
46 124 60
46 125 54
46 126 59
46 127 39
46 128 35
46 129 56
46 130 51
46 131 55
46 132 49
46 133 46
46 134 51
46 135 36
46 136 35
46 137 35
46 138 51
46 139 55
46 140 37
46 141 45
46 142 51
46 143 49
46 144 49
46 145 43
46 146 45
46 147 41
46 148 41
46 149 41
46 150 41
46 151 48
46 152 56
46 153 47
46 154 37
46 155 36
46 156 40
46 157 55
46 158 55
46 159 59
46 160 43
46 161 41
46 162 59
46 163 52
46 164 35
46 165 59
46 166 37
46 167 49
46 168 45
46 169 40
46 170 39
46 171 49
46 172 38
46 173 49
46 174 58
46 175 60
46 176 59
46 177 55
46 178 58
46 179 40
46 180 51
46 181 45
46 182 51
46 183 37
46 184 37
46 185 48
46 186 52
46 187 37
46 188 36
46 189 50
46 190 56
46 191 45
46 192 48
46 193 55
46 194 59
46 195 39
46 196 51
46 197 43
46 198 57
46 199 53
46 200 39
46 201 44
46 202 52
46 203 59
46 204 52
46 205 36
46 206 49
46 207 50
46 208 46
46 209 45
46 210 44
47 1 54
47 2 42
47 3 43
47 4 46
47 5 60
47 6 51
47 7 48
47 8 55
47 9 37
47 10 55
47 11 58
47 12 42
47 13 59
47 14 38
47 15 46
47 16 43
47 17 43
47 18 52
47 19 35
47 20 41
47 21 38
47 22 59
47 23 48
47 24 47
47 25 38
47 26 41
47 27 50
47 28 48
47 29 39
47 30 53
47 31 43
47 32 46
47 33 46
47 34 42
47 35 47
47 36 36
47 37 46
47 38 59
47 39 49
47 40 51
47 41 44
47 42 44
47 43 51
47 44 41
47 45 40
47 46 47
47 47 0
47 48 45
47 49 56
47 50 37
47 51 60
47 52 42
47 53 51
47 54 57
47 55 60
47 56 46
47 57 48
47 58 51
47 59 40
47 60 42
47 61 41
47 62 59
47 63 58
47 64 57
47 65 46
47 66 35
47 67 35
47 68 39
47 69 58
47 70 48
47 71 56
47 72 52
47 73 39
47 74 41
47 75 48
47 76 59
47 77 58
47 78 41
47 79 44
47 80 59
47 81 53
47 82 60
47 83 51
47 84 46
47 85 56
47 86 35
47 87 52
47 88 46
47 89 40
47 90 53
47 91 36
47 92 36
47 93 53
47 94 40
47 95 59
47 96 54
47 97 58
47 98 57
47 99 36
47 100 44
47 101 36
47 102 48
47 103 37
47 104 60
47 105 41
47 106 36
47 107 38
47 108 53
47 109 46
47 110 41
47 111 55
47 112 51
47 113 60
47 114 37
47 115 48
47 116 60
47 117 49
47 118 52
47 119 38
47 120 48
47 121 44
47 122 42
47 123 37
47 124 54
47 125 57
47 126 35
47 127 40
47 128 52
47 129 43
47 130 60
47 131 46
47 132 35
47 133 53
47 134 45
47 135 39
47 136 39
47 137 48
47 138 47
47 139 51
47 140 52
47 141 42
47 142 40
47 143 40
47 144 58
47 145 49
47 146 45
47 147 54
47 148 53
47 149 55
47 150 60
47 151 60
47 152 54
47 153 45
47 154 35
47 155 55
47 156 44
47 157 44
47 158 36
47 159 35
47 160 59
47 161 58
47 162 45
47 163 53
47 164 60
47 165 46
47 166 40
47 167 38
47 168 58
47 169 60
47 170 36
47 171 43
47 172 42
47 173 48
47 174 43
47 175 57
47 176 48
47 177 52
47 178 49
47 179 52
47 180 60
47 181 42
47 182 52
47 183 42
47 184 35
47 185 37
47 186 46
47 187 36
47 188 57
47 189 42
47 190 55
47 191 47
47 192 37
47 193 60
47 194 50
47 195 60
47 196 47
47 197 46
47 198 59
47 199 56
47 200 49
47 201 43
47 202 60
47 203 45
47 204 60
47 205 43
47 206 44
47 207 53
47 208 35
47 209 46
47 210 48
48 1 57
48 2 41
48 3 55
48 4 56
48 5 59
48 6 42
48 7 46
48 8 56
48 9 36
48 10 45
48 11 37
48 12 54
48 13 39
48 14 47
48 15 58
48 16 45
48 17 52
48 18 35
48 19 39
48 20 51
48 21 48
48 22 45
48 23 45
48 24 44
48 25 40
48 26 42
48 27 38
48 28 42
48 29 50
48 30 38
48 31 46
48 32 37
48 33 36
48 34 37
48 35 36
48 36 41
48 37 51
48 38 45
48 39 37
48 40 39
48 41 43
48 42 60
48 43 40
48 44 39
48 45 48
48 46 47
48 47 43
48 48 0
48 49 59
48 50 58
48 51 46
48 52 53
48 53 46
48 54 44
48 55 47
48 56 35
48 57 57
48 58 60
48 59 38
48 60 47
48 61 38
48 62 53
48 63 56
48 64 39
48 65 55
48 66 45
48 67 40
48 68 53
48 69 51
48 70 56
48 71 41
48 72 50
48 73 58
48 74 37
48 75 52
48 76 36
48 77 37
48 78 48
48 79 48
48 80 43
48 81 58
48 82 39
48 83 46
48 84 55
48 85 40
48 86 38
48 87 43
48 88 57
48 89 45
48 90 45
48 91 46
48 92 56
48 93 38
48 94 41
48 95 59
48 96 60
48 97 48
48 98 53
48 99 45
48 100 42
48 101 60
48 102 56
48 103 55
48 104 59
48 105 58
48 106 51
48 107 37
48 108 50
48 109 53
48 110 53
48 111 39
48 112 53
48 113 58
48 114 46
48 115 56
48 116 46
48 117 40
48 118 54
48 119 48
48 120 54
48 121 40
48 122 40
48 123 48
48 124 46
48 125 51
48 126 37
48 127 53
48 128 47
48 129 44
48 130 57
48 131 57
48 132 44
48 133 43
48 134 41
48 135 36
48 136 39
48 137 42
48 138 42
48 139 49
48 140 51
48 141 46
48 142 48
48 143 59
48 144 52
48 145 42
48 146 49
48 147 40
48 148 59
48 149 55
48 150 50
48 151 53
48 152 59
48 153 36
48 154 52
48 155 37
48 156 57
48 157 46
48 158 59
48 159 54
48 160 41
48 161 39
48 162 56
48 163 36
48 164 41
48 165 54
48 166 51
48 167 42
48 168 55
48 169 52
48 170 35
48 171 35
48 172 56
48 173 36
48 174 42
48 175 43
48 176 57
48 177 46
48 178 48
48 179 50
48 180 57
48 181 38
48 182 47
48 183 46
48 184 59
48 185 54
48 186 53
48 187 38
48 188 49
48 189 37
48 190 53
48 191 52
48 192 53
48 193 56
48 194 53
48 195 36
48 196 57
48 197 46
48 198 58
48 199 37
48 200 36
48 201 54
48 202 37
48 203 39
48 204 58
48 205 54
48 206 50
48 207 45
48 208 42
48 209 38
48 210 39
49 1 59
49 2 55
49 3 52
49 4 36
49 5 51
49 6 49
49 7 43
49 8 42
49 9 51
49 10 51
49 11 53
49 12 48
49 13 39
49 14 48
49 15 38
49 16 40
49 17 35
49 18 39
49 19 41
49 20 52
49 21 46
49 22 60
49 23 36
49 24 56
49 25 35
49 26 42
49 27 60
49 28 51
49 29 53
49 30 50
49 31 57
49 32 45
49 33 51
49 34 52
49 35 48
49 36 53
49 37 46
49 38 48
49 39 54
49 40 42
49 41 40
49 42 45
49 43 42
49 44 57
49 45 41
49 46 43
49 47 50
49 48 35
49 49 0
49 50 46
49 51 46
49 52 56
49 53 41
49 54 36
49 55 45
49 56 50
49 57 37
49 58 46
49 59 43
49 60 57
49 61 52
49 62 43
49 63 57
49 64 59
49 65 35
49 66 56
49 67 56
49 68 52
49 69 45
49 70 50
49 71 56
49 72 35
49 73 56
49 74 49
49 75 51
49 76 44
49 77 44
49 78 36
49 79 40
49 80 46
49 81 36
49 82 45
49 83 48
49 84 41
49 85 37
49 86 37
49 87 58
49 88 55
49 89 54
49 90 46
49 91 45
49 92 39
49 93 52
49 94 43
49 95 49
49 96 58
49 97 55
49 98 55
49 99 50
49 100 37
49 101 42
49 102 35
49 103 38
49 104 51
49 105 59
49 106 35
49 107 54
49 108 51
49 109 57
49 110 57
49 111 35
49 112 49
49 113 59
49 114 55
49 115 36
49 116 44
49 117 44
49 118 44
49 119 47
49 120 58
49 121 37
49 122 44
49 123 41
49 124 45
49 125 56
49 126 42
49 127 49
49 128 44
49 129 42
49 130 41
49 131 56
49 132 38
49 133 44
49 134 37
49 135 57
49 136 48
49 137 51
49 138 54
49 139 39
49 140 53
49 141 40
49 142 55
49 143 56
49 144 43
49 145 36
49 146 52
49 147 51
49 148 37
49 149 50
49 150 55
49 151 47
49 152 60
49 153 58
49 154 44
49 155 44
49 156 57
49 157 56
49 158 52
49 159 55
49 160 50
49 161 45
49 162 48
49 163 39
49 164 53
49 165 56
49 166 47
49 167 50
49 168 49
49 169 37
49 170 43
49 171 59
49 172 42
49 173 47
49 174 59
49 175 58
49 176 39
49 177 45
49 178 51
49 179 38
49 180 56
49 181 52
49 182 39
49 183 39
49 184 41
49 185 49
49 186 44
49 187 45
49 188 40
49 189 45
49 190 47
49 191 43
49 192 38
49 193 43
49 194 50
49 195 56
49 196 60
49 197 35
49 198 44
49 199 60
49 200 58
49 201 44
49 202 51
49 203 42
49 204 47
49 205 35
49 206 54
49 207 56
49 208 50
49 209 44
49 210 57
50 1 54
50 2 57
50 3 46
50 4 53
50 5 50
50 6 53
50 7 56
50 8 37
50 9 54
50 10 54
50 11 59
50 12 42
50 13 35
50 14 40
50 15 41
50 16 58
50 17 52
50 18 55
50 19 47
50 20 57
50 21 56
50 22 57
50 23 52
50 24 49
50 25 39
50 26 36
50 27 59
50 28 35
50 29 42
50 30 53
50 31 52
50 32 60
50 33 56
50 34 45
50 35 45
50 36 57
50 37 51
50 38 43
50 39 40
50 40 53
50 41 38
50 42 38
50 43 60
50 44 58
50 45 36
50 46 44
50 47 40
50 48 51
50 49 44
50 50 0
50 51 59
50 52 50
50 53 59
50 54 42
50 55 55
50 56 44
50 57 60
50 58 38
50 59 36
50 60 43
50 61 35
50 62 36
50 63 58
50 64 55
50 65 56
50 66 39
50 67 55
50 68 57
50 69 52
50 70 41
50 71 50
50 72 54
50 73 38
50 74 39
50 75 52
50 76 42
50 77 42
50 78 54
50 79 50
50 80 44
50 81 42
50 82 36
50 83 52
50 84 45
50 85 38
50 86 53
50 87 60
50 88 54
50 89 54
50 90 56
50 91 36
50 92 39
50 93 43
50 94 38
50 95 37
50 96 36
50 97 42
50 98 49
50 99 36
50 100 55
50 101 51
50 102 47
50 103 36
50 104 38
50 105 55
50 106 59
50 107 44
50 108 49
50 109 37
50 110 59
50 111 58
50 112 39
50 113 37
50 114 49
50 115 35
50 116 49
50 117 37
50 118 44
50 119 36
50 120 48
50 121 52
50 122 36
50 123 39
50 124 48
50 125 58
50 126 44
50 127 40
50 128 40
50 129 47
50 130 42
50 131 45
50 132 58
50 133 40
50 134 47
50 135 47
50 136 58
50 137 52
50 138 40
50 139 52
50 140 46
50 141 49
50 142 56
50 143 53
50 144 58
50 145 40
50 146 51
50 147 37
50 148 53
50 149 41
50 150 60
50 151 42
50 152 36
50 153 45
50 154 56
50 155 54
50 156 51
50 157 43
50 158 50
50 159 37
50 160 52
50 161 49
50 162 36
50 163 48
50 164 56
50 165 42
50 166 51
50 167 43
50 168 53
50 169 53
50 170 52
50 171 60
50 172 41
50 173 49
50 174 50
50 175 54
50 176 43
50 177 56
50 178 41
50 179 36
50 180 60
50 181 38
50 182 51
50 183 40
50 184 36
50 185 39
50 186 40
50 187 53
50 188 50
50 189 59
50 190 39
50 191 39
50 192 46
50 193 51
50 194 49
50 195 39
50 196 43
50 197 47
50 198 52
50 199 43
50 200 51
50 201 37
50 202 59
50 203 54
50 204 41
50 205 54
50 206 48
50 207 60
50 208 40
50 209 41
50 210 49
51 1 45
51 2 39
51 3 57
51 4 48
51 5 52
51 6 43
51 7 39
51 8 45
51 9 53
51 10 58
51 11 59
51 12 56
51 13 53
51 14 52
51 15 36
51 16 58
51 17 38
51 18 51
51 19 57
51 20 39
51 21 46
51 22 49
51 23 47
51 24 56
51 25 53
51 26 50
51 27 36
51 28 48
51 29 50
51 30 46
51 31 48
51 32 52
51 33 39
51 34 54
51 35 56
51 36 48
51 37 50
51 38 60
51 39 55
51 40 44
51 41 54
51 42 35
51 43 36
51 44 42
51 45 48
51 46 44
51 47 40
51 48 42
51 49 54
51 50 49
51 51 0
51 52 43
51 53 39
51 54 51
51 55 57
51 56 36
51 57 60
51 58 50
51 59 58
51 60 39
51 61 43
51 62 52
51 63 52
51 64 49
51 65 48
51 66 42
51 67 43
51 68 51
51 69 49
51 70 51
51 71 42
51 72 46
51 73 35
51 74 40
51 75 46
51 76 56
51 77 40
51 78 40
51 79 39
51 80 48
51 81 60
51 82 45
51 83 42
51 84 45
51 85 47
51 86 45
51 87 55
51 88 49
51 89 39
51 90 52
51 91 44
51 92 59
51 93 36
51 94 42
51 95 47
51 96 47
51 97 54
51 98 57
51 99 55
51 100 43
51 101 50
51 102 45
51 103 40
51 104 36
51 105 44
51 106 48
51 107 52
51 108 41
51 109 55
51 110 54
51 111 47
51 112 38
51 113 40
51 114 37
51 115 41
51 116 47
51 117 45
51 118 35
51 119 53
51 120 39
51 121 50
51 122 41
51 123 58
51 124 49
51 125 40
51 126 36
51 127 53
51 128 45
51 129 40
51 130 46
51 131 36
51 132 36
51 133 41
51 134 58
51 135 54
51 136 39
51 137 46
51 138 47
51 139 55
51 140 52
51 141 44
51 142 56
51 143 54
51 144 55
51 145 38
51 146 45
51 147 35
51 148 49
51 149 39
51 150 54
51 151 54
51 152 46
51 153 51
51 154 35
51 155 49
51 156 49
51 157 47
51 158 50
51 159 44
51 160 52
51 161 41
51 162 43
51 163 49
51 164 47
51 165 47
51 166 58
51 167 36
51 168 49
51 169 60
51 170 36
51 171 54
51 172 54
51 173 54
51 174 57
51 175 54
51 176 42
51 177 59
51 178 35
51 179 47
51 180 43
51 181 53
51 182 41
51 183 56
51 184 37
51 185 54
51 186 46
51 187 38
51 188 38
51 189 43
51 190 54
51 191 55
51 192 49
51 193 50
51 194 35
51 195 39
51 196 36
51 197 54
51 198 56
51 199 53
51 200 51
51 201 42
51 202 45
51 203 51
51 204 42
51 205 50
51 206 53
51 207 48
51 208 56
51 209 53
51 210 59
52 1 59
52 2 41
52 3 46
52 4 57
52 5 42
52 6 40
52 7 59
52 8 49
52 9 44
52 10 46
52 11 45
52 12 47
52 13 54
52 14 52
52 15 49
52 16 54
52 17 43
52 18 59
52 19 40
52 20 44
52 21 49
52 22 59
52 23 47
52 24 45
52 25 56
52 26 58
52 27 51
52 28 41
52 29 37
52 30 36
52 31 45
52 32 58
52 33 44
52 34 42
52 35 40
52 36 46
52 37 57
52 38 51
52 39 57
52 40 41
52 41 56
52 42 57
52 43 60
52 44 53
52 45 40
52 46 52
52 47 36
52 48 43
52 49 56
52 50 55
52 51 43
52 52 0
52 53 60
52 54 49
52 55 60
52 56 36
52 57 59
52 58 48
52 59 40
52 60 35
52 61 47
52 62 46
52 63 39
52 64 37
52 65 40
52 66 44
52 67 49
52 68 35
52 69 46
52 70 49
52 71 35
52 72 42
52 73 54
52 74 54
52 75 46
52 76 52
52 77 60
52 78 56
52 79 46
52 80 49
52 81 48
52 82 44
52 83 43
52 84 59
52 85 35
52 86 37
52 87 38
52 88 45
52 89 57
52 90 46
52 91 43
52 92 37
52 93 50
52 94 52
52 95 37
52 96 57
52 97 40
52 98 46
52 99 57
52 100 59
52 101 50
52 102 54
52 103 58
52 104 36
52 105 60
52 106 39
52 107 40
52 108 35
52 109 58
52 110 58
52 111 47
52 112 54
52 113 59
52 114 40
52 115 45
52 116 57
52 117 42
52 118 36
52 119 44
52 120 58
52 121 38
52 122 48
52 123 57
52 124 54
52 125 49
52 126 54
52 127 35
52 128 36
52 129 46
52 130 35
52 131 47
52 132 40
52 133 59
52 134 36
52 135 48
52 136 55
52 137 52
52 138 44
52 139 50
52 140 35
52 141 49
52 142 57
52 143 46
52 144 36
52 145 53
52 146 38
52 147 41
52 148 39
52 149 44
52 150 48
52 151 35
52 152 41
52 153 41
52 154 46
52 155 43
52 156 43
52 157 53
52 158 42
52 159 53
52 160 58
52 161 57
52 162 52
52 163 53
52 164 54
52 165 56
52 166 46
52 167 49
52 168 54
52 169 60
52 170 59
52 171 40
52 172 49
52 173 48
52 174 53
52 175 53
52 176 57
52 177 49
52 178 40
52 179 51
52 180 52
52 181 41
52 182 41
52 183 44
52 184 58
52 185 50
52 186 51
52 187 42
52 188 38
52 189 52
52 190 48
52 191 35
52 192 38
52 193 46
52 194 42
52 195 54
52 196 46
52 197 57
52 198 41
52 199 44
52 200 55
52 201 47
52 202 57
52 203 56
52 204 35
52 205 50
52 206 40
52 207 36
52 208 43
52 209 54
52 210 49
53 1 49
53 2 36
53 3 52
53 4 57
53 5 51
53 6 59
53 7 50
53 8 39
53 9 50
53 10 43
53 11 40
53 12 53
53 13 48
53 14 57
53 15 36
53 16 59
53 17 60
53 18 56
53 19 43
53 20 56
53 21 59
53 22 58
53 23 49
53 24 41
53 25 44
53 26 46
53 27 41
53 28 51
53 29 59
53 30 37
53 31 59
53 32 47
53 33 35
53 34 55
53 35 51
53 36 39
53 37 59
53 38 37
53 39 35
53 40 40
53 41 36
53 42 50
53 43 49
53 44 50
53 45 47
53 46 39
53 47 35
53 48 40
53 49 48
53 50 36
53 51 35
53 52 43
53 53 0
53 54 60
53 55 58
53 56 42
53 57 40
53 58 36
53 59 35
53 60 48
53 61 41
53 62 53
53 63 48
53 64 52
53 65 60
53 66 41
53 67 53
53 68 35
53 69 54
53 70 59
53 71 47
53 72 54
53 73 52
53 74 55
53 75 56
53 76 58
53 77 35
53 78 51
53 79 59
53 80 35
53 81 42
53 82 42
53 83 57
53 84 57
53 85 44
53 86 38
53 87 51
53 88 60
53 89 44
53 90 38
53 91 51
53 92 53
53 93 43
53 94 49
53 95 38
53 96 43
53 97 55
53 98 38
53 99 37
53 100 38
53 101 49
53 102 50
53 103 57
53 104 54
53 105 56
53 106 41
53 107 50
53 108 57
53 109 58
53 110 45
53 111 36
53 112 51
53 113 35
53 114 51
53 115 55
53 116 40
53 117 47
53 118 47
53 119 39
53 120 37
53 121 56
53 122 39
53 123 59
53 124 60
53 125 43
53 126 51
53 127 46
53 128 60
53 129 52
53 130 58
53 131 45
53 132 53
53 133 40
53 134 36
53 135 35
53 136 55
53 137 55
53 138 40
53 139 42
53 140 53
53 141 53
53 142 49
53 143 45
53 144 53
53 145 60
53 146 50
53 147 59
53 148 46
53 149 37
53 150 56
53 151 55
53 152 50
53 153 40
53 154 44
53 155 35
53 156 47
53 157 51
53 158 45
53 159 60
53 160 36
53 161 59
53 162 47
53 163 54
53 164 53
53 165 35
53 166 54
53 167 37
53 168 60
53 169 44
53 170 41
53 171 57
53 172 54
53 173 36
53 174 46
53 175 55
53 176 48
53 177 36
53 178 55
53 179 37
53 180 37
53 181 50
53 182 36
53 183 51
53 184 46
53 185 60
53 186 37
53 187 35
53 188 55
53 189 59
53 190 58
53 191 44
53 192 54
53 193 43
53 194 59
53 195 46
53 196 49
53 197 36
53 198 43
53 199 55
53 200 57
53 201 41
53 202 45
53 203 42
53 204 59
53 205 51
53 206 40
53 207 53
53 208 44
53 209 40
53 210 43
54 1 49
54 2 47
54 3 58
54 4 49
54 5 50
54 6 42
54 7 43
54 8 36
54 9 46
54 10 51
54 11 39
54 12 54
54 13 35
54 14 46
54 15 36
54 16 53
54 17 60
54 18 57
54 19 42
54 20 48
54 21 41
54 22 55
54 23 44
54 24 49
54 25 55
54 26 57
54 27 40
54 28 55
54 29 37
54 30 42
54 31 59
54 32 49
54 33 55
54 34 42
54 35 58
54 36 59
54 37 55
54 38 57
54 39 49
54 40 41
54 41 36
54 42 40
54 43 42
54 44 42
54 45 38
54 46 60
54 47 41
54 48 46
54 49 59
54 50 37
54 51 39
54 52 37
54 53 41
54 54 0
54 55 37
54 56 41
54 57 43
54 58 59
54 59 43
54 60 41
54 61 50
54 62 54
54 63 35
54 64 54
54 65 56
54 66 52
54 67 47
54 68 40
54 69 54
54 70 53
54 71 57
54 72 59
54 73 53
54 74 52
54 75 48
54 76 38
54 77 49
54 78 53
54 79 37
54 80 40
54 81 47
54 82 59
54 83 56
54 84 45
54 85 54
54 86 58
54 87 60
54 88 43
54 89 43
54 90 51
54 91 35
54 92 44
54 93 51
54 94 58
54 95 41
54 96 35
54 97 51
54 98 55
54 99 59
54 100 35
54 101 52
54 102 48
54 103 48
54 104 50
54 105 54
54 106 58
54 107 39
54 108 60
54 109 37
54 110 43
54 111 46
54 112 53
54 113 35
54 114 57
54 115 53
54 116 47
54 117 57
54 118 57
54 119 50
54 120 47
54 121 48
54 122 45
54 123 44
54 124 56
54 125 47
54 126 37
54 127 39
54 128 51
54 129 56
54 130 54
54 131 36
54 132 56
54 133 57
54 134 49
54 135 47
54 136 47
54 137 46
54 138 57
54 139 53
54 140 39
54 141 43
54 142 36
54 143 39
54 144 54
54 145 56
54 146 60
54 147 55
54 148 42
54 149 56
54 150 43
54 151 58
54 152 49
54 153 53
54 154 44
54 155 60
54 156 44
54 157 46
54 158 47
54 159 40
54 160 35
54 161 36
54 162 49
54 163 56
54 164 53
54 165 56
54 166 48
54 167 55
54 168 44
54 169 53
54 170 53
54 171 52
54 172 53
54 173 41
54 174 46
54 175 39
54 176 60
54 177 38
54 178 43
54 179 39
54 180 60
54 181 57
54 182 52
54 183 38
54 184 59
54 185 48
54 186 35
54 187 58
54 188 46
54 189 44
54 190 42
54 191 57
54 192 36
54 193 55
54 194 54
54 195 43
54 196 48
54 197 52
54 198 41
54 199 53
54 200 44
54 201 53
54 202 42
54 203 41
54 204 54
54 205 42
54 206 43
54 207 40
54 208 36
54 209 40
54 210 54
55 1 42
55 2 51
55 3 36
55 4 37
55 5 42
55 6 51
55 7 43
55 8 55
55 9 42
55 10 36
55 11 51
55 12 50
55 13 56
55 14 50
55 15 46
55 16 43
55 17 52
55 18 39
55 19 47
55 20 48
55 21 47
55 22 36
55 23 53
55 24 60
55 25 41
55 26 58
55 27 60
55 28 48
55 29 46
55 30 45
55 31 46
55 32 37
55 33 55
55 34 59
55 35 60
55 36 41
55 37 43
55 38 42
55 39 49
55 40 41
55 41 45
55 42 37
55 43 39
55 44 51
55 45 36
55 46 36
55 47 42
55 48 58
55 49 54
55 50 37
55 51 49
55 52 50
55 53 48
55 54 37
55 55 0
55 56 57
55 57 45
55 58 44
55 59 56
55 60 42
55 61 55
55 62 59
55 63 37
55 64 57
55 65 51
55 66 59
55 67 57
55 68 47
55 69 40
55 70 60
55 71 60
55 72 58
55 73 54
55 74 46
55 75 55
55 76 45
55 77 40
55 78 40
55 79 48
55 80 55
55 81 56
55 82 43
55 83 43
55 84 56
55 85 36
55 86 45
55 87 45
55 88 46
55 89 54
55 90 37
55 91 54
55 92 43
55 93 59
55 94 45
55 95 49
55 96 49
55 97 46
55 98 47
55 99 36
55 100 49
55 101 59
55 102 44
55 103 37
55 104 53
55 105 38
55 106 51
55 107 51
55 108 44
55 109 46
55 110 58
55 111 58
55 112 48
55 113 39
55 114 51
55 115 47
55 116 47
55 117 59
55 118 36
55 119 38
55 120 38
55 121 47
55 122 40
55 123 53
55 124 53
55 125 43
55 126 38
55 127 57
55 128 55
55 129 39
55 130 39
55 131 59
55 132 52
55 133 35
55 134 60
55 135 42
55 136 52
55 137 57
55 138 57
55 139 58
55 140 37
55 141 41
55 142 35
55 143 49
55 144 35
55 145 45
55 146 40
55 147 37
55 148 43
55 149 50
55 150 42
55 151 55
55 152 39
55 153 42
55 154 58
55 155 36
55 156 51
55 157 41
55 158 41
55 159 57
55 160 45
55 161 57
55 162 56
55 163 45
55 164 35
55 165 48
55 166 55
55 167 57
55 168 35
55 169 58
55 170 48
55 171 43
55 172 38
55 173 41
55 174 42
55 175 53
55 176 49
55 177 38
55 178 55
55 179 50
55 180 36
55 181 59
55 182 57
55 183 50
55 184 41
55 185 43
55 186 51
55 187 53
55 188 44
55 189 39
55 190 43
55 191 60
55 192 46
55 193 56
55 194 42
55 195 51
55 196 47
55 197 53
55 198 40
55 199 43
55 200 45
55 201 40
55 202 45
55 203 53
55 204 54
55 205 60
55 206 50
55 207 54
55 208 59
55 209 41
55 210 60
56 1 35
56 2 53
56 3 50
56 4 44
56 5 57
56 6 44
56 7 46
56 8 60
56 9 41
56 10 49
56 11 60
56 12 52
56 13 52
56 14 42
56 15 53
56 16 49
56 17 52
56 18 59
56 19 60
56 20 37
56 21 52
56 22 44
56 23 56
56 24 44
56 25 42
56 26 36
56 27 44
56 28 57
56 29 49
56 30 39
56 31 41
56 32 56
56 33 49
56 34 41
56 35 38
56 36 37
56 37 37
56 38 49
56 39 47
56 40 60
56 41 58
56 42 54
56 43 36
56 44 38
56 45 38
56 46 36
56 47 56
56 48 54
56 49 40
56 50 51
56 51 47
56 52 56
56 53 43
56 54 36
56 55 42
56 56 0
56 57 54
56 58 59
56 59 58
56 60 52
56 61 49
56 62 41
56 63 44
56 64 35
56 65 57
56 66 47
56 67 51
56 68 46
56 69 42
56 70 36
56 71 60
56 72 54
56 73 51
56 74 56
56 75 55
56 76 37
56 77 35
56 78 53
56 79 40
56 80 53
56 81 50
56 82 60
56 83 35
56 84 44
56 85 55
56 86 58
56 87 53
56 88 51
56 89 59
56 90 55
56 91 38
56 92 41
56 93 51
56 94 38
56 95 51
56 96 57
56 97 41
56 98 54
56 99 44
56 100 40
56 101 47
56 102 60
56 103 58
56 104 54
56 105 35
56 106 36
56 107 43
56 108 44
56 109 54
56 110 35
56 111 48
56 112 35
56 113 51
56 114 60
56 115 59
56 116 57
56 117 56
56 118 55
56 119 44
56 120 50
56 121 49
56 122 39
56 123 58
56 124 55
56 125 59
56 126 42
56 127 46
56 128 53
56 129 43
56 130 36
56 131 51
56 132 54
56 133 36
56 134 52
56 135 38
56 136 39
56 137 42
56 138 52
56 139 46
56 140 59
56 141 39
56 142 41
56 143 51
56 144 40
56 145 38
56 146 56
56 147 56
56 148 58
56 149 38
56 150 53
56 151 45
56 152 60
56 153 41
56 154 54
56 155 42
56 156 41
56 157 43
56 158 49
56 159 38
56 160 58
56 161 54
56 162 60
56 163 47
56 164 46
56 165 51
56 166 44
56 167 41
56 168 54
56 169 57
56 170 37
56 171 44
56 172 36
56 173 49
56 174 39
56 175 51
56 176 54
56 177 46
56 178 38
56 179 36
56 180 45
56 181 39
56 182 54
56 183 36
56 184 47
56 185 56
56 186 37
56 187 59
56 188 56
56 189 40
56 190 55
56 191 35
56 192 55
56 193 58
56 194 35
56 195 46
56 196 38
56 197 43
56 198 47
56 199 44
56 200 36
56 201 58
56 202 42
56 203 54
56 204 47
56 205 49
56 206 58
56 207 41
56 208 41
56 209 53
56 210 42
57 1 55
57 2 60
57 3 38
57 4 35
57 5 47
57 6 60
57 7 56
57 8 46
57 9 48
57 10 36
57 11 59
57 12 46
57 13 43
57 14 57
57 15 37
57 16 60
57 17 54
57 18 57
57 19 47
57 20 35
57 21 37
57 22 49
57 23 35
57 24 55
57 25 56
57 26 59
57 27 42
57 28 48
57 29 51
57 30 39
57 31 60
57 32 59
57 33 56
57 34 40
57 35 58
57 36 58
57 37 49
57 38 52
57 39 60
57 40 51
57 41 35
57 42 46
57 43 37
57 44 56
57 45 42
57 46 41
57 47 57
57 48 40
57 49 35
57 50 39
57 51 47
57 52 47
57 53 53
57 54 46
57 55 42
57 56 43
57 57 0
57 58 53
57 59 44
57 60 53
57 61 54
57 62 44
57 63 55
57 64 50
57 65 42
57 66 50
57 67 44
57 68 45
57 69 52
57 70 42
57 71 59
57 72 59
57 73 50
57 74 45
57 75 41
57 76 53
57 77 58
57 78 39
57 79 42
57 80 41
57 81 50
57 82 47
57 83 54
57 84 41
57 85 35
57 86 42
57 87 52
57 88 57
57 89 43
57 90 40
57 91 51
57 92 44
57 93 59
57 94 43
57 95 49
57 96 58
57 97 42
57 98 54
57 99 46
57 100 42
57 101 60
57 102 56
57 103 50
57 104 40
57 105 36
57 106 43
57 107 39
57 108 55
57 109 59
57 110 48
57 111 35
57 112 52
57 113 57
57 114 41
57 115 42
57 116 54
57 117 59
57 118 44
57 119 42
57 120 58
57 121 50
57 122 53
57 123 45
57 124 47
57 125 55
57 126 56
57 127 60
57 128 44
57 129 57
57 130 36
57 131 51
57 132 49
57 133 45
57 134 45
57 135 57
57 136 35
57 137 46
57 138 35
57 139 45
57 140 49
57 141 39
57 142 58
57 143 52
57 144 36
57 145 42
57 146 38
57 147 43
57 148 47
57 149 39
57 150 58
57 151 44
57 152 49
57 153 37
57 154 36
57 155 54
57 156 39
57 157 36
57 158 59
57 159 53
57 160 50
57 161 54
57 162 50
57 163 49
57 164 53
57 165 60
57 166 49
57 167 44
57 168 39
57 169 50
57 170 49
57 171 57
57 172 53
57 173 59
57 174 39
57 175 42
57 176 41
57 177 52
57 178 42
57 179 56
57 180 58
57 181 60
57 182 60
57 183 51
57 184 38
57 185 52
57 186 44
57 187 51
57 188 56
57 189 58
57 190 44
57 191 58
57 192 45
57 193 57
57 194 41
57 195 45
57 196 57
57 197 51
57 198 39
57 199 35
57 200 45
57 201 53
57 202 41
57 203 50
57 204 55
57 205 37
57 206 43
57 207 45
57 208 41
57 209 58
57 210 52
58 1 43
58 2 48
58 3 40
58 4 45
58 5 38
58 6 35
58 7 52
58 8 45
58 9 56
58 10 50
58 11 43
58 12 40
58 13 45
58 14 38
58 15 37
58 16 45
58 17 55
58 18 58
58 19 43
58 20 36
58 21 35
58 22 44
58 23 37
58 24 42
58 25 42
58 26 46
58 27 44
58 28 36
58 29 35
58 30 38
58 31 49
58 32 35
58 33 52
58 34 53
58 35 42
58 36 55
58 37 54
58 38 60
58 39 58
58 40 60
58 41 36
58 42 36
58 43 35
58 44 45
58 45 49
58 46 39
58 47 40
58 48 44
58 49 42
58 50 42
58 51 50
58 52 35
58 53 38
58 54 55
58 55 58
58 56 52
58 57 55
58 58 0
58 59 39
58 60 37
58 61 36
58 62 51
58 63 42
58 64 36
58 65 60
58 66 54
58 67 50
58 68 56
58 69 59
58 70 52
58 71 44
58 72 48
58 73 54
58 74 41
58 75 46
58 76 39
58 77 52
58 78 43
58 79 45
58 80 46
58 81 57
58 82 53
58 83 54
58 84 57
58 85 43
58 86 37
58 87 52
58 88 35
58 89 42
58 90 41
58 91 46
58 92 57
58 93 37
58 94 57
58 95 41
58 96 39
58 97 42
58 98 52
58 99 36
58 100 53
58 101 42
58 102 60
58 103 59
58 104 60
58 105 44
58 106 57
58 107 44
58 108 57
58 109 47
58 110 47
58 111 45
58 112 41
58 113 37
58 114 46
58 115 48
58 116 39
58 117 53
58 118 40
58 119 52
58 120 40
58 121 35
58 122 43
58 123 51
58 124 36
58 125 54
58 126 50
58 127 56
58 128 42
58 129 57
58 130 38
58 131 55
58 132 40
58 133 40
58 134 59
58 135 35
58 136 47
58 137 46
58 138 45
58 139 38
58 140 54
58 141 52
58 142 44
58 143 36
58 144 35
58 145 60
58 146 54
58 147 42
58 148 35
58 149 45
58 150 48
58 151 47
58 152 47
58 153 37
58 154 55
58 155 39
58 156 39
58 157 38
58 158 45
58 159 46
58 160 45
58 161 60
58 162 50
58 163 36
58 164 42
58 165 57
58 166 46
58 167 46
58 168 53
58 169 51
58 170 43
58 171 36
58 172 54
58 173 60
58 174 53
58 175 43
58 176 59
58 177 45
58 178 51
58 179 58
58 180 47
58 181 58
58 182 38
58 183 38
58 184 36
58 185 52
58 186 58
58 187 43
58 188 46
58 189 48
58 190 37
58 191 56
58 192 58
58 193 48
58 194 46
58 195 49
58 196 40
58 197 38
58 198 60
58 199 44
58 200 35
58 201 54
58 202 40
58 203 45
58 204 46
58 205 56
58 206 38
58 207 37
58 208 53
58 209 58
58 210 35
59 1 47
59 2 35
59 3 54
59 4 52
59 5 41
59 6 46
59 7 41
59 8 47
59 9 49
59 10 53
59 11 57
59 12 57
59 13 53
59 14 55
59 15 43
59 16 45
59 17 40
59 18 52
59 19 39
59 20 43
59 21 39
59 22 50
59 23 44
59 24 37
59 25 52
59 26 48
59 27 50
59 28 57
59 29 36
59 30 54
59 31 51
59 32 51
59 33 47
59 34 41
59 35 51
59 36 35
59 37 40
59 38 52
59 39 42
59 40 60
59 41 58
59 42 41
59 43 51
59 44 35
59 45 37
59 46 46
59 47 35
59 48 57
59 49 53
59 50 40
59 51 38
59 52 54
59 53 56
59 54 53
59 55 46
59 56 50
59 57 41
59 58 52
59 59 0
59 60 37
59 61 55
59 62 48
59 63 56
59 64 39
59 65 45
59 66 47
59 67 49
59 68 38
59 69 45
59 70 51
59 71 56
59 72 49
59 73 40
59 74 36
59 75 60
59 76 40
59 77 46
59 78 39
59 79 59
59 80 36
59 81 57
59 82 43
59 83 48
59 84 48
59 85 56
59 86 54
59 87 36
59 88 54
59 89 50
59 90 37
59 91 50
59 92 49
59 93 42
59 94 55
59 95 50
59 96 57
59 97 37
59 98 58
59 99 52
59 100 58
59 101 45
59 102 51
59 103 38
59 104 38
59 105 35
59 106 35
59 107 60
59 108 38
59 109 41
59 110 48
59 111 59
59 112 50
59 113 49
59 114 47
59 115 40
59 116 44
59 117 42
59 118 54
59 119 42
59 120 54
59 121 47
59 122 54
59 123 35
59 124 40
59 125 47
59 126 37
59 127 47
59 128 51
59 129 36
59 130 52
59 131 51
59 132 39
59 133 60
59 134 55
59 135 53
59 136 37
59 137 58
59 138 36
59 139 47
59 140 52
59 141 42
59 142 60
59 143 54
59 144 46
59 145 59
59 146 37
59 147 41
59 148 51
59 149 56
59 150 46
59 151 58
59 152 59
59 153 43
59 154 42
59 155 36
59 156 55
59 157 40
59 158 51
59 159 59
59 160 47
59 161 53
59 162 39
59 163 42
59 164 44
59 165 43
59 166 37
59 167 53
59 168 50
59 169 52
59 170 50
59 171 37
59 172 59
59 173 55
59 174 46
59 175 44
59 176 50
59 177 37
59 178 57
59 179 59
59 180 37
59 181 46
59 182 41
59 183 56
59 184 46
59 185 52
59 186 39
59 187 55
59 188 50
59 189 43
59 190 47
59 191 44
59 192 39
59 193 54
59 194 47
59 195 56
59 196 54
59 197 46
59 198 57
59 199 36
59 200 39
59 201 46
59 202 46
59 203 56
59 204 40
59 205 41
59 206 53
59 207 36
59 208 47
59 209 39
59 210 49
60 1 35
60 2 52
60 3 54
60 4 55
60 5 57
60 6 41
60 7 49
60 8 54
60 9 56
60 10 43
60 11 58
60 12 57
60 13 36
60 14 60
60 15 37
60 16 36
60 17 35
60 18 53
60 19 37
60 20 59
60 21 44
60 22 50
60 23 53
60 24 42
60 25 42
60 26 36
60 27 39
60 28 44
60 29 35
60 30 55
60 31 44
60 32 57
60 33 42
60 34 44
60 35 37
60 36 46
60 37 60
60 38 40
60 39 45
60 40 49
60 41 46
60 42 36
60 43 49
60 44 59
60 45 42
60 46 46
60 47 40
60 48 43
60 49 52
60 50 45
60 51 49
60 52 37
60 53 42
60 54 41
60 55 44
60 56 54
60 57 46
60 58 56
60 59 60
60 60 0
60 61 39
60 62 54
60 63 36
60 64 49
60 65 45
60 66 45
60 67 50
60 68 37
60 69 56
60 70 35
60 71 50
60 72 47
60 73 55
60 74 43
60 75 51
60 76 59
60 77 40
60 78 42
60 79 50
60 80 37
60 81 57
60 82 48
60 83 42
60 84 50
60 85 37
60 86 55
60 87 45
60 88 53
60 89 37
60 90 60
60 91 40
60 92 49
60 93 37
60 94 48
60 95 37
60 96 47
60 97 40
60 98 58
60 99 50
60 100 56
60 101 37
60 102 38
60 103 40
60 104 39
60 105 50
60 106 53
60 107 49
60 108 46
60 109 40
60 110 44
60 111 52
60 112 59
60 113 57
60 114 56
60 115 58
60 116 55
60 117 42
60 118 52
60 119 56
60 120 40
60 121 41
60 122 60
60 123 46
60 124 42
60 125 36
60 126 36
60 127 57
60 128 37
60 129 39
60 130 38
60 131 37
60 132 49
60 133 36
60 134 48
60 135 46
60 136 58
60 137 36
60 138 55
60 139 40
60 140 47
60 141 35
60 142 54
60 143 35
60 144 45
60 145 44
60 146 50
60 147 45
60 148 45
60 149 36
60 150 41
60 151 35
60 152 57
60 153 49
60 154 51
60 155 36
60 156 41
60 157 41
60 158 35
60 159 55
60 160 43
60 161 38
60 162 40
60 163 54
60 164 57
60 165 55
60 166 39
60 167 35
60 168 39
60 169 40
60 170 58
60 171 43
60 172 49
60 173 41
60 174 38
60 175 44
60 176 56
60 177 48
60 178 51
60 179 46
60 180 40
60 181 44
60 182 54
60 183 53
60 184 46
60 185 41
60 186 36
60 187 49
60 188 36
60 189 53
60 190 44
60 191 38
60 192 46
60 193 56
60 194 52
60 195 45
60 196 52
60 197 43
60 198 58
60 199 40
60 200 39
60 201 38
60 202 54
60 203 48
60 204 48
60 205 53
60 206 51
60 207 47
60 208 53
60 209 42
60 210 45
61 1 35
61 2 48
61 3 54
61 4 48
61 5 45
61 6 40
61 7 47
61 8 57
61 9 48
61 10 36
61 11 39
61 12 52
61 13 35
61 14 39
61 15 41
61 16 49
61 17 45
61 18 48
61 19 54
61 20 42
61 21 49
61 22 44
61 23 36
61 24 43
61 25 39
61 26 53
61 27 38
61 28 45
61 29 40
61 30 43
61 31 49
61 32 46
61 33 40
61 34 40
61 35 41
61 36 56
61 37 49
61 38 57
61 39 40
61 40 58
61 41 48
61 42 48
61 43 42
61 44 57
61 45 43
61 46 48
61 47 45
61 48 55
61 49 35
61 50 57
61 51 58
61 52 40
61 53 48
61 54 41
61 55 56
61 56 43
61 57 54
61 58 42
61 59 52
61 60 46
61 61 0
61 62 46
61 63 54
61 64 48
61 65 41
61 66 51
61 67 56
61 68 56
61 69 47
61 70 55
61 71 58
61 72 54
61 73 57
61 74 57
61 75 48
61 76 59
61 77 48
61 78 41
61 79 39
61 80 41
61 81 46
61 82 50
61 83 40
61 84 56
61 85 53
61 86 45
61 87 49
61 88 50
61 89 51
61 90 57
61 91 44
61 92 52
61 93 56
61 94 54
61 95 38
61 96 36
61 97 52
61 98 36
61 99 35
61 100 40
61 101 47
61 102 39
61 103 54
61 104 40
61 105 38
61 106 58
61 107 48
61 108 36
61 109 46
61 110 52
61 111 57
61 112 52
61 113 50
61 114 40
61 115 48
61 116 42
61 117 44
61 118 44
61 119 42
61 120 55
61 121 51
61 122 44
61 123 42
61 124 44
61 125 40
61 126 38
61 127 57
61 128 46
61 129 39
61 130 57
61 131 48
61 132 37
61 133 40
61 134 58
61 135 43
61 136 48
61 137 38
61 138 47
61 139 45
61 140 37
61 141 46
61 142 55
61 143 53
61 144 36
61 145 40
61 146 35
61 147 51
61 148 60
61 149 38
61 150 55
61 151 60
61 152 58
61 153 53
61 154 44
61 155 38
61 156 38
61 157 57
61 158 42
61 159 49
61 160 36
61 161 60
61 162 36
61 163 59
61 164 49
61 165 60
61 166 49
61 167 38
61 168 44
61 169 41
61 170 35
61 171 57
61 172 38
61 173 46
61 174 52
61 175 36
61 176 41
61 177 39
61 178 52
61 179 37
61 180 50
61 181 58
61 182 40
61 183 60
61 184 45
61 185 36
61 186 49
61 187 51
61 188 46
61 189 60
61 190 53
61 191 43
61 192 43
61 193 59
61 194 42
61 195 60
61 196 42
61 197 57
61 198 48
61 199 39
61 200 36
61 201 58
61 202 45
61 203 60
61 204 53
61 205 41
61 206 38
61 207 53
61 208 56
61 209 36
61 210 35
62 1 45
62 2 55
62 3 48
62 4 43
62 5 58
62 6 40
62 7 53
62 8 53
62 9 59
62 10 52
62 11 49
62 12 45
62 13 40
62 14 58
62 15 52
62 16 37
62 17 46
62 18 46
62 19 36
62 20 42
62 21 58
62 22 44
62 23 44
62 24 48
62 25 54
62 26 53
62 27 50
62 28 56
62 29 39
62 30 56
62 31 44
62 32 45
62 33 48
62 34 38
62 35 38
62 36 54
62 37 38
62 38 42
62 39 39
62 40 40
62 41 51
62 42 60
62 43 60
62 44 54
62 45 58
62 46 46
62 47 46
62 48 46
62 49 37
62 50 45
62 51 37
62 52 40
62 53 36
62 54 37
62 55 35
62 56 54
62 57 39
62 58 58
62 59 55
62 60 44
62 61 60
62 62 0
62 63 35
62 64 45
62 65 45
62 66 57
62 67 39
62 68 52
62 69 52
62 70 60
62 71 50
62 72 47
62 73 47
62 74 44
62 75 47
62 76 60
62 77 45
62 78 40
62 79 48
62 80 38
62 81 41
62 82 47
62 83 51
62 84 37
62 85 44
62 86 37
62 87 40
62 88 41
62 89 46
62 90 56
62 91 45
62 92 52
62 93 40
62 94 45
62 95 49
62 96 54
62 97 44
62 98 57
62 99 50
62 100 35
62 101 44
62 102 55
62 103 43
62 104 57
62 105 56
62 106 37
62 107 47
62 108 59
62 109 56
62 110 46
62 111 37
62 112 41
62 113 44
62 114 60
62 115 39
62 116 48
62 117 37
62 118 48
62 119 57
62 120 46
62 121 57
62 122 35
62 123 37
62 124 44
62 125 36
62 126 55
62 127 49
62 128 51
62 129 45
62 130 40
62 131 58
62 132 38
62 133 36
62 134 60
62 135 45
62 136 54
62 137 41
62 138 45
62 139 39
62 140 59
62 141 37
62 142 57
62 143 45
62 144 45
62 145 59
62 146 50
62 147 37
62 148 59
62 149 39
62 150 58
62 151 41
62 152 59
62 153 35
62 154 46
62 155 57
62 156 44
62 157 49
62 158 54
62 159 57
62 160 59
62 161 58
62 162 49
62 163 57
62 164 52
62 165 50
62 166 43
62 167 46
62 168 59
62 169 43
62 170 59
62 171 37
62 172 52
62 173 39
62 174 59
62 175 41
62 176 38
62 177 36
62 178 47
62 179 47
62 180 47
62 181 57
62 182 42
62 183 51
62 184 36
62 185 35
62 186 45
62 187 40
62 188 36
62 189 56
62 190 40
62 191 35
62 192 48
62 193 51
62 194 55
62 195 49
62 196 47
62 197 59
62 198 51
62 199 49
62 200 43
62 201 43
62 202 48
62 203 38
62 204 35
62 205 46
62 206 37
62 207 53
62 208 56
62 209 52
62 210 39
63 1 38
63 2 56
63 3 39
63 4 53
63 5 36
63 6 51
63 7 57
63 8 48
63 9 58
63 10 55
63 11 56
63 12 40
63 13 39
63 14 44
63 15 52
63 16 46
63 17 43
63 18 37
63 19 45
63 20 42
63 21 42
63 22 50
63 23 58
63 24 51
63 25 39
63 26 49
63 27 42
63 28 60
63 29 46
63 30 51
63 31 58
63 32 43
63 33 47
63 34 58
63 35 35
63 36 56
63 37 50
63 38 47
63 39 51
63 40 45
63 41 54
63 42 38
63 43 53
63 44 38
63 45 38
63 46 59
63 47 49
63 48 46
63 49 40
63 50 42
63 51 60
63 52 36
63 53 37
63 54 55
63 55 50
63 56 40
63 57 54
63 58 52
63 59 53
63 60 40
63 61 41
63 62 37
63 63 0
63 64 59
63 65 60
63 66 48
63 67 48
63 68 35
63 69 42
63 70 53
63 71 60
63 72 40
63 73 54
63 74 45
63 75 54
63 76 36
63 77 40
63 78 36
63 79 35
63 80 48
63 81 44
63 82 50
63 83 42
63 84 42
63 85 51
63 86 44
63 87 41
63 88 60
63 89 44
63 90 44
63 91 59
63 92 50
63 93 39
63 94 52
63 95 36
63 96 54
63 97 50
63 98 45
63 99 53
63 100 49
63 101 40
63 102 45
63 103 42
63 104 51
63 105 53
63 106 54
63 107 53
63 108 47
63 109 43
63 110 42
63 111 57
63 112 40
63 113 55
63 114 45
63 115 47
63 116 47
63 117 47
63 118 43
63 119 55
63 120 42
63 121 54
63 122 37
63 123 45
63 124 59
63 125 46
63 126 42
63 127 53
63 128 54
63 129 54
63 130 56
63 131 55
63 132 35
63 133 58
63 134 54
63 135 55
63 136 55
63 137 52
63 138 40
63 139 44
63 140 43
63 141 58
63 142 46
63 143 42
63 144 35
63 145 55
63 146 39
63 147 57
63 148 35
63 149 58
63 150 56
63 151 51
63 152 45
63 153 46
63 154 57
63 155 42
63 156 57
63 157 39
63 158 57
63 159 54
63 160 41
63 161 39
63 162 42
63 163 37
63 164 53
63 165 46
63 166 50
63 167 43
63 168 59
63 169 56
63 170 56
63 171 44
63 172 47
63 173 59
63 174 50
63 175 54
63 176 58
63 177 35
63 178 59
63 179 39
63 180 40
63 181 60
63 182 44
63 183 54
63 184 41
63 185 38
63 186 48
63 187 38
63 188 37
63 189 53
63 190 51
63 191 55
63 192 53
63 193 36
63 194 42
63 195 42
63 196 53
63 197 53
63 198 58
63 199 38
63 200 39
63 201 57
63 202 57
63 203 52
63 204 58
63 205 56
63 206 44
63 207 58
63 208 36
63 209 37
63 210 47
64 1 52
64 2 44
64 3 46
64 4 43
64 5 59
64 6 44
64 7 55
64 8 43
64 9 60
64 10 48
64 11 44
64 12 39
64 13 45
64 14 42
64 15 48
64 16 48
64 17 44
64 18 36
64 19 59
64 20 48
64 21 36
64 22 40
64 23 42
64 24 44
64 25 37
64 26 57
64 27 58
64 28 50
64 29 41
64 30 36
64 31 55
64 32 37
64 33 47
64 34 54
64 35 44
64 36 39
64 37 50
64 38 46
64 39 45
64 40 51
64 41 49
64 42 43
64 43 45
64 44 59
64 45 43
64 46 55
64 47 57
64 48 50
64 49 35
64 50 58
64 51 52
64 52 48
64 53 50
64 54 57
64 55 58
64 56 42
64 57 60
64 58 59
64 59 50
64 60 41
64 61 59
64 62 52
64 63 44
64 64 0
64 65 56
64 66 57
64 67 60
64 68 49
64 69 39
64 70 42
64 71 36
64 72 48
64 73 40
64 74 56
64 75 39
64 76 55
64 77 44
64 78 39
64 79 57
64 80 56
64 81 59
64 82 59
64 83 55
64 84 57
64 85 35
64 86 58
64 87 48
64 88 60
64 89 38
64 90 58
64 91 45
64 92 47
64 93 59
64 94 43
64 95 36
64 96 42
64 97 59
64 98 52
64 99 47
64 100 57
64 101 35
64 102 38
64 103 51
64 104 39
64 105 40
64 106 51
64 107 60
64 108 57
64 109 51
64 110 55
64 111 59
64 112 59
64 113 37
64 114 55
64 115 54
64 116 47
64 117 37
64 118 56
64 119 59
64 120 47
64 121 56
64 122 59
64 123 46
64 124 45
64 125 43
64 126 38
64 127 57
64 128 47
64 129 52
64 130 37
64 131 59
64 132 50
64 133 52
64 134 60
64 135 49
64 136 49
64 137 49
64 138 43
64 139 37
64 140 46
64 141 49
64 142 60
64 143 39
64 144 36
64 145 46
64 146 35
64 147 60
64 148 50
64 149 45
64 150 35
64 151 58
64 152 55
64 153 47
64 154 42
64 155 38
64 156 47
64 157 59
64 158 50
64 159 37
64 160 54
64 161 47
64 162 60
64 163 38
64 164 52
64 165 56
64 166 52
64 167 47
64 168 45
64 169 44
64 170 46
64 171 48
64 172 56
64 173 44
64 174 60
64 175 42
64 176 52
64 177 58
64 178 47
64 179 55
64 180 37
64 181 55
64 182 50
64 183 40
64 184 44
64 185 46
64 186 49
64 187 46
64 188 45
64 189 42
64 190 41
64 191 47
64 192 37
64 193 47
64 194 55
64 195 38
64 196 49
64 197 47
64 198 38
64 199 36
64 200 49
64 201 48
64 202 58
64 203 45
64 204 55
64 205 49
64 206 55
64 207 41
64 208 40
64 209 46
64 210 51
65 1 41
65 2 55
65 3 58
65 4 49
65 5 38
65 6 36
65 7 46
65 8 38
65 9 51
65 10 59
65 11 38
65 12 56
65 13 37
65 14 35
65 15 55
65 16 53
65 17 46
65 18 48
65 19 55
65 20 38
65 21 41
65 22 51
65 23 45
65 24 40
65 25 35
65 26 41
65 27 58
65 28 45
65 29 51
65 30 57
65 31 39
65 32 51
65 33 45
65 34 50
65 35 36
65 36 49
65 37 39
65 38 43
65 39 60
65 40 39
65 41 54
65 42 57
65 43 44
65 44 53
65 45 47
65 46 38
65 47 49
65 48 57
65 49 45
65 50 48
65 51 40
65 52 41
65 53 55
65 54 45
65 55 40
65 56 40
65 57 47
65 58 43
65 59 40
65 60 54
65 61 48
65 62 40
65 63 58
65 64 59
65 65 0
65 66 42
65 67 42
65 68 37
65 69 40
65 70 55
65 71 60
65 72 54
65 73 53
65 74 57
65 75 53
65 76 43
65 77 36
65 78 48
65 79 53
65 80 36
65 81 38
65 82 60
65 83 44
65 84 57
65 85 47
65 86 53
65 87 51
65 88 59
65 89 57
65 90 39
65 91 53
65 92 52
65 93 38
65 94 51
65 95 41
65 96 46
65 97 46
65 98 37
65 99 51
65 100 49
65 101 47
65 102 37
65 103 58
65 104 35
65 105 56
65 106 52
65 107 54
65 108 54
65 109 53
65 110 49
65 111 49
65 112 37
65 113 41
65 114 46
65 115 37
65 116 49
65 117 44
65 118 57
65 119 50
65 120 35
65 121 36
65 122 56
65 123 54
65 124 56
65 125 38
65 126 41
65 127 52
65 128 41
65 129 59
65 130 36
65 131 38
65 132 41
65 133 54
65 134 47
65 135 49
65 136 39
65 137 40
65 138 48
65 139 38
65 140 37
65 141 41
65 142 60
65 143 44
65 144 50
65 145 50
65 146 37
65 147 56
65 148 39
65 149 46
65 150 55
65 151 54
65 152 59
65 153 43
65 154 51
65 155 46
65 156 54
65 157 54
65 158 47
65 159 35
65 160 58
65 161 58
65 162 46
65 163 46
65 164 53
65 165 46
65 166 54
65 167 37
65 168 40
65 169 37
65 170 59
65 171 59
65 172 39
65 173 36
65 174 47
65 175 44
65 176 57
65 177 42
65 178 40
65 179 57
65 180 40
65 181 35
65 182 54
65 183 41
65 184 52
65 185 55
65 186 49
65 187 35
65 188 45
65 189 44
65 190 47
65 191 39
65 192 37
65 193 48
65 194 49
65 195 55
65 196 37
65 197 55
65 198 49
65 199 60
65 200 60
65 201 55
65 202 48
65 203 56
65 204 36
65 205 46
65 206 56
65 207 36
65 208 50
65 209 43
65 210 40
66 1 37
66 2 48
66 3 49
66 4 49
66 5 39
66 6 57
66 7 45
66 8 45
66 9 48
66 10 48
66 11 35
66 12 42
66 13 36
66 14 59
66 15 47
66 16 52
66 17 36
66 18 56
66 19 52
66 20 58
66 21 50
66 22 52
66 23 36
66 24 56
66 25 53
66 26 38
66 27 41
66 28 47
66 29 55
66 30 59
66 31 47
66 32 44
66 33 41
66 34 47
66 35 48
66 36 46
66 37 52
66 38 53
66 39 56
66 40 42
66 41 48
66 42 43
66 43 54
66 44 46
66 45 56
66 46 43
66 47 48
66 48 46
66 49 48
66 50 51
66 51 50
66 52 37
66 53 41
66 54 54
66 55 38
66 56 39
66 57 59
66 58 47
66 59 40
66 60 39
66 61 48
66 62 58
66 63 56
66 64 55
66 65 39
66 66 0
66 67 56
66 68 57
66 69 41
66 70 38
66 71 37
66 72 46
66 73 54
66 74 50
66 75 41
66 76 52
66 77 53
66 78 48
66 79 43
66 80 37
66 81 51
66 82 37
66 83 46
66 84 59
66 85 39
66 86 49
66 87 49
66 88 43
66 89 49
66 90 35
66 91 46
66 92 51
66 93 40
66 94 51
66 95 40
66 96 46
66 97 45
66 98 44
66 99 35
66 100 47
66 101 58
66 102 43
66 103 55
66 104 51
66 105 57
66 106 35
66 107 53
66 108 40
66 109 37
66 110 39
66 111 56
66 112 53
66 113 47
66 114 36
66 115 44
66 116 35
66 117 42
66 118 42
66 119 39
66 120 36
66 121 45
66 122 56
66 123 37
66 124 46
66 125 46
66 126 46
66 127 53
66 128 44
66 129 42
66 130 47
66 131 48
66 132 38
66 133 39
66 134 40
66 135 39
66 136 52
66 137 46
66 138 57
66 139 47
66 140 40
66 141 59
66 142 42
66 143 56
66 144 58
66 145 48
66 146 41
66 147 40
66 148 52
66 149 58
66 150 59
66 151 35
66 152 40
66 153 60
66 154 43
66 155 46
66 156 44
66 157 60
66 158 37
66 159 46
66 160 38
66 161 43
66 162 39
66 163 37
66 164 56
66 165 46
66 166 53
66 167 59
66 168 35
66 169 35
66 170 43
66 171 54
66 172 38
66 173 35
66 174 37
66 175 40
66 176 37
66 177 43
66 178 59
66 179 53
66 180 60
66 181 54
66 182 48
66 183 41
66 184 50
66 185 35
66 186 51
66 187 57
66 188 50
66 189 55
66 190 53
66 191 55
66 192 53
66 193 41
66 194 59
66 195 48
66 196 54
66 197 50
66 198 58
66 199 60
66 200 50
66 201 41
66 202 37
66 203 43
66 204 35
66 205 60
66 206 38
66 207 40
66 208 52
66 209 52
66 210 50
67 1 56
67 2 60
67 3 48
67 4 56
67 5 38
67 6 38
67 7 54
67 8 46
67 9 59
67 10 44
67 11 57
67 12 51
67 13 59
67 14 56
67 15 51
67 16 58
67 17 45
67 18 56
67 19 46
67 20 51
67 21 40
67 22 35
67 23 54
67 24 44
67 25 54
67 26 35
67 27 40
67 28 59
67 29 44
67 30 39
67 31 37
67 32 44
67 33 35
67 34 58
67 35 37
67 36 42
67 37 60
67 38 52
67 39 55
67 40 36
67 41 41
67 42 47
67 43 58
67 44 49
67 45 55
67 46 42
67 47 41
67 48 44
67 49 43
67 50 52
67 51 56
67 52 40
67 53 46
67 54 44
67 55 52
67 56 43
67 57 44
67 58 49
67 59 44
67 60 39
67 61 38
67 62 52
67 63 48
67 64 39
67 65 45
67 66 52
67 67 0
67 68 52
67 69 55
67 70 39
67 71 53
67 72 49
67 73 48
67 74 49
67 75 54
67 76 54
67 77 38
67 78 43
67 79 53
67 80 54
67 81 38
67 82 57
67 83 59
67 84 46
67 85 58
67 86 37
67 87 59
67 88 57
67 89 47
67 90 38
67 91 57
67 92 37
67 93 40
67 94 42
67 95 37
67 96 36
67 97 49
67 98 46
67 99 42
67 100 40
67 101 42
67 102 55
67 103 59
67 104 43
67 105 57
67 106 46
67 107 53
67 108 59
67 109 41
67 110 35
67 111 50
67 112 42
67 113 36
67 114 39
67 115 51
67 116 51
67 117 37
67 118 39
67 119 41
67 120 39
67 121 46
67 122 48
67 123 44
67 124 48
67 125 36
67 126 54
67 127 37
67 128 36
67 129 42
67 130 42
67 131 58
67 132 42
67 133 40
67 134 58
67 135 56
67 136 57
67 137 35
67 138 57
67 139 39
67 140 38
67 141 43
67 142 55
67 143 54
67 144 48
67 145 60
67 146 43
67 147 45
67 148 35
67 149 45
67 150 60
67 151 43
67 152 35
67 153 35
67 154 42
67 155 45
67 156 42
67 157 58
67 158 44
67 159 40
67 160 44
67 161 38
67 162 58
67 163 55
67 164 50
67 165 43
67 166 58
67 167 57
67 168 41
67 169 56
67 170 51
67 171 47
67 172 43
67 173 60
67 174 58
67 175 42
67 176 43
67 177 52
67 178 59
67 179 44
67 180 55
67 181 44
67 182 42
67 183 42
67 184 37
67 185 60
67 186 44
67 187 49
67 188 60
67 189 50
67 190 57
67 191 58
67 192 54
67 193 38
67 194 41
67 195 50
67 196 48
67 197 49
67 198 40
67 199 38
67 200 55
67 201 58
67 202 54
67 203 37
67 204 46
67 205 38
67 206 49
67 207 36
67 208 35
67 209 37
67 210 51
68 1 43
68 2 42
68 3 38
68 4 48
68 5 48
68 6 51
68 7 58
68 8 41
68 9 59
68 10 50
68 11 55
68 12 60
68 13 43
68 14 60
68 15 50
68 16 47
68 17 55
68 18 40
68 19 56
68 20 54
68 21 47
68 22 54
68 23 54
68 24 46
68 25 36
68 26 52
68 27 45
68 28 56
68 29 43
68 30 43
68 31 59
68 32 37
68 33 51
68 34 52
68 35 56
68 36 38
68 37 51
68 38 58
68 39 48
68 40 41
68 41 59
68 42 37
68 43 37
68 44 57
68 45 48
68 46 53
68 47 44
68 48 59
68 49 44
68 50 53
68 51 58
68 52 57
68 53 38
68 54 52
68 55 59
68 56 52
68 57 45
68 58 55
68 59 53
68 60 49
68 61 38
68 62 53
68 63 60
68 64 56
68 65 43
68 66 59
68 67 37
68 68 0
68 69 47
68 70 45
68 71 40
68 72 56
68 73 46
68 74 57
68 75 39
68 76 55
68 77 38
68 78 51
68 79 57
68 80 37
68 81 60
68 82 48
68 83 43
68 84 35
68 85 54
68 86 44
68 87 51
68 88 46
68 89 40
68 90 44
68 91 43
68 92 48
68 93 49
68 94 52
68 95 52
68 96 45
68 97 50
68 98 46
68 99 36
68 100 45
68 101 59
68 102 37
68 103 36
68 104 58
68 105 50
68 106 40
68 107 44
68 108 52
68 109 52
68 110 58
68 111 59
68 112 50
68 113 60
68 114 41
68 115 59
68 116 47
68 117 54
68 118 39
68 119 59
68 120 57
68 121 59
68 122 46
68 123 41
68 124 35
68 125 56
68 126 60
68 127 41
68 128 41
68 129 44
68 130 53
68 131 49
68 132 59
68 133 51
68 134 39
68 135 56
68 136 60
68 137 50
68 138 45
68 139 38
68 140 60
68 141 52
68 142 41
68 143 52
68 144 42
68 145 35
68 146 48
68 147 55
68 148 48
68 149 46
68 150 54
68 151 38
68 152 46
68 153 46
68 154 58
68 155 40
68 156 38
68 157 46
68 158 38
68 159 52
68 160 35
68 161 39
68 162 35
68 163 49
68 164 57
68 165 43
68 166 52
68 167 60
68 168 44
68 169 49
68 170 49
68 171 35
68 172 46
68 173 57
68 174 37
68 175 48
68 176 56
68 177 41
68 178 54
68 179 48
68 180 36
68 181 49
68 182 52
68 183 55
68 184 51
68 185 54
68 186 38
68 187 59
68 188 58
68 189 51
68 190 48
68 191 52
68 192 45
68 193 48
68 194 52
68 195 53
68 196 35
68 197 41
68 198 50
68 199 46
68 200 53
68 201 48
68 202 44
68 203 41
68 204 45
68 205 36
68 206 39
68 207 45
68 208 40
68 209 41
68 210 53
69 1 55
69 2 57
69 3 56
69 4 38
69 5 59
69 6 35
69 7 57
69 8 38
69 9 47
69 10 35
69 11 42
69 12 35
69 13 47
69 14 48
69 15 50
69 16 47
69 17 53
69 18 54
69 19 43
69 20 60
69 21 50
69 22 53
69 23 60
69 24 57
69 25 56
69 26 55
69 27 43
69 28 41
69 29 49
69 30 42
69 31 40
69 32 37
69 33 43
69 34 36
69 35 35
69 36 44
69 37 56
69 38 55
69 39 35
69 40 60
69 41 43
69 42 46
69 43 47
69 44 53
69 45 35
69 46 57
69 47 53
69 48 40
69 49 35
69 50 45
69 51 41
69 52 58
69 53 41
69 54 57
69 55 37
69 56 36
69 57 46
69 58 56
69 59 35
69 60 37
69 61 53
69 62 36
69 63 50
69 64 48
69 65 39
69 66 39
69 67 39
69 68 55
69 69 0
69 70 45
69 71 39
69 72 48
69 73 56
69 74 42
69 75 50
69 76 53
69 77 58
69 78 52
69 79 49
69 80 55
69 81 50
69 82 37
69 83 56
69 84 37
69 85 53
69 86 57
69 87 41
69 88 60
69 89 43
69 90 35
69 91 48
69 92 38
69 93 59
69 94 60
69 95 36
69 96 48
69 97 58
69 98 55
69 99 36
69 100 48
69 101 38
69 102 56
69 103 41
69 104 51
69 105 42
69 106 36
69 107 36
69 108 55
69 109 49
69 110 44
69 111 59
69 112 40
69 113 54
69 114 55
69 115 38
69 116 46
69 117 45
69 118 51
69 119 43
69 120 35
69 121 39
69 122 46
69 123 46
69 124 47
69 125 48
69 126 52
69 127 47
69 128 41
69 129 59
69 130 58
69 131 43
69 132 52
69 133 50
69 134 48
69 135 56
69 136 56
69 137 57
69 138 51
69 139 46
69 140 41
69 141 57
69 142 51
69 143 46
69 144 50
69 145 55
69 146 41
69 147 43
69 148 55
69 149 48
69 150 57
69 151 47
69 152 48
69 153 40
69 154 36
69 155 58
69 156 44
69 157 59
69 158 43
69 159 46
69 160 40
69 161 47
69 162 41
69 163 45
69 164 59
69 165 57
69 166 48
69 167 55
69 168 42
69 169 35
69 170 40
69 171 41
69 172 40
69 173 54
69 174 42
69 175 48
69 176 56
69 177 57
69 178 39
69 179 39
69 180 41
69 181 40
69 182 37
69 183 43
69 184 56
69 185 46
69 186 40
69 187 54
69 188 37
69 189 39
69 190 46
69 191 58
69 192 46
69 193 47
69 194 41
69 195 48
69 196 44
69 197 50
69 198 60
69 199 59
69 200 37
69 201 36
69 202 40
69 203 50
69 204 41
69 205 48
69 206 39
69 207 47
69 208 55
69 209 41
69 210 40
70 1 58
70 2 50
70 3 53
70 4 43
70 5 54
70 6 51
70 7 57
70 8 41
70 9 52
70 10 36
70 11 48
70 12 37
70 13 39
70 14 60
70 15 59
70 16 58
70 17 37
70 18 49
70 19 50
70 20 36
70 21 47
70 22 48
70 23 54
70 24 43
70 25 51
70 26 53
70 27 59
70 28 42
70 29 40
70 30 46
70 31 41
70 32 40
70 33 54
70 34 48
70 35 47
70 36 60
70 37 36
70 38 50
70 39 41
70 40 59
70 41 43
70 42 45
70 43 56
70 44 55
70 45 59
70 46 37
70 47 36
70 48 58
70 49 37
70 50 48
70 51 48
70 52 47
70 53 48
70 54 59
70 55 35
70 56 45
70 57 52
70 58 42
70 59 36
70 60 35
70 61 52
70 62 40
70 63 44
70 64 38
70 65 54
70 66 36
70 67 40
70 68 39
70 69 59
70 70 0
70 71 43
70 72 42
70 73 46
70 74 49
70 75 43
70 76 60
70 77 37
70 78 52
70 79 54
70 80 46
70 81 51
70 82 42
70 83 35
70 84 41
70 85 57
70 86 49
70 87 37
70 88 56
70 89 41
70 90 40
70 91 48
70 92 52
70 93 47
70 94 48
70 95 54
70 96 47
70 97 36
70 98 42
70 99 59
70 100 49
70 101 51
70 102 46
70 103 58
70 104 52
70 105 48
70 106 60
70 107 35
70 108 54
70 109 37
70 110 40
70 111 51
70 112 60
70 113 57
70 114 55
70 115 56
70 116 43
70 117 44
70 118 40
70 119 40
70 120 52
70 121 58
70 122 55
70 123 48
70 124 37
70 125 39
70 126 41
70 127 44
70 128 58
70 129 55
70 130 47
70 131 58
70 132 48
70 133 56
70 134 56
70 135 46
70 136 46
70 137 51
70 138 44
70 139 51
70 140 41
70 141 46
70 142 55
70 143 57
70 144 52
70 145 40
70 146 51
70 147 60
70 148 48
70 149 35
70 150 40
70 151 58
70 152 38
70 153 58
70 154 38
70 155 36
70 156 49
70 157 38
70 158 51
70 159 57
70 160 50
70 161 50
70 162 44
70 163 41
70 164 50
70 165 36
70 166 58
70 167 39
70 168 43
70 169 49
70 170 36
70 171 59
70 172 60
70 173 35
70 174 41
70 175 43
70 176 38
70 177 54
70 178 41
70 179 57
70 180 37
70 181 56
70 182 48
70 183 47
70 184 35
70 185 37
70 186 54
70 187 57
70 188 40
70 189 55
70 190 46
70 191 47
70 192 49
70 193 56
70 194 40
70 195 47
70 196 60
70 197 42
70 198 41
70 199 54
70 200 52
70 201 46
70 202 36
70 203 50
70 204 55
70 205 41
70 206 51
70 207 58
70 208 53
70 209 58
70 210 59
71 1 45
71 2 50
71 3 38
71 4 40
71 5 38
71 6 40
71 7 52
71 8 39
71 9 59
71 10 53
71 11 50
71 12 58
71 13 55
71 14 42
71 15 39
71 16 47
71 17 44
71 18 51
71 19 40
71 20 36
71 21 54
71 22 37
71 23 49
71 24 35
71 25 55
71 26 45
71 27 35
71 28 49
71 29 46
71 30 59
71 31 57
71 32 40
71 33 47
71 34 46
71 35 44
71 36 54
71 37 60
71 38 40
71 39 35
71 40 45
71 41 44
71 42 39
71 43 35
71 44 46
71 45 45
71 46 50
71 47 44
71 48 41
71 49 52
71 50 41
71 51 49
71 52 39
71 53 41
71 54 45
71 55 39
71 56 56
71 57 46
71 58 39
71 59 52
71 60 48
71 61 38
71 62 38
71 63 54
71 64 54
71 65 54
71 66 54
71 67 59
71 68 38
71 69 52
71 70 35
71 71 0
71 72 53
71 73 36
71 74 43
71 75 56
71 76 36
71 77 44
71 78 56
71 79 55
71 80 43
71 81 60
71 82 55
71 83 60
71 84 54
71 85 53
71 86 51
71 87 35
71 88 53
71 89 59
71 90 41
71 91 50
71 92 46
71 93 46
71 94 49
71 95 48
71 96 51
71 97 38
71 98 43
71 99 54
71 100 60
71 101 45
71 102 37
71 103 53
71 104 37
71 105 50
71 106 38
71 107 35
71 108 46
71 109 49
71 110 49
71 111 56
71 112 55
71 113 44
71 114 42
71 115 47
71 116 54
71 117 49
71 118 57
71 119 50
71 120 49
71 121 39
71 122 53
71 123 46
71 124 48
71 125 60
71 126 60
71 127 41
71 128 41
71 129 52
71 130 36
71 131 47
71 132 52
71 133 48
71 134 46
71 135 42
71 136 37
71 137 37
71 138 57
71 139 43
71 140 35
71 141 57
71 142 42
71 143 53
71 144 49
71 145 47
71 146 46
71 147 52
71 148 54
71 149 48
71 150 55
71 151 52
71 152 47
71 153 38
71 154 47
71 155 46
71 156 47
71 157 35
71 158 58
71 159 55
71 160 50
71 161 41
71 162 59
71 163 35
71 164 41
71 165 46
71 166 46
71 167 59
71 168 44
71 169 46
71 170 58
71 171 35
71 172 49
71 173 50
71 174 42
71 175 60
71 176 40
71 177 39
71 178 48
71 179 45
71 180 48
71 181 37
71 182 60
71 183 48
71 184 56
71 185 59
71 186 42
71 187 39
71 188 58
71 189 55
71 190 40
71 191 42
71 192 37
71 193 44
71 194 60
71 195 59
71 196 53
71 197 43
71 198 45
71 199 57
71 200 39
71 201 55
71 202 54
71 203 55
71 204 36
71 205 37
71 206 57
71 207 54
71 208 52
71 209 53
71 210 38
72 1 42
72 2 40
72 3 41
72 4 36
72 5 59
72 6 46
72 7 45
72 8 37
72 9 45
72 10 57
72 11 47
72 12 45
72 13 35
72 14 39
72 15 60
72 16 57
72 17 48
72 18 60
72 19 44
72 20 53
72 21 48
72 22 49
72 23 46
72 24 50
72 25 57
72 26 35
72 27 39
72 28 54
72 29 53
72 30 52
72 31 36
72 32 43
72 33 40
72 34 45
72 35 38
72 36 52
72 37 35
72 38 45
72 39 52
72 40 42
72 41 35
72 42 56
72 43 51
72 44 46
72 45 42
72 46 49
72 47 58
72 48 54
72 49 48
72 50 52
72 51 44
72 52 49
72 53 47
72 54 48
72 55 59
72 56 39
72 57 60
72 58 50
72 59 45
72 60 45
72 61 43
72 62 54
72 63 58
72 64 48
72 65 56
72 66 38
72 67 56
72 68 54
72 69 36
72 70 46
72 71 42
72 72 0
72 73 41
72 74 54
72 75 47
72 76 58
72 77 59
72 78 39
72 79 39
72 80 44
72 81 54
72 82 51
72 83 43
72 84 41
72 85 37
72 86 50
72 87 41
72 88 38
72 89 35
72 90 45
72 91 35
72 92 59
72 93 52
72 94 40
72 95 37
72 96 50
72 97 35
72 98 47
72 99 55
72 100 52
72 101 41
72 102 39
72 103 48
72 104 40
72 105 54
72 106 35
72 107 37
72 108 39
72 109 41
72 110 50
72 111 53
72 112 48
72 113 47
72 114 53
72 115 60
72 116 53
72 117 52
72 118 44
72 119 58
72 120 41
72 121 59
72 122 59
72 123 60
72 124 45
72 125 39
72 126 48
72 127 37
72 128 49
72 129 45
72 130 48
72 131 55
72 132 43
72 133 47
72 134 41
72 135 49
72 136 60
72 137 46
72 138 42
72 139 41
72 140 52
72 141 39
72 142 39
72 143 52
72 144 42
72 145 59
72 146 59
72 147 60
72 148 45
72 149 60
72 150 45
72 151 45
72 152 36
72 153 47
72 154 55
72 155 42
72 156 37
72 157 59
72 158 48
72 159 59
72 160 51
72 161 46
72 162 52
72 163 56
72 164 43
72 165 44
72 166 37
72 167 40
72 168 47
72 169 56
72 170 56
72 171 54
72 172 38
72 173 51
72 174 53
72 175 47
72 176 56
72 177 42
72 178 35
72 179 59
72 180 53
72 181 43
72 182 57
72 183 56
72 184 58
72 185 51
72 186 56
72 187 49
72 188 51
72 189 37
72 190 59
72 191 57
72 192 37
72 193 49
72 194 47
72 195 41
72 196 60
72 197 56
72 198 48
72 199 43
72 200 54
72 201 53
72 202 55
72 203 50
72 204 48
72 205 38
72 206 59
72 207 37
72 208 37
72 209 42
72 210 40
73 1 47
73 2 49
73 3 60
73 4 51
73 5 37
73 6 36
73 7 45
73 8 50
73 9 60
73 10 60
73 11 48
73 12 37
73 13 60
73 14 45
73 15 53
73 16 56
73 17 58
73 18 40
73 19 49
73 20 41
73 21 43
73 22 58
73 23 54
73 24 45
73 25 45
73 26 55
73 27 56
73 28 57
73 29 55
73 30 38
73 31 39
73 32 41
73 33 39
73 34 51
73 35 56
73 36 42
73 37 43
73 38 53
73 39 44
73 40 57
73 41 35
73 42 49
73 43 58
73 44 56
73 45 48
73 46 44
73 47 36
73 48 48
73 49 38
73 50 51
73 51 50
73 52 53
73 53 35
73 54 52
73 55 35
73 56 50
73 57 45
73 58 51
73 59 59
73 60 50
73 61 35
73 62 39
73 63 54
73 64 59
73 65 49
73 66 38
73 67 44
73 68 39
73 69 50
73 70 47
73 71 49
73 72 46
73 73 0
73 74 58
73 75 49
73 76 42
73 77 60
73 78 47
73 79 53
73 80 55
73 81 54
73 82 45
73 83 51
73 84 41
73 85 47
73 86 36
73 87 42
73 88 35
73 89 35
73 90 40
73 91 43
73 92 42
73 93 48
73 94 46
73 95 59
73 96 39
73 97 45
73 98 54
73 99 56
73 100 60
73 101 57
73 102 55
73 103 53
73 104 49
73 105 43
73 106 36
73 107 39
73 108 44
73 109 37
73 110 45
73 111 54
73 112 55
73 113 43
73 114 58
73 115 35
73 116 44
73 117 51
73 118 35
73 119 41
73 120 41
73 121 42
73 122 59
73 123 35
73 124 39
73 125 50
73 126 48
73 127 39
73 128 58
73 129 37
73 130 45
73 131 35
73 132 35
73 133 41
73 134 58
73 135 45
73 136 48
73 137 36
73 138 59
73 139 55
73 140 52
73 141 55
73 142 59
73 143 58
73 144 35
73 145 51
73 146 57
73 147 38
73 148 45
73 149 52
73 150 57
73 151 43
73 152 37
73 153 40
73 154 37
73 155 45
73 156 53
73 157 54
73 158 60
73 159 56
73 160 38
73 161 37
73 162 43
73 163 50
73 164 45
73 165 42
73 166 48
73 167 43
73 168 48
73 169 59
73 170 53
73 171 49
73 172 54
73 173 44
73 174 44
73 175 53
73 176 54
73 177 56
73 178 57
73 179 40
73 180 48
73 181 52
73 182 56
73 183 55
73 184 50
73 185 55
73 186 41
73 187 52
73 188 39
73 189 36
73 190 37
73 191 53
73 192 39
73 193 60
73 194 50
73 195 42
73 196 51
73 197 44
73 198 57
73 199 43
73 200 47
73 201 49
73 202 54
73 203 44
73 204 57
73 205 53
73 206 39
73 207 54
73 208 56
73 209 40
73 210 55
74 1 60
74 2 56
74 3 43
74 4 47
74 5 42
74 6 58
74 7 37
74 8 36
74 9 38
74 10 60
74 11 44
74 12 38
74 13 48
74 14 51
74 15 36
74 16 46
74 17 55
74 18 54
74 19 45
74 20 39
74 21 47
74 22 50
74 23 36
74 24 57
74 25 57
74 26 39
74 27 39
74 28 42
74 29 40
74 30 60
74 31 46
74 32 55
74 33 50
74 34 41
74 35 54
74 36 48
74 37 60
74 38 45
74 39 59
74 40 52
74 41 48
74 42 37
74 43 47
74 44 35
74 45 53
74 46 43
74 47 36
74 48 54
74 49 57
74 50 48
74 51 53
74 52 57
74 53 38
74 54 42
74 55 37
74 56 38
74 57 55
74 58 46
74 59 35
74 60 38
74 61 49
74 62 58
74 63 46
74 64 45
74 65 36
74 66 35
74 67 59
74 68 46
74 69 44
74 70 55
74 71 60
74 72 53
74 73 54
74 74 0
74 75 56
74 76 48
74 77 56
74 78 48
74 79 47
74 80 56
74 81 55
74 82 39
74 83 49
74 84 43
74 85 40
74 86 44
74 87 52
74 88 46
74 89 60
74 90 36
74 91 46
74 92 39
74 93 42
74 94 59
74 95 45
74 96 46
74 97 47
74 98 42
74 99 55
74 100 54
74 101 36
74 102 35
74 103 46
74 104 37
74 105 58
74 106 57
74 107 59
74 108 59
74 109 44
74 110 55
74 111 37
74 112 44
74 113 54
74 114 47
74 115 56
74 116 46
74 117 40
74 118 49
74 119 57
74 120 51
74 121 51
74 122 55
74 123 37
74 124 46
74 125 44
74 126 36
74 127 40
74 128 55
74 129 45
74 130 43
74 131 44
74 132 46
74 133 36
74 134 46
74 135 56
74 136 41
74 137 52
74 138 40
74 139 36
74 140 37
74 141 46
74 142 56
74 143 58
74 144 53
74 145 46
74 146 47
74 147 59
74 148 39
74 149 59
74 150 55
74 151 43
74 152 49
74 153 45
74 154 54
74 155 53
74 156 44
74 157 43
74 158 47
74 159 37
74 160 57
74 161 36
74 162 53
74 163 40
74 164 45
74 165 49
74 166 47
74 167 47
74 168 56
74 169 49
74 170 52
74 171 35
74 172 35
74 173 48
74 174 58
74 175 56
74 176 57
74 177 58
74 178 59
74 179 55
74 180 43
74 181 36
74 182 52
74 183 35
74 184 47
74 185 39
74 186 35
74 187 56
74 188 49
74 189 56
74 190 58
74 191 47
74 192 58
74 193 58
74 194 41
74 195 36
74 196 60
74 197 48
74 198 51
74 199 52
74 200 35
74 201 49
74 202 60
74 203 60
74 204 58
74 205 52
74 206 46
74 207 53
74 208 49
74 209 47
74 210 38
75 1 36
75 2 36
75 3 35
75 4 46
75 5 48
75 6 57
75 7 40
75 8 50
75 9 54
75 10 60
75 11 58
75 12 50
75 13 54
75 14 38
75 15 48
75 16 53
75 17 48
75 18 42
75 19 47
75 20 45
75 21 58
75 22 52
75 23 50
75 24 53
75 25 56
75 26 55
75 27 47
75 28 41
75 29 47
75 30 40
75 31 48
75 32 42
75 33 42
75 34 51
75 35 53
75 36 36
75 37 48
75 38 54
75 39 53
75 40 45
75 41 40
75 42 58
75 43 40
75 44 40
75 45 49
75 46 37
75 47 59
75 48 48
75 49 59
75 50 58
75 51 50
75 52 43
75 53 36
75 54 58
75 55 58
75 56 45
75 57 60
75 58 36
75 59 53
75 60 48
75 61 60
75 62 51
75 63 44
75 64 41
75 65 37
75 66 47
75 67 36
75 68 58
75 69 37
75 70 35
75 71 37
75 72 50
75 73 35
75 74 44
75 75 0
75 76 52
75 77 35
75 78 41
75 79 38
75 80 59
75 81 45
75 82 44
75 83 55
75 84 47
75 85 35
75 86 52
75 87 37
75 88 59
75 89 58
75 90 49
75 91 42
75 92 38
75 93 39
75 94 38
75 95 46
75 96 57
75 97 44
75 98 54
75 99 37
75 100 39
75 101 60
75 102 60
75 103 35
75 104 51
75 105 37
75 106 59
75 107 52
75 108 49
75 109 52
75 110 40
75 111 57
75 112 40
75 113 49
75 114 60
75 115 35
75 116 57
75 117 51
75 118 46
75 119 58
75 120 48
75 121 58
75 122 44
75 123 40
75 124 40
75 125 35
75 126 44
75 127 53
75 128 40
75 129 48
75 130 46
75 131 47
75 132 42
75 133 52
75 134 50
75 135 59
75 136 49
75 137 44
75 138 41
75 139 55
75 140 41
75 141 48
75 142 38
75 143 37
75 144 47
75 145 37
75 146 57
75 147 58
75 148 46
75 149 55
75 150 36
75 151 47
75 152 44
75 153 38
75 154 43
75 155 58
75 156 36
75 157 47
75 158 51
75 159 59
75 160 38
75 161 43
75 162 35
75 163 45
75 164 41
75 165 36
75 166 35
75 167 49
75 168 35
75 169 40
75 170 51
75 171 40
75 172 57
75 173 36
75 174 53
75 175 54
75 176 41
75 177 42
75 178 49
75 179 46
75 180 53
75 181 50
75 182 50
75 183 57
75 184 39
75 185 41
75 186 51
75 187 45
75 188 47
75 189 38
75 190 56
75 191 45
75 192 43
75 193 43
75 194 45
75 195 56
75 196 51
75 197 45
75 198 37
75 199 45
75 200 57
75 201 48
75 202 40
75 203 46
75 204 59
75 205 43
75 206 57
75 207 49
75 208 40
75 209 60
75 210 50
76 1 44
76 2 40
76 3 60
76 4 53
76 5 48
76 6 60
76 7 44
76 8 52
76 9 44
76 10 59
76 11 35
76 12 52
76 13 55
76 14 40
76 15 49
76 16 53
76 17 59
76 18 59
76 19 40
76 20 60
76 21 47
76 22 60
76 23 54
76 24 47
76 25 44
76 26 37
76 27 49
76 28 38
76 29 38
76 30 47
76 31 55
76 32 45
76 33 53
76 34 46
76 35 48
76 36 48
76 37 46
76 38 58
76 39 55
76 40 52
76 41 36
76 42 39
76 43 43
76 44 40
76 45 35
76 46 46
76 47 35
76 48 39
76 49 51
76 50 35
76 51 42
76 52 51
76 53 47
76 54 55
76 55 53
76 56 39
76 57 47
76 58 60
76 59 60
76 60 54
76 61 37
76 62 35
76 63 49
76 64 57
76 65 56
76 66 42
76 67 48
76 68 38
76 69 59
76 70 48
76 71 54
76 72 56
76 73 49
76 74 47
76 75 59
76 76 0
76 77 56
76 78 45
76 79 41
76 80 38
76 81 52
76 82 55
76 83 47
76 84 37
76 85 35
76 86 58
76 87 57
76 88 41
76 89 44
76 90 44
76 91 60
76 92 56
76 93 37
76 94 48
76 95 51
76 96 41
76 97 60
76 98 42
76 99 44
76 100 35
76 101 44
76 102 36
76 103 50
76 104 56
76 105 51
76 106 55
76 107 55
76 108 36
76 109 35
76 110 54
76 111 59
76 112 42
76 113 47
76 114 48
76 115 57
76 116 43
76 117 58
76 118 35
76 119 59
76 120 42
76 121 60
76 122 36
76 123 52
76 124 52
76 125 51
76 126 39
76 127 59
76 128 40
76 129 55
76 130 39
76 131 47
76 132 53
76 133 58
76 134 56
76 135 51
76 136 47
76 137 49
76 138 38
76 139 57
76 140 39
76 141 55
76 142 37
76 143 56
76 144 50
76 145 54
76 146 49
76 147 45
76 148 51
76 149 43
76 150 56
76 151 56
76 152 43
76 153 38
76 154 37
76 155 42
76 156 37
76 157 56
76 158 39
76 159 55
76 160 50
76 161 37
76 162 49
76 163 57
76 164 55
76 165 47
76 166 37
76 167 45
76 168 56
76 169 52
76 170 60
76 171 58
76 172 58
76 173 35
76 174 47
76 175 57
76 176 44
76 177 39
76 178 43
76 179 51
76 180 36
76 181 41
76 182 46
76 183 57
76 184 48
76 185 40
76 186 40
76 187 59
76 188 45
76 189 58
76 190 59
76 191 54
76 192 38
76 193 39
76 194 35
76 195 41
76 196 40
76 197 35
76 198 42
76 199 54
76 200 51
76 201 57
76 202 51
76 203 54
76 204 35
76 205 47
76 206 43
76 207 40
76 208 39
76 209 55
76 210 50
77 1 51
77 2 41
77 3 45
77 4 59
77 5 44
77 6 39
77 7 56
77 8 54
77 9 55
77 10 49
77 11 60
77 12 60
77 13 35
77 14 60
77 15 37
77 16 57
77 17 37
77 18 51
77 19 51
77 20 38
77 21 41
77 22 57
77 23 49
77 24 55
77 25 40
77 26 46
77 27 59
77 28 49
77 29 46
77 30 60
77 31 59
77 32 53
77 33 59
77 34 39
77 35 46
77 36 49
77 37 41
77 38 60
77 39 53
77 40 51
77 41 35
77 42 37
77 43 36
77 44 59
77 45 36
77 46 50
77 47 57
77 48 50
77 49 50
77 50 37
77 51 48
77 52 52
77 53 52
77 54 45
77 55 41
77 56 41
77 57 54
77 58 48
77 59 50
77 60 40
77 61 41
77 62 38
77 63 60
77 64 38
77 65 35
77 66 60
77 67 50
77 68 42
77 69 54
77 70 51
77 71 36
77 72 40
77 73 53
77 74 52
77 75 51
77 76 35
77 77 0
77 78 54
77 79 48
77 80 41
77 81 54
77 82 46
77 83 37
77 84 45
77 85 37
77 86 58
77 87 41
77 88 45
77 89 40
77 90 36
77 91 50
77 92 41
77 93 42
77 94 38
77 95 47
77 96 49
77 97 59
77 98 58
77 99 49
77 100 54
77 101 52
77 102 60
77 103 49
77 104 43
77 105 49
77 106 59
77 107 36
77 108 50
77 109 38
77 110 48
77 111 60
77 112 52
77 113 51
77 114 56
77 115 43
77 116 51
77 117 55
77 118 41
77 119 47
77 120 46
77 121 50
77 122 40
77 123 37
77 124 54
77 125 58
77 126 44
77 127 51
77 128 59
77 129 37
77 130 42
77 131 39
77 132 49
77 133 45
77 134 40
77 135 47
77 136 58
77 137 59
77 138 58
77 139 42
77 140 50
77 141 36
77 142 40
77 143 58
77 144 42
77 145 46
77 146 41
77 147 46
77 148 54
77 149 58
77 150 39
77 151 41
77 152 45
77 153 47
77 154 44
77 155 60
77 156 57
77 157 54
77 158 58
77 159 51
77 160 49
77 161 51
77 162 39
77 163 57
77 164 43
77 165 53
77 166 57
77 167 60
77 168 46
77 169 51
77 170 37
77 171 35
77 172 39
77 173 58
77 174 50
77 175 48
77 176 43
77 177 53
77 178 40
77 179 53
77 180 45
77 181 60
77 182 60
77 183 58
77 184 39
77 185 46
77 186 42
77 187 58
77 188 47
77 189 55
77 190 54
77 191 41
77 192 38
77 193 40
77 194 43
77 195 49
77 196 43
77 197 54
77 198 58
77 199 41
77 200 59
77 201 49
77 202 40
77 203 52
77 204 56
77 205 48
77 206 39
77 207 39
77 208 43
77 209 41
77 210 59
78 1 37
78 2 50
78 3 54
78 4 55
78 5 44
78 6 50
78 7 42
78 8 53
78 9 48
78 10 56
78 11 41
78 12 50
78 13 58
78 14 59
78 15 39
78 16 55
78 17 41
78 18 44
78 19 37
78 20 43
78 21 52
78 22 52
78 23 49
78 24 55
78 25 52
78 26 44
78 27 39
78 28 40
78 29 46
78 30 58
78 31 39
78 32 40
78 33 46
78 34 48
78 35 46
78 36 45
78 37 52
78 38 55
78 39 60
78 40 53
78 41 44
78 42 35
78 43 59
78 44 51
78 45 52
78 46 51
78 47 60
78 48 43
78 49 54
78 50 54
78 51 41
78 52 45
78 53 43
78 54 56
78 55 38
78 56 46
78 57 58
78 58 38
78 59 54
78 60 35
78 61 42
78 62 36
78 63 50
78 64 45
78 65 55
78 66 41
78 67 53
78 68 35
78 69 45
78 70 45
78 71 54
78 72 58
78 73 39
78 74 41
78 75 58
78 76 51
78 77 43
78 78 0
78 79 55
78 80 57
78 81 52
78 82 42
78 83 51
78 84 41
78 85 55
78 86 54
78 87 38
78 88 53
78 89 46
78 90 47
78 91 60
78 92 47
78 93 52
78 94 59
78 95 46
78 96 60
78 97 42
78 98 43
78 99 37
78 100 50
78 101 49
78 102 36
78 103 51
78 104 51
78 105 44
78 106 37
78 107 60
78 108 60
78 109 40
78 110 53
78 111 37
78 112 38
78 113 48
78 114 54
78 115 44
78 116 54
78 117 36
78 118 57
78 119 45
78 120 44
78 121 54
78 122 36
78 123 47
78 124 54
78 125 43
78 126 45
78 127 35
78 128 56
78 129 57
78 130 41
78 131 42
78 132 43
78 133 45
78 134 40
78 135 45
78 136 35
78 137 42
78 138 59
78 139 59
78 140 43
78 141 35
78 142 47
78 143 47
78 144 37
78 145 52
78 146 50
78 147 44
78 148 40
78 149 42
78 150 55
78 151 38
78 152 35
78 153 44
78 154 55
78 155 44
78 156 49
78 157 54
78 158 47
78 159 57
78 160 47
78 161 59
78 162 44
78 163 48
78 164 42
78 165 37
78 166 48
78 167 47
78 168 54
78 169 37
78 170 52
78 171 45
78 172 37
78 173 55
78 174 52
78 175 56
78 176 56
78 177 44
78 178 38
78 179 39
78 180 41
78 181 50
78 182 48
78 183 53
78 184 41
78 185 37
78 186 38
78 187 44
78 188 39
78 189 57
78 190 60
78 191 54
78 192 47
78 193 54
78 194 53
78 195 56
78 196 36
78 197 40
78 198 52
78 199 47
78 200 56
78 201 51
78 202 49
78 203 41
78 204 39
78 205 57
78 206 42
78 207 40
78 208 57
78 209 58
78 210 47
79 1 54
79 2 53
79 3 36
79 4 45
79 5 57
79 6 52
79 7 55
79 8 52
79 9 49
79 10 57
79 11 42
79 12 52
79 13 43
79 14 47
79 15 44
79 16 45
79 17 58
79 18 57
79 19 36
79 20 45
79 21 38
79 22 58
79 23 50
79 24 35
79 25 58
79 26 49
79 27 40
79 28 39
79 29 58
79 30 57
79 31 51
79 32 45
79 33 50
79 34 46
79 35 57
79 36 54
79 37 55
79 38 46
79 39 51
79 40 57
79 41 48
79 42 37
79 43 43
79 44 36
79 45 55
79 46 36
79 47 43
79 48 49
79 49 41
79 50 42
79 51 57
79 52 35
79 53 41
79 54 53
79 55 48
79 56 52
79 57 44
79 58 54
79 59 58
79 60 47
79 61 53
79 62 43
79 63 46
79 64 35
79 65 53
79 66 43
79 67 46
79 68 46
79 69 57
79 70 53
79 71 38
79 72 38
79 73 52
79 74 35
79 75 53
79 76 56
79 77 52
79 78 50
79 79 0
79 80 58
79 81 46
79 82 38
79 83 46
79 84 41
79 85 38
79 86 54
79 87 39
79 88 45
79 89 51
79 90 50
79 91 52
79 92 52
79 93 59
79 94 41
79 95 59
79 96 41
79 97 60
79 98 35
79 99 51
79 100 56
79 101 41
79 102 57
79 103 53
79 104 57
79 105 57
79 106 37
79 107 43
79 108 37
79 109 58
79 110 53
79 111 40
79 112 59
79 113 56
79 114 49
79 115 41
79 116 48
79 117 49
79 118 44
79 119 56
79 120 35
79 121 41
79 122 45
79 123 35
79 124 60
79 125 47
79 126 60
79 127 36
79 128 37
79 129 46
79 130 58
79 131 52
79 132 55
79 133 54
79 134 47
79 135 50
79 136 55
79 137 53
79 138 60
79 139 47
79 140 56
79 141 53
79 142 57
79 143 48
79 144 40
79 145 46
79 146 40
79 147 56
79 148 37
79 149 53
79 150 43
79 151 45
79 152 60
79 153 39
79 154 43
79 155 45
79 156 49
79 157 47
79 158 53
79 159 57
79 160 51
79 161 44
79 162 40
79 163 60
79 164 44
79 165 38
79 166 44
79 167 60
79 168 58
79 169 37
79 170 48
79 171 48
79 172 42
79 173 58
79 174 50
79 175 57
79 176 50
79 177 53
79 178 49
79 179 52
79 180 50
79 181 56
79 182 44
79 183 37
79 184 57
79 185 58
79 186 43
79 187 37
79 188 45
79 189 49
79 190 43
79 191 42
79 192 51
79 193 41
79 194 52
79 195 36
79 196 42
79 197 60
79 198 47
79 199 56
79 200 45
79 201 54
79 202 47
79 203 35
79 204 50
79 205 53
79 206 48
79 207 35
79 208 43
79 209 38
79 210 46
80 1 55
80 2 35
80 3 60
80 4 51
80 5 53
80 6 57
80 7 37
80 8 46
80 9 46
80 10 46
80 11 46
80 12 40
80 13 39
80 14 50
80 15 41
80 16 44
80 17 54
80 18 59
80 19 44
80 20 51
80 21 58
80 22 45
80 23 59
80 24 60
80 25 58
80 26 46
80 27 37
80 28 56
80 29 45
80 30 57
80 31 42
80 32 47
80 33 56
80 34 54
80 35 47
80 36 57
80 37 56
80 38 48
80 39 51
80 40 36
80 41 48
80 42 59
80 43 42
80 44 60
80 45 50
80 46 58
80 47 42
80 48 36
80 49 52
80 50 57
80 51 45
80 52 36
80 53 39
80 54 55
80 55 37
80 56 35
80 57 59
80 58 59
80 59 42
80 60 53
80 61 46
80 62 41
80 63 39
80 64 35
80 65 49
80 66 53
80 67 57
80 68 50
80 69 44
80 70 38
80 71 50
80 72 48
80 73 49
80 74 47
80 75 41
80 76 51
80 77 58
80 78 50
80 79 55
80 80 0
80 81 57
80 82 43
80 83 59
80 84 40
80 85 55
80 86 50
80 87 44
80 88 60
80 89 57
80 90 35
80 91 50
80 92 56
80 93 38
80 94 43
80 95 55
80 96 56
80 97 35
80 98 53
80 99 47
80 100 45
80 101 51
80 102 35
80 103 54
80 104 36
80 105 54
80 106 40
80 107 50
80 108 41
80 109 50
80 110 36
80 111 39
80 112 51
80 113 56
80 114 51
80 115 59
80 116 50
80 117 35
80 118 39
80 119 46
80 120 55
80 121 50
80 122 37
80 123 53
80 124 41
80 125 39
80 126 47
80 127 35
80 128 50
80 129 43
80 130 38
80 131 60
80 132 41
80 133 50
80 134 58
80 135 37
80 136 45
80 137 37
80 138 42
80 139 36
80 140 55
80 141 39
80 142 54
80 143 54
80 144 39
80 145 43
80 146 50
80 147 53
80 148 37
80 149 57
80 150 41
80 151 53
80 152 56
80 153 41
80 154 40
80 155 44
80 156 53
80 157 55
80 158 57
80 159 45
80 160 52
80 161 35
80 162 59
80 163 54
80 164 60
80 165 46
80 166 52
80 167 56
80 168 36
80 169 52
80 170 51
80 171 57
80 172 48
80 173 36
80 174 53
80 175 57
80 176 42
80 177 56
80 178 59
80 179 44
80 180 51
80 181 39
80 182 49
80 183 39
80 184 38
80 185 49
80 186 59
80 187 36
80 188 43
80 189 43
80 190 59
80 191 52
80 192 36
80 193 50
80 194 40
80 195 40
80 196 38
80 197 49
80 198 36
80 199 53
80 200 43
80 201 52
80 202 60
80 203 43
80 204 39
80 205 60
80 206 35
80 207 36
80 208 50
80 209 54
80 210 49
81 1 37
81 2 57
81 3 52
81 4 48
81 5 55
81 6 37
81 7 53
81 8 47
81 9 39
81 10 51
81 11 39
81 12 36
81 13 43
81 14 54
81 15 38
81 16 50
81 17 51
81 18 56
81 19 45
81 20 60
81 21 44
81 22 52
81 23 51
81 24 36
81 25 56
81 26 35
81 27 55
81 28 53
81 29 52
81 30 60
81 31 49
81 32 37
81 33 41
81 34 39
81 35 35
81 36 51
81 37 59
81 38 35
81 39 43
81 40 47
81 41 43
81 42 44
81 43 55
81 44 45
81 45 50
81 46 39
81 47 53
81 48 57
81 49 40
81 50 52
81 51 54
81 52 41
81 53 57
81 54 46
81 55 44
81 56 54
81 57 56
81 58 58
81 59 43
81 60 37
81 61 44
81 62 48
81 63 45
81 64 59
81 65 59
81 66 46
81 67 48
81 68 56
81 69 38
81 70 36
81 71 52
81 72 46
81 73 50
81 74 51
81 75 36
81 76 50
81 77 36
81 78 43
81 79 40
81 80 37
81 81 0
81 82 42
81 83 59
81 84 49
81 85 50
81 86 55
81 87 57
81 88 58
81 89 38
81 90 37
81 91 41
81 92 47
81 93 35
81 94 55
81 95 53
81 96 44
81 97 56
81 98 44
81 99 53
81 100 44
81 101 48
81 102 47
81 103 40
81 104 40
81 105 39
81 106 41
81 107 55
81 108 46
81 109 51
81 110 48
81 111 54
81 112 35
81 113 46
81 114 57
81 115 40
81 116 51
81 117 54
81 118 58
81 119 55
81 120 53
81 121 45
81 122 52
81 123 37
81 124 41
81 125 44
81 126 37
81 127 59
81 128 57
81 129 40
81 130 50
81 131 49
81 132 52
81 133 49
81 134 49
81 135 60
81 136 43
81 137 48
81 138 39
81 139 41
81 140 59
81 141 56
81 142 49
81 143 42
81 144 45
81 145 54
81 146 55
81 147 60
81 148 49
81 149 57
81 150 56
81 151 49
81 152 36
81 153 37
81 154 42
81 155 51
81 156 38
81 157 60
81 158 44
81 159 36
81 160 56
81 161 57
81 162 39
81 163 50
81 164 36
81 165 56
81 166 38
81 167 47
81 168 51
81 169 56
81 170 36
81 171 51
81 172 43
81 173 46
81 174 35
81 175 37
81 176 37
81 177 47
81 178 56
81 179 56
81 180 41
81 181 42
81 182 52
81 183 59
81 184 39
81 185 36
81 186 36
81 187 44
81 188 53
81 189 54
81 190 59
81 191 37
81 192 44
81 193 36
81 194 40
81 195 54
81 196 53
81 197 60
81 198 37
81 199 54
81 200 58
81 201 57
81 202 58
81 203 52
81 204 36
81 205 51
81 206 44
81 207 60
81 208 60
81 209 40
81 210 53
82 1 39
82 2 60
82 3 47
82 4 47
82 5 41
82 6 48
82 7 52
82 8 35
82 9 41
82 10 58
82 11 43
82 12 59
82 13 54
82 14 48
82 15 46
82 16 40
82 17 56
82 18 47
82 19 51
82 20 43
82 21 35
82 22 51
82 23 43
82 24 55
82 25 49
82 26 51
82 27 53
82 28 57
82 29 35
82 30 50
82 31 38
82 32 41
82 33 53
82 34 50
82 35 41
82 36 47
82 37 52
82 38 50
82 39 37
82 40 39
82 41 60
82 42 36
82 43 35
82 44 41
82 45 45
82 46 44
82 47 54
82 48 45
82 49 60
82 50 53
82 51 51
82 52 50
82 53 53
82 54 39
82 55 36
82 56 47
82 57 49
82 58 55
82 59 44
82 60 45
82 61 41
82 62 35
82 63 39
82 64 35
82 65 35
82 66 41
82 67 42
82 68 43
82 69 59
82 70 39
82 71 57
82 72 59
82 73 60
82 74 52
82 75 38
82 76 47
82 77 36
82 78 46
82 79 56
82 80 40
82 81 48
82 82 0
82 83 49
82 84 51
82 85 49
82 86 42
82 87 36
82 88 39
82 89 56
82 90 37
82 91 44
82 92 48
82 93 56
82 94 55
82 95 60
82 96 52
82 97 53
82 98 58
82 99 59
82 100 53
82 101 58
82 102 35
82 103 42
82 104 39
82 105 45
82 106 42
82 107 45
82 108 49
82 109 53
82 110 49
82 111 53
82 112 53
82 113 39
82 114 52
82 115 57
82 116 35
82 117 59
82 118 49
82 119 41
82 120 36
82 121 58
82 122 39
82 123 39
82 124 35
82 125 38
82 126 50
82 127 60
82 128 49
82 129 38
82 130 36
82 131 49
82 132 60
82 133 60
82 134 44
82 135 36
82 136 44
82 137 55
82 138 43
82 139 46
82 140 57
82 141 37
82 142 48
82 143 44
82 144 53
82 145 37
82 146 38
82 147 55
82 148 45
82 149 46
82 150 55
82 151 38
82 152 49
82 153 53
82 154 49
82 155 37
82 156 46
82 157 37
82 158 45
82 159 37
82 160 56
82 161 56
82 162 42
82 163 59
82 164 57
82 165 58
82 166 38
82 167 38
82 168 58
82 169 40
82 170 55
82 171 56
82 172 36
82 173 46
82 174 49
82 175 39
82 176 53
82 177 55
82 178 37
82 179 55
82 180 57
82 181 55
82 182 37
82 183 58
82 184 52
82 185 58
82 186 53
82 187 57
82 188 57
82 189 45
82 190 45
82 191 35
82 192 37
82 193 58
82 194 37
82 195 44
82 196 38
82 197 59
82 198 49
82 199 39
82 200 48
82 201 37
82 202 52
82 203 49
82 204 54
82 205 37
82 206 58
82 207 53
82 208 46
82 209 59
82 210 46
83 1 43
83 2 58
83 3 53
83 4 46
83 5 35
83 6 40
83 7 48
83 8 40
83 9 60
83 10 49
83 11 35
83 12 36
83 13 41
83 14 35
83 15 56
83 16 55
83 17 57
83 18 49
83 19 55
83 20 46
83 21 46
83 22 46
83 23 58
83 24 52
83 25 37
83 26 51
83 27 45
83 28 35
83 29 43
83 30 47
83 31 47
83 32 60
83 33 35
83 34 55
83 35 38
83 36 35
83 37 47
83 38 50
83 39 40
83 40 40
83 41 52
83 42 57
83 43 60
83 44 44
83 45 60
83 46 53
83 47 46
83 48 50
83 49 52
83 50 46
83 51 46
83 52 41
83 53 58
83 54 59
83 55 48
83 56 53
83 57 54
83 58 35
83 59 43
83 60 55
83 61 57
83 62 57
83 63 52
83 64 45
83 65 40
83 66 51
83 67 38
83 68 56
83 69 42
83 70 46
83 71 41
83 72 41
83 73 47
83 74 52
83 75 60
83 76 60
83 77 50
83 78 60
83 79 37
83 80 56
83 81 48
83 82 42
83 83 0
83 84 35
83 85 37
83 86 42
83 87 56
83 88 49
83 89 51
83 90 57
83 91 41
83 92 45
83 93 56
83 94 55
83 95 47
83 96 54
83 97 37
83 98 55
83 99 54
83 100 57
83 101 45
83 102 45
83 103 47
83 104 42
83 105 38
83 106 59
83 107 50
83 108 56
83 109 38
83 110 43
83 111 47
83 112 46
83 113 54
83 114 53
83 115 56
83 116 36
83 117 46
83 118 56
83 119 46
83 120 40
83 121 47
83 122 51
83 123 49
83 124 37
83 125 45
83 126 40
83 127 38
83 128 52
83 129 37
83 130 56
83 131 47
83 132 49
83 133 56
83 134 53
83 135 36
83 136 47
83 137 59
83 138 40
83 139 35
83 140 55
83 141 41
83 142 46
83 143 43
83 144 54
83 145 38
83 146 44
83 147 54
83 148 56
83 149 51
83 150 46
83 151 47
83 152 49
83 153 44
83 154 42
83 155 35
83 156 59
83 157 42
83 158 55
83 159 49
83 160 53
83 161 43
83 162 49
83 163 58
83 164 60
83 165 51
83 166 60
83 167 47
83 168 49
83 169 56
83 170 42
83 171 58
83 172 58
83 173 35
83 174 45
83 175 56
83 176 51
83 177 37
83 178 58
83 179 42
83 180 47
83 181 45
83 182 60
83 183 43
83 184 59
83 185 56
83 186 45
83 187 60
83 188 59
83 189 37
83 190 57
83 191 46
83 192 36
83 193 47
83 194 42
83 195 48
83 196 54
83 197 60
83 198 35
83 199 45
83 200 60
83 201 36
83 202 44
83 203 39
83 204 56
83 205 43
83 206 36
83 207 48
83 208 37
83 209 39
83 210 45
84 1 53
84 2 36
84 3 43
84 4 58
84 5 50
84 6 57
84 7 52
84 8 36
84 9 42
84 10 39
84 11 44
84 12 46
84 13 46
84 14 53
84 15 57
84 16 57
84 17 59
84 18 59
84 19 42
84 20 53
84 21 41
84 22 50
84 23 56
84 24 55
84 25 56
84 26 43
84 27 51
84 28 47
84 29 41
84 30 57
84 31 55
84 32 42
84 33 49
84 34 39
84 35 57
84 36 55
84 37 57
84 38 46
84 39 51
84 40 50
84 41 45
84 42 59
84 43 37
84 44 45
84 45 50
84 46 55
84 47 35
84 48 55
84 49 37
84 50 50
84 51 58
84 52 43
84 53 44
84 54 40
84 55 43
84 56 36
84 57 43
84 58 52
84 59 46
84 60 46
84 61 55
84 62 53
84 63 46
84 64 58
84 65 36
84 66 46
84 67 47
84 68 54
84 69 60
84 70 39
84 71 60
84 72 39
84 73 59
84 74 35
84 75 53
84 76 39
84 77 44
84 78 39
84 79 37
84 80 44
84 81 37
84 82 59
84 83 47
84 84 0
84 85 60
84 86 54
84 87 55
84 88 55
84 89 60
84 90 38
84 91 50
84 92 52
84 93 37
84 94 49
84 95 35
84 96 42
84 97 56
84 98 42
84 99 40
84 100 55
84 101 36
84 102 38
84 103 59
84 104 56
84 105 56
84 106 57
84 107 43
84 108 45
84 109 56
84 110 39
84 111 54
84 112 38
84 113 45
84 114 54
84 115 54
84 116 44
84 117 46
84 118 35
84 119 41
84 120 53
84 121 46
84 122 50
84 123 51
84 124 35
84 125 36
84 126 48
84 127 45
84 128 38
84 129 58
84 130 53
84 131 41
84 132 38
84 133 56
84 134 52
84 135 48
84 136 57
84 137 56
84 138 39
84 139 59
84 140 60
84 141 53
84 142 35
84 143 49
84 144 48
84 145 46
84 146 46
84 147 52
84 148 59
84 149 37
84 150 55
84 151 54
84 152 39
84 153 36
84 154 35
84 155 44
84 156 43
84 157 53
84 158 59
84 159 57
84 160 36
84 161 51
84 162 39
84 163 40
84 164 48
84 165 49
84 166 55
84 167 58
84 168 56
84 169 50
84 170 44
84 171 41
84 172 48
84 173 55
84 174 47
84 175 35
84 176 55
84 177 57
84 178 43
84 179 37
84 180 38
84 181 35
84 182 49
84 183 40
84 184 59
84 185 56
84 186 60
84 187 36
84 188 45
84 189 35
84 190 48
84 191 46
84 192 49
84 193 42
84 194 56
84 195 44
84 196 49
84 197 57
84 198 45
84 199 49
84 200 36
84 201 41
84 202 59
84 203 52
84 204 36
84 205 50
84 206 51
84 207 39
84 208 40
84 209 54
84 210 49
85 1 54
85 2 38
85 3 47
85 4 50
85 5 47
85 6 56
85 7 40
85 8 40
85 9 58
85 10 44
85 11 50
85 12 39
85 13 50
85 14 50
85 15 46
85 16 36
85 17 50
85 18 54
85 19 53
85 20 35
85 21 56
85 22 38
85 23 57
85 24 60
85 25 39
85 26 49
85 27 54
85 28 52
85 29 55
85 30 43
85 31 54
85 32 37
85 33 47
85 34 42
85 35 36
85 36 47
85 37 35
85 38 41
85 39 42
85 40 50
85 41 47
85 42 36
85 43 54
85 44 60
85 45 59
85 46 45
85 47 39
85 48 56
85 49 44
85 50 48
85 51 51
85 52 57
85 53 60
85 54 36
85 55 43
85 56 54
85 57 41
85 58 55
85 59 56
85 60 44
85 61 36
85 62 51
85 63 56
85 64 50
85 65 39
85 66 38
85 67 48
85 68 49
85 69 60
85 70 36
85 71 53
85 72 37
85 73 35
85 74 56
85 75 35
85 76 42
85 77 43
85 78 51
85 79 46
85 80 40
85 81 53
85 82 43
85 83 58
85 84 53
85 85 0
85 86 36
85 87 59
85 88 51
85 89 53
85 90 53
85 91 45
85 92 43
85 93 49
85 94 36
85 95 49
85 96 40
85 97 38
85 98 35
85 99 39
85 100 47
85 101 36
85 102 42
85 103 58
85 104 52
85 105 42
85 106 38
85 107 51
85 108 49
85 109 57
85 110 59
85 111 38
85 112 39
85 113 50
85 114 37
85 115 36
85 116 44
85 117 38
85 118 41
85 119 40
85 120 54
85 121 44
85 122 54
85 123 41
85 124 43
85 125 38
85 126 54
85 127 39
85 128 38
85 129 37
85 130 56
85 131 56
85 132 40
85 133 52
85 134 47
85 135 44
85 136 44
85 137 53
85 138 60
85 139 38
85 140 48
85 141 35
85 142 48
85 143 54
85 144 51
85 145 45
85 146 60
85 147 35
85 148 35
85 149 50
85 150 49
85 151 39
85 152 45
85 153 60
85 154 42
85 155 35
85 156 52
85 157 35
85 158 38
85 159 55
85 160 47
85 161 55
85 162 43
85 163 58
85 164 35
85 165 42
85 166 42
85 167 38
85 168 53
85 169 53
85 170 58
85 171 44
85 172 54
85 173 50
85 174 48
85 175 44
85 176 57
85 177 46
85 178 52
85 179 59
85 180 36
85 181 60
85 182 58
85 183 44
85 184 59
85 185 48
85 186 50
85 187 42
85 188 43
85 189 35
85 190 54
85 191 38
85 192 45
85 193 51
85 194 35
85 195 59
85 196 60
85 197 41
85 198 45
85 199 45
85 200 51
85 201 58
85 202 48
85 203 45
85 204 49
85 205 43
85 206 45
85 207 45
85 208 47
85 209 51
85 210 54
86 1 46
86 2 38
86 3 58
86 4 43
86 5 40
86 6 58
86 7 35
86 8 60
86 9 39
86 10 59
86 11 44
86 12 46
86 13 58
86 14 46
86 15 40
86 16 56
86 17 46
86 18 48
86 19 40
86 20 36
86 21 44
86 22 51
86 23 45
86 24 48
86 25 46
86 26 46
86 27 52
86 28 53
86 29 52
86 30 41
86 31 53
86 32 55
86 33 39
86 34 55
86 35 52
86 36 55
86 37 56
86 38 46
86 39 37
86 40 51
86 41 48
86 42 42
86 43 59
86 44 52
86 45 53
86 46 38
86 47 37
86 48 60
86 49 35
86 50 38
86 51 40
86 52 60
86 53 59
86 54 45
86 55 53
86 56 42
86 57 45
86 58 57
86 59 37
86 60 49
86 61 49
86 62 48
86 63 52
86 64 50
86 65 57
86 66 38
86 67 35
86 68 48
86 69 40
86 70 39
86 71 60
86 72 60
86 73 49
86 74 52
86 75 38
86 76 56
86 77 51
86 78 54
86 79 57
86 80 52
86 81 39
86 82 46
86 83 44
86 84 44
86 85 54
86 86 0
86 87 48
86 88 54
86 89 45
86 90 35
86 91 38
86 92 36
86 93 49
86 94 43
86 95 43
86 96 49
86 97 37
86 98 36
86 99 49
86 100 35
86 101 49
86 102 55
86 103 45
86 104 48
86 105 39
86 106 57
86 107 48
86 108 48
86 109 53
86 110 35
86 111 42
86 112 37
86 113 49
86 114 46
86 115 51
86 116 52
86 117 52
86 118 59
86 119 54
86 120 41
86 121 47
86 122 54
86 123 55
86 124 58
86 125 44
86 126 41
86 127 57
86 128 60
86 129 37
86 130 38
86 131 49
86 132 52
86 133 38
86 134 55
86 135 46
86 136 59
86 137 58
86 138 42
86 139 36
86 140 42
86 141 56
86 142 56
86 143 42
86 144 47
86 145 50
86 146 40
86 147 46
86 148 54
86 149 38
86 150 60
86 151 35
86 152 51
86 153 47
86 154 41
86 155 56
86 156 49
86 157 35
86 158 40
86 159 38
86 160 41
86 161 49
86 162 51
86 163 59
86 164 51
86 165 55
86 166 52
86 167 40
86 168 43
86 169 52
86 170 55
86 171 48
86 172 42
86 173 41
86 174 51
86 175 58
86 176 60
86 177 47
86 178 58
86 179 37
86 180 52
86 181 41
86 182 44
86 183 55
86 184 49
86 185 35
86 186 50
86 187 36
86 188 44
86 189 57
86 190 43
86 191 42
86 192 56
86 193 50
86 194 51
86 195 57
86 196 38
86 197 57
86 198 51
86 199 47
86 200 54
86 201 38
86 202 51
86 203 38
86 204 51
86 205 53
86 206 59
86 207 60
86 208 45
86 209 38
86 210 48
87 1 57
87 2 48
87 3 47
87 4 38
87 5 39
87 6 57
87 7 48
87 8 48
87 9 58
87 10 48
87 11 35
87 12 38
87 13 47
87 14 54
87 15 48
87 16 58
87 17 49
87 18 54
87 19 36
87 20 43
87 21 56
87 22 46
87 23 44
87 24 46
87 25 41
87 26 42
87 27 59
87 28 40
87 29 42
87 30 48
87 31 56
87 32 59
87 33 52
87 34 55
87 35 50
87 36 41
87 37 50
87 38 35
87 39 49
87 40 42
87 41 43
87 42 44
87 43 36
87 44 54
87 45 39
87 46 43
87 47 42
87 48 50
87 49 46
87 50 43
87 51 59
87 52 48
87 53 53
87 54 56
87 55 40
87 56 59
87 57 35
87 58 58
87 59 60
87 60 51
87 61 39
87 62 50
87 63 39
87 64 50
87 65 51
87 66 37
87 67 49
87 68 44
87 69 58
87 70 39
87 71 39
87 72 38
87 73 53
87 74 49
87 75 50
87 76 41
87 77 54
87 78 49
87 79 59
87 80 41
87 81 59
87 82 39
87 83 37
87 84 35
87 85 35
87 86 44
87 87 0
87 88 59
87 89 59
87 90 49
87 91 55
87 92 52
87 93 38
87 94 55
87 95 51
87 96 37
87 97 58
87 98 51
87 99 48
87 100 35
87 101 52
87 102 42
87 103 58
87 104 44
87 105 55
87 106 48
87 107 57
87 108 41
87 109 55
87 110 56
87 111 41
87 112 36
87 113 50
87 114 51
87 115 57
87 116 53
87 117 56
87 118 42
87 119 39
87 120 42
87 121 49
87 122 37
87 123 40
87 124 45
87 125 45
87 126 53
87 127 46
87 128 43
87 129 54
87 130 44
87 131 46
87 132 44
87 133 48
87 134 37
87 135 59
87 136 38
87 137 50
87 138 53
87 139 55
87 140 42
87 141 50
87 142 50
87 143 36
87 144 36
87 145 55
87 146 47
87 147 58
87 148 46
87 149 52
87 150 53
87 151 49
87 152 59
87 153 50
87 154 42
87 155 40
87 156 41
87 157 39
87 158 47
87 159 35
87 160 48
87 161 59
87 162 40
87 163 50
87 164 49
87 165 43
87 166 53
87 167 52
87 168 49
87 169 59
87 170 56
87 171 48
87 172 49
87 173 53
87 174 47
87 175 41
87 176 57
87 177 55
87 178 44
87 179 38
87 180 55
87 181 56
87 182 44
87 183 57
87 184 37
87 185 55
87 186 58
87 187 46
87 188 55
87 189 38
87 190 37
87 191 48
87 192 52
87 193 52
87 194 39
87 195 59
87 196 50
87 197 55
87 198 48
87 199 40
87 200 43
87 201 53
87 202 60
87 203 41
87 204 56
87 205 47
87 206 47
87 207 55
87 208 58
87 209 52
87 210 43
88 1 57
88 2 49
88 3 52
88 4 44
88 5 42
88 6 57
88 7 38
88 8 48
88 9 53
88 10 55
88 11 55
88 12 39
88 13 46
88 14 54
88 15 50
88 16 47
88 17 47
88 18 49
88 19 42
88 20 38
88 21 59
88 22 55
88 23 36
88 24 59
88 25 48
88 26 44
88 27 52
88 28 54
88 29 37
88 30 38
88 31 36
88 32 41
88 33 37
88 34 53
88 35 43
88 36 53
88 37 48
88 38 56
88 39 51
88 40 52
88 41 60
88 42 44
88 43 35
88 44 51
88 45 55
88 46 45
88 47 51
88 48 55
88 49 35
88 50 37
88 51 59
88 52 35
88 53 42
88 54 49
88 55 53
88 56 50
88 57 44
88 58 56
88 59 58
88 60 52
88 61 49
88 62 47
88 63 39
88 64 52
88 65 48
88 66 44
88 67 40
88 68 58
88 69 37
88 70 46
88 71 37
88 72 47
88 73 48
88 74 38
88 75 46
88 76 53
88 77 60
88 78 40
88 79 60
88 80 47
88 81 60
88 82 53
88 83 41
88 84 59
88 85 40
88 86 43
88 87 53
88 88 0
88 89 44
88 90 56
88 91 51
88 92 57
88 93 36
88 94 47
88 95 44
88 96 40
88 97 38
88 98 44
88 99 36
88 100 46
88 101 59
88 102 41
88 103 41
88 104 44
88 105 54
88 106 52
88 107 53
88 108 60
88 109 37
88 110 54
88 111 41
88 112 42
88 113 42
88 114 40
88 115 51
88 116 59
88 117 58
88 118 38
88 119 39
88 120 57
88 121 53
88 122 40
88 123 40
88 124 57
88 125 58
88 126 50
88 127 43
88 128 44
88 129 43
88 130 56
88 131 59
88 132 56
88 133 46
88 134 46
88 135 44
88 136 57
88 137 49
88 138 45
88 139 50
88 140 46
88 141 40
88 142 54
88 143 40
88 144 56
88 145 44
88 146 39
88 147 48
88 148 46
88 149 58
88 150 49
88 151 37
88 152 38
88 153 52
88 154 56
88 155 56
88 156 47
88 157 53
88 158 43
88 159 38
88 160 58
88 161 50
88 162 42
88 163 41
88 164 58
88 165 35
88 166 52
88 167 37
88 168 42
88 169 44
88 170 42
88 171 54
88 172 40
88 173 40
88 174 56
88 175 45
88 176 43
88 177 38
88 178 47
88 179 48
88 180 50
88 181 50
88 182 37
88 183 50
88 184 52
88 185 41
88 186 56
88 187 43
88 188 38
88 189 53
88 190 59
88 191 38
88 192 46
88 193 39
88 194 48
88 195 46
88 196 38
88 197 56
88 198 55
88 199 59
88 200 51
88 201 45
88 202 39
88 203 38
88 204 47
88 205 45
88 206 54
88 207 40
88 208 59
88 209 54
88 210 42
89 1 39
89 2 38
89 3 42
89 4 43
89 5 44
89 6 53
89 7 59
89 8 60
89 9 43
89 10 47
89 11 39
89 12 40
89 13 39
89 14 45
89 15 51
89 16 48
89 17 54
89 18 57
89 19 41
89 20 51
89 21 40
89 22 57
89 23 37
89 24 59
89 25 54
89 26 49
89 27 39
89 28 42
89 29 48
89 30 35
89 31 58
89 32 38
89 33 48
89 34 46
89 35 41
89 36 52
89 37 54
89 38 58
89 39 51
89 40 58
89 41 52
89 42 53
89 43 40
89 44 53
89 45 38
89 46 39
89 47 51
89 48 46
89 49 36
89 50 44
89 51 44
89 52 47
89 53 41
89 54 58
89 55 50
89 56 43
89 57 58
89 58 58
89 59 40
89 60 60
89 61 57
89 62 39
89 63 35
89 64 45
89 65 57
89 66 49
89 67 48
89 68 47
89 69 53
89 70 44
89 71 60
89 72 56
89 73 40
89 74 35
89 75 55
89 76 56
89 77 42
89 78 54
89 79 48
89 80 47
89 81 35
89 82 39
89 83 58
89 84 42
89 85 44
89 86 37
89 87 44
89 88 41
89 89 0
89 90 53
89 91 58
89 92 53
89 93 39
89 94 54
89 95 45
89 96 59
89 97 59
89 98 52
89 99 44
89 100 41
89 101 48
89 102 55
89 103 47
89 104 43
89 105 53
89 106 36
89 107 52
89 108 38
89 109 55
89 110 45
89 111 37
89 112 51
89 113 56
89 114 52
89 115 39
89 116 39
89 117 43
89 118 43
89 119 47
89 120 53
89 121 42
89 122 45
89 123 41
89 124 47
89 125 46
89 126 46
89 127 40
89 128 50
89 129 51
89 130 35
89 131 37
89 132 46
89 133 51
89 134 49
89 135 39
89 136 41
89 137 45
89 138 40
89 139 48
89 140 60
89 141 54
89 142 48
89 143 43
89 144 46
89 145 60
89 146 50
89 147 53
89 148 58
89 149 38
89 150 43
89 151 47
89 152 41
89 153 38
89 154 36
89 155 50
89 156 50
89 157 40
89 158 37
89 159 49
89 160 45
89 161 58
89 162 45
89 163 49
89 164 55
89 165 50
89 166 43
89 167 35
89 168 44
89 169 53
89 170 58
89 171 40
89 172 37
89 173 60
89 174 35
89 175 54
89 176 50
89 177 60
89 178 44
89 179 37
89 180 44
89 181 40
89 182 38
89 183 44
89 184 41
89 185 56
89 186 52
89 187 55
89 188 50
89 189 59
89 190 51
89 191 58
89 192 49
89 193 42
89 194 45
89 195 48
89 196 42
89 197 39
89 198 46
89 199 47
89 200 50
89 201 43
89 202 45
89 203 47
89 204 44
89 205 52
89 206 43
89 207 59
89 208 41
89 209 35
89 210 44
90 1 45
90 2 44
90 3 41
90 4 54
90 5 39
90 6 50
90 7 50
90 8 36
90 9 60
90 10 45
90 11 44
90 12 51
90 13 53
90 14 35
90 15 44
90 16 40
90 17 57
90 18 41
90 19 44
90 20 59
90 21 39
90 22 47
90 23 54
90 24 52
90 25 39
90 26 55
90 27 37
90 28 46
90 29 43
90 30 57
90 31 39
90 32 37
90 33 58
90 34 54
90 35 58
90 36 59
90 37 53
90 38 47
90 39 43
90 40 43
90 41 54
90 42 45
90 43 51
90 44 57
90 45 52
90 46 45
90 47 52
90 48 56
90 49 48
90 50 45
90 51 60
90 52 49
90 53 37
90 54 43
90 55 52
90 56 50
90 57 43
90 58 37
90 59 54
90 60 59
90 61 54
90 62 37
90 63 54
90 64 55
90 65 35
90 66 46
90 67 39
90 68 42
90 69 43
90 70 41
90 71 49
90 72 41
90 73 59
90 74 40
90 75 35
90 76 53
90 77 46
90 78 53
90 79 59
90 80 41
90 81 35
90 82 43
90 83 40
90 84 42
90 85 42
90 86 56
90 87 50
90 88 49
90 89 46
90 90 0
90 91 36
90 92 48
90 93 40
90 94 50
90 95 36
90 96 35
90 97 52
90 98 41
90 99 44
90 100 60
90 101 60
90 102 55
90 103 40
90 104 58
90 105 56
90 106 50
90 107 37
90 108 43
90 109 46
90 110 59
90 111 49
90 112 36
90 113 38
90 114 48
90 115 45
90 116 45
90 117 56
90 118 35
90 119 47
90 120 48
90 121 52
90 122 38
90 123 39
90 124 39
90 125 48
90 126 38
90 127 60
90 128 39
90 129 47
90 130 43
90 131 35
90 132 53
90 133 43
90 134 50
90 135 55
90 136 52
90 137 42
90 138 51
90 139 52
90 140 48
90 141 53
90 142 47
90 143 41
90 144 60
90 145 59
90 146 47
90 147 57
90 148 55
90 149 42
90 150 47
90 151 56
90 152 35
90 153 44
90 154 48
90 155 48
90 156 57
90 157 44
90 158 46
90 159 58
90 160 35
90 161 43
90 162 35
90 163 42
90 164 60
90 165 39
90 166 58
90 167 60
90 168 36
90 169 45
90 170 45
90 171 57
90 172 35
90 173 45
90 174 59
90 175 38
90 176 46
90 177 39
90 178 54
90 179 48
90 180 44
90 181 60
90 182 37
90 183 51
90 184 46
90 185 43
90 186 59
90 187 44
90 188 60
90 189 35
90 190 35
90 191 47
90 192 39
90 193 46
90 194 46
90 195 55
90 196 46
90 197 55
90 198 55
90 199 57
90 200 50
90 201 35
90 202 51
90 203 56
90 204 46
90 205 46
90 206 42
90 207 58
90 208 41
90 209 48
90 210 37
91 1 46
91 2 36
91 3 56
91 4 53
91 5 39
91 6 57
91 7 52
91 8 49
91 9 43
91 10 45
91 11 58
91 12 49
91 13 45
91 14 37
91 15 39
91 16 59
91 17 54
91 18 35
91 19 56
91 20 49
91 21 40
91 22 41
91 23 56
91 24 52
91 25 46
91 26 49
91 27 51
91 28 55
91 29 53
91 30 60
91 31 47
91 32 52
91 33 37
91 34 48
91 35 58
91 36 57
91 37 49
91 38 47
91 39 39
91 40 52
91 41 56
91 42 35
91 43 41
91 44 58
91 45 46
91 46 41
91 47 48
91 48 55
91 49 50
91 50 56
91 51 48
91 52 45
91 53 51
91 54 40
91 55 47
91 56 39
91 57 60
91 58 53
91 59 58
91 60 49
91 61 38
91 62 50
91 63 41
91 64 47
91 65 53
91 66 44
91 67 41
91 68 51
91 69 52
91 70 56
91 71 37
91 72 53
91 73 49
91 74 56
91 75 42
91 76 44
91 77 59
91 78 36
91 79 46
91 80 57
91 81 56
91 82 44
91 83 47
91 84 60
91 85 44
91 86 38
91 87 51
91 88 58
91 89 46
91 90 47
91 91 0
91 92 38
91 93 53
91 94 43
91 95 59
91 96 50
91 97 40
91 98 59
91 99 43
91 100 43
91 101 40
91 102 45
91 103 45
91 104 50
91 105 42
91 106 46
91 107 41
91 108 59
91 109 58
91 110 40
91 111 42
91 112 47
91 113 39
91 114 51
91 115 52
91 116 43
91 117 40
91 118 37
91 119 55
91 120 46
91 121 54
91 122 57
91 123 38
91 124 38
91 125 46
91 126 35
91 127 56
91 128 39
91 129 48
91 130 49
91 131 50
91 132 54
91 133 35
91 134 45
91 135 41
91 136 58
91 137 44
91 138 47
91 139 36
91 140 51
91 141 53
91 142 53
91 143 53
91 144 39
91 145 56
91 146 45
91 147 35
91 148 41
91 149 46
91 150 44
91 151 47
91 152 52
91 153 55
91 154 60
91 155 49
91 156 36
91 157 48
91 158 43
91 159 50
91 160 59
91 161 55
91 162 56
91 163 58
91 164 37
91 165 43
91 166 44
91 167 59
91 168 44
91 169 44
91 170 48
91 171 59
91 172 50
91 173 60
91 174 37
91 175 44
91 176 47
91 177 57
91 178 39
91 179 35
91 180 48
91 181 38
91 182 39
91 183 59
91 184 55
91 185 58
91 186 36
91 187 37
91 188 43
91 189 35
91 190 54
91 191 40
91 192 39
91 193 38
91 194 60
91 195 36
91 196 39
91 197 57
91 198 52
91 199 35
91 200 39
91 201 60
91 202 45
91 203 48
91 204 46
91 205 44
91 206 58
91 207 59
91 208 46
91 209 56
91 210 52
92 1 52
92 2 55
92 3 47
92 4 60
92 5 55
92 6 44
92 7 60
92 8 56
92 9 39
92 10 35
92 11 56
92 12 56
92 13 52
92 14 59
92 15 50
92 16 52
92 17 49
92 18 56
92 19 46
92 20 50
92 21 55
92 22 60
92 23 50
92 24 40
92 25 43
92 26 37
92 27 44
92 28 38
92 29 53
92 30 50
92 31 51
92 32 42
92 33 53
92 34 43
92 35 58
92 36 38
92 37 39
92 38 57
92 39 60
92 40 56
92 41 37
92 42 53
92 43 45
92 44 44
92 45 59
92 46 44
92 47 48
92 48 44
92 49 59
92 50 39
92 51 49
92 52 54
92 53 45
92 54 45
92 55 54
92 56 35
92 57 56
92 58 46
92 59 56
92 60 37
92 61 39
92 62 36
92 63 55
92 64 55
92 65 57
92 66 40
92 67 53
92 68 41
92 69 40
92 70 55
92 71 60
92 72 50
92 73 56
92 74 54
92 75 42
92 76 36
92 77 48
92 78 48
92 79 56
92 80 46
92 81 36
92 82 36
92 83 49
92 84 46
92 85 36
92 86 49
92 87 54
92 88 42
92 89 52
92 90 53
92 91 54
92 92 0
92 93 55
92 94 58
92 95 42
92 96 45
92 97 56
92 98 35
92 99 49
92 100 54
92 101 57
92 102 52
92 103 56
92 104 44
92 105 59
92 106 43
92 107 54
92 108 40
92 109 54
92 110 49
92 111 51
92 112 49
92 113 37
92 114 51
92 115 55
92 116 58
92 117 57
92 118 58
92 119 54
92 120 58
92 121 47
92 122 56
92 123 48
92 124 46
92 125 53
92 126 35
92 127 45
92 128 40
92 129 39
92 130 39
92 131 45
92 132 52
92 133 37
92 134 40
92 135 55
92 136 43
92 137 51
92 138 39
92 139 42
92 140 52
92 141 42
92 142 36
92 143 49
92 144 43
92 145 43
92 146 41
92 147 35
92 148 54
92 149 38
92 150 45
92 151 37
92 152 44
92 153 47
92 154 59
92 155 57
92 156 51
92 157 49
92 158 54
92 159 44
92 160 59
92 161 57
92 162 52
92 163 37
92 164 49
92 165 40
92 166 35
92 167 59
92 168 38
92 169 45
92 170 41
92 171 57
92 172 59
92 173 54
92 174 53
92 175 36
92 176 59
92 177 37
92 178 55
92 179 45
92 180 46
92 181 49
92 182 60
92 183 49
92 184 36
92 185 43
92 186 59
92 187 58
92 188 55
92 189 59
92 190 53
92 191 57
92 192 58
92 193 56
92 194 43
92 195 43
92 196 41
92 197 39
92 198 39
92 199 36
92 200 42
92 201 54
92 202 38
92 203 59
92 204 39
92 205 39
92 206 57
92 207 58
92 208 35
92 209 58
92 210 35
93 1 56
93 2 43
93 3 60
93 4 44
93 5 52
93 6 48
93 7 35
93 8 40
93 9 59
93 10 36
93 11 49
93 12 40
93 13 49
93 14 41
93 15 56
93 16 59
93 17 38
93 18 58
93 19 40
93 20 44
93 21 46
93 22 50
93 23 46
93 24 60
93 25 46
93 26 50
93 27 41
93 28 39
93 29 43
93 30 47
93 31 60
93 32 41
93 33 49
93 34 52
93 35 37
93 36 43
93 37 46
93 38 39
93 39 60
93 40 57
93 41 55
93 42 53
93 43 40
93 44 51
93 45 51
93 46 45
93 47 36
93 48 38
93 49 48
93 50 50
93 51 42
93 52 59
93 53 43
93 54 49
93 55 37
93 56 60
93 57 43
93 58 39
93 59 57
93 60 48
93 61 37
93 62 58
93 63 41
93 64 47
93 65 58
93 66 41
93 67 35
93 68 42
93 69 40
93 70 52
93 71 57
93 72 53
93 73 35
93 74 40
93 75 45
93 76 48
93 77 60
93 78 38
93 79 36
93 80 49
93 81 38
93 82 50
93 83 46
93 84 42
93 85 35
93 86 48
93 87 41
93 88 51
93 89 40
93 90 45
93 91 37
93 92 42
93 93 0
93 94 36
93 95 54
93 96 53
93 97 50
93 98 57
93 99 35
93 100 38
93 101 38
93 102 35
93 103 52
93 104 42
93 105 51
93 106 37
93 107 51
93 108 39
93 109 55
93 110 39
93 111 53
93 112 38
93 113 37
93 114 45
93 115 35
93 116 57
93 117 42
93 118 46
93 119 45
93 120 35
93 121 58
93 122 36
93 123 36
93 124 47
93 125 44
93 126 40
93 127 53
93 128 59
93 129 38
93 130 58
93 131 55
93 132 60
93 133 50
93 134 39
93 135 40
93 136 35
93 137 40
93 138 41
93 139 47
93 140 49
93 141 36
93 142 41
93 143 45
93 144 59
93 145 55
93 146 40
93 147 39
93 148 58
93 149 54
93 150 42
93 151 41
93 152 40
93 153 54
93 154 47
93 155 42
93 156 43
93 157 43
93 158 59
93 159 56
93 160 41
93 161 45
93 162 54
93 163 58
93 164 58
93 165 49
93 166 51
93 167 58
93 168 53
93 169 42
93 170 38
93 171 42
93 172 56
93 173 54
93 174 49
93 175 43
93 176 42
93 177 50
93 178 58
93 179 36
93 180 36
93 181 58
93 182 57
93 183 39
93 184 48
93 185 45
93 186 55
93 187 58
93 188 56
93 189 40
93 190 54
93 191 51
93 192 45
93 193 39
93 194 44
93 195 45
93 196 45
93 197 46
93 198 42
93 199 41
93 200 36
93 201 38
93 202 58
93 203 39
93 204 37
93 205 36
93 206 37
93 207 38
93 208 45
93 209 48
93 210 42
94 1 36
94 2 38
94 3 37
94 4 39
94 5 51
94 6 57
94 7 47
94 8 41
94 9 53
94 10 38
94 11 58
94 12 37
94 13 35
94 14 43
94 15 35
94 16 40
94 17 60
94 18 58
94 19 40
94 20 57
94 21 49
94 22 50
94 23 46
94 24 42
94 25 56
94 26 43
94 27 44
94 28 54
94 29 42
94 30 53
94 31 49
94 32 43
94 33 42
94 34 39
94 35 57
94 36 47
94 37 53
94 38 41
94 39 49
94 40 41
94 41 49
94 42 45
94 43 57
94 44 42
94 45 50
94 46 43
94 47 58
94 48 52
94 49 53
94 50 53
94 51 47
94 52 53
94 53 53
94 54 58
94 55 54
94 56 50
94 57 38
94 58 45
94 59 35
94 60 37
94 61 59
94 62 35
94 63 46
94 64 58
94 65 41
94 66 41
94 67 58
94 68 40
94 69 40
94 70 53
94 71 59
94 72 37
94 73 58
94 74 48
94 75 35
94 76 53
94 77 50
94 78 46
94 79 57
94 80 48
94 81 55
94 82 44
94 83 44
94 84 60
94 85 41
94 86 42
94 87 38
94 88 47
94 89 44
94 90 58
94 91 42
94 92 57
94 93 42
94 94 0
94 95 42
94 96 43
94 97 43
94 98 57
94 99 53
94 100 49
94 101 58
94 102 35
94 103 43
94 104 52
94 105 55
94 106 54
94 107 37
94 108 48
94 109 48
94 110 56
94 111 51
94 112 59
94 113 41
94 114 44
94 115 49
94 116 52
94 117 51
94 118 45
94 119 47
94 120 52
94 121 45
94 122 36
94 123 43
94 124 45
94 125 48
94 126 53
94 127 60
94 128 41
94 129 45
94 130 47
94 131 51
94 132 35
94 133 37
94 134 51
94 135 59
94 136 45
94 137 36
94 138 57
94 139 56
94 140 46
94 141 35
94 142 38
94 143 53
94 144 43
94 145 55
94 146 43
94 147 36
94 148 37
94 149 58
94 150 52
94 151 44
94 152 37
94 153 49
94 154 53
94 155 35
94 156 35
94 157 45
94 158 47
94 159 48
94 160 54
94 161 39
94 162 50
94 163 50
94 164 43
94 165 55
94 166 42
94 167 40
94 168 52
94 169 55
94 170 58
94 171 45
94 172 45
94 173 35
94 174 53
94 175 44
94 176 40
94 177 37
94 178 48
94 179 41
94 180 60
94 181 48
94 182 46
94 183 39
94 184 44
94 185 60
94 186 52
94 187 42
94 188 40
94 189 35
94 190 60
94 191 50
94 192 59
94 193 35
94 194 40
94 195 41
94 196 50
94 197 43
94 198 37
94 199 60
94 200 36
94 201 42
94 202 47
94 203 41
94 204 49
94 205 55
94 206 35
94 207 53
94 208 46
94 209 60
94 210 38
95 1 46
95 2 36
95 3 36
95 4 42
95 5 45
95 6 44
95 7 56
95 8 41
95 9 54
95 10 40
95 11 36
95 12 50
95 13 60
95 14 59
95 15 46
95 16 50
95 17 36
95 18 51
95 19 53
95 20 55
95 21 36
95 22 51
95 23 39
95 24 57
95 25 35
95 26 36
95 27 44
95 28 36
95 29 36
95 30 54
95 31 46
95 32 59
95 33 40
95 34 35
95 35 36
95 36 60
95 37 39
95 38 51
95 39 54
95 40 47
95 41 50
95 42 43
95 43 50
95 44 60
95 45 41
95 46 35
95 47 50
95 48 48
95 49 39
95 50 37
95 51 47
95 52 48
95 53 42
95 54 58
95 55 56
95 56 55
95 57 57
95 58 53
95 59 39
95 60 53
95 61 58
95 62 40
95 63 41
95 64 47
95 65 44
95 66 38
95 67 43
95 68 57
95 69 52
95 70 53
95 71 48
95 72 37
95 73 48
95 74 41
95 75 55
95 76 48
95 77 40
95 78 36
95 79 50
95 80 50
95 81 37
95 82 48
95 83 52
95 84 56
95 85 56
95 86 47
95 87 55
95 88 47
95 89 50
95 90 54
95 91 38
95 92 55
95 93 38
95 94 45
95 95 0
95 96 42
95 97 54
95 98 49
95 99 55
95 100 46
95 101 39
95 102 57
95 103 38
95 104 56
95 105 39
95 106 42
95 107 48
95 108 43
95 109 60
95 110 41
95 111 36
95 112 57
95 113 56
95 114 41
95 115 53
95 116 51
95 117 51
95 118 58
95 119 56
95 120 36
95 121 45
95 122 42
95 123 38
95 124 42
95 125 47
95 126 42
95 127 48
95 128 56
95 129 55
95 130 53
95 131 49
95 132 58
95 133 60
95 134 59
95 135 58
95 136 45
95 137 52
95 138 54
95 139 38
95 140 38
95 141 46
95 142 60
95 143 46
95 144 42
95 145 52
95 146 39
95 147 56
95 148 55
95 149 48
95 150 40
95 151 42
95 152 46
95 153 58
95 154 49
95 155 54
95 156 41
95 157 59
95 158 35
95 159 42
95 160 58
95 161 49
95 162 36
95 163 54
95 164 49
95 165 43
95 166 41
95 167 51
95 168 39
95 169 45
95 170 38
95 171 40
95 172 39
95 173 43
95 174 35
95 175 39
95 176 40
95 177 37
95 178 44
95 179 37
95 180 45
95 181 48
95 182 49
95 183 50
95 184 43
95 185 47
95 186 40
95 187 45
95 188 35
95 189 39
95 190 49
95 191 50
95 192 59
95 193 42
95 194 48
95 195 58
95 196 50
95 197 47
95 198 35
95 199 54
95 200 47
95 201 60
95 202 54
95 203 43
95 204 36
95 205 45
95 206 41
95 207 53
95 208 45
95 209 50
95 210 38
96 1 47
96 2 40
96 3 50
96 4 53
96 5 51
96 6 58
96 7 56
96 8 50
96 9 38
96 10 38
96 11 38
96 12 38
96 13 38
96 14 36
96 15 47
96 16 35
96 17 53
96 18 41
96 19 48
96 20 57
96 21 50
96 22 46
96 23 56
96 24 41
96 25 48
96 26 52
96 27 36
96 28 58
96 29 40
96 30 43
96 31 55
96 32 59
96 33 43
96 34 42
96 35 42
96 36 36
96 37 60
96 38 46
96 39 50
96 40 44
96 41 43
96 42 39
96 43 43
96 44 54
96 45 55
96 46 37
96 47 35
96 48 53
96 49 54
96 50 49
96 51 46
96 52 50
96 53 45
96 54 52
96 55 48
96 56 53
96 57 59
96 58 42
96 59 43
96 60 49
96 61 38
96 62 40
96 63 56
96 64 53
96 65 59
96 66 50
96 67 54
96 68 47
96 69 44
96 70 59
96 71 38
96 72 60
96 73 51
96 74 55
96 75 58
96 76 40
96 77 57
96 78 44
96 79 53
96 80 44
96 81 39
96 82 51
96 83 45
96 84 59
96 85 54
96 86 45
96 87 46
96 88 49
96 89 39
96 90 53
96 91 48
96 92 47
96 93 60
96 94 42
96 95 44
96 96 0
96 97 37
96 98 44
96 99 52
96 100 37
96 101 48
96 102 36
96 103 36
96 104 57
96 105 45
96 106 36
96 107 59
96 108 51
96 109 40
96 110 37
96 111 53
96 112 48
96 113 57
96 114 57
96 115 49
96 116 36
96 117 37
96 118 58
96 119 53
96 120 59
96 121 59
96 122 38
96 123 56
96 124 57
96 125 37
96 126 39
96 127 44
96 128 60
96 129 52
96 130 44
96 131 43
96 132 60
96 133 45
96 134 35
96 135 35
96 136 41
96 137 49
96 138 44
96 139 47
96 140 47
96 141 35
96 142 57
96 143 38
96 144 60
96 145 41
96 146 37
96 147 53
96 148 57
96 149 48
96 150 60
96 151 40
96 152 42
96 153 38
96 154 51
96 155 44
96 156 43
96 157 39
96 158 59
96 159 43
96 160 53
96 161 59
96 162 53
96 163 55
96 164 36
96 165 56
96 166 53
96 167 43
96 168 48
96 169 38
96 170 55
96 171 59
96 172 42
96 173 45
96 174 56
96 175 50
96 176 49
96 177 36
96 178 52
96 179 41
96 180 58
96 181 38
96 182 50
96 183 48
96 184 35
96 185 60
96 186 36
96 187 42
96 188 60
96 189 35
96 190 54
96 191 50
96 192 35
96 193 41
96 194 59
96 195 37
96 196 46
96 197 46
96 198 43
96 199 56
96 200 60
96 201 57
96 202 45
96 203 42
96 204 45
96 205 42
96 206 57
96 207 46
96 208 39
96 209 38
96 210 39
97 1 45
97 2 60
97 3 51
97 4 40
97 5 39
97 6 57
97 7 43
97 8 44
97 9 44
97 10 59
97 11 56
97 12 47
97 13 39
97 14 54
97 15 50
97 16 42
97 17 39
97 18 59
97 19 41
97 20 42
97 21 51
97 22 52
97 23 49
97 24 37
97 25 51
97 26 38
97 27 50
97 28 38
97 29 49
97 30 47
97 31 48
97 32 57
97 33 39
97 34 45
97 35 56
97 36 59
97 37 52
97 38 45
97 39 49
97 40 50
97 41 39
97 42 55
97 43 47
97 44 60
97 45 38
97 46 54
97 47 46
97 48 45
97 49 39
97 50 36
97 51 52
97 52 56
97 53 47
97 54 47
97 55 41
97 56 58
97 57 42
97 58 41
97 59 59
97 60 47
97 61 42
97 62 48
97 63 44
97 64 55
97 65 57
97 66 37
97 67 39
97 68 58
97 69 46
97 70 59
97 71 59
97 72 48
97 73 36
97 74 43
97 75 55
97 76 59
97 77 49
97 78 50
97 79 48
97 80 51
97 81 39
97 82 38
97 83 40
97 84 56
97 85 54
97 86 38
97 87 41
97 88 43
97 89 56
97 90 41
97 91 51
97 92 48
97 93 60
97 94 35
97 95 57
97 96 51
97 97 0
97 98 40
97 99 43
97 100 36
97 101 40
97 102 57
97 103 43
97 104 45
97 105 54
97 106 42
97 107 46
97 108 60
97 109 36
97 110 40
97 111 44
97 112 47
97 113 58
97 114 35
97 115 53
97 116 47
97 117 37
97 118 60
97 119 57
97 120 36
97 121 50
97 122 45
97 123 40
97 124 38
97 125 43
97 126 36
97 127 47
97 128 40
97 129 39
97 130 50
97 131 41
97 132 37
97 133 49
97 134 56
97 135 51
97 136 50
97 137 47
97 138 46
97 139 40
97 140 47
97 141 56
97 142 55
97 143 55
97 144 60
97 145 39
97 146 45
97 147 60
97 148 47
97 149 41
97 150 51
97 151 45
97 152 57
97 153 51
97 154 46
97 155 43
97 156 54
97 157 35
97 158 40
97 159 45
97 160 39
97 161 36
97 162 42
97 163 50
97 164 52
97 165 52
97 166 39
97 167 41
97 168 59
97 169 35
97 170 58
97 171 60
97 172 55
97 173 53
97 174 56
97 175 47
97 176 47
97 177 48
97 178 45
97 179 38
97 180 60
97 181 50
97 182 43
97 183 42
97 184 43
97 185 37
97 186 50
97 187 42
97 188 55
97 189 56
97 190 57
97 191 39
97 192 60
97 193 37
97 194 60
97 195 56
97 196 57
97 197 57
97 198 59
97 199 38
97 200 49
97 201 53
97 202 51
97 203 38
97 204 37
97 205 58
97 206 60
97 207 48
97 208 44
97 209 52
97 210 35
98 1 37
98 2 43
98 3 58
98 4 50
98 5 39
98 6 41
98 7 54
98 8 49
98 9 37
98 10 39
98 11 45
98 12 47
98 13 46
98 14 45
98 15 41
98 16 36
98 17 35
98 18 52
98 19 44
98 20 60
98 21 56
98 22 59
98 23 46
98 24 47
98 25 39
98 26 49
98 27 49
98 28 43
98 29 58
98 30 41
98 31 48
98 32 51
98 33 54
98 34 60
98 35 54
98 36 56
98 37 50
98 38 56
98 39 47
98 40 58
98 41 56
98 42 39
98 43 36
98 44 60
98 45 53
98 46 43
98 47 41
98 48 46
98 49 59
98 50 56
98 51 56
98 52 56
98 53 58
98 54 48
98 55 52
98 56 56
98 57 59
98 58 39
98 59 55
98 60 50
98 61 49
98 62 54
98 63 45
98 64 42
98 65 38
98 66 58
98 67 43
98 68 52
98 69 47
98 70 45
98 71 37
98 72 57
98 73 55
98 74 41
98 75 53
98 76 45
98 77 52
98 78 40
98 79 56
98 80 48
98 81 45
98 82 53
98 83 50
98 84 43
98 85 45
98 86 46
98 87 47
98 88 48
98 89 43
98 90 44
98 91 39
98 92 58
98 93 39
98 94 51
98 95 48
98 96 57
98 97 35
98 98 0
98 99 55
98 100 37
98 101 52
98 102 59
98 103 59
98 104 43
98 105 47
98 106 57
98 107 55
98 108 55
98 109 42
98 110 49
98 111 59
98 112 49
98 113 59
98 114 39
98 115 43
98 116 38
98 117 38
98 118 41
98 119 41
98 120 52
98 121 58
98 122 41
98 123 60
98 124 59
98 125 41
98 126 48
98 127 37
98 128 45
98 129 35
98 130 38
98 131 46
98 132 59
98 133 50
98 134 57
98 135 51
98 136 41
98 137 59
98 138 60
98 139 51
98 140 56
98 141 44
98 142 51
98 143 58
98 144 59
98 145 44
98 146 38
98 147 57
98 148 45
98 149 46
98 150 49
98 151 38
98 152 49
98 153 36
98 154 59
98 155 59
98 156 49
98 157 39
98 158 49
98 159 47
98 160 60
98 161 40
98 162 45
98 163 52
98 164 51
98 165 50
98 166 60
98 167 54
98 168 53
98 169 41
98 170 43
98 171 37
98 172 58
98 173 55
98 174 60
98 175 35
98 176 54
98 177 57
98 178 55
98 179 58
98 180 41
98 181 47
98 182 38
98 183 54
98 184 35
98 185 53
98 186 43
98 187 54
98 188 55
98 189 43
98 190 59
98 191 53
98 192 56
98 193 36
98 194 58
98 195 39
98 196 38
98 197 43
98 198 38
98 199 49
98 200 51
98 201 53
98 202 55
98 203 54
98 204 44
98 205 57
98 206 37
98 207 50
98 208 54
98 209 42
98 210 56
99 1 60
99 2 40
99 3 49
99 4 37
99 5 57
99 6 39
99 7 58
99 8 58
99 9 45
99 10 47
99 11 47
99 12 45
99 13 59
99 14 43
99 15 49
99 16 40
99 17 45
99 18 48
99 19 43
99 20 56
99 21 55
99 22 59
99 23 57
99 24 52
99 25 36
99 26 49
99 27 48
99 28 39
99 29 52
99 30 48
99 31 51
99 32 37
99 33 42
99 34 37
99 35 40
99 36 54
99 37 37
99 38 36
99 39 56
99 40 48
99 41 54
99 42 57
99 43 54
99 44 46
99 45 57
99 46 55
99 47 45
99 48 57
99 49 50
99 50 49
99 51 49
99 52 55
99 53 48
99 54 57
99 55 37
99 56 58
99 57 56
99 58 45
99 59 52
99 60 43
99 61 42
99 62 60
99 63 47
99 64 48
99 65 59
99 66 48
99 67 36
99 68 48
99 69 49
99 70 60
99 71 43
99 72 50
99 73 57
99 74 44
99 75 55
99 76 43
99 77 46
99 78 40
99 79 54
99 80 38
99 81 57
99 82 57
99 83 47
99 84 44
99 85 58
99 86 44
99 87 59
99 88 41
99 89 52
99 90 40
99 91 37
99 92 39
99 93 49
99 94 56
99 95 55
99 96 45
99 97 40
99 98 57
99 99 0
99 100 39
99 101 38
99 102 53
99 103 43
99 104 47
99 105 52
99 106 37
99 107 39
99 108 37
99 109 54
99 110 42
99 111 55
99 112 44
99 113 44
99 114 43
99 115 38
99 116 46
99 117 51
99 118 47
99 119 49
99 120 36
99 121 36
99 122 55
99 123 36
99 124 43
99 125 49
99 126 55
99 127 38
99 128 40
99 129 51
99 130 43
99 131 47
99 132 60
99 133 38
99 134 52
99 135 52
99 136 46
99 137 42
99 138 58
99 139 35
99 140 43
99 141 46
99 142 50
99 143 54
99 144 37
99 145 40
99 146 35
99 147 38
99 148 49
99 149 40
99 150 42
99 151 35
99 152 40
99 153 40
99 154 42
99 155 51
99 156 41
99 157 49
99 158 59
99 159 47
99 160 41
99 161 60
99 162 50
99 163 36
99 164 49
99 165 41
99 166 46
99 167 50
99 168 59
99 169 54
99 170 55
99 171 35
99 172 51
99 173 50
99 174 47
99 175 52
99 176 57
99 177 42
99 178 56
99 179 47
99 180 56
99 181 49
99 182 58
99 183 44
99 184 37
99 185 50
99 186 35
99 187 52
99 188 35
99 189 57
99 190 49
99 191 38
99 192 58
99 193 50
99 194 59
99 195 41
99 196 48
99 197 55
99 198 59
99 199 37
99 200 48
99 201 44
99 202 44
99 203 46
99 204 56
99 205 46
99 206 57
99 207 54
99 208 38
99 209 47
99 210 45
100 1 35
100 2 54
100 3 52
100 4 57
100 5 60
100 6 55
100 7 41
100 8 52
100 9 52
100 10 51
100 11 55
100 12 49
100 13 39
100 14 54
100 15 54
100 16 59
100 17 37
100 18 44
100 19 59
100 20 53
100 21 36
100 22 47
100 23 38
100 24 43
100 25 59
100 26 35
100 27 54
100 28 55
100 29 47
100 30 37
100 31 52
100 32 54
100 33 50
100 34 47
100 35 35
100 36 41
100 37 47
100 38 58
100 39 43
100 40 47
100 41 40
100 42 50
100 43 44
100 44 53
100 45 37
100 46 60
100 47 60
100 48 37
100 49 59
100 50 36
100 51 51
100 52 41
100 53 53
100 54 51
100 55 44
100 56 49
100 57 39
100 58 58
100 59 52
100 60 54
100 61 54
100 62 45
100 63 38
100 64 35
100 65 40
100 66 55
100 67 55
100 68 52
100 69 46
100 70 38
100 71 44
100 72 60
100 73 57
100 74 45
100 75 55
100 76 53
100 77 56
100 78 57
100 79 43
100 80 40
100 81 55
100 82 56
100 83 49
100 84 55
100 85 60
100 86 43
100 87 46
100 88 36
100 89 38
100 90 35
100 91 52
100 92 55
100 93 50
100 94 55
100 95 58
100 96 38
100 97 41
100 98 40
100 99 56
100 100 0
100 101 38
100 102 50
100 103 40
100 104 39
100 105 43
100 106 55
100 107 41
100 108 42
100 109 41
100 110 43
100 111 39
100 112 35
100 113 38
100 114 41
100 115 42
100 116 50
100 117 52
100 118 51
100 119 49
100 120 44
100 121 43
100 122 40
100 123 35
100 124 50
100 125 41
100 126 39
100 127 54
100 128 38
100 129 35
100 130 35
100 131 50
100 132 58
100 133 52
100 134 40
100 135 45
100 136 50
100 137 57
100 138 40
100 139 58
100 140 39
100 141 60
100 142 57
100 143 55
100 144 43
100 145 46
100 146 51
100 147 53
100 148 35
100 149 50
100 150 54
100 151 47
100 152 57
100 153 49
100 154 56
100 155 44
100 156 49
100 157 55
100 158 53
100 159 48
100 160 41
100 161 41
100 162 60
100 163 38
100 164 40
100 165 43
100 166 35
100 167 51
100 168 58
100 169 48
100 170 53
100 171 60
100 172 54
100 173 45
100 174 57
100 175 54
100 176 38
100 177 42
100 178 54
100 179 37
100 180 50
100 181 57
100 182 53
100 183 42
100 184 58
100 185 55
100 186 42
100 187 44
100 188 40
100 189 60
100 190 35
100 191 35
100 192 46
100 193 56
100 194 35
100 195 41
100 196 51
100 197 39
100 198 50
100 199 49
100 200 44
100 201 45
100 202 42
100 203 51
100 204 35
100 205 40
100 206 37
100 207 38
100 208 58
100 209 40
100 210 43
101 1 49
101 2 56
101 3 50
101 4 38
101 5 38
101 6 35
101 7 57
101 8 41
101 9 52
101 10 46
101 11 36
101 12 39
101 13 43
101 14 41
101 15 43
101 16 55
101 17 53
101 18 58
101 19 44
101 20 36
101 21 47
101 22 41
101 23 60
101 24 40
101 25 59
101 26 39
101 27 37
101 28 55
101 29 51
101 30 42
101 31 54
101 32 39
101 33 51
101 34 36
101 35 58
101 36 36
101 37 45
101 38 46
101 39 42
101 40 36
101 41 50
101 42 39
101 43 54
101 44 41
101 45 40
101 46 43
101 47 59
101 48 38
101 49 59
101 50 53
101 51 42
101 52 41
101 53 38
101 54 47
101 55 55
101 56 41
101 57 52
101 58 37
101 59 60
101 60 59
101 61 50
101 62 43
101 63 59
101 64 47
101 65 43
101 66 48
101 67 36
101 68 43
101 69 47
101 70 52
101 71 40
101 72 40
101 73 50
101 74 36
101 75 44
101 76 40
101 77 36
101 78 51
101 79 54
101 80 37
101 81 60
101 82 46
101 83 55
101 84 37
101 85 36
101 86 55
101 87 59
101 88 51
101 89 54
101 90 48
101 91 58
101 92 54
101 93 35
101 94 41
101 95 57
101 96 56
101 97 36
101 98 39
101 99 49
101 100 58
101 101 0
101 102 54
101 103 51
101 104 50
101 105 54
101 106 40
101 107 44
101 108 47
101 109 45
101 110 39
101 111 55
101 112 53
101 113 48
101 114 51
101 115 54
101 116 54
101 117 57
101 118 59
101 119 54
101 120 42
101 121 49
101 122 43
101 123 39
101 124 56
101 125 60
101 126 55
101 127 46
101 128 42
101 129 49
101 130 52
101 131 51
101 132 46
101 133 43
101 134 48
101 135 37
101 136 58
101 137 48
101 138 54
101 139 41
101 140 56
101 141 37
101 142 37
101 143 35
101 144 47
101 145 36
101 146 44
101 147 52
101 148 50
101 149 50
101 150 46
101 151 43
101 152 36
101 153 47
101 154 35
101 155 55
101 156 47
101 157 54
101 158 55
101 159 57
101 160 35
101 161 42
101 162 43
101 163 48
101 164 35
101 165 38
101 166 41
101 167 55
101 168 50
101 169 55
101 170 49
101 171 48
101 172 39
101 173 50
101 174 55
101 175 41
101 176 58
101 177 35
101 178 51
101 179 50
101 180 59
101 181 43
101 182 41
101 183 57
101 184 38
101 185 51
101 186 58
101 187 40
101 188 36
101 189 51
101 190 44
101 191 49
101 192 35
101 193 48
101 194 51
101 195 42
101 196 42
101 197 55
101 198 46
101 199 46
101 200 44
101 201 60
101 202 46
101 203 52
101 204 45
101 205 56
101 206 51
101 207 42
101 208 50
101 209 42
101 210 57
102 1 46
102 2 41
102 3 50
102 4 43
102 5 43
102 6 43
102 7 59
102 8 36
102 9 54
102 10 42
102 11 55
102 12 52
102 13 51
102 14 55
102 15 57
102 16 51
102 17 41
102 18 58
102 19 44
102 20 47
102 21 37
102 22 54
102 23 45
102 24 46
102 25 57
102 26 40
102 27 35
102 28 36
102 29 49
102 30 49
102 31 42
102 32 55
102 33 36
102 34 53
102 35 59
102 36 53
102 37 52
102 38 51
102 39 41
102 40 43
102 41 47
102 42 47
102 43 35
102 44 36
102 45 39
102 46 51
102 47 51
102 48 46
102 49 35
102 50 52
102 51 55
102 52 45
102 53 57
102 54 39
102 55 57
102 56 35
102 57 55
102 58 43
102 59 60
102 60 44
102 61 55
102 62 52
102 63 50
102 64 39
102 65 36
102 66 60
102 67 46
102 68 45
102 69 37
102 70 56
102 71 40
102 72 49
102 73 45
102 74 49
102 75 49
102 76 37
102 77 56
102 78 53
102 79 36
102 80 38
102 81 49
102 82 38
102 83 47
102 84 55
102 85 59
102 86 51
102 87 43
102 88 35
102 89 51
102 90 36
102 91 59
102 92 55
102 93 50
102 94 46
102 95 56
102 96 43
102 97 35
102 98 57
102 99 43
102 100 35
102 101 52
102 102 0
102 103 41
102 104 49
102 105 41
102 106 36
102 107 43
102 108 35
102 109 47
102 110 59
102 111 53
102 112 50
102 113 54
102 114 60
102 115 46
102 116 51
102 117 44
102 118 57
102 119 45
102 120 35
102 121 42
102 122 54
102 123 46
102 124 60
102 125 54
102 126 55
102 127 56
102 128 44
102 129 56
102 130 55
102 131 44
102 132 60
102 133 57
102 134 56
102 135 51
102 136 51
102 137 55
102 138 56
102 139 37
102 140 53
102 141 48
102 142 37
102 143 52
102 144 46
102 145 47
102 146 46
102 147 47
102 148 39
102 149 56
102 150 36
102 151 38
102 152 36
102 153 40
102 154 58
102 155 43
102 156 50
102 157 60
102 158 45
102 159 52
102 160 59
102 161 42
102 162 50
102 163 53
102 164 48
102 165 51
102 166 53
102 167 59
102 168 50
102 169 52
102 170 56
102 171 60
102 172 41
102 173 59
102 174 39
102 175 35
102 176 53
102 177 49
102 178 38
102 179 55
102 180 56
102 181 41
102 182 52
102 183 45
102 184 35
102 185 60
102 186 45
102 187 52
102 188 43
102 189 38
102 190 35
102 191 51
102 192 57
102 193 59
102 194 39
102 195 49
102 196 46
102 197 41
102 198 41
102 199 40
102 200 41
102 201 47
102 202 59
102 203 57
102 204 35
102 205 43
102 206 46
102 207 55
102 208 43
102 209 48
102 210 48
103 1 46
103 2 50
103 3 43
103 4 57
103 5 49
103 6 43
103 7 60
103 8 53
103 9 59
103 10 38
103 11 38
103 12 52
103 13 51
103 14 42
103 15 40
103 16 56
103 17 47
103 18 56
103 19 49
103 20 57
103 21 53
103 22 44
103 23 35
103 24 60
103 25 56
103 26 40
103 27 45
103 28 53
103 29 35
103 30 52
103 31 37
103 32 58
103 33 40
103 34 42
103 35 50
103 36 40
103 37 50
103 38 36
103 39 47
103 40 49
103 41 51
103 42 59
103 43 54
103 44 57
103 45 59
103 46 47
103 47 45
103 48 59
103 49 47
103 50 60
103 51 52
103 52 45
103 53 44
103 54 50
103 55 59
103 56 48
103 57 48
103 58 42
103 59 41
103 60 44
103 61 48
103 62 48
103 63 45
103 64 59
103 65 47
103 66 49
103 67 49
103 68 38
103 69 41
103 70 40
103 71 55
103 72 47
103 73 35
103 74 59
103 75 56
103 76 53
103 77 52
103 78 52
103 79 38
103 80 47
103 81 39
103 82 49
103 83 54
103 84 58
103 85 56
103 86 55
103 87 39
103 88 55
103 89 57
103 90 52
103 91 44
103 92 36
103 93 37
103 94 55
103 95 37
103 96 42
103 97 58
103 98 50
103 99 43
103 100 42
103 101 48
103 102 49
103 103 0
103 104 36
103 105 48
103 106 36
103 107 48
103 108 56
103 109 58
103 110 50
103 111 60
103 112 35
103 113 52
103 114 55
103 115 49
103 116 56
103 117 60
103 118 36
103 119 60
103 120 36
103 121 53
103 122 44
103 123 52
103 124 55
103 125 50
103 126 47
103 127 51
103 128 46
103 129 53
103 130 50
103 131 52
103 132 51
103 133 38
103 134 38
103 135 36
103 136 40
103 137 41
103 138 59
103 139 36
103 140 46
103 141 40
103 142 50
103 143 42
103 144 57
103 145 60
103 146 39
103 147 48
103 148 57
103 149 52
103 150 38
103 151 51
103 152 47
103 153 58
103 154 59
103 155 49
103 156 40
103 157 45
103 158 42
103 159 46
103 160 60
103 161 52
103 162 51
103 163 56
103 164 37
103 165 53
103 166 36
103 167 40
103 168 45
103 169 45
103 170 35
103 171 55
103 172 50
103 173 42
103 174 45
103 175 48
103 176 52
103 177 35
103 178 40
103 179 46
103 180 59
103 181 38
103 182 38
103 183 54
103 184 45
103 185 46
103 186 43
103 187 59
103 188 53
103 189 51
103 190 43
103 191 38
103 192 39
103 193 39
103 194 56
103 195 45
103 196 54
103 197 58
103 198 43
103 199 41
103 200 55
103 201 51
103 202 46
103 203 45
103 204 43
103 205 48
103 206 57
103 207 60
103 208 39
103 209 35
103 210 40
104 1 38
104 2 46
104 3 45
104 4 35
104 5 42
104 6 44
104 7 60
104 8 38
104 9 53
104 10 43
104 11 48
104 12 55
104 13 41
104 14 39
104 15 35
104 16 43
104 17 37
104 18 60
104 19 47
104 20 57
104 21 52
104 22 47
104 23 56
104 24 49
104 25 38
104 26 51
104 27 54
104 28 42
104 29 55
104 30 58
104 31 39
104 32 49
104 33 55
104 34 55
104 35 40
104 36 60
104 37 57
104 38 50
104 39 41
104 40 38
104 41 60
104 42 53
104 43 37
104 44 45
104 45 48
104 46 57
104 47 39
104 48 37
104 49 46
104 50 41
104 51 35
104 52 46
104 53 40
104 54 39
104 55 40
104 56 53
104 57 37
104 58 57
104 59 44
104 60 52
104 61 44
104 62 51
104 63 50
104 64 35
104 65 60
104 66 53
104 67 48
104 68 49
104 69 51
104 70 45
104 71 59
104 72 52
104 73 47
104 74 42
104 75 55
104 76 37
104 77 42
104 78 53
104 79 58
104 80 50
104 81 51
104 82 57
104 83 40
104 84 45
104 85 44
104 86 44
104 87 50
104 88 42
104 89 37
104 90 39
104 91 41
104 92 41
104 93 35
104 94 38
104 95 50
104 96 48
104 97 56
104 98 44
104 99 35
104 100 39
104 101 37
104 102 37
104 103 54
104 104 0
104 105 58
104 106 46
104 107 43
104 108 51
104 109 52
104 110 47
104 111 48
104 112 42
104 113 50
104 114 47
104 115 35
104 116 55
104 117 38
104 118 57
104 119 35
104 120 52
104 121 51
104 122 43
104 123 51
104 124 38
104 125 39
104 126 43
104 127 48
104 128 53
104 129 55
104 130 47
104 131 59
104 132 42
104 133 44
104 134 37
104 135 50
104 136 50
104 137 36
104 138 44
104 139 48
104 140 46
104 141 42
104 142 60
104 143 60
104 144 48
104 145 54
104 146 58
104 147 47
104 148 49
104 149 41
104 150 47
104 151 47
104 152 46
104 153 49
104 154 45
104 155 43
104 156 55
104 157 57
104 158 44
104 159 49
104 160 48
104 161 35
104 162 47
104 163 49
104 164 41
104 165 53
104 166 37
104 167 42
104 168 37
104 169 40
104 170 57
104 171 42
104 172 55
104 173 44
104 174 50
104 175 38
104 176 36
104 177 54
104 178 48
104 179 51
104 180 46
104 181 53
104 182 44
104 183 41
104 184 59
104 185 43
104 186 58
104 187 48
104 188 46
104 189 46
104 190 38
104 191 35
104 192 47
104 193 44
104 194 54
104 195 41
104 196 56
104 197 35
104 198 45
104 199 52
104 200 57
104 201 39
104 202 41
104 203 46
104 204 54
104 205 52
104 206 37
104 207 47
104 208 45
104 209 49
104 210 55
105 1 39
105 2 57
105 3 48
105 4 45
105 5 41
105 6 60
105 7 45
105 8 51
105 9 40
105 10 43
105 11 36
105 12 35
105 13 49
105 14 56
105 15 41
105 16 57
105 17 35
105 18 51
105 19 56
105 20 60
105 21 59
105 22 54
105 23 38
105 24 35
105 25 41
105 26 55
105 27 35
105 28 51
105 29 47
105 30 56
105 31 50
105 32 42
105 33 44
105 34 49
105 35 43
105 36 57
105 37 40
105 38 39
105 39 45
105 40 60
105 41 56
105 42 40
105 43 58
105 44 48
105 45 53
105 46 53
105 47 45
105 48 44
105 49 54
105 50 47
105 51 46
105 52 37
105 53 57
105 54 38
105 55 56
105 56 40
105 57 53
105 58 57
105 59 36
105 60 50
105 61 46
105 62 39
105 63 39
105 64 58
105 65 60
105 66 42
105 67 57
105 68 49
105 69 49
105 70 44
105 71 52
105 72 39
105 73 60
105 74 44
105 75 43
105 76 41
105 77 59
105 78 35
105 79 45
105 80 39
105 81 56
105 82 46
105 83 56
105 84 49
105 85 56
105 86 53
105 87 48
105 88 40
105 89 54
105 90 52
105 91 41
105 92 54
105 93 44
105 94 45
105 95 41
105 96 56
105 97 48
105 98 58
105 99 39
105 100 49
105 101 43
105 102 41
105 103 40
105 104 60
105 105 0
105 106 53
105 107 49
105 108 54
105 109 59
105 110 53
105 111 41
105 112 43
105 113 56
105 114 43
105 115 43
105 116 37
105 117 58
105 118 47
105 119 54
105 120 35
105 121 47
105 122 38
105 123 58
105 124 57
105 125 39
105 126 60
105 127 58
105 128 39
105 129 59
105 130 53
105 131 54
105 132 43
105 133 59
105 134 47
105 135 37
105 136 35
105 137 47
105 138 59
105 139 45
105 140 43
105 141 60
105 142 45
105 143 47
105 144 48
105 145 50
105 146 49
105 147 41
105 148 43
105 149 53
105 150 58
105 151 53
105 152 59
105 153 41
105 154 47
105 155 42
105 156 44
105 157 53
105 158 37
105 159 51
105 160 55
105 161 57
105 162 38
105 163 51
105 164 42
105 165 37
105 166 55
105 167 44
105 168 44
105 169 35
105 170 49
105 171 37
105 172 46
105 173 36
105 174 39
105 175 49
105 176 42
105 177 45
105 178 48
105 179 56
105 180 35
105 181 59
105 182 36
105 183 59
105 184 58
105 185 41
105 186 56
105 187 44
105 188 38
105 189 49
105 190 48
105 191 58
105 192 59
105 193 46
105 194 50
105 195 56
105 196 59
105 197 49
105 198 59
105 199 44
105 200 44
105 201 37
105 202 51
105 203 51
105 204 38
105 205 55
105 206 48
105 207 38
105 208 51
105 209 51
105 210 42
106 1 58
106 2 36
106 3 48
106 4 45
106 5 53
106 6 52
106 7 48
106 8 44
106 9 50
106 10 49
106 11 52
106 12 51
106 13 40
106 14 46
106 15 51
106 16 40
106 17 45
106 18 48
106 19 45
106 20 47
106 21 36
106 22 51
106 23 35
106 24 44
106 25 43
106 26 38
106 27 60
106 28 39
106 29 56
106 30 42
106 31 56
106 32 42
106 33 60
106 34 47
106 35 54
106 36 37
106 37 50
106 38 41
106 39 42
106 40 39
106 41 57
106 42 49
106 43 54
106 44 35
106 45 37
106 46 46
106 47 52
106 48 43
106 49 42
106 50 40
106 51 41
106 52 55
106 53 45
106 54 39
106 55 50
106 56 41
106 57 37
106 58 51
106 59 60
106 60 49
106 61 46
106 62 38
106 63 40
106 64 52
106 65 58
106 66 44
106 67 52
106 68 57
106 69 39
106 70 47
106 71 55
106 72 56
106 73 46
106 74 47
106 75 42
106 76 54
106 77 50
106 78 44
106 79 53
106 80 52
106 81 37
106 82 45
106 83 53
106 84 57
106 85 55
106 86 52
106 87 54
106 88 57
106 89 57
106 90 57
106 91 57
106 92 56
106 93 39
106 94 38
106 95 51
106 96 41
106 97 45
106 98 60
106 99 50
106 100 36
106 101 51
106 102 55
106 103 40
106 104 47
106 105 43
106 106 0
106 107 45
106 108 49
106 109 53
106 110 43
106 111 55
106 112 54
106 113 59
106 114 35
106 115 54
106 116 53
106 117 60
106 118 58
106 119 37
106 120 44
106 121 39
106 122 47
106 123 58
106 124 57
106 125 36
106 126 52
106 127 59
106 128 47
106 129 46
106 130 47
106 131 49
106 132 57
106 133 52
106 134 38
106 135 47
106 136 48
106 137 52
106 138 39
106 139 45
106 140 37
106 141 43
106 142 44
106 143 60
106 144 40
106 145 36
106 146 44
106 147 55
106 148 35
106 149 47
106 150 44
106 151 50
106 152 52
106 153 43
106 154 53
106 155 44
106 156 45
106 157 49
106 158 37
106 159 54
106 160 44
106 161 52
106 162 36
106 163 53
106 164 57
106 165 43
106 166 50
106 167 35
106 168 49
106 169 44
106 170 57
106 171 50
106 172 54
106 173 39
106 174 57
106 175 48
106 176 39
106 177 51
106 178 38
106 179 37
106 180 37
106 181 43
106 182 48
106 183 55
106 184 36
106 185 41
106 186 49
106 187 41
106 188 50
106 189 41
106 190 43
106 191 37
106 192 41
106 193 44
106 194 40
106 195 41
106 196 50
106 197 41
106 198 55
106 199 40
106 200 53
106 201 52
106 202 36
106 203 37
106 204 59
106 205 47
106 206 51
106 207 54
106 208 44
106 209 56
106 210 40
107 1 47
107 2 48
107 3 53
107 4 42
107 5 46
107 6 46
107 7 58
107 8 41
107 9 56
107 10 45
107 11 49
107 12 54
107 13 58
107 14 40
107 15 40
107 16 52
107 17 40
107 18 53
107 19 55
107 20 55
107 21 45
107 22 40
107 23 37
107 24 48
107 25 49
107 26 60
107 27 46
107 28 35
107 29 36
107 30 60
107 31 53
107 32 51
107 33 53
107 34 46
107 35 59
107 36 60
107 37 51
107 38 41
107 39 43
107 40 41
107 41 51
107 42 59
107 43 43
107 44 55
107 45 54
107 46 49
107 47 49
107 48 59
107 49 44
107 50 56
107 51 51
107 52 38
107 53 42
107 54 60
107 55 46
107 56 38
107 57 54
107 58 43
107 59 44
107 60 41
107 61 44
107 62 50
107 63 55
107 64 57
107 65 60
107 66 60
107 67 51
107 68 49
107 69 52
107 70 40
107 71 38
107 72 42
107 73 59
107 74 58
107 75 50
107 76 44
107 77 40
107 78 35
107 79 50
107 80 59
107 81 51
107 82 59
107 83 54
107 84 45
107 85 45
107 86 51
107 87 46
107 88 51
107 89 44
107 90 52
107 91 42
107 92 56
107 93 58
107 94 45
107 95 48
107 96 35
107 97 52
107 98 58
107 99 49
107 100 40
107 101 58
107 102 37
107 103 46
107 104 60
107 105 44
107 106 58
107 107 0
107 108 58
107 109 45
107 110 52
107 111 59
107 112 59
107 113 57
107 114 60
107 115 47
107 116 42
107 117 48
107 118 37
107 119 60
107 120 36
107 121 50
107 122 36
107 123 50
107 124 53
107 125 40
107 126 45
107 127 54
107 128 55
107 129 47
107 130 49
107 131 39
107 132 45
107 133 57
107 134 45
107 135 49
107 136 41
107 137 41
107 138 48
107 139 44
107 140 54
107 141 36
107 142 52
107 143 50
107 144 47
107 145 44
107 146 59
107 147 42
107 148 56
107 149 36
107 150 38
107 151 60
107 152 40
107 153 53
107 154 35
107 155 36
107 156 48
107 157 38
107 158 38
107 159 54
107 160 55
107 161 52
107 162 35
107 163 58
107 164 58
107 165 56
107 166 39
107 167 56
107 168 43
107 169 54
107 170 49
107 171 38
107 172 55
107 173 43
107 174 54
107 175 53
107 176 60
107 177 40
107 178 38
107 179 46
107 180 40
107 181 47
107 182 50
107 183 50
107 184 56
107 185 37
107 186 42
107 187 43
107 188 44
107 189 50
107 190 42
107 191 60
107 192 40
107 193 57
107 194 43
107 195 46
107 196 38
107 197 56
107 198 55
107 199 50
107 200 56
107 201 40
107 202 41
107 203 38
107 204 50
107 205 39
107 206 37
107 207 38
107 208 38
107 209 53
107 210 55
108 1 53
108 2 43
108 3 52
108 4 41
108 5 49
108 6 48
108 7 60
108 8 55
108 9 44
108 10 45
108 11 36
108 12 47
108 13 58
108 14 41
108 15 53
108 16 58
108 17 55
108 18 52
108 19 60
108 20 53
108 21 40
108 22 39
108 23 46
108 24 42
108 25 43
108 26 35
108 27 47
108 28 58
108 29 57
108 30 47
108 31 45
108 32 39
108 33 37
108 34 58
108 35 49
108 36 54
108 37 35
108 38 43
108 39 52
108 40 51
108 41 48
108 42 37
108 43 54
108 44 44
108 45 55
108 46 46
108 47 37
108 48 37
108 49 46
108 50 49
108 51 45
108 52 52
108 53 41
108 54 35
108 55 60
108 56 40
108 57 51
108 58 51
108 59 55
108 60 58
108 61 41
108 62 54
108 63 58
108 64 36
108 65 44
108 66 52
108 67 57
108 68 59
108 69 57
108 70 38
108 71 47
108 72 42
108 73 35
108 74 56
108 75 46
108 76 39
108 77 38
108 78 38
108 79 35
108 80 53
108 81 35
108 82 51
108 83 55
108 84 51
108 85 44
108 86 43
108 87 38
108 88 47
108 89 43
108 90 52
108 91 56
108 92 44
108 93 38
108 94 48
108 95 38
108 96 36
108 97 44
108 98 35
108 99 49
108 100 55
108 101 59
108 102 45
108 103 35
108 104 44
108 105 49
108 106 40
108 107 47
108 108 0
108 109 47
108 110 57
108 111 38
108 112 55
108 113 37
108 114 44
108 115 45
108 116 58
108 117 60
108 118 49
108 119 57
108 120 36
108 121 59
108 122 36
108 123 58
108 124 56
108 125 47
108 126 39
108 127 47
108 128 53
108 129 51
108 130 35
108 131 58
108 132 42
108 133 39
108 134 40
108 135 39
108 136 36
108 137 37
108 138 44
108 139 53
108 140 58
108 141 36
108 142 36
108 143 35
108 144 35
108 145 53
108 146 38
108 147 55
108 148 38
108 149 49
108 150 36
108 151 55
108 152 56
108 153 35
108 154 56
108 155 44
108 156 52
108 157 56
108 158 48
108 159 57
108 160 49
108 161 45
108 162 44
108 163 50
108 164 58
108 165 54
108 166 48
108 167 51
108 168 52
108 169 50
108 170 55
108 171 45
108 172 41
108 173 41
108 174 36
108 175 44
108 176 36
108 177 43
108 178 39
108 179 43
108 180 57
108 181 43
108 182 41
108 183 52
108 184 59
108 185 60
108 186 47
108 187 46
108 188 44
108 189 58
108 190 57
108 191 53
108 192 46
108 193 60
108 194 60
108 195 48
108 196 52
108 197 42
108 198 44
108 199 57
108 200 56
108 201 42
108 202 37
108 203 36
108 204 47
108 205 49
108 206 55
108 207 59
108 208 44
108 209 51
108 210 44
109 1 54
109 2 43
109 3 39
109 4 43
109 5 60
109 6 38
109 7 46
109 8 41
109 9 39
109 10 45
109 11 53
109 12 51
109 13 51
109 14 39
109 15 52
109 16 52
109 17 57
109 18 40
109 19 42
109 20 57
109 21 48
109 22 41
109 23 58
109 24 35
109 25 47
109 26 41
109 27 40
109 28 50
109 29 44
109 30 58
109 31 60
109 32 56
109 33 44
109 34 48
109 35 41
109 36 57
109 37 35
109 38 36
109 39 42
109 40 43
109 41 54
109 42 53
109 43 43
109 44 36
109 45 55
109 46 38
109 47 48
109 48 46
109 49 42
109 50 36
109 51 48
109 52 41
109 53 41
109 54 53
109 55 46
109 56 36
109 57 48
109 58 58
109 59 57
109 60 52
109 61 43
109 62 44
109 63 60
109 64 55
109 65 38
109 66 53
109 67 40
109 68 53
109 69 44
109 70 47
109 71 59
109 72 57
109 73 50
109 74 51
109 75 59
109 76 57
109 77 49
109 78 47
109 79 51
109 80 51
109 81 40
109 82 50
109 83 50
109 84 43
109 85 36
109 86 38
109 87 39
109 88 43
109 89 44
109 90 41
109 91 44
109 92 58
109 93 35
109 94 57
109 95 47
109 96 51
109 97 45
109 98 58
109 99 37
109 100 54
109 101 49
109 102 35
109 103 48
109 104 40
109 105 49
109 106 40
109 107 56
109 108 52
109 109 0
109 110 59
109 111 58
109 112 42
109 113 50
109 114 38
109 115 45
109 116 57
109 117 54
109 118 52
109 119 38
109 120 35
109 121 37
109 122 47
109 123 39
109 124 39
109 125 48
109 126 51
109 127 52
109 128 38
109 129 41
109 130 43
109 131 46
109 132 50
109 133 50
109 134 41
109 135 49
109 136 56
109 137 54
109 138 56
109 139 59
109 140 39
109 141 37
109 142 55
109 143 59
109 144 46
109 145 52
109 146 46
109 147 50
109 148 48
109 149 35
109 150 44
109 151 57
109 152 41
109 153 40
109 154 36
109 155 58
109 156 47
109 157 59
109 158 51
109 159 54
109 160 46
109 161 52
109 162 39
109 163 35
109 164 48
109 165 55
109 166 47
109 167 36
109 168 45
109 169 52
109 170 37
109 171 55
109 172 44
109 173 58
109 174 56
109 175 52
109 176 47
109 177 41
109 178 35
109 179 40
109 180 36
109 181 37
109 182 42
109 183 46
109 184 36
109 185 38
109 186 54
109 187 55
109 188 58
109 189 47
109 190 53
109 191 42
109 192 39
109 193 58
109 194 46
109 195 57
109 196 55
109 197 56
109 198 50
109 199 39
109 200 57
109 201 58
109 202 54
109 203 52
109 204 44
109 205 35
109 206 43
109 207 52
109 208 52
109 209 60
109 210 48
110 1 46
110 2 46
110 3 47
110 4 37
110 5 41
110 6 37
110 7 45
110 8 46
110 9 49
110 10 37
110 11 37
110 12 56
110 13 55
110 14 38
110 15 54
110 16 57
110 17 56
110 18 57
110 19 42
110 20 41
110 21 36
110 22 46
110 23 36
110 24 41
110 25 40
110 26 39
110 27 58
110 28 55
110 29 53
110 30 59
110 31 51
110 32 39
110 33 57
110 34 35
110 35 42
110 36 38
110 37 39
110 38 40
110 39 60
110 40 59
110 41 47
110 42 51
110 43 38
110 44 57
110 45 46
110 46 39
110 47 60
110 48 48
110 49 57
110 50 48
110 51 60
110 52 59
110 53 50
110 54 43
110 55 60
110 56 50
110 57 38
110 58 51
110 59 50
110 60 51
110 61 60
110 62 50
110 63 43
110 64 38
110 65 59
110 66 52
110 67 46
110 68 46
110 69 55
110 70 42
110 71 51
110 72 35
110 73 47
110 74 43
110 75 35
110 76 49
110 77 38
110 78 57
110 79 42
110 80 43
110 81 58
110 82 40
110 83 57
110 84 46
110 85 55
110 86 60
110 87 39
110 88 58
110 89 54
110 90 39
110 91 55
110 92 36
110 93 46
110 94 49
110 95 58
110 96 55
110 97 60
110 98 38
110 99 56
110 100 40
110 101 50
110 102 51
110 103 55
110 104 49
110 105 42
110 106 50
110 107 53
110 108 36
110 109 40
110 110 0
110 111 38
110 112 45
110 113 48
110 114 36
110 115 50
110 116 46
110 117 60
110 118 47
110 119 39
110 120 37
110 121 56
110 122 42
110 123 60
110 124 53
110 125 54
110 126 43
110 127 56
110 128 47
110 129 41
110 130 38
110 131 43
110 132 50
110 133 44
110 134 58
110 135 59
110 136 58
110 137 38
110 138 38
110 139 44
110 140 40
110 141 45
110 142 47
110 143 48
110 144 46
110 145 35
110 146 45
110 147 55
110 148 50
110 149 53
110 150 35
110 151 45
110 152 51
110 153 48
110 154 58
110 155 45
110 156 39
110 157 42
110 158 56
110 159 37
110 160 45
110 161 58
110 162 39
110 163 58
110 164 55
110 165 59
110 166 44
110 167 58
110 168 45
110 169 55
110 170 58
110 171 41
110 172 44
110 173 53
110 174 49
110 175 38
110 176 47
110 177 55
110 178 42
110 179 52
110 180 41
110 181 42
110 182 55
110 183 44
110 184 49
110 185 52
110 186 55
110 187 37
110 188 59
110 189 37
110 190 41
110 191 37
110 192 55
110 193 54
110 194 35
110 195 46
110 196 44
110 197 37
110 198 40
110 199 35
110 200 35
110 201 46
110 202 56
110 203 57
110 204 54
110 205 57
110 206 56
110 207 39
110 208 47
110 209 46
110 210 45
111 1 38
111 2 36
111 3 52
111 4 48
111 5 43
111 6 45
111 7 39
111 8 57
111 9 50
111 10 40
111 11 54
111 12 46
111 13 47
111 14 45
111 15 39
111 16 41
111 17 45
111 18 35
111 19 55
111 20 43
111 21 60
111 22 37
111 23 54
111 24 59
111 25 36
111 26 50
111 27 35
111 28 43
111 29 58
111 30 54
111 31 47
111 32 51
111 33 42
111 34 51
111 35 36
111 36 41
111 37 54
111 38 48
111 39 59
111 40 49
111 41 35
111 42 60
111 43 47
111 44 48
111 45 58
111 46 39
111 47 46
111 48 57
111 49 45
111 50 45
111 51 41
111 52 42
111 53 40
111 54 45
111 55 42
111 56 35
111 57 52
111 58 56
111 59 39
111 60 52
111 61 49
111 62 37
111 63 36
111 64 59
111 65 35
111 66 39
111 67 51
111 68 56
111 69 40
111 70 46
111 71 49
111 72 52
111 73 46
111 74 45
111 75 60
111 76 54
111 77 49
111 78 39
111 79 35
111 80 51
111 81 47
111 82 50
111 83 53
111 84 51
111 85 49
111 86 60
111 87 38
111 88 47
111 89 51
111 90 55
111 91 41
111 92 35
111 93 40
111 94 58
111 95 38
111 96 35
111 97 60
111 98 53
111 99 48
111 100 57
111 101 39
111 102 56
111 103 58
111 104 40
111 105 55
111 106 51
111 107 46
111 108 55
111 109 39
111 110 58
111 111 0
111 112 47
111 113 47
111 114 59
111 115 56
111 116 46
111 117 43
111 118 46
111 119 55
111 120 43
111 121 39
111 122 43
111 123 51
111 124 35
111 125 51
111 126 60
111 127 50
111 128 35
111 129 56
111 130 58
111 131 38
111 132 51
111 133 57
111 134 59
111 135 38
111 136 56
111 137 56
111 138 58
111 139 51
111 140 45
111 141 42
111 142 59
111 143 54
111 144 60
111 145 53
111 146 48
111 147 54
111 148 39
111 149 56
111 150 53
111 151 55
111 152 50
111 153 46
111 154 52
111 155 35
111 156 39
111 157 43
111 158 42
111 159 44
111 160 59
111 161 58
111 162 36
111 163 57
111 164 55
111 165 58
111 166 59
111 167 37
111 168 39
111 169 38
111 170 35
111 171 53
111 172 50
111 173 54
111 174 43
111 175 48
111 176 43
111 177 42
111 178 44
111 179 58
111 180 35
111 181 39
111 182 37
111 183 37
111 184 52
111 185 49
111 186 42
111 187 44
111 188 55
111 189 58
111 190 46
111 191 39
111 192 48
111 193 37
111 194 35
111 195 43
111 196 59
111 197 57
111 198 55
111 199 43
111 200 45
111 201 37
111 202 37
111 203 60
111 204 60
111 205 36
111 206 58
111 207 58
111 208 35
111 209 45
111 210 49
112 1 47
112 2 49
112 3 38
112 4 49
112 5 51
112 6 39
112 7 51
112 8 48
112 9 51
112 10 52
112 11 59
112 12 52
112 13 50
112 14 40
112 15 36
112 16 58
112 17 38
112 18 36
112 19 42
112 20 52
112 21 49
112 22 41
112 23 36
112 24 54
112 25 40
112 26 37
112 27 49
112 28 53
112 29 54
112 30 55
112 31 48
112 32 49
112 33 52
112 34 52
112 35 55
112 36 47
112 37 46
112 38 44
112 39 35
112 40 37
112 41 39
112 42 58
112 43 38
112 44 60
112 45 35
112 46 50
112 47 45
112 48 44
112 49 54
112 50 49
112 51 42
112 52 42
112 53 52
112 54 53
112 55 57
112 56 42
112 57 38
112 58 39
112 59 55
112 60 36
112 61 38
112 62 53
112 63 43
112 64 39
112 65 37
112 66 41
112 67 47
112 68 46
112 69 37
112 70 43
112 71 48
112 72 35
112 73 43
112 74 35
112 75 40
112 76 51
112 77 51
112 78 54
112 79 56
112 80 42
112 81 42
112 82 39
112 83 52
112 84 44
112 85 60
112 86 46
112 87 52
112 88 37
112 89 39
112 90 40
112 91 51
112 92 56
112 93 40
112 94 43
112 95 53
112 96 58
112 97 59
112 98 57
112 99 48
112 100 53
112 101 58
112 102 52
112 103 39
112 104 45
112 105 57
112 106 35
112 107 42
112 108 37
112 109 56
112 110 39
112 111 42
112 112 0
112 113 42
112 114 59
112 115 40
112 116 46
112 117 45
112 118 41
112 119 40
112 120 52
112 121 35
112 122 43
112 123 54
112 124 46
112 125 40
112 126 55
112 127 39
112 128 41
112 129 44
112 130 48
112 131 35
112 132 47
112 133 46
112 134 50
112 135 37
112 136 58
112 137 35
112 138 42
112 139 35
112 140 51
112 141 38
112 142 47
112 143 37
112 144 56
112 145 40
112 146 47
112 147 36
112 148 41
112 149 52
112 150 54
112 151 50
112 152 39
112 153 44
112 154 59
112 155 42
112 156 41
112 157 60
112 158 60
112 159 58
112 160 42
112 161 47
112 162 35
112 163 46
112 164 50
112 165 44
112 166 60
112 167 39
112 168 39
112 169 36
112 170 38
112 171 49
112 172 35
112 173 60
112 174 52
112 175 59
112 176 58
112 177 60
112 178 57
112 179 52
112 180 37
112 181 58
112 182 41
112 183 47
112 184 36
112 185 52
112 186 51
112 187 43
112 188 49
112 189 38
112 190 36
112 191 54
112 192 60
112 193 50
112 194 53
112 195 57
112 196 39
112 197 54
112 198 49
112 199 45
112 200 35
112 201 35
112 202 45
112 203 38
112 204 41
112 205 55
112 206 57
112 207 55
112 208 57
112 209 42
112 210 40
113 1 50
113 2 57
113 3 40
113 4 43
113 5 59
113 6 44
113 7 49
113 8 52
113 9 55
113 10 37
113 11 37
113 12 39
113 13 36
113 14 38
113 15 39
113 16 45
113 17 44
113 18 39
113 19 48
113 20 36
113 21 42
113 22 39
113 23 36
113 24 45
113 25 52
113 26 46
113 27 40
113 28 46
113 29 49
113 30 36
113 31 58
113 32 55
113 33 55
113 34 53
113 35 58
113 36 38
113 37 38
113 38 35
113 39 35
113 40 50
113 41 36
113 42 60
113 43 60
113 44 38
113 45 47
113 46 39
113 47 54
113 48 60
113 49 39
113 50 36
113 51 57
113 52 40
113 53 54
113 54 44
113 55 41
113 56 40
113 57 47
113 58 35
113 59 59
113 60 50
113 61 46
113 62 58
113 63 44
113 64 57
113 65 45
113 66 48
113 67 49
113 68 51
113 69 60
113 70 41
113 71 39
113 72 49
113 73 40
113 74 48
113 75 39
113 76 42
113 77 53
113 78 56
113 79 55
113 80 41
113 81 37
113 82 49
113 83 37
113 84 35
113 85 43
113 86 57
113 87 50
113 88 59
113 89 56
113 90 42
113 91 35
113 92 48
113 93 44
113 94 45
113 95 40
113 96 55
113 97 45
113 98 51
113 99 38
113 100 40
113 101 39
113 102 41
113 103 46
113 104 57
113 105 48
113 106 47
113 107 41
113 108 39
113 109 43
113 110 60
113 111 47
113 112 47
113 113 0
113 114 39
113 115 38
113 116 54
113 117 54
113 118 35
113 119 36
113 120 56
113 121 56
113 122 60
113 123 51
113 124 37
113 125 52
113 126 55
113 127 57
113 128 38
113 129 57
113 130 55
113 131 58
113 132 42
113 133 54
113 134 43
113 135 51
113 136 42
113 137 51
113 138 59
113 139 57
113 140 55
113 141 60
113 142 37
113 143 45
113 144 43
113 145 42
113 146 53
113 147 56
113 148 57
113 149 45
113 150 60
113 151 54
113 152 39
113 153 37
113 154 44
113 155 40
113 156 55
113 157 48
113 158 41
113 159 41
113 160 45
113 161 47
113 162 52
113 163 51
113 164 44
113 165 48
113 166 55
113 167 35
113 168 44
113 169 45
113 170 39
113 171 41
113 172 57
113 173 50
113 174 60
113 175 59
113 176 57
113 177 48
113 178 36
113 179 58
113 180 45
113 181 40
113 182 60
113 183 35
113 184 37
113 185 48
113 186 35
113 187 54
113 188 49
113 189 41
113 190 49
113 191 36
113 192 57
113 193 57
113 194 55
113 195 49
113 196 59
113 197 51
113 198 39
113 199 49
113 200 53
113 201 56
113 202 59
113 203 53
113 204 51
113 205 51
113 206 60
113 207 40
113 208 43
113 209 35
113 210 38
114 1 37
114 2 39
114 3 41
114 4 55
114 5 41
114 6 54
114 7 59
114 8 45
114 9 51
114 10 47
114 11 46
114 12 56
114 13 44
114 14 47
114 15 56
114 16 54
114 17 41
114 18 35
114 19 49
114 20 52
114 21 47
114 22 48
114 23 38
114 24 56
114 25 45
114 26 35
114 27 53
114 28 50
114 29 46
114 30 47
114 31 39
114 32 39
114 33 39
114 34 40
114 35 44
114 36 48
114 37 47
114 38 35
114 39 57
114 40 48
114 41 36
114 42 53
114 43 48
114 44 53
114 45 45
114 46 51
114 47 41
114 48 56
114 49 45
114 50 59
114 51 35
114 52 48
114 53 41
114 54 39
114 55 47
114 56 53
114 57 53
114 58 45
114 59 41
114 60 46
114 61 42
114 62 43
114 63 38
114 64 40
114 65 43
114 66 43
114 67 42
114 68 37
114 69 49
114 70 55
114 71 45
114 72 52
114 73 35
114 74 36
114 75 52
114 76 38
114 77 37
114 78 51
114 79 43
114 80 55
114 81 49
114 82 39
114 83 53
114 84 47
114 85 47
114 86 44
114 87 39
114 88 49
114 89 50
114 90 36
114 91 36
114 92 48
114 93 36
114 94 54
114 95 55
114 96 49
114 97 38
114 98 59
114 99 49
114 100 59
114 101 44
114 102 45
114 103 47
114 104 38
114 105 36
114 106 53
114 107 52
114 108 47
114 109 35
114 110 44
114 111 55
114 112 52
114 113 57
114 114 0
114 115 56
114 116 42
114 117 37
114 118 37
114 119 51
114 120 47
114 121 52
114 122 41
114 123 38
114 124 54
114 125 59
114 126 43
114 127 47
114 128 48
114 129 47
114 130 40
114 131 44
114 132 39
114 133 48
114 134 55
114 135 44
114 136 41
114 137 56
114 138 54
114 139 55
114 140 45
114 141 60
114 142 52
114 143 58
114 144 38
114 145 36
114 146 53
114 147 53
114 148 41
114 149 55
114 150 49
114 151 54
114 152 44
114 153 49
114 154 60
114 155 39
114 156 58
114 157 60
114 158 43
114 159 57
114 160 38
114 161 41
114 162 58
114 163 52
114 164 60
114 165 40
114 166 54
114 167 41
114 168 37
114 169 36
114 170 40
114 171 46
114 172 54
114 173 44
114 174 55
114 175 53
114 176 50
114 177 36
114 178 45
114 179 35
114 180 58
114 181 58
114 182 36
114 183 35
114 184 35
114 185 38
114 186 51
114 187 41
114 188 44
114 189 50
114 190 38
114 191 58
114 192 35
114 193 41
114 194 37
114 195 45
114 196 36
114 197 57
114 198 37
114 199 56
114 200 36
114 201 56
114 202 50
114 203 39
114 204 45
114 205 38
114 206 58
114 207 52
114 208 47
114 209 40
114 210 56
115 1 48
115 2 37
115 3 48
115 4 36
115 5 50
115 6 59
115 7 53
115 8 51
115 9 43
115 10 41
115 11 41
115 12 46
115 13 37
115 14 38
115 15 41
115 16 51
115 17 50
115 18 42
115 19 35
115 20 43
115 21 37
115 22 57
115 23 55
115 24 42
115 25 44
115 26 44
115 27 50
115 28 51
115 29 48
115 30 55
115 31 43
115 32 60
115 33 58
115 34 41
115 35 57
115 36 49
115 37 42
115 38 41
115 39 36
115 40 52
115 41 40
115 42 54
115 43 44
115 44 44
115 45 52
115 46 54
115 47 47
115 48 38
115 49 56
115 50 47
115 51 59
115 52 46
115 53 54
115 54 35
115 55 47
115 56 40
115 57 59
115 58 59
115 59 60
115 60 53
115 61 37
115 62 54
115 63 36
115 64 35
115 65 40
115 66 42
115 67 52
115 68 60
115 69 46
115 70 38
115 71 53
115 72 47
115 73 49
115 74 44
115 75 53
115 76 37
115 77 39
115 78 52
115 79 60
115 80 39
115 81 51
115 82 51
115 83 51
115 84 39
115 85 36
115 86 46
115 87 43
115 88 46
115 89 60
115 90 54
115 91 51
115 92 56
115 93 53
115 94 59
115 95 36
115 96 51
115 97 36
115 98 49
115 99 35
115 100 52
115 101 49
115 102 46
115 103 51
115 104 52
115 105 54
115 106 50
115 107 50
115 108 57
115 109 53
115 110 40
115 111 59
115 112 47
115 113 53
115 114 53
115 115 0
115 116 40
115 117 42
115 118 58
115 119 38
115 120 57
115 121 55
115 122 46
115 123 41
115 124 57
115 125 36
115 126 54
115 127 54
115 128 51
115 129 58
115 130 41
115 131 57
115 132 54
115 133 50
115 134 52
115 135 45
115 136 40
115 137 36
115 138 49
115 139 56
115 140 35
115 141 49
115 142 58
115 143 49
115 144 50
115 145 59
115 146 46
115 147 50
115 148 59
115 149 56
115 150 50
115 151 39
115 152 43
115 153 40
115 154 53
115 155 49
115 156 48
115 157 43
115 158 60
115 159 42
115 160 56
115 161 58
115 162 56
115 163 57
115 164 41
115 165 38
115 166 52
115 167 55
115 168 45
115 169 58
115 170 59
115 171 55
115 172 40
115 173 50
115 174 38
115 175 49
115 176 51
115 177 39
115 178 46
115 179 36
115 180 54
115 181 39
115 182 43
115 183 46
115 184 49
115 185 36
115 186 40
115 187 37
115 188 36
115 189 40
115 190 47
115 191 40
115 192 43
115 193 45
115 194 57
115 195 56
115 196 41
115 197 43
115 198 59
115 199 53
115 200 54
115 201 42
115 202 60
115 203 49
115 204 48
115 205 37
115 206 45
115 207 47
115 208 50
115 209 40
115 210 38
116 1 38
116 2 48
116 3 48
116 4 60
116 5 46
116 6 40
116 7 48
116 8 50
116 9 48
116 10 36
116 11 39
116 12 52
116 13 53
116 14 38
116 15 50
116 16 35
116 17 44
116 18 46
116 19 60
116 20 56
116 21 39
116 22 59
116 23 39
116 24 46
116 25 55
116 26 49
116 27 49
116 28 41
116 29 37
116 30 39
116 31 59
116 32 43
116 33 40
116 34 39
116 35 48
116 36 60
116 37 39
116 38 38
116 39 40
116 40 47
116 41 40
116 42 54
116 43 56
116 44 55
116 45 49
116 46 48
116 47 45
116 48 50
116 49 41
116 50 41
116 51 46
116 52 56
116 53 57
116 54 38
116 55 41
116 56 48
116 57 36
116 58 58
116 59 42
116 60 59
116 61 57
116 62 59
116 63 46
116 64 43
116 65 38
116 66 57
116 67 42
116 68 39
116 69 56
116 70 57
116 71 53
116 72 51
116 73 37
116 74 57
116 75 46
116 76 44
116 77 56
116 78 36
116 79 49
116 80 53
116 81 58
116 82 44
116 83 35
116 84 38
116 85 36
116 86 35
116 87 58
116 88 53
116 89 59
116 90 48
116 91 53
116 92 37
116 93 46
116 94 60
116 95 36
116 96 46
116 97 54
116 98 48
116 99 47
116 100 40
116 101 38
116 102 42
116 103 49
116 104 43
116 105 35
116 106 44
116 107 44
116 108 51
116 109 55
116 110 39
116 111 37
116 112 46
116 113 36
116 114 39
116 115 56
116 116 0
116 117 39
116 118 43
116 119 36
116 120 37
116 121 52
116 122 44
116 123 52
116 124 48
116 125 56
116 126 47
116 127 56
116 128 48
116 129 47
116 130 39
116 131 37
116 132 47
116 133 43
116 134 47
116 135 50
116 136 43
116 137 53
116 138 38
116 139 51
116 140 43
116 141 42
116 142 50
116 143 36
116 144 40
116 145 37
116 146 60
116 147 52
116 148 46
116 149 35
116 150 43
116 151 50
116 152 39
116 153 47
116 154 42
116 155 55
116 156 35
116 157 44
116 158 56
116 159 36
116 160 41
116 161 44
116 162 39
116 163 57
116 164 44
116 165 47
116 166 40
116 167 54
116 168 36
116 169 52
116 170 52
116 171 58
116 172 35
116 173 54
116 174 55
116 175 37
116 176 50
116 177 48
116 178 60
116 179 54
116 180 52
116 181 37
116 182 60
116 183 49
116 184 49
116 185 43
116 186 53
116 187 57
116 188 45
116 189 58
116 190 43
116 191 44
116 192 39
116 193 47
116 194 43
116 195 54
116 196 40
116 197 57
116 198 50
116 199 49
116 200 42
116 201 51
116 202 42
116 203 51
116 204 41
116 205 49
116 206 52
116 207 45
116 208 55
116 209 35
116 210 56
117 1 46
117 2 50
117 3 47
117 4 52
117 5 60
117 6 49
117 7 59
117 8 44
117 9 59
117 10 49
117 11 52
117 12 52
117 13 57
117 14 48
117 15 48
117 16 60
117 17 51
117 18 45
117 19 59
117 20 45
117 21 58
117 22 38
117 23 41
117 24 41
117 25 59
117 26 42
117 27 38
117 28 42
117 29 38
117 30 51
117 31 60
117 32 45
117 33 60
117 34 54
117 35 51
117 36 51
117 37 60
117 38 54
117 39 45
117 40 51
117 41 40
117 42 57
117 43 43
117 44 49
117 45 57
117 46 45
117 47 58
117 48 53
117 49 58
117 50 52
117 51 55
117 52 60
117 53 49
117 54 54
117 55 45
117 56 37
117 57 50
117 58 44
117 59 57
117 60 46
117 61 52
117 62 51
117 63 35
117 64 52
117 65 42
117 66 46
117 67 36
117 68 36
117 69 53
117 70 43
117 71 51
117 72 57
117 73 59
117 74 36
117 75 35
117 76 57
117 77 58
117 78 56
117 79 37
117 80 52
117 81 40
117 82 45
117 83 50
117 84 35
117 85 49
117 86 37
117 87 43
117 88 46
117 89 36
117 90 36
117 91 41
117 92 42
117 93 44
117 94 58
117 95 52
117 96 49
117 97 57
117 98 54
117 99 49
117 100 41
117 101 52
117 102 37
117 103 44
117 104 51
117 105 45
117 106 45
117 107 42
117 108 53
117 109 39
117 110 58
117 111 54
117 112 38
117 113 41
117 114 48
117 115 54
117 116 56
117 117 0
117 118 47
117 119 36
117 120 41
117 121 39
117 122 49
117 123 58
117 124 35
117 125 54
117 126 46
117 127 60
117 128 35
117 129 40
117 130 59
117 131 39
117 132 57
117 133 48
117 134 57
117 135 48
117 136 48
117 137 58
117 138 40
117 139 36
117 140 36
117 141 49
117 142 45
117 143 39
117 144 43
117 145 53
117 146 44
117 147 56
117 148 41
117 149 50
117 150 50
117 151 37
117 152 35
117 153 35
117 154 50
117 155 57
117 156 48
117 157 56
117 158 47
117 159 57
117 160 38
117 161 37
117 162 42
117 163 43
117 164 54
117 165 47
117 166 36
117 167 51
117 168 35
117 169 39
117 170 58
117 171 59
117 172 55
117 173 57
117 174 48
117 175 47
117 176 45
117 177 56
117 178 49
117 179 36
117 180 45
117 181 44
117 182 60
117 183 47
117 184 59
117 185 52
117 186 36
117 187 41
117 188 47
117 189 60
117 190 37
117 191 44
117 192 35
117 193 58
117 194 53
117 195 41
117 196 43
117 197 39
117 198 44
117 199 49
117 200 54
117 201 51
117 202 46
117 203 36
117 204 43
117 205 45
117 206 36
117 207 36
117 208 37
117 209 39
117 210 36
118 1 54
118 2 53
118 3 41
118 4 42
118 5 58
118 6 37
118 7 49
118 8 49
118 9 36
118 10 60
118 11 48
118 12 49
118 13 51
118 14 56
118 15 47
118 16 59
118 17 41
118 18 54
118 19 36
118 20 38
118 21 35
118 22 55
118 23 60
118 24 59
118 25 36
118 26 41
118 27 35
118 28 39
118 29 55
118 30 51
118 31 49
118 32 41
118 33 36
118 34 35
118 35 53
118 36 42
118 37 41
118 38 60
118 39 35
118 40 55
118 41 48
118 42 58
118 43 53
118 44 49
118 45 60
118 46 54
118 47 51
118 48 59
118 49 42
118 50 58
118 51 46
118 52 44
118 53 39
118 54 45
118 55 43
118 56 42
118 57 57
118 58 48
118 59 41
118 60 36
118 61 40
118 62 55
118 63 58
118 64 48
118 65 59
118 66 35
118 67 48
118 68 43
118 69 49
118 70 46
118 71 40
118 72 57
118 73 59
118 74 58
118 75 38
118 76 47
118 77 36
118 78 41
118 79 48
118 80 45
118 81 39
118 82 51
118 83 55
118 84 42
118 85 59
118 86 35
118 87 40
118 88 48
118 89 45
118 90 45
118 91 38
118 92 35
118 93 56
118 94 43
118 95 56
118 96 38
118 97 39
118 98 51
118 99 42
118 100 50
118 101 49
118 102 51
118 103 60
118 104 38
118 105 43
118 106 58
118 107 38
118 108 50
118 109 49
118 110 39
118 111 51
118 112 38
118 113 44
118 114 35
118 115 55
118 116 45
118 117 44
118 118 0
118 119 50
118 120 54
118 121 35
118 122 50
118 123 59
118 124 48
118 125 58
118 126 37
118 127 43
118 128 38
118 129 54
118 130 35
118 131 45
118 132 49
118 133 54
118 134 45
118 135 60
118 136 59
118 137 37
118 138 50
118 139 59
118 140 41
118 141 56
118 142 53
118 143 60
118 144 43
118 145 51
118 146 41
118 147 51
118 148 53
118 149 43
118 150 41
118 151 35
118 152 52
118 153 49
118 154 38
118 155 40
118 156 36
118 157 46
118 158 41
118 159 38
118 160 35
118 161 39
118 162 38
118 163 58
118 164 50
118 165 41
118 166 57
118 167 45
118 168 47
118 169 59
118 170 60
118 171 52
118 172 39
118 173 53
118 174 48
118 175 60
118 176 40
118 177 36
118 178 55
118 179 47
118 180 55
118 181 39
118 182 41
118 183 58
118 184 35
118 185 55
118 186 55
118 187 47
118 188 58
118 189 59
118 190 35
118 191 35
118 192 40
118 193 41
118 194 57
118 195 58
118 196 47
118 197 54
118 198 43
118 199 52
118 200 37
118 201 53
118 202 40
118 203 56
118 204 45
118 205 41
118 206 41
118 207 45
118 208 36
118 209 55
118 210 50
119 1 59
119 2 41
119 3 48
119 4 54
119 5 35
119 6 41
119 7 56
119 8 39
119 9 43
119 10 38
119 11 57
119 12 49
119 13 60
119 14 56
119 15 36
119 16 41
119 17 35
119 18 56
119 19 43
119 20 57
119 21 52
119 22 60
119 23 41
119 24 59
119 25 59
119 26 59
119 27 46
119 28 59
119 29 40
119 30 54
119 31 48
119 32 43
119 33 43
119 34 45
119 35 50
119 36 54
119 37 40
119 38 46
119 39 48
119 40 54
119 41 49
119 42 39
119 43 60
119 44 58
119 45 39
119 46 60
119 47 59
119 48 54
119 49 60
119 50 50
119 51 36
119 52 35
119 53 45
119 54 47
119 55 38
119 56 43
119 57 57
119 58 40
119 59 47
119 60 38
119 61 40
119 62 37
119 63 43
119 64 51
119 65 41
119 66 54
119 67 57
119 68 52
119 69 51
119 70 37
119 71 45
119 72 60
119 73 48
119 74 39
119 75 60
119 76 39
119 77 52
119 78 35
119 79 37
119 80 57
119 81 50
119 82 57
119 83 42
119 84 54
119 85 44
119 86 36
119 87 45
119 88 50
119 89 57
119 90 48
119 91 40
119 92 57
119 93 43
119 94 53
119 95 49
119 96 51
119 97 43
119 98 57
119 99 49
119 100 45
119 101 38
119 102 41
119 103 56
119 104 58
119 105 53
119 106 48
119 107 50
119 108 40
119 109 42
119 110 39
119 111 57
119 112 40
119 113 58
119 114 46
119 115 36
119 116 35
119 117 37
119 118 56
119 119 0
119 120 57
119 121 54
119 122 38
119 123 38
119 124 56
119 125 36
119 126 37
119 127 55
119 128 43
119 129 55
119 130 56
119 131 39
119 132 39
119 133 40
119 134 60
119 135 50
119 136 58
119 137 58
119 138 41
119 139 49
119 140 52
119 141 55
119 142 37
119 143 51
119 144 41
119 145 43
119 146 47
119 147 55
119 148 53
119 149 45
119 150 36
119 151 35
119 152 48
119 153 59
119 154 41
119 155 40
119 156 39
119 157 39
119 158 59
119 159 47
119 160 38
119 161 36
119 162 38
119 163 58
119 164 60
119 165 60
119 166 41
119 167 40
119 168 39
119 169 48
119 170 39
119 171 37
119 172 42
119 173 55
119 174 49
119 175 46
119 176 52
119 177 41
119 178 44
119 179 49
119 180 56
119 181 44
119 182 45
119 183 51
119 184 49
119 185 35
119 186 47
119 187 47
119 188 38
119 189 59
119 190 55
119 191 36
119 192 51
119 193 40
119 194 60
119 195 40
119 196 35
119 197 47
119 198 43
119 199 36
119 200 44
119 201 43
119 202 48
119 203 49
119 204 48
119 205 47
119 206 40
119 207 59
119 208 47
119 209 58
119 210 55
120 1 45
120 2 48
120 3 39
120 4 50
120 5 38
120 6 40
120 7 38
120 8 59
120 9 52
120 10 44
120 11 39
120 12 39
120 13 36
120 14 56
120 15 58
120 16 56
120 17 35
120 18 57
120 19 40
120 20 37
120 21 39
120 22 39
120 23 56
120 24 53
120 25 45
120 26 57
120 27 38
120 28 39
120 29 35
120 30 48
120 31 52
120 32 60
120 33 54
120 34 55
120 35 40
120 36 60
120 37 43
120 38 38
120 39 39
120 40 50
120 41 51
120 42 59
120 43 55
120 44 58
120 45 39
120 46 49
120 47 44
120 48 52
120 49 58
120 50 41
120 51 52
120 52 53
120 53 56
120 54 60
120 55 51
120 56 43
120 57 46
120 58 54
120 59 54
120 60 58
120 61 48
120 62 49
120 63 47
120 64 54
120 65 40
120 66 53
120 67 41
120 68 41
120 69 42
120 70 40
120 71 48
120 72 44
120 73 38
120 74 49
120 75 46
120 76 53
120 77 39
120 78 59
120 79 60
120 80 36
120 81 53
120 82 58
120 83 54
120 84 58
120 85 47
120 86 41
120 87 52
120 88 56
120 89 43
120 90 53
120 91 42
120 92 36
120 93 54
120 94 41
120 95 48
120 96 50
120 97 44
120 98 48
120 99 42
120 100 37
120 101 46
120 102 36
120 103 50
120 104 40
120 105 54
120 106 35
120 107 44
120 108 59
120 109 43
120 110 53
120 111 58
120 112 38
120 113 42
120 114 54
120 115 36
120 116 52
120 117 45
120 118 50
120 119 51
120 120 0
120 121 39
120 122 60
120 123 58
120 124 57
120 125 55
120 126 56
120 127 59
120 128 53
120 129 57
120 130 35
120 131 54
120 132 58
120 133 51
120 134 47
120 135 45
120 136 50
120 137 52
120 138 47
120 139 57
120 140 57
120 141 52
120 142 54
120 143 39
120 144 52
120 145 54
120 146 59
120 147 37
120 148 43
120 149 39
120 150 49
120 151 59
120 152 59
120 153 41
120 154 44
120 155 37
120 156 44
120 157 57
120 158 59
120 159 46
120 160 42
120 161 42
120 162 40
120 163 56
120 164 60
120 165 50
120 166 39
120 167 42
120 168 49
120 169 42
120 170 46
120 171 45
120 172 42
120 173 51
120 174 53
120 175 49
120 176 44
120 177 35
120 178 52
120 179 40
120 180 35
120 181 45
120 182 51
120 183 35
120 184 55
120 185 38
120 186 59
120 187 40
120 188 45
120 189 40
120 190 52
120 191 43
120 192 36
120 193 52
120 194 56
120 195 39
120 196 51
120 197 37
120 198 46
120 199 41
120 200 42
120 201 43
120 202 45
120 203 59
120 204 48
120 205 53
120 206 40
120 207 57
120 208 53
120 209 50
120 210 40
121 1 48
121 2 39
121 3 60
121 4 41
121 5 45
121 6 59
121 7 57
121 8 60
121 9 37
121 10 38
121 11 43
121 12 38
121 13 58
121 14 45
121 15 50
121 16 60
121 17 53
121 18 51
121 19 58
121 20 51
121 21 36
121 22 35
121 23 37
121 24 52
121 25 41
121 26 43
121 27 40
121 28 40
121 29 36
121 30 40
121 31 41
121 32 51
121 33 50
121 34 41
121 35 54
121 36 44
121 37 44
121 38 35
121 39 55
121 40 36
121 41 57
121 42 37
121 43 54
121 44 59
121 45 35
121 46 53
121 47 36
121 48 57
121 49 39
121 50 45
121 51 45
121 52 56
121 53 48
121 54 47
121 55 41
121 56 42
121 57 39
121 58 58
121 59 40
121 60 44
121 61 49
121 62 42
121 63 50
121 64 40
121 65 38
121 66 51
121 67 49
121 68 54
121 69 40
121 70 54
121 71 54
121 72 49
121 73 50
121 74 57
121 75 53
121 76 45
121 77 58
121 78 41
121 79 42
121 80 48
121 81 45
121 82 60
121 83 47
121 84 48
121 85 59
121 86 39
121 87 45
121 88 53
121 89 59
121 90 43
121 91 57
121 92 43
121 93 44
121 94 39
121 95 37
121 96 60
121 97 49
121 98 45
121 99 39
121 100 40
121 101 53
121 102 55
121 103 56
121 104 38
121 105 50
121 106 41
121 107 42
121 108 52
121 109 56
121 110 58
121 111 43
121 112 53
121 113 47
121 114 59
121 115 35
121 116 45
121 117 46
121 118 45
121 119 36
121 120 56
121 121 0
121 122 40
121 123 42
121 124 53
121 125 46
121 126 52
121 127 47
121 128 59
121 129 35
121 130 39
121 131 47
121 132 49
121 133 49
121 134 48
121 135 37
121 136 47
121 137 43
121 138 56
121 139 52
121 140 48
121 141 52
121 142 59
121 143 44
121 144 54
121 145 50
121 146 53
121 147 55
121 148 60
121 149 53
121 150 35
121 151 55
121 152 37
121 153 36
121 154 39
121 155 46
121 156 49
121 157 40
121 158 52
121 159 37
121 160 50
121 161 48
121 162 49
121 163 55
121 164 50
121 165 37
121 166 54
121 167 56
121 168 36
121 169 55
121 170 41
121 171 54
121 172 49
121 173 51
121 174 41
121 175 59
121 176 56
121 177 44
121 178 55
121 179 36
121 180 53
121 181 47
121 182 35
121 183 54
121 184 50
121 185 35
121 186 50
121 187 44
121 188 47
121 189 54
121 190 50
121 191 51
121 192 53
121 193 44
121 194 47
121 195 60
121 196 49
121 197 57
121 198 57
121 199 54
121 200 35
121 201 39
121 202 57
121 203 60
121 204 37
121 205 51
121 206 53
121 207 40
121 208 50
121 209 36
121 210 50
122 1 54
122 2 58
122 3 54
122 4 56
122 5 58
122 6 45
122 7 46
122 8 46
122 9 56
122 10 57
122 11 52
122 12 42
122 13 38
122 14 54
122 15 42
122 16 40
122 17 37
122 18 51
122 19 54
122 20 53
122 21 37
122 22 48
122 23 50
122 24 56
122 25 59
122 26 35
122 27 40
122 28 55
122 29 58
122 30 49
122 31 37
122 32 52
122 33 38
122 34 46
122 35 52
122 36 38
122 37 39
122 38 56
122 39 47
122 40 57
122 41 40
122 42 41
122 43 57
122 44 47
122 45 49
122 46 36
122 47 60
122 48 58
122 49 49
122 50 35
122 51 40
122 52 57
122 53 46
122 54 43
122 55 44
122 56 39
122 57 57
122 58 52
122 59 57
122 60 53
122 61 48
122 62 55
122 63 40
122 64 39
122 65 36
122 66 35
122 67 53
122 68 43
122 69 39
122 70 42
122 71 37
122 72 35
122 73 52
122 74 49
122 75 47
122 76 47
122 77 59
122 78 45
122 79 55
122 80 41
122 81 36
122 82 54
122 83 60
122 84 41
122 85 38
122 86 57
122 87 54
122 88 36
122 89 43
122 90 54
122 91 37
122 92 49
122 93 58
122 94 57
122 95 53
122 96 45
122 97 43
122 98 57
122 99 40
122 100 60
122 101 42
122 102 35
122 103 47
122 104 58
122 105 49
122 106 47
122 107 35
122 108 45
122 109 57
122 110 44
122 111 45
122 112 46
122 113 46
122 114 52
122 115 36
122 116 35
122 117 44
122 118 53
122 119 58
122 120 42
122 121 60
122 122 0
122 123 54
122 124 41
122 125 57
122 126 59
122 127 51
122 128 60
122 129 47
122 130 53
122 131 53
122 132 56
122 133 60
122 134 45
122 135 49
122 136 35
122 137 49
122 138 51
122 139 51
122 140 56
122 141 36
122 142 54
122 143 42
122 144 38
122 145 53
122 146 54
122 147 60
122 148 41
122 149 35
122 150 50
122 151 47
122 152 51
122 153 41
122 154 55
122 155 53
122 156 42
122 157 55
122 158 41
122 159 52
122 160 53
122 161 49
122 162 55
122 163 42
122 164 53
122 165 49
122 166 57
122 167 51
122 168 37
122 169 36
122 170 55
122 171 50
122 172 35
122 173 54
122 174 44
122 175 41
122 176 53
122 177 53
122 178 47
122 179 42
122 180 54
122 181 39
122 182 47
122 183 48
122 184 57
122 185 59
122 186 45
122 187 44
122 188 50
122 189 42
122 190 35
122 191 56
122 192 45
122 193 36
122 194 36
122 195 42
122 196 40
122 197 42
122 198 37
122 199 54
122 200 58
122 201 58
122 202 60
122 203 52
122 204 35
122 205 40
122 206 42
122 207 47
122 208 40
122 209 57
122 210 40
123 1 42
123 2 53
123 3 46
123 4 43
123 5 52
123 6 50
123 7 58
123 8 47
123 9 35
123 10 48
123 11 37
123 12 55
123 13 47
123 14 44
123 15 60
123 16 52
123 17 41
123 18 52
123 19 42
123 20 48
123 21 44
123 22 52
123 23 39
123 24 51
123 25 46
123 26 49
123 27 35
123 28 55
123 29 57
123 30 54
123 31 46
123 32 56
123 33 55
123 34 48
123 35 57
123 36 50
123 37 41
123 38 48
123 39 40
123 40 48
123 41 51
123 42 60
123 43 41
123 44 53
123 45 51
123 46 44
123 47 47
123 48 48
123 49 37
123 50 40
123 51 37
123 52 45
123 53 42
123 54 60
123 55 52
123 56 42
123 57 45
123 58 59
123 59 52
123 60 55
123 61 46
123 62 49
123 63 52
123 64 42
123 65 45
123 66 35
123 67 38
123 68 56
123 69 40
123 70 53
123 71 39
123 72 51
123 73 44
123 74 39
123 75 48
123 76 42
123 77 58
123 78 60
123 79 39
123 80 43
123 81 48
123 82 36
123 83 38
123 84 45
123 85 45
123 86 52
123 87 46
123 88 58
123 89 45
123 90 38
123 91 51
123 92 51
123 93 56
123 94 44
123 95 41
123 96 47
123 97 42
123 98 48
123 99 54
123 100 59
123 101 58
123 102 51
123 103 59
123 104 36
123 105 40
123 106 37
123 107 42
123 108 46
123 109 36
123 110 57
123 111 36
123 112 51
123 113 54
123 114 58
123 115 47
123 116 47
123 117 56
123 118 46
123 119 59
123 120 41
123 121 53
123 122 59
123 123 0
123 124 59
123 125 37
123 126 52
123 127 35
123 128 57
123 129 58
123 130 45
123 131 50
123 132 35
123 133 49
123 134 42
123 135 47
123 136 40
123 137 48
123 138 35
123 139 57
123 140 42
123 141 42
123 142 42
123 143 36
123 144 56
123 145 46
123 146 53
123 147 60
123 148 60
123 149 36
123 150 49
123 151 42
123 152 40
123 153 45
123 154 48
123 155 42
123 156 59
123 157 54
123 158 60
123 159 57
123 160 43
123 161 45
123 162 47
123 163 59
123 164 48
123 165 40
123 166 50
123 167 46
123 168 41
123 169 59
123 170 47
123 171 35
123 172 53
123 173 50
123 174 38
123 175 58
123 176 38
123 177 49
123 178 56
123 179 58
123 180 60
123 181 47
123 182 37
123 183 52
123 184 55
123 185 43
123 186 39
123 187 53
123 188 41
123 189 56
123 190 53
123 191 59
123 192 53
123 193 36
123 194 47
123 195 49
123 196 52
123 197 36
123 198 43
123 199 44
123 200 41
123 201 35
123 202 60
123 203 51
123 204 47
123 205 47
123 206 36
123 207 45
123 208 44
123 209 37
123 210 50
124 1 48
124 2 39
124 3 46
124 4 39
124 5 45
124 6 53
124 7 57
124 8 55
124 9 49
124 10 58
124 11 42
124 12 40
124 13 55
124 14 59
124 15 38
124 16 43
124 17 51
124 18 44
124 19 42
124 20 47
124 21 39
124 22 35
124 23 56
124 24 38
124 25 36
124 26 44
124 27 59
124 28 38
124 29 44
124 30 59
124 31 40
124 32 56
124 33 37
124 34 54
124 35 56
124 36 40
124 37 42
124 38 45
124 39 56
124 40 45
124 41 50
124 42 40
124 43 40
124 44 40
124 45 51
124 46 48
124 47 44
124 48 50
124 49 53
124 50 57
124 51 46
124 52 50
124 53 38
124 54 48
124 55 35
124 56 50
124 57 60
124 58 57
124 59 49
124 60 41
124 61 52
124 62 35
124 63 42
124 64 39
124 65 42
124 66 41
124 67 43
124 68 56
124 69 44
124 70 60
124 71 45
124 72 40
124 73 42
124 74 42
124 75 51
124 76 53
124 77 60
124 78 59
124 79 51
124 80 49
124 81 37
124 82 38
124 83 42
124 84 45
124 85 50
124 86 40
124 87 57
124 88 52
124 89 60
124 90 45
124 91 43
124 92 46
124 93 42
124 94 47
124 95 42
124 96 57
124 97 56
124 98 57
124 99 47
124 100 45
124 101 55
124 102 46
124 103 45
124 104 36
124 105 56
124 106 50
124 107 36
124 108 59
124 109 50
124 110 50
124 111 41
124 112 49
124 113 49
124 114 38
124 115 36
124 116 54
124 117 41
124 118 55
124 119 39
124 120 49
124 121 53
124 122 36
124 123 58
124 124 0
124 125 58
124 126 50
124 127 47
124 128 43
124 129 54
124 130 37
124 131 36
124 132 51
124 133 46
124 134 55
124 135 38
124 136 44
124 137 58
124 138 41
124 139 43
124 140 59
124 141 40
124 142 53
124 143 38
124 144 48
124 145 44
124 146 50
124 147 45
124 148 36
124 149 41
124 150 45
124 151 40
124 152 41
124 153 40
124 154 41
124 155 38
124 156 55
124 157 42
124 158 49
124 159 49
124 160 40
124 161 42
124 162 44
124 163 39
124 164 46
124 165 36
124 166 40
124 167 35
124 168 38
124 169 38
124 170 36
124 171 35
124 172 40
124 173 36
124 174 60
124 175 45
124 176 46
124 177 54
124 178 36
124 179 53
124 180 45
124 181 60
124 182 54
124 183 50
124 184 54
124 185 53
124 186 57
124 187 57
124 188 47
124 189 36
124 190 36
124 191 35
124 192 44
124 193 60
124 194 39
124 195 52
124 196 37
124 197 37
124 198 38
124 199 45
124 200 40
124 201 43
124 202 57
124 203 41
124 204 56
124 205 48
124 206 54
124 207 47
124 208 38
124 209 37
124 210 51
125 1 40
125 2 48
125 3 39
125 4 60
125 5 47
125 6 51
125 7 51
125 8 45
125 9 46
125 10 35
125 11 52
125 12 42
125 13 43
125 14 45
125 15 45
125 16 47
125 17 52
125 18 36
125 19 36
125 20 40
125 21 60
125 22 58
125 23 46
125 24 57
125 25 49
125 26 60
125 27 56
125 28 49
125 29 44
125 30 58
125 31 47
125 32 58
125 33 58
125 34 56
125 35 54
125 36 44
125 37 53
125 38 49
125 39 49
125 40 43
125 41 53
125 42 54
125 43 41
125 44 51
125 45 51
125 46 39
125 47 60
125 48 55
125 49 59
125 50 48
125 51 36
125 52 44
125 53 40
125 54 51
125 55 52
125 56 44
125 57 54
125 58 54
125 59 36
125 60 45
125 61 52
125 62 52
125 63 49
125 64 49
125 65 51
125 66 56
125 67 43
125 68 49
125 69 46
125 70 45
125 71 52
125 72 51
125 73 49
125 74 59
125 75 41
125 76 49
125 77 41
125 78 37
125 79 59
125 80 37
125 81 52
125 82 45
125 83 53
125 84 56
125 85 49
125 86 56
125 87 57
125 88 52
125 89 35
125 90 53
125 91 44
125 92 58
125 93 45
125 94 39
125 95 49
125 96 50
125 97 35
125 98 60
125 99 56
125 100 43
125 101 38
125 102 57
125 103 51
125 104 58
125 105 53
125 106 45
125 107 53
125 108 58
125 109 59
125 110 55
125 111 45
125 112 39
125 113 35
125 114 51
125 115 45
125 116 54
125 117 39
125 118 50
125 119 57
125 120 48
125 121 40
125 122 39
125 123 38
125 124 48
125 125 0
125 126 53
125 127 55
125 128 44
125 129 58
125 130 44
125 131 41
125 132 38
125 133 52
125 134 59
125 135 60
125 136 49
125 137 56
125 138 54
125 139 60
125 140 39
125 141 46
125 142 54
125 143 49
125 144 36
125 145 50
125 146 44
125 147 44
125 148 59
125 149 37
125 150 42
125 151 59
125 152 45
125 153 57
125 154 56
125 155 40
125 156 55
125 157 42
125 158 56
125 159 35
125 160 38
125 161 52
125 162 48
125 163 41
125 164 57
125 165 50
125 166 42
125 167 53
125 168 50
125 169 45
125 170 40
125 171 55
125 172 37
125 173 46
125 174 60
125 175 46
125 176 42
125 177 40
125 178 50
125 179 50
125 180 57
125 181 53
125 182 56
125 183 52
125 184 44
125 185 47
125 186 44
125 187 49
125 188 54
125 189 41
125 190 47
125 191 59
125 192 58
125 193 58
125 194 49
125 195 37
125 196 50
125 197 35
125 198 52
125 199 48
125 200 52
125 201 41
125 202 49
125 203 42
125 204 44
125 205 50
125 206 40
125 207 54
125 208 50
125 209 44
125 210 45
126 1 54
126 2 52
126 3 53
126 4 57
126 5 41
126 6 51
126 7 54
126 8 47
126 9 60
126 10 43
126 11 50
126 12 44
126 13 50
126 14 50
126 15 46
126 16 52
126 17 41
126 18 56
126 19 59
126 20 56
126 21 59
126 22 35
126 23 44
126 24 51
126 25 43
126 26 43
126 27 52
126 28 53
126 29 46
126 30 40
126 31 54
126 32 37
126 33 54
126 34 58
126 35 60
126 36 50
126 37 41
126 38 39
126 39 52
126 40 35
126 41 60
126 42 53
126 43 52
126 44 48
126 45 43
126 46 44
126 47 43
126 48 39
126 49 58
126 50 46
126 51 51
126 52 53
126 53 46
126 54 55
126 55 36
126 56 56
126 57 39
126 58 39
126 59 37
126 60 40
126 61 41
126 62 51
126 63 54
126 64 37
126 65 47
126 66 35
126 67 38
126 68 46
126 69 42
126 70 39
126 71 42
126 72 42
126 73 40
126 74 35
126 75 48
126 76 51
126 77 46
126 78 58
126 79 50
126 80 59
126 81 56
126 82 51
126 83 53
126 84 59
126 85 48
126 86 55
126 87 51
126 88 51
126 89 58
126 90 51
126 91 53
126 92 49
126 93 37
126 94 56
126 95 45
126 96 43
126 97 58
126 98 56
126 99 48
126 100 42
126 101 56
126 102 52
126 103 38
126 104 44
126 105 44
126 106 42
126 107 39
126 108 38
126 109 49
126 110 36
126 111 39
126 112 47
126 113 56
126 114 54
126 115 47
126 116 56
126 117 51
126 118 53
126 119 59
126 120 54
126 121 49
126 122 36
126 123 52
126 124 41
126 125 41
126 126 0
126 127 59
126 128 57
126 129 59
126 130 46
126 131 56
126 132 37
126 133 36
126 134 41
126 135 48
126 136 40
126 137 39
126 138 43
126 139 56
126 140 48
126 141 46
126 142 56
126 143 46
126 144 38
126 145 41
126 146 39
126 147 38
126 148 59
126 149 56
126 150 40
126 151 58
126 152 37
126 153 60
126 154 52
126 155 46
126 156 39
126 157 47
126 158 47
126 159 54
126 160 35
126 161 40
126 162 58
126 163 56
126 164 60
126 165 58
126 166 47
126 167 46
126 168 55
126 169 59
126 170 56
126 171 47
126 172 39
126 173 48
126 174 42
126 175 52
126 176 54
126 177 51
126 178 55
126 179 48
126 180 44
126 181 47
126 182 39
126 183 53
126 184 41
126 185 57
126 186 44
126 187 54
126 188 44
126 189 60
126 190 60
126 191 45
126 192 48
126 193 54
126 194 60
126 195 38
126 196 51
126 197 47
126 198 51
126 199 37
126 200 39
126 201 49
126 202 53
126 203 38
126 204 46
126 205 59
126 206 47
126 207 57
126 208 41
126 209 43
126 210 51
127 1 59
127 2 40
127 3 35
127 4 46
127 5 52
127 6 43
127 7 54
127 8 47
127 9 56
127 10 45
127 11 50
127 12 35
127 13 37
127 14 43
127 15 52
127 16 47
127 17 57
127 18 45
127 19 53
127 20 40
127 21 40
127 22 40
127 23 47
127 24 43
127 25 48
127 26 44
127 27 51
127 28 45
127 29 56
127 30 35
127 31 44
127 32 59
127 33 53
127 34 55
127 35 37
127 36 43
127 37 51
127 38 37
127 39 58
127 40 40
127 41 46
127 42 57
127 43 59
127 44 59
127 45 53
127 46 38
127 47 54
127 48 44
127 49 41
127 50 52
127 51 55
127 52 37
127 53 52
127 54 50
127 55 56
127 56 60
127 57 57
127 58 40
127 59 43
127 60 42
127 61 41
127 62 35
127 63 57
127 64 57
127 65 52
127 66 57
127 67 42
127 68 46
127 69 44
127 70 47
127 71 57
127 72 46
127 73 58
127 74 44
127 75 39
127 76 47
127 77 44
127 78 48
127 79 51
127 80 42
127 81 39
127 82 58
127 83 58
127 84 58
127 85 45
127 86 35
127 87 52
127 88 50
127 89 40
127 90 57
127 91 35
127 92 45
127 93 46
127 94 57
127 95 46
127 96 52
127 97 44
127 98 46
127 99 55
127 100 43
127 101 55
127 102 60
127 103 39
127 104 49
127 105 45
127 106 55
127 107 57
127 108 46
127 109 46
127 110 51
127 111 44
127 112 43
127 113 42
127 114 53
127 115 42
127 116 39
127 117 46
127 118 55
127 119 56
127 120 49
127 121 57
127 122 43
127 123 35
127 124 46
127 125 48
127 126 42
127 127 0
127 128 50
127 129 41
127 130 39
127 131 40
127 132 51
127 133 60
127 134 42
127 135 56
127 136 45
127 137 41
127 138 41
127 139 43
127 140 49
127 141 43
127 142 39
127 143 59
127 144 42
127 145 46
127 146 50
127 147 57
127 148 36
127 149 60
127 150 47
127 151 50
127 152 42
127 153 42
127 154 39
127 155 37
127 156 46
127 157 47
127 158 37
127 159 46
127 160 35
127 161 42
127 162 43
127 163 59
127 164 44
127 165 58
127 166 54
127 167 57
127 168 42
127 169 57
127 170 55
127 171 38
127 172 53
127 173 41
127 174 35
127 175 57
127 176 38
127 177 43
127 178 58
127 179 52
127 180 51
127 181 56
127 182 36
127 183 58
127 184 45
127 185 35
127 186 50
127 187 35
127 188 35
127 189 52
127 190 56
127 191 49
127 192 53
127 193 49
127 194 47
127 195 48
127 196 47
127 197 38
127 198 57
127 199 35
127 200 56
127 201 44
127 202 40
127 203 35
127 204 36
127 205 40
127 206 43
127 207 60
127 208 58
127 209 45
127 210 60
128 1 55
128 2 46
128 3 57
128 4 40
128 5 57
128 6 37
128 7 37
128 8 46
128 9 53
128 10 48
128 11 51
128 12 59
128 13 51
128 14 48
128 15 45
128 16 53
128 17 47
128 18 52
128 19 38
128 20 53
128 21 41
128 22 40
128 23 60
128 24 56
128 25 45
128 26 36
128 27 46
128 28 51
128 29 44
128 30 39
128 31 36
128 32 49
128 33 53
128 34 44
128 35 51
128 36 56
128 37 47
128 38 36
128 39 57
128 40 37
128 41 57
128 42 53
128 43 55
128 44 46
128 45 57
128 46 48
128 47 59
128 48 52
128 49 45
128 50 37
128 51 53
128 52 41
128 53 42
128 54 35
128 55 59
128 56 41
128 57 36
128 58 52
128 59 40
128 60 59
128 61 53
128 62 50
128 63 54
128 64 42
128 65 56
128 66 46
128 67 60
128 68 39
128 69 60
128 70 59
128 71 60
128 72 47
128 73 60
128 74 56
128 75 52
128 76 38
128 77 39
128 78 47
128 79 41
128 80 43
128 81 44
128 82 39
128 83 47
128 84 38
128 85 54
128 86 46
128 87 57
128 88 37
128 89 57
128 90 38
128 91 56
128 92 52
128 93 57
128 94 49
128 95 56
128 96 57
128 97 46
128 98 56
128 99 44
128 100 59
128 101 55
128 102 40
128 103 57
128 104 41
128 105 45
128 106 57
128 107 35
128 108 42
128 109 37
128 110 48
128 111 48
128 112 59
128 113 39
128 114 43
128 115 42
128 116 42
128 117 48
128 118 56
128 119 50
128 120 51
128 121 55
128 122 48
128 123 48
128 124 52
128 125 49
128 126 56
128 127 36
128 128 0
128 129 56
128 130 42
128 131 37
128 132 37
128 133 48
128 134 35
128 135 35
128 136 46
128 137 42
128 138 39
128 139 42
128 140 58
128 141 52
128 142 50
128 143 60
128 144 45
128 145 44
128 146 40
128 147 51
128 148 45
128 149 43
128 150 35
128 151 55
128 152 60
128 153 59
128 154 42
128 155 47
128 156 58
128 157 35
128 158 59
128 159 45
128 160 60
128 161 60
128 162 52
128 163 58
128 164 60
128 165 42
128 166 52
128 167 36
128 168 38
128 169 44
128 170 58
128 171 49
128 172 46
128 173 36
128 174 45
128 175 35
128 176 36
128 177 50
128 178 43
128 179 46
128 180 60
128 181 54
128 182 46
128 183 50
128 184 40
128 185 51
128 186 55
128 187 42
128 188 36
128 189 52
128 190 53
128 191 42
128 192 54
128 193 39
128 194 55
128 195 37
128 196 41
128 197 58
128 198 36
128 199 39
128 200 51
128 201 52
128 202 37
128 203 51
128 204 59
128 205 39
128 206 56
128 207 60
128 208 48
128 209 43
128 210 38
129 1 45
129 2 48
129 3 55
129 4 56
129 5 50
129 6 54
129 7 56
129 8 51
129 9 36
129 10 50
129 11 58
129 12 53
129 13 47
129 14 47
129 15 41
129 16 51
129 17 53
129 18 49
129 19 58
129 20 58
129 21 54
129 22 53
129 23 43
129 24 44
129 25 38
129 26 43
129 27 56
129 28 48
129 29 42
129 30 35
129 31 59
129 32 58
129 33 53
129 34 36
129 35 53
129 36 42
129 37 51
129 38 52
129 39 35
129 40 36
129 41 42
129 42 37
129 43 40
129 44 52
129 45 43
129 46 35
129 47 50
129 48 35
129 49 38
129 50 36
129 51 39
129 52 54
129 53 48
129 54 52
129 55 59
129 56 59
129 57 39
129 58 46
129 59 44
129 60 49
129 61 37
129 62 58
129 63 60
129 64 54
129 65 35
129 66 48
129 67 44
129 68 57
129 69 54
129 70 42
129 71 41
129 72 44
129 73 50
129 74 56
129 75 53
129 76 51
129 77 44
129 78 41
129 79 50
129 80 40
129 81 43
129 82 44
129 83 49
129 84 40
129 85 38
129 86 54
129 87 51
129 88 38
129 89 37
129 90 52
129 91 53
129 92 39
129 93 44
129 94 37
129 95 35
129 96 51
129 97 37
129 98 39
129 99 56
129 100 60
129 101 46
129 102 58
129 103 48
129 104 44
129 105 42
129 106 36
129 107 60
129 108 35
129 109 54
129 110 58
129 111 54
129 112 59
129 113 56
129 114 44
129 115 46
129 116 41
129 117 60
129 118 52
129 119 38
129 120 58
129 121 54
129 122 59
129 123 54
129 124 53
129 125 55
129 126 55
129 127 45
129 128 44
129 129 0
129 130 50
129 131 58
129 132 50
129 133 49
129 134 51
129 135 37
129 136 35
129 137 49
129 138 55
129 139 44
129 140 56
129 141 59
129 142 52
129 143 36
129 144 36
129 145 48
129 146 39
129 147 48
129 148 46
129 149 44
129 150 53
129 151 35
129 152 50
129 153 40
129 154 35
129 155 54
129 156 39
129 157 57
129 158 49
129 159 60
129 160 48
129 161 41
129 162 57
129 163 60
129 164 59
129 165 58
129 166 40
129 167 53
129 168 41
129 169 37
129 170 56
129 171 42
129 172 56
129 173 45
129 174 42
129 175 56
129 176 40
129 177 42
129 178 48
129 179 45
129 180 36
129 181 40
129 182 49
129 183 51
129 184 48
129 185 46
129 186 56
129 187 41
129 188 49
129 189 44
129 190 52
129 191 45
129 192 54
129 193 57
129 194 41
129 195 43
129 196 39
129 197 46
129 198 37
129 199 47
129 200 57
129 201 35
129 202 49
129 203 48
129 204 60
129 205 52
129 206 38
129 207 49
129 208 42
129 209 40
129 210 42
130 1 52
130 2 39
130 3 36
130 4 44
130 5 56
130 6 58
130 7 50
130 8 42
130 9 56
130 10 45
130 11 52
130 12 59
130 13 51
130 14 49
130 15 47
130 16 41
130 17 50
130 18 54
130 19 59
130 20 57
130 21 44
130 22 54
130 23 40
130 24 55
130 25 53
130 26 49
130 27 47
130 28 35
130 29 60
130 30 35
130 31 59
130 32 39
130 33 55
130 34 58
130 35 37
130 36 53
130 37 44
130 38 39
130 39 39
130 40 53
130 41 36
130 42 43
130 43 51
130 44 59
130 45 56
130 46 35
130 47 47
130 48 44
130 49 49
130 50 46
130 51 37
130 52 46
130 53 58
130 54 59
130 55 57
130 56 55
130 57 59
130 58 60
130 59 53
130 60 50
130 61 47
130 62 38
130 63 46
130 64 49
130 65 60
130 66 47
130 67 45
130 68 52
130 69 46
130 70 43
130 71 43
130 72 51
130 73 60
130 74 39
130 75 59
130 76 36
130 77 57
130 78 44
130 79 36
130 80 35
130 81 48
130 82 60
130 83 35
130 84 58
130 85 51
130 86 52
130 87 35
130 88 48
130 89 51
130 90 49
130 91 57
130 92 36
130 93 52
130 94 52
130 95 54
130 96 54
130 97 46
130 98 44
130 99 52
130 100 42
130 101 46
130 102 49
130 103 59
130 104 40
130 105 41
130 106 58
130 107 41
130 108 48
130 109 51
130 110 54
130 111 45
130 112 52
130 113 45
130 114 53
130 115 40
130 116 39
130 117 48
130 118 57
130 119 39
130 120 38
130 121 48
130 122 60
130 123 55
130 124 36
130 125 42
130 126 46
130 127 51
130 128 56
130 129 35
130 130 0
130 131 57
130 132 57
130 133 41
130 134 37
130 135 59
130 136 51
130 137 38
130 138 60
130 139 57
130 140 52
130 141 36
130 142 58
130 143 47
130 144 37
130 145 55
130 146 44
130 147 46
130 148 49
130 149 45
130 150 46
130 151 44
130 152 39
130 153 51
130 154 54
130 155 50
130 156 50
130 157 40
130 158 42
130 159 51
130 160 49
130 161 53
130 162 54
130 163 37
130 164 51
130 165 46
130 166 55
130 167 58
130 168 54
130 169 57
130 170 53
130 171 49
130 172 36
130 173 44
130 174 35
130 175 43
130 176 53
130 177 35
130 178 38
130 179 43
130 180 51
130 181 47
130 182 42
130 183 53
130 184 39
130 185 44
130 186 35
130 187 58
130 188 57
130 189 56
130 190 57
130 191 35
130 192 41
130 193 57
130 194 48
130 195 35
130 196 52
130 197 42
130 198 35
130 199 59
130 200 44
130 201 48
130 202 38
130 203 42
130 204 39
130 205 59
130 206 53
130 207 58
130 208 53
130 209 40
130 210 46
131 1 43
131 2 36
131 3 56
131 4 51
131 5 44
131 6 59
131 7 36
131 8 55
131 9 43
131 10 46
131 11 36
131 12 52
131 13 36
131 14 57
131 15 46
131 16 59
131 17 55
131 18 40
131 19 38
131 20 49
131 21 56
131 22 48
131 23 47
131 24 47
131 25 53
131 26 47
131 27 56
131 28 56
131 29 59
131 30 40
131 31 47
131 32 46
131 33 42
131 34 35
131 35 55
131 36 38
131 37 56
131 38 47
131 39 38
131 40 46
131 41 58
131 42 53
131 43 36
131 44 48
131 45 58
131 46 60
131 47 54
131 48 54
131 49 39
131 50 41
131 51 50
131 52 50
131 53 40
131 54 47
131 55 59
131 56 48
131 57 47
131 58 55
131 59 35
131 60 38
131 61 40
131 62 45
131 63 60
131 64 40
131 65 49
131 66 37
131 67 59
131 68 50
131 69 42
131 70 36
131 71 57
131 72 55
131 73 42
131 74 60
131 75 38
131 76 48
131 77 35
131 78 45
131 79 38
131 80 37
131 81 54
131 82 52
131 83 46
131 84 46
131 85 57
131 86 60
131 87 59
131 88 60
131 89 53
131 90 51
131 91 38
131 92 52
131 93 46
131 94 38
131 95 39
131 96 53
131 97 42
131 98 45
131 99 38
131 100 35
131 101 37
131 102 44
131 103 56
131 104 49
131 105 57
131 106 41
131 107 48
131 108 58
131 109 48
131 110 54
131 111 54
131 112 49
131 113 52
131 114 60
131 115 46
131 116 51
131 117 54
131 118 45
131 119 44
131 120 52
131 121 57
131 122 48
131 123 39
131 124 41
131 125 60
131 126 60
131 127 41
131 128 38
131 129 36
131 130 60
131 131 0
131 132 54
131 133 47
131 134 56
131 135 35
131 136 43
131 137 47
131 138 60
131 139 37
131 140 35
131 141 39
131 142 37
131 143 45
131 144 52
131 145 44
131 146 50
131 147 51
131 148 50
131 149 39
131 150 55
131 151 39
131 152 55
131 153 56
131 154 56
131 155 47
131 156 58
131 157 46
131 158 60
131 159 41
131 160 54
131 161 38
131 162 43
131 163 56
131 164 60
131 165 59
131 166 46
131 167 47
131 168 37
131 169 53
131 170 46
131 171 50
131 172 57
131 173 58
131 174 54
131 175 53
131 176 50
131 177 47
131 178 43
131 179 52
131 180 55
131 181 38
131 182 55
131 183 50
131 184 56
131 185 51
131 186 35
131 187 51
131 188 40
131 189 35
131 190 58
131 191 53
131 192 51
131 193 50
131 194 48
131 195 37
131 196 55
131 197 50
131 198 36
131 199 42
131 200 50
131 201 51
131 202 58
131 203 51
131 204 46
131 205 60
131 206 43
131 207 39
131 208 54
131 209 45
131 210 37
132 1 59
132 2 56
132 3 41
132 4 50
132 5 54
132 6 56
132 7 43
132 8 38
132 9 56
132 10 58
132 11 58
132 12 57
132 13 60
132 14 44
132 15 60
132 16 56
132 17 54
132 18 38
132 19 53
132 20 37
132 21 39
132 22 38
132 23 39
132 24 43
132 25 48
132 26 60
132 27 59
132 28 59
132 29 41
132 30 50
132 31 52
132 32 58
132 33 35
132 34 53
132 35 40
132 36 35
132 37 52
132 38 46
132 39 40
132 40 50
132 41 50
132 42 48
132 43 60
132 44 50
132 45 47
132 46 48
132 47 56
132 48 53
132 49 51
132 50 38
132 51 52
132 52 41
132 53 52
132 54 37
132 55 35
132 56 47
132 57 55
132 58 59
132 59 59
132 60 60
132 61 41
132 62 42
132 63 55
132 64 56
132 65 37
132 66 56
132 67 35
132 68 54
132 69 51
132 70 55
132 71 59
132 72 46
132 73 47
132 74 41
132 75 53
132 76 36
132 77 36
132 78 53
132 79 59
132 80 55
132 81 36
132 82 58
132 83 47
132 84 43
132 85 44
132 86 44
132 87 55
132 88 46
132 89 49
132 90 52
132 91 40
132 92 35
132 93 46
132 94 51
132 95 45
132 96 41
132 97 57
132 98 40
132 99 39
132 100 43
132 101 38
132 102 37
132 103 49
132 104 41
132 105 39
132 106 53
132 107 60
132 108 40
132 109 57
132 110 43
132 111 58
132 112 53
132 113 58
132 114 40
132 115 50
132 116 41
132 117 57
132 118 47
132 119 36
132 120 51
132 121 59
132 122 45
132 123 36
132 124 50
132 125 57
132 126 53
132 127 45
132 128 40
132 129 47
132 130 51
132 131 41
132 132 0
132 133 57
132 134 56
132 135 43
132 136 43
132 137 36
132 138 41
132 139 45
132 140 35
132 141 44
132 142 46
132 143 60
132 144 46
132 145 59
132 146 58
132 147 54
132 148 36
132 149 53
132 150 60
132 151 53
132 152 42
132 153 42
132 154 58
132 155 59
132 156 40
132 157 60
132 158 37
132 159 42
132 160 58
132 161 54
132 162 36
132 163 60
132 164 57
132 165 55
132 166 36
132 167 36
132 168 50
132 169 50
132 170 45
132 171 49
132 172 54
132 173 49
132 174 55
132 175 37
132 176 37
132 177 41
132 178 51
132 179 49
132 180 57
132 181 37
132 182 43
132 183 60
132 184 59
132 185 37
132 186 46
132 187 51
132 188 49
132 189 56
132 190 47
132 191 52
132 192 47
132 193 46
132 194 47
132 195 58
132 196 37
132 197 40
132 198 42
132 199 56
132 200 45
132 201 50
132 202 50
132 203 57
132 204 55
132 205 38
132 206 58
132 207 57
132 208 55
132 209 48
132 210 43
133 1 39
133 2 52
133 3 50
133 4 47
133 5 49
133 6 41
133 7 47
133 8 35
133 9 44
133 10 40
133 11 50
133 12 58
133 13 42
133 14 49
133 15 52
133 16 60
133 17 37
133 18 41
133 19 44
133 20 47
133 21 55
133 22 45
133 23 44
133 24 57
133 25 49
133 26 56
133 27 58
133 28 35
133 29 51
133 30 57
133 31 36
133 32 60
133 33 51
133 34 38
133 35 52
133 36 53
133 37 48
133 38 43
133 39 39
133 40 46
133 41 58
133 42 48
133 43 57
133 44 40
133 45 44
133 46 47
133 47 47
133 48 39
133 49 50
133 50 41
133 51 45
133 52 36
133 53 56
133 54 51
133 55 45
133 56 59
133 57 47
133 58 37
133 59 48
133 60 44
133 61 60
133 62 38
133 63 53
133 64 38
133 65 44
133 66 42
133 67 35
133 68 42
133 69 42
133 70 43
133 71 56
133 72 36
133 73 44
133 74 53
133 75 57
133 76 49
133 77 48
133 78 53
133 79 56
133 80 45
133 81 35
133 82 60
133 83 47
133 84 59
133 85 58
133 86 44
133 87 55
133 88 60
133 89 40
133 90 40
133 91 36
133 92 52
133 93 60
133 94 48
133 95 48
133 96 44
133 97 37
133 98 45
133 99 42
133 100 55
133 101 40
133 102 43
133 103 57
133 104 59
133 105 54
133 106 48
133 107 51
133 108 52
133 109 60
133 110 54
133 111 47
133 112 51
133 113 41
133 114 50
133 115 50
133 116 54
133 117 60
133 118 48
133 119 57
133 120 48
133 121 39
133 122 40
133 123 37
133 124 40
133 125 54
133 126 55
133 127 38
133 128 37
133 129 57
133 130 52
133 131 45
133 132 37
133 133 0
133 134 56
133 135 55
133 136 35
133 137 57
133 138 44
133 139 46
133 140 36
133 141 40
133 142 46
133 143 49
133 144 45
133 145 50
133 146 36
133 147 56
133 148 47
133 149 43
133 150 35
133 151 55
133 152 54
133 153 45
133 154 49
133 155 42
133 156 43
133 157 37
133 158 48
133 159 37
133 160 57
133 161 44
133 162 38
133 163 44
133 164 35
133 165 46
133 166 53
133 167 53
133 168 39
133 169 46
133 170 42
133 171 48
133 172 35
133 173 54
133 174 40
133 175 54
133 176 46
133 177 48
133 178 48
133 179 51
133 180 51
133 181 56
133 182 49
133 183 57
133 184 44
133 185 44
133 186 50
133 187 49
133 188 53
133 189 60
133 190 43
133 191 50
133 192 40
133 193 51
133 194 52
133 195 38
133 196 50
133 197 36
133 198 40
133 199 40
133 200 37
133 201 36
133 202 38
133 203 38
133 204 53
133 205 50
133 206 50
133 207 38
133 208 41
133 209 54
133 210 48
134 1 40
134 2 55
134 3 50
134 4 53
134 5 41
134 6 44
134 7 37
134 8 53
134 9 56
134 10 42
134 11 48
134 12 45
134 13 42
134 14 37
134 15 40
134 16 48
134 17 60
134 18 42
134 19 55
134 20 41
134 21 51
134 22 55
134 23 57
134 24 60
134 25 56
134 26 40
134 27 37
134 28 48
134 29 55
134 30 40
134 31 50
134 32 46
134 33 41
134 34 47
134 35 57
134 36 55
134 37 60
134 38 52
134 39 53
134 40 56
134 41 45
134 42 46
134 43 39
134 44 47
134 45 51
134 46 49
134 47 43
134 48 45
134 49 52
134 50 55
134 51 52
134 52 50
134 53 45
134 54 47
134 55 54
134 56 44
134 57 47
134 58 42
134 59 44
134 60 44
134 61 46
134 62 53
134 63 43
134 64 44
134 65 37
134 66 40
134 67 42
134 68 41
134 69 58
134 70 40
134 71 45
134 72 36
134 73 43
134 74 48
134 75 60
134 76 51
134 77 55
134 78 60
134 79 38
134 80 59
134 81 60
134 82 41
134 83 45
134 84 54
134 85 56
134 86 49
134 87 57
134 88 57
134 89 45
134 90 59
134 91 50
134 92 44
134 93 36
134 94 53
134 95 50
134 96 41
134 97 50
134 98 36
134 99 59
134 100 42
134 101 45
134 102 39
134 103 57
134 104 49
134 105 44
134 106 60
134 107 42
134 108 43
134 109 60
134 110 35
134 111 46
134 112 39
134 113 35
134 114 35
134 115 36
134 116 37
134 117 42
134 118 49
134 119 55
134 120 43
134 121 41
134 122 51
134 123 48
134 124 38
134 125 47
134 126 49
134 127 60
134 128 53
134 129 55
134 130 43
134 131 55
134 132 41
134 133 39
134 134 0
134 135 59
134 136 41
134 137 51
134 138 44
134 139 42
134 140 35
134 141 56
134 142 60
134 143 51
134 144 54
134 145 60
134 146 44
134 147 52
134 148 45
134 149 44
134 150 47
134 151 37
134 152 59
134 153 42
134 154 56
134 155 49
134 156 59
134 157 42
134 158 40
134 159 51
134 160 55
134 161 40
134 162 42
134 163 39
134 164 38
134 165 51
134 166 51
134 167 42
134 168 60
134 169 35
134 170 40
134 171 35
134 172 38
134 173 39
134 174 41
134 175 35
134 176 57
134 177 43
134 178 47
134 179 44
134 180 56
134 181 47
134 182 54
134 183 44
134 184 59
134 185 58
134 186 42
134 187 48
134 188 54
134 189 43
134 190 53
134 191 52
134 192 42
134 193 35
134 194 51
134 195 44
134 196 47
134 197 49
134 198 52
134 199 37
134 200 58
134 201 44
134 202 57
134 203 53
134 204 58
134 205 55
134 206 37
134 207 39
134 208 39
134 209 43
134 210 47
135 1 41
135 2 49
135 3 50
135 4 58
135 5 48
135 6 46
135 7 41
135 8 44
135 9 41
135 10 47
135 11 58
135 12 48
135 13 46
135 14 51
135 15 40
135 16 56
135 17 42
135 18 41
135 19 54
135 20 35
135 21 49
135 22 48
135 23 53
135 24 42
135 25 52
135 26 42
135 27 36
135 28 60
135 29 35
135 30 41
135 31 38
135 32 38
135 33 42
135 34 46
135 35 57
135 36 38
135 37 58
135 38 39
135 39 44
135 40 59
135 41 58
135 42 47
135 43 38
135 44 49
135 45 47
135 46 52
135 47 53
135 48 60
135 49 57
135 50 38
135 51 47
135 52 47
135 53 58
135 54 49
135 55 57
135 56 44
135 57 47
135 58 59
135 59 39
135 60 44
135 61 45
135 62 43
135 63 55
135 64 44
135 65 37
135 66 52
135 67 50
135 68 53
135 69 58
135 70 56
135 71 56
135 72 54
135 73 38
135 74 46
135 75 53
135 76 55
135 77 57
135 78 55
135 79 36
135 80 48
135 81 44
135 82 50
135 83 49
135 84 41
135 85 55
135 86 54
135 87 39
135 88 35
135 89 56
135 90 44
135 91 54
135 92 58
135 93 43
135 94 56
135 95 48
135 96 54
135 97 45
135 98 51
135 99 56
135 100 57
135 101 54
135 102 48
135 103 44
135 104 49
135 105 47
135 106 58
135 107 57
135 108 37
135 109 35
135 110 55
135 111 54
135 112 54
135 113 56
135 114 45
135 115 46
135 116 37
135 117 38
135 118 49
135 119 47
135 120 55
135 121 51
135 122 53
135 123 49
135 124 37
135 125 52
135 126 47
135 127 44
135 128 52
135 129 37
135 130 37
135 131 53
135 132 56
135 133 54
135 134 53
135 135 0
135 136 52
135 137 50
135 138 51
135 139 39
135 140 48
135 141 40
135 142 59
135 143 59
135 144 43
135 145 41
135 146 52
135 147 39
135 148 58
135 149 55
135 150 36
135 151 55
135 152 51
135 153 51
135 154 45
135 155 56
135 156 57
135 157 37
135 158 55
135 159 50
135 160 39
135 161 56
135 162 40
135 163 51
135 164 42
135 165 60
135 166 46
135 167 56
135 168 55
135 169 47
135 170 59
135 171 59
135 172 44
135 173 60
135 174 55
135 175 51
135 176 42
135 177 43
135 178 36
135 179 50
135 180 59
135 181 40
135 182 53
135 183 35
135 184 53
135 185 48
135 186 44
135 187 51
135 188 58
135 189 44
135 190 37
135 191 46
135 192 53
135 193 43
135 194 56
135 195 40
135 196 53
135 197 42
135 198 48
135 199 50
135 200 52
135 201 46
135 202 59
135 203 46
135 204 41
135 205 43
135 206 52
135 207 52
135 208 58
135 209 56
135 210 38
136 1 51
136 2 44
136 3 54
136 4 55
136 5 45
136 6 44
136 7 45
136 8 56
136 9 51
136 10 35
136 11 38
136 12 43
136 13 51
136 14 54
136 15 51
136 16 60
136 17 59
136 18 49
136 19 37
136 20 39
136 21 53
136 22 41
136 23 52
136 24 42
136 25 54
136 26 42
136 27 56
136 28 38
136 29 57
136 30 58
136 31 52
136 32 47
136 33 38
136 34 55
136 35 43
136 36 44
136 37 58
136 38 48
136 39 44
136 40 35
136 41 52
136 42 58
136 43 57
136 44 37
136 45 52
136 46 41
136 47 42
136 48 57
136 49 38
136 50 50
136 51 41
136 52 53
136 53 50
136 54 45
136 55 54
136 56 39
136 57 40
136 58 57
136 59 58
136 60 54
136 61 37
136 62 43
136 63 48
136 64 54
136 65 48
136 66 37
136 67 40
136 68 42
136 69 60
136 70 39
136 71 39
136 72 40
136 73 50
136 74 47
136 75 60
136 76 41
136 77 44
136 78 40
136 79 44
136 80 57
136 81 51
136 82 44
136 83 39
136 84 36
136 85 54
136 86 51
136 87 46
136 88 50
136 89 53
136 90 55
136 91 43
136 92 47
136 93 47
136 94 51
136 95 44
136 96 36
136 97 52
136 98 48
136 99 59
136 100 42
136 101 54
136 102 49
136 103 46
136 104 49
136 105 48
136 106 58
136 107 51
136 108 36
136 109 47
136 110 50
136 111 60
136 112 44
136 113 59
136 114 38
136 115 58
136 116 54
136 117 43
136 118 52
136 119 52
136 120 51
136 121 58
136 122 36
136 123 60
136 124 60
136 125 52
136 126 49
136 127 49
136 128 46
136 129 49
136 130 39
136 131 41
136 132 39
136 133 43
136 134 44
136 135 44
136 136 0
136 137 42
136 138 51
136 139 49
136 140 51
136 141 59
136 142 46
136 143 52
136 144 49
136 145 52
136 146 35
136 147 52
136 148 38
136 149 37
136 150 45
136 151 59
136 152 44
136 153 43
136 154 52
136 155 51
136 156 57
136 157 40
136 158 38
136 159 59
136 160 60
136 161 60
136 162 52
136 163 43
136 164 50
136 165 51
136 166 52
136 167 37
136 168 45
136 169 36
136 170 36
136 171 36
136 172 53
136 173 60
136 174 43
136 175 44
136 176 47
136 177 44
136 178 53
136 179 58
136 180 37
136 181 51
136 182 38
136 183 59
136 184 52
136 185 60
136 186 57
136 187 53
136 188 41
136 189 38
136 190 52
136 191 48
136 192 40
136 193 48
136 194 48
136 195 57
136 196 48
136 197 56
136 198 56
136 199 54
136 200 57
136 201 35
136 202 47
136 203 48
136 204 46
136 205 50
136 206 47
136 207 35
136 208 49
136 209 36
136 210 41
137 1 58
137 2 56
137 3 42
137 4 54
137 5 52
137 6 45
137 7 53
137 8 48
137 9 38
137 10 37
137 11 59
137 12 38
137 13 37
137 14 48
137 15 42
137 16 58
137 17 50
137 18 56
137 19 58
137 20 54
137 21 42
137 22 41
137 23 39
137 24 50
137 25 35
137 26 40
137 27 52
137 28 49
137 29 36
137 30 42
137 31 49
137 32 50
137 33 40
137 34 57
137 35 40
137 36 49
137 37 39
137 38 54
137 39 44
137 40 51
137 41 42
137 42 60
137 43 52
137 44 57
137 45 44
137 46 55
137 47 56
137 48 42
137 49 38
137 50 42
137 51 39
137 52 40
137 53 40
137 54 36
137 55 35
137 56 38
137 57 36
137 58 52
137 59 52
137 60 43
137 61 53
137 62 48
137 63 50
137 64 47
137 65 45
137 66 40
137 67 45
137 68 39
137 69 35
137 70 57
137 71 60
137 72 39
137 73 44
137 74 36
137 75 50
137 76 58
137 77 57
137 78 58
137 79 38
137 80 53
137 81 48
137 82 41
137 83 38
137 84 59
137 85 48
137 86 48
137 87 56
137 88 38
137 89 58
137 90 55
137 91 52
137 92 58
137 93 37
137 94 41
137 95 48
137 96 57
137 97 36
137 98 57
137 99 51
137 100 48
137 101 44
137 102 50
137 103 54
137 104 49
137 105 47
137 106 38
137 107 56
137 108 46
137 109 53
137 110 38
137 111 44
137 112 51
137 113 42
137 114 54
137 115 43
137 116 60
137 117 44
137 118 35
137 119 51
137 120 44
137 121 37
137 122 57
137 123 44
137 124 54
137 125 48
137 126 44
137 127 49
137 128 50
137 129 59
137 130 43
137 131 44
137 132 57
137 133 58
137 134 41
137 135 53
137 136 40
137 137 0
137 138 57
137 139 53
137 140 37
137 141 49
137 142 51
137 143 54
137 144 43
137 145 37
137 146 59
137 147 52
137 148 39
137 149 60
137 150 55
137 151 48
137 152 42
137 153 57
137 154 58
137 155 60
137 156 48
137 157 37
137 158 42
137 159 46
137 160 53
137 161 57
137 162 40
137 163 53
137 164 59
137 165 59
137 166 35
137 167 52
137 168 35
137 169 51
137 170 44
137 171 38
137 172 42
137 173 47
137 174 49
137 175 41
137 176 53
137 177 35
137 178 42
137 179 46
137 180 60
137 181 57
137 182 38
137 183 60
137 184 44
137 185 58
137 186 60
137 187 55
137 188 49
137 189 53
137 190 54
137 191 36
137 192 39
137 193 36
137 194 54
137 195 39
137 196 40
137 197 39
137 198 40
137 199 59
137 200 42
137 201 36
137 202 45
137 203 57
137 204 49
137 205 50
137 206 50
137 207 52
137 208 48
137 209 57
137 210 36
138 1 37
138 2 47
138 3 46
138 4 53
138 5 36
138 6 43
138 7 60
138 8 38
138 9 49
138 10 55
138 11 49
138 12 55
138 13 57
138 14 57
138 15 56
138 16 44
138 17 36
138 18 44
138 19 55
138 20 48
138 21 50
138 22 39
138 23 56
138 24 60
138 25 54
138 26 47
138 27 54
138 28 48
138 29 51
138 30 43
138 31 53
138 32 49
138 33 59
138 34 43
138 35 54
138 36 44
138 37 56
138 38 49
138 39 39
138 40 51
138 41 39
138 42 46
138 43 52
138 44 48
138 45 60
138 46 35
138 47 41
138 48 60
138 49 43
138 50 48
138 51 47
138 52 50
138 53 54
138 54 54
138 55 40
138 56 41
138 57 55
138 58 57
138 59 55
138 60 51
138 61 46
138 62 58
138 63 46
138 64 40
138 65 36
138 66 46
138 67 53
138 68 59
138 69 37
138 70 54
138 71 42
138 72 51
138 73 56
138 74 57
138 75 49
138 76 58
138 77 40
138 78 59
138 79 42
138 80 46
138 81 44
138 82 37
138 83 46
138 84 51
138 85 56
138 86 40
138 87 57
138 88 39
138 89 46
138 90 48
138 91 40
138 92 46
138 93 41
138 94 51
138 95 48
138 96 51
138 97 56
138 98 42
138 99 45
138 100 45
138 101 56
138 102 54
138 103 47
138 104 56
138 105 36
138 106 43
138 107 47
138 108 45
138 109 49
138 110 44
138 111 50
138 112 56
138 113 37
138 114 42
138 115 51
138 116 57
138 117 40
138 118 47
138 119 50
138 120 36
138 121 41
138 122 37
138 123 50
138 124 50
138 125 52
138 126 38
138 127 50
138 128 47
138 129 54
138 130 49
138 131 45
138 132 56
138 133 56
138 134 56
138 135 37
138 136 58
138 137 38
138 138 0
138 139 56
138 140 37
138 141 46
138 142 51
138 143 41
138 144 35
138 145 56
138 146 49
138 147 40
138 148 44
138 149 52
138 150 55
138 151 46
138 152 40
138 153 47
138 154 54
138 155 59
138 156 57
138 157 59
138 158 41
138 159 60
138 160 54
138 161 39
138 162 51
138 163 35
138 164 60
138 165 41
138 166 56
138 167 46
138 168 59
138 169 44
138 170 48
138 171 35
138 172 51
138 173 56
138 174 46
138 175 39
138 176 42
138 177 49
138 178 36
138 179 38
138 180 39
138 181 60
138 182 37
138 183 48
138 184 44
138 185 43
138 186 53
138 187 59
138 188 40
138 189 53
138 190 59
138 191 58
138 192 53
138 193 48
138 194 38
138 195 52
138 196 57
138 197 35
138 198 35
138 199 53
138 200 39
138 201 49
138 202 38
138 203 53
138 204 35
138 205 35
138 206 35
138 207 60
138 208 56
138 209 37
138 210 37
139 1 42
139 2 39
139 3 41
139 4 43
139 5 39
139 6 49
139 7 41
139 8 56
139 9 35
139 10 40
139 11 60
139 12 54
139 13 50
139 14 40
139 15 43
139 16 48
139 17 42
139 18 41
139 19 42
139 20 41
139 21 40
139 22 56
139 23 37
139 24 49
139 25 51
139 26 36
139 27 47
139 28 59
139 29 41
139 30 58
139 31 40
139 32 49
139 33 58
139 34 47
139 35 55
139 36 49
139 37 35
139 38 55
139 39 44
139 40 57
139 41 43
139 42 40
139 43 43
139 44 43
139 45 39
139 46 51
139 47 35
139 48 53
139 49 48
139 50 38
139 51 44
139 52 55
139 53 54
139 54 52
139 55 42
139 56 35
139 57 54
139 58 40
139 59 37
139 60 44
139 61 59
139 62 55
139 63 39
139 64 46
139 65 55
139 66 55
139 67 45
139 68 56
139 69 38
139 70 36
139 71 47
139 72 35
139 73 44
139 74 57
139 75 37
139 76 57
139 77 57
139 78 57
139 79 50
139 80 42
139 81 49
139 82 52
139 83 55
139 84 57
139 85 60
139 86 46
139 87 39
139 88 46
139 89 35
139 90 44
139 91 57
139 92 59
139 93 36
139 94 38
139 95 55
139 96 42
139 97 56
139 98 51
139 99 55
139 100 52
139 101 55
139 102 57
139 103 49
139 104 45
139 105 47
139 106 55
139 107 57
139 108 48
139 109 55
139 110 38
139 111 42
139 112 47
139 113 38
139 114 57
139 115 40
139 116 57
139 117 52
139 118 45
139 119 49
139 120 42
139 121 49
139 122 54
139 123 52
139 124 52
139 125 42
139 126 60
139 127 50
139 128 40
139 129 52
139 130 60
139 131 44
139 132 35
139 133 43
139 134 39
139 135 43
139 136 39
139 137 54
139 138 49
139 139 0
139 140 54
139 141 52
139 142 41
139 143 44
139 144 53
139 145 45
139 146 38
139 147 36
139 148 46
139 149 42
139 150 55
139 151 36
139 152 53
139 153 35
139 154 48
139 155 36
139 156 39
139 157 45
139 158 60
139 159 45
139 160 37
139 161 56
139 162 58
139 163 56
139 164 57
139 165 52
139 166 36
139 167 56
139 168 36
139 169 58
139 170 40
139 171 49
139 172 41
139 173 49
139 174 58
139 175 42
139 176 51
139 177 60
139 178 35
139 179 36
139 180 37
139 181 48
139 182 50
139 183 36
139 184 48
139 185 59
139 186 60
139 187 43
139 188 60
139 189 55
139 190 49
139 191 60
139 192 49
139 193 41
139 194 47
139 195 54
139 196 39
139 197 55
139 198 39
139 199 53
139 200 40
139 201 49
139 202 46
139 203 45
139 204 60
139 205 43
139 206 40
139 207 36
139 208 53
139 209 40
139 210 48
140 1 48
140 2 52
140 3 37
140 4 48
140 5 56
140 6 39
140 7 37
140 8 39
140 9 49
140 10 50
140 11 46
140 12 37
140 13 54
140 14 50
140 15 58
140 16 56
140 17 55
140 18 36
140 19 38
140 20 38
140 21 51
140 22 49
140 23 49
140 24 48
140 25 42
140 26 54
140 27 35
140 28 48
140 29 45
140 30 60
140 31 43
140 32 44
140 33 47
140 34 44
140 35 53
140 36 58
140 37 59
140 38 38
140 39 53
140 40 49
140 41 38
140 42 49
140 43 55
140 44 48
140 45 47
140 46 44
140 47 40
140 48 35
140 49 50
140 50 41
140 51 35
140 52 49
140 53 35
140 54 51
140 55 44
140 56 50
140 57 47
140 58 50
140 59 48
140 60 36
140 61 56
140 62 40
140 63 60
140 64 39
140 65 58
140 66 57
140 67 36
140 68 36
140 69 43
140 70 39
140 71 41
140 72 35
140 73 59
140 74 52
140 75 45
140 76 56
140 77 57
140 78 60
140 79 60
140 80 59
140 81 40
140 82 55
140 83 37
140 84 37
140 85 55
140 86 39
140 87 60
140 88 41
140 89 50
140 90 43
140 91 46
140 92 54
140 93 59
140 94 45
140 95 35
140 96 47
140 97 46
140 98 44
140 99 48
140 100 49
140 101 42
140 102 52
140 103 46
140 104 43
140 105 45
140 106 51
140 107 41
140 108 39
140 109 57
140 110 60
140 111 43
140 112 35
140 113 47
140 114 38
140 115 42
140 116 46
140 117 41
140 118 57
140 119 46
140 120 56
140 121 40
140 122 43
140 123 51
140 124 40
140 125 48
140 126 50
140 127 39
140 128 54
140 129 52
140 130 53
140 131 52
140 132 36
140 133 48
140 134 49
140 135 46
140 136 55
140 137 54
140 138 37
140 139 38
140 140 0
140 141 39
140 142 36
140 143 37
140 144 48
140 145 43
140 146 59
140 147 42
140 148 59
140 149 57
140 150 44
140 151 59
140 152 48
140 153 48
140 154 39
140 155 41
140 156 40
140 157 59
140 158 55
140 159 41
140 160 45
140 161 53
140 162 47
140 163 59
140 164 38
140 165 60
140 166 46
140 167 50
140 168 44
140 169 52
140 170 58
140 171 40
140 172 57
140 173 36
140 174 46
140 175 38
140 176 42
140 177 44
140 178 39
140 179 36
140 180 59
140 181 55
140 182 56
140 183 51
140 184 48
140 185 48
140 186 51
140 187 53
140 188 56
140 189 48
140 190 58
140 191 54
140 192 42
140 193 41
140 194 52
140 195 53
140 196 55
140 197 39
140 198 49
140 199 53
140 200 59
140 201 49
140 202 54
140 203 37
140 204 58
140 205 46
140 206 54
140 207 44
140 208 38
140 209 39
140 210 52
141 1 53
141 2 46
141 3 54
141 4 53
141 5 58
141 6 57
141 7 50
141 8 37
141 9 43
141 10 42
141 11 38
141 12 55
141 13 42
141 14 47
141 15 46
141 16 54
141 17 56
141 18 56
141 19 50
141 20 54
141 21 55
141 22 59
141 23 43
141 24 40
141 25 48
141 26 44
141 27 48
141 28 46
141 29 58
141 30 42
141 31 58
141 32 59
141 33 49
141 34 50
141 35 37
141 36 55
141 37 47
141 38 39
141 39 42
141 40 51
141 41 54
141 42 51
141 43 56
141 44 36
141 45 42
141 46 47
141 47 41
141 48 47
141 49 43
141 50 58
141 51 49
141 52 57
141 53 54
141 54 36
141 55 37
141 56 59
141 57 50
141 58 54
141 59 60
141 60 59
141 61 45
141 62 44
141 63 38
141 64 39
141 65 59
141 66 52
141 67 35
141 68 49
141 69 52
141 70 44
141 71 44
141 72 46
141 73 45
141 74 45
141 75 45
141 76 56
141 77 44
141 78 36
141 79 49
141 80 52
141 81 59
141 82 37
141 83 58
141 84 55
141 85 45
141 86 42
141 87 60
141 88 53
141 89 51
141 90 35
141 91 38
141 92 42
141 93 46
141 94 48
141 95 44
141 96 60
141 97 38
141 98 50
141 99 38
141 100 44
141 101 35
141 102 38
141 103 49
141 104 51
141 105 45
141 106 50
141 107 38
141 108 58
141 109 55
141 110 55
141 111 47
141 112 60
141 113 53
141 114 35
141 115 35
141 116 51
141 117 41
141 118 40
141 119 39
141 120 40
141 121 43
141 122 60
141 123 44
141 124 54
141 125 56
141 126 53
141 127 35
141 128 40
141 129 40
141 130 55
141 131 54
141 132 40
141 133 53
141 134 46
141 135 43
141 136 35
141 137 50
141 138 57
141 139 46
141 140 39
141 141 0
141 142 38
141 143 45
141 144 36
141 145 42
141 146 49
141 147 39
141 148 51
141 149 46
141 150 36
141 151 41
141 152 44
141 153 47
141 154 42
141 155 51
141 156 36
141 157 39
141 158 58
141 159 56
141 160 52
141 161 54
141 162 50
141 163 38
141 164 53
141 165 48
141 166 51
141 167 46
141 168 36
141 169 37
141 170 52
141 171 47
141 172 47
141 173 35
141 174 59
141 175 56
141 176 46
141 177 52
141 178 51
141 179 47
141 180 59
141 181 56
141 182 42
141 183 47
141 184 51
141 185 37
141 186 54
141 187 51
141 188 55
141 189 56
141 190 53
141 191 42
141 192 57
141 193 39
141 194 42
141 195 59
141 196 60
141 197 46
141 198 57
141 199 58
141 200 35
141 201 38
141 202 57
141 203 56
141 204 54
141 205 42
141 206 55
141 207 40
141 208 49
141 209 42
141 210 58
142 1 38
142 2 40
142 3 58
142 4 47
142 5 55
142 6 35
142 7 57
142 8 46
142 9 35
142 10 44
142 11 38
142 12 36
142 13 40
142 14 59
142 15 56
142 16 47
142 17 60
142 18 40
142 19 37
142 20 56
142 21 46
142 22 44
142 23 42
142 24 57
142 25 51
142 26 59
142 27 35
142 28 59
142 29 56
142 30 44
142 31 50
142 32 54
142 33 38
142 34 51
142 35 54
142 36 48
142 37 49
142 38 50
142 39 60
142 40 59
142 41 36
142 42 41
142 43 36
142 44 48
142 45 44
142 46 44
142 47 57
142 48 53
142 49 46
142 50 52
142 51 48
142 52 60
142 53 37
142 54 58
142 55 58
142 56 50
142 57 37
142 58 39
142 59 44
142 60 35
142 61 40
142 62 49
142 63 45
142 64 48
142 65 37
142 66 57
142 67 49
142 68 58
142 69 44
142 70 40
142 71 59
142 72 55
142 73 51
142 74 44
142 75 35
142 76 56
142 77 44
142 78 46
142 79 35
142 80 40
142 81 56
142 82 38
142 83 46
142 84 40
142 85 59
142 86 55
142 87 58
142 88 45
142 89 50
142 90 36
142 91 45
142 92 36
142 93 38
142 94 39
142 95 49
142 96 43
142 97 42
142 98 40
142 99 43
142 100 40
142 101 53
142 102 54
142 103 37
142 104 35
142 105 59
142 106 45
142 107 52
142 108 54
142 109 37
142 110 40
142 111 43
142 112 41
142 113 58
142 114 55
142 115 52
142 116 39
142 117 35
142 118 39
142 119 40
142 120 55
142 121 44
142 122 48
142 123 41
142 124 45
142 125 35
142 126 42
142 127 60
142 128 53
142 129 35
142 130 46
142 131 55
142 132 59
142 133 44
142 134 47
142 135 46
142 136 47
142 137 47
142 138 60
142 139 35
142 140 43
142 141 60
142 142 0
142 143 35
142 144 37
142 145 56
142 146 55
142 147 56
142 148 50
142 149 38
142 150 58
142 151 56
142 152 50
142 153 39
142 154 39
142 155 50
142 156 55
142 157 53
142 158 38
142 159 37
142 160 38
142 161 58
142 162 48
142 163 46
142 164 50
142 165 51
142 166 45
142 167 42
142 168 50
142 169 55
142 170 46
142 171 60
142 172 51
142 173 42
142 174 54
142 175 55
142 176 59
142 177 35
142 178 51
142 179 43
142 180 42
142 181 39
142 182 40
142 183 41
142 184 53
142 185 53
142 186 43
142 187 35
142 188 54
142 189 35
142 190 59
142 191 56
142 192 40
142 193 46
142 194 38
142 195 57
142 196 43
142 197 55
142 198 39
142 199 46
142 200 36
142 201 55
142 202 46
142 203 52
142 204 54
142 205 55
142 206 46
142 207 49
142 208 42
142 209 59
142 210 35
143 1 52
143 2 40
143 3 39
143 4 59
143 5 51
143 6 52
143 7 45
143 8 55
143 9 56
143 10 45
143 11 57
143 12 55
143 13 39
143 14 49
143 15 60
143 16 36
143 17 38
143 18 41
143 19 57
143 20 35
143 21 48
143 22 38
143 23 53
143 24 35
143 25 36
143 26 47
143 27 48
143 28 47
143 29 53
143 30 43
143 31 56
143 32 43
143 33 59
143 34 42
143 35 37
143 36 50
143 37 37
143 38 47
143 39 47
143 40 54
143 41 42
143 42 46
143 43 35
143 44 60
143 45 41
143 46 55
143 47 60
143 48 40
143 49 49
143 50 36
143 51 50
143 52 54
143 53 57
143 54 59
143 55 60
143 56 40
143 57 46
143 58 60
143 59 46
143 60 60
143 61 45
143 62 45
143 63 57
143 64 49
143 65 57
143 66 39
143 67 60
143 68 38
143 69 42
143 70 60
143 71 53
143 72 38
143 73 41
143 74 51
143 75 42
143 76 59
143 77 36
143 78 55
143 79 40
143 80 50
143 81 58
143 82 42
143 83 46
143 84 45
143 85 58
143 86 55
143 87 41
143 88 40
143 89 50
143 90 39
143 91 42
143 92 38
143 93 44
143 94 54
143 95 38
143 96 46
143 97 57
143 98 50
143 99 49
143 100 44
143 101 57
143 102 55
143 103 39
143 104 50
143 105 60
143 106 42
143 107 41
143 108 48
143 109 46
143 110 55
143 111 37
143 112 44
143 113 53
143 114 35
143 115 53
143 116 44
143 117 37
143 118 59
143 119 48
143 120 42
143 121 48
143 122 55
143 123 36
143 124 48
143 125 46
143 126 46
143 127 56
143 128 57
143 129 43
143 130 53
143 131 36
143 132 36
143 133 59
143 134 37
143 135 57
143 136 47
143 137 37
143 138 50
143 139 60
143 140 43
143 141 54
143 142 49
143 143 0
143 144 51
143 145 37
143 146 36
143 147 55
143 148 44
143 149 40
143 150 55
143 151 39
143 152 45
143 153 46
143 154 35
143 155 44
143 156 52
143 157 59
143 158 47
143 159 38
143 160 47
143 161 47
143 162 38
143 163 42
143 164 36
143 165 60
143 166 41
143 167 60
143 168 42
143 169 42
143 170 50
143 171 40
143 172 37
143 173 47
143 174 39
143 175 41
143 176 51
143 177 54
143 178 53
143 179 39
143 180 46
143 181 52
143 182 45
143 183 43
143 184 41
143 185 35
143 186 52
143 187 40
143 188 51
143 189 56
143 190 54
143 191 54
143 192 52
143 193 45
143 194 55
143 195 42
143 196 57
143 197 36
143 198 40
143 199 51
143 200 47
143 201 45
143 202 56
143 203 55
143 204 56
143 205 36
143 206 48
143 207 35
143 208 41
143 209 42
143 210 36
144 1 44
144 2 42
144 3 60
144 4 58
144 5 35
144 6 44
144 7 38
144 8 50
144 9 59
144 10 57
144 11 42
144 12 38
144 13 39
144 14 50
144 15 52
144 16 54
144 17 59
144 18 45
144 19 38
144 20 46
144 21 49
144 22 58
144 23 60
144 24 52
144 25 48
144 26 38
144 27 55
144 28 59
144 29 37
144 30 39
144 31 45
144 32 55
144 33 58
144 34 55
144 35 54
144 36 52
144 37 53
144 38 54
144 39 40
144 40 45
144 41 45
144 42 49
144 43 47
144 44 55
144 45 56
144 46 42
144 47 60
144 48 44
144 49 37
144 50 49
144 51 52
144 52 41
144 53 59
144 54 58
144 55 55
144 56 41
144 57 47
144 58 53
144 59 48
144 60 54
144 61 59
144 62 58
144 63 54
144 64 46
144 65 52
144 66 54
144 67 49
144 68 60
144 69 46
144 70 53
144 71 35
144 72 45
144 73 52
144 74 60
144 75 46
144 76 53
144 77 56
144 78 35
144 79 59
144 80 52
144 81 43
144 82 56
144 83 56
144 84 43
144 85 49
144 86 59
144 87 57
144 88 57
144 89 55
144 90 51
144 91 37
144 92 53
144 93 36
144 94 38
144 95 39
144 96 55
144 97 60
144 98 56
144 99 58
144 100 42
144 101 45
144 102 53
144 103 42
144 104 40
144 105 44
144 106 53
144 107 54
144 108 55
144 109 41
144 110 38
144 111 54
144 112 58
144 113 56
144 114 55
144 115 47
144 116 53
144 117 55
144 118 44
144 119 48
144 120 52
144 121 58
144 122 53
144 123 51
144 124 55
144 125 56
144 126 53
144 127 54
144 128 52
144 129 54
144 130 48
144 131 57
144 132 49
144 133 54
144 134 42
144 135 59
144 136 59
144 137 45
144 138 47
144 139 49
144 140 50
144 141 36
144 142 55
144 143 57
144 144 0
144 145 48
144 146 53
144 147 43
144 148 44
144 149 44
144 150 41
144 151 45
144 152 35
144 153 35
144 154 56
144 155 54
144 156 35
144 157 54
144 158 39
144 159 55
144 160 51
144 161 46
144 162 42
144 163 47
144 164 46
144 165 44
144 166 51
144 167 40
144 168 40
144 169 40
144 170 46
144 171 52
144 172 58
144 173 52
144 174 45
144 175 59
144 176 51
144 177 37
144 178 39
144 179 45
144 180 50
144 181 46
144 182 35
144 183 46
144 184 47
144 185 47
144 186 39
144 187 44
144 188 37
144 189 58
144 190 41
144 191 60
144 192 53
144 193 55
144 194 36
144 195 52
144 196 39
144 197 39
144 198 46
144 199 50
144 200 38
144 201 58
144 202 35
144 203 55
144 204 39
144 205 60
144 206 58
144 207 44
144 208 42
144 209 58
144 210 50
145 1 36
145 2 49
145 3 57
145 4 51
145 5 43
145 6 41
145 7 43
145 8 47
145 9 59
145 10 58
145 11 47
145 12 57
145 13 46
145 14 50
145 15 58
145 16 52
145 17 54
145 18 60
145 19 46
145 20 52
145 21 56
145 22 42
145 23 43
145 24 54
145 25 52
145 26 55
145 27 55
145 28 41
145 29 58
145 30 47
145 31 55
145 32 56
145 33 41
145 34 47
145 35 44
145 36 39
145 37 40
145 38 49
145 39 57
145 40 50
145 41 45
145 42 53
145 43 35
145 44 47
145 45 56
145 46 40
145 47 52
145 48 57
145 49 43
145 50 46
145 51 58
145 52 44
145 53 41
145 54 45
145 55 58
145 56 48
145 57 52
145 58 57
145 59 59
145 60 50
145 61 49
145 62 54
145 63 44
145 64 35
145 65 56
145 66 57
145 67 41
145 68 51
145 69 39
145 70 60
145 71 39
145 72 46
145 73 49
145 74 51
145 75 43
145 76 50
145 77 35
145 78 56
145 79 46
145 80 45
145 81 46
145 82 55
145 83 53
145 84 53
145 85 38
145 86 52
145 87 41
145 88 53
145 89 44
145 90 36
145 91 40
145 92 36
145 93 55
145 94 37
145 95 38
145 96 56
145 97 43
145 98 46
145 99 48
145 100 53
145 101 35
145 102 45
145 103 36
145 104 39
145 105 40
145 106 55
145 107 36
145 108 54
145 109 52
145 110 60
145 111 42
145 112 50
145 113 47
145 114 54
145 115 60
145 116 58
145 117 50
145 118 58
145 119 39
145 120 35
145 121 39
145 122 43
145 123 52
145 124 37
145 125 39
145 126 49
145 127 43
145 128 48
145 129 56
145 130 41
145 131 59
145 132 57
145 133 55
145 134 39
145 135 35
145 136 45
145 137 41
145 138 50
145 139 51
145 140 50
145 141 58
145 142 47
145 143 59
145 144 40
145 145 0
145 146 35
145 147 46
145 148 40
145 149 43
145 150 50
145 151 49
145 152 49
145 153 52
145 154 60
145 155 40
145 156 40
145 157 36
145 158 39
145 159 58
145 160 58
145 161 55
145 162 54
145 163 43
145 164 52
145 165 54
145 166 36
145 167 39
145 168 59
145 169 39
145 170 48
145 171 44
145 172 51
145 173 35
145 174 53
145 175 43
145 176 44
145 177 54
145 178 46
145 179 37
145 180 57
145 181 39
145 182 53
145 183 44
145 184 57
145 185 38
145 186 46
145 187 58
145 188 55
145 189 59
145 190 55
145 191 57
145 192 46
145 193 57
145 194 44
145 195 51
145 196 44
145 197 56
145 198 47
145 199 37
145 200 42
145 201 51
145 202 44
145 203 42
145 204 44
145 205 60
145 206 48
145 207 53
145 208 47
145 209 37
145 210 42
146 1 40
146 2 36
146 3 37
146 4 56
146 5 42
146 6 47
146 7 38
146 8 52
146 9 48
146 10 60
146 11 38
146 12 59
146 13 54
146 14 51
146 15 49
146 16 37
146 17 39
146 18 47
146 19 58
146 20 46
146 21 55
146 22 46
146 23 43
146 24 35
146 25 43
146 26 59
146 27 35
146 28 52
146 29 51
146 30 35
146 31 49
146 32 40
146 33 54
146 34 47
146 35 37
146 36 36
146 37 42
146 38 56
146 39 41
146 40 39
146 41 36
146 42 56
146 43 58
146 44 36
146 45 50
146 46 41
146 47 44
146 48 37
146 49 50
146 50 46
146 51 48
146 52 51
146 53 43
146 54 53
146 55 56
146 56 42
146 57 59
146 58 39
146 59 37
146 60 35
146 61 57
146 62 53
146 63 54
146 64 54
146 65 50
146 66 54
146 67 44
146 68 56
146 69 52
146 70 50
146 71 35
146 72 45
146 73 56
146 74 51
146 75 60
146 76 40
146 77 41
146 78 43
146 79 48
146 80 59
146 81 48
146 82 54
146 83 45
146 84 40
146 85 45
146 86 54
146 87 59
146 88 50
146 89 50
146 90 56
146 91 40
146 92 56
146 93 58
146 94 44
146 95 56
146 96 38
146 97 47
146 98 57
146 99 58
146 100 59
146 101 54
146 102 46
146 103 39
146 104 58
146 105 59
146 106 42
146 107 50
146 108 57
146 109 53
146 110 42
146 111 46
146 112 37
146 113 47
146 114 44
146 115 60
146 116 36
146 117 53
146 118 58
146 119 60
146 120 49
146 121 38
146 122 42
146 123 36
146 124 59
146 125 44
146 126 47
146 127 45
146 128 39
146 129 54
146 130 41
146 131 58
146 132 51
146 133 58
146 134 58
146 135 36
146 136 45
146 137 36
146 138 40
146 139 37
146 140 40
146 141 48
146 142 36
146 143 40
146 144 36
146 145 49
146 146 0
146 147 50
146 148 53
146 149 52
146 150 49
146 151 54
146 152 50
146 153 54
146 154 46
146 155 40
146 156 55
146 157 52
146 158 45
146 159 35
146 160 39
146 161 57
146 162 60
146 163 45
146 164 37
146 165 58
146 166 60
146 167 55
146 168 60
146 169 59
146 170 58
146 171 52
146 172 44
146 173 49
146 174 38
146 175 47
146 176 59
146 177 53
146 178 46
146 179 41
146 180 35
146 181 59
146 182 41
146 183 42
146 184 37
146 185 48
146 186 55
146 187 48
146 188 57
146 189 48
146 190 43
146 191 45
146 192 55
146 193 41
146 194 57
146 195 53
146 196 45
146 197 59
146 198 42
146 199 47
146 200 45
146 201 40
146 202 57
146 203 53
146 204 49
146 205 51
146 206 36
146 207 35
146 208 56
146 209 56
146 210 56
147 1 43
147 2 52
147 3 58
147 4 47
147 5 39
147 6 44
147 7 54
147 8 49
147 9 35
147 10 49
147 11 36
147 12 38
147 13 36
147 14 35
147 15 36
147 16 39
147 17 35
147 18 53
147 19 42
147 20 58
147 21 39
147 22 47
147 23 55
147 24 38
147 25 44
147 26 42
147 27 44
147 28 37
147 29 43
147 30 60
147 31 56
147 32 43
147 33 37
147 34 38
147 35 57
147 36 35
147 37 46
147 38 53
147 39 40
147 40 47
147 41 39
147 42 38
147 43 58
147 44 42
147 45 48
147 46 51
147 47 58
147 48 44
147 49 40
147 50 43
147 51 56
147 52 51
147 53 38
147 54 51
147 55 43
147 56 46
147 57 37
147 58 46
147 59 38
147 60 46
147 61 49
147 62 47
147 63 49
147 64 38
147 65 37
147 66 50
147 67 55
147 68 41
147 69 56
147 70 42
147 71 45
147 72 41
147 73 45
147 74 42
147 75 35
147 76 38
147 77 38
147 78 59
147 79 52
147 80 40
147 81 53
147 82 60
147 83 43
147 84 58
147 85 41
147 86 60
147 87 52
147 88 35
147 89 52
147 90 60
147 91 53
147 92 50
147 93 45
147 94 57
147 95 48
147 96 45
147 97 55
147 98 35
147 99 53
147 100 37
147 101 38
147 102 41
147 103 51
147 104 57
147 105 36
147 106 50
147 107 45
147 108 35
147 109 46
147 110 55
147 111 54
147 112 54
147 113 60
147 114 42
147 115 44
147 116 60
147 117 35
147 118 36
147 119 55
147 120 43
147 121 42
147 122 57
147 123 55
147 124 50
147 125 51
147 126 42
147 127 40
147 128 53
147 129 55
147 130 50
147 131 59
147 132 51
147 133 35
147 134 57
147 135 36
147 136 40
147 137 53
147 138 38
147 139 35
147 140 57
147 141 44
147 142 53
147 143 48
147 144 52
147 145 60
147 146 55
147 147 0
147 148 47
147 149 56
147 150 38
147 151 43
147 152 41
147 153 60
147 154 56
147 155 41
147 156 49
147 157 43
147 158 39
147 159 41
147 160 38
147 161 45
147 162 43
147 163 39
147 164 40
147 165 58
147 166 58
147 167 36
147 168 49
147 169 53
147 170 48
147 171 42
147 172 58
147 173 48
147 174 52
147 175 37
147 176 41
147 177 38
147 178 45
147 179 52
147 180 56
147 181 38
147 182 57
147 183 59
147 184 49
147 185 46
147 186 40
147 187 46
147 188 54
147 189 52
147 190 55
147 191 41
147 192 40
147 193 59
147 194 45
147 195 45
147 196 44
147 197 40
147 198 58
147 199 53
147 200 36
147 201 35
147 202 60
147 203 52
147 204 54
147 205 49
147 206 39
147 207 56
147 208 54
147 209 48
147 210 43
148 1 60
148 2 41
148 3 52
148 4 36
148 5 42
148 6 58
148 7 56
148 8 46
148 9 36
148 10 50
148 11 52
148 12 55
148 13 40
148 14 48
148 15 35
148 16 49
148 17 38
148 18 38
148 19 41
148 20 52
148 21 38
148 22 38
148 23 40
148 24 44
148 25 54
148 26 51
148 27 60
148 28 42
148 29 56
148 30 42
148 31 45
148 32 50
148 33 47
148 34 43
148 35 36
148 36 54
148 37 48
148 38 49
148 39 56
148 40 41
148 41 36
148 42 59
148 43 55
148 44 52
148 45 43
148 46 51
148 47 50
148 48 35
148 49 35
148 50 59
148 51 43
148 52 52
148 53 44
148 54 46
148 55 58
148 56 49
148 57 52
148 58 60
148 59 50
148 60 36
148 61 56
148 62 42
148 63 37
148 64 37
148 65 35
148 66 40
148 67 39
148 68 46
148 69 49
148 70 55
148 71 50
148 72 42
148 73 41
148 74 54
148 75 44
148 76 54
148 77 54
148 78 40
148 79 37
148 80 52
148 81 51
148 82 59
148 83 46
148 84 37
148 85 46
148 86 51
148 87 44
148 88 54
148 89 59
148 90 38
148 91 54
148 92 37
148 93 58
148 94 41
148 95 57
148 96 39
148 97 46
148 98 46
148 99 50
148 100 55
148 101 44
148 102 52
148 103 50
148 104 44
148 105 40
148 106 46
148 107 49
148 108 44
148 109 52
148 110 36
148 111 57
148 112 48
148 113 48
148 114 55
148 115 57
148 116 56
148 117 60
148 118 53
148 119 42
148 120 57
148 121 50
148 122 45
148 123 41
148 124 57
148 125 39
148 126 41
148 127 40
148 128 45
148 129 50
148 130 44
148 131 60
148 132 41
148 133 42
148 134 39
148 135 40
148 136 43
148 137 39
148 138 48
148 139 51
148 140 45
148 141 38
148 142 55
148 143 43
148 144 41
148 145 39
148 146 44
148 147 36
148 148 0
148 149 44
148 150 44
148 151 52
148 152 53
148 153 38
148 154 38
148 155 45
148 156 60
148 157 59
148 158 50
148 159 49
148 160 56
148 161 35
148 162 41
148 163 56
148 164 40
148 165 39
148 166 35
148 167 60
148 168 46
148 169 51
148 170 51
148 171 37
148 172 56
148 173 43
148 174 46
148 175 38
148 176 59
148 177 39
148 178 38
148 179 45
148 180 41
148 181 39
148 182 48
148 183 39
148 184 36
148 185 46
148 186 37
148 187 49
148 188 39
148 189 50
148 190 60
148 191 52
148 192 39
148 193 46
148 194 52
148 195 57
148 196 55
148 197 59
148 198 49
148 199 58
148 200 40
148 201 55
148 202 60
148 203 57
148 204 46
148 205 57
148 206 46
148 207 56
148 208 45
148 209 48
148 210 44
149 1 38
149 2 50
149 3 59
149 4 50
149 5 52
149 6 48
149 7 59
149 8 39
149 9 40
149 10 40
149 11 49
149 12 44
149 13 60
149 14 58
149 15 55
149 16 41
149 17 57
149 18 57
149 19 59
149 20 36
149 21 50
149 22 45
149 23 49
149 24 43
149 25 37
149 26 53
149 27 52
149 28 44
149 29 38
149 30 50
149 31 42
149 32 42
149 33 39
149 34 41
149 35 36
149 36 36
149 37 43
149 38 50
149 39 58
149 40 51
149 41 59
149 42 41
149 43 48
149 44 51
149 45 40
149 46 42
149 47 47
149 48 36
149 49 56
149 50 57
149 51 47
149 52 50
149 53 50
149 54 36
149 55 43
149 56 58
149 57 44
149 58 58
149 59 52
149 60 58
149 61 43
149 62 35
149 63 35
149 64 40
149 65 58
149 66 53
149 67 41
149 68 36
149 69 52
149 70 45
149 71 51
149 72 59
149 73 38
149 74 43
149 75 56
149 76 39
149 77 35
149 78 58
149 79 41
149 80 58
149 81 56
149 82 50
149 83 50
149 84 55
149 85 44
149 86 45
149 87 53
149 88 51
149 89 36
149 90 49
149 91 50
149 92 37
149 93 54
149 94 49
149 95 49
149 96 35
149 97 42
149 98 52
149 99 50
149 100 58
149 101 52
149 102 53
149 103 52
149 104 51
149 105 42
149 106 38
149 107 56
149 108 52
149 109 52
149 110 56
149 111 42
149 112 58
149 113 54
149 114 37
149 115 48
149 116 43
149 117 44
149 118 48
149 119 42
149 120 54
149 121 44
149 122 35
149 123 46
149 124 47
149 125 55
149 126 50
149 127 38
149 128 47
149 129 57
149 130 41
149 131 52
149 132 42
149 133 42
149 134 39
149 135 51
149 136 48
149 137 42
149 138 48
149 139 60
149 140 50
149 141 46
149 142 44
149 143 58
149 144 38
149 145 36
149 146 52
149 147 52
149 148 40
149 149 0
149 150 49
149 151 44
149 152 43
149 153 40
149 154 55
149 155 51
149 156 52
149 157 36
149 158 36
149 159 59
149 160 52
149 161 43
149 162 49
149 163 39
149 164 40
149 165 36
149 166 60
149 167 59
149 168 53
149 169 36
149 170 38
149 171 35
149 172 45
149 173 50
149 174 44
149 175 59
149 176 41
149 177 53
149 178 46
149 179 40
149 180 47
149 181 51
149 182 41
149 183 46
149 184 39
149 185 40
149 186 49
149 187 58
149 188 48
149 189 51
149 190 41
149 191 57
149 192 57
149 193 56
149 194 37
149 195 43
149 196 47
149 197 36
149 198 57
149 199 59
149 200 47
149 201 49
149 202 47
149 203 59
149 204 36
149 205 57
149 206 36
149 207 40
149 208 43
149 209 60
149 210 40
150 1 38
150 2 47
150 3 46
150 4 49
150 5 47
150 6 59
150 7 56
150 8 36
150 9 52
150 10 40
150 11 40
150 12 56
150 13 56
150 14 39
150 15 53
150 16 52
150 17 59
150 18 35
150 19 50
150 20 58
150 21 36
150 22 40
150 23 46
150 24 41
150 25 46
150 26 59
150 27 43
150 28 50
150 29 43
150 30 40
150 31 58
150 32 52
150 33 54
150 34 39
150 35 54
150 36 59
150 37 60
150 38 53
150 39 52
150 40 44
150 41 49
150 42 36
150 43 39
150 44 41
150 45 47
150 46 45
150 47 39
150 48 54
150 49 60
150 50 42
150 51 43
150 52 35
150 53 40
150 54 47
150 55 45
150 56 39
150 57 39
150 58 35
150 59 50
150 60 55
150 61 54
150 62 37
150 63 35
150 64 58
150 65 57
150 66 38
150 67 39
150 68 52
150 69 41
150 70 35
150 71 35
150 72 54
150 73 57
150 74 55
150 75 35
150 76 37
150 77 54
150 78 47
150 79 38
150 80 42
150 81 52
150 82 58
150 83 48
150 84 53
150 85 55
150 86 38
150 87 57
150 88 36
150 89 38
150 90 46
150 91 41
150 92 52
150 93 55
150 94 43
150 95 47
150 96 57
150 97 46
150 98 55
150 99 44
150 100 45
150 101 41
150 102 57
150 103 57
150 104 53
150 105 47
150 106 40
150 107 56
150 108 56
150 109 54
150 110 37
150 111 36
150 112 54
150 113 42
150 114 42
150 115 56
150 116 45
150 117 60
150 118 45
150 119 45
150 120 56
150 121 47
150 122 46
150 123 58
150 124 45
150 125 58
150 126 59
150 127 42
150 128 35
150 129 44
150 130 57
150 131 45
150 132 42
150 133 42
150 134 59
150 135 45
150 136 49
150 137 42
150 138 53
150 139 40
150 140 41
150 141 41
150 142 53
150 143 41
150 144 40
150 145 44
150 146 57
150 147 42
150 148 53
150 149 60
150 150 0
150 151 48
150 152 55
150 153 55
150 154 36
150 155 53
150 156 43
150 157 50
150 158 49
150 159 57
150 160 39
150 161 39
150 162 44
150 163 44
150 164 53
150 165 38
150 166 38
150 167 36
150 168 48
150 169 53
150 170 55
150 171 50
150 172 46
150 173 59
150 174 39
150 175 54
150 176 46
150 177 53
150 178 59
150 179 45
150 180 46
150 181 54
150 182 44
150 183 52
150 184 45
150 185 42
150 186 56
150 187 42
150 188 55
150 189 56
150 190 51
150 191 59
150 192 37
150 193 51
150 194 59
150 195 53
150 196 56
150 197 36
150 198 57
150 199 45
150 200 51
150 201 51
150 202 38
150 203 40
150 204 38
150 205 50
150 206 37
150 207 55
150 208 36
150 209 36
150 210 36
151 1 51
151 2 50
151 3 39
151 4 55
151 5 37
151 6 39
151 7 57
151 8 45
151 9 36
151 10 57
151 11 37
151 12 37
151 13 42
151 14 37
151 15 45
151 16 47
151 17 43
151 18 38
151 19 53
151 20 36
151 21 36
151 22 43
151 23 45
151 24 48
151 25 53
151 26 40
151 27 40
151 28 53
151 29 56
151 30 47
151 31 59
151 32 58
151 33 58
151 34 57
151 35 35
151 36 58
151 37 48
151 38 55
151 39 54
151 40 58
151 41 55
151 42 59
151 43 51
151 44 48
151 45 36
151 46 54
151 47 44
151 48 47
151 49 35
151 50 42
151 51 48
151 52 43
151 53 47
151 54 37
151 55 36
151 56 39
151 57 56
151 58 52
151 59 41
151 60 54
151 61 39
151 62 39
151 63 54
151 64 59
151 65 37
151 66 46
151 67 36
151 68 51
151 69 39
151 70 42
151 71 42
151 72 46
151 73 44
151 74 42
151 75 56
151 76 35
151 77 49
151 78 39
151 79 42
151 80 54
151 81 57
151 82 47
151 83 59
151 84 55
151 85 42
151 86 46
151 87 51
151 88 49
151 89 54
151 90 36
151 91 35
151 92 41
151 93 52
151 94 56
151 95 41
151 96 51
151 97 51
151 98 60
151 99 48
151 100 58
151 101 39
151 102 35
151 103 56
151 104 59
151 105 55
151 106 39
151 107 47
151 108 48
151 109 42
151 110 57
151 111 53
151 112 48
151 113 48
151 114 35
151 115 51
151 116 36
151 117 43
151 118 51
151 119 38
151 120 53
151 121 38
151 122 55
151 123 43
151 124 41
151 125 38
151 126 42
151 127 48
151 128 41
151 129 46
151 130 51
151 131 53
151 132 56
151 133 58
151 134 60
151 135 44
151 136 56
151 137 51
151 138 40
151 139 37
151 140 43
151 141 37
151 142 55
151 143 39
151 144 45
151 145 58
151 146 57
151 147 47
151 148 53
151 149 50
151 150 36
151 151 0
151 152 55
151 153 47
151 154 49
151 155 58
151 156 44
151 157 47
151 158 58
151 159 54
151 160 41
151 161 58
151 162 47
151 163 41
151 164 40
151 165 52
151 166 59
151 167 55
151 168 46
151 169 55
151 170 60
151 171 54
151 172 46
151 173 53
151 174 59
151 175 45
151 176 55
151 177 46
151 178 52
151 179 37
151 180 51
151 181 55
151 182 36
151 183 54
151 184 48
151 185 43
151 186 54
151 187 56
151 188 60
151 189 59
151 190 50
151 191 57
151 192 43
151 193 40
151 194 47
151 195 57
151 196 46
151 197 41
151 198 59
151 199 35
151 200 50
151 201 45
151 202 55
151 203 39
151 204 59
151 205 60
151 206 40
151 207 47
151 208 41
151 209 47
151 210 50
152 1 47
152 2 48
152 3 39
152 4 37
152 5 53
152 6 37
152 7 38
152 8 42
152 9 45
152 10 58
152 11 47
152 12 44
152 13 41
152 14 41
152 15 54
152 16 44
152 17 46
152 18 42
152 19 54
152 20 45
152 21 40
152 22 53
152 23 53
152 24 36
152 25 45
152 26 58
152 27 38
152 28 40
152 29 49
152 30 49
152 31 58
152 32 37
152 33 59
152 34 47
152 35 58
152 36 60
152 37 52
152 38 59
152 39 56
152 40 46
152 41 60
152 42 42
152 43 58
152 44 47
152 45 51
152 46 52
152 47 52
152 48 54
152 49 50
152 50 49
152 51 59
152 52 39
152 53 44
152 54 38
152 55 43
152 56 39
152 57 35
152 58 53
152 59 40
152 60 47
152 61 49
152 62 42
152 63 59
152 64 60
152 65 35
152 66 60
152 67 59
152 68 43
152 69 43
152 70 45
152 71 56
152 72 53
152 73 51
152 74 43
152 75 43
152 76 50
152 77 47
152 78 36
152 79 53
152 80 36
152 81 56
152 82 51
152 83 51
152 84 49
152 85 53
152 86 46
152 87 44
152 88 41
152 89 50
152 90 44
152 91 58
152 92 45
152 93 35
152 94 47
152 95 41
152 96 48
152 97 44
152 98 35
152 99 52
152 100 37
152 101 52
152 102 36
152 103 55
152 104 40
152 105 56
152 106 53
152 107 37
152 108 37
152 109 49
152 110 54
152 111 42
152 112 59
152 113 59
152 114 35
152 115 57
152 116 47
152 117 37
152 118 57
152 119 51
152 120 50
152 121 52
152 122 58
152 123 54
152 124 35
152 125 57
152 126 35
152 127 47
152 128 56
152 129 37
152 130 46
152 131 46
152 132 50
152 133 36
152 134 53
152 135 55
152 136 49
152 137 54
152 138 41
152 139 42
152 140 39
152 141 55
152 142 54
152 143 56
152 144 49
152 145 52
152 146 49
152 147 60
152 148 45
152 149 35
152 150 48
152 151 40
152 152 0
152 153 40
152 154 39
152 155 39
152 156 38
152 157 57
152 158 42
152 159 54
152 160 55
152 161 46
152 162 37
152 163 50
152 164 55
152 165 58
152 166 59
152 167 49
152 168 56
152 169 58
152 170 59
152 171 42
152 172 41
152 173 47
152 174 53
152 175 58
152 176 45
152 177 44
152 178 60
152 179 55
152 180 58
152 181 44
152 182 42
152 183 49
152 184 52
152 185 45
152 186 40
152 187 40
152 188 38
152 189 52
152 190 58
152 191 45
152 192 59
152 193 44
152 194 38
152 195 42
152 196 42
152 197 39
152 198 44
152 199 41
152 200 58
152 201 39
152 202 52
152 203 49
152 204 57
152 205 46
152 206 39
152 207 42
152 208 55
152 209 36
152 210 45
153 1 42
153 2 57
153 3 41
153 4 40
153 5 52
153 6 55
153 7 45
153 8 51
153 9 52
153 10 47
153 11 58
153 12 52
153 13 56
153 14 47
153 15 42
153 16 50
153 17 60
153 18 60
153 19 46
153 20 50
153 21 37
153 22 51
153 23 48
153 24 40
153 25 58
153 26 54
153 27 40
153 28 44
153 29 50
153 30 40
153 31 40
153 32 39
153 33 58
153 34 55
153 35 47
153 36 54
153 37 56
153 38 51
153 39 50
153 40 50
153 41 42
153 42 45
153 43 40
153 44 56
153 45 48
153 46 36
153 47 49
153 48 51
153 49 40
153 50 38
153 51 41
153 52 55
153 53 55
153 54 43
153 55 59
153 56 57
153 57 44
153 58 60
153 59 44
153 60 51
153 61 37
153 62 56
153 63 47
153 64 58
153 65 54
153 66 44
153 67 38
153 68 46
153 69 51
153 70 35
153 71 44
153 72 40
153 73 56
153 74 56
153 75 42
153 76 59
153 77 47
153 78 35
153 79 39
153 80 59
153 81 52
153 82 57
153 83 36
153 84 51
153 85 51
153 86 50
153 87 38
153 88 42
153 89 50
153 90 58
153 91 47
153 92 39
153 93 53
153 94 42
153 95 37
153 96 43
153 97 56
153 98 48
153 99 40
153 100 54
153 101 40
153 102 46
153 103 42
153 104 44
153 105 40
153 106 60
153 107 53
153 108 43
153 109 56
153 110 59
153 111 54
153 112 45
153 113 57
153 114 48
153 115 38
153 116 60
153 117 35
153 118 47
153 119 57
153 120 48
153 121 42
153 122 59
153 123 57
153 124 45
153 125 46
153 126 42
153 127 55
153 128 39
153 129 46
153 130 36
153 131 46
153 132 57
153 133 39
153 134 45
153 135 51
153 136 40
153 137 35
153 138 56
153 139 36
153 140 51
153 141 41
153 142 35
153 143 45
153 144 50
153 145 40
153 146 37
153 147 44
153 148 39
153 149 40
153 150 46
153 151 53
153 152 38
153 153 0
153 154 45
153 155 53
153 156 48
153 157 38
153 158 46
153 159 38
153 160 45
153 161 52
153 162 38
153 163 41
153 164 44
153 165 51
153 166 52
153 167 35
153 168 54
153 169 37
153 170 49
153 171 60
153 172 52
153 173 38
153 174 39
153 175 51
153 176 45
153 177 42
153 178 56
153 179 59
153 180 55
153 181 48
153 182 50
153 183 41
153 184 41
153 185 42
153 186 52
153 187 38
153 188 37
153 189 54
153 190 37
153 191 56
153 192 46
153 193 58
153 194 59
153 195 39
153 196 35
153 197 48
153 198 57
153 199 52
153 200 41
153 201 45
153 202 51
153 203 39
153 204 40
153 205 41
153 206 58
153 207 43
153 208 58
153 209 42
153 210 42
154 1 46
154 2 57
154 3 51
154 4 57
154 5 43
154 6 39
154 7 47
154 8 36
154 9 40
154 10 49
154 11 54
154 12 59
154 13 55
154 14 42
154 15 57
154 16 52
154 17 43
154 18 42
154 19 40
154 20 53
154 21 40
154 22 48
154 23 46
154 24 40
154 25 49
154 26 41
154 27 59
154 28 60
154 29 59
154 30 35
154 31 42
154 32 38
154 33 49
154 34 53
154 35 51
154 36 48
154 37 51
154 38 46
154 39 42
154 40 35
154 41 37
154 42 59
154 43 50
154 44 46
154 45 54
154 46 46
154 47 37
154 48 53
154 49 44
154 50 60
154 51 54
154 52 45
154 53 57
154 54 44
154 55 51
154 56 59
154 57 48
154 58 45
154 59 55
154 60 49
154 61 43
154 62 36
154 63 38
154 64 36
154 65 50
154 66 42
154 67 40
154 68 50
154 69 47
154 70 47
154 71 35
154 72 52
154 73 39
154 74 57
154 75 42
154 76 58
154 77 44
154 78 46
154 79 35
154 80 37
154 81 57
154 82 59
154 83 47
154 84 54
154 85 42
154 86 43
154 87 59
154 88 44
154 89 57
154 90 46
154 91 35
154 92 48
154 93 41
154 94 41
154 95 47
154 96 48
154 97 59
154 98 35
154 99 45
154 100 53
154 101 42
154 102 44
154 103 46
154 104 49
154 105 35
154 106 41
154 107 37
154 108 35
154 109 37
154 110 52
154 111 56
154 112 50
154 113 39
154 114 44
154 115 41
154 116 58
154 117 42
154 118 36
154 119 38
154 120 58
154 121 38
154 122 49
154 123 37
154 124 42
154 125 50
154 126 58
154 127 39
154 128 59
154 129 58
154 130 53
154 131 57
154 132 54
154 133 43
154 134 43
154 135 59
154 136 55
154 137 57
154 138 43
154 139 55
154 140 44
154 141 53
154 142 40
154 143 41
154 144 53
154 145 53
154 146 50
154 147 52
154 148 42
154 149 53
154 150 52
154 151 55
154 152 45
154 153 37
154 154 0
154 155 36
154 156 52
154 157 39
154 158 35
154 159 58
154 160 52
154 161 36
154 162 45
154 163 56
154 164 40
154 165 39
154 166 60
154 167 42
154 168 42
154 169 38
154 170 46
154 171 56
154 172 49
154 173 54
154 174 52
154 175 53
154 176 43
154 177 54
154 178 35
154 179 59
154 180 43
154 181 39
154 182 48
154 183 57
154 184 52
154 185 39
154 186 44
154 187 59
154 188 60
154 189 53
154 190 43
154 191 52
154 192 52
154 193 52
154 194 57
154 195 60
154 196 46
154 197 51
154 198 39
154 199 54
154 200 40
154 201 40
154 202 48
154 203 42
154 204 41
154 205 47
154 206 49
154 207 42
154 208 35
154 209 37
154 210 40
155 1 59
155 2 59
155 3 45
155 4 41
155 5 46
155 6 47
155 7 41
155 8 41
155 9 50
155 10 44
155 11 36
155 12 47
155 13 48
155 14 47
155 15 48
155 16 46
155 17 47
155 18 45
155 19 41
155 20 54
155 21 46
155 22 45
155 23 51
155 24 50
155 25 40
155 26 50
155 27 48
155 28 39
155 29 39
155 30 40
155 31 39
155 32 39
155 33 40
155 34 55
155 35 38
155 36 57
155 37 35
155 38 48
155 39 51
155 40 53
155 41 38
155 42 41
155 43 59
155 44 41
155 45 37
155 46 54
155 47 38
155 48 43
155 49 48
155 50 37
155 51 51
155 52 36
155 53 41
155 54 52
155 55 37
155 56 48
155 57 54
155 58 37
155 59 43
155 60 54
155 61 48
155 62 44
155 63 50
155 64 53
155 65 55
155 66 58
155 67 55
155 68 43
155 69 41
155 70 42
155 71 39
155 72 36
155 73 47
155 74 60
155 75 35
155 76 47
155 77 58
155 78 56
155 79 53
155 80 53
155 81 49
155 82 36
155 83 59
155 84 37
155 85 49
155 86 44
155 87 35
155 88 58
155 89 59
155 90 35
155 91 53
155 92 38
155 93 37
155 94 44
155 95 36
155 96 47
155 97 55
155 98 42
155 99 40
155 100 55
155 101 42
155 102 57
155 103 59
155 104 57
155 105 44
155 106 42
155 107 47
155 108 36
155 109 41
155 110 56
155 111 52
155 112 46
155 113 53
155 114 37
155 115 35
155 116 41
155 117 36
155 118 54
155 119 56
155 120 54
155 121 59
155 122 60
155 123 56
155 124 60
155 125 48
155 126 57
155 127 50
155 128 37
155 129 58
155 130 45
155 131 54
155 132 49
155 133 46
155 134 36
155 135 38
155 136 57
155 137 36
155 138 55
155 139 54
155 140 35
155 141 59
155 142 55
155 143 45
155 144 49
155 145 36
155 146 50
155 147 59
155 148 54
155 149 58
155 150 44
155 151 55
155 152 38
155 153 50
155 154 53
155 155 0
155 156 44
155 157 48
155 158 52
155 159 37
155 160 43
155 161 56
155 162 41
155 163 46
155 164 44
155 165 42
155 166 55
155 167 36
155 168 56
155 169 41
155 170 56
155 171 47
155 172 37
155 173 45
155 174 50
155 175 48
155 176 52
155 177 60
155 178 56
155 179 37
155 180 36
155 181 40
155 182 37
155 183 40
155 184 42
155 185 56
155 186 56
155 187 43
155 188 50
155 189 40
155 190 41
155 191 41
155 192 39
155 193 39
155 194 54
155 195 58
155 196 54
155 197 52
155 198 35
155 199 49
155 200 44
155 201 49
155 202 52
155 203 48
155 204 49
155 205 47
155 206 36
155 207 50
155 208 50
155 209 35
155 210 39
156 1 51
156 2 36
156 3 55
156 4 49
156 5 42
156 6 52
156 7 35
156 8 35
156 9 41
156 10 36
156 11 54
156 12 41
156 13 56
156 14 49
156 15 36
156 16 58
156 17 51
156 18 40
156 19 38
156 20 43
156 21 57
156 22 49
156 23 41
156 24 58
156 25 57
156 26 49
156 27 50
156 28 41
156 29 50
156 30 45
156 31 44
156 32 57
156 33 52
156 34 50
156 35 54
156 36 42
156 37 42
156 38 45
156 39 46
156 40 53
156 41 52
156 42 60
156 43 55
156 44 58
156 45 49
156 46 52
156 47 57
156 48 38
156 49 46
156 50 49
156 51 53
156 52 54
156 53 54
156 54 44
156 55 55
156 56 58
156 57 53
156 58 47
156 59 36
156 60 54
156 61 52
156 62 53
156 63 37
156 64 48
156 65 46
156 66 51
156 67 58
156 68 39
156 69 49
156 70 46
156 71 35
156 72 51
156 73 50
156 74 57
156 75 54
156 76 55
156 77 58
156 78 41
156 79 47
156 80 42
156 81 40
156 82 51
156 83 54
156 84 60
156 85 43
156 86 37
156 87 38
156 88 50
156 89 35
156 90 60
156 91 40
156 92 58
156 93 56
156 94 59
156 95 60
156 96 38
156 97 41
156 98 59
156 99 52
156 100 44
156 101 43
156 102 41
156 103 37
156 104 45
156 105 52
156 106 37
156 107 47
156 108 38
156 109 56
156 110 48
156 111 47
156 112 50
156 113 47
156 114 45
156 115 58
156 116 53
156 117 56
156 118 49
156 119 45
156 120 52
156 121 43
156 122 50
156 123 40
156 124 49
156 125 39
156 126 35
156 127 38
156 128 60
156 129 43
156 130 40
156 131 48
156 132 39
156 133 50
156 134 55
156 135 36
156 136 40
156 137 52
156 138 57
156 139 40
156 140 51
156 141 38
156 142 46
156 143 46
156 144 48
156 145 46
156 146 52
156 147 53
156 148 56
156 149 35
156 150 37
156 151 56
156 152 60
156 153 39
156 154 57
156 155 51
156 156 0
156 157 49
156 158 45
156 159 39
156 160 37
156 161 55
156 162 59
156 163 44
156 164 43
156 165 37
156 166 43
156 167 48
156 168 50
156 169 37
156 170 51
156 171 41
156 172 47
156 173 45
156 174 44
156 175 43
156 176 47
156 177 45
156 178 60
156 179 46
156 180 36
156 181 38
156 182 50
156 183 41
156 184 43
156 185 48
156 186 42
156 187 42
156 188 56
156 189 40
156 190 43
156 191 39
156 192 35
156 193 55
156 194 55
156 195 52
156 196 51
156 197 46
156 198 42
156 199 59
156 200 50
156 201 53
156 202 35
156 203 54
156 204 42
156 205 59
156 206 58
156 207 48
156 208 36
156 209 50
156 210 49
157 1 44
157 2 50
157 3 43
157 4 38
157 5 44
157 6 40
157 7 58
157 8 44
157 9 59
157 10 38
157 11 42
157 12 48
157 13 57
157 14 56
157 15 41
157 16 60
157 17 60
157 18 57
157 19 50
157 20 42
157 21 38
157 22 38
157 23 51
157 24 40
157 25 54
157 26 47
157 27 41
157 28 44
157 29 37
157 30 42
157 31 49
157 32 55
157 33 52
157 34 39
157 35 38
157 36 52
157 37 44
157 38 36
157 39 60
157 40 39
157 41 55
157 42 39
157 43 59
157 44 45
157 45 60
157 46 38
157 47 54
157 48 40
157 49 37
157 50 44
157 51 50
157 52 53
157 53 48
157 54 49
157 55 50
157 56 39
157 57 54
157 58 45
157 59 40
157 60 41
157 61 40
157 62 38
157 63 51
157 64 45
157 65 55
157 66 40
157 67 54
157 68 37
157 69 56
157 70 51
157 71 47
157 72 51
157 73 43
157 74 47
157 75 51
157 76 45
157 77 52
157 78 44
157 79 59
157 80 45
157 81 42
157 82 39
157 83 40
157 84 51
157 85 47
157 86 46
157 87 48
157 88 58
157 89 53
157 90 55
157 91 40
157 92 42
157 93 60
157 94 51
157 95 40
157 96 49
157 97 58
157 98 58
157 99 47
157 100 37
157 101 48
157 102 41
157 103 43
157 104 46
157 105 35
157 106 49
157 107 38
157 108 37
157 109 41
157 110 59
157 111 39
157 112 59
157 113 52
157 114 59
157 115 41
157 116 43
157 117 53
157 118 42
157 119 57
157 120 45
157 121 54
157 122 60
157 123 45
157 124 49
157 125 49
157 126 50
157 127 49
157 128 57
157 129 52
157 130 44
157 131 44
157 132 52
157 133 42
157 134 56
157 135 57
157 136 57
157 137 51
157 138 42
157 139 54
157 140 44
157 141 40
157 142 54
157 143 51
157 144 36
157 145 46
157 146 55
157 147 41
157 148 36
157 149 48
157 150 57
157 151 45
157 152 58
157 153 52
157 154 41
157 155 57
157 156 54
157 157 0
157 158 47
157 159 49
157 160 60
157 161 51
157 162 40
157 163 53
157 164 50
157 165 48
157 166 55
157 167 47
157 168 46
157 169 50
157 170 41
157 171 42
157 172 60
157 173 46
157 174 58
157 175 60
157 176 56
157 177 54
157 178 37
157 179 38
157 180 53
157 181 35
157 182 48
157 183 46
157 184 42
157 185 42
157 186 39
157 187 46
157 188 56
157 189 58
157 190 44
157 191 56
157 192 37
157 193 45
157 194 52
157 195 43
157 196 38
157 197 53
157 198 39
157 199 60
157 200 44
157 201 54
157 202 35
157 203 35
157 204 40
157 205 47
157 206 47
157 207 48
157 208 51
157 209 48
157 210 35
158 1 40
158 2 38
158 3 41
158 4 47
158 5 55
158 6 53
158 7 52
158 8 56
158 9 58
158 10 39
158 11 40
158 12 44
158 13 36
158 14 47
158 15 56
158 16 57
158 17 41
158 18 39
158 19 48
158 20 39
158 21 52
158 22 43
158 23 58
158 24 41
158 25 38
158 26 59
158 27 60
158 28 39
158 29 47
158 30 50
158 31 48
158 32 53
158 33 43
158 34 35
158 35 58
158 36 57
158 37 45
158 38 44
158 39 49
158 40 40
158 41 55
158 42 52
158 43 50
158 44 53
158 45 58
158 46 46
158 47 44
158 48 42
158 49 48
158 50 37
158 51 53
158 52 51
158 53 49
158 54 44
158 55 57
158 56 51
158 57 45
158 58 37
158 59 57
158 60 51
158 61 43
158 62 37
158 63 41
158 64 50
158 65 46
158 66 51
158 67 44
158 68 39
158 69 37
158 70 49
158 71 53
158 72 38
158 73 51
158 74 45
158 75 36
158 76 35
158 77 41
158 78 60
158 79 39
158 80 60
158 81 46
158 82 55
158 83 41
158 84 36
158 85 40
158 86 54
158 87 47
158 88 57
158 89 58
158 90 58
158 91 50
158 92 37
158 93 39
158 94 39
158 95 36
158 96 52
158 97 60
158 98 53
158 99 44
158 100 37
158 101 40
158 102 36
158 103 40
158 104 50
158 105 47
158 106 38
158 107 36
158 108 59
158 109 42
158 110 36
158 111 38
158 112 54
158 113 55
158 114 47
158 115 46
158 116 37
158 117 57
158 118 50
158 119 45
158 120 58
158 121 55
158 122 44
158 123 42
158 124 36
158 125 52
158 126 56
158 127 46
158 128 53
158 129 58
158 130 50
158 131 60
158 132 41
158 133 48
158 134 55
158 135 46
158 136 57
158 137 51
158 138 50
158 139 36
158 140 60
158 141 56
158 142 46
158 143 42
158 144 42
158 145 44
158 146 54
158 147 53
158 148 42
158 149 38
158 150 59
158 151 49
158 152 47
158 153 41
158 154 49
158 155 52
158 156 40
158 157 57
158 158 0
158 159 53
158 160 45
158 161 35
158 162 35
158 163 47
158 164 39
158 165 47
158 166 35
158 167 35
158 168 56
158 169 51
158 170 42
158 171 52
158 172 46
158 173 55
158 174 58
158 175 37
158 176 46
158 177 35
158 178 48
158 179 57
158 180 52
158 181 55
158 182 54
158 183 60
158 184 58
158 185 42
158 186 56
158 187 40
158 188 44
158 189 51
158 190 51
158 191 47
158 192 46
158 193 59
158 194 37
158 195 44
158 196 51
158 197 53
158 198 57
158 199 50
158 200 35
158 201 56
158 202 60
158 203 59
158 204 38
158 205 55
158 206 53
158 207 49
158 208 47
158 209 40
158 210 44
159 1 48
159 2 48
159 3 37
159 4 54
159 5 45
159 6 60
159 7 51
159 8 43
159 9 59
159 10 44
159 11 54
159 12 52
159 13 56
159 14 52
159 15 49
159 16 57
159 17 35
159 18 53
159 19 36
159 20 59
159 21 50
159 22 43
159 23 55
159 24 59
159 25 46
159 26 41
159 27 36
159 28 38
159 29 47
159 30 48
159 31 46
159 32 37
159 33 52
159 34 38
159 35 55
159 36 46
159 37 58
159 38 47
159 39 36
159 40 45
159 41 54
159 42 50
159 43 58
159 44 58
159 45 55
159 46 44
159 47 47
159 48 35
159 49 43
159 50 36
159 51 50
159 52 56
159 53 52
159 54 55
159 55 51
159 56 58
159 57 35
159 58 58
159 59 49
159 60 43
159 61 43
159 62 39
159 63 53
159 64 49
159 65 43
159 66 37
159 67 59
159 68 54
159 69 48
159 70 48
159 71 38
159 72 41
159 73 56
159 74 48
159 75 40
159 76 39
159 77 38
159 78 46
159 79 49
159 80 37
159 81 48
159 82 54
159 83 56
159 84 54
159 85 43
159 86 44
159 87 44
159 88 48
159 89 43
159 90 57
159 91 50
159 92 45
159 93 47
159 94 46
159 95 38
159 96 44
159 97 53
159 98 56
159 99 46
159 100 44
159 101 36
159 102 47
159 103 41
159 104 35
159 105 59
159 106 49
159 107 40
159 108 36
159 109 48
159 110 59
159 111 51
159 112 59
159 113 44
159 114 50
159 115 51
159 116 50
159 117 38
159 118 38
159 119 52
159 120 40
159 121 54
159 122 39
159 123 52
159 124 41
159 125 54
159 126 40
159 127 51
159 128 37
159 129 50
159 130 45
159 131 44
159 132 53
159 133 56
159 134 52
159 135 59
159 136 55
159 137 42
159 138 43
159 139 51
159 140 37
159 141 39
159 142 47
159 143 51
159 144 52
159 145 40
159 146 37
159 147 49
159 148 47
159 149 52
159 150 57
159 151 60
159 152 45
159 153 38
159 154 57
159 155 37
159 156 45
159 157 56
159 158 46
159 159 0
159 160 39
159 161 37
159 162 36
159 163 54
159 164 43
159 165 58
159 166 59
159 167 49
159 168 45
159 169 57
159 170 35
159 171 60
159 172 45
159 173 60
159 174 46
159 175 49
159 176 47
159 177 37
159 178 59
159 179 53
159 180 39
159 181 46
159 182 43
159 183 49
159 184 58
159 185 49
159 186 56
159 187 59
159 188 42
159 189 53
159 190 59
159 191 43
159 192 45
159 193 53
159 194 41
159 195 58
159 196 35
159 197 53
159 198 37
159 199 50
159 200 48
159 201 48
159 202 53
159 203 47
159 204 52
159 205 36
159 206 39
159 207 47
159 208 51
159 209 36
159 210 53
160 1 49
160 2 53
160 3 57
160 4 39
160 5 58
160 6 55
160 7 57
160 8 38
160 9 39
160 10 35
160 11 58
160 12 45
160 13 39
160 14 53
160 15 46
160 16 58
160 17 46
160 18 42
160 19 39
160 20 59
160 21 36
160 22 51
160 23 57
160 24 58
160 25 44
160 26 56
160 27 42
160 28 40
160 29 55
160 30 37
160 31 57
160 32 44
160 33 58
160 34 41
160 35 39
160 36 48
160 37 56
160 38 50
160 39 58
160 40 42
160 41 38
160 42 48
160 43 35
160 44 35
160 45 47
160 46 60
160 47 40
160 48 59
160 49 47
160 50 50
160 51 38
160 52 57
160 53 38
160 54 59
160 55 49
160 56 52
160 57 50
160 58 60
160 59 45
160 60 46
160 61 38
160 62 47
160 63 56
160 64 57
160 65 36
160 66 54
160 67 44
160 68 44
160 69 51
160 70 50
160 71 36
160 72 51
160 73 43
160 74 50
160 75 56
160 76 56
160 77 51
160 78 36
160 79 51
160 80 46
160 81 50
160 82 54
160 83 46
160 84 59
160 85 44
160 86 42
160 87 51
160 88 41
160 89 48
160 90 39
160 91 41
160 92 35
160 93 50
160 94 60
160 95 54
160 96 58
160 97 38
160 98 38
160 99 55
160 100 50
160 101 47
160 102 43
160 103 43
160 104 43
160 105 56
160 106 43
160 107 41
160 108 43
160 109 55
160 110 57
160 111 58
160 112 59
160 113 47
160 114 53
160 115 47
160 116 59
160 117 46
160 118 49
160 119 38
160 120 49
160 121 51
160 122 47
160 123 57
160 124 45
160 125 35
160 126 44
160 127 41
160 128 44
160 129 41
160 130 37
160 131 50
160 132 36
160 133 36
160 134 37
160 135 47
160 136 53
160 137 46
160 138 51
160 139 47
160 140 36
160 141 53
160 142 46
160 143 54
160 144 58
160 145 39
160 146 52
160 147 53
160 148 43
160 149 46
160 150 60
160 151 36
160 152 43
160 153 52
160 154 37
160 155 40
160 156 58
160 157 38
160 158 42
160 159 41
160 160 0
160 161 37
160 162 59
160 163 60
160 164 56
160 165 52
160 166 60
160 167 59
160 168 47
160 169 35
160 170 37
160 171 35
160 172 51
160 173 36
160 174 36
160 175 48
160 176 41
160 177 60
160 178 36
160 179 41
160 180 41
160 181 41
160 182 40
160 183 60
160 184 46
160 185 60
160 186 35
160 187 41
160 188 35
160 189 52
160 190 59
160 191 46
160 192 48
160 193 59
160 194 49
160 195 57
160 196 60
160 197 55
160 198 45
160 199 55
160 200 45
160 201 50
160 202 50
160 203 35
160 204 58
160 205 44
160 206 39
160 207 44
160 208 59
160 209 40
160 210 49
161 1 48
161 2 39
161 3 59
161 4 37
161 5 45
161 6 35
161 7 45
161 8 39
161 9 56
161 10 59
161 11 52
161 12 38
161 13 38
161 14 37
161 15 43
161 16 41
161 17 47
161 18 60
161 19 50
161 20 49
161 21 43
161 22 60
161 23 54
161 24 55
161 25 54
161 26 37
161 27 45
161 28 60
161 29 37
161 30 48
161 31 39
161 32 48
161 33 58
161 34 40
161 35 43
161 36 54
161 37 38
161 38 53
161 39 46
161 40 58
161 41 54
161 42 50
161 43 36
161 44 36
161 45 58
161 46 40
161 47 47
161 48 59
161 49 54
161 50 35
161 51 56
161 52 39
161 53 59
161 54 56
161 55 58
161 56 51
161 57 58
161 58 36
161 59 52
161 60 59
161 61 40
161 62 46
161 63 53
161 64 46
161 65 52
161 66 40
161 67 35
161 68 52
161 69 55
161 70 37
161 71 60
161 72 39
161 73 41
161 74 46
161 75 37
161 76 49
161 77 40
161 78 51
161 79 43
161 80 54
161 81 35
161 82 44
161 83 58
161 84 59
161 85 51
161 86 43
161 87 50
161 88 42
161 89 54
161 90 47
161 91 56
161 92 49
161 93 45
161 94 56
161 95 49
161 96 60
161 97 47
161 98 52
161 99 50
161 100 58
161 101 53
161 102 54
161 103 41
161 104 37
161 105 48
161 106 52
161 107 59
161 108 57
161 109 43
161 110 53
161 111 43
161 112 57
161 113 58
161 114 57
161 115 35
161 116 40
161 117 51
161 118 48
161 119 53
161 120 46
161 121 50
161 122 35
161 123 38
161 124 40
161 125 41
161 126 36
161 127 48
161 128 50
161 129 41
161 130 55
161 131 45
161 132 55
161 133 51
161 134 47
161 135 36
161 136 51
161 137 36
161 138 36
161 139 55
161 140 54
161 141 58
161 142 45
161 143 47
161 144 50
161 145 37
161 146 50
161 147 45
161 148 54
161 149 40
161 150 50
161 151 37
161 152 51
161 153 40
161 154 40
161 155 37
161 156 60
161 157 41
161 158 46
161 159 60
161 160 37
161 161 0
161 162 46
161 163 49
161 164 57
161 165 57
161 166 53
161 167 43
161 168 45
161 169 43
161 170 41
161 171 54
161 172 56
161 173 51
161 174 47
161 175 45
161 176 36
161 177 55
161 178 55
161 179 41
161 180 35
161 181 47
161 182 41
161 183 40
161 184 57
161 185 54
161 186 58
161 187 56
161 188 41
161 189 41
161 190 54
161 191 45
161 192 35
161 193 54
161 194 43
161 195 56
161 196 42
161 197 35
161 198 40
161 199 59
161 200 38
161 201 38
161 202 48
161 203 53
161 204 35
161 205 35
161 206 54
161 207 45
161 208 47
161 209 46
161 210 59
162 1 37
162 2 56
162 3 51
162 4 60
162 5 58
162 6 39
162 7 59
162 8 49
162 9 48
162 10 36
162 11 49
162 12 50
162 13 53
162 14 37
162 15 48
162 16 44
162 17 36
162 18 55
162 19 49
162 20 42
162 21 57
162 22 55
162 23 47
162 24 53
162 25 55
162 26 37
162 27 44
162 28 42
162 29 39
162 30 41
162 31 38
162 32 44
162 33 54
162 34 57
162 35 39
162 36 47
162 37 55
162 38 57
162 39 42
162 40 56
162 41 53
162 42 35
162 43 53
162 44 42
162 45 47
162 46 48
162 47 58
162 48 38
162 49 42
162 50 42
162 51 45
162 52 36
162 53 50
162 54 54
162 55 45
162 56 39
162 57 49
162 58 59
162 59 60
162 60 37
162 61 40
162 62 51
162 63 59
162 64 57
162 65 37
162 66 51
162 67 52
162 68 38
162 69 47
162 70 37
162 71 39
162 72 54
162 73 59
162 74 46
162 75 48
162 76 51
162 77 59
162 78 46
162 79 59
162 80 59
162 81 39
162 82 46
162 83 46
162 84 39
162 85 45
162 86 37
162 87 41
162 88 54
162 89 60
162 90 47
162 91 39
162 92 41
162 93 55
162 94 43
162 95 39
162 96 57
162 97 49
162 98 42
162 99 36
162 100 52
162 101 42
162 102 59
162 103 43
162 104 49
162 105 57
162 106 46
162 107 53
162 108 49
162 109 53
162 110 51
162 111 35
162 112 42
162 113 46
162 114 42
162 115 41
162 116 55
162 117 47
162 118 57
162 119 39
162 120 36
162 121 49
162 122 51
162 123 48
162 124 56
162 125 60
162 126 43
162 127 43
162 128 52
162 129 39
162 130 40
162 131 36
162 132 47
162 133 53
162 134 53
162 135 48
162 136 50
162 137 57
162 138 35
162 139 58
162 140 40
162 141 39
162 142 49
162 143 59
162 144 60
162 145 52
162 146 35
162 147 48
162 148 53
162 149 53
162 150 35
162 151 57
162 152 45
162 153 56
162 154 40
162 155 41
162 156 48
162 157 46
162 158 36
162 159 40
162 160 37
162 161 41
162 162 0
162 163 54
162 164 39
162 165 59
162 166 36
162 167 41
162 168 49
162 169 37
162 170 50
162 171 37
162 172 48
162 173 50
162 174 40
162 175 39
162 176 40
162 177 41
162 178 42
162 179 53
162 180 49
162 181 54
162 182 43
162 183 41
162 184 42
162 185 36
162 186 54
162 187 49
162 188 40
162 189 48
162 190 45
162 191 57
162 192 60
162 193 42
162 194 47
162 195 36
162 196 49
162 197 40
162 198 52
162 199 55
162 200 44
162 201 49
162 202 60
162 203 36
162 204 52
162 205 54
162 206 42
162 207 57
162 208 39
162 209 54
162 210 39
163 1 58
163 2 37
163 3 43
163 4 60
163 5 47
163 6 56
163 7 38
163 8 54
163 9 50
163 10 38
163 11 56
163 12 43
163 13 60
163 14 54
163 15 57
163 16 53
163 17 50
163 18 55
163 19 53
163 20 42
163 21 50
163 22 42
163 23 56
163 24 56
163 25 54
163 26 54
163 27 38
163 28 41
163 29 40
163 30 57
163 31 51
163 32 50
163 33 46
163 34 54
163 35 51
163 36 36
163 37 54
163 38 49
163 39 58
163 40 57
163 41 43
163 42 43
163 43 35
163 44 57
163 45 52
163 46 42
163 47 53
163 48 36
163 49 35
163 50 35
163 51 55
163 52 53
163 53 43
163 54 57
163 55 38
163 56 44
163 57 38
163 58 39
163 59 56
163 60 43
163 61 51
163 62 57
163 63 46
163 64 55
163 65 42
163 66 57
163 67 45
163 68 59
163 69 59
163 70 60
163 71 54
163 72 50
163 73 45
163 74 50
163 75 49
163 76 58
163 77 51
163 78 42
163 79 47
163 80 36
163 81 49
163 82 36
163 83 39
163 84 48
163 85 51
163 86 49
163 87 53
163 88 54
163 89 48
163 90 48
163 91 42
163 92 59
163 93 54
163 94 58
163 95 35
163 96 43
163 97 48
163 98 40
163 99 37
163 100 51
163 101 41
163 102 60
163 103 41
163 104 60
163 105 40
163 106 50
163 107 49
163 108 37
163 109 44
163 110 55
163 111 41
163 112 53
163 113 51
163 114 35
163 115 45
163 116 49
163 117 49
163 118 43
163 119 59
163 120 43
163 121 41
163 122 50
163 123 50
163 124 42
163 125 55
163 126 48
163 127 39
163 128 48
163 129 50
163 130 35
163 131 57
163 132 43
163 133 45
163 134 55
163 135 53
163 136 49
163 137 45
163 138 45
163 139 57
163 140 59
163 141 56
163 142 38
163 143 56
163 144 35
163 145 51
163 146 44
163 147 37
163 148 39
163 149 49
163 150 50
163 151 56
163 152 57
163 153 47
163 154 54
163 155 50
163 156 59
163 157 57
163 158 39
163 159 38
163 160 58
163 161 38
163 162 55
163 163 0
163 164 45
163 165 42
163 166 48
163 167 53
163 168 41
163 169 43
163 170 43
163 171 48
163 172 57
163 173 49
163 174 40
163 175 48
163 176 53
163 177 50
163 178 37
163 179 49
163 180 47
163 181 42
163 182 35
163 183 60
163 184 50
163 185 39
163 186 58
163 187 53
163 188 37
163 189 56
163 190 43
163 191 45
163 192 42
163 193 58
163 194 57
163 195 37
163 196 41
163 197 53
163 198 46
163 199 52
163 200 43
163 201 46
163 202 40
163 203 40
163 204 57
163 205 56
163 206 54
163 207 56
163 208 59
163 209 59
163 210 40
164 1 46
164 2 47
164 3 45
164 4 46
164 5 55
164 6 52
164 7 52
164 8 49
164 9 38
164 10 37
164 11 39
164 12 38
164 13 43
164 14 39
164 15 37
164 16 51
164 17 35
164 18 60
164 19 59
164 20 42
164 21 47
164 22 46
164 23 40
164 24 50
164 25 49
164 26 58
164 27 55
164 28 46
164 29 44
164 30 52
164 31 53
164 32 58
164 33 53
164 34 49
164 35 35
164 36 57
164 37 35
164 38 55
164 39 45
164 40 36
164 41 50
164 42 47
164 43 45
164 44 53
164 45 55
164 46 44
164 47 59
164 48 35
164 49 47
164 50 39
164 51 42
164 52 51
164 53 59
164 54 48
164 55 56
164 56 42
164 57 41
164 58 52
164 59 55
164 60 46
164 61 37
164 62 37
164 63 39
164 64 37
164 65 44
164 66 41
164 67 55
164 68 52
164 69 57
164 70 59
164 71 53
164 72 41
164 73 47
164 74 44
164 75 37
164 76 49
164 77 38
164 78 57
164 79 52
164 80 55
164 81 40
164 82 53
164 83 37
164 84 60
164 85 54
164 86 36
164 87 52
164 88 47
164 89 60
164 90 53
164 91 37
164 92 42
164 93 48
164 94 37
164 95 35
164 96 49
164 97 59
164 98 39
164 99 47
164 100 44
164 101 60
164 102 46
164 103 45
164 104 53
164 105 41
164 106 58
164 107 50
164 108 48
164 109 35
164 110 38
164 111 52
164 112 46
164 113 49
164 114 54
164 115 50
164 116 36
164 117 44
164 118 59
164 119 53
164 120 48
164 121 42
164 122 57
164 123 55
164 124 38
164 125 37
164 126 45
164 127 51
164 128 55
164 129 57
164 130 58
164 131 44
164 132 40
164 133 55
164 134 36
164 135 46
164 136 54
164 137 39
164 138 38
164 139 57
164 140 50
164 141 54
164 142 50
164 143 56
164 144 57
164 145 56
164 146 50
164 147 40
164 148 52
164 149 43
164 150 39
164 151 56
164 152 57
164 153 52
164 154 38
164 155 39
164 156 35
164 157 58
164 158 35
164 159 50
164 160 58
164 161 38
164 162 54
164 163 58
164 164 0
164 165 48
164 166 40
164 167 59
164 168 50
164 169 44
164 170 56
164 171 45
164 172 47
164 173 43
164 174 58
164 175 46
164 176 60
164 177 42
164 178 59
164 179 37
164 180 57
164 181 48
164 182 50
164 183 60
164 184 46
164 185 37
164 186 49
164 187 49
164 188 52
164 189 41
164 190 43
164 191 38
164 192 43
164 193 35
164 194 36
164 195 36
164 196 49
164 197 50
164 198 40
164 199 48
164 200 47
164 201 50
164 202 59
164 203 37
164 204 49
164 205 50
164 206 57
164 207 47
164 208 45
164 209 40
164 210 57
165 1 50
165 2 43
165 3 38
165 4 60
165 5 53
165 6 38
165 7 53
165 8 42
165 9 48
165 10 38
165 11 37
165 12 50
165 13 40
165 14 47
165 15 59
165 16 47
165 17 46
165 18 50
165 19 50
165 20 56
165 21 46
165 22 54
165 23 57
165 24 44
165 25 42
165 26 56
165 27 48
165 28 38
165 29 37
165 30 45
165 31 59
165 32 54
165 33 53
165 34 56
165 35 40
165 36 57
165 37 52
165 38 59
165 39 50
165 40 60
165 41 48
165 42 54
165 43 57
165 44 57
165 45 49
165 46 39
165 47 50
165 48 52
165 49 59
165 50 45
165 51 60
165 52 51
165 53 49
165 54 40
165 55 50
165 56 50
165 57 41
165 58 60
165 59 60
165 60 47
165 61 42
165 62 36
165 63 50
165 64 50
165 65 47
165 66 53
165 67 39
165 68 48
165 69 54
165 70 37
165 71 41
165 72 48
165 73 44
165 74 41
165 75 43
165 76 58
165 77 52
165 78 52
165 79 50
165 80 55
165 81 40
165 82 35
165 83 53
165 84 35
165 85 44
165 86 39
165 87 51
165 88 38
165 89 52
165 90 51
165 91 57
165 92 44
165 93 53
165 94 56
165 95 37
165 96 37
165 97 51
165 98 59
165 99 59
165 100 47
165 101 41
165 102 59
165 103 44
165 104 50
165 105 55
165 106 58
165 107 43
165 108 57
165 109 52
165 110 49
165 111 53
165 112 44
165 113 49
165 114 48
165 115 48
165 116 57
165 117 42
165 118 40
165 119 49
165 120 53
165 121 50
165 122 42
165 123 42
165 124 45
165 125 41
165 126 53
165 127 46
165 128 50
165 129 51
165 130 48
165 131 36
165 132 57
165 133 52
165 134 50
165 135 36
165 136 57
165 137 37
165 138 59
165 139 58
165 140 44
165 141 54
165 142 49
165 143 46
165 144 53
165 145 36
165 146 52
165 147 39
165 148 44
165 149 43
165 150 49
165 151 58
165 152 53
165 153 44
165 154 58
165 155 57
165 156 38
165 157 38
165 158 50
165 159 46
165 160 57
165 161 51
165 162 36
165 163 45
165 164 51
165 165 0
165 166 53
165 167 53
165 168 40
165 169 40
165 170 48
165 171 47
165 172 59
165 173 53
165 174 42
165 175 54
165 176 37
165 177 47
165 178 55
165 179 55
165 180 57
165 181 51
165 182 57
165 183 45
165 184 60
165 185 45
165 186 55
165 187 44
165 188 52
165 189 44
165 190 45
165 191 55
165 192 47
165 193 35
165 194 55
165 195 41
165 196 60
165 197 42
165 198 36
165 199 53
165 200 57
165 201 45
165 202 43
165 203 46
165 204 40
165 205 50
165 206 55
165 207 43
165 208 35
165 209 51
165 210 48
166 1 49
166 2 55
166 3 46
166 4 42
166 5 50
166 6 44
166 7 49
166 8 42
166 9 43
166 10 35
166 11 58
166 12 41
166 13 36
166 14 59
166 15 35
166 16 35
166 17 42
166 18 36
166 19 45
166 20 52
166 21 57
166 22 41
166 23 53
166 24 44
166 25 48
166 26 56
166 27 37
166 28 42
166 29 52
166 30 53
166 31 35
166 32 47
166 33 54
166 34 45
166 35 36
166 36 59
166 37 59
166 38 39
166 39 39
166 40 42
166 41 56
166 42 45
166 43 42
166 44 36
166 45 52
166 46 45
166 47 57
166 48 44
166 49 42
166 50 44
166 51 50
166 52 52
166 53 56
166 54 35
166 55 43
166 56 59
166 57 53
166 58 35
166 59 54
166 60 40
166 61 42
166 62 47
166 63 55
166 64 46
166 65 51
166 66 56
166 67 37
166 68 59
166 69 48
166 70 47
166 71 49
166 72 42
166 73 57
166 74 35
166 75 35
166 76 60
166 77 45
166 78 40
166 79 57
166 80 41
166 81 49
166 82 37
166 83 47
166 84 43
166 85 41
166 86 35
166 87 50
166 88 43
166 89 57
166 90 51
166 91 59
166 92 54
166 93 60
166 94 35
166 95 42
166 96 56
166 97 45
166 98 40
166 99 53
166 100 56
166 101 35
166 102 38
166 103 40
166 104 48
166 105 42
166 106 37
166 107 57
166 108 49
166 109 38
166 110 52
166 111 60
166 112 40
166 113 59
166 114 36
166 115 38
166 116 47
166 117 48
166 118 45
166 119 58
166 120 37
166 121 44
166 122 53
166 123 51
166 124 60
166 125 38
166 126 57
166 127 37
166 128 42
166 129 56
166 130 36
166 131 52
166 132 40
166 133 57
166 134 60
166 135 45
166 136 36
166 137 36
166 138 52
166 139 47
166 140 38
166 141 51
166 142 54
166 143 51
166 144 52
166 145 46
166 146 37
166 147 51
166 148 59
166 149 53
166 150 43
166 151 48
166 152 54
166 153 37
166 154 39
166 155 40
166 156 42
166 157 58
166 158 57
166 159 54
166 160 37
166 161 45
166 162 46
166 163 60
166 164 45
166 165 56
166 166 0
166 167 55
166 168 36
166 169 48
166 170 44
166 171 37
166 172 44
166 173 46
166 174 37
166 175 51
166 176 43
166 177 44
166 178 37
166 179 46
166 180 57
166 181 39
166 182 53
166 183 60
166 184 43
166 185 46
166 186 52
166 187 54
166 188 57
166 189 45
166 190 57
166 191 53
166 192 42
166 193 55
166 194 51
166 195 40
166 196 38
166 197 46
166 198 58
166 199 45
166 200 44
166 201 46
166 202 44
166 203 54
166 204 44
166 205 41
166 206 47
166 207 42
166 208 43
166 209 57
166 210 52
167 1 57
167 2 55
167 3 60
167 4 47
167 5 35
167 6 53
167 7 42
167 8 36
167 9 39
167 10 58
167 11 40
167 12 45
167 13 58
167 14 39
167 15 60
167 16 42
167 17 39
167 18 39
167 19 39
167 20 52
167 21 46
167 22 59
167 23 35
167 24 39
167 25 46
167 26 54
167 27 44
167 28 49
167 29 40
167 30 52
167 31 46
167 32 46
167 33 52
167 34 47
167 35 37
167 36 35
167 37 58
167 38 52
167 39 57
167 40 46
167 41 56
167 42 57
167 43 57
167 44 57
167 45 52
167 46 60
167 47 56
167 48 40
167 49 47
167 50 46
167 51 45
167 52 48
167 53 54
167 54 36
167 55 42
167 56 44
167 57 47
167 58 57
167 59 47
167 60 53
167 61 40
167 62 41
167 63 35
167 64 43
167 65 45
167 66 44
167 67 43
167 68 40
167 69 48
167 70 37
167 71 55
167 72 54
167 73 54
167 74 52
167 75 43
167 76 48
167 77 60
167 78 59
167 79 50
167 80 40
167 81 55
167 82 38
167 83 48
167 84 44
167 85 45
167 86 47
167 87 42
167 88 51
167 89 36
167 90 50
167 91 55
167 92 42
167 93 50
167 94 59
167 95 35
167 96 51
167 97 52
167 98 54
167 99 37
167 100 41
167 101 36
167 102 47
167 103 46
167 104 42
167 105 55
167 106 44
167 107 39
167 108 48
167 109 55
167 110 50
167 111 37
167 112 38
167 113 47
167 114 44
167 115 56
167 116 49
167 117 50
167 118 59
167 119 41
167 120 51
167 121 49
167 122 57
167 123 44
167 124 47
167 125 45
167 126 48
167 127 59
167 128 58
167 129 37
167 130 58
167 131 56
167 132 43
167 133 44
167 134 42
167 135 39
167 136 42
167 137 48
167 138 36
167 139 42
167 140 37
167 141 42
167 142 43
167 143 48
167 144 48
167 145 42
167 146 48
167 147 54
167 148 38
167 149 60
167 150 58
167 151 46
167 152 43
167 153 35
167 154 50
167 155 60
167 156 36
167 157 53
167 158 37
167 159 39
167 160 44
167 161 44
167 162 48
167 163 49
167 164 39
167 165 51
167 166 42
167 167 0
167 168 46
167 169 47
167 170 41
167 171 58
167 172 38
167 173 49
167 174 51
167 175 47
167 176 45
167 177 41
167 178 43
167 179 51
167 180 43
167 181 39
167 182 41
167 183 50
167 184 45
167 185 52
167 186 45
167 187 56
167 188 50
167 189 50
167 190 46
167 191 43
167 192 44
167 193 56
167 194 50
167 195 50
167 196 57
167 197 35
167 198 35
167 199 50
167 200 54
167 201 42
167 202 39
167 203 45
167 204 47
167 205 35
167 206 58
167 207 42
167 208 59
167 209 58
167 210 46
168 1 59
168 2 43
168 3 49
168 4 50
168 5 41
168 6 51
168 7 36
168 8 60
168 9 52
168 10 41
168 11 41
168 12 38
168 13 55
168 14 39
168 15 50
168 16 48
168 17 50
168 18 41
168 19 53
168 20 52
168 21 44
168 22 42
168 23 49
168 24 35
168 25 52
168 26 46
168 27 60
168 28 41
168 29 53
168 30 43
168 31 49
168 32 53
168 33 40
168 34 57
168 35 38
168 36 59
168 37 41
168 38 39
168 39 48
168 40 35
168 41 41
168 42 38
168 43 58
168 44 41
168 45 60
168 46 55
168 47 42
168 48 37
168 49 42
168 50 58
168 51 45
168 52 54
168 53 50
168 54 55
168 55 54
168 56 59
168 57 58
168 58 60
168 59 36
168 60 38
168 61 60
168 62 51
168 63 35
168 64 53
168 65 52
168 66 38
168 67 48
168 68 60
168 69 56
168 70 56
168 71 43
168 72 48
168 73 51
168 74 40
168 75 41
168 76 36
168 77 37
168 78 36
168 79 45
168 80 43
168 81 58
168 82 37
168 83 38
168 84 37
168 85 45
168 86 56
168 87 47
168 88 39
168 89 43
168 90 59
168 91 41
168 92 37
168 93 46
168 94 52
168 95 60
168 96 38
168 97 54
168 98 36
168 99 44
168 100 38
168 101 59
168 102 41
168 103 55
168 104 42
168 105 53
168 106 50
168 107 47
168 108 54
168 109 46
168 110 48
168 111 55
168 112 35
168 113 53
168 114 38
168 115 58
168 116 45
168 117 60
168 118 53
168 119 49
168 120 54
168 121 44
168 122 56
168 123 41
168 124 47
168 125 48
168 126 38
168 127 43
168 128 52
168 129 40
168 130 53
168 131 46
168 132 42
168 133 55
168 134 44
168 135 54
168 136 38
168 137 55
168 138 49
168 139 46
168 140 48
168 141 46
168 142 50
168 143 47
168 144 53
168 145 56
168 146 48
168 147 39
168 148 59
168 149 46
168 150 40
168 151 49
168 152 43
168 153 39
168 154 60
168 155 52
168 156 48
168 157 38
168 158 59
168 159 54
168 160 45
168 161 54
168 162 46
168 163 53
168 164 43
168 165 57
168 166 43
168 167 48
168 168 0
168 169 35
168 170 40
168 171 37
168 172 46
168 173 35
168 174 36
168 175 55
168 176 48
168 177 46
168 178 39
168 179 41
168 180 58
168 181 55
168 182 37
168 183 49
168 184 53
168 185 35
168 186 56
168 187 55
168 188 60
168 189 60
168 190 43
168 191 40
168 192 39
168 193 44
168 194 60
168 195 58
168 196 59
168 197 54
168 198 47
168 199 55
168 200 36
168 201 42
168 202 44
168 203 52
168 204 37
168 205 58
168 206 49
168 207 52
168 208 43
168 209 49
168 210 44
169 1 57
169 2 37
169 3 49
169 4 58
169 5 46
169 6 39
169 7 59
169 8 35
169 9 58
169 10 44
169 11 43
169 12 38
169 13 37
169 14 58
169 15 51
169 16 46
169 17 58
169 18 50
169 19 40
169 20 40
169 21 59
169 22 42
169 23 49
169 24 60
169 25 38
169 26 49
169 27 37
169 28 60
169 29 37
169 30 54
169 31 44
169 32 59
169 33 35
169 34 46
169 35 47
169 36 50
169 37 49
169 38 55
169 39 51
169 40 44
169 41 52
169 42 41
169 43 58
169 44 47
169 45 49
169 46 36
169 47 36
169 48 57
169 49 53
169 50 56
169 51 50
169 52 37
169 53 40
169 54 50
169 55 43
169 56 58
169 57 49
169 58 47
169 59 57
169 60 41
169 61 48
169 62 40
169 63 36
169 64 41
169 65 52
169 66 49
169 67 54
169 68 38
169 69 43
169 70 46
169 71 60
169 72 36
169 73 41
169 74 54
169 75 59
169 76 40
169 77 37
169 78 59
169 79 53
169 80 43
169 81 44
169 82 35
169 83 43
169 84 48
169 85 60
169 86 47
169 87 53
169 88 59
169 89 52
169 90 47
169 91 37
169 92 55
169 93 59
169 94 42
169 95 60
169 96 57
169 97 55
169 98 57
169 99 52
169 100 45
169 101 35
169 102 51
169 103 53
169 104 35
169 105 37
169 106 55
169 107 43
169 108 43
169 109 53
169 110 43
169 111 57
169 112 48
169 113 57
169 114 44
169 115 36
169 116 53
169 117 36
169 118 58
169 119 53
169 120 39
169 121 38
169 122 60
169 123 55
169 124 60
169 125 49
169 126 52
169 127 54
169 128 48
169 129 57
169 130 51
169 131 51
169 132 60
169 133 49
169 134 51
169 135 57
169 136 45
169 137 35
169 138 40
169 139 57
169 140 53
169 141 51
169 142 50
169 143 50
169 144 59
169 145 38
169 146 54
169 147 57
169 148 54
169 149 43
169 150 43
169 151 57
169 152 41
169 153 51
169 154 56
169 155 58
169 156 42
169 157 40
169 158 42
169 159 56
169 160 55
169 161 51
169 162 37
169 163 56
169 164 49
169 165 56
169 166 57
169 167 39
169 168 50
169 169 0
169 170 49
169 171 35
169 172 47
169 173 37
169 174 35
169 175 36
169 176 41
169 177 39
169 178 42
169 179 53
169 180 58
169 181 43
169 182 60
169 183 50
169 184 56
169 185 38
169 186 48
169 187 46
169 188 39
169 189 39
169 190 45
169 191 49
169 192 37
169 193 51
169 194 52
169 195 42
169 196 54
169 197 41
169 198 43
169 199 43
169 200 54
169 201 35
169 202 56
169 203 46
169 204 59
169 205 47
169 206 42
169 207 54
169 208 39
169 209 53
169 210 35
170 1 39
170 2 36
170 3 42
170 4 50
170 5 45
170 6 37
170 7 60
170 8 38
170 9 35
170 10 45
170 11 48
170 12 59
170 13 51
170 14 38
170 15 38
170 16 47
170 17 38
170 18 58
170 19 52
170 20 52
170 21 59
170 22 42
170 23 59
170 24 52
170 25 40
170 26 39
170 27 48
170 28 51
170 29 42
170 30 50
170 31 57
170 32 42
170 33 58
170 34 58
170 35 59
170 36 53
170 37 35
170 38 43
170 39 41
170 40 44
170 41 39
170 42 56
170 43 54
170 44 49
170 45 47
170 46 46
170 47 48
170 48 47
170 49 43
170 50 48
170 51 53
170 52 45
170 53 41
170 54 35
170 55 54
170 56 57
170 57 48
170 58 52
170 59 53
170 60 56
170 61 51
170 62 56
170 63 40
170 64 56
170 65 41
170 66 52
170 67 40
170 68 56
170 69 50
170 70 37
170 71 46
170 72 52
170 73 55
170 74 36
170 75 39
170 76 44
170 77 60
170 78 45
170 79 56
170 80 57
170 81 50
170 82 45
170 83 54
170 84 58
170 85 40
170 86 48
170 87 52
170 88 53
170 89 55
170 90 38
170 91 43
170 92 51
170 93 35
170 94 56
170 95 43
170 96 49
170 97 39
170 98 51
170 99 45
170 100 54
170 101 48
170 102 41
170 103 53
170 104 49
170 105 38
170 106 47
170 107 39
170 108 43
170 109 40
170 110 56
170 111 53
170 112 51
170 113 44
170 114 56
170 115 37
170 116 53
170 117 47
170 118 52
170 119 35
170 120 35
170 121 47
170 122 58
170 123 39
170 124 46
170 125 49
170 126 43
170 127 54
170 128 36
170 129 55
170 130 44
170 131 55
170 132 48
170 133 41
170 134 51
170 135 38
170 136 41
170 137 58
170 138 47
170 139 37
170 140 52
170 141 45
170 142 54
170 143 60
170 144 53
170 145 46
170 146 54
170 147 41
170 148 58
170 149 41
170 150 48
170 151 56
170 152 37
170 153 46
170 154 38
170 155 51
170 156 56
170 157 36
170 158 56
170 159 41
170 160 54
170 161 59
170 162 55
170 163 51
170 164 54
170 165 37
170 166 42
170 167 51
170 168 38
170 169 45
170 170 0
170 171 53
170 172 50
170 173 49
170 174 50
170 175 52
170 176 51
170 177 41
170 178 38
170 179 60
170 180 48
170 181 44
170 182 53
170 183 39
170 184 45
170 185 42
170 186 42
170 187 52
170 188 48
170 189 53
170 190 47
170 191 51
170 192 54
170 193 43
170 194 36
170 195 48
170 196 43
170 197 45
170 198 56
170 199 36
170 200 53
170 201 46
170 202 35
170 203 55
170 204 41
170 205 44
170 206 38
170 207 37
170 208 53
170 209 47
170 210 48
171 1 47
171 2 40
171 3 47
171 4 51
171 5 56
171 6 51
171 7 44
171 8 45
171 9 48
171 10 40
171 11 41
171 12 58
171 13 55
171 14 37
171 15 43
171 16 56
171 17 60
171 18 57
171 19 58
171 20 55
171 21 38
171 22 39
171 23 57
171 24 54
171 25 55
171 26 47
171 27 51
171 28 55
171 29 60
171 30 56
171 31 47
171 32 59
171 33 53
171 34 46
171 35 43
171 36 45
171 37 40
171 38 52
171 39 44
171 40 57
171 41 51
171 42 59
171 43 50
171 44 48
171 45 41
171 46 40
171 47 43
171 48 49
171 49 48
171 50 51
171 51 37
171 52 50
171 53 47
171 54 36
171 55 43
171 56 41
171 57 43
171 58 47
171 59 60
171 60 38
171 61 54
171 62 40
171 63 49
171 64 38
171 65 43
171 66 58
171 67 54
171 68 54
171 69 59
171 70 50
171 71 54
171 72 58
171 73 58
171 74 48
171 75 43
171 76 54
171 77 58
171 78 50
171 79 44
171 80 38
171 81 59
171 82 41
171 83 42
171 84 51
171 85 36
171 86 50
171 87 47
171 88 46
171 89 47
171 90 48
171 91 59
171 92 46
171 93 47
171 94 41
171 95 38
171 96 56
171 97 45
171 98 52
171 99 60
171 100 40
171 101 42
171 102 38
171 103 45
171 104 56
171 105 51
171 106 58
171 107 41
171 108 49
171 109 58
171 110 51
171 111 58
171 112 41
171 113 49
171 114 51
171 115 50
171 116 54
171 117 37
171 118 39
171 119 57
171 120 47
171 121 49
171 122 41
171 123 43
171 124 46
171 125 37
171 126 57
171 127 50
171 128 52
171 129 38
171 130 46
171 131 57
171 132 38
171 133 45
171 134 37
171 135 48
171 136 44
171 137 53
171 138 53
171 139 44
171 140 49
171 141 39
171 142 43
171 143 37
171 144 54
171 145 50
171 146 41
171 147 46
171 148 49
171 149 37
171 150 56
171 151 37
171 152 53
171 153 41
171 154 55
171 155 60
171 156 46
171 157 58
171 158 45
171 159 52
171 160 43
171 161 47
171 162 54
171 163 43
171 164 55
171 165 58
171 166 57
171 167 48
171 168 51
171 169 44
171 170 48
171 171 0
171 172 48
171 173 49
171 174 38
171 175 57
171 176 50
171 177 38
171 178 55
171 179 59
171 180 47
171 181 59
171 182 35
171 183 56
171 184 45
171 185 39
171 186 37
171 187 42
171 188 43
171 189 52
171 190 57
171 191 37
171 192 35
171 193 38
171 194 41
171 195 51
171 196 42
171 197 45
171 198 46
171 199 47
171 200 39
171 201 40
171 202 40
171 203 42
171 204 48
171 205 47
171 206 59
171 207 55
171 208 56
171 209 47
171 210 47
172 1 44
172 2 41
172 3 47
172 4 52
172 5 35
172 6 56
172 7 46
172 8 36
172 9 54
172 10 59
172 11 46
172 12 36
172 13 41
172 14 37
172 15 35
172 16 39
172 17 60
172 18 47
172 19 43
172 20 41
172 21 53
172 22 57
172 23 46
172 24 48
172 25 60
172 26 48
172 27 49
172 28 55
172 29 37
172 30 36
172 31 46
172 32 41
172 33 48
172 34 59
172 35 55
172 36 49
172 37 58
172 38 42
172 39 40
172 40 36
172 41 60
172 42 42
172 43 40
172 44 51
172 45 44
172 46 47
172 47 50
172 48 57
172 49 36
172 50 49
172 51 51
172 52 47
172 53 55
172 54 60
172 55 49
172 56 44
172 57 60
172 58 59
172 59 39
172 60 38
172 61 39
172 62 56
172 63 49
172 64 53
172 65 48
172 66 48
172 67 52
172 68 41
172 69 57
172 70 39
172 71 38
172 72 39
172 73 40
172 74 44
172 75 41
172 76 39
172 77 48
172 78 40
172 79 56
172 80 41
172 81 59
172 82 53
172 83 60
172 84 44
172 85 59
172 86 59
172 87 53
172 88 35
172 89 55
172 90 52
172 91 51
172 92 37
172 93 40
172 94 55
172 95 41
172 96 58
172 97 53
172 98 43
172 99 47
172 100 46
172 101 53
172 102 45
172 103 60
172 104 43
172 105 53
172 106 50
172 107 36
172 108 44
172 109 58
172 110 48
172 111 45
172 112 53
172 113 41
172 114 54
172 115 36
172 116 60
172 117 54
172 118 39
172 119 41
172 120 45
172 121 55
172 122 37
172 123 40
172 124 40
172 125 37
172 126 52
172 127 55
172 128 37
172 129 37
172 130 55
172 131 49
172 132 45
172 133 41
172 134 50
172 135 54
172 136 60
172 137 40
172 138 44
172 139 50
172 140 37
172 141 55
172 142 50
172 143 42
172 144 42
172 145 59
172 146 53
172 147 60
172 148 54
172 149 56
172 150 55
172 151 46
172 152 37
172 153 50
172 154 42
172 155 44
172 156 39
172 157 36
172 158 48
172 159 56
172 160 49
172 161 47
172 162 44
172 163 37
172 164 60
172 165 55
172 166 47
172 167 60
172 168 38
172 169 41
172 170 38
172 171 42
172 172 0
172 173 40
172 174 44
172 175 46
172 176 44
172 177 37
172 178 37
172 179 49
172 180 60
172 181 40
172 182 54
172 183 54
172 184 60
172 185 39
172 186 38
172 187 36
172 188 37
172 189 39
172 190 53
172 191 35
172 192 37
172 193 50
172 194 43
172 195 41
172 196 47
172 197 49
172 198 44
172 199 49
172 200 52
172 201 60
172 202 54
172 203 56
172 204 45
172 205 39
172 206 36
172 207 37
172 208 49
172 209 42
172 210 48
173 1 53
173 2 54
173 3 54
173 4 44
173 5 38
173 6 51
173 7 50
173 8 45
173 9 56
173 10 37
173 11 46
173 12 59
173 13 37
173 14 42
173 15 57
173 16 58
173 17 46
173 18 38
173 19 59
173 20 39
173 21 39
173 22 39
173 23 45
173 24 45
173 25 35
173 26 52
173 27 58
173 28 50
173 29 52
173 30 49
173 31 46
173 32 50
173 33 52
173 34 58
173 35 39
173 36 38
173 37 42
173 38 58
173 39 55
173 40 38
173 41 40
173 42 60
173 43 48
173 44 57
173 45 45
173 46 59
173 47 55
173 48 47
173 49 40
173 50 43
173 51 43
173 52 40
173 53 59
173 54 44
173 55 60
173 56 59
173 57 53
173 58 57
173 59 51
173 60 58
173 61 52
173 62 45
173 63 53
173 64 35
173 65 51
173 66 57
173 67 38
173 68 37
173 69 59
173 70 53
173 71 36
173 72 53
173 73 46
173 74 45
173 75 60
173 76 49
173 77 36
173 78 47
173 79 52
173 80 53
173 81 38
173 82 55
173 83 53
173 84 58
173 85 50
173 86 55
173 87 39
173 88 53
173 89 57
173 90 48
173 91 55
173 92 50
173 93 39
173 94 57
173 95 52
173 96 58
173 97 37
173 98 51
173 99 44
173 100 53
173 101 46
173 102 37
173 103 44
173 104 37
173 105 49
173 106 56
173 107 47
173 108 57
173 109 58
173 110 47
173 111 49
173 112 52
173 113 44
173 114 42
173 115 50
173 116 45
173 117 49
173 118 35
173 119 39
173 120 39
173 121 57
173 122 45
173 123 35
173 124 49
173 125 54
173 126 56
173 127 40
173 128 42
173 129 45
173 130 55
173 131 48
173 132 54
173 133 51
173 134 40
173 135 36
173 136 44
173 137 40
173 138 59
173 139 47
173 140 55
173 141 47
173 142 52
173 143 46
173 144 47
173 145 46
173 146 36
173 147 42
173 148 45
173 149 55
173 150 37
173 151 49
173 152 52
173 153 35
173 154 55
173 155 44
173 156 45
173 157 51
173 158 55
173 159 41
173 160 56
173 161 52
173 162 37
173 163 43
173 164 37
173 165 39
173 166 40
173 167 59
173 168 46
173 169 40
173 170 58
173 171 42
173 172 42
173 173 0
173 174 37
173 175 48
173 176 35
173 177 42
173 178 45
173 179 60
173 180 54
173 181 45
173 182 50
173 183 43
173 184 44
173 185 43
173 186 47
173 187 53
173 188 54
173 189 55
173 190 41
173 191 45
173 192 50
173 193 44
173 194 41
173 195 37
173 196 35
173 197 60
173 198 57
173 199 47
173 200 39
173 201 47
173 202 45
173 203 51
173 204 46
173 205 57
173 206 56
173 207 56
173 208 46
173 209 57
173 210 42
174 1 50
174 2 51
174 3 59
174 4 48
174 5 36
174 6 53
174 7 38
174 8 60
174 9 55
174 10 60
174 11 58
174 12 45
174 13 45
174 14 37
174 15 49
174 16 38
174 17 43
174 18 58
174 19 55
174 20 52
174 21 42
174 22 41
174 23 37
174 24 47
174 25 50
174 26 38
174 27 56
174 28 36
174 29 39
174 30 52
174 31 45
174 32 50
174 33 53
174 34 35
174 35 41
174 36 59
174 37 47
174 38 38
174 39 47
174 40 51
174 41 47
174 42 49
174 43 56
174 44 51
174 45 42
174 46 43
174 47 39
174 48 59
174 49 60
174 50 47
174 51 60
174 52 38
174 53 60
174 54 39
174 55 44
174 56 58
174 57 38
174 58 48
174 59 59
174 60 46
174 61 40
174 62 59
174 63 53
174 64 53
174 65 55
174 66 47
174 67 40
174 68 51
174 69 36
174 70 43
174 71 46
174 72 53
174 73 53
174 74 48
174 75 52
174 76 41
174 77 38
174 78 46
174 79 41
174 80 51
174 81 52
174 82 58
174 83 39
174 84 36
174 85 41
174 86 40
174 87 41
174 88 46
174 89 42
174 90 58
174 91 48
174 92 35
174 93 48
174 94 60
174 95 42
174 96 46
174 97 47
174 98 38
174 99 52
174 100 58
174 101 43
174 102 45
174 103 38
174 104 37
174 105 50
174 106 49
174 107 51
174 108 57
174 109 55
174 110 54
174 111 54
174 112 54
174 113 35
174 114 37
174 115 43
174 116 56
174 117 45
174 118 38
174 119 49
174 120 35
174 121 60
174 122 38
174 123 49
174 124 36
174 125 47
174 126 58
174 127 56
174 128 60
174 129 53
174 130 60
174 131 35
174 132 40
174 133 36
174 134 38
174 135 41
174 136 40
174 137 51
174 138 55
174 139 56
174 140 37
174 141 53
174 142 38
174 143 50
174 144 46
174 145 50
174 146 41
174 147 49
174 148 56
174 149 53
174 150 53
174 151 46
174 152 50
174 153 39
174 154 48
174 155 36
174 156 57
174 157 45
174 158 44
174 159 50
174 160 39
174 161 39
174 162 56
174 163 41
174 164 55
174 165 46
174 166 58
174 167 52
174 168 39
174 169 44
174 170 45
174 171 58
174 172 51
174 173 38
174 174 0
174 175 44
174 176 44
174 177 52
174 178 42
174 179 52
174 180 42
174 181 42
174 182 37
174 183 39
174 184 45
174 185 51
174 186 53
174 187 42
174 188 36
174 189 38
174 190 53
174 191 57
174 192 39
174 193 36
174 194 35
174 195 46
174 196 43
174 197 45
174 198 39
174 199 53
174 200 55
174 201 51
174 202 44
174 203 50
174 204 36
174 205 55
174 206 60
174 207 53
174 208 45
174 209 39
174 210 41
175 1 50
175 2 52
175 3 50
175 4 39
175 5 46
175 6 58
175 7 43
175 8 53
175 9 45
175 10 54
175 11 57
175 12 49
175 13 57
175 14 45
175 15 55
175 16 43
175 17 38
175 18 58
175 19 35
175 20 46
175 21 48
175 22 57
175 23 40
175 24 35
175 25 48
175 26 56
175 27 52
175 28 39
175 29 60
175 30 36
175 31 35
175 32 50
175 33 50
175 34 45
175 35 45
175 36 44
175 37 59
175 38 59
175 39 58
175 40 36
175 41 58
175 42 52
175 43 37
175 44 57
175 45 52
175 46 41
175 47 42
175 48 56
175 49 59
175 50 53
175 51 50
175 52 59
175 53 41
175 54 44
175 55 43
175 56 38
175 57 39
175 58 39
175 59 52
175 60 39
175 61 42
175 62 36
175 63 40
175 64 59
175 65 50
175 66 41
175 67 48
175 68 53
175 69 46
175 70 44
175 71 39
175 72 54
175 73 44
175 74 43
175 75 44
175 76 46
175 77 42
175 78 58
175 79 44
175 80 39
175 81 46
175 82 59
175 83 37
175 84 52
175 85 39
175 86 40
175 87 56
175 88 58
175 89 38
175 90 37
175 91 45
175 92 60
175 93 36
175 94 53
175 95 51
175 96 60
175 97 41
175 98 46
175 99 35
175 100 38
175 101 55
175 102 40
175 103 38
175 104 35
175 105 47
175 106 39
175 107 59
175 108 48
175 109 50
175 110 48
175 111 50
175 112 56
175 113 48
175 114 50
175 115 53
175 116 46
175 117 36
175 118 40
175 119 41
175 120 37
175 121 46
175 122 57
175 123 50
175 124 42
175 125 52
175 126 35
175 127 43
175 128 44
175 129 60
175 130 43
175 131 60
175 132 42
175 133 37
175 134 49
175 135 35
175 136 40
175 137 49
175 138 43
175 139 45
175 140 41
175 141 56
175 142 35
175 143 48
175 144 49
175 145 59
175 146 56
175 147 41
175 148 52
175 149 39
175 150 38
175 151 53
175 152 48
175 153 49
175 154 37
175 155 46
175 156 36
175 157 36
175 158 48
175 159 57
175 160 46
175 161 38
175 162 44
175 163 51
175 164 52
175 165 44
175 166 46
175 167 43
175 168 53
175 169 39
175 170 55
175 171 53
175 172 51
175 173 42
175 174 53
175 175 0
175 176 36
175 177 35
175 178 48
175 179 53
175 180 52
175 181 51
175 182 35
175 183 47
175 184 40
175 185 48
175 186 38
175 187 60
175 188 51
175 189 52
175 190 58
175 191 41
175 192 56
175 193 57
175 194 58
175 195 58
175 196 45
175 197 39
175 198 51
175 199 49
175 200 60
175 201 60
175 202 57
175 203 57
175 204 42
175 205 44
175 206 43
175 207 46
175 208 54
175 209 48
175 210 42
176 1 54
176 2 37
176 3 42
176 4 57
176 5 53
176 6 43
176 7 55
176 8 45
176 9 42
176 10 56
176 11 51
176 12 40
176 13 48
176 14 54
176 15 48
176 16 44
176 17 57
176 18 43
176 19 37
176 20 47
176 21 44
176 22 35
176 23 37
176 24 52
176 25 50
176 26 54
176 27 43
176 28 44
176 29 54
176 30 59
176 31 37
176 32 42
176 33 40
176 34 38
176 35 35
176 36 50
176 37 57
176 38 50
176 39 50
176 40 53
176 41 60
176 42 36
176 43 45
176 44 48
176 45 55
176 46 38
176 47 41
176 48 37
176 49 57
176 50 49
176 51 36
176 52 48
176 53 47
176 54 58
176 55 37
176 56 54
176 57 45
176 58 39
176 59 37
176 60 52
176 61 58
176 62 52
176 63 53
176 64 54
176 65 41
176 66 50
176 67 58
176 68 35
176 69 42
176 70 56
176 71 39
176 72 39
176 73 45
176 74 57
176 75 57
176 76 45
176 77 56
176 78 36
176 79 51
176 80 51
176 81 47
176 82 60
176 83 36
176 84 35
176 85 38
176 86 59
176 87 45
176 88 37
176 89 37
176 90 54
176 91 53
176 92 48
176 93 47
176 94 51
176 95 48
176 96 35
176 97 38
176 98 55
176 99 48
176 100 47
176 101 39
176 102 49
176 103 40
176 104 40
176 105 57
176 106 43
176 107 59
176 108 53
176 109 53
176 110 54
176 111 53
176 112 43
176 113 60
176 114 51
176 115 50
176 116 45
176 117 56
176 118 36
176 119 41
176 120 42
176 121 51
176 122 45
176 123 35
176 124 52
176 125 45
176 126 46
176 127 55
176 128 58
176 129 35
176 130 56
176 131 47
176 132 46
176 133 35
176 134 42
176 135 57
176 136 48
176 137 53
176 138 45
176 139 43
176 140 49
176 141 41
176 142 45
176 143 45
176 144 40
176 145 53
176 146 60
176 147 54
176 148 57
176 149 50
176 150 51
176 151 36
176 152 48
176 153 56
176 154 55
176 155 40
176 156 41
176 157 51
176 158 35
176 159 47
176 160 56
176 161 45
176 162 59
176 163 54
176 164 40
176 165 35
176 166 48
176 167 49
176 168 53
176 169 38
176 170 42
176 171 44
176 172 45
176 173 41
176 174 58
176 175 46
176 176 0
176 177 39
176 178 41
176 179 58
176 180 51
176 181 40
176 182 51
176 183 48
176 184 46
176 185 58
176 186 56
176 187 60
176 188 41
176 189 45
176 190 52
176 191 39
176 192 53
176 193 58
176 194 58
176 195 50
176 196 54
176 197 48
176 198 38
176 199 39
176 200 58
176 201 37
176 202 57
176 203 35
176 204 48
176 205 46
176 206 51
176 207 43
176 208 45
176 209 40
176 210 42
177 1 41
177 2 55
177 3 58
177 4 35
177 5 45
177 6 41
177 7 39
177 8 43
177 9 54
177 10 45
177 11 56
177 12 52
177 13 38
177 14 39
177 15 42
177 16 36
177 17 48
177 18 43
177 19 43
177 20 51
177 21 35
177 22 52
177 23 51
177 24 36
177 25 49
177 26 44
177 27 46
177 28 55
177 29 59
177 30 52
177 31 50
177 32 45
177 33 39
177 34 39
177 35 57
177 36 45
177 37 48
177 38 58
177 39 55
177 40 47
177 41 60
177 42 36
177 43 37
177 44 60
177 45 54
177 46 40
177 47 57
177 48 42
177 49 56
177 50 47
177 51 35
177 52 40
177 53 45
177 54 59
177 55 50
177 56 56
177 57 47
177 58 45
177 59 57
177 60 37
177 61 59
177 62 42
177 63 55
177 64 35
177 65 57
177 66 58
177 67 52
177 68 37
177 69 38
177 70 59
177 71 35
177 72 46
177 73 50
177 74 43
177 75 41
177 76 58
177 77 38
177 78 45
177 79 49
177 80 36
177 81 38
177 82 49
177 83 46
177 84 58
177 85 56
177 86 48
177 87 47
177 88 36
177 89 35
177 90 47
177 91 56
177 92 37
177 93 59
177 94 35
177 95 50
177 96 59
177 97 43
177 98 45
177 99 37
177 100 54
177 101 44
177 102 35
177 103 37
177 104 57
177 105 40
177 106 52
177 107 50
177 108 45
177 109 48
177 110 52
177 111 45
177 112 51
177 113 49
177 114 50
177 115 42
177 116 36
177 117 52
177 118 60
177 119 49
177 120 45
177 121 40
177 122 41
177 123 58
177 124 59
177 125 56
177 126 37
177 127 48
177 128 50
177 129 51
177 130 46
177 131 56
177 132 59
177 133 41
177 134 52
177 135 39
177 136 58
177 137 47
177 138 40
177 139 35
177 140 56
177 141 55
177 142 49
177 143 53
177 144 55
177 145 44
177 146 40
177 147 54
177 148 59
177 149 35
177 150 59
177 151 47
177 152 54
177 153 58
177 154 56
177 155 50
177 156 39
177 157 53
177 158 58
177 159 46
177 160 60
177 161 55
177 162 45
177 163 36
177 164 60
177 165 54
177 166 37
177 167 37
177 168 60
177 169 42
177 170 37
177 171 60
177 172 37
177 173 41
177 174 48
177 175 38
177 176 41
177 177 0
177 178 44
177 179 45
177 180 59
177 181 43
177 182 41
177 183 53
177 184 54
177 185 38
177 186 55
177 187 38
177 188 35
177 189 35
177 190 36
177 191 35
177 192 52
177 193 53
177 194 46
177 195 60
177 196 59
177 197 36
177 198 37
177 199 48
177 200 36
177 201 35
177 202 55
177 203 57
177 204 41
177 205 55
177 206 40
177 207 52
177 208 55
177 209 35
177 210 37
178 1 38
178 2 59
178 3 52
178 4 58
178 5 55
178 6 50
178 7 47
178 8 49
178 9 37
178 10 35
178 11 57
178 12 40
178 13 53
178 14 51
178 15 57
178 16 41
178 17 48
178 18 38
178 19 59
178 20 50
178 21 46
178 22 52
178 23 52
178 24 47
178 25 35
178 26 58
178 27 44
178 28 46
178 29 42
178 30 44
178 31 39
178 32 38
178 33 45
178 34 37
178 35 51
178 36 49
178 37 55
178 38 49
178 39 59
178 40 44
178 41 42
178 42 43
178 43 38
178 44 53
178 45 53
178 46 37
178 47 58
178 48 59
178 49 42
178 50 57
178 51 54
178 52 40
178 53 38
178 54 42
178 55 44
178 56 50
178 57 47
178 58 37
178 59 48
178 60 58
178 61 51
178 62 53
178 63 43
178 64 40
178 65 45
178 66 35
178 67 43
178 68 36
178 69 47
178 70 46
178 71 49
178 72 57
178 73 37
178 74 43
178 75 49
178 76 42
178 77 57
178 78 46
178 79 41
178 80 38
178 81 37
178 82 56
178 83 46
178 84 50
178 85 39
178 86 43
178 87 36
178 88 60
178 89 45
178 90 45
178 91 40
178 92 47
178 93 60
178 94 55
178 95 47
178 96 45
178 97 38
178 98 40
178 99 43
178 100 40
178 101 58
178 102 40
178 103 53
178 104 40
178 105 42
178 106 54
178 107 46
178 108 54
178 109 43
178 110 44
178 111 50
178 112 39
178 113 52
178 114 60
178 115 48
178 116 40
178 117 48
178 118 49
178 119 44
178 120 45
178 121 55
178 122 46
178 123 37
178 124 49
178 125 44
178 126 37
178 127 44
178 128 48
178 129 38
178 130 60
178 131 45
178 132 43
178 133 36
178 134 44
178 135 44
178 136 54
178 137 38
178 138 42
178 139 38
178 140 38
178 141 53
178 142 46
178 143 48
178 144 42
178 145 54
178 146 52
178 147 43
178 148 37
178 149 39
178 150 51
178 151 38
178 152 37
178 153 38
178 154 46
178 155 36
178 156 44
178 157 52
178 158 48
178 159 53
178 160 48
178 161 53
178 162 50
178 163 46
178 164 54
178 165 56
178 166 48
178 167 36
178 168 50
178 169 47
178 170 42
178 171 43
178 172 56
178 173 57
178 174 37
178 175 59
178 176 46
178 177 52
178 178 0
178 179 59
178 180 47
178 181 40
178 182 37
178 183 59
178 184 43
178 185 48
178 186 51
178 187 46
178 188 47
178 189 45
178 190 45
178 191 52
178 192 50
178 193 46
178 194 54
178 195 54
178 196 45
178 197 56
178 198 48
178 199 52
178 200 60
178 201 51
178 202 44
178 203 55
178 204 41
178 205 37
178 206 56
178 207 41
178 208 50
178 209 45
178 210 47
179 1 47
179 2 57
179 3 45
179 4 44
179 5 40
179 6 40
179 7 46
179 8 40
179 9 40
179 10 55
179 11 41
179 12 44
179 13 40
179 14 45
179 15 60
179 16 50
179 17 56
179 18 58
179 19 56
179 20 47
179 21 45
179 22 59
179 23 35
179 24 45
179 25 35
179 26 54
179 27 42
179 28 43
179 29 55
179 30 53
179 31 55
179 32 36
179 33 56
179 34 45
179 35 46
179 36 36
179 37 42
179 38 43
179 39 43
179 40 49
179 41 48
179 42 58
179 43 36
179 44 35
179 45 51
179 46 59
179 47 49
179 48 35
179 49 38
179 50 59
179 51 51
179 52 58
179 53 50
179 54 35
179 55 54
179 56 42
179 57 50
179 58 59
179 59 36
179 60 51
179 61 54
179 62 59
179 63 51
179 64 35
179 65 56
179 66 38
179 67 39
179 68 54
179 69 44
179 70 57
179 71 47
179 72 55
179 73 51
179 74 45
179 75 57
179 76 55
179 77 40
179 78 53
179 79 54
179 80 48
179 81 41
179 82 46
179 83 44
179 84 43
179 85 48
179 86 49
179 87 41
179 88 39
179 89 38
179 90 57
179 91 38
179 92 42
179 93 49
179 94 50
179 95 41
179 96 49
179 97 55
179 98 53
179 99 54
179 100 52
179 101 53
179 102 52
179 103 54
179 104 37
179 105 43
179 106 42
179 107 45
179 108 39
179 109 44
179 110 38
179 111 43
179 112 38
179 113 41
179 114 48
179 115 41
179 116 53
179 117 52
179 118 36
179 119 54
179 120 45
179 121 55
179 122 55
179 123 47
179 124 60
179 125 38
179 126 44
179 127 39
179 128 47
179 129 44
179 130 46
179 131 39
179 132 51
179 133 58
179 134 54
179 135 55
179 136 53
179 137 38
179 138 38
179 139 41
179 140 44
179 141 46
179 142 39
179 143 58
179 144 42
179 145 41
179 146 51
179 147 42
179 148 59
179 149 36
179 150 59
179 151 41
179 152 58
179 153 35
179 154 53
179 155 54
179 156 39
179 157 47
179 158 49
179 159 38
179 160 43
179 161 42
179 162 55
179 163 53
179 164 36
179 165 47
179 166 57
179 167 47
179 168 41
179 169 57
179 170 41
179 171 51
179 172 56
179 173 53
179 174 35
179 175 44
179 176 58
179 177 58
179 178 50
179 179 0
179 180 46
179 181 57
179 182 42
179 183 47
179 184 60
179 185 50
179 186 59
179 187 43
179 188 48
179 189 51
179 190 55
179 191 55
179 192 52
179 193 36
179 194 59
179 195 41
179 196 38
179 197 42
179 198 58
179 199 45
179 200 53
179 201 37
179 202 53
179 203 44
179 204 40
179 205 38
179 206 39
179 207 56
179 208 53
179 209 48
179 210 54
180 1 41
180 2 57
180 3 58
180 4 36
180 5 39
180 6 39
180 7 44
180 8 47
180 9 55
180 10 38
180 11 49
180 12 52
180 13 53
180 14 39
180 15 53
180 16 52
180 17 38
180 18 51
180 19 35
180 20 39
180 21 35
180 22 56
180 23 47
180 24 48
180 25 52
180 26 50
180 27 39
180 28 58
180 29 56
180 30 48
180 31 41
180 32 59
180 33 54
180 34 58
180 35 40
180 36 35
180 37 35
180 38 58
180 39 38
180 40 52
180 41 49
180 42 54
180 43 48
180 44 48
180 45 48
180 46 38
180 47 56
180 48 39
180 49 42
180 50 39
180 51 52
180 52 44
180 53 54
180 54 53
180 55 46
180 56 40
180 57 51
180 58 56
180 59 45
180 60 57
180 61 56
180 62 51
180 63 47
180 64 37
180 65 55
180 66 53
180 67 43
180 68 57
180 69 43
180 70 35
180 71 46
180 72 35
180 73 59
180 74 38
180 75 46
180 76 53
180 77 45
180 78 35
180 79 51
180 80 37
180 81 56
180 82 50
180 83 35
180 84 52
180 85 55
180 86 38
180 87 60
180 88 54
180 89 43
180 90 50
180 91 42
180 92 39
180 93 38
180 94 43
180 95 55
180 96 53
180 97 39
180 98 49
180 99 35
180 100 40
180 101 50
180 102 46
180 103 48
180 104 39
180 105 46
180 106 49
180 107 47
180 108 47
180 109 44
180 110 47
180 111 36
180 112 45
180 113 53
180 114 49
180 115 41
180 116 59
180 117 39
180 118 57
180 119 56
180 120 38
180 121 56
180 122 37
180 123 41
180 124 53
180 125 45
180 126 49
180 127 44
180 128 35
180 129 59
180 130 46
180 131 60
180 132 45
180 133 56
180 134 54
180 135 45
180 136 43
180 137 38
180 138 45
180 139 45
180 140 57
180 141 41
180 142 58
180 143 57
180 144 37
180 145 59
180 146 57
180 147 39
180 148 57
180 149 56
180 150 54
180 151 35
180 152 39
180 153 51
180 154 38
180 155 46
180 156 54
180 157 51
180 158 43
180 159 56
180 160 49
180 161 38
180 162 40
180 163 60
180 164 56
180 165 56
180 166 42
180 167 40
180 168 50
180 169 40
180 170 45
180 171 49
180 172 59
180 173 49
180 174 48
180 175 56
180 176 47
180 177 51
180 178 43
180 179 38
180 180 0
180 181 45
180 182 48
180 183 38
180 184 36
180 185 35
180 186 47
180 187 37
180 188 40
180 189 35
180 190 51
180 191 57
180 192 47
180 193 45
180 194 57
180 195 51
180 196 42
180 197 40
180 198 51
180 199 48
180 200 48
180 201 39
180 202 45
180 203 41
180 204 52
180 205 51
180 206 39
180 207 39
180 208 37
180 209 56
180 210 56
181 1 52
181 2 57
181 3 52
181 4 45
181 5 35
181 6 41
181 7 45
181 8 42
181 9 53
181 10 44
181 11 42
181 12 48
181 13 40
181 14 52
181 15 60
181 16 58
181 17 46
181 18 53
181 19 60
181 20 37
181 21 56
181 22 42
181 23 38
181 24 43
181 25 37
181 26 35
181 27 51
181 28 54
181 29 39
181 30 36
181 31 55
181 32 45
181 33 36
181 34 56
181 35 39
181 36 50
181 37 57
181 38 50
181 39 52
181 40 44
181 41 36
181 42 38
181 43 60
181 44 35
181 45 55
181 46 35
181 47 37
181 48 38
181 49 52
181 50 47
181 51 52
181 52 50
181 53 54
181 54 38
181 55 59
181 56 36
181 57 59
181 58 57
181 59 56
181 60 47
181 61 51
181 62 53
181 63 41
181 64 53
181 65 49
181 66 59
181 67 59
181 68 56
181 69 49
181 70 51
181 71 54
181 72 50
181 73 57
181 74 47
181 75 39
181 76 56
181 77 45
181 78 56
181 79 58
181 80 48
181 81 44
181 82 60
181 83 35
181 84 45
181 85 58
181 86 38
181 87 36
181 88 41
181 89 36
181 90 46
181 91 38
181 92 57
181 93 35
181 94 48
181 95 46
181 96 48
181 97 59
181 98 42
181 99 58
181 100 54
181 101 46
181 102 45
181 103 36
181 104 55
181 105 45
181 106 46
181 107 56
181 108 54
181 109 37
181 110 45
181 111 47
181 112 41
181 113 35
181 114 40
181 115 58
181 116 59
181 117 48
181 118 55
181 119 55
181 120 45
181 121 36
181 122 53
181 123 48
181 124 39
181 125 44
181 126 56
181 127 40
181 128 55
181 129 52
181 130 57
181 131 38
181 132 53
181 133 59
181 134 44
181 135 37
181 136 46
181 137 55
181 138 45
181 139 47
181 140 44
181 141 51
181 142 54
181 143 47
181 144 51
181 145 49
181 146 45
181 147 43
181 148 49
181 149 43
181 150 42
181 151 44
181 152 37
181 153 38
181 154 59
181 155 47
181 156 46
181 157 51
181 158 58
181 159 38
181 160 60
181 161 41
181 162 50
181 163 50
181 164 41
181 165 35
181 166 37
181 167 44
181 168 57
181 169 50
181 170 51
181 171 44
181 172 40
181 173 42
181 174 58
181 175 36
181 176 58
181 177 53
181 178 55
181 179 60
181 180 46
181 181 0
181 182 40
181 183 51
181 184 60
181 185 43
181 186 53
181 187 54
181 188 35
181 189 58
181 190 36
181 191 47
181 192 35
181 193 36
181 194 53
181 195 42
181 196 58
181 197 45
181 198 43
181 199 48
181 200 49
181 201 36
181 202 39
181 203 43
181 204 56
181 205 53
181 206 43
181 207 54
181 208 36
181 209 47
181 210 51
182 1 48
182 2 56
182 3 57
182 4 37
182 5 49
182 6 39
182 7 55
182 8 46
182 9 35
182 10 37
182 11 51
182 12 59
182 13 43
182 14 42
182 15 50
182 16 54
182 17 38
182 18 47
182 19 45
182 20 45
182 21 40
182 22 48
182 23 57
182 24 44
182 25 47
182 26 38
182 27 55
182 28 39
182 29 47
182 30 40
182 31 37
182 32 60
182 33 43
182 34 45
182 35 46
182 36 55
182 37 47
182 38 60
182 39 47
182 40 59
182 41 57
182 42 52
182 43 42
182 44 56
182 45 35
182 46 38
182 47 40
182 48 42
182 49 60
182 50 58
182 51 56
182 52 40
182 53 60
182 54 37
182 55 41
182 56 48
182 57 39
182 58 45
182 59 36
182 60 49
182 61 52
182 62 41
182 63 49
182 64 36
182 65 39
182 66 44
182 67 48
182 68 56
182 69 48
182 70 54
182 71 44
182 72 55
182 73 49
182 74 38
182 75 45
182 76 48
182 77 53
182 78 46
182 79 44
182 80 47
182 81 35
182 82 50
182 83 35
182 84 53
182 85 35
182 86 37
182 87 56
182 88 36
182 89 51
182 90 43
182 91 57
182 92 44
182 93 56
182 94 59
182 95 43
182 96 57
182 97 58
182 98 60
182 99 38
182 100 46
182 101 54
182 102 53
182 103 46
182 104 50
182 105 57
182 106 48
182 107 43
182 108 48
182 109 39
182 110 60
182 111 43
182 112 52
182 113 44
182 114 55
182 115 53
182 116 45
182 117 38
182 118 44
182 119 56
182 120 57
182 121 35
182 122 59
182 123 37
182 124 49
182 125 52
182 126 44
182 127 55
182 128 57
182 129 48
182 130 43
182 131 42
182 132 59
182 133 57
182 134 40
182 135 55
182 136 41
182 137 45
182 138 52
182 139 44
182 140 59
182 141 38
182 142 43
182 143 58
182 144 47
182 145 52
182 146 55
182 147 60
182 148 40
182 149 47
182 150 54
182 151 57
182 152 35
182 153 36
182 154 47
182 155 52
182 156 46
182 157 44
182 158 49
182 159 46
182 160 52
182 161 44
182 162 49
182 163 40
182 164 59
182 165 40
182 166 53
182 167 49
182 168 50
182 169 45
182 170 59
182 171 56
182 172 48
182 173 57
182 174 50
182 175 46
182 176 35
182 177 42
182 178 47
182 179 45
182 180 58
182 181 48
182 182 0
182 183 48
182 184 48
182 185 55
182 186 39
182 187 55
182 188 39
182 189 57
182 190 48
182 191 49
182 192 45
182 193 43
182 194 53
182 195 60
182 196 55
182 197 35
182 198 51
182 199 35
182 200 37
182 201 38
182 202 51
182 203 41
182 204 56
182 205 39
182 206 39
182 207 35
182 208 51
182 209 45
182 210 46
183 1 41
183 2 52
183 3 59
183 4 42
183 5 40
183 6 47
183 7 40
183 8 50
183 9 48
183 10 54
183 11 60
183 12 59
183 13 43
183 14 56
183 15 49
183 16 60
183 17 42
183 18 53
183 19 45
183 20 45
183 21 44
183 22 55
183 23 50
183 24 49
183 25 56
183 26 52
183 27 43
183 28 60
183 29 37
183 30 50
183 31 39
183 32 51
183 33 53
183 34 37
183 35 48
183 36 41
183 37 45
183 38 56
183 39 47
183 40 43
183 41 40
183 42 46
183 43 42
183 44 47
183 45 35
183 46 45
183 47 45
183 48 59
183 49 38
183 50 51
183 51 37
183 52 51
183 53 38
183 54 37
183 55 37
183 56 47
183 57 60
183 58 56
183 59 36
183 60 39
183 61 53
183 62 45
183 63 42
183 64 40
183 65 48
183 66 45
183 67 44
183 68 39
183 69 40
183 70 46
183 71 59
183 72 49
183 73 49
183 74 47
183 75 44
183 76 46
183 77 40
183 78 54
183 79 58
183 80 36
183 81 55
183 82 58
183 83 51
183 84 38
183 85 42
183 86 47
183 87 42
183 88 46
183 89 55
183 90 46
183 91 44
183 92 40
183 93 40
183 94 56
183 95 38
183 96 46
183 97 49
183 98 43
183 99 40
183 100 36
183 101 45
183 102 51
183 103 38
183 104 44
183 105 49
183 106 41
183 107 46
183 108 58
183 109 56
183 110 54
183 111 46
183 112 50
183 113 44
183 114 52
183 115 41
183 116 60
183 117 36
183 118 35
183 119 38
183 120 45
183 121 51
183 122 53
183 123 46
183 124 49
183 125 35
183 126 45
183 127 53
183 128 45
183 129 60
183 130 45
183 131 48
183 132 51
183 133 49
183 134 41
183 135 56
183 136 55
183 137 50
183 138 45
183 139 46
183 140 57
183 141 55
183 142 55
183 143 35
183 144 57
183 145 52
183 146 38
183 147 43
183 148 53
183 149 37
183 150 38
183 151 42
183 152 42
183 153 56
183 154 36
183 155 52
183 156 59
183 157 43
183 158 55
183 159 55
183 160 47
183 161 54
183 162 54
183 163 60
183 164 43
183 165 42
183 166 41
183 167 54
183 168 49
183 169 59
183 170 38
183 171 49
183 172 35
183 173 50
183 174 38
183 175 59
183 176 39
183 177 52
183 178 50
183 179 59
183 180 44
183 181 41
183 182 38
183 183 0
183 184 56
183 185 41
183 186 44
183 187 41
183 188 54
183 189 44
183 190 36
183 191 40
183 192 46
183 193 40
183 194 50
183 195 58
183 196 49
183 197 56
183 198 36
183 199 43
183 200 36
183 201 40
183 202 59
183 203 41
183 204 40
183 205 35
183 206 56
183 207 49
183 208 45
183 209 39
183 210 55
184 1 42
184 2 36
184 3 38
184 4 42
184 5 52
184 6 53
184 7 40
184 8 52
184 9 50
184 10 44
184 11 39
184 12 50
184 13 54
184 14 55
184 15 54
184 16 46
184 17 46
184 18 60
184 19 52
184 20 52
184 21 56
184 22 42
184 23 45
184 24 43
184 25 54
184 26 56
184 27 37
184 28 60
184 29 48
184 30 56
184 31 35
184 32 60
184 33 48
184 34 56
184 35 44
184 36 39
184 37 46
184 38 47
184 39 57
184 40 35
184 41 41
184 42 38
184 43 53
184 44 51
184 45 54
184 46 51
184 47 60
184 48 55
184 49 39
184 50 55
184 51 55
184 52 50
184 53 39
184 54 55
184 55 41
184 56 41
184 57 52
184 58 59
184 59 48
184 60 47
184 61 41
184 62 55
184 63 47
184 64 49
184 65 48
184 66 45
184 67 42
184 68 37
184 69 52
184 70 42
184 71 38
184 72 52
184 73 58
184 74 43
184 75 58
184 76 54
184 77 54
184 78 41
184 79 58
184 80 47
184 81 60
184 82 58
184 83 36
184 84 37
184 85 42
184 86 52
184 87 43
184 88 58
184 89 38
184 90 40
184 91 37
184 92 50
184 93 42
184 94 46
184 95 36
184 96 45
184 97 58
184 98 44
184 99 45
184 100 53
184 101 36
184 102 35
184 103 41
184 104 44
184 105 50
184 106 54
184 107 55
184 108 44
184 109 35
184 110 40
184 111 52
184 112 47
184 113 47
184 114 53
184 115 40
184 116 42
184 117 58
184 118 36
184 119 53
184 120 55
184 121 55
184 122 53
184 123 46
184 124 60
184 125 52
184 126 39
184 127 59
184 128 52
184 129 38
184 130 59
184 131 51
184 132 58
184 133 59
184 134 41
184 135 57
184 136 58
184 137 47
184 138 40
184 139 35
184 140 35
184 141 60
184 142 36
184 143 35
184 144 40
184 145 55
184 146 41
184 147 59
184 148 43
184 149 55
184 150 45
184 151 54
184 152 54
184 153 50
184 154 57
184 155 49
184 156 42
184 157 56
184 158 42
184 159 52
184 160 54
184 161 39
184 162 38
184 163 37
184 164 56
184 165 59
184 166 42
184 167 38
184 168 59
184 169 53
184 170 49
184 171 37
184 172 49
184 173 56
184 174 39
184 175 36
184 176 54
184 177 57
184 178 45
184 179 45
184 180 46
184 181 38
184 182 56
184 183 40
184 184 0
184 185 53
184 186 54
184 187 41
184 188 53
184 189 46
184 190 43
184 191 49
184 192 37
184 193 40
184 194 48
184 195 49
184 196 45
184 197 56
184 198 36
184 199 40
184 200 52
184 201 43
184 202 57
184 203 60
184 204 59
184 205 35
184 206 54
184 207 39
184 208 42
184 209 46
184 210 45
185 1 47
185 2 53
185 3 36
185 4 50
185 5 59
185 6 43
185 7 51
185 8 35
185 9 43
185 10 41
185 11 45
185 12 48
185 13 46
185 14 40
185 15 35
185 16 44
185 17 35
185 18 58
185 19 36
185 20 52
185 21 41
185 22 43
185 23 50
185 24 43
185 25 54
185 26 49
185 27 54
185 28 51
185 29 36
185 30 36
185 31 56
185 32 52
185 33 57
185 34 59
185 35 48
185 36 46
185 37 35
185 38 42
185 39 53
185 40 60
185 41 55
185 42 54
185 43 39
185 44 46
185 45 50
185 46 47
185 47 49
185 48 35
185 49 41
185 50 46
185 51 55
185 52 52
185 53 42
185 54 58
185 55 54
185 56 43
185 57 53
185 58 51
185 59 36
185 60 50
185 61 49
185 62 53
185 63 51
185 64 43
185 65 45
185 66 37
185 67 58
185 68 47
185 69 55
185 70 53
185 71 60
185 72 49
185 73 54
185 74 56
185 75 48
185 76 37
185 77 40
185 78 50
185 79 44
185 80 46
185 81 35
185 82 39
185 83 50
185 84 37
185 85 55
185 86 59
185 87 38
185 88 57
185 89 35
185 90 42
185 91 59
185 92 41
185 93 53
185 94 45
185 95 50
185 96 51
185 97 60
185 98 40
185 99 42
185 100 38
185 101 58
185 102 37
185 103 53
185 104 57
185 105 45
185 106 38
185 107 57
185 108 47
185 109 41
185 110 43
185 111 44
185 112 44
185 113 59
185 114 45
185 115 54
185 116 50
185 117 42
185 118 58
185 119 37
185 120 44
185 121 39
185 122 57
185 123 39
185 124 53
185 125 46
185 126 56
185 127 55
185 128 58
185 129 45
185 130 55
185 131 51
185 132 40
185 133 54
185 134 45
185 135 56
185 136 46
185 137 60
185 138 37
185 139 37
185 140 60
185 141 41
185 142 59
185 143 51
185 144 51
185 145 58
185 146 43
185 147 58
185 148 46
185 149 43
185 150 47
185 151 37
185 152 53
185 153 40
185 154 58
185 155 42
185 156 53
185 157 48
185 158 45
185 159 49
185 160 37
185 161 36
185 162 38
185 163 35
185 164 49
185 165 58
185 166 51
185 167 37
185 168 46
185 169 41
185 170 57
185 171 43
185 172 60
185 173 46
185 174 38
185 175 36
185 176 60
185 177 35
185 178 45
185 179 46
185 180 60
185 181 39
185 182 36
185 183 43
185 184 42
185 185 0
185 186 44
185 187 52
185 188 58
185 189 44
185 190 45
185 191 44
185 192 42
185 193 36
185 194 54
185 195 35
185 196 48
185 197 55
185 198 52
185 199 47
185 200 38
185 201 37
185 202 39
185 203 47
185 204 60
185 205 41
185 206 53
185 207 56
185 208 46
185 209 46
185 210 47
186 1 48
186 2 42
186 3 43
186 4 42
186 5 50
186 6 55
186 7 46
186 8 52
186 9 52
186 10 38
186 11 50
186 12 51
186 13 38
186 14 57
186 15 40
186 16 45
186 17 36
186 18 50
186 19 40
186 20 40
186 21 45
186 22 48
186 23 59
186 24 53
186 25 48
186 26 44
186 27 46
186 28 46
186 29 36
186 30 57
186 31 38
186 32 56
186 33 56
186 34 40
186 35 58
186 36 44
186 37 41
186 38 46
186 39 47
186 40 60
186 41 48
186 42 43
186 43 41
186 44 55
186 45 40
186 46 37
186 47 55
186 48 46
186 49 37
186 50 56
186 51 55
186 52 37
186 53 44
186 54 46
186 55 55
186 56 59
186 57 38
186 58 48
186 59 48
186 60 48
186 61 55
186 62 51
186 63 59
186 64 57
186 65 52
186 66 51
186 67 41
186 68 52
186 69 41
186 70 48
186 71 35
186 72 52
186 73 42
186 74 60
186 75 47
186 76 49
186 77 48
186 78 41
186 79 54
186 80 44
186 81 37
186 82 52
186 83 40
186 84 42
186 85 56
186 86 48
186 87 42
186 88 60
186 89 51
186 90 49
186 91 49
186 92 49
186 93 58
186 94 43
186 95 46
186 96 51
186 97 39
186 98 41
186 99 38
186 100 49
186 101 56
186 102 57
186 103 48
186 104 55
186 105 58
186 106 60
186 107 56
186 108 45
186 109 47
186 110 49
186 111 38
186 112 35
186 113 52
186 114 35
186 115 53
186 116 57
186 117 37
186 118 59
186 119 37
186 120 59
186 121 50
186 122 51
186 123 44
186 124 42
186 125 38
186 126 56
186 127 35
186 128 48
186 129 48
186 130 55
186 131 46
186 132 50
186 133 40
186 134 41
186 135 50
186 136 49
186 137 58
186 138 59
186 139 37
186 140 54
186 141 59
186 142 56
186 143 35
186 144 40
186 145 53
186 146 55
186 147 38
186 148 43
186 149 47
186 150 37
186 151 39
186 152 41
186 153 57
186 154 37
186 155 52
186 156 58
186 157 43
186 158 51
186 159 54
186 160 49
186 161 39
186 162 39
186 163 41
186 164 51
186 165 36
186 166 35
186 167 59
186 168 50
186 169 53
186 170 53
186 171 58
186 172 58
186 173 38
186 174 37
186 175 55
186 176 43
186 177 39
186 178 38
186 179 54
186 180 41
186 181 42
186 182 57
186 183 38
186 184 53
186 185 60
186 186 0
186 187 58
186 188 46
186 189 58
186 190 51
186 191 50
186 192 35
186 193 60
186 194 41
186 195 55
186 196 50
186 197 52
186 198 50
186 199 53
186 200 40
186 201 37
186 202 53
186 203 54
186 204 55
186 205 35
186 206 55
186 207 38
186 208 57
186 209 38
186 210 38
187 1 42
187 2 37
187 3 48
187 4 54
187 5 41
187 6 41
187 7 58
187 8 47
187 9 49
187 10 38
187 11 51
187 12 37
187 13 55
187 14 54
187 15 44
187 16 48
187 17 45
187 18 59
187 19 60
187 20 44
187 21 40
187 22 53
187 23 48
187 24 36
187 25 44
187 26 38
187 27 53
187 28 39
187 29 35
187 30 54
187 31 40
187 32 57
187 33 44
187 34 45
187 35 52
187 36 47
187 37 43
187 38 51
187 39 42
187 40 54
187 41 43
187 42 37
187 43 55
187 44 46
187 45 53
187 46 39
187 47 40
187 48 49
187 49 59
187 50 36
187 51 44
187 52 40
187 53 35
187 54 55
187 55 55
187 56 51
187 57 40
187 58 59
187 59 58
187 60 47
187 61 56
187 62 48
187 63 54
187 64 44
187 65 40
187 66 56
187 67 44
187 68 36
187 69 54
187 70 37
187 71 42
187 72 50
187 73 59
187 74 49
187 75 58
187 76 39
187 77 54
187 78 51
187 79 55
187 80 36
187 81 60
187 82 38
187 83 52
187 84 50
187 85 44
187 86 41
187 87 38
187 88 35
187 89 36
187 90 60
187 91 59
187 92 54
187 93 51
187 94 51
187 95 45
187 96 53
187 97 55
187 98 39
187 99 46
187 100 37
187 101 58
187 102 47
187 103 38
187 104 39
187 105 38
187 106 60
187 107 60
187 108 54
187 109 37
187 110 49
187 111 38
187 112 50
187 113 43
187 114 39
187 115 50
187 116 56
187 117 53
187 118 36
187 119 59
187 120 36
187 121 50
187 122 35
187 123 58
187 124 41
187 125 57
187 126 42
187 127 37
187 128 45
187 129 35
187 130 40
187 131 42
187 132 35
187 133 52
187 134 50
187 135 40
187 136 36
187 137 52
187 138 36
187 139 54
187 140 44
187 141 56
187 142 51
187 143 52
187 144 58
187 145 37
187 146 60
187 147 49
187 148 59
187 149 42
187 150 57
187 151 50
187 152 42
187 153 45
187 154 41
187 155 56
187 156 58
187 157 36
187 158 42
187 159 36
187 160 56
187 161 48
187 162 43
187 163 52
187 164 45
187 165 45
187 166 57
187 167 51
187 168 53
187 169 53
187 170 41
187 171 53
187 172 46
187 173 39
187 174 45
187 175 55
187 176 51
187 177 55
187 178 49
187 179 39
187 180 52
187 181 51
187 182 54
187 183 56
187 184 42
187 185 40
187 186 50
187 187 0
187 188 37
187 189 39
187 190 48
187 191 36
187 192 50
187 193 45
187 194 60
187 195 51
187 196 52
187 197 55
187 198 57
187 199 58
187 200 53
187 201 48
187 202 51
187 203 44
187 204 42
187 205 39
187 206 54
187 207 35
187 208 46
187 209 50
187 210 38
188 1 54
188 2 44
188 3 54
188 4 51
188 5 42
188 6 52
188 7 50
188 8 50
188 9 51
188 10 50
188 11 57
188 12 46
188 13 49
188 14 47
188 15 60
188 16 48
188 17 52
188 18 50
188 19 44
188 20 58
188 21 46
188 22 54
188 23 52
188 24 46
188 25 36
188 26 55
188 27 41
188 28 55
188 29 51
188 30 39
188 31 49
188 32 38
188 33 59
188 34 52
188 35 56
188 36 41
188 37 36
188 38 45
188 39 60
188 40 42
188 41 53
188 42 58
188 43 51
188 44 38
188 45 41
188 46 39
188 47 39
188 48 36
188 49 38
188 50 55
188 51 57
188 52 36
188 53 47
188 54 47
188 55 54
188 56 42
188 57 43
188 58 52
188 59 54
188 60 57
188 61 47
188 62 40
188 63 39
188 64 51
188 65 37
188 66 40
188 67 51
188 68 43
188 69 47
188 70 52
188 71 56
188 72 38
188 73 44
188 74 53
188 75 35
188 76 55
188 77 48
188 78 60
188 79 49
188 80 36
188 81 52
188 82 47
188 83 52
188 84 40
188 85 53
188 86 42
188 87 54
188 88 38
188 89 46
188 90 58
188 91 44
188 92 55
188 93 45
188 94 38
188 95 43
188 96 55
188 97 37
188 98 53
188 99 55
188 100 43
188 101 43
188 102 48
188 103 47
188 104 47
188 105 57
188 106 52
188 107 59
188 108 55
188 109 40
188 110 41
188 111 47
188 112 55
188 113 42
188 114 39
188 115 51
188 116 36
188 117 59
188 118 46
188 119 53
188 120 48
188 121 49
188 122 48
188 123 50
188 124 55
188 125 50
188 126 39
188 127 35
188 128 52
188 129 36
188 130 43
188 131 54
188 132 40
188 133 43
188 134 49
188 135 39
188 136 56
188 137 46
188 138 46
188 139 53
188 140 37
188 141 57
188 142 40
188 143 60
188 144 42
188 145 60
188 146 59
188 147 57
188 148 39
188 149 56
188 150 48
188 151 60
188 152 54
188 153 38
188 154 52
188 155 54
188 156 50
188 157 42
188 158 49
188 159 47
188 160 53
188 161 46
188 162 59
188 163 40
188 164 47
188 165 35
188 166 38
188 167 58
188 168 54
188 169 55
188 170 60
188 171 58
188 172 56
188 173 56
188 174 40
188 175 60
188 176 45
188 177 52
188 178 40
188 179 58
188 180 48
188 181 40
188 182 46
188 183 47
188 184 45
188 185 58
188 186 47
188 187 42
188 188 0
188 189 42
188 190 55
188 191 39
188 192 59
188 193 40
188 194 60
188 195 55
188 196 59
188 197 37
188 198 53
188 199 42
188 200 57
188 201 50
188 202 44
188 203 54
188 204 36
188 205 53
188 206 48
188 207 60
188 208 36
188 209 52
188 210 45
189 1 41
189 2 59
189 3 58
189 4 49
189 5 36
189 6 36
189 7 47
189 8 49
189 9 36
189 10 38
189 11 43
189 12 43
189 13 48
189 14 54
189 15 60
189 16 40
189 17 37
189 18 52
189 19 46
189 20 44
189 21 41
189 22 58
189 23 45
189 24 59
189 25 48
189 26 59
189 27 35
189 28 53
189 29 35
189 30 50
189 31 51
189 32 44
189 33 46
189 34 46
189 35 35
189 36 47
189 37 58
189 38 47
189 39 36
189 40 57
189 41 53
189 42 49
189 43 45
189 44 35
189 45 47
189 46 58
189 47 35
189 48 45
189 49 46
189 50 35
189 51 58
189 52 41
189 53 39
189 54 38
189 55 40
189 56 38
189 57 54
189 58 35
189 59 56
189 60 41
189 61 56
189 62 44
189 63 41
189 64 52
189 65 48
189 66 39
189 67 38
189 68 54
189 69 55
189 70 49
189 71 48
189 72 60
189 73 43
189 74 46
189 75 37
189 76 41
189 77 47
189 78 55
189 79 43
189 80 39
189 81 56
189 82 48
189 83 60
189 84 53
189 85 60
189 86 36
189 87 55
189 88 60
189 89 57
189 90 57
189 91 52
189 92 60
189 93 50
189 94 49
189 95 58
189 96 39
189 97 54
189 98 56
189 99 36
189 100 44
189 101 41
189 102 55
189 103 44
189 104 46
189 105 55
189 106 56
189 107 48
189 108 48
189 109 49
189 110 52
189 111 57
189 112 59
189 113 44
189 114 35
189 115 36
189 116 41
189 117 52
189 118 47
189 119 58
189 120 59
189 121 36
189 122 43
189 123 39
189 124 35
189 125 57
189 126 43
189 127 37
189 128 56
189 129 56
189 130 35
189 131 52
189 132 42
189 133 45
189 134 50
189 135 46
189 136 40
189 137 56
189 138 40
189 139 53
189 140 55
189 141 58
189 142 47
189 143 50
189 144 60
189 145 41
189 146 54
189 147 55
189 148 38
189 149 48
189 150 47
189 151 36
189 152 50
189 153 39
189 154 53
189 155 55
189 156 42
189 157 44
189 158 50
189 159 38
189 160 60
189 161 49
189 162 39
189 163 43
189 164 39
189 165 53
189 166 47
189 167 56
189 168 44
189 169 58
189 170 37
189 171 51
189 172 52
189 173 43
189 174 48
189 175 60
189 176 55
189 177 44
189 178 52
189 179 59
189 180 52
189 181 52
189 182 37
189 183 54
189 184 39
189 185 47
189 186 47
189 187 59
189 188 52
189 189 0
189 190 51
189 191 58
189 192 55
189 193 60
189 194 42
189 195 50
189 196 56
189 197 53
189 198 56
189 199 37
189 200 38
189 201 46
189 202 52
189 203 40
189 204 59
189 205 38
189 206 54
189 207 59
189 208 49
189 209 37
189 210 49
190 1 49
190 2 39
190 3 46
190 4 35
190 5 53
190 6 54
190 7 46
190 8 54
190 9 44
190 10 35
190 11 45
190 12 40
190 13 51
190 14 56
190 15 40
190 16 59
190 17 55
190 18 51
190 19 57
190 20 38
190 21 36
190 22 58
190 23 40
190 24 47
190 25 39
190 26 42
190 27 48
190 28 39
190 29 51
190 30 47
190 31 44
190 32 43
190 33 41
190 34 56
190 35 37
190 36 42
190 37 42
190 38 44
190 39 50
190 40 56
190 41 47
190 42 46
190 43 35
190 44 49
190 45 51
190 46 40
190 47 43
190 48 36
190 49 46
190 50 59
190 51 35
190 52 56
190 53 56
190 54 40
190 55 48
190 56 39
190 57 38
190 58 43
190 59 37
190 60 40
190 61 56
190 62 40
190 63 52
190 64 44
190 65 50
190 66 50
190 67 40
190 68 57
190 69 49
190 70 52
190 71 55
190 72 52
190 73 38
190 74 35
190 75 37
190 76 44
190 77 44
190 78 42
190 79 45
190 80 41
190 81 44
190 82 54
190 83 60
190 84 43
190 85 36
190 86 38
190 87 43
190 88 35
190 89 54
190 90 43
190 91 59
190 92 59
190 93 51
190 94 36
190 95 51
190 96 56
190 97 55
190 98 58
190 99 51
190 100 52
190 101 42
190 102 60
190 103 54
190 104 43
190 105 47
190 106 44
190 107 39
190 108 45
190 109 52
190 110 37
190 111 56
190 112 38
190 113 37
190 114 52
190 115 46
190 116 35
190 117 49
190 118 35
190 119 48
190 120 47
190 121 44
190 122 36
190 123 49
190 124 42
190 125 39
190 126 48
190 127 46
190 128 49
190 129 49
190 130 38
190 131 35
190 132 38
190 133 35
190 134 50
190 135 50
190 136 47
190 137 37
190 138 56
190 139 51
190 140 53
190 141 49
190 142 41
190 143 48
190 144 54
190 145 55
190 146 42
190 147 59
190 148 45
190 149 43
190 150 56
190 151 51
190 152 36
190 153 43
190 154 37
190 155 54
190 156 37
190 157 55
190 158 45
190 159 44
190 160 39
190 161 58
190 162 40
190 163 53
190 164 52
190 165 52
190 166 41
190 167 49
190 168 60
190 169 38
190 170 56
190 171 51
190 172 58
190 173 42
190 174 39
190 175 35
190 176 39
190 177 37
190 178 40
190 179 51
190 180 39
190 181 49
190 182 41
190 183 36
190 184 39
190 185 37
190 186 48
190 187 39
190 188 60
190 189 42
190 190 0
190 191 41
190 192 38
190 193 59
190 194 41
190 195 55
190 196 52
190 197 46
190 198 55
190 199 48
190 200 49
190 201 47
190 202 46
190 203 42
190 204 38
190 205 39
190 206 60
190 207 36
190 208 46
190 209 54
190 210 37
191 1 51
191 2 40
191 3 46
191 4 53
191 5 60
191 6 42
191 7 54
191 8 55
191 9 49
191 10 59
191 11 41
191 12 38
191 13 44
191 14 37
191 15 49
191 16 35
191 17 58
191 18 51
191 19 48
191 20 50
191 21 52
191 22 37
191 23 35
191 24 59
191 25 57
191 26 60
191 27 44
191 28 48
191 29 36
191 30 56
191 31 54
191 32 55
191 33 45
191 34 56
191 35 39
191 36 56
191 37 50
191 38 43
191 39 53
191 40 36
191 41 48
191 42 35
191 43 41
191 44 41
191 45 50
191 46 54
191 47 56
191 48 47
191 49 58
191 50 42
191 51 46
191 52 51
191 53 50
191 54 58
191 55 57
191 56 45
191 57 41
191 58 47
191 59 38
191 60 36
191 61 48
191 62 42
191 63 45
191 64 42
191 65 40
191 66 53
191 67 56
191 68 38
191 69 47
191 70 37
191 71 39
191 72 55
191 73 40
191 74 58
191 75 36
191 76 45
191 77 37
191 78 51
191 79 43
191 80 42
191 81 35
191 82 55
191 83 37
191 84 53
191 85 48
191 86 55
191 87 51
191 88 40
191 89 54
191 90 42
191 91 45
191 92 45
191 93 48
191 94 42
191 95 42
191 96 41
191 97 53
191 98 44
191 99 45
191 100 45
191 101 36
191 102 59
191 103 37
191 104 60
191 105 39
191 106 41
191 107 53
191 108 38
191 109 59
191 110 54
191 111 47
191 112 50
191 113 52
191 114 44
191 115 60
191 116 37
191 117 36
191 118 43
191 119 47
191 120 41
191 121 48
191 122 52
191 123 44
191 124 49
191 125 39
191 126 53
191 127 41
191 128 49
191 129 50
191 130 43
191 131 43
191 132 54
191 133 40
191 134 42
191 135 53
191 136 55
191 137 48
191 138 45
191 139 48
191 140 50
191 141 45
191 142 58
191 143 55
191 144 56
191 145 47
191 146 46
191 147 53
191 148 57
191 149 47
191 150 37
191 151 49
191 152 38
191 153 57
191 154 46
191 155 38
191 156 47
191 157 46
191 158 36
191 159 46
191 160 56
191 161 59
191 162 48
191 163 47
191 164 47
191 165 40
191 166 56
191 167 60
191 168 40
191 169 42
191 170 39
191 171 37
191 172 36
191 173 48
191 174 54
191 175 58
191 176 45
191 177 60
191 178 58
191 179 60
191 180 53
191 181 58
191 182 43
191 183 49
191 184 40
191 185 37
191 186 48
191 187 36
191 188 46
191 189 53
191 190 37
191 191 0
191 192 45
191 193 42
191 194 43
191 195 46
191 196 60
191 197 37
191 198 51
191 199 60
191 200 41
191 201 52
191 202 49
191 203 35
191 204 56
191 205 53
191 206 47
191 207 48
191 208 43
191 209 52
191 210 46
192 1 48
192 2 35
192 3 35
192 4 42
192 5 55
192 6 49
192 7 40
192 8 54
192 9 54
192 10 44
192 11 50
192 12 47
192 13 37
192 14 35
192 15 48
192 16 54
192 17 48
192 18 53
192 19 57
192 20 54
192 21 48
192 22 46
192 23 48
192 24 38
192 25 49
192 26 43
192 27 59
192 28 52
192 29 44
192 30 51
192 31 39
192 32 36
192 33 48
192 34 45
192 35 40
192 36 57
192 37 55
192 38 55
192 39 59
192 40 38
192 41 49
192 42 49
192 43 56
192 44 43
192 45 51
192 46 54
192 47 56
192 48 56
192 49 56
192 50 39
192 51 49
192 52 52
192 53 49
192 54 39
192 55 50
192 56 35
192 57 48
192 58 53
192 59 35
192 60 35
192 61 44
192 62 48
192 63 42
192 64 55
192 65 44
192 66 52
192 67 53
192 68 55
192 69 40
192 70 49
192 71 60
192 72 51
192 73 39
192 74 47
192 75 54
192 76 47
192 77 45
192 78 38
192 79 55
192 80 58
192 81 35
192 82 36
192 83 47
192 84 56
192 85 49
192 86 56
192 87 44
192 88 47
192 89 46
192 90 54
192 91 46
192 92 42
192 93 47
192 94 50
192 95 40
192 96 51
192 97 56
192 98 48
192 99 44
192 100 37
192 101 35
192 102 59
192 103 46
192 104 56
192 105 46
192 106 49
192 107 50
192 108 45
192 109 45
192 110 42
192 111 60
192 112 46
192 113 51
192 114 53
192 115 57
192 116 45
192 117 57
192 118 49
192 119 40
192 120 55
192 121 47
192 122 53
192 123 60
192 124 55
192 125 36
192 126 36
192 127 52
192 128 50
192 129 54
192 130 37
192 131 49
192 132 59
192 133 49
192 134 54
192 135 43
192 136 47
192 137 37
192 138 49
192 139 43
192 140 37
192 141 38
192 142 46
192 143 45
192 144 38
192 145 40
192 146 48
192 147 44
192 148 58
192 149 60
192 150 40
192 151 35
192 152 55
192 153 46
192 154 46
192 155 43
192 156 46
192 157 53
192 158 38
192 159 35
192 160 40
192 161 57
192 162 60
192 163 54
192 164 57
192 165 60
192 166 41
192 167 49
192 168 47
192 169 48
192 170 39
192 171 56
192 172 59
192 173 35
192 174 58
192 175 37
192 176 56
192 177 45
192 178 49
192 179 44
192 180 56
192 181 59
192 182 56
192 183 48
192 184 41
192 185 37
192 186 49
192 187 37
192 188 60
192 189 50
192 190 48
192 191 59
192 192 0
192 193 48
192 194 56
192 195 59
192 196 59
192 197 43
192 198 42
192 199 49
192 200 37
192 201 51
192 202 51
192 203 36
192 204 35
192 205 45
192 206 47
192 207 38
192 208 43
192 209 38
192 210 46
193 1 57
193 2 59
193 3 43
193 4 41
193 5 42
193 6 55
193 7 35
193 8 42
193 9 48
193 10 45
193 11 51
193 12 56
193 13 60
193 14 58
193 15 49
193 16 58
193 17 53
193 18 44
193 19 46
193 20 43
193 21 53
193 22 56
193 23 38
193 24 42
193 25 40
193 26 38
193 27 43
193 28 54
193 29 41
193 30 42
193 31 39
193 32 46
193 33 54
193 34 38
193 35 52
193 36 49
193 37 45
193 38 43
193 39 45
193 40 55
193 41 49
193 42 53
193 43 45
193 44 57
193 45 45
193 46 48
193 47 45
193 48 55
193 49 37
193 50 58
193 51 41
193 52 40
193 53 40
193 54 42
193 55 52
193 56 59
193 57 51
193 58 40
193 59 56
193 60 46
193 61 41
193 62 36
193 63 54
193 64 51
193 65 40
193 66 40
193 67 60
193 68 56
193 69 58
193 70 37
193 71 56
193 72 53
193 73 57
193 74 38
193 75 46
193 76 42
193 77 48
193 78 50
193 79 43
193 80 59
193 81 54
193 82 41
193 83 37
193 84 60
193 85 50
193 86 40
193 87 42
193 88 38
193 89 50
193 90 54
193 91 43
193 92 51
193 93 42
193 94 57
193 95 48
193 96 57
193 97 53
193 98 42
193 99 51
193 100 45
193 101 52
193 102 41
193 103 42
193 104 60
193 105 45
193 106 59
193 107 54
193 108 56
193 109 50
193 110 57
193 111 59
193 112 47
193 113 42
193 114 38
193 115 55
193 116 53
193 117 50
193 118 55
193 119 43
193 120 42
193 121 47
193 122 43
193 123 56
193 124 38
193 125 35
193 126 59
193 127 42
193 128 36
193 129 59
193 130 44
193 131 53
193 132 53
193 133 58
193 134 49
193 135 36
193 136 46
193 137 44
193 138 48
193 139 59
193 140 46
193 141 44
193 142 47
193 143 40
193 144 50
193 145 52
193 146 59
193 147 60
193 148 43
193 149 38
193 150 39
193 151 42
193 152 42
193 153 54
193 154 35
193 155 42
193 156 48
193 157 59
193 158 58
193 159 39
193 160 37
193 161 50
193 162 51
193 163 58
193 164 43
193 165 52
193 166 37
193 167 39
193 168 43
193 169 59
193 170 58
193 171 45
193 172 49
193 173 47
193 174 36
193 175 60
193 176 57
193 177 57
193 178 37
193 179 39
193 180 52
193 181 56
193 182 44
193 183 56
193 184 53
193 185 35
193 186 41
193 187 35
193 188 53
193 189 41
193 190 44
193 191 43
193 192 36
193 193 0
193 194 43
193 195 41
193 196 40
193 197 45
193 198 48
193 199 45
193 200 50
193 201 44
193 202 55
193 203 50
193 204 51
193 205 45
193 206 35
193 207 42
193 208 37
193 209 40
193 210 44
194 1 37
194 2 35
194 3 37
194 4 52
194 5 35
194 6 49
194 7 56
194 8 40
194 9 52
194 10 43
194 11 53
194 12 54
194 13 40
194 14 37
194 15 44
194 16 52
194 17 50
194 18 52
194 19 38
194 20 58
194 21 58
194 22 40
194 23 54
194 24 51
194 25 35
194 26 42
194 27 42
194 28 54
194 29 51
194 30 59
194 31 40
194 32 51
194 33 58
194 34 57
194 35 59
194 36 35
194 37 43
194 38 58
194 39 41
194 40 49
194 41 55
194 42 35
194 43 55
194 44 35
194 45 37
194 46 46
194 47 59
194 48 46
194 49 38
194 50 46
194 51 37
194 52 35
194 53 55
194 54 48
194 55 48
194 56 35
194 57 35
194 58 55
194 59 51
194 60 60
194 61 53
194 62 43
194 63 45
194 64 49
194 65 50
194 66 57
194 67 49
194 68 36
194 69 45
194 70 36
194 71 57
194 72 43
194 73 59
194 74 37
194 75 45
194 76 45
194 77 43
194 78 47
194 79 54
194 80 40
194 81 54
194 82 52
194 83 53
194 84 43
194 85 54
194 86 46
194 87 36
194 88 46
194 89 49
194 90 56
194 91 49
194 92 38
194 93 38
194 94 53
194 95 35
194 96 49
194 97 45
194 98 59
194 99 44
194 100 51
194 101 42
194 102 45
194 103 41
194 104 52
194 105 36
194 106 39
194 107 58
194 108 51
194 109 56
194 110 48
194 111 56
194 112 38
194 113 46
194 114 52
194 115 60
194 116 58
194 117 60
194 118 39
194 119 48
194 120 55
194 121 38
194 122 53
194 123 38
194 124 55
194 125 55
194 126 49
194 127 36
194 128 56
194 129 43
194 130 46
194 131 45
194 132 59
194 133 53
194 134 59
194 135 54
194 136 55
194 137 51
194 138 55
194 139 58
194 140 50
194 141 51
194 142 52
194 143 60
194 144 60
194 145 50
194 146 42
194 147 54
194 148 53
194 149 39
194 150 57
194 151 45
194 152 47
194 153 55
194 154 57
194 155 52
194 156 51
194 157 44
194 158 53
194 159 43
194 160 37
194 161 43
194 162 56
194 163 40
194 164 37
194 165 41
194 166 58
194 167 45
194 168 40
194 169 37
194 170 51
194 171 39
194 172 60
194 173 46
194 174 38
194 175 38
194 176 40
194 177 36
194 178 59
194 179 43
194 180 41
194 181 54
194 182 42
194 183 54
194 184 38
194 185 38
194 186 52
194 187 37
194 188 35
194 189 37
194 190 59
194 191 55
194 192 43
194 193 55
194 194 0
194 195 35
194 196 52
194 197 47
194 198 47
194 199 57
194 200 39
194 201 59
194 202 36
194 203 53
194 204 44
194 205 48
194 206 38
194 207 42
194 208 54
194 209 46
194 210 37
195 1 42
195 2 37
195 3 54
195 4 55
195 5 49
195 6 40
195 7 45
195 8 59
195 9 53
195 10 51
195 11 51
195 12 37
195 13 50
195 14 48
195 15 51
195 16 45
195 17 36
195 18 47
195 19 40
195 20 45
195 21 57
195 22 50
195 23 59
195 24 36
195 25 50
195 26 51
195 27 38
195 28 44
195 29 37
195 30 54
195 31 50
195 32 41
195 33 60
195 34 45
195 35 54
195 36 60
195 37 52
195 38 60
195 39 43
195 40 51
195 41 53
195 42 53
195 43 49
195 44 60
195 45 41
195 46 48
195 47 42
195 48 55
195 49 42
195 50 41
195 51 59
195 52 49
195 53 59
195 54 55
195 55 50
195 56 36
195 57 35
195 58 46
195 59 51
195 60 41
195 61 56
195 62 53
195 63 36
195 64 35
195 65 60
195 66 55
195 67 43
195 68 45
195 69 41
195 70 59
195 71 51
195 72 56
195 73 45
195 74 52
195 75 43
195 76 53
195 77 37
195 78 39
195 79 35
195 80 46
195 81 45
195 82 37
195 83 52
195 84 54
195 85 45
195 86 54
195 87 58
195 88 52
195 89 48
195 90 58
195 91 48
195 92 38
195 93 49
195 94 57
195 95 48
195 96 52
195 97 56
195 98 41
195 99 36
195 100 45
195 101 44
195 102 37
195 103 59
195 104 36
195 105 51
195 106 53
195 107 35
195 108 47
195 109 47
195 110 55
195 111 49
195 112 48
195 113 45
195 114 58
195 115 52
195 116 58
195 117 54
195 118 38
195 119 51
195 120 37
195 121 54
195 122 54
195 123 42
195 124 53
195 125 35
195 126 44
195 127 55
195 128 42
195 129 56
195 130 57
195 131 39
195 132 55
195 133 40
195 134 45
195 135 59
195 136 53
195 137 42
195 138 47
195 139 39
195 140 37
195 141 43
195 142 45
195 143 50
195 144 49
195 145 42
195 146 38
195 147 54
195 148 41
195 149 38
195 150 46
195 151 54
195 152 60
195 153 57
195 154 54
195 155 47
195 156 54
195 157 58
195 158 55
195 159 45
195 160 54
195 161 41
195 162 39
195 163 50
195 164 38
195 165 48
195 166 40
195 167 42
195 168 36
195 169 49
195 170 37
195 171 36
195 172 45
195 173 48
195 174 37
195 175 40
195 176 51
195 177 36
195 178 57
195 179 55
195 180 43
195 181 53
195 182 43
195 183 59
195 184 39
195 185 45
195 186 45
195 187 54
195 188 46
195 189 35
195 190 59
195 191 57
195 192 46
195 193 41
195 194 54
195 195 0
195 196 46
195 197 50
195 198 55
195 199 49
195 200 47
195 201 39
195 202 57
195 203 47
195 204 60
195 205 46
195 206 57
195 207 49
195 208 35
195 209 40
195 210 47
196 1 57
196 2 44
196 3 47
196 4 41
196 5 54
196 6 41
196 7 48
196 8 41
196 9 50
196 10 43
196 11 40
196 12 46
196 13 41
196 14 47
196 15 53
196 16 41
196 17 56
196 18 60
196 19 38
196 20 46
196 21 56
196 22 55
196 23 55
196 24 52
196 25 56
196 26 58
196 27 38
196 28 46
196 29 40
196 30 49
196 31 47
196 32 41
196 33 55
196 34 53
196 35 47
196 36 38
196 37 37
196 38 57
196 39 35
196 40 59
196 41 52
196 42 59
196 43 35
196 44 39
196 45 50
196 46 42
196 47 43
196 48 58
196 49 51
196 50 43
196 51 47
196 52 50
196 53 47
196 54 56
196 55 50
196 56 58
196 57 35
196 58 49
196 59 43
196 60 44
196 61 57
196 62 49
196 63 44
196 64 38
196 65 55
196 66 38
196 67 60
196 68 50
196 69 41
196 70 46
196 71 45
196 72 47
196 73 49
196 74 42
196 75 57
196 76 56
196 77 46
196 78 60
196 79 45
196 80 49
196 81 51
196 82 45
196 83 44
196 84 53
196 85 40
196 86 57
196 87 35
196 88 59
196 89 53
196 90 52
196 91 58
196 92 45
196 93 50
196 94 50
196 95 55
196 96 44
196 97 52
196 98 40
196 99 57
196 100 43
196 101 45
196 102 37
196 103 56
196 104 36
196 105 56
196 106 56
196 107 57
196 108 54
196 109 53
196 110 60
196 111 36
196 112 40
196 113 58
196 114 59
196 115 53
196 116 43
196 117 53
196 118 47
196 119 46
196 120 41
196 121 60
196 122 54
196 123 48
196 124 38
196 125 48
196 126 47
196 127 48
196 128 51
196 129 35
196 130 41
196 131 47
196 132 39
196 133 48
196 134 50
196 135 38
196 136 48
196 137 46
196 138 58
196 139 42
196 140 43
196 141 43
196 142 44
196 143 47
196 144 46
196 145 47
196 146 39
196 147 47
196 148 43
196 149 38
196 150 38
196 151 53
196 152 43
196 153 60
196 154 47
196 155 50
196 156 53
196 157 37
196 158 48
196 159 45
196 160 37
196 161 58
196 162 51
196 163 37
196 164 52
196 165 43
196 166 60
196 167 52
196 168 54
196 169 57
196 170 58
196 171 56
196 172 48
196 173 48
196 174 48
196 175 40
196 176 58
196 177 41
196 178 37
196 179 60
196 180 38
196 181 51
196 182 41
196 183 48
196 184 37
196 185 51
196 186 39
196 187 55
196 188 55
196 189 59
196 190 43
196 191 57
196 192 46
196 193 48
196 194 54
196 195 43
196 196 0
196 197 43
196 198 48
196 199 41
196 200 46
196 201 54
196 202 35
196 203 41
196 204 57
196 205 48
196 206 45
196 207 47
196 208 60
196 209 35
196 210 52
197 1 60
197 2 45
197 3 35
197 4 48
197 5 42
197 6 46
197 7 42
197 8 41
197 9 38
197 10 60
197 11 49
197 12 46
197 13 60
197 14 50
197 15 53
197 16 59
197 17 53
197 18 36
197 19 47
197 20 56
197 21 39
197 22 58
197 23 59
197 24 43
197 25 35
197 26 49
197 27 56
197 28 46
197 29 54
197 30 47
197 31 59
197 32 54
197 33 46
197 34 38
197 35 39
197 36 45
197 37 46
197 38 43
197 39 60
197 40 42
197 41 47
197 42 49
197 43 59
197 44 41
197 45 55
197 46 58
197 47 47
197 48 52
197 49 47
197 50 39
197 51 57
197 52 59
197 53 36
197 54 60
197 55 60
197 56 53
197 57 47
197 58 35
197 59 58
197 60 55
197 61 60
197 62 56
197 63 57
197 64 50
197 65 58
197 66 42
197 67 59
197 68 42
197 69 52
197 70 44
197 71 36
197 72 50
197 73 47
197 74 49
197 75 46
197 76 59
197 77 43
197 78 47
197 79 44
197 80 42
197 81 53
197 82 44
197 83 47
197 84 47
197 85 55
197 86 54
197 87 41
197 88 55
197 89 46
197 90 55
197 91 50
197 92 42
197 93 42
197 94 36
197 95 54
197 96 54
197 97 48
197 98 51
197 99 53
197 100 40
197 101 55
197 102 36
197 103 45
197 104 60
197 105 48
197 106 56
197 107 42
197 108 52
197 109 58
197 110 44
197 111 50
197 112 43
197 113 47
197 114 49
197 115 47
197 116 54
197 117 48
197 118 36
197 119 42
197 120 38
197 121 57
197 122 39
197 123 38
197 124 57
197 125 54
197 126 45
197 127 37
197 128 43
197 129 47
197 130 50
197 131 57
197 132 56
197 133 57
197 134 53
197 135 51
197 136 42
197 137 55
197 138 38
197 139 42
197 140 54
197 141 48
197 142 54
197 143 52
197 144 46
197 145 47
197 146 54
197 147 43
197 148 45
197 149 36
197 150 53
197 151 55
197 152 48
197 153 53
197 154 38
197 155 59
197 156 59
197 157 54
197 158 47
197 159 58
197 160 51
197 161 38
197 162 43
197 163 56
197 164 55
197 165 52
197 166 36
197 167 41
197 168 37
197 169 56
197 170 35
197 171 36
197 172 53
197 173 41
197 174 58
197 175 39
197 176 48
197 177 51
197 178 40
197 179 52
197 180 43
197 181 38
197 182 54
197 183 42
197 184 60
197 185 58
197 186 46
197 187 46
197 188 56
197 189 41
197 190 50
197 191 48
197 192 55
197 193 37
197 194 57
197 195 40
197 196 52
197 197 0
197 198 59
197 199 48
197 200 39
197 201 55
197 202 48
197 203 41
197 204 48
197 205 36
197 206 57
197 207 52
197 208 60
197 209 58
197 210 42
198 1 37
198 2 55
198 3 50
198 4 58
198 5 50
198 6 44
198 7 40
198 8 39
198 9 47
198 10 36
198 11 52
198 12 39
198 13 52
198 14 46
198 15 46
198 16 56
198 17 47
198 18 60
198 19 59
198 20 42
198 21 53
198 22 40
198 23 56
198 24 55
198 25 36
198 26 45
198 27 39
198 28 60
198 29 48
198 30 47
198 31 55
198 32 53
198 33 46
198 34 52
198 35 44
198 36 60
198 37 44
198 38 36
198 39 39
198 40 46
198 41 52
198 42 59
198 43 47
198 44 45
198 45 38
198 46 60
198 47 58
198 48 58
198 49 40
198 50 44
198 51 51
198 52 57
198 53 52
198 54 38
198 55 57
198 56 41
198 57 55
198 58 57
198 59 50
198 60 45
198 61 37
198 62 56
198 63 44
198 64 48
198 65 41
198 66 54
198 67 39
198 68 39
198 69 46
198 70 40
198 71 58
198 72 44
198 73 44
198 74 44
198 75 48
198 76 46
198 77 48
198 78 42
198 79 53
198 80 55
198 81 39
198 82 52
198 83 55
198 84 50
198 85 37
198 86 40
198 87 45
198 88 35
198 89 42
198 90 40
198 91 55
198 92 54
198 93 36
198 94 42
198 95 48
198 96 50
198 97 42
198 98 49
198 99 45
198 100 51
198 101 42
198 102 43
198 103 43
198 104 46
198 105 38
198 106 45
198 107 35
198 108 55
198 109 42
198 110 46
198 111 53
198 112 52
198 113 49
198 114 39
198 115 38
198 116 48
198 117 48
198 118 45
198 119 46
198 120 41
198 121 44
198 122 56
198 123 57
198 124 50
198 125 51
198 126 35
198 127 55
198 128 59
198 129 39
198 130 57
198 131 42
198 132 43
198 133 52
198 134 59
198 135 50
198 136 58
198 137 45
198 138 40
198 139 58
198 140 35
198 141 46
198 142 57
198 143 40
198 144 50
198 145 50
198 146 47
198 147 41
198 148 55
198 149 40
198 150 45
198 151 35
198 152 42
198 153 55
198 154 39
198 155 47
198 156 58
198 157 36
198 158 49
198 159 58
198 160 36
198 161 59
198 162 50
198 163 54
198 164 59
198 165 55
198 166 52
198 167 50
198 168 49
198 169 40
198 170 51
198 171 48
198 172 53
198 173 38
198 174 48
198 175 39
198 176 44
198 177 48
198 178 51
198 179 50
198 180 45
198 181 54
198 182 48
198 183 41
198 184 52
198 185 51
198 186 52
198 187 38
198 188 39
198 189 47
198 190 40
198 191 44
198 192 39
198 193 53
198 194 39
198 195 36
198 196 36
198 197 35
198 198 0
198 199 41
198 200 55
198 201 39
198 202 40
198 203 52
198 204 49
198 205 42
198 206 43
198 207 52
198 208 59
198 209 53
198 210 47
199 1 54
199 2 40
199 3 51
199 4 38
199 5 57
199 6 46
199 7 57
199 8 37
199 9 45
199 10 48
199 11 54
199 12 53
199 13 48
199 14 48
199 15 53
199 16 51
199 17 56
199 18 52
199 19 44
199 20 45
199 21 45
199 22 44
199 23 51
199 24 41
199 25 51
199 26 45
199 27 47
199 28 46
199 29 46
199 30 54
199 31 48
199 32 60
199 33 46
199 34 55
199 35 50
199 36 54
199 37 44
199 38 38
199 39 47
199 40 59
199 41 38
199 42 39
199 43 40
199 44 35
199 45 49
199 46 47
199 47 40
199 48 38
199 49 36
199 50 54
199 51 51
199 52 47
199 53 49
199 54 41
199 55 44
199 56 42
199 57 50
199 58 54
199 59 36
199 60 54
199 61 39
199 62 50
199 63 41
199 64 39
199 65 46
199 66 39
199 67 57
199 68 46
199 69 43
199 70 59
199 71 54
199 72 38
199 73 52
199 74 54
199 75 51
199 76 48
199 77 51
199 78 56
199 79 48
199 80 36
199 81 46
199 82 51
199 83 37
199 84 47
199 85 55
199 86 35
199 87 41
199 88 39
199 89 38
199 90 59
199 91 43
199 92 40
199 93 49
199 94 35
199 95 56
199 96 37
199 97 54
199 98 56
199 99 53
199 100 45
199 101 51
199 102 44
199 103 59
199 104 59
199 105 45
199 106 57
199 107 52
199 108 55
199 109 40
199 110 40
199 111 47
199 112 40
199 113 36
199 114 48
199 115 39
199 116 60
199 117 47
199 118 44
199 119 59
199 120 47
199 121 60
199 122 51
199 123 38
199 124 54
199 125 40
199 126 48
199 127 46
199 128 43
199 129 37
199 130 56
199 131 56
199 132 38
199 133 57
199 134 53
199 135 55
199 136 55
199 137 50
199 138 42
199 139 48
199 140 55
199 141 59
199 142 37
199 143 52
199 144 40
199 145 52
199 146 56
199 147 57
199 148 48
199 149 45
199 150 60
199 151 56
199 152 52
199 153 38
199 154 37
199 155 55
199 156 56
199 157 41
199 158 58
199 159 39
199 160 36
199 161 54
199 162 56
199 163 38
199 164 42
199 165 52
199 166 57
199 167 56
199 168 52
199 169 53
199 170 39
199 171 39
199 172 37
199 173 37
199 174 49
199 175 50
199 176 38
199 177 59
199 178 44
199 179 54
199 180 41
199 181 45
199 182 54
199 183 46
199 184 50
199 185 60
199 186 59
199 187 59
199 188 48
199 189 46
199 190 36
199 191 43
199 192 55
199 193 40
199 194 42
199 195 36
199 196 52
199 197 44
199 198 46
199 199 0
199 200 35
199 201 38
199 202 49
199 203 57
199 204 51
199 205 48
199 206 36
199 207 50
199 208 42
199 209 45
199 210 54
200 1 55
200 2 39
200 3 42
200 4 38
200 5 58
200 6 54
200 7 36
200 8 57
200 9 52
200 10 41
200 11 53
200 12 52
200 13 51
200 14 36
200 15 58
200 16 38
200 17 50
200 18 55
200 19 60
200 20 41
200 21 50
200 22 55
200 23 41
200 24 56
200 25 58
200 26 57
200 27 39
200 28 53
200 29 42
200 30 54
200 31 48
200 32 45
200 33 55
200 34 38
200 35 42
200 36 55
200 37 56
200 38 55
200 39 56
200 40 60
200 41 40
200 42 57
200 43 53
200 44 49
200 45 57
200 46 45
200 47 43
200 48 47
200 49 56
200 50 38
200 51 55
200 52 58
200 53 45
200 54 46
200 55 40
200 56 43
200 57 57
200 58 41
200 59 55
200 60 49
200 61 41
200 62 57
200 63 37
200 64 44
200 65 43
200 66 55
200 67 56
200 68 60
200 69 52
200 70 55
200 71 49
200 72 56
200 73 48
200 74 37
200 75 37
200 76 43
200 77 53
200 78 49
200 79 36
200 80 54
200 81 57
200 82 49
200 83 37
200 84 59
200 85 52
200 86 35
200 87 55
200 88 46
200 89 56
200 90 40
200 91 48
200 92 35
200 93 39
200 94 45
200 95 50
200 96 35
200 97 44
200 98 50
200 99 39
200 100 41
200 101 48
200 102 43
200 103 45
200 104 44
200 105 55
200 106 57
200 107 41
200 108 40
200 109 41
200 110 40
200 111 57
200 112 50
200 113 47
200 114 58
200 115 35
200 116 60
200 117 60
200 118 40
200 119 47
200 120 60
200 121 41
200 122 53
200 123 46
200 124 42
200 125 48
200 126 50
200 127 40
200 128 49
200 129 42
200 130 57
200 131 35
200 132 55
200 133 38
200 134 54
200 135 36
200 136 52
200 137 38
200 138 57
200 139 35
200 140 35
200 141 35
200 142 35
200 143 50
200 144 42
200 145 41
200 146 50
200 147 43
200 148 47
200 149 43
200 150 53
200 151 45
200 152 57
200 153 47
200 154 48
200 155 38
200 156 35
200 157 35
200 158 46
200 159 42
200 160 46
200 161 60
200 162 58
200 163 55
200 164 53
200 165 35
200 166 39
200 167 36
200 168 37
200 169 58
200 170 55
200 171 54
200 172 54
200 173 55
200 174 41
200 175 52
200 176 45
200 177 54
200 178 54
200 179 48
200 180 39
200 181 55
200 182 43
200 183 59
200 184 40
200 185 38
200 186 59
200 187 41
200 188 58
200 189 52
200 190 37
200 191 58
200 192 45
200 193 40
200 194 39
200 195 36
200 196 39
200 197 40
200 198 38
200 199 37
200 200 0
200 201 52
200 202 38
200 203 60
200 204 52
200 205 59
200 206 43
200 207 43
200 208 50
200 209 35
200 210 52
201 1 55
201 2 59
201 3 53
201 4 56
201 5 51
201 6 58
201 7 51
201 8 52
201 9 44
201 10 55
201 11 47
201 12 36
201 13 60
201 14 49
201 15 50
201 16 37
201 17 52
201 18 43
201 19 37
201 20 57
201 21 60
201 22 40
201 23 57
201 24 39
201 25 36
201 26 39
201 27 48
201 28 40
201 29 48
201 30 43
201 31 43
201 32 58
201 33 55
201 34 50
201 35 49
201 36 40
201 37 40
201 38 49
201 39 56
201 40 58
201 41 49
201 42 55
201 43 55
201 44 36
201 45 41
201 46 51
201 47 35
201 48 46
201 49 36
201 50 51
201 51 50
201 52 38
201 53 42
201 54 52
201 55 58
201 56 59
201 57 47
201 58 52
201 59 58
201 60 41
201 61 44
201 62 44
201 63 49
201 64 41
201 65 49
201 66 47
201 67 40
201 68 55
201 69 35
201 70 54
201 71 35
201 72 46
201 73 46
201 74 47
201 75 41
201 76 43
201 77 55
201 78 52
201 79 42
201 80 53
201 81 39
201 82 49
201 83 45
201 84 54
201 85 57
201 86 59
201 87 56
201 88 58
201 89 35
201 90 37
201 91 47
201 92 41
201 93 45
201 94 47
201 95 55
201 96 51
201 97 48
201 98 53
201 99 47
201 100 35
201 101 51
201 102 58
201 103 51
201 104 36
201 105 43
201 106 45
201 107 54
201 108 36
201 109 49
201 110 50
201 111 50
201 112 47
201 113 56
201 114 53
201 115 35
201 116 47
201 117 56
201 118 49
201 119 46
201 120 42
201 121 45
201 122 45
201 123 44
201 124 56
201 125 39
201 126 43
201 127 46
201 128 39
201 129 47
201 130 38
201 131 47
201 132 37
201 133 35
201 134 54
201 135 60
201 136 39
201 137 49
201 138 38
201 139 35
201 140 59
201 141 42
201 142 47
201 143 41
201 144 59
201 145 47
201 146 51
201 147 51
201 148 42
201 149 40
201 150 41
201 151 51
201 152 52
201 153 39
201 154 50
201 155 42
201 156 35
201 157 43
201 158 35
201 159 46
201 160 37
201 161 58
201 162 44
201 163 37
201 164 35
201 165 43
201 166 36
201 167 58
201 168 41
201 169 46
201 170 40
201 171 40
201 172 46
201 173 43
201 174 56
201 175 53
201 176 52
201 177 60
201 178 52
201 179 41
201 180 42
201 181 35
201 182 50
201 183 50
201 184 58
201 185 40
201 186 39
201 187 52
201 188 51
201 189 40
201 190 60
201 191 38
201 192 59
201 193 41
201 194 58
201 195 42
201 196 53
201 197 47
201 198 56
201 199 46
201 200 45
201 201 0
201 202 47
201 203 42
201 204 59
201 205 58
201 206 44
201 207 55
201 208 43
201 209 58
201 210 55
202 1 41
202 2 41
202 3 36
202 4 43
202 5 37
202 6 46
202 7 59
202 8 57
202 9 46
202 10 42
202 11 42
202 12 53
202 13 37
202 14 42
202 15 50
202 16 48
202 17 53
202 18 58
202 19 44
202 20 38
202 21 35
202 22 52
202 23 51
202 24 60
202 25 40
202 26 50
202 27 58
202 28 46
202 29 45
202 30 44
202 31 40
202 32 46
202 33 58
202 34 43
202 35 42
202 36 50
202 37 39
202 38 53
202 39 41
202 40 36
202 41 39
202 42 43
202 43 56
202 44 57
202 45 36
202 46 40
202 47 37
202 48 42
202 49 56
202 50 39
202 51 50
202 52 45
202 53 53
202 54 57
202 55 36
202 56 47
202 57 53
202 58 53
202 59 40
202 60 45
202 61 52
202 62 42
202 63 48
202 64 43
202 65 38
202 66 42
202 67 50
202 68 41
202 69 46
202 70 49
202 71 37
202 72 59
202 73 58
202 74 60
202 75 38
202 76 38
202 77 49
202 78 46
202 79 58
202 80 60
202 81 49
202 82 42
202 83 40
202 84 55
202 85 44
202 86 46
202 87 39
202 88 40
202 89 40
202 90 35
202 91 59
202 92 58
202 93 37
202 94 56
202 95 38
202 96 58
202 97 52
202 98 52
202 99 39
202 100 53
202 101 36
202 102 59
202 103 42
202 104 55
202 105 58
202 106 60
202 107 56
202 108 58
202 109 55
202 110 58
202 111 53
202 112 48
202 113 51
202 114 36
202 115 48
202 116 52
202 117 51
202 118 41
202 119 55
202 120 39
202 121 49
202 122 43
202 123 38
202 124 53
202 125 52
202 126 35
202 127 55
202 128 48
202 129 47
202 130 42
202 131 43
202 132 58
202 133 49
202 134 60
202 135 44
202 136 57
202 137 38
202 138 35
202 139 59
202 140 55
202 141 44
202 142 57
202 143 60
202 144 49
202 145 58
202 146 43
202 147 56
202 148 58
202 149 44
202 150 53
202 151 57
202 152 51
202 153 52
202 154 50
202 155 51
202 156 50
202 157 44
202 158 60
202 159 52
202 160 42
202 161 42
202 162 41
202 163 54
202 164 58
202 165 37
202 166 38
202 167 58
202 168 41
202 169 51
202 170 38
202 171 36
202 172 44
202 173 52
202 174 55
202 175 49
202 176 56
202 177 38
202 178 38
202 179 48
202 180 46
202 181 36
202 182 43
202 183 55
202 184 53
202 185 55
202 186 44
202 187 44
202 188 45
202 189 45
202 190 39
202 191 43
202 192 60
202 193 39
202 194 45
202 195 35
202 196 40
202 197 48
202 198 37
202 199 42
202 200 38
202 201 42
202 202 0
202 203 49
202 204 59
202 205 50
202 206 44
202 207 43
202 208 56
202 209 35
202 210 60
203 1 53
203 2 53
203 3 56
203 4 44
203 5 39
203 6 43
203 7 55
203 8 49
203 9 57
203 10 56
203 11 49
203 12 37
203 13 38
203 14 44
203 15 55
203 16 45
203 17 45
203 18 41
203 19 59
203 20 60
203 21 57
203 22 39
203 23 52
203 24 52
203 25 54
203 26 41
203 27 56
203 28 49
203 29 60
203 30 59
203 31 49
203 32 41
203 33 42
203 34 49
203 35 38
203 36 57
203 37 52
203 38 42
203 39 43
203 40 47
203 41 37
203 42 56
203 43 53
203 44 51
203 45 54
203 46 47
203 47 57
203 48 58
203 49 38
203 50 49
203 51 51
203 52 36
203 53 35
203 54 42
203 55 39
203 56 53
203 57 35
203 58 57
203 59 44
203 60 36
203 61 46
203 62 42
203 63 53
203 64 47
203 65 55
203 66 47
203 67 56
203 68 42
203 69 43
203 70 37
203 71 52
203 72 52
203 73 56
203 74 43
203 75 55
203 76 53
203 77 38
203 78 48
203 79 47
203 80 44
203 81 40
203 82 36
203 83 49
203 84 42
203 85 53
203 86 41
203 87 56
203 88 38
203 89 39
203 90 38
203 91 60
203 92 43
203 93 42
203 94 57
203 95 54
203 96 55
203 97 37
203 98 60
203 99 48
203 100 53
203 101 46
203 102 54
203 103 57
203 104 46
203 105 42
203 106 39
203 107 42
203 108 59
203 109 44
203 110 35
203 111 47
203 112 55
203 113 50
203 114 43
203 115 37
203 116 37
203 117 52
203 118 52
203 119 46
203 120 52
203 121 53
203 122 59
203 123 39
203 124 60
203 125 36
203 126 60
203 127 37
203 128 45
203 129 52
203 130 55
203 131 39
203 132 53
203 133 40
203 134 48
203 135 35
203 136 54
203 137 42
203 138 35
203 139 54
203 140 45
203 141 55
203 142 46
203 143 44
203 144 54
203 145 39
203 146 55
203 147 35
203 148 36
203 149 39
203 150 45
203 151 55
203 152 52
203 153 53
203 154 53
203 155 56
203 156 60
203 157 41
203 158 41
203 159 39
203 160 35
203 161 56
203 162 45
203 163 37
203 164 45
203 165 36
203 166 57
203 167 60
203 168 41
203 169 57
203 170 40
203 171 40
203 172 42
203 173 55
203 174 54
203 175 52
203 176 48
203 177 55
203 178 36
203 179 46
203 180 52
203 181 51
203 182 55
203 183 35
203 184 52
203 185 57
203 186 38
203 187 44
203 188 48
203 189 45
203 190 37
203 191 48
203 192 40
203 193 46
203 194 59
203 195 51
203 196 52
203 197 55
203 198 56
203 199 47
203 200 38
203 201 46
203 202 42
203 203 0
203 204 46
203 205 56
203 206 60
203 207 53
203 208 53
203 209 52
203 210 49
204 1 53
204 2 52
204 3 44
204 4 50
204 5 42
204 6 48
204 7 37
204 8 46
204 9 56
204 10 40
204 11 39
204 12 38
204 13 59
204 14 38
204 15 57
204 16 44
204 17 38
204 18 50
204 19 56
204 20 54
204 21 41
204 22 45
204 23 46
204 24 41
204 25 41
204 26 43
204 27 47
204 28 45
204 29 42
204 30 37
204 31 39
204 32 59
204 33 53
204 34 43
204 35 46
204 36 45
204 37 48
204 38 53
204 39 35
204 40 58
204 41 38
204 42 58
204 43 41
204 44 52
204 45 45
204 46 60
204 47 45
204 48 54
204 49 53
204 50 59
204 51 44
204 52 54
204 53 54
204 54 35
204 55 60
204 56 58
204 57 45
204 58 47
204 59 51
204 60 43
204 61 46
204 62 55
204 63 54
204 64 59
204 65 37
204 66 40
204 67 55
204 68 58
204 69 38
204 70 41
204 71 46
204 72 43
204 73 48
204 74 47
204 75 52
204 76 46
204 77 59
204 78 58
204 79 49
204 80 47
204 81 44
204 82 57
204 83 55
204 84 60
204 85 38
204 86 55
204 87 37
204 88 35
204 89 48
204 90 53
204 91 46
204 92 51
204 93 42
204 94 43
204 95 44
204 96 58
204 97 44
204 98 55
204 99 50
204 100 56
204 101 38
204 102 41
204 103 36
204 104 57
204 105 58
204 106 42
204 107 40
204 108 45
204 109 45
204 110 51
204 111 58
204 112 36
204 113 35
204 114 53
204 115 48
204 116 55
204 117 38
204 118 36
204 119 51
204 120 59
204 121 53
204 122 56
204 123 44
204 124 37
204 125 40
204 126 57
204 127 35
204 128 39
204 129 56
204 130 37
204 131 38
204 132 38
204 133 49
204 134 42
204 135 51
204 136 56
204 137 52
204 138 49
204 139 49
204 140 54
204 141 52
204 142 55
204 143 41
204 144 56
204 145 53
204 146 56
204 147 41
204 148 57
204 149 35
204 150 46
204 151 45
204 152 60
204 153 36
204 154 39
204 155 59
204 156 41
204 157 35
204 158 40
204 159 44
204 160 36
204 161 54
204 162 42
204 163 48
204 164 57
204 165 38
204 166 58
204 167 56
204 168 40
204 169 52
204 170 44
204 171 57
204 172 43
204 173 36
204 174 44
204 175 48
204 176 42
204 177 54
204 178 54
204 179 42
204 180 60
204 181 43
204 182 48
204 183 53
204 184 49
204 185 58
204 186 59
204 187 60
204 188 45
204 189 55
204 190 45
204 191 43
204 192 52
204 193 58
204 194 49
204 195 39
204 196 59
204 197 54
204 198 46
204 199 58
204 200 60
204 201 43
204 202 54
204 203 59
204 204 0
204 205 53
204 206 42
204 207 45
204 208 59
204 209 47
204 210 58
205 1 54
205 2 38
205 3 37
205 4 50
205 5 44
205 6 35
205 7 54
205 8 40
205 9 38
205 10 36
205 11 46
205 12 35
205 13 51
205 14 52
205 15 45
205 16 56
205 17 53
205 18 59
205 19 39
205 20 53
205 21 47
205 22 39
205 23 58
205 24 43
205 25 58
205 26 54
205 27 51
205 28 36
205 29 38
205 30 54
205 31 45
205 32 39
205 33 60
205 34 50
205 35 48
205 36 40
205 37 38
205 38 35
205 39 53
205 40 43
205 41 59
205 42 48
205 43 50
205 44 44
205 45 54
205 46 38
205 47 35
205 48 56
205 49 37
205 50 57
205 51 50
205 52 50
205 53 50
205 54 53
205 55 55
205 56 39
205 57 56
205 58 59
205 59 57
205 60 57
205 61 49
205 62 60
205 63 43
205 64 55
205 65 60
205 66 51
205 67 55
205 68 54
205 69 49
205 70 40
205 71 43
205 72 57
205 73 39
205 74 53
205 75 36
205 76 56
205 77 41
205 78 43
205 79 39
205 80 41
205 81 44
205 82 45
205 83 42
205 84 43
205 85 51
205 86 56
205 87 42
205 88 54
205 89 49
205 90 35
205 91 36
205 92 38
205 93 53
205 94 43
205 95 49
205 96 45
205 97 48
205 98 40
205 99 41
205 100 50
205 101 44
205 102 53
205 103 60
205 104 58
205 105 38
205 106 43
205 107 49
205 108 56
205 109 44
205 110 58
205 111 46
205 112 60
205 113 53
205 114 57
205 115 60
205 116 50
205 117 36
205 118 42
205 119 44
205 120 43
205 121 52
205 122 43
205 123 41
205 124 59
205 125 59
205 126 41
205 127 49
205 128 41
205 129 60
205 130 36
205 131 52
205 132 50
205 133 57
205 134 57
205 135 43
205 136 37
205 137 41
205 138 40
205 139 38
205 140 50
205 141 45
205 142 43
205 143 55
205 144 52
205 145 37
205 146 56
205 147 43
205 148 54
205 149 56
205 150 50
205 151 42
205 152 40
205 153 44
205 154 45
205 155 58
205 156 38
205 157 56
205 158 55
205 159 37
205 160 46
205 161 39
205 162 52
205 163 60
205 164 45
205 165 44
205 166 45
205 167 41
205 168 36
205 169 48
205 170 41
205 171 38
205 172 54
205 173 36
205 174 37
205 175 35
205 176 59
205 177 60
205 178 43
205 179 45
205 180 56
205 181 54
205 182 37
205 183 59
205 184 49
205 185 39
205 186 45
205 187 42
205 188 60
205 189 60
205 190 60
205 191 41
205 192 37
205 193 49
205 194 41
205 195 60
205 196 52
205 197 44
205 198 50
205 199 41
205 200 44
205 201 58
205 202 35
205 203 55
205 204 52
205 205 0
205 206 59
205 207 47
205 208 47
205 209 40
205 210 38
206 1 41
206 2 45
206 3 57
206 4 53
206 5 49
206 6 43
206 7 50
206 8 59
206 9 48
206 10 47
206 11 37
206 12 55
206 13 35
206 14 37
206 15 37
206 16 38
206 17 59
206 18 50
206 19 55
206 20 40
206 21 55
206 22 53
206 23 42
206 24 36
206 25 35
206 26 45
206 27 59
206 28 60
206 29 53
206 30 57
206 31 48
206 32 38
206 33 48
206 34 40
206 35 39
206 36 55
206 37 54
206 38 49
206 39 42
206 40 45
206 41 38
206 42 51
206 43 47
206 44 59
206 45 46
206 46 45
206 47 53
206 48 59
206 49 49
206 50 51
206 51 53
206 52 42
206 53 39
206 54 56
206 55 40
206 56 43
206 57 51
206 58 43
206 59 36
206 60 58
206 61 42
206 62 51
206 63 52
206 64 60
206 65 47
206 66 43
206 67 38
206 68 46
206 69 53
206 70 59
206 71 60
206 72 49
206 73 35
206 74 55
206 75 60
206 76 46
206 77 39
206 78 40
206 79 40
206 80 51
206 81 55
206 82 43
206 83 55
206 84 45
206 85 43
206 86 40
206 87 48
206 88 41
206 89 40
206 90 35
206 91 43
206 92 54
206 93 44
206 94 52
206 95 36
206 96 54
206 97 44
206 98 57
206 99 40
206 100 46
206 101 48
206 102 38
206 103 53
206 104 39
206 105 35
206 106 44
206 107 47
206 108 49
206 109 51
206 110 41
206 111 47
206 112 55
206 113 37
206 114 58
206 115 55
206 116 39
206 117 36
206 118 59
206 119 37
206 120 42
206 121 43
206 122 48
206 123 51
206 124 60
206 125 56
206 126 47
206 127 35
206 128 47
206 129 44
206 130 40
206 131 48
206 132 55
206 133 60
206 134 45
206 135 52
206 136 49
206 137 42
206 138 51
206 139 55
206 140 41
206 141 60
206 142 41
206 143 37
206 144 48
206 145 41
206 146 44
206 147 53
206 148 58
206 149 60
206 150 49
206 151 41
206 152 47
206 153 51
206 154 48
206 155 51
206 156 38
206 157 46
206 158 56
206 159 40
206 160 47
206 161 55
206 162 59
206 163 52
206 164 35
206 165 35
206 166 37
206 167 53
206 168 38
206 169 42
206 170 40
206 171 48
206 172 48
206 173 60
206 174 58
206 175 53
206 176 54
206 177 51
206 178 42
206 179 45
206 180 59
206 181 38
206 182 51
206 183 50
206 184 39
206 185 55
206 186 58
206 187 37
206 188 51
206 189 38
206 190 55
206 191 37
206 192 37
206 193 40
206 194 60
206 195 48
206 196 35
206 197 36
206 198 56
206 199 58
206 200 40
206 201 35
206 202 54
206 203 50
206 204 56
206 205 48
206 206 0
206 207 38
206 208 36
206 209 50
206 210 40
207 1 47
207 2 40
207 3 55
207 4 40
207 5 56
207 6 40
207 7 48
207 8 36
207 9 49
207 10 50
207 11 44
207 12 42
207 13 52
207 14 40
207 15 36
207 16 40
207 17 38
207 18 39
207 19 50
207 20 58
207 21 55
207 22 40
207 23 58
207 24 59
207 25 43
207 26 43
207 27 55
207 28 58
207 29 39
207 30 55
207 31 60
207 32 59
207 33 37
207 34 41
207 35 45
207 36 49
207 37 35
207 38 58
207 39 41
207 40 58
207 41 40
207 42 48
207 43 40
207 44 43
207 45 57
207 46 43
207 47 50
207 48 57
207 49 59
207 50 45
207 51 35
207 52 60
207 53 35
207 54 60
207 55 46
207 56 56
207 57 45
207 58 57
207 59 39
207 60 49
207 61 43
207 62 40
207 63 50
207 64 51
207 65 51
207 66 46
207 67 48
207 68 52
207 69 41
207 70 50
207 71 42
207 72 48
207 73 55
207 74 40
207 75 38
207 76 59
207 77 51
207 78 44
207 79 39
207 80 39
207 81 50
207 82 49
207 83 55
207 84 41
207 85 52
207 86 60
207 87 44
207 88 59
207 89 59
207 90 57
207 91 57
207 92 58
207 93 50
207 94 39
207 95 44
207 96 58
207 97 36
207 98 60
207 99 55
207 100 39
207 101 49
207 102 60
207 103 41
207 104 52
207 105 55
207 106 42
207 107 38
207 108 60
207 109 60
207 110 46
207 111 53
207 112 46
207 113 51
207 114 46
207 115 60
207 116 57
207 117 37
207 118 42
207 119 57
207 120 59
207 121 60
207 122 36
207 123 37
207 124 57
207 125 35
207 126 36
207 127 50
207 128 42
207 129 58
207 130 56
207 131 40
207 132 44
207 133 52
207 134 38
207 135 55
207 136 51
207 137 39
207 138 40
207 139 54
207 140 58
207 141 57
207 142 53
207 143 50
207 144 48
207 145 48
207 146 39
207 147 55
207 148 55
207 149 47
207 150 58
207 151 46
207 152 36
207 153 60
207 154 53
207 155 54
207 156 49
207 157 49
207 158 46
207 159 50
207 160 59
207 161 50
207 162 38
207 163 41
207 164 40
207 165 43
207 166 50
207 167 60
207 168 38
207 169 47
207 170 41
207 171 52
207 172 58
207 173 55
207 174 41
207 175 53
207 176 46
207 177 38
207 178 47
207 179 35
207 180 56
207 181 36
207 182 45
207 183 44
207 184 45
207 185 45
207 186 58
207 187 40
207 188 44
207 189 45
207 190 41
207 191 36
207 192 45
207 193 60
207 194 48
207 195 45
207 196 41
207 197 35
207 198 54
207 199 60
207 200 57
207 201 36
207 202 35
207 203 56
207 204 54
207 205 42
207 206 45
207 207 0
207 208 54
207 209 60
207 210 54
208 1 56
208 2 59
208 3 43
208 4 50
208 5 52
208 6 41
208 7 57
208 8 36
208 9 44
208 10 40
208 11 42
208 12 50
208 13 42
208 14 44
208 15 55
208 16 59
208 17 43
208 18 54
208 19 48
208 20 57
208 21 47
208 22 46
208 23 51
208 24 59
208 25 55
208 26 57
208 27 42
208 28 56
208 29 58
208 30 48
208 31 41
208 32 59
208 33 57
208 34 59
208 35 38
208 36 39
208 37 57
208 38 54
208 39 60
208 40 40
208 41 47
208 42 45
208 43 55
208 44 48
208 45 41
208 46 40
208 47 41
208 48 44
208 49 59
208 50 44
208 51 38
208 52 47
208 53 53
208 54 42
208 55 44
208 56 39
208 57 41
208 58 38
208 59 43
208 60 37
208 61 60
208 62 41
208 63 54
208 64 42
208 65 46
208 66 46
208 67 51
208 68 60
208 69 57
208 70 39
208 71 46
208 72 43
208 73 35
208 74 47
208 75 56
208 76 47
208 77 41
208 78 39
208 79 38
208 80 38
208 81 58
208 82 51
208 83 40
208 84 40
208 85 39
208 86 51
208 87 59
208 88 46
208 89 39
208 90 60
208 91 39
208 92 35
208 93 52
208 94 57
208 95 36
208 96 59
208 97 50
208 98 37
208 99 58
208 100 52
208 101 49
208 102 49
208 103 57
208 104 51
208 105 44
208 106 56
208 107 45
208 108 59
208 109 58
208 110 37
208 111 56
208 112 46
208 113 46
208 114 50
208 115 37
208 116 39
208 117 58
208 118 60
208 119 41
208 120 36
208 121 51
208 122 50
208 123 41
208 124 54
208 125 35
208 126 45
208 127 58
208 128 46
208 129 43
208 130 36
208 131 55
208 132 38
208 133 45
208 134 35
208 135 38
208 136 60
208 137 37
208 138 56
208 139 44
208 140 53
208 141 45
208 142 54
208 143 35
208 144 58
208 145 38
208 146 49
208 147 49
208 148 40
208 149 44
208 150 54
208 151 52
208 152 52
208 153 55
208 154 59
208 155 52
208 156 46
208 157 44
208 158 49
208 159 39
208 160 37
208 161 59
208 162 45
208 163 38
208 164 37
208 165 60
208 166 55
208 167 50
208 168 45
208 169 35
208 170 40
208 171 46
208 172 47
208 173 50
208 174 51
208 175 36
208 176 58
208 177 41
208 178 35
208 179 35
208 180 56
208 181 38
208 182 56
208 183 58
208 184 37
208 185 43
208 186 44
208 187 57
208 188 52
208 189 46
208 190 56
208 191 58
208 192 50
208 193 47
208 194 36
208 195 48
208 196 53
208 197 42
208 198 36
208 199 47
208 200 53
208 201 38
208 202 59
208 203 57
208 204 40
208 205 50
208 206 53
208 207 48
208 208 0
208 209 53
208 210 53
209 1 35
209 2 53
209 3 37
209 4 43
209 5 38
209 6 36
209 7 42
209 8 53
209 9 35
209 10 56
209 11 35
209 12 38
209 13 53
209 14 40
209 15 46
209 16 50
209 17 59
209 18 53
209 19 44
209 20 36
209 21 54
209 22 38
209 23 50
209 24 56
209 25 45
209 26 40
209 27 45
209 28 47
209 29 51
209 30 45
209 31 36
209 32 52
209 33 50
209 34 36
209 35 54
209 36 42
209 37 48
209 38 37
209 39 58
209 40 42
209 41 35
209 42 46
209 43 54
209 44 39
209 45 40
209 46 49
209 47 54
209 48 49
209 49 35
209 50 52
209 51 36
209 52 36
209 53 46
209 54 47
209 55 54
209 56 36
209 57 52
209 58 47
209 59 38
209 60 60
209 61 56
209 62 44
209 63 58
209 64 47
209 65 46
209 66 42
209 67 58
209 68 45
209 69 59
209 70 35
209 71 44
209 72 36
209 73 40
209 74 39
209 75 50
209 76 38
209 77 40
209 78 56
209 79 49
209 80 52
209 81 48
209 82 36
209 83 48
209 84 36
209 85 44
209 86 38
209 87 49
209 88 40
209 89 37
209 90 39
209 91 57
209 92 57
209 93 60
209 94 58
209 95 58
209 96 35
209 97 49
209 98 37
209 99 45
209 100 56
209 101 56
209 102 48
209 103 59
209 104 57
209 105 38
209 106 53
209 107 44
209 108 53
209 109 50
209 110 37
209 111 52
209 112 47
209 113 46
209 114 52
209 115 40
209 116 51
209 117 54
209 118 36
209 119 55
209 120 35
209 121 43
209 122 40
209 123 59
209 124 50
209 125 39
209 126 48
209 127 44
209 128 39
209 129 50
209 130 51
209 131 57
209 132 41
209 133 39
209 134 54
209 135 36
209 136 40
209 137 48
209 138 59
209 139 51
209 140 51
209 141 45
209 142 38
209 143 42
209 144 56
209 145 55
209 146 46
209 147 42
209 148 48
209 149 39
209 150 40
209 151 60
209 152 39
209 153 45
209 154 37
209 155 59
209 156 47
209 157 44
209 158 60
209 159 43
209 160 47
209 161 52
209 162 37
209 163 43
209 164 51
209 165 54
209 166 41
209 167 44
209 168 46
209 169 36
209 170 36
209 171 46
209 172 52
209 173 48
209 174 45
209 175 55
209 176 60
209 177 57
209 178 49
209 179 47
209 180 35
209 181 51
209 182 39
209 183 53
209 184 48
209 185 45
209 186 40
209 187 36
209 188 41
209 189 52
209 190 55
209 191 38
209 192 49
209 193 37
209 194 53
209 195 59
209 196 37
209 197 44
209 198 40
209 199 52
209 200 43
209 201 42
209 202 57
209 203 56
209 204 45
209 205 35
209 206 43
209 207 36
209 208 39
209 209 0
209 210 37
210 1 40
210 2 56
210 3 50
210 4 60
210 5 47
210 6 54
210 7 53
210 8 54
210 9 46
210 10 57
210 11 44
210 12 52
210 13 36
210 14 53
210 15 56
210 16 35
210 17 40
210 18 44
210 19 46
210 20 44
210 21 49
210 22 45
210 23 36
210 24 55
210 25 53
210 26 43
210 27 57
210 28 57
210 29 51
210 30 59
210 31 35
210 32 59
210 33 49
210 34 42
210 35 59
210 36 35
210 37 35
210 38 55
210 39 42
210 40 35
210 41 49
210 42 43
210 43 60
210 44 45
210 45 56
210 46 36
210 47 40
210 48 39
210 49 51
210 50 53
210 51 47
210 52 49
210 53 37
210 54 48
210 55 60
210 56 57
210 57 57
210 58 36
210 59 37
210 60 50
210 61 46
210 62 37
210 63 46
210 64 60
210 65 40
210 66 59
210 67 39
210 68 36
210 69 58
210 70 39
210 71 35
210 72 57
210 73 59
210 74 38
210 75 40
210 76 57
210 77 49
210 78 53
210 79 58
210 80 47
210 81 37
210 82 46
210 83 53
210 84 51
210 85 36
210 86 52
210 87 58
210 88 43
210 89 55
210 90 55
210 91 39
210 92 47
210 93 35
210 94 56
210 95 35
210 96 57
210 97 42
210 98 56
210 99 35
210 100 51
210 101 50
210 102 52
210 103 55
210 104 44
210 105 40
210 106 39
210 107 52
210 108 57
210 109 53
210 110 60
210 111 52
210 112 57
210 113 36
210 114 35
210 115 53
210 116 42
210 117 42
210 118 58
210 119 35
210 120 52
210 121 49
210 122 52
210 123 36
210 124 46
210 125 42
210 126 60
210 127 51
210 128 44
210 129 50
210 130 42
210 131 54
210 132 48
210 133 38
210 134 60
210 135 54
210 136 39
210 137 41
210 138 52
210 139 60
210 140 59
210 141 37
210 142 58
210 143 41
210 144 38
210 145 52
210 146 44
210 147 41
210 148 54
210 149 58
210 150 42
210 151 59
210 152 49
210 153 42
210 154 40
210 155 52
210 156 39
210 157 55
210 158 56
210 159 38
210 160 49
210 161 52
210 162 56
210 163 51
210 164 41
210 165 36
210 166 35
210 167 43
210 168 39
210 169 42
210 170 47
210 171 56
210 172 36
210 173 50
210 174 54
210 175 41
210 176 54
210 177 48
210 178 50
210 179 45
210 180 45
210 181 47
210 182 43
210 183 60
210 184 55
210 185 48
210 186 49
210 187 54
210 188 54
210 189 58
210 190 60
210 191 47
210 192 48
210 193 46
210 194 42
210 195 42
210 196 45
210 197 52
210 198 42
210 199 59
210 200 58
210 201 35
210 202 43
210 203 54
210 204 50
210 205 41
210 206 36
210 207 48
210 208 49
210 209 42
210 210 0
;
param Rinit :=
1 1 0
1 2 0
1 3 0
1 4 0
1 5 0
1 6 0
1 7 0
1 8 0
1 9 0
1 10 0
1 11 0
1 12 0
1 13 0
1 14 0
1 15 0
1 16 0
1 17 0
1 18 0
1 19 0
1 20 0
1 21 0
1 22 0
1 23 0
1 24 0
1 25 0
1 26 0
1 27 0
1 28 0
1 29 0
1 30 0
1 31 0
1 32 0
1 33 0
1 34 0
1 35 0
1 36 0
1 37 0
1 38 0
1 39 0
1 40 0
1 41 0
1 42 0
210 1 0
210 2 0
210 3 0
210 4 0
210 5 0
210 6 0
210 7 0
210 8 0
210 9 0
210 10 0
210 11 0
210 12 0
210 13 0
210 14 0
210 15 0
210 16 0
210 17 0
210 18 0
210 19 0
210 20 0
210 21 0
210 22 0
210 23 0
210 24 0
210 25 0
210 26 0
210 27 0
210 28 0
210 29 0
210 30 0
210 31 0
210 32 0
210 33 0
210 34 0
210 35 0
210 36 0
210 37 0
210 38 0
210 39 0
210 40 0
210 41 0
210 42 0
;
param f :=
1 1
2 2
3 3
4 4
;