param sigma
: 1 2 :=
1	1e-05	0.99999
2	0.1	0.9
3	0.2	0.8
4	0.3	0.7
5	0.4	0.6
6	0.5	0.5
7	0.6	0.4
8	0.7	0.3
9	0.8	0.2
10	0.9	0.1
11	0.99999	1e-05
;

set O := 1 146;
set R := 2 3 4 5 6 7 8 9 10 11 12 13 14 15 16 17 18 19 20 21 22 23 24 25 26 27 28 29 30 31 32 33 34 35 36 37 38 39 40 41 42 43 44 45 46 47 48 49 50 51 52 53 54 55 56 57 58 59 60 61 62 63 64 65 66 67 68 69 70 71 72 73 74 75 76 77 78 79 80 81 82 83 84 85 86 87 88 89 90 91 92 93 94 95 96 97 98 99 100 101 102 103 104 105 106 107 108 109 110 111 112 113 114 115 116 117 118 119 120 121 122 123 124 125 126 127 128 129 130 131 132 133 134 135 136 137 138 139 140 141 142 143 144 145;
set S := 1 146;
set K := 1 2 3 4 5 6 7 8 9 10 11 12 13 14 15 16 17 18 19 20 21 22 23 24 25 26 27 28 29;
param b := 29;
param theta := 329.0;
param peso_vacio := 3500;
param alpha :=
0 0
1 0
2 0
3 0
4 0
;
param beta :=
0 0.2
1 -0.1
2 0
3 0
4 0
;
param gamma :=
0 16.4
1 2.2
2 2.2
3 0.6
4 0.4
;
param delta :=
0 0
1 0
2 0
3 0
4 0
;
param epsilon :=
0 0.3
1 0
2 0
3 0
4 0
;
param zeta :=
0 2.4
1 2.5
2 1.3
3 4.5
4 3.3
;
param hta :=
0 1
1 1
2 1
3 1
4 1
;
param dm :=
1 0
2 9
3 8
4 7
5 6
6 5
7 4
8 3
9 2
10 1
11 9
12 8
13 7
14 6
15 5
16 4
17 3
18 2
19 1
20 9
21 8
22 7
23 6
24 5
25 4
26 3
27 2
28 1
29 9
30 8
31 7
32 6
33 5
34 4
35 3
36 2
37 1
38 9
39 8
40 7
41 6
42 5
43 4
44 3
45 2
46 1
47 9
48 8
49 7
50 6
51 5
52 4
53 3
54 2
55 1
56 9
57 8
58 7
59 6
60 5
61 4
62 3
63 2
64 1
65 9
66 8
67 7
68 6
69 5
70 4
71 3
72 2
73 1
74 9
75 8
76 7
77 6
78 5
79 4
80 3
81 2
82 1
83 9
84 8
85 7
86 6
87 5
88 4
89 3
90 2
91 1
92 9
93 8
94 7
95 6
96 5
97 4
98 3
99 2
100 1
101 9
102 8
103 7
104 6
105 5
106 4
107 3
108 2
109 1
110 9
111 8
112 7
113 6
114 5
115 4
116 3
117 2
118 1
119 9
120 8
121 7
122 6
123 5
124 4
125 3
126 2
127 1
128 9
129 8
130 7
131 6
132 5
133 4
134 3
135 2
136 1
137 9
138 8
139 7
140 6
141 5
142 4
143 3
144 2
145 1
146 0
;
param d :=
1 1 0.00
1 2 2.45
1 3 2.68
1 4 3.39
1 5 4.28
1 6 5.25
1 7 6.28
1 8 7.38
1 9 8.74
1 10 9.67
1 11 2.00
1 12 1.68
1 13 2.16
1 14 2.99
1 15 3.95
1 16 4.98
1 17 6.08
1 18 7.46
1 19 8.38
1 20 1.87
1 21 0.88
1 22 0.85
1 23 1.71
1 24 2.70
1 25 3.72
1 26 4.81
1 27 6.16
1 28 7.09
1 29 2.14
1 30 1.16
1 31 0.52
1 32 1.04
1 33 1.94
1 34 2.88
1 35 3.88
1 36 5.08
1 37 6.04
1 38 2.66
1 39 2.11
1 40 1.83
1 41 1.93
1 42 2.37
1 43 2.99
1 44 3.72
1 45 4.57
1 46 5.57
1 47 3.25
1 48 3.10
1 49 3.08
1 50 3.23
1 51 3.54
1 52 3.96
1 53 4.44
1 54 4.89
1 55 5.87
1 56 3.83
1 57 4.01
1 58 4.23
1 59 4.51
1 60 4.85
1 61 5.24
1 62 5.63
1 63 5.88
1 64 6.81
1 65 4.32
1 66 4.80
1 67 5.21
1 68 5.64
1 69 6.09
1 70 6.53
1 71 6.95
1 72 7.16
1 73 8.07
1 74 4.70
1 75 5.41
1 76 6.01
1 77 6.58
1 78 7.14
1 79 7.69
1 80 8.17
1 81 8.45
1 82 9.38
1 83 4.93
1 84 5.83
1 85 6.59
1 86 7.29
1 87 7.97
1 88 8.61
1 89 9.20
1 90 9.61
1 91 10.55
1 92 5.01
1 93 6.04
1 94 6.92
1 95 7.74
1 96 8.52
1 97 9.27
1 98 9.97
1 99 10.53
1 100 11.50
1 101 4.93
1 102 6.03
1 103 7.00
1 104 7.91
1 105 8.78
1 106 9.62
1 107 10.42
1 108 11.14
1 109 12.13
1 110 4.70
1 111 5.81
1 112 6.82
1 113 7.79
1 114 8.73
1 115 9.65
1 116 10.54
1 117 11.42
1 118 12.42
1 119 4.33
1 120 5.37
1 121 6.40
1 122 7.39
1 123 8.38
1 124 9.35
1 125 10.32
1 126 11.35
1 127 12.35
1 128 3.83
1 129 4.75
1 130 5.73
1 131 6.73
1 132 7.73
1 133 8.74
1 134 9.77
1 135 10.93
1 136 11.92
1 137 3.26
1 138 3.96
1 139 4.86
1 140 5.83
1 141 6.83
1 142 7.85
1 143 8.92
1 144 10.19
1 145 11.15
1 146 6.88
2 1 2.45
2 2 0.00
2 3 1.11
2 4 2.12
2 5 3.10
2 6 4.06
2 7 5.02
2 8 6.00
2 9 7.10
2 10 8.09
2 11 0.60
2 12 1.13
2 13 2.00
2 14 2.90
2 15 3.81
2 16 4.71
2 17 5.64
2 18 6.66
2 19 7.66
2 20 1.18
2 21 1.58
2 22 2.27
2 23 3.04
2 24 3.86
2 25 4.69
2 26 5.54
2 27 6.44
2 28 7.44
2 29 1.71
2 30 2.17
2 31 2.78
2 32 3.47
2 33 4.20
2 34 4.96
2 35 5.72
2 36 6.50
2 37 7.50
2 38 2.18
2 39 2.76
2 40 3.38
2 41 4.04
2 42 4.73
2 43 5.44
2 44 6.15
2 45 6.82
2 46 7.81
2 47 2.58
2 48 3.28
2 49 3.95
2 50 4.64
2 51 5.33
2 52 6.03
2 53 6.71
2 54 7.33
2 55 8.31
2 56 2.87
2 57 3.70
2 58 4.45
2 59 5.18
2 60 5.90
2 61 6.62
2 62 7.31
2 63 7.92
2 64 8.90
2 65 3.06
2 66 4.00
2 67 4.83
2 68 5.61
2 69 6.38
2 70 7.14
2 71 7.86
2 72 8.51
2 73 9.49
2 74 3.14
2 75 4.16
2 76 5.06
2 77 5.91
2 78 6.73
2 79 7.53
2 80 8.30
2 81 9.00
2 82 10.00
2 83 3.11
2 84 4.19
2 85 5.14
2 86 6.04
2 87 6.91
2 88 7.75
2 89 8.58
2 90 9.36
2 91 10.36
2 92 2.95
2 93 4.06
2 94 5.06
2 95 6.00
2 96 6.91
2 97 7.80
2 98 8.68
2 99 9.55
2 100 10.55
2 101 2.70
2 102 3.80
2 103 4.82
2 104 5.79
2 105 6.74
2 106 7.67
2 107 8.59
2 108 9.55
2 109 10.55
2 110 2.34
2 111 3.41
2 112 4.44
2 113 5.43
2 114 6.40
2 115 7.36
2 116 8.32
2 117 9.35
2 118 10.35
2 119 1.89
2 120 2.92
2 121 3.94
2 122 4.94
2 123 5.92
2 124 6.90
2 125 7.89
2 126 8.98
2 127 9.97
2 128 1.38
2 129 2.35
2 130 3.36
2 131 4.37
2 132 5.35
2 133 6.34
2 134 7.35
2 135 8.48
2 136 9.47
2 137 0.81
2 138 1.75
2 139 2.77
2 140 3.77
2 141 4.76
2 142 5.74
2 143 6.75
2 144 7.89
2 145 8.88
2 146 4.80
3 1 2.68
3 2 1.11
3 3 0.00
3 4 1.03
3 5 2.02
3 6 3.01
3 7 4.00
3 8 5.02
3 9 6.24
3 10 7.20
3 11 1.54
3 12 1.00
3 13 1.22
3 14 1.92
3 15 2.74
3 16 3.62
3 17 4.53
3 18 5.57
3 19 6.56
3 20 2.13
3 21 1.96
3 22 2.13
3 23 2.57
3 24 3.18
3 25 3.86
3 26 4.60
3 27 5.39
3 28 6.39
3 29 2.72
3 30 2.86
3 31 3.13
3 32 3.54
3 33 4.04
3 34 4.61
3 35 5.20
3 36 5.75
3 37 6.73
3 38 3.24
3 39 3.64
3 40 4.06
3 41 4.53
3 42 5.04
3 43 5.58
3 44 6.11
3 45 6.53
3 46 7.49
3 47 3.67
3 48 4.30
3 49 4.86
3 50 5.43
3 51 6.00
3 52 6.57
3 53 7.11
3 54 7.51
3 55 8.46
3 56 3.98
3 57 4.79
3 58 5.49
3 59 6.16
3 60 6.82
3 61 7.45
3 62 8.05
3 63 8.49
3 64 9.45
3 65 4.16
3 66 5.11
3 67 5.93
3 68 6.70
3 69 7.44
3 70 8.16
3 71 8.83
3 72 9.37
3 73 10.34
3 74 4.19
3 75 5.24
3 76 6.16
3 77 7.02
3 78 7.84
3 79 8.63
3 80 9.38
3 81 10.05
3 82 11.03
3 83 4.08
3 84 5.18
3 85 6.16
3 86 7.09
3 87 7.98
3 88 8.85
3 89 9.68
3 90 10.47
3 91 11.47
3 92 3.82
3 93 4.93
3 94 5.95
3 95 6.92
3 96 7.87
3 97 8.79
3 98 9.70
3 99 10.62
3 100 11.62
3 101 3.45
3 102 4.50
3 103 5.52
3 104 6.52
3 105 7.50
3 106 8.47
3 107 9.44
3 108 10.48
3 109 11.48
3 110 2.96
3 111 3.90
3 112 4.90
3 113 5.90
3 114 6.90
3 115 7.90
3 116 8.92
3 117 10.06
3 118 11.05
3 119 2.39
3 120 3.16
3 121 4.10
3 122 5.09
3 123 6.10
3 124 7.11
3 125 8.16
3 126 9.39
3 127 10.36
3 128 1.79
3 129 2.30
3 130 3.18
3 131 4.15
3 132 5.15
3 133 6.17
3 134 7.24
3 135 8.52
3 136 9.47
3 137 1.26
3 138 1.36
3 139 2.18
3 140 3.15
3 141 4.15
3 142 5.17
3 143 6.24
3 144 7.53
3 145 8.48
3 146 5.59
4 1 3.39
4 2 2.12
4 3 1.03
4 4 0.00
4 5 1.00
4 6 2.00
4 7 3.01
4 8 4.06
4 9 5.36
4 10 6.30
4 11 2.56
4 12 1.82
4 13 1.36
4 14 1.43
4 15 1.96
4 16 2.70
4 17 3.54
4 18 4.54
4 19 5.54
4 20 3.14
4 21 2.82
4 22 2.67
4 23 2.74
4 24 3.03
4 25 3.46
4 26 3.99
4 27 4.56
4 28 5.55
4 29 3.74
4 30 3.78
4 31 3.89
4 32 4.09
4 33 4.38
4 34 4.74
4 35 5.12
4 36 5.39
4 37 6.33
4 38 4.27
4 39 4.63
4 40 4.96
4 41 5.31
4 42 5.69
4 43 6.10
4 44 6.47
4 45 6.65
4 46 7.56
4 47 4.70
4 48 5.32
4 49 5.84
4 50 6.35
4 51 6.86
4 52 7.35
4 53 7.79
4 54 8.01
4 55 8.92
4 56 4.99
4 57 5.82
4 58 6.52
4 59 7.17
4 60 7.79
4 61 8.39
4 62 8.93
4 63 9.27
4 64 10.20
4 65 5.13
4 66 6.11
4 67 6.95
4 68 7.73
4 69 8.47
4 70 9.17
4 71 9.82
4 72 10.31
4 73 11.27
4 74 5.11
4 75 6.18
4 76 7.13
4 77 8.01
4 78 8.85
4 79 9.65
4 80 10.41
4 81 11.07
4 82 12.05
4 83 4.93
4 84 6.04
4 85 7.04
4 86 8.00
4 87 8.91
4 88 9.80
4 89 10.66
4 90 11.48
4 91 12.48
4 92 4.60
4 93 5.68
4 94 6.70
4 95 7.69
4 96 8.66
4 97 9.62
4 98 10.56
4 99 11.55
4 100 12.55
4 101 4.15
4 102 5.11
4 103 6.11
4 104 7.12
4 105 8.11
4 106 9.11
4 107 10.12
4 108 11.25
4 109 12.24
4 110 3.59
4 111 4.37
4 112 5.30
4 113 6.28
4 114 7.28
4 115 8.30
4 116 9.36
4 117 10.60
4 118 11.57
4 119 2.99
4 120 3.48
4 121 4.29
4 122 5.22
4 123 6.21
4 124 7.23
4 125 8.32
4 126 9.65
4 127 10.59
4 128 2.43
4 129 2.50
4 130 3.13
4 131 3.99
4 132 4.95
4 133 5.97
4 134 7.07
4 135 8.45
4 136 9.37
4 137 2.06
4 138 1.52
4 139 1.85
4 140 2.64
4 141 3.59
4 142 4.61
4 143 5.71
4 144 7.11
4 145 8.02
4 146 6.25
5 1 4.28
5 2 3.10
5 3 2.02
5 4 1.00
5 5 0.00
5 6 1.00
5 7 2.02
5 8 3.10
5 9 4.47
5 10 5.39
5 11 3.56
5 12 2.80
5 13 2.14
5 14 1.71
5 15 1.66
5 16 2.04
5 17 2.68
5 18 3.56
5 19 4.56
5 20 4.15
5 21 3.79
5 22 3.51
5 23 3.35
5 24 3.35
5 25 3.50
5 26 3.74
5 27 3.97
5 28 4.92
5 29 4.74
5 30 4.76
5 31 4.79
5 32 4.87
5 33 5.01
5 34 5.20
5 35 5.39
5 36 5.36
5 37 6.23
5 38 5.27
5 39 5.63
5 40 5.92
5 41 6.21
5 42 6.52
5 43 6.82
5 44 7.08
5 45 7.06
5 46 7.91
5 47 5.68
5 48 6.32
5 49 6.84
5 50 7.33
5 51 7.79
5 52 8.23
5 53 8.61
5 54 8.71
5 55 9.58
5 56 5.94
5 57 6.80
5 58 7.52
5 59 8.17
5 60 8.79
5 61 9.37
5 62 9.88
5 63 10.15
5 64 11.06
5 65 6.04
5 66 7.06
5 67 7.92
5 68 8.72
5 69 9.47
5 70 10.18
5 71 10.82
5 72 11.29
5 73 12.24
5 74 5.97
5 75 7.07
5 76 8.04
5 77 8.94
5 78 9.80
5 79 10.62
5 80 11.40
5 81 12.07
5 82 13.05
5 83 5.74
5 84 6.84
5 85 7.86
5 86 8.83
5 87 9.77
5 88 10.69
5 89 11.58
5 90 12.44
5 91 13.44
5 92 5.35
5 93 6.38
5 94 7.40
5 95 8.40
5 96 9.39
5 97 10.37
5 98 11.35
5 99 12.39
5 100 13.39
5 101 4.84
5 102 5.71
5 103 6.68
5 104 7.67
5 105 8.67
5 106 9.69
5 107 10.73
5 108 11.93
5 109 12.91
5 110 4.26
5 111 4.87
5 112 5.71
5 113 6.65
5 114 7.63
5 115 8.66
5 116 9.75
5 117 11.07
5 118 12.01
5 119 3.67
5 120 3.90
5 121 4.55
5 122 5.38
5 123 6.32
5 124 7.34
5 125 8.44
5 126 9.85
5 127 10.76
5 128 3.17
5 129 2.91
5 130 3.24
5 131 3.92
5 132 4.79
5 133 5.78
5 134 6.89
5 135 8.36
5 136 9.22
5 137 2.91
5 138 2.09
5 139 1.88
5 140 2.31
5 141 3.11
5 142 4.08
5 143 5.19
5 144 6.68
5 145 7.53
5 146 6.87
6 1 5.25
6 2 4.06
6 3 3.01
6 4 2.00
6 5 1.00
6 6 0.00
6 7 1.03
6 8 2.12
6 9 3.57
6 10 4.44
6 11 4.55
6 12 3.80
6 13 3.10
6 14 2.49
6 15 2.05
6 16 1.89
6 17 2.09
6 18 2.64
6 19 3.64
6 20 5.14
6 21 4.79
6 22 4.46
6 23 4.19
6 24 4.02
6 25 3.93
6 26 3.89
6 27 3.71
6 28 4.57
6 29 5.73
6 30 5.77
6 31 5.77
6 32 5.79
6 33 5.84
6 34 5.91
6 35 5.94
6 36 5.66
6 37 6.43
6 38 6.24
6 39 6.63
6 40 6.92
6 41 7.18
6 42 7.45
6 43 7.69
6 44 7.86
6 45 7.69
6 46 8.48
6 47 6.63
6 48 7.31
6 49 7.84
6 50 8.33
6 51 8.78
6 52 9.20
6 53 9.53
6 54 9.54
6 55 10.39
6 56 6.87
6 57 7.76
6 58 8.50
6 59 9.17
6 60 9.79
6 61 10.37
6 62 10.87
6 63 11.10
6 64 12.01
6 65 6.93
6 66 7.97
6 67 8.86
6 68 9.68
6 69 10.44
6 70 11.17
6 71 11.82
6 72 12.29
6 73 13.24
6 74 6.81
6 75 7.92
6 76 8.91
6 77 9.83
6 78 10.71
6 79 11.56
6 80 12.36
6 81 13.05
6 82 14.04
6 83 6.53
6 84 7.61
6 85 8.64
6 86 9.63
6 87 10.59
6 88 11.52
6 89 12.44
6 90 13.35
6 91 14.35
6 92 6.09
6 93 7.07
6 94 8.07
6 95 9.07
6 96 10.07
6 97 11.07
6 98 12.08
6 99 13.18
6 100 14.18
6 101 5.55
6 102 6.32
6 103 7.22
6 104 8.19
6 105 9.19
6 106 10.21
6 107 11.29
6 108 12.55
6 109 13.51
6 110 4.95
6 111 5.40
6 112 6.14
6 113 7.01
6 114 7.96
6 115 8.98
6 116 10.09
6 117 11.48
6 118 12.40
6 119 4.38
6 120 4.40
6 121 4.87
6 122 5.58
6 123 6.45
6 124 7.43
6 125 8.54
6 126 10.02
6 127 10.87
6 128 3.95
6 129 3.46
6 130 3.51
6 131 3.97
6 132 4.70
6 133 5.61
6 134 6.70
6 135 8.23
6 136 9.04
6 137 3.79
6 138 2.83
6 139 2.27
6 140 2.26
6 141 2.77
6 142 3.61
6 143 4.68
6 144 6.23
6 145 7.01
6 146 7.47
7 1 6.28
7 2 5.02
7 3 4.00
7 4 3.01
7 5 2.02
7 6 1.03
7 7 0.00
7 8 1.11
7 9 2.62
7 10 3.45
7 11 5.53
7 12 4.82
7 13 4.12
7 14 3.46
7 15 2.87
7 16 2.38
7 17 2.05
7 18 1.92
7 19 2.88
7 20 6.12
7 21 5.81
7 22 5.48
7 23 5.17
7 24 4.90
7 25 4.67
7 26 4.42
7 27 3.87
7 28 4.58
7 29 6.71
7 30 6.79
7 31 6.79
7 32 6.79
7 33 6.80
7 34 6.79
7 35 6.72
7 36 6.25
7 37 6.93
7 38 7.21
7 39 7.63
7 40 7.94
7 41 8.21
7 42 8.45
7 43 8.66
7 44 8.78
7 45 8.51
7 46 9.25
7 47 7.57
7 48 8.29
7 49 8.85
7 50 9.35
7 51 9.81
7 52 10.22
7 53 10.53
7 54 10.50
7 55 11.32
7 56 7.77
7 57 8.70
7 58 9.47
7 59 10.16
7 60 10.80
7 61 11.39
7 62 11.90
7 63 12.12
7 64 13.02
7 65 7.79
7 66 8.86
7 67 9.77
7 68 10.62
7 69 11.41
7 70 12.15
7 71 12.83
7 72 13.31
7 73 14.27
7 74 7.63
7 75 8.74
7 76 9.74
7 77 10.69
7 78 11.59
7 79 12.46
7 80 13.29
7 81 14.03
7 82 15.02
7 83 7.30
7 84 8.36
7 85 9.38
7 86 10.38
7 87 11.36
7 88 12.32
7 89 13.27
7 90 14.23
7 91 15.23
7 92 6.82
7 93 7.73
7 94 8.71
7 95 9.70
7 96 10.71
7 97 11.72
7 98 12.76
7 99 13.92
7 100 14.91
7 101 6.25
7 102 6.91
7 103 7.75
7 104 8.68
7 105 9.66
7 106 10.69
7 107 11.78
7 108 13.11
7 109 14.05
7 110 5.65
7 111 5.95
7 112 6.57
7 113 7.36
7 114 8.27
7 115 9.27
7 116 10.38
7 117 11.83
7 118 12.71
7 119 5.12
7 120 4.95
7 121 5.23
7 122 5.81
7 123 6.58
7 124 7.50
7 125 8.60
7 126 10.12
7 127 10.93
7 128 4.76
7 129 4.09
7 130 3.90
7 131 4.11
7 132 4.66
7 133 5.47
7 134 6.51
7 135 8.07
7 136 8.80
7 137 4.67
7 138 3.63
7 139 2.88
7 140 2.49
7 141 2.62
7 142 3.23
7 143 4.20
7 144 5.77
7 145 6.45
7 146 8.05
8 1 7.38
8 2 6.00
8 3 5.02
8 4 4.06
8 5 3.10
8 6 2.12
8 7 1.11
8 8 0.00
8 9 1.57
8 10 2.34
8 11 6.53
8 12 5.89
8 13 5.22
8 14 4.57
8 15 3.94
8 16 3.33
8 17 2.71
8 18 1.83
8 19 2.54
8 20 7.13
8 21 6.88
8 22 6.58
8 23 6.28
8 24 5.98
8 25 5.69
8 26 5.32
8 27 4.52
8 28 5.07
8 29 7.70
8 30 7.85
8 31 7.89
8 32 7.90
8 33 7.90
8 34 7.87
8 35 7.74
8 36 7.15
8 37 7.76
8 38 8.18
8 39 8.67
8 40 9.02
8 41 9.31
8 42 9.56
8 43 9.77
8 44 9.87
8 45 9.55
8 46 10.26
8 47 8.51
8 48 9.28
8 49 9.88
8 50 10.41
8 51 10.89
8 52 11.32
8 53 11.64
8 54 11.60
8 55 12.41
8 56 8.67
8 57 9.64
8 58 10.44
8 59 11.17
8 60 11.84
8 61 12.46
8 62 12.98
8 63 13.23
8 64 14.13
8 65 8.63
8 66 9.72
8 67 10.67
8 68 11.54
8 69 12.36
8 70 13.14
8 71 13.84
8 72 14.37
8 73 15.33
8 74 8.42
8 75 9.52
8 76 10.54
8 77 11.51
8 78 12.44
8 79 13.34
8 80 14.20
8 81 15.00
8 82 15.99
8 83 8.03
8 84 9.06
8 85 10.07
8 86 11.08
8 87 12.07
8 88 13.05
8 89 14.03
8 90 15.07
8 91 16.06
8 92 7.52
8 93 8.36
8 94 9.29
8 95 10.26
8 96 11.26
8 97 12.29
8 98 13.35
8 99 14.59
8 100 15.56
8 101 6.93
8 102 7.47
8 103 8.23
8 104 9.10
8 105 10.06
8 106 11.07
8 107 12.18
8 108 13.57
8 109 14.49
8 110 6.34
8 111 6.47
8 112 6.96
8 113 7.66
8 114 8.50
8 115 9.46
8 116 10.56
8 117 12.06
8 118 12.90
8 119 5.85
8 120 5.51
8 121 5.60
8 122 6.01
8 123 6.66
8 124 7.50
8 125 8.55
8 126 10.11
8 127 10.85
8 128 5.57
8 129 4.76
8 130 4.35
8 131 4.31
8 132 4.64
8 133 5.28
8 134 6.23
8 135 7.80
8 136 8.43
8 137 5.57
8 138 4.48
8 139 3.59
8 140 2.94
8 141 2.66
8 142 2.91
8 143 3.68
8 144 5.21
8 145 5.77
8 146 8.57
9 1 8.74
9 2 7.10
9 3 6.24
9 4 5.36
9 5 4.47
9 6 3.57
9 7 2.62
9 8 1.57
9 9 0.00
9 10 1.00
9 11 7.67
9 12 7.17
9 13 6.62
9 14 6.05
9 15 5.49
9 16 4.90
9 17 4.23
9 18 3.05
9 19 3.39
9 20 8.27
9 21 8.17
9 22 7.98
9 23 7.76
9 24 7.52
9 25 7.26
9 26 6.88
9 27 5.99
9 28 6.44
9 29 8.82
9 30 9.09
9 31 9.24
9 32 9.34
9 33 9.40
9 34 9.41
9 35 9.31
9 36 8.71
9 37 9.30
9 38 9.24
9 39 9.84
9 40 10.29
9 41 10.66
9 42 10.99
9 43 11.25
9 44 11.40
9 45 11.11
9 46 11.83
9 47 9.50
9 48 10.36
9 49 11.05
9 50 11.66
9 51 12.21
9 52 12.70
9 53 13.08
9 54 13.11
9 55 13.94
9 56 9.57
9 57 10.60
9 58 11.48
9 59 12.27
9 60 13.01
9 61 13.68
9 62 14.28
9 63 14.62
9 64 15.54
9 65 9.45
9 66 10.56
9 67 11.55
9 68 12.47
9 69 13.35
9 70 14.18
9 71 14.95
9 72 15.59
9 73 16.57
9 74 9.15
9 75 10.23
9 76 11.26
9 77 12.25
9 78 13.22
9 79 14.16
9 80 15.09
9 81 15.99
9 82 16.99
9 83 8.70
9 84 9.64
9 85 10.62
9 86 11.62
9 87 12.62
9 88 13.63
9 89 14.66
9 90 15.80
9 91 16.79
9 92 8.14
9 93 8.83
9 94 9.68
9 95 10.60
9 96 11.58
9 97 12.61
9 98 13.70
9 99 15.03
9 100 15.98
9 101 7.54
9 102 7.87
9 103 8.49
9 104 9.26
9 105 10.15
9 106 11.13
9 107 12.24
9 108 13.72
9 109 14.58
9 110 6.99
9 111 6.87
9 112 7.15
9 113 7.67
9 114 8.39
9 115 9.27
9 116 10.34
9 117 11.89
9 118 12.65
9 119 6.59
9 120 6.00
9 121 5.82
9 122 5.97
9 123 6.40
9 124 7.09
9 125 8.06
9 126 9.63
9 127 10.26
9 128 6.43
9 129 5.46
9 130 4.78
9 131 4.40
9 132 4.38
9 133 4.73
9 134 5.50
9 135 7.01
9 136 7.51
9 137 6.55
9 138 5.44
9 139 4.44
9 140 3.55
9 141 2.83
9 142 2.48
9 143 2.79
9 144 4.14
9 145 4.50
9 146 8.89
10 1 9.67
10 2 8.09
10 3 7.20
10 4 6.30
10 5 5.39
10 6 4.44
10 7 3.45
10 8 2.34
10 9 1.00
10 10 0.00
10 11 8.66
10 12 8.12
10 13 7.53
10 14 6.91
10 15 6.27
10 16 5.58
10 17 4.78
10 18 3.39
10 19 3.43
10 20 9.26
10 21 9.12
10 22 8.89
10 23 8.61
10 24 8.31
10 25 7.96
10 26 7.48
10 27 6.44
10 28 6.74
10 29 9.80
10 30 10.06
10 31 10.17
10 32 10.23
10 33 10.24
10 34 10.19
10 35 10.01
10 36 9.30
10 37 9.80
10 38 10.23
10 39 10.82
10 40 11.25
10 41 11.60
10 42 11.89
10 43 12.11
10 44 12.20
10 45 11.83
10 46 12.50
10 47 10.50
10 48 11.35
10 49 12.03
10 50 12.63
10 51 13.16
10 52 13.62
10 53 13.97
10 54 13.94
10 55 14.74
10 56 10.57
10 57 11.60
10 58 12.48
10 59 13.26
10 60 13.99
10 61 14.66
10 62 15.23
10 63 15.54
10 64 16.44
10 65 10.45
10 66 11.56
10 67 12.55
10 68 13.47
10 69 14.35
10 70 15.18
10 71 15.95
10 72 16.57
10 73 17.54
10 74 10.15
10 75 11.22
10 76 12.25
10 77 13.24
10 78 14.21
10 79 15.16
10 80 16.08
10 81 16.99
10 82 17.99
10 83 9.69
10 84 10.62
10 85 11.59
10 86 12.58
10 87 13.59
10 88 14.60
10 89 15.64
10 90 16.79
10 91 17.78
10 92 9.12
10 93 9.79
10 94 10.62
10 95 11.53
10 96 12.50
10 97 13.53
10 98 14.63
10 99 15.98
10 100 16.91
10 101 8.52
10 102 8.82
10 103 9.40
10 104 10.15
10 105 11.01
10 106 11.98
10 107 13.09
10 108 14.58
10 109 15.43
10 110 7.98
10 111 7.83
10 112 8.05
10 113 8.53
10 114 9.20
10 115 10.04
10 116 11.09
10 117 12.65
10 118 13.38
10 119 7.58
10 120 6.97
10 121 6.74
10 122 6.82
10 123 7.18
10 124 7.80
10 125 8.70
10 126 10.26
10 127 10.83
10 128 7.43
10 129 6.45
10 130 5.75
10 131 5.32
10 132 5.19
10 133 5.42
10 134 6.06
10 135 7.51
10 136 7.89
10 137 7.55
10 138 6.44
10 139 5.44
10 140 4.54
10 141 3.80
10 142 3.33
10 143 3.38
10 144 4.50
10 145 4.66
10 146 9.82
11 1 2.00
11 2 0.60
11 3 1.54
11 4 2.56
11 5 3.56
11 6 4.55
11 7 5.53
11 8 6.53
11 9 7.67
11 10 8.66
11 11 0.00
11 12 1.11
11 13 2.12
11 14 3.10
11 15 4.06
11 16 5.02
11 17 6.00
11 18 7.10
11 19 8.09
11 20 0.60
11 21 1.13
11 22 2.00
11 23 2.90
11 24 3.81
11 25 4.71
11 26 5.64
11 27 6.66
11 28 7.66
11 29 1.18
11 30 1.58
11 31 2.27
11 32 3.04
11 33 3.86
11 34 4.69
11 35 5.54
11 36 6.44
11 37 7.44
11 38 1.71
11 39 2.17
11 40 2.78
11 41 3.47
11 42 4.20
11 43 4.96
11 44 5.72
11 45 6.50
11 46 7.50
11 47 2.18
11 48 2.76
11 49 3.38
11 50 4.04
11 51 4.73
11 52 5.44
11 53 6.15
11 54 6.82
11 55 7.81
11 56 2.58
11 57 3.28
11 58 3.95
11 59 4.64
11 60 5.33
11 61 6.03
11 62 6.71
11 63 7.33
11 64 8.31
11 65 2.87
11 66 3.70
11 67 4.45
11 68 5.18
11 69 5.90
11 70 6.62
11 71 7.31
11 72 7.92
11 73 8.90
11 74 3.06
11 75 4.00
11 76 4.83
11 77 5.61
11 78 6.38
11 79 7.14
11 80 7.86
11 81 8.51
11 82 9.49
11 83 3.14
11 84 4.16
11 85 5.06
11 86 5.91
11 87 6.73
11 88 7.53
11 89 8.30
11 90 9.00
11 91 10.00
11 92 3.11
11 93 4.19
11 94 5.14
11 95 6.04
11 96 6.91
11 97 7.75
11 98 8.58
11 99 9.36
11 100 10.36
11 101 2.95
11 102 4.06
11 103 5.06
11 104 6.00
11 105 6.91
11 106 7.80
11 107 8.68
11 108 9.55
11 109 10.55
11 110 2.69
11 111 3.80
11 112 4.82
11 113 5.79
11 114 6.74
11 115 7.67
11 116 8.59
11 117 9.55
11 118 10.55
11 119 2.34
11 120 3.41
11 121 4.44
11 122 5.43
11 123 6.40
11 124 7.36
11 125 8.32
11 126 9.35
11 127 10.35
11 128 1.89
11 129 2.92
11 130 3.94
11 131 4.94
11 132 5.92
11 133 6.90
11 134 7.89
11 135 8.98
11 136 9.97
11 137 1.38
11 138 2.35
11 139 3.36
11 140 4.36
11 141 5.35
11 142 6.34
11 143 7.35
11 144 8.48
11 145 9.46
11 146 4.98
12 1 1.68
12 2 1.13
12 3 1.00
12 4 1.82
12 5 2.80
12 6 3.80
12 7 4.82
12 8 5.89
12 9 7.17
12 10 8.12
12 11 1.11
12 12 0.00
12 13 1.03
12 14 2.02
12 15 3.01
12 16 4.00
12 17 5.02
12 18 6.23
12 19 7.20
12 20 1.54
12 21 1.00
12 22 1.22
12 23 1.91
12 24 2.74
12 25 3.62
12 26 4.53
12 27 5.57
12 28 6.56
12 29 2.13
12 30 1.96
12 31 2.13
12 32 2.57
12 33 3.17
12 34 3.86
12 35 4.60
12 36 5.39
12 37 6.39
12 38 2.72
12 39 2.86
12 40 3.13
12 41 3.54
12 42 4.04
12 43 4.61
12 44 5.20
12 45 5.75
12 46 6.73
12 47 3.24
12 48 3.64
12 49 4.06
12 50 4.53
12 51 5.04
12 52 5.58
12 53 6.11
12 54 6.53
12 55 7.49
12 56 3.67
12 57 4.30
12 58 4.86
12 59 5.43
12 60 6.00
12 61 6.57
12 62 7.11
12 63 7.50
12 64 8.46
12 65 3.98
12 66 4.79
12 67 5.49
12 68 6.16
12 69 6.82
12 70 7.45
12 71 8.05
12 72 8.49
12 73 9.45
12 74 4.16
12 75 5.11
12 76 5.93
12 77 6.70
12 78 7.44
12 79 8.16
12 80 8.83
12 81 9.37
12 82 10.34
12 83 4.19
12 84 5.24
12 85 6.16
12 86 7.02
12 87 7.84
12 88 8.63
12 89 9.38
12 90 10.04
12 91 11.03
12 92 4.08
12 93 5.18
12 94 6.16
12 95 7.09
12 96 7.98
12 97 8.85
12 98 9.68
12 99 10.47
12 100 11.47
12 101 3.83
12 102 4.93
12 103 5.95
12 104 6.92
12 105 7.87
12 106 8.79
12 107 9.70
12 108 10.62
12 109 11.62
12 110 3.44
12 111 4.50
12 112 5.52
12 113 6.52
12 114 7.50
12 115 8.47
12 116 9.44
12 117 10.48
12 118 11.48
12 119 2.96
12 120 3.90
12 121 4.90
12 122 5.90
12 123 6.90
12 124 7.90
12 125 8.92
12 126 10.06
12 127 11.05
12 128 2.39
12 129 3.16
12 130 4.11
12 131 5.09
12 132 6.10
12 133 7.11
12 134 8.16
12 135 9.39
12 136 10.36
12 137 1.79
12 138 2.30
12 139 3.18
12 140 4.15
12 141 5.15
12 142 6.17
12 143 7.24
12 144 8.52
12 145 9.47
12 146 5.93
13 1 2.16
13 2 2.00
13 3 1.22
13 4 1.36
13 5 2.14
13 6 3.10
13 7 4.12
13 8 5.22
13 9 6.62
13 10 7.53
13 11 2.12
13 12 1.03
13 13 0.00
13 14 1.00
13 15 2.00
13 16 3.01
13 17 4.06
13 18 5.36
13 19 6.30
13 20 2.56
13 21 1.82
13 22 1.36
13 23 1.42
13 24 1.96
13 25 2.70
13 26 3.54
13 27 4.54
13 28 5.54
13 29 3.14
13 30 2.82
13 31 2.67
13 32 2.74
13 33 3.02
13 34 3.46
13 35 3.99
13 36 4.56
13 37 5.55
13 38 3.74
13 39 3.78
13 40 3.89
13 41 4.08
13 42 4.38
13 43 4.74
13 44 5.12
13 45 5.39
13 46 6.33
13 47 4.27
13 48 4.63
13 49 4.95
13 50 5.31
13 51 5.69
13 52 6.10
13 53 6.47
13 54 6.65
13 55 7.56
13 56 4.70
13 57 5.32
13 58 5.84
13 59 6.35
13 60 6.86
13 61 7.35
13 62 7.79
13 63 8.01
13 64 8.92
13 65 4.99
13 66 5.82
13 67 6.52
13 68 7.17
13 69 7.79
13 70 8.39
13 71 8.93
13 72 9.27
13 73 10.20
13 74 5.13
13 75 6.11
13 76 6.95
13 77 7.73
13 78 8.47
13 79 9.17
13 80 9.82
13 81 10.31
13 82 11.27
13 83 5.11
13 84 6.19
13 85 7.13
13 86 8.01
13 87 8.85
13 88 9.65
13 89 10.41
13 90 11.07
13 91 12.05
13 92 4.93
13 93 6.04
13 94 7.05
13 95 8.00
13 96 8.91
13 97 9.80
13 98 10.66
13 99 11.48
13 100 12.48
13 101 4.60
13 102 5.68
13 103 6.70
13 104 7.70
13 105 8.66
13 106 9.62
13 107 10.57
13 108 11.55
13 109 12.55
13 110 4.14
13 111 5.11
13 112 6.11
13 113 7.12
13 114 8.11
13 115 9.11
13 116 10.12
13 117 11.25
13 118 12.24
13 119 3.59
13 120 4.37
13 121 5.30
13 122 6.28
13 123 7.28
13 124 8.30
13 125 9.36
13 126 10.60
13 127 11.57
13 128 2.99
13 129 3.48
13 130 4.29
13 131 5.22
13 132 6.21
13 133 7.23
13 134 8.32
13 135 9.65
13 136 10.59
13 137 2.43
13 138 2.50
13 139 3.13
13 140 3.99
13 141 4.95
13 142 5.97
13 143 7.07
13 144 8.45
13 145 9.37
13 146 6.74
14 1 2.99
14 2 2.90
14 3 1.92
14 4 1.43
14 5 1.71
14 6 2.49
14 7 3.46
14 8 4.57
14 9 6.05
14 10 6.91
14 11 3.10
14 12 2.02
14 13 1.00
14 14 0.00
14 15 1.00
14 16 2.02
14 17 3.10
14 18 4.47
14 19 5.39
14 20 3.56
14 21 2.80
14 22 2.15
14 23 1.71
14 24 1.66
14 25 2.04
14 26 2.68
14 27 3.56
14 28 4.56
14 29 4.15
14 30 3.79
14 31 3.51
14 32 3.35
14 33 3.35
14 34 3.50
14 35 3.74
14 36 3.97
14 37 4.92
14 38 4.74
14 39 4.76
14 40 4.79
14 41 4.87
14 42 5.01
14 43 5.20
14 44 5.39
14 45 5.36
14 46 6.23
14 47 5.27
14 48 5.63
14 49 5.92
14 50 6.21
14 51 6.52
14 52 6.82
14 53 7.08
14 54 7.06
14 55 7.91
14 56 5.68
14 57 6.32
14 58 6.84
14 59 7.33
14 60 7.79
14 61 8.24
14 62 8.61
14 63 8.71
14 64 9.58
14 65 5.94
14 66 6.80
14 67 7.52
14 68 8.17
14 69 8.79
14 70 9.37
14 71 9.88
14 72 10.15
14 73 11.06
14 74 6.04
14 75 7.06
14 76 7.92
14 77 8.72
14 78 9.47
14 79 10.18
14 80 10.82
14 81 11.29
14 82 12.25
14 83 5.97
14 84 7.07
14 85 8.04
14 86 8.94
14 87 9.80
14 88 10.62
14 89 11.40
14 90 12.07
14 91 13.05
14 92 5.74
14 93 6.84
14 94 7.86
14 95 8.83
14 96 9.77
14 97 10.69
14 98 11.58
14 99 12.44
14 100 13.44
14 101 5.35
14 102 6.38
14 103 7.40
14 104 8.41
14 105 9.39
14 106 10.37
14 107 11.35
14 108 12.39
14 109 13.39
14 110 4.84
14 111 5.71
14 112 6.68
14 113 7.67
14 114 8.67
14 115 9.69
14 116 10.73
14 117 11.93
14 118 12.91
14 119 4.26
14 120 4.87
14 121 5.71
14 122 6.65
14 123 7.63
14 124 8.66
14 125 9.75
14 126 11.07
14 127 12.01
14 128 3.67
14 129 3.90
14 130 4.55
14 131 5.38
14 132 6.32
14 133 7.34
14 134 8.44
14 135 9.85
14 136 10.76
14 137 3.17
14 138 2.91
14 139 3.24
14 140 3.92
14 141 4.79
14 142 5.78
14 143 6.89
14 144 8.36
14 145 9.22
14 146 7.49
15 1 3.95
15 2 3.81
15 3 2.74
15 4 1.96
15 5 1.66
15 6 2.05
15 7 2.87
15 8 3.94
15 9 5.49
15 10 6.27
15 11 4.06
15 12 3.01
15 13 2.00
15 14 1.00
15 15 0.00
15 16 1.03
15 17 2.12
15 18 3.57
15 19 4.44
15 20 4.55
15 21 3.80
15 22 3.10
15 23 2.49
15 24 2.05
15 25 1.89
15 26 2.09
15 27 2.64
15 28 3.64
15 29 5.14
15 30 4.79
15 31 4.46
15 32 4.19
15 33 4.01
15 34 3.93
15 35 3.89
15 36 3.71
15 37 4.57
15 38 5.73
15 39 5.77
15 40 5.77
15 41 5.79
15 42 5.84
15 43 5.91
15 44 5.94
15 45 5.66
15 46 6.43
15 47 6.24
15 48 6.63
15 49 6.92
15 50 7.18
15 51 7.44
15 52 7.69
15 53 7.86
15 54 7.69
15 55 8.48
15 56 6.63
15 57 7.30
15 58 7.84
15 59 8.33
15 60 8.78
15 61 9.19
15 62 9.53
15 63 9.54
15 64 10.39
15 65 6.87
15 66 7.76
15 67 8.50
15 68 9.17
15 69 9.79
15 70 10.37
15 71 10.87
15 72 11.10
15 73 12.01
15 74 6.93
15 75 7.97
15 76 8.86
15 77 9.67
15 78 10.44
15 79 11.17
15 80 11.82
15 81 12.29
15 82 13.24
15 83 6.81
15 84 7.92
15 85 8.91
15 86 9.83
15 87 10.71
15 88 11.56
15 89 12.35
15 90 13.05
15 91 14.04
15 92 6.53
15 93 7.61
15 94 8.64
15 95 9.63
15 96 10.59
15 97 11.52
15 98 12.44
15 99 13.35
15 100 14.35
15 101 6.09
15 102 7.07
15 103 8.07
15 104 9.07
15 105 10.07
15 106 11.07
15 107 12.08
15 108 13.18
15 109 14.18
15 110 5.55
15 111 6.32
15 112 7.22
15 113 8.19
15 114 9.19
15 115 10.21
15 116 11.29
15 117 12.55
15 118 13.51
15 119 4.95
15 120 5.40
15 121 6.14
15 122 7.01
15 123 7.97
15 124 8.98
15 125 10.09
15 126 11.48
15 127 12.39
15 128 4.38
15 129 4.40
15 130 4.87
15 131 5.58
15 132 6.45
15 133 7.43
15 134 8.54
15 135 10.02
15 136 10.88
15 137 3.95
15 138 3.46
15 139 3.51
15 140 3.97
15 141 4.70
15 142 5.61
15 143 6.70
15 144 8.23
15 145 9.04
15 146 8.21
16 1 4.98
16 2 4.71
16 3 3.62
16 4 2.70
16 5 2.04
16 6 1.89
16 7 2.38
16 8 3.33
16 9 4.90
16 10 5.58
16 11 5.02
16 12 4.00
16 13 3.01
16 14 2.02
16 15 1.03
16 16 0.00
16 17 1.11
16 18 2.62
16 19 3.45
16 20 5.53
16 21 4.82
16 22 4.12
16 23 3.46
16 24 2.87
16 25 2.38
16 26 2.05
16 27 1.92
16 28 2.88
16 29 6.13
16 30 5.81
16 31 5.48
16 32 5.17
16 33 4.90
16 34 4.67
16 35 4.43
16 36 3.87
16 37 4.58
16 38 6.71
16 39 6.79
16 40 6.79
16 41 6.79
16 42 6.80
16 43 6.79
16 44 6.72
16 45 6.25
16 46 6.93
16 47 7.21
16 48 7.63
16 49 7.94
16 50 8.21
16 51 8.45
16 52 8.66
16 53 8.78
16 54 8.51
16 55 9.25
16 56 7.57
16 57 8.29
16 58 8.85
16 59 9.35
16 60 9.81
16 61 10.22
16 62 10.53
16 63 10.50
16 64 11.32
16 65 7.77
16 66 8.70
16 67 9.47
16 68 10.16
16 69 10.80
16 70 11.39
16 71 11.89
16 72 12.12
16 73 13.02
16 74 7.79
16 75 8.86
16 76 9.77
16 77 10.62
16 78 11.41
16 79 12.15
16 80 12.83
16 81 13.31
16 82 14.27
16 83 7.63
16 84 8.74
16 85 9.74
16 86 10.69
16 87 11.59
16 88 12.46
16 89 13.29
16 90 14.03
16 91 15.02
16 92 7.30
16 93 8.36
16 94 9.38
16 95 10.38
16 96 11.36
16 97 12.32
16 98 13.27
16 99 14.23
16 100 15.23
16 101 6.82
16 102 7.73
16 103 8.71
16 104 9.70
16 105 10.71
16 106 11.72
16 107 12.76
16 108 13.92
16 109 14.91
16 110 6.25
16 111 6.91
16 112 7.75
16 113 8.68
16 114 9.66
16 115 10.69
16 116 11.78
16 117 13.11
16 118 14.06
16 119 5.65
16 120 5.95
16 121 6.57
16 122 7.36
16 123 8.27
16 124 9.27
16 125 10.38
16 126 11.83
16 127 12.71
16 128 5.12
16 129 4.95
16 130 5.24
16 131 5.81
16 132 6.58
16 133 7.50
16 134 8.60
16 135 10.12
16 136 10.93
16 137 4.76
16 138 4.09
16 139 3.90
16 140 4.11
16 141 4.66
16 142 5.47
16 143 6.51
16 144 8.07
16 145 8.80
16 146 8.89
17 1 6.08
17 2 5.64
17 3 4.53
17 4 3.54
17 5 2.68
17 6 2.09
17 7 2.05
17 8 2.71
17 9 4.23
17 10 4.78
17 11 6.00
17 12 5.02
17 13 4.06
17 14 3.10
17 15 2.12
17 16 1.11
17 17 0.00
17 18 1.57
17 19 2.34
17 20 6.53
17 21 5.89
17 22 5.23
17 23 4.57
17 24 3.94
17 25 3.33
17 26 2.71
17 27 1.83
17 28 2.54
17 29 7.13
17 30 6.88
17 31 6.58
17 32 6.28
17 33 5.98
17 34 5.69
17 35 5.32
17 36 4.52
17 37 5.07
17 38 7.70
17 39 7.84
17 40 7.89
17 41 7.90
17 42 7.90
17 43 7.87
17 44 7.74
17 45 7.15
17 46 7.76
17 47 8.18
17 48 8.67
17 49 9.01
17 50 9.31
17 51 9.56
17 52 9.77
17 53 9.87
17 54 9.55
17 55 10.26
17 56 8.51
17 57 9.28
17 58 9.88
17 59 10.42
17 60 10.90
17 61 11.32
17 62 11.64
17 63 11.60
17 64 12.41
17 65 8.67
17 66 9.64
17 67 10.44
17 68 11.17
17 69 11.84
17 70 12.46
17 71 12.98
17 72 13.23
17 73 14.13
17 74 8.63
17 75 9.72
17 76 10.67
17 77 11.54
17 78 12.36
17 79 13.14
17 80 13.85
17 81 14.38
17 82 15.33
17 83 8.42
17 84 9.52
17 85 10.54
17 86 11.51
17 87 12.44
17 88 13.34
17 89 14.20
17 90 14.99
17 91 15.99
17 92 8.03
17 93 9.06
17 94 10.07
17 95 11.08
17 96 12.07
17 97 13.05
17 98 14.03
17 99 15.07
17 100 16.06
17 101 7.52
17 102 8.35
17 103 9.29
17 104 10.26
17 105 11.26
17 106 12.29
17 107 13.35
17 108 14.59
17 109 15.56
17 110 6.93
17 111 7.47
17 112 8.23
17 113 9.10
17 114 10.06
17 115 11.07
17 116 12.18
17 117 13.57
17 118 14.49
17 119 6.34
17 120 6.47
17 121 6.96
17 122 7.66
17 123 8.50
17 124 9.46
17 125 10.56
17 126 12.06
17 127 12.90
17 128 5.85
17 129 5.51
17 130 5.60
17 131 6.01
17 132 6.66
17 133 7.50
17 134 8.55
17 135 10.11
17 136 10.85
17 137 5.57
17 138 4.76
17 139 4.35
17 140 4.31
17 141 4.64
17 142 5.28
17 143 6.23
17 144 7.80
17 145 8.43
17 146 9.51
18 1 7.46
18 2 6.66
18 3 5.57
18 4 4.54
18 5 3.56
18 6 2.64
18 7 1.92
18 8 1.83
18 9 3.05
18 10 3.39
18 11 7.10
18 12 6.23
18 13 5.36
18 14 4.47
18 15 3.57
18 16 2.62
18 17 1.57
18 18 0.00
18 19 1.00
18 20 7.67
18 21 7.17
18 22 6.62
18 23 6.05
18 24 5.49
18 25 4.90
18 26 4.23
18 27 3.05
18 28 3.39
18 29 8.27
18 30 8.17
18 31 7.98
18 32 7.76
18 33 7.52
18 34 7.26
18 35 6.88
18 36 5.99
18 37 6.43
18 38 8.81
18 39 9.09
18 40 9.24
18 41 9.34
18 42 9.40
18 43 9.41
18 44 9.31
18 45 8.71
18 46 9.30
18 47 9.24
18 48 9.84
18 49 10.29
18 50 10.66
18 51 10.99
18 52 11.25
18 53 11.40
18 54 11.11
18 55 11.83
18 56 9.50
18 57 10.36
18 58 11.05
18 59 11.66
18 60 12.21
18 61 12.70
18 62 13.08
18 63 13.11
18 64 13.94
18 65 9.57
18 66 10.60
18 67 11.48
18 68 12.27
18 69 13.01
18 70 13.68
18 71 14.28
18 72 14.62
18 73 15.53
18 74 9.45
18 75 10.56
18 76 11.55
18 77 12.47
18 78 13.35
18 79 14.18
18 80 14.95
18 81 15.59
18 82 16.57
18 83 9.15
18 84 10.23
18 85 11.26
18 86 12.25
18 87 13.22
18 88 14.16
18 89 15.08
18 90 15.99
18 91 16.99
18 92 8.70
18 93 9.64
18 94 10.62
18 95 11.62
18 96 12.62
18 97 13.63
18 98 14.66
18 99 15.80
18 100 16.79
18 101 8.14
18 102 8.83
18 103 9.68
18 104 10.60
18 105 11.58
18 106 12.61
18 107 13.70
18 108 15.04
18 109 15.98
18 110 7.54
18 111 7.87
18 112 8.49
18 113 9.26
18 114 10.15
18 115 11.13
18 116 12.24
18 117 13.71
18 118 14.58
18 119 6.99
18 120 6.87
18 121 7.14
18 122 7.67
18 123 8.39
18 124 9.27
18 125 10.34
18 126 11.89
18 127 12.65
18 128 6.59
18 129 6.00
18 130 5.82
18 131 5.97
18 132 6.40
18 133 7.09
18 134 8.06
18 135 9.63
18 136 10.26
18 137 6.43
18 138 5.46
18 139 4.78
18 140 4.40
18 141 4.38
18 142 4.73
18 143 5.50
18 144 7.01
18 145 7.51
18 146 9.97
19 1 8.38
19 2 7.66
19 3 6.56
19 4 5.54
19 5 4.56
19 6 3.64
19 7 2.88
19 8 2.54
19 9 3.39
19 10 3.43
19 11 8.09
19 12 7.20
19 13 6.30
19 14 5.39
19 15 4.44
19 16 3.45
19 17 2.34
19 18 1.00
19 19 0.00
19 20 8.66
19 21 8.12
19 22 7.53
19 23 6.91
19 24 6.27
19 25 5.58
19 26 4.78
19 27 3.39
19 28 3.44
19 29 9.26
19 30 9.12
19 31 8.89
19 32 8.62
19 33 8.31
19 34 7.96
19 35 7.48
19 36 6.44
19 37 6.74
19 38 9.80
19 39 10.06
19 40 10.17
19 41 10.23
19 42 10.24
19 43 10.19
19 44 10.01
19 45 9.30
19 46 9.80
19 47 10.23
19 48 10.82
19 49 11.25
19 50 11.60
19 51 11.89
19 52 12.11
19 53 12.20
19 54 11.83
19 55 12.50
19 56 10.50
19 57 11.35
19 58 12.03
19 59 12.63
19 60 13.16
19 61 13.62
19 62 13.97
19 63 13.94
19 64 14.74
19 65 10.57
19 66 11.60
19 67 12.48
19 68 13.26
19 69 13.99
19 70 14.66
19 71 15.23
19 72 15.54
19 73 16.44
19 74 10.45
19 75 11.56
19 76 12.55
19 77 13.47
19 78 14.35
19 79 15.18
19 80 15.95
19 81 16.57
19 82 17.54
19 83 10.15
19 84 11.22
19 85 12.25
19 86 13.24
19 87 14.21
19 88 15.16
19 89 16.08
19 90 16.99
19 91 17.99
19 92 9.69
19 93 10.62
19 94 11.59
19 95 12.58
19 96 13.59
19 97 14.60
19 98 15.64
19 99 16.79
19 100 17.78
19 101 9.12
19 102 9.79
19 103 10.62
19 104 11.53
19 105 12.50
19 106 13.53
19 107 14.63
19 108 15.98
19 109 16.91
19 110 8.52
19 111 8.82
19 112 9.40
19 113 10.15
19 114 11.01
19 115 11.98
19 116 13.09
19 117 14.58
19 118 15.43
19 119 7.98
19 120 7.83
19 121 8.05
19 122 8.53
19 123 9.20
19 124 10.04
19 125 11.09
19 126 12.65
19 127 13.38
19 128 7.58
19 129 6.97
19 130 6.74
19 131 6.82
19 132 7.18
19 133 7.80
19 134 8.70
19 135 10.26
19 136 10.83
19 137 7.43
19 138 6.45
19 139 5.76
19 140 5.32
19 141 5.19
19 142 5.42
19 143 6.06
19 144 7.51
19 145 7.89
19 146 10.93
20 1 1.87
20 2 1.18
20 3 2.13
20 4 3.14
20 5 4.15
20 6 5.14
20 7 6.12
20 8 7.13
20 9 8.27
20 10 9.26
20 11 0.60
20 12 1.54
20 13 2.56
20 14 3.56
20 15 4.55
20 16 5.53
20 17 6.53
20 18 7.67
20 19 8.66
20 20 0.00
20 21 1.11
20 22 2.12
20 23 3.10
20 24 4.06
20 25 5.02
20 26 6.00
20 27 7.10
20 28 8.09
20 29 0.60
20 30 1.13
20 31 2.00
20 32 2.90
20 33 3.81
20 34 4.71
20 35 5.64
20 36 6.66
20 37 7.66
20 38 1.18
20 39 1.58
20 40 2.27
20 41 3.04
20 42 3.86
20 43 4.69
20 44 5.54
20 45 6.44
20 46 7.44
20 47 1.71
20 48 2.17
20 49 2.78
20 50 3.47
20 51 4.20
20 52 4.96
20 53 5.72
20 54 6.50
20 55 7.50
20 56 2.18
20 57 2.76
20 58 3.38
20 59 4.04
20 60 4.73
20 61 5.44
20 62 6.15
20 63 6.82
20 64 7.81
20 65 2.58
20 66 3.28
20 67 3.95
20 68 4.64
20 69 5.33
20 70 6.03
20 71 6.71
20 72 7.33
20 73 8.31
20 74 2.87
20 75 3.70
20 76 4.45
20 77 5.18
20 78 5.90
20 79 6.62
20 80 7.31
20 81 7.92
20 82 8.90
20 83 3.06
20 84 4.00
20 85 4.83
20 86 5.61
20 87 6.38
20 88 7.14
20 89 7.86
20 90 8.51
20 91 9.49
20 92 3.14
20 93 4.16
20 94 5.06
20 95 5.91
20 96 6.73
20 97 7.53
20 98 8.30
20 99 9.00
20 100 9.99
20 101 3.11
20 102 4.18
20 103 5.14
20 104 6.04
20 105 6.91
20 106 7.75
20 107 8.58
20 108 9.36
20 109 10.36
20 110 2.95
20 111 4.06
20 112 5.06
20 113 6.00
20 114 6.91
20 115 7.80
20 116 8.68
20 117 9.55
20 118 10.55
20 119 2.69
20 120 3.80
20 121 4.82
20 122 5.79
20 123 6.74
20 124 7.67
20 125 8.59
20 126 9.55
20 127 10.54
20 128 2.34
20 129 3.41
20 130 4.44
20 131 5.43
20 132 6.40
20 133 7.36
20 134 8.32
20 135 9.35
20 136 10.35
20 137 1.89
20 138 2.92
20 139 3.94
20 140 4.94
20 141 5.92
20 142 6.90
20 143 7.89
20 144 8.98
20 145 9.97
20 146 5.00
21 1 0.88
21 2 1.58
21 3 1.96
21 4 2.82
21 5 3.79
21 6 4.79
21 7 5.81
21 8 6.88
21 9 8.17
21 10 9.12
21 11 1.13
21 12 1.00
21 13 1.82
21 14 2.80
21 15 3.80
21 16 4.82
21 17 5.89
21 18 7.17
21 19 8.12
21 20 1.11
21 21 0.00
21 22 1.03
21 23 2.02
21 24 3.01
21 25 4.00
21 26 5.02
21 27 6.23
21 28 7.20
21 29 1.54
21 30 1.00
21 31 1.22
21 32 1.92
21 33 2.74
21 34 3.62
21 35 4.53
21 36 5.57
21 37 6.56
21 38 2.13
21 39 1.96
21 40 2.13
21 41 2.57
21 42 3.18
21 43 3.86
21 44 4.60
21 45 5.39
21 46 6.39
21 47 2.72
21 48 2.86
21 49 3.13
21 50 3.54
21 51 4.04
21 52 4.61
21 53 5.20
21 54 5.75
21 55 6.73
21 56 3.24
21 57 3.64
21 58 4.06
21 59 4.53
21 60 5.04
21 61 5.58
21 62 6.11
21 63 6.53
21 64 7.49
21 65 3.67
21 66 4.30
21 67 4.86
21 68 5.43
21 69 6.00
21 70 6.57
21 71 7.11
21 72 7.50
21 73 8.46
21 74 3.98
21 75 4.79
21 76 5.49
21 77 6.16
21 78 6.82
21 79 7.46
21 80 8.05
21 81 8.49
21 82 9.45
21 83 4.16
21 84 5.11
21 85 5.93
21 86 6.70
21 87 7.44
21 88 8.16
21 89 8.83
21 90 9.37
21 91 10.34
21 92 4.19
21 93 5.24
21 94 6.16
21 95 7.02
21 96 7.84
21 97 8.63
21 98 9.38
21 99 10.04
21 100 11.03
21 101 4.08
21 102 5.18
21 103 6.16
21 104 7.09
21 105 7.98
21 106 8.85
21 107 9.68
21 108 10.47
21 109 11.47
21 110 3.82
21 111 4.93
21 112 5.95
21 113 6.92
21 114 7.87
21 115 8.79
21 116 9.70
21 117 10.62
21 118 11.62
21 119 3.44
21 120 4.50
21 121 5.52
21 122 6.52
21 123 7.50
21 124 8.47
21 125 9.44
21 126 10.48
21 127 11.48
21 128 2.96
21 129 3.90
21 130 4.90
21 131 5.90
21 132 6.90
21 133 7.90
21 134 8.92
21 135 10.06
21 136 11.04
21 137 2.39
21 138 3.16
21 139 4.10
21 140 5.09
21 141 6.10
21 142 7.11
21 143 8.16
21 144 9.39
21 145 10.36
21 146 6.06
22 1 0.85
22 2 2.27
22 3 2.13
22 4 2.67
22 5 3.51
22 6 4.46
22 7 5.48
22 8 6.58
22 9 7.98
22 10 8.89
22 11 2.00
22 12 1.22
22 13 1.36
22 14 2.15
22 15 3.10
22 16 4.12
22 17 5.23
22 18 6.62
22 19 7.53
22 20 2.12
22 21 1.03
22 22 0.00
22 23 1.00
22 24 2.00
22 25 3.01
22 26 4.06
22 27 5.36
22 28 6.30
22 29 2.56
22 30 1.82
22 31 1.36
22 32 1.42
22 33 1.96
22 34 2.70
22 35 3.54
22 36 4.54
22 37 5.54
22 38 3.14
22 39 2.82
22 40 2.67
22 41 2.74
22 42 3.02
22 43 3.46
22 44 3.99
22 45 4.56
22 46 5.55
22 47 3.74
22 48 3.78
22 49 3.88
22 50 4.08
22 51 4.38
22 52 4.74
22 53 5.12
22 54 5.39
22 55 6.33
22 56 4.27
22 57 4.63
22 58 4.95
22 59 5.31
22 60 5.69
22 61 6.09
22 62 6.47
22 63 6.65
22 64 7.56
22 65 4.70
22 66 5.31
22 67 5.84
22 68 6.35
22 69 6.85
22 70 7.35
22 71 7.79
22 72 8.01
22 73 8.92
22 74 4.99
22 75 5.82
22 76 6.52
22 77 7.17
22 78 7.79
22 79 8.39
22 80 8.93
22 81 9.27
22 82 10.20
22 83 5.13
22 84 6.11
22 85 6.95
22 86 7.73
22 87 8.47
22 88 9.17
22 89 9.82
22 90 10.31
22 91 11.27
22 92 5.11
22 93 6.19
22 94 7.13
22 95 8.01
22 96 8.85
22 97 9.65
22 98 10.41
22 99 11.06
22 100 12.05
22 101 4.93
22 102 6.04
22 103 7.04
22 104 8.00
22 105 8.91
22 106 9.80
22 107 10.66
22 108 11.49
22 109 12.48
22 110 4.60
22 111 5.68
22 112 6.70
22 113 7.69
22 114 8.66
22 115 9.62
22 116 10.56
22 117 11.55
22 118 12.55
22 119 4.15
22 120 5.11
22 121 6.11
22 122 7.12
22 123 8.11
22 124 9.11
22 125 10.12
22 126 11.25
22 127 12.24
22 128 3.59
22 129 4.37
22 130 5.30
22 131 6.28
22 132 7.28
22 133 8.30
22 134 9.36
22 135 10.60
22 136 11.57
22 137 2.99
22 138 3.48
22 139 4.29
22 140 5.22
22 141 6.21
22 142 7.23
22 143 8.32
22 144 9.65
22 145 10.59
22 146 6.98
23 1 1.71
23 2 3.04
23 3 2.57
23 4 2.74
23 5 3.35
23 6 4.19
23 7 5.17
23 8 6.28
23 9 7.76
23 10 8.61
23 11 2.90
23 12 1.91
23 13 1.42
23 14 1.71
23 15 2.49
23 16 3.46
23 17 4.57
23 18 6.05
23 19 6.91
23 20 3.10
23 21 2.02
23 22 1.00
23 23 0.00
23 24 1.00
23 25 2.02
23 26 3.10
23 27 4.47
23 28 5.39
23 29 3.56
23 30 2.80
23 31 2.14
23 32 1.71
23 33 1.66
23 34 2.04
23 35 2.68
23 36 3.56
23 37 4.56
23 38 4.15
23 39 3.79
23 40 3.51
23 41 3.35
23 42 3.35
23 43 3.50
23 44 3.74
23 45 3.97
23 46 4.92
23 47 4.74
23 48 4.76
23 49 4.79
23 50 4.87
23 51 5.01
23 52 5.20
23 53 5.39
23 54 5.36
23 55 6.23
23 56 5.27
23 57 5.63
23 58 5.92
23 59 6.21
23 60 6.52
23 61 6.82
23 62 7.08
23 63 7.06
23 64 7.91
23 65 5.68
23 66 6.32
23 67 6.84
23 68 7.33
23 69 7.79
23 70 8.23
23 71 8.61
23 72 8.71
23 73 9.58
23 74 5.94
23 75 6.80
23 76 7.52
23 77 8.17
23 78 8.79
23 79 9.37
23 80 9.88
23 81 10.15
23 82 11.06
23 83 6.04
23 84 7.06
23 85 7.92
23 86 8.71
23 87 9.47
23 88 10.18
23 89 10.82
23 90 11.29
23 91 12.24
23 92 5.97
23 93 7.07
23 94 8.04
23 95 8.94
23 96 9.80
23 97 10.62
23 98 11.40
23 99 12.07
23 100 13.05
23 101 5.74
23 102 6.84
23 103 7.86
23 104 8.83
23 105 9.77
23 106 10.69
23 107 11.58
23 108 12.44
23 109 13.44
23 110 5.35
23 111 6.38
23 112 7.40
23 113 8.40
23 114 9.39
23 115 10.37
23 116 11.35
23 117 12.39
23 118 13.39
23 119 4.84
23 120 5.71
23 121 6.68
23 122 7.67
23 123 8.67
23 124 9.68
23 125 10.73
23 126 11.93
23 127 12.91
23 128 4.26
23 129 4.87
23 130 5.71
23 131 6.65
23 132 7.63
23 133 8.66
23 134 9.75
23 135 11.07
23 136 12.01
23 137 3.67
23 138 3.90
23 139 4.55
23 140 5.38
23 141 6.32
23 142 7.33
23 143 8.44
23 144 9.85
23 145 10.76
23 146 7.84
24 1 2.70
24 2 3.86
24 3 3.18
24 4 3.03
24 5 3.35
24 6 4.02
24 7 4.90
24 8 5.98
24 9 7.52
24 10 8.31
24 11 3.81
24 12 2.74
24 13 1.96
24 14 1.66
24 15 2.05
24 16 2.87
24 17 3.94
24 18 5.49
24 19 6.27
24 20 4.06
24 21 3.01
24 22 2.00
24 23 1.00
24 24 0.00
24 25 1.03
24 26 2.12
24 27 3.57
24 28 4.44
24 29 4.55
24 30 3.80
24 31 3.10
24 32 2.49
24 33 2.04
24 34 1.89
24 35 2.09
24 36 2.64
24 37 3.64
24 38 5.14
24 39 4.79
24 40 4.46
24 41 4.19
24 42 4.02
24 43 3.93
24 44 3.89
24 45 3.71
24 46 4.57
24 47 5.73
24 48 5.77
24 49 5.77
24 50 5.79
24 51 5.84
24 52 5.91
24 53 5.94
24 54 5.66
24 55 6.43
24 56 6.24
24 57 6.63
24 58 6.92
24 59 7.19
24 60 7.45
24 61 7.69
24 62 7.86
24 63 7.69
24 64 8.48
24 65 6.63
24 66 7.31
24 67 7.84
24 68 8.33
24 69 8.78
24 70 9.19
24 71 9.53
24 72 9.54
24 73 10.39
24 74 6.87
24 75 7.76
24 76 8.50
24 77 9.17
24 78 9.79
24 79 10.37
24 80 10.87
24 81 11.11
24 82 12.01
24 83 6.93
24 84 7.97
24 85 8.86
24 86 9.68
24 87 10.44
24 88 11.17
24 89 11.82
24 90 12.29
24 91 13.24
24 92 6.81
24 93 7.92
24 94 8.91
24 95 9.83
24 96 10.71
24 97 11.56
24 98 12.36
24 99 13.05
24 100 14.04
24 101 6.53
24 102 7.61
24 103 8.64
24 104 9.63
24 105 10.59
24 106 11.52
24 107 12.44
24 108 13.36
24 109 14.35
24 110 6.09
24 111 7.07
24 112 8.07
24 113 9.07
24 114 10.07
24 115 11.07
24 116 12.08
24 117 13.18
24 118 14.18
24 119 5.55
24 120 6.32
24 121 7.23
24 122 8.19
24 123 9.19
24 124 10.21
24 125 11.29
24 126 12.55
24 127 13.51
24 128 4.95
24 129 5.40
24 130 6.14
24 131 7.01
24 132 7.97
24 133 8.98
24 134 10.09
24 135 11.48
24 136 12.40
24 137 4.38
24 138 4.40
24 139 4.87
24 140 5.58
24 141 6.45
24 142 7.43
24 143 8.54
24 144 10.02
24 145 10.88
24 146 8.65
25 1 3.72
25 2 4.69
25 3 3.86
25 4 3.46
25 5 3.50
25 6 3.93
25 7 4.67
25 8 5.69
25 9 7.26
25 10 7.96
25 11 4.71
25 12 3.62
25 13 2.70
25 14 2.04
25 15 1.89
25 16 2.38
25 17 3.33
25 18 4.90
25 19 5.58
25 20 5.02
25 21 4.00
25 22 3.01
25 23 2.02
25 24 1.03
25 25 0.00
25 26 1.11
25 27 2.62
25 28 3.45
25 29 5.53
25 30 4.82
25 31 4.12
25 32 3.46
25 33 2.87
25 34 2.38
25 35 2.05
25 36 1.92
25 37 2.88
25 38 6.12
25 39 5.81
25 40 5.48
25 41 5.17
25 42 4.90
25 43 4.67
25 44 4.43
25 45 3.87
25 46 4.58
25 47 6.71
25 48 6.79
25 49 6.79
25 50 6.79
25 51 6.80
25 52 6.79
25 53 6.72
25 54 6.25
25 55 6.93
25 56 7.21
25 57 7.63
25 58 7.94
25 59 8.21
25 60 8.45
25 61 8.66
25 62 8.78
25 63 8.51
25 64 9.25
25 65 7.57
25 66 8.29
25 67 8.85
25 68 9.35
25 69 9.81
25 70 10.21
25 71 10.53
25 72 10.50
25 73 11.32
25 74 7.77
25 75 8.70
25 76 9.47
25 77 10.16
25 78 10.80
25 79 11.39
25 80 11.90
25 81 12.12
25 82 13.02
25 83 7.79
25 84 8.86
25 85 9.77
25 86 10.62
25 87 11.41
25 88 12.15
25 89 12.83
25 90 13.31
25 91 14.27
25 92 7.63
25 93 8.74
25 94 9.74
25 95 10.69
25 96 11.59
25 97 12.46
25 98 13.29
25 99 14.03
25 100 15.02
25 101 7.30
25 102 8.36
25 103 9.38
25 104 10.38
25 105 11.36
25 106 12.32
25 107 13.27
25 108 14.23
25 109 15.23
25 110 6.82
25 111 7.73
25 112 8.71
25 113 9.70
25 114 10.70
25 115 11.72
25 116 12.76
25 117 13.92
25 118 14.91
25 119 6.25
25 120 6.91
25 121 7.75
25 122 8.68
25 123 9.66
25 124 10.69
25 125 11.78
25 126 13.11
25 127 14.05
25 128 5.65
25 129 5.95
25 130 6.57
25 131 7.36
25 132 8.27
25 133 9.27
25 134 10.38
25 135 11.83
25 136 12.71
25 137 5.12
25 138 4.95
25 139 5.24
25 140 5.81
25 141 6.58
25 142 7.50
25 143 8.60
25 144 10.12
25 145 10.93
25 146 9.44
26 1 4.81
26 2 5.54
26 3 4.60
26 4 3.99
26 5 3.74
26 6 3.89
26 7 4.42
26 8 5.32
26 9 6.88
26 10 7.48
26 11 5.64
26 12 4.53
26 13 3.54
26 14 2.68
26 15 2.09
26 16 2.05
26 17 2.71
26 18 4.23
26 19 4.78
26 20 6.00
26 21 5.02
26 22 4.06
26 23 3.10
26 24 2.12
26 25 1.11
26 26 0.00
26 27 1.57
26 28 2.34
26 29 6.53
26 30 5.89
26 31 5.23
26 32 4.57
26 33 3.94
26 34 3.33
26 35 2.71
26 36 1.83
26 37 2.54
26 38 7.13
26 39 6.88
26 40 6.58
26 41 6.28
26 42 5.98
26 43 5.69
26 44 5.32
26 45 4.52
26 46 5.07
26 47 7.70
26 48 7.85
26 49 7.89
26 50 7.90
26 51 7.90
26 52 7.87
26 53 7.74
26 54 7.15
26 55 7.76
26 56 8.18
26 57 8.67
26 58 9.02
26 59 9.31
26 60 9.56
26 61 9.77
26 62 9.87
26 63 9.55
26 64 10.26
26 65 8.51
26 66 9.28
26 67 9.88
26 68 10.42
26 69 10.89
26 70 11.32
26 71 11.64
26 72 11.60
26 73 12.41
26 74 8.67
26 75 9.64
26 76 10.44
26 77 11.17
26 78 11.84
26 79 12.46
26 80 12.98
26 81 13.23
26 82 14.13
26 83 8.63
26 84 9.72
26 85 10.67
26 86 11.54
26 87 12.36
26 88 13.14
26 89 13.84
26 90 14.37
26 91 15.33
26 92 8.42
26 93 9.52
26 94 10.54
26 95 11.51
26 96 12.44
26 97 13.34
26 98 14.20
26 99 14.99
26 100 15.99
26 101 8.04
26 102 9.06
26 103 10.07
26 104 11.08
26 105 12.07
26 106 13.05
26 107 14.03
26 108 15.07
26 109 16.06
26 110 7.52
26 111 8.35
26 112 9.29
26 113 10.26
26 114 11.26
26 115 12.29
26 116 13.35
26 117 14.59
26 118 15.56
26 119 6.93
26 120 7.47
26 121 8.23
26 122 9.10
26 123 10.06
26 124 11.07
26 125 12.18
26 126 13.57
26 127 14.49
26 128 6.34
26 129 6.47
26 130 6.96
26 131 7.66
26 132 8.50
26 133 9.46
26 134 10.56
26 135 12.06
26 136 12.90
26 137 5.85
26 138 5.51
26 139 5.60
26 140 6.01
26 141 6.66
26 142 7.50
26 143 8.55
26 144 10.11
26 145 10.85
26 146 10.17
27 1 6.16
27 2 6.44
27 3 5.39
27 4 4.56
27 5 3.97
27 6 3.71
27 7 3.87
27 8 4.52
27 9 5.99
27 10 6.44
27 11 6.66
27 12 5.57
27 13 4.54
27 14 3.56
27 15 2.64
27 16 1.92
27 17 1.83
27 18 3.05
27 19 3.39
27 20 7.10
27 21 6.23
27 22 5.36
27 23 4.47
27 24 3.57
27 25 2.62
27 26 1.57
27 27 0.00
27 28 1.00
27 29 7.68
27 30 7.17
27 31 6.62
27 32 6.05
27 33 5.49
27 34 4.90
27 35 4.23
27 36 3.05
27 37 3.39
27 38 8.27
27 39 8.17
27 40 7.98
27 41 7.76
27 42 7.52
27 43 7.26
27 44 6.88
27 45 5.99
27 46 6.44
27 47 8.81
27 48 9.09
27 49 9.24
27 50 9.34
27 51 9.40
27 52 9.41
27 53 9.31
27 54 8.71
27 55 9.30
27 56 9.24
27 57 9.84
27 58 10.29
27 59 10.67
27 60 10.99
27 61 11.25
27 62 11.40
27 63 11.11
27 64 11.83
27 65 9.50
27 66 10.36
27 67 11.05
27 68 11.66
27 69 12.21
27 70 12.70
27 71 13.08
27 72 13.11
27 73 13.94
27 74 9.57
27 75 10.60
27 76 11.48
27 77 12.27
27 78 13.01
27 79 13.69
27 80 14.28
27 81 14.62
27 82 15.54
27 83 9.45
27 84 10.56
27 85 11.55
27 86 12.47
27 87 13.35
27 88 14.18
27 89 14.95
27 90 15.59
27 91 16.57
27 92 9.15
27 93 10.23
27 94 11.26
27 95 12.25
27 96 13.22
27 97 14.16
27 98 15.08
27 99 15.99
27 100 16.99
27 101 8.70
27 102 9.64
27 103 10.62
27 104 11.62
27 105 12.62
27 106 13.63
27 107 14.66
27 108 15.80
27 109 16.79
27 110 8.14
27 111 8.83
27 112 9.68
27 113 10.60
27 114 11.58
27 115 12.61
27 116 13.70
27 117 15.03
27 118 15.98
27 119 7.54
27 120 7.87
27 121 8.49
27 122 9.26
27 123 10.15
27 124 11.13
27 125 12.24
27 126 13.71
27 127 14.58
27 128 6.99
27 129 6.87
27 130 7.14
27 131 7.67
27 132 8.39
27 133 9.27
27 134 10.34
27 135 11.89
27 136 12.65
27 137 6.59
27 138 6.00
27 139 5.82
27 140 5.97
27 141 6.40
27 142 7.09
27 143 8.06
27 144 9.63
27 145 10.26
27 146 10.79
28 1 7.09
28 2 7.44
28 3 6.39
28 4 5.55
28 5 4.92
28 6 4.57
28 7 4.58
28 8 5.07
28 9 6.44
28 10 6.74
28 11 7.66
28 12 6.56
28 13 5.54
28 14 4.56
28 15 3.64
28 16 2.88
28 17 2.54
28 18 3.39
28 19 3.44
28 20 8.09
28 21 7.20
28 22 6.30
28 23 5.39
28 24 4.44
28 25 3.45
28 26 2.34
28 27 1.00
28 28 0.00
28 29 8.66
28 30 8.12
28 31 7.53
28 32 6.91
28 33 6.27
28 34 5.58
28 35 4.78
28 36 3.39
28 37 3.43
28 38 9.26
28 39 9.12
28 40 8.89
28 41 8.61
28 42 8.31
28 43 7.96
28 44 7.48
28 45 6.44
28 46 6.74
28 47 9.80
28 48 10.06
28 49 10.17
28 50 10.23
28 51 10.24
28 52 10.19
28 53 10.01
28 54 9.30
28 55 9.80
28 56 10.23
28 57 10.82
28 58 11.25
28 59 11.60
28 60 11.89
28 61 12.11
28 62 12.20
28 63 11.83
28 64 12.50
28 65 10.50
28 66 11.35
28 67 12.03
28 68 12.63
28 69 13.16
28 70 13.62
28 71 13.97
28 72 13.94
28 73 14.74
28 74 10.57
28 75 11.60
28 76 12.48
28 77 13.26
28 78 13.99
28 79 14.66
28 80 15.23
28 81 15.54
28 82 16.44
28 83 10.45
28 84 11.56
28 85 12.55
28 86 13.47
28 87 14.35
28 88 15.18
28 89 15.95
28 90 16.57
28 91 17.54
28 92 10.15
28 93 11.22
28 94 12.25
28 95 13.24
28 96 14.21
28 97 15.16
28 98 16.08
28 99 16.99
28 100 17.99
28 101 9.69
28 102 10.61
28 103 11.59
28 104 12.58
28 105 13.59
28 106 14.60
28 107 15.64
28 108 16.79
28 109 17.78
28 110 9.12
28 111 9.79
28 112 10.62
28 113 11.53
28 114 12.50
28 115 13.53
28 116 14.63
28 117 15.98
28 118 16.91
28 119 8.52
28 120 8.82
28 121 9.40
28 122 10.15
28 123 11.01
28 124 11.98
28 125 13.09
28 126 14.58
28 127 15.43
28 128 7.98
28 129 7.83
28 130 8.05
28 131 8.53
28 132 9.20
28 133 10.04
28 134 11.09
28 135 12.65
28 136 13.38
28 137 7.58
28 138 6.97
28 139 6.74
28 140 6.82
28 141 7.18
28 142 7.79
28 143 8.70
28 144 10.26
28 145 10.83
28 146 11.77
29 1 2.14
29 2 1.71
29 3 2.72
29 4 3.74
29 5 4.74
29 6 5.73
29 7 6.71
29 8 7.70
29 9 8.82
29 10 9.80
29 11 1.18
29 12 2.13
29 13 3.14
29 14 4.15
29 15 5.14
29 16 6.13
29 17 7.13
29 18 8.27
29 19 9.26
29 20 0.60
29 21 1.54
29 22 2.56
29 23 3.56
29 24 4.55
29 25 5.53
29 26 6.53
29 27 7.68
29 28 8.66
29 29 0.00
29 30 1.11
29 31 2.12
29 32 3.10
29 33 4.06
29 34 5.02
29 35 6.00
29 36 7.10
29 37 8.09
29 38 0.60
29 39 1.13
29 40 2.00
29 41 2.90
29 42 3.81
29 43 4.71
29 44 5.64
29 45 6.66
29 46 7.66
29 47 1.18
29 48 1.58
29 49 2.26
29 50 3.04
29 51 3.86
29 52 4.69
29 53 5.54
29 54 6.44
29 55 7.44
29 56 1.71
29 57 2.17
29 58 2.78
29 59 3.47
29 60 4.20
29 61 4.96
29 62 5.72
29 63 6.50
29 64 7.50
29 65 2.18
29 66 2.76
29 67 3.38
29 68 4.04
29 69 4.73
29 70 5.44
29 71 6.15
29 72 6.82
29 73 7.81
29 74 2.58
29 75 3.28
29 76 3.95
29 77 4.64
29 78 5.33
29 79 6.03
29 80 6.71
29 81 7.33
29 82 8.31
29 83 2.87
29 84 3.70
29 85 4.45
29 86 5.18
29 87 5.90
29 88 6.62
29 89 7.31
29 90 7.92
29 91 8.90
29 92 3.06
29 93 4.00
29 94 4.83
29 95 5.61
29 96 6.38
29 97 7.14
29 98 7.86
29 99 8.50
29 100 9.49
29 101 3.14
29 102 4.16
29 103 5.06
29 104 5.91
29 105 6.73
29 106 7.53
29 107 8.30
29 108 9.00
29 109 10.00
29 110 3.11
29 111 4.19
29 112 5.14
29 113 6.04
29 114 6.91
29 115 7.75
29 116 8.58
29 117 9.36
29 118 10.36
29 119 2.96
29 120 4.06
29 121 5.06
29 122 6.00
29 123 6.91
29 124 7.80
29 125 8.68
29 126 9.55
29 127 10.55
29 128 2.70
29 129 3.80
29 130 4.82
29 131 5.79
29 132 6.74
29 133 7.67
29 134 8.59
29 135 9.55
29 136 10.55
29 137 2.34
29 138 3.41
29 139 4.44
29 140 5.43
29 141 6.40
29 142 7.36
29 143 8.32
29 144 9.35
29 145 10.35
29 146 4.87
30 1 1.16
30 2 2.17
30 3 2.86
30 4 3.78
30 5 4.76
30 6 5.77
30 7 6.79
30 8 7.85
30 9 9.09
30 10 10.06
30 11 1.58
30 12 1.96
30 13 2.82
30 14 3.79
30 15 4.79
30 16 5.81
30 17 6.88
30 18 8.17
30 19 9.12
30 20 1.13
30 21 1.00
30 22 1.82
30 23 2.80
30 24 3.80
30 25 4.82
30 26 5.89
30 27 7.17
30 28 8.12
30 29 1.11
30 30 0.00
30 31 1.03
30 32 2.02
30 33 3.01
30 34 4.00
30 35 5.02
30 36 6.23
30 37 7.20
30 38 1.54
30 39 1.00
30 40 1.22
30 41 1.91
30 42 2.74
30 43 3.62
30 44 4.53
30 45 5.57
30 46 6.56
30 47 2.13
30 48 1.97
30 49 2.13
30 50 2.57
30 51 3.17
30 52 3.86
30 53 4.60
30 54 5.39
30 55 6.39
30 56 2.72
30 57 2.86
30 58 3.13
30 59 3.54
30 60 4.04
30 61 4.61
30 62 5.20
30 63 5.75
30 64 6.73
30 65 3.24
30 66 3.64
30 67 4.06
30 68 4.53
30 69 5.04
30 70 5.58
30 71 6.11
30 72 6.53
30 73 7.49
30 74 3.67
30 75 4.30
30 76 4.86
30 77 5.43
30 78 6.00
30 79 6.57
30 80 7.11
30 81 7.51
30 82 8.46
30 83 3.98
30 84 4.79
30 85 5.49
30 86 6.16
30 87 6.82
30 88 7.45
30 89 8.05
30 90 8.49
30 91 9.45
30 92 4.16
30 93 5.11
30 94 5.93
30 95 6.70
30 96 7.44
30 97 8.16
30 98 8.83
30 99 9.37
30 100 10.34
30 101 4.19
30 102 5.24
30 103 6.16
30 104 7.02
30 105 7.84
30 106 8.63
30 107 9.38
30 108 10.05
30 109 11.03
30 110 4.08
30 111 5.18
30 112 6.16
30 113 7.09
30 114 7.98
30 115 8.85
30 116 9.68
30 117 10.47
30 118 11.47
30 119 3.82
30 120 4.93
30 121 5.95
30 122 6.92
30 123 7.87
30 124 8.79
30 125 9.70
30 126 10.62
30 127 11.62
30 128 3.45
30 129 4.50
30 130 5.52
30 131 6.52
30 132 7.50
30 133 8.47
30 134 9.44
30 135 10.48
30 136 11.48
30 137 2.96
30 138 3.90
30 139 4.90
30 140 5.90
30 141 6.90
30 142 7.90
30 143 8.92
30 144 10.06
30 145 11.05
30 146 5.98
31 1 0.52
31 2 2.78
31 3 3.13
31 4 3.89
31 5 4.79
31 6 5.77
31 7 6.79
31 8 7.89
31 9 9.24
31 10 10.17
31 11 2.27
31 12 2.13
31 13 2.67
31 14 3.51
31 15 4.46
31 16 5.48
31 17 6.58
31 18 7.98
31 19 8.89
31 20 2.00
31 21 1.22
31 22 1.36
31 23 2.14
31 24 3.10
31 25 4.12
31 26 5.23
31 27 6.62
31 28 7.53
31 29 2.12
31 30 1.03
31 31 0.00
31 32 1.00
31 33 2.00
31 34 3.01
31 35 4.06
31 36 5.36
31 37 6.30
31 38 2.56
31 39 1.82
31 40 1.36
31 41 1.42
31 42 1.96
31 43 2.70
31 44 3.54
31 45 4.54
31 46 5.54
31 47 3.14
31 48 2.82
31 49 2.67
31 50 2.74
31 51 3.02
31 52 3.46
31 53 3.99
31 54 4.56
31 55 5.55
31 56 3.74
31 57 3.78
31 58 3.88
31 59 4.09
31 60 4.38
31 61 4.74
31 62 5.12
31 63 5.39
31 64 6.33
31 65 4.27
31 66 4.63
31 67 4.95
31 68 5.31
31 69 5.69
31 70 6.09
31 71 6.47
31 72 6.65
31 73 7.56
31 74 4.70
31 75 5.31
31 76 5.84
31 77 6.35
31 78 6.85
31 79 7.35
31 80 7.79
31 81 8.01
31 82 8.92
31 83 4.99
31 84 5.82
31 85 6.52
31 86 7.17
31 87 7.79
31 88 8.39
31 89 8.93
31 90 9.27
31 91 10.20
31 92 5.13
31 93 6.11
31 94 6.95
31 95 7.73
31 96 8.47
31 97 9.17
31 98 9.82
31 99 10.31
31 100 11.27
31 101 5.11
31 102 6.19
31 103 7.13
31 104 8.01
31 105 8.85
31 106 9.65
31 107 10.41
31 108 11.07
31 109 12.05
31 110 4.93
31 111 6.04
31 112 7.04
31 113 8.00
31 114 8.91
31 115 9.80
31 116 10.66
31 117 11.48
31 118 12.48
31 119 4.60
31 120 5.68
31 121 6.70
31 122 7.70
31 123 8.67
31 124 9.62
31 125 10.57
31 126 11.55
31 127 12.55
31 128 4.15
31 129 5.11
31 130 6.11
31 131 7.12
31 132 8.11
31 133 9.11
31 134 10.13
31 135 11.25
31 136 12.24
31 137 3.59
31 138 4.37
31 139 5.30
31 140 6.28
31 141 7.28
31 142 8.30
31 143 9.36
31 144 10.60
31 145 11.57
31 146 6.97
32 1 1.04
32 2 3.47
32 3 3.54
32 4 4.09
32 5 4.87
32 6 5.79
32 7 6.79
32 8 7.90
32 9 9.34
32 10 10.23
32 11 3.04
32 12 2.57
32 13 2.74
32 14 3.35
32 15 4.19
32 16 5.17
32 17 6.28
32 18 7.76
32 19 8.62
32 20 2.90
32 21 1.92
32 22 1.42
32 23 1.71
32 24 2.49
32 25 3.46
32 26 4.57
32 27 6.05
32 28 6.91
32 29 3.10
32 30 2.02
32 31 1.00
32 32 0.00
32 33 1.00
32 34 2.02
32 35 3.10
32 36 4.47
32 37 5.39
32 38 3.56
32 39 2.80
32 40 2.15
32 41 1.71
32 42 1.66
32 43 2.04
32 44 2.68
32 45 3.56
32 46 4.56
32 47 4.15
32 48 3.79
32 49 3.51
32 50 3.35
32 51 3.35
32 52 3.50
32 53 3.74
32 54 3.97
32 55 4.92
32 56 4.74
32 57 4.76
32 58 4.79
32 59 4.87
32 60 5.01
32 61 5.20
32 62 5.39
32 63 5.36
32 64 6.23
32 65 5.27
32 66 5.63
32 67 5.92
32 68 6.21
32 69 6.52
32 70 6.82
32 71 7.08
32 72 7.06
32 73 7.91
32 74 5.68
32 75 6.32
32 76 6.84
32 77 7.33
32 78 7.79
32 79 8.24
32 80 8.61
32 81 8.71
32 82 9.58
32 83 5.94
32 84 6.80
32 85 7.52
32 86 8.17
32 87 8.79
32 88 9.37
32 89 9.88
32 90 10.15
32 91 11.07
32 92 6.04
32 93 7.06
32 94 7.92
32 95 8.72
32 96 9.47
32 97 10.18
32 98 10.82
32 99 11.29
32 100 12.24
32 101 5.98
32 102 7.07
32 103 8.04
32 104 8.94
32 105 9.80
32 106 10.62
32 107 11.40
32 108 12.07
32 109 13.05
32 110 5.74
32 111 6.84
32 112 7.86
32 113 8.83
32 114 9.77
32 115 10.69
32 116 11.58
32 117 12.44
32 118 13.44
32 119 5.35
32 120 6.38
32 121 7.40
32 122 8.41
32 123 9.39
32 124 10.37
32 125 11.35
32 126 12.39
32 127 13.39
32 128 4.84
32 129 5.72
32 130 6.68
32 131 7.67
32 132 8.67
32 133 9.69
32 134 10.73
32 135 11.93
32 136 12.91
32 137 4.26
32 138 4.87
32 139 5.71
32 140 6.65
32 141 7.63
32 142 8.66
32 143 9.75
32 144 11.07
32 145 12.01
32 146 7.91
33 1 1.94
33 2 4.20
33 3 4.04
33 4 4.38
33 5 5.01
33 6 5.84
33 7 6.80
33 8 7.90
33 9 9.40
33 10 10.24
33 11 3.86
33 12 3.17
33 13 3.02
33 14 3.35
33 15 4.01
33 16 4.90
33 17 5.98
33 18 7.52
33 19 8.31
33 20 3.81
33 21 2.74
33 22 1.96
33 23 1.66
33 24 2.04
33 25 2.87
33 26 3.94
33 27 5.49
33 28 6.27
33 29 4.06
33 30 3.01
33 31 2.00
33 32 1.00
33 33 0.00
33 34 1.03
33 35 2.12
33 36 3.57
33 37 4.44
33 38 4.55
33 39 3.80
33 40 3.10
33 41 2.49
33 42 2.05
33 43 1.89
33 44 2.09
33 45 2.64
33 46 3.64
33 47 5.14
33 48 4.79
33 49 4.46
33 50 4.19
33 51 4.01
33 52 3.93
33 53 3.89
33 54 3.71
33 55 4.57
33 56 5.73
33 57 5.77
33 58 5.77
33 59 5.79
33 60 5.84
33 61 5.91
33 62 5.94
33 63 5.66
33 64 6.43
33 65 6.24
33 66 6.63
33 67 6.92
33 68 7.18
33 69 7.44
33 70 7.69
33 71 7.86
33 72 7.69
33 73 8.48
33 74 6.63
33 75 7.30
33 76 7.84
33 77 8.33
33 78 8.78
33 79 9.19
33 80 9.53
33 81 9.54
33 82 10.39
33 83 6.87
33 84 7.76
33 85 8.50
33 86 9.17
33 87 9.79
33 88 10.37
33 89 10.87
33 90 11.10
33 91 12.01
33 92 6.93
33 93 7.97
33 94 8.86
33 95 9.67
33 96 10.44
33 97 11.17
33 98 11.82
33 99 12.29
33 100 13.24
33 101 6.81
33 102 7.92
33 103 8.91
33 104 9.83
33 105 10.71
33 106 11.56
33 107 12.35
33 108 13.05
33 109 14.04
33 110 6.53
33 111 7.61
33 112 8.64
33 113 9.63
33 114 10.59
33 115 11.52
33 116 12.44
33 117 13.35
33 118 14.35
33 119 6.09
33 120 7.07
33 121 8.07
33 122 9.07
33 123 10.07
33 124 11.07
33 125 12.08
33 126 13.18
33 127 14.18
33 128 5.55
33 129 6.32
33 130 7.23
33 131 8.19
33 132 9.19
33 133 10.21
33 134 11.29
33 135 12.55
33 136 13.51
33 137 4.95
33 138 5.40
33 139 6.14
33 140 7.01
33 141 7.96
33 142 8.98
33 143 10.09
33 144 11.48
33 145 12.40
33 146 8.80
34 1 2.88
34 2 4.96
34 3 4.61
34 4 4.74
34 5 5.20
34 6 5.91
34 7 6.79
34 8 7.87
34 9 9.41
34 10 10.19
34 11 4.69
34 12 3.86
34 13 3.46
34 14 3.50
34 15 3.93
34 16 4.67
34 17 5.69
34 18 7.26
34 19 7.96
34 20 4.71
34 21 3.62
34 22 2.70
34 23 2.04
34 24 1.89
34 25 2.38
34 26 3.33
34 27 4.90
34 28 5.58
34 29 5.02
34 30 4.00
34 31 3.01
34 32 2.02
34 33 1.03
34 34 0.00
34 35 1.11
34 36 2.62
34 37 3.45
34 38 5.53
34 39 4.82
34 40 4.12
34 41 3.46
34 42 2.87
34 43 2.38
34 44 2.05
34 45 1.92
34 46 2.88
34 47 6.12
34 48 5.81
34 49 5.48
34 50 5.17
34 51 4.90
34 52 4.67
34 53 4.43
34 54 3.87
34 55 4.58
34 56 6.71
34 57 6.79
34 58 6.79
34 59 6.79
34 60 6.80
34 61 6.79
34 62 6.72
34 63 6.25
34 64 6.93
34 65 7.21
34 66 7.63
34 67 7.94
34 68 8.21
34 69 8.45
34 70 8.66
34 71 8.78
34 72 8.51
34 73 9.25
34 74 7.57
34 75 8.29
34 76 8.85
34 77 9.35
34 78 9.81
34 79 10.21
34 80 10.53
34 81 10.50
34 82 11.32
34 83 7.77
34 84 8.70
34 85 9.47
34 86 10.16
34 87 10.80
34 88 11.39
34 89 11.89
34 90 12.12
34 91 13.02
34 92 7.79
34 93 8.86
34 94 9.77
34 95 10.62
34 96 11.41
34 97 12.15
34 98 12.83
34 99 13.31
34 100 14.27
34 101 7.63
34 102 8.74
34 103 9.74
34 104 10.69
34 105 11.59
34 106 12.46
34 107 13.29
34 108 14.03
34 109 15.02
34 110 7.30
34 111 8.36
34 112 9.38
34 113 10.38
34 114 11.36
34 115 12.32
34 116 13.27
34 117 14.23
34 118 15.23
34 119 6.82
34 120 7.73
34 121 8.71
34 122 9.70
34 123 10.71
34 124 11.72
34 125 12.76
34 126 13.92
34 127 14.91
34 128 6.25
34 129 6.91
34 130 7.75
34 131 8.68
34 132 9.66
34 133 10.69
34 134 11.78
34 135 13.11
34 136 14.05
34 137 5.65
34 138 5.95
34 139 6.57
34 140 7.36
34 141 8.27
34 142 9.27
34 143 10.38
34 144 11.83
34 145 12.71
34 146 9.67
35 1 3.88
35 2 5.72
35 3 5.20
35 4 5.12
35 5 5.39
35 6 5.94
35 7 6.72
35 8 7.74
35 9 9.31
35 10 10.01
35 11 5.54
35 12 4.60
35 13 3.99
35 14 3.74
35 15 3.89
35 16 4.43
35 17 5.32
35 18 6.88
35 19 7.48
35 20 5.64
35 21 4.53
35 22 3.54
35 23 2.68
35 24 2.09
35 25 2.05
35 26 2.71
35 27 4.23
35 28 4.78
35 29 6.00
35 30 5.02
35 31 4.06
35 32 3.10
35 33 2.12
35 34 1.11
35 35 0.00
35 36 1.57
35 37 2.34
35 38 6.53
35 39 5.89
35 40 5.23
35 41 4.57
35 42 3.94
35 43 3.33
35 44 2.71
35 45 1.83
35 46 2.54
35 47 7.13
35 48 6.88
35 49 6.58
35 50 6.28
35 51 5.98
35 52 5.69
35 53 5.32
35 54 4.52
35 55 5.07
35 56 7.70
35 57 7.85
35 58 7.89
35 59 7.90
35 60 7.90
35 61 7.87
35 62 7.74
35 63 7.15
35 64 7.76
35 65 8.18
35 66 8.67
35 67 9.01
35 68 9.31
35 69 9.56
35 70 9.77
35 71 9.87
35 72 9.55
35 73 10.26
35 74 8.51
35 75 9.28
35 76 9.88
35 77 10.42
35 78 10.89
35 79 11.32
35 80 11.64
35 81 11.60
35 82 12.41
35 83 8.67
35 84 9.64
35 85 10.44
35 86 11.17
35 87 11.84
35 88 12.45
35 89 12.98
35 90 13.23
35 91 14.13
35 92 8.63
35 93 9.72
35 94 10.67
35 95 11.54
35 96 12.36
35 97 13.14
35 98 13.84
35 99 14.37
35 100 15.33
35 101 8.42
35 102 9.52
35 103 10.54
35 104 11.51
35 105 12.44
35 106 13.34
35 107 14.20
35 108 15.00
35 109 15.99
35 110 8.03
35 111 9.06
35 112 10.07
35 113 11.08
35 114 12.07
35 115 13.05
35 116 14.03
35 117 15.07
35 118 16.06
35 119 7.52
35 120 8.35
35 121 9.29
35 122 10.26
35 123 11.26
35 124 12.29
35 125 13.35
35 126 14.59
35 127 15.56
35 128 6.93
35 129 7.47
35 130 8.23
35 131 9.10
35 132 10.06
35 133 11.07
35 134 12.18
35 135 13.57
35 136 14.49
35 137 6.34
35 138 6.47
35 139 6.96
35 140 7.66
35 141 8.50
35 142 9.46
35 143 10.56
35 144 12.06
35 145 12.90
35 146 10.51
36 1 5.08
36 2 6.50
36 3 5.75
36 4 5.39
36 5 5.36
36 6 5.66
36 7 6.25
36 8 7.15
36 9 8.71
36 10 9.30
36 11 6.44
36 12 5.39
36 13 4.56
36 14 3.97
36 15 3.71
36 16 3.87
36 17 4.52
36 18 5.99
36 19 6.44
36 20 6.66
36 21 5.57
36 22 4.54
36 23 3.56
36 24 2.64
36 25 1.92
36 26 1.83
36 27 3.05
36 28 3.39
36 29 7.10
36 30 6.23
36 31 5.36
36 32 4.47
36 33 3.57
36 34 2.62
36 35 1.57
36 36 0.00
36 37 1.00
36 38 7.67
36 39 7.17
36 40 6.62
36 41 6.05
36 42 5.49
36 43 4.90
36 44 4.23
36 45 3.05
36 46 3.39
36 47 8.27
36 48 8.17
36 49 7.98
36 50 7.76
36 51 7.52
36 52 7.26
36 53 6.88
36 54 5.99
36 55 6.44
36 56 8.81
36 57 9.09
36 58 9.24
36 59 9.34
36 60 9.40
36 61 9.41
36 62 9.31
36 63 8.71
36 64 9.30
36 65 9.24
36 66 9.84
36 67 10.29
36 68 10.67
36 69 10.99
36 70 11.25
36 71 11.40
36 72 11.11
36 73 11.83
36 74 9.50
36 75 10.36
36 76 11.05
36 77 11.66
36 78 12.21
36 79 12.70
36 80 13.08
36 81 13.11
36 82 13.94
36 83 9.57
36 84 10.60
36 85 11.48
36 86 12.27
36 87 13.01
36 88 13.68
36 89 14.28
36 90 14.62
36 91 15.54
36 92 9.45
36 93 10.56
36 94 11.55
36 95 12.47
36 96 13.35
36 97 14.18
36 98 14.95
36 99 15.59
36 100 16.57
36 101 9.15
36 102 10.23
36 103 11.26
36 104 12.25
36 105 13.22
36 106 14.16
36 107 15.08
36 108 15.99
36 109 16.99
36 110 8.70
36 111 9.64
36 112 10.62
36 113 11.62
36 114 12.62
36 115 13.63
36 116 14.66
36 117 15.80
36 118 16.79
36 119 8.14
36 120 8.83
36 121 9.68
36 122 10.60
36 123 11.58
36 124 12.61
36 125 13.70
36 126 15.03
36 127 15.98
36 128 7.54
36 129 7.87
36 130 8.49
36 131 9.26
36 132 10.15
36 133 11.13
36 134 12.24
36 135 13.71
36 136 14.58
36 137 6.99
36 138 6.87
36 139 7.14
36 140 7.67
36 141 8.39
36 142 9.27
36 143 10.34
36 144 11.89
36 145 12.65
36 146 11.29
37 1 6.04
37 2 7.50
37 3 6.73
37 4 6.33
37 5 6.23
37 6 6.43
37 7 6.93
37 8 7.76
37 9 9.30
37 10 9.80
37 11 7.44
37 12 6.39
37 13 5.55
37 14 4.92
37 15 4.57
37 16 4.58
37 17 5.07
37 18 6.43
37 19 6.74
37 20 7.66
37 21 6.56
37 22 5.54
37 23 4.56
37 24 3.64
37 25 2.88
37 26 2.54
37 27 3.39
37 28 3.43
37 29 8.09
37 30 7.20
37 31 6.30
37 32 5.39
37 33 4.44
37 34 3.45
37 35 2.34
37 36 1.00
37 37 0.00
37 38 8.66
37 39 8.12
37 40 7.53
37 41 6.91
37 42 6.27
37 43 5.58
37 44 4.78
37 45 3.39
37 46 3.44
37 47 9.26
37 48 9.12
37 49 8.89
37 50 8.61
37 51 8.31
37 52 7.96
37 53 7.48
37 54 6.44
37 55 6.74
37 56 9.80
37 57 10.06
37 58 10.17
37 59 10.23
37 60 10.24
37 61 10.19
37 62 10.01
37 63 9.30
37 64 9.80
37 65 10.23
37 66 10.82
37 67 11.25
37 68 11.60
37 69 11.89
37 70 12.11
37 71 12.20
37 72 11.83
37 73 12.50
37 74 10.50
37 75 11.35
37 76 12.03
37 77 12.63
37 78 13.16
37 79 13.62
37 80 13.97
37 81 13.94
37 82 14.74
37 83 10.57
37 84 11.60
37 85 12.48
37 86 13.26
37 87 13.99
37 88 14.66
37 89 15.23
37 90 15.54
37 91 16.44
37 92 10.45
37 93 11.56
37 94 12.55
37 95 13.47
37 96 14.35
37 97 15.18
37 98 15.95
37 99 16.57
37 100 17.54
37 101 10.15
37 102 11.22
37 103 12.25
37 104 13.24
37 105 14.21
37 106 15.16
37 107 16.08
37 108 16.99
37 109 17.99
37 110 9.69
37 111 10.61
37 112 11.59
37 113 12.58
37 114 13.59
37 115 14.60
37 116 15.64
37 117 16.79
37 118 17.78
37 119 9.12
37 120 9.79
37 121 10.62
37 122 11.53
37 123 12.50
37 124 13.53
37 125 14.63
37 126 15.98
37 127 16.91
37 128 8.52
37 129 8.82
37 130 9.40
37 131 10.15
37 132 11.01
37 133 11.98
37 134 13.09
37 135 14.58
37 136 15.43
37 137 7.98
37 138 7.83
37 139 8.05
37 140 8.53
37 141 9.20
37 142 10.04
37 143 11.09
37 144 12.65
37 145 13.38
37 146 12.28
38 1 2.66
38 2 2.18
38 3 3.24
38 4 4.27
38 5 5.27
38 6 6.24
38 7 7.21
38 8 8.18
38 9 9.24
38 10 10.23
38 11 1.71
38 12 2.72
38 13 3.74
38 14 4.74
38 15 5.73
38 16 6.71
38 17 7.70
38 18 8.81
38 19 9.80
38 20 1.18
38 21 2.13
38 22 3.14
38 23 4.15
38 24 5.14
38 25 6.12
38 26 7.13
38 27 8.27
38 28 9.26
38 29 0.60
38 30 1.54
38 31 2.56
38 32 3.56
38 33 4.55
38 34 5.53
38 35 6.53
38 36 7.67
38 37 8.66
38 38 0.00
38 39 1.11
38 40 2.12
38 41 3.10
38 42 4.06
38 43 5.02
38 44 6.00
38 45 7.10
38 46 8.09
38 47 0.60
38 48 1.13
38 49 2.00
38 50 2.90
38 51 3.80
38 52 4.71
38 53 5.64
38 54 6.66
38 55 7.65
38 56 1.18
38 57 1.58
38 58 2.27
38 59 3.04
38 60 3.86
38 61 4.69
38 62 5.54
38 63 6.44
38 64 7.44
38 65 1.71
38 66 2.17
38 67 2.78
38 68 3.47
38 69 4.20
38 70 4.96
38 71 5.72
38 72 6.50
38 73 7.50
38 74 2.19
38 75 2.76
38 76 3.38
38 77 4.04
38 78 4.73
38 79 5.44
38 80 6.15
38 81 6.82
38 82 7.81
38 83 2.58
38 84 3.28
38 85 3.95
38 86 4.64
38 87 5.33
38 88 6.03
38 89 6.71
38 90 7.33
38 91 8.31
38 92 2.87
38 93 3.70
38 94 4.45
38 95 5.18
38 96 5.90
38 97 6.62
38 98 7.31
38 99 7.92
38 100 8.90
38 101 3.06
38 102 4.00
38 103 4.83
38 104 5.62
38 105 6.38
38 106 7.14
38 107 7.86
38 108 8.51
38 109 9.49
38 110 3.14
38 111 4.16
38 112 5.06
38 113 5.91
38 114 6.73
38 115 7.53
38 116 8.30
38 117 9.00
38 118 10.00
38 119 3.11
38 120 4.19
38 121 5.14
38 122 6.04
38 123 6.91
38 124 7.75
38 125 8.58
38 126 9.36
38 127 10.36
38 128 2.96
38 129 4.06
38 130 5.06
38 131 6.00
38 132 6.91
38 133 7.80
38 134 8.68
38 135 9.55
38 136 10.55
38 137 2.70
38 138 3.80
38 139 4.82
38 140 5.79
38 141 6.74
38 142 7.67
38 143 8.59
38 144 9.55
38 145 10.55
38 146 4.58
39 1 2.11
39 2 2.76
39 3 3.64
39 4 4.63
39 5 5.63
39 6 6.63
39 7 7.63
39 8 8.67
39 9 9.84
39 10 10.82
39 11 2.17
39 12 2.86
39 13 3.78
39 14 4.76
39 15 5.77
39 16 6.79
39 17 7.84
39 18 9.09
39 19 10.06
39 20 1.58
39 21 1.96
39 22 2.82
39 23 3.79
39 24 4.79
39 25 5.81
39 26 6.88
39 27 8.17
39 28 9.12
39 29 1.13
39 30 1.00
39 31 1.82
39 32 2.80
39 33 3.80
39 34 4.82
39 35 5.89
39 36 7.17
39 37 8.12
39 38 1.11
39 39 0.00
39 40 1.03
39 41 2.02
39 42 3.01
39 43 4.00
39 44 5.02
39 45 6.23
39 46 7.20
39 47 1.54
39 48 1.00
39 49 1.22
39 50 1.91
39 51 2.74
39 52 3.62
39 53 4.53
39 54 5.57
39 55 6.56
39 56 2.13
39 57 1.97
39 58 2.13
39 59 2.57
39 60 3.18
39 61 3.86
39 62 4.60
39 63 5.39
39 64 6.39
39 65 2.72
39 66 2.86
39 67 3.13
39 68 3.54
39 69 4.04
39 70 4.61
39 71 5.20
39 72 5.75
39 73 6.73
39 74 3.24
39 75 3.64
39 76 4.06
39 77 4.53
39 78 5.04
39 79 5.58
39 80 6.11
39 81 6.53
39 82 7.49
39 83 3.67
39 84 4.30
39 85 4.86
39 86 5.43
39 87 6.00
39 88 6.57
39 89 7.11
39 90 7.50
39 91 8.46
39 92 3.98
39 93 4.79
39 94 5.49
39 95 6.16
39 96 6.82
39 97 7.46
39 98 8.05
39 99 8.49
39 100 9.45
39 101 4.16
39 102 5.11
39 103 5.93
39 104 6.70
39 105 7.44
39 106 8.16
39 107 8.83
39 108 9.37
39 109 10.34
39 110 4.19
39 111 5.24
39 112 6.16
39 113 7.02
39 114 7.84
39 115 8.63
39 116 9.38
39 117 10.05
39 118 11.03
39 119 4.08
39 120 5.18
39 121 6.16
39 122 7.09
39 123 7.98
39 124 8.85
39 125 9.68
39 126 10.47
39 127 11.47
39 128 3.82
39 129 4.93
39 130 5.95
39 131 6.92
39 132 7.87
39 133 8.79
39 134 9.70
39 135 10.62
39 136 11.62
39 137 3.45
39 138 4.50
39 139 5.52
39 140 6.52
39 141 7.50
39 142 8.47
39 143 9.44
39 144 10.48
39 145 11.48
39 146 5.68
40 1 1.83
40 2 3.38
40 3 4.06
40 4 4.96
40 5 5.92
40 6 6.92
40 7 7.94
40 8 9.02
40 9 10.29
40 10 11.25
40 11 2.78
40 12 3.13
40 13 3.89
40 14 4.79
40 15 5.77
40 16 6.79
40 17 7.89
40 18 9.24
40 19 10.17
40 20 2.27
40 21 2.13
40 22 2.67
40 23 3.51
40 24 4.46
40 25 5.48
40 26 6.58
40 27 7.98
40 28 8.89
40 29 2.00
40 30 1.22
40 31 1.36
40 32 2.15
40 33 3.10
40 34 4.12
40 35 5.23
40 36 6.62
40 37 7.53
40 38 2.12
40 39 1.03
40 40 0.00
40 41 1.00
40 42 2.00
40 43 3.01
40 44 4.06
40 45 5.36
40 46 6.30
40 47 2.56
40 48 1.82
40 49 1.36
40 50 1.42
40 51 1.96
40 52 2.70
40 53 3.54
40 54 4.55
40 55 5.54
40 56 3.14
40 57 2.82
40 58 2.67
40 59 2.74
40 60 3.02
40 61 3.46
40 62 3.99
40 63 4.56
40 64 5.55
40 65 3.74
40 66 3.78
40 67 3.88
40 68 4.08
40 69 4.38
40 70 4.74
40 71 5.12
40 72 5.39
40 73 6.33
40 74 4.27
40 75 4.63
40 76 4.95
40 77 5.31
40 78 5.69
40 79 6.09
40 80 6.47
40 81 6.65
40 82 7.56
40 83 4.70
40 84 5.31
40 85 5.84
40 86 6.35
40 87 6.85
40 88 7.35
40 89 7.79
40 90 8.01
40 91 8.92
40 92 4.99
40 93 5.82
40 94 6.52
40 95 7.17
40 96 7.79
40 97 8.39
40 98 8.93
40 99 9.27
40 100 10.20
40 101 5.13
40 102 6.11
40 103 6.95
40 104 7.73
40 105 8.47
40 106 9.17
40 107 9.82
40 108 10.31
40 109 11.27
40 110 5.11
40 111 6.19
40 112 7.13
40 113 8.01
40 114 8.85
40 115 9.65
40 116 10.41
40 117 11.07
40 118 12.05
40 119 4.93
40 120 6.04
40 121 7.04
40 122 8.00
40 123 8.91
40 124 9.80
40 125 10.66
40 126 11.48
40 127 12.48
40 128 4.60
40 129 5.68
40 130 6.70
40 131 7.70
40 132 8.66
40 133 9.62
40 134 10.57
40 135 11.55
40 136 12.55
40 137 4.15
40 138 5.11
40 139 6.11
40 140 7.12
40 141 8.11
40 142 9.11
40 143 10.13
40 144 11.25
40 145 12.24
40 146 6.70
41 1 1.93
41 2 4.04
41 3 4.53
41 4 5.31
41 5 6.21
41 6 7.18
41 7 8.21
41 8 9.31
41 9 10.66
41 10 11.60
41 11 3.47
41 12 3.54
41 13 4.08
41 14 4.87
41 15 5.79
41 16 6.79
41 17 7.90
41 18 9.34
41 19 10.23
41 20 3.04
41 21 2.57
41 22 2.74
41 23 3.35
41 24 4.19
41 25 5.17
41 26 6.28
41 27 7.76
41 28 8.61
41 29 2.90
41 30 1.91
41 31 1.42
41 32 1.71
41 33 2.49
41 34 3.46
41 35 4.57
41 36 6.05
41 37 6.91
41 38 3.10
41 39 2.02
41 40 1.00
41 41 0.00
41 42 1.00
41 43 2.02
41 44 3.10
41 45 4.47
41 46 5.39
41 47 3.56
41 48 2.80
41 49 2.14
41 50 1.71
41 51 1.66
41 52 2.04
41 53 2.68
41 54 3.56
41 55 4.56
41 56 4.15
41 57 3.79
41 58 3.51
41 59 3.35
41 60 3.35
41 61 3.50
41 62 3.74
41 63 3.97
41 64 4.92
41 65 4.74
41 66 4.76
41 67 4.79
41 68 4.87
41 69 5.01
41 70 5.20
41 71 5.39
41 72 5.36
41 73 6.23
41 74 5.27
41 75 5.62
41 76 5.92
41 77 6.21
41 78 6.52
41 79 6.82
41 80 7.08
41 81 7.06
41 82 7.91
41 83 5.68
41 84 6.32
41 85 6.84
41 86 7.33
41 87 7.79
41 88 8.23
41 89 8.61
41 90 8.71
41 91 9.58
41 92 5.94
41 93 6.80
41 94 7.52
41 95 8.17
41 96 8.79
41 97 9.37
41 98 9.88
41 99 10.15
41 100 11.06
41 101 6.04
41 102 7.06
41 103 7.92
41 104 8.71
41 105 9.47
41 106 10.18
41 107 10.82
41 108 11.29
41 109 12.24
41 110 5.97
41 111 7.07
41 112 8.04
41 113 8.94
41 114 9.80
41 115 10.62
41 116 11.40
41 117 12.07
41 118 13.05
41 119 5.74
41 120 6.84
41 121 7.86
41 122 8.83
41 123 9.77
41 124 10.69
41 125 11.58
41 126 12.44
41 127 13.44
41 128 5.35
41 129 6.38
41 130 7.40
41 131 8.40
41 132 9.39
41 133 10.37
41 134 11.35
41 135 12.39
41 136 13.39
41 137 4.84
41 138 5.71
41 139 6.68
41 140 7.67
41 141 8.67
41 142 9.68
41 143 10.73
41 144 11.93
41 145 12.91
41 146 7.68
42 1 2.37
42 2 4.73
42 3 5.04
42 4 5.69
42 5 6.52
42 6 7.45
42 7 8.45
42 8 9.56
42 9 10.99
42 10 11.89
42 11 4.20
42 12 4.04
42 13 4.38
42 14 5.01
42 15 5.84
42 16 6.80
42 17 7.90
42 18 9.40
42 19 10.24
42 20 3.86
42 21 3.18
42 22 3.02
42 23 3.35
42 24 4.02
42 25 4.90
42 26 5.98
42 27 7.52
42 28 8.31
42 29 3.81
42 30 2.74
42 31 1.96
42 32 1.66
42 33 2.05
42 34 2.87
42 35 3.94
42 36 5.49
42 37 6.27
42 38 4.06
42 39 3.01
42 40 2.00
42 41 1.00
42 42 0.00
42 43 1.03
42 44 2.12
42 45 3.57
42 46 4.44
42 47 4.55
42 48 3.80
42 49 3.10
42 50 2.49
42 51 2.04
42 52 1.89
42 53 2.09
42 54 2.64
42 55 3.64
42 56 5.14
42 57 4.79
42 58 4.46
42 59 4.19
42 60 4.02
42 61 3.93
42 62 3.89
42 63 3.71
42 64 4.57
42 65 5.73
42 66 5.77
42 67 5.77
42 68 5.79
42 69 5.84
42 70 5.91
42 71 5.94
42 72 5.66
42 73 6.43
42 74 6.24
42 75 6.63
42 76 6.92
42 77 7.18
42 78 7.44
42 79 7.69
42 80 7.86
42 81 7.69
42 82 8.48
42 83 6.63
42 84 7.30
42 85 7.84
42 86 8.33
42 87 8.78
42 88 9.19
42 89 9.53
42 90 9.54
42 91 10.39
42 92 6.87
42 93 7.76
42 94 8.50
42 95 9.17
42 96 9.79
42 97 10.37
42 98 10.87
42 99 11.10
42 100 12.01
42 101 6.93
42 102 7.97
42 103 8.86
42 104 9.68
42 105 10.44
42 106 11.17
42 107 11.82
42 108 12.29
42 109 13.24
42 110 6.81
42 111 7.92
42 112 8.91
42 113 9.83
42 114 10.71
42 115 11.56
42 116 12.35
42 117 13.05
42 118 14.04
42 119 6.53
42 120 7.61
42 121 8.64
42 122 9.63
42 123 10.59
42 124 11.52
42 125 12.44
42 126 13.35
42 127 14.35
42 128 6.09
42 129 7.07
42 130 8.07
42 131 9.07
42 132 10.07
42 133 11.07
42 134 12.08
42 135 13.18
42 136 14.18
42 137 5.55
42 138 6.32
42 139 7.22
42 140 8.19
42 141 9.19
42 142 10.21
42 143 11.29
42 144 12.55
42 145 13.51
42 146 8.64
43 1 2.99
43 2 5.44
43 3 5.58
43 4 6.10
43 5 6.82
43 6 7.69
43 7 8.66
43 8 9.77
43 9 11.25
43 10 12.11
43 11 4.96
43 12 4.61
43 13 4.74
43 14 5.20
43 15 5.91
43 16 6.79
43 17 7.87
43 18 9.41
43 19 10.19
43 20 4.69
43 21 3.86
43 22 3.46
43 23 3.50
43 24 3.93
43 25 4.67
43 26 5.69
43 27 7.26
43 28 7.96
43 29 4.71
43 30 3.62
43 31 2.70
43 32 2.04
43 33 1.89
43 34 2.38
43 35 3.33
43 36 4.90
43 37 5.58
43 38 5.02
43 39 4.00
43 40 3.01
43 41 2.02
43 42 1.03
43 43 0.00
43 44 1.11
43 45 2.62
43 46 3.45
43 47 5.53
43 48 4.82
43 49 4.12
43 50 3.46
43 51 2.87
43 52 2.38
43 53 2.05
43 54 1.92
43 55 2.88
43 56 6.13
43 57 5.81
43 58 5.48
43 59 5.17
43 60 4.90
43 61 4.67
43 62 4.43
43 63 3.87
43 64 4.58
43 65 6.71
43 66 6.79
43 67 6.79
43 68 6.79
43 69 6.79
43 70 6.79
43 71 6.72
43 72 6.25
43 73 6.93
43 74 7.21
43 75 7.63
43 76 7.94
43 77 8.21
43 78 8.45
43 79 8.66
43 80 8.78
43 81 8.51
43 82 9.25
43 83 7.57
43 84 8.29
43 85 8.85
43 86 9.35
43 87 9.81
43 88 10.22
43 89 10.53
43 90 10.50
43 91 11.32
43 92 7.77
43 93 8.70
43 94 9.47
43 95 10.16
43 96 10.80
43 97 11.39
43 98 11.89
43 99 12.12
43 100 13.02
43 101 7.79
43 102 8.86
43 103 9.77
43 104 10.62
43 105 11.41
43 106 12.15
43 107 12.83
43 108 13.31
43 109 14.27
43 110 7.63
43 111 8.74
43 112 9.74
43 113 10.69
43 114 11.59
43 115 12.46
43 116 13.29
43 117 14.03
43 118 15.02
43 119 7.30
43 120 8.36
43 121 9.38
43 122 10.38
43 123 11.36
43 124 12.32
43 125 13.27
43 126 14.23
43 127 15.23
43 128 6.82
43 129 7.74
43 130 8.71
43 131 9.70
43 132 10.71
43 133 11.72
43 134 12.76
43 135 13.92
43 136 14.91
43 137 6.25
43 138 6.91
43 139 7.75
43 140 8.68
43 141 9.66
43 142 10.69
43 143 11.78
43 144 13.11
43 145 14.06
43 146 9.58
44 1 3.72
44 2 6.15
44 3 6.11
44 4 6.47
44 5 7.08
44 6 7.86
44 7 8.78
44 8 9.87
44 9 11.40
44 10 12.20
44 11 5.72
44 12 5.20
44 13 5.12
44 14 5.39
44 15 5.94
44 16 6.72
44 17 7.74
44 18 9.31
44 19 10.01
44 20 5.54
44 21 4.60
44 22 3.99
44 23 3.74
44 24 3.89
44 25 4.43
44 26 5.32
44 27 6.88
44 28 7.48
44 29 5.64
44 30 4.53
44 31 3.54
44 32 2.68
44 33 2.09
44 34 2.05
44 35 2.71
44 36 4.23
44 37 4.78
44 38 6.00
44 39 5.02
44 40 4.06
44 41 3.10
44 42 2.12
44 43 1.11
44 44 0.00
44 45 1.57
44 46 2.34
44 47 6.53
44 48 5.89
44 49 5.23
44 50 4.57
44 51 3.94
44 52 3.33
44 53 2.71
44 54 1.83
44 55 2.54
44 56 7.13
44 57 6.88
44 58 6.58
44 59 6.28
44 60 5.98
44 61 5.69
44 62 5.32
44 63 4.52
44 64 5.07
44 65 7.70
44 66 7.85
44 67 7.89
44 68 7.90
44 69 7.90
44 70 7.87
44 71 7.74
44 72 7.15
44 73 7.76
44 74 8.18
44 75 8.67
44 76 9.02
44 77 9.31
44 78 9.56
44 79 9.77
44 80 9.87
44 81 9.55
44 82 10.26
44 83 8.51
44 84 9.28
44 85 9.88
44 86 10.41
44 87 10.89
44 88 11.32
44 89 11.64
44 90 11.60
44 91 12.41
44 92 8.67
44 93 9.64
44 94 10.44
44 95 11.17
44 96 11.84
44 97 12.46
44 98 12.98
44 99 13.23
44 100 14.13
44 101 8.63
44 102 9.72
44 103 10.67
44 104 11.54
44 105 12.36
44 106 13.14
44 107 13.84
44 108 14.37
44 109 15.33
44 110 8.42
44 111 9.52
44 112 10.54
44 113 11.51
44 114 12.44
44 115 13.34
44 116 14.20
44 117 14.99
44 118 15.99
44 119 8.03
44 120 9.06
44 121 10.07
44 122 11.08
44 123 12.07
44 124 13.05
44 125 14.03
44 126 15.07
44 127 16.06
44 128 7.52
44 129 8.36
44 130 9.29
44 131 10.26
44 132 11.26
44 133 12.29
44 134 13.35
44 135 14.59
44 136 15.56
44 137 6.93
44 138 7.47
44 139 8.23
44 140 9.10
44 141 10.06
44 142 11.07
44 143 12.18
44 144 13.57
44 145 14.49
44 146 10.50
45 1 4.57
45 2 6.82
45 3 6.53
45 4 6.65
45 5 7.06
45 6 7.69
45 7 8.51
45 8 9.55
45 9 11.11
45 10 11.83
45 11 6.50
45 12 5.75
45 13 5.39
45 14 5.36
45 15 5.66
45 16 6.25
45 17 7.15
45 18 8.71
45 19 9.30
45 20 6.44
45 21 5.39
45 22 4.56
45 23 3.97
45 24 3.71
45 25 3.87
45 26 4.52
45 27 5.99
45 28 6.44
45 29 6.66
45 30 5.57
45 31 4.54
45 32 3.56
45 33 2.64
45 34 1.92
45 35 1.83
45 36 3.05
45 37 3.39
45 38 7.10
45 39 6.23
45 40 5.36
45 41 4.47
45 42 3.57
45 43 2.62
45 44 1.57
45 45 0.00
45 46 1.00
45 47 7.67
45 48 7.17
45 49 6.62
45 50 6.05
45 51 5.49
45 52 4.90
45 53 4.23
45 54 3.05
45 55 3.39
45 56 8.27
45 57 8.17
45 58 7.98
45 59 7.76
45 60 7.52
45 61 7.26
45 62 6.88
45 63 5.99
45 64 6.44
45 65 8.81
45 66 9.09
45 67 9.24
45 68 9.34
45 69 9.40
45 70 9.41
45 71 9.31
45 72 8.71
45 73 9.30
45 74 9.24
45 75 9.84
45 76 10.29
45 77 10.67
45 78 10.99
45 79 11.25
45 80 11.40
45 81 11.11
45 82 11.83
45 83 9.50
45 84 10.36
45 85 11.05
45 86 11.66
45 87 12.21
45 88 12.70
45 89 13.08
45 90 13.11
45 91 13.94
45 92 9.57
45 93 10.60
45 94 11.48
45 95 12.27
45 96 13.01
45 97 13.68
45 98 14.28
45 99 14.62
45 100 15.54
45 101 9.45
45 102 10.56
45 103 11.55
45 104 12.47
45 105 13.35
45 106 14.18
45 107 14.95
45 108 15.59
45 109 16.57
45 110 9.15
45 111 10.23
45 112 11.26
45 113 12.25
45 114 13.22
45 115 14.16
45 116 15.08
45 117 15.99
45 118 16.99
45 119 8.70
45 120 9.64
45 121 10.62
45 122 11.62
45 123 12.62
45 124 13.63
45 125 14.66
45 126 15.80
45 127 16.79
45 128 8.14
45 129 8.83
45 130 9.68
45 131 10.60
45 132 11.58
45 133 12.61
45 134 13.70
45 135 15.03
45 136 15.98
45 137 7.54
45 138 7.87
45 139 8.49
45 140 9.26
45 141 10.15
45 142 11.13
45 143 12.24
45 144 13.71
45 145 14.58
45 146 11.44
46 1 5.57
46 2 7.81
46 3 7.49
46 4 7.56
46 5 7.91
46 6 8.48
46 7 9.25
46 8 10.26
46 9 11.83
46 10 12.50
46 11 7.50
46 12 6.73
46 13 6.33
46 14 6.23
46 15 6.43
46 16 6.93
46 17 7.76
46 18 9.30
46 19 9.80
46 20 7.44
46 21 6.39
46 22 5.55
46 23 4.92
46 24 4.57
46 25 4.58
46 26 5.07
46 27 6.44
46 28 6.74
46 29 7.66
46 30 6.56
46 31 5.54
46 32 4.56
46 33 3.64
46 34 2.88
46 35 2.54
46 36 3.39
46 37 3.44
46 38 8.09
46 39 7.20
46 40 6.30
46 41 5.39
46 42 4.44
46 43 3.45
46 44 2.34
46 45 1.00
46 46 0.00
46 47 8.66
46 48 8.12
46 49 7.53
46 50 6.91
46 51 6.27
46 52 5.58
46 53 4.78
46 54 3.39
46 55 3.43
46 56 9.26
46 57 9.12
46 58 8.89
46 59 8.62
46 60 8.31
46 61 7.96
46 62 7.48
46 63 6.44
46 64 6.74
46 65 9.80
46 66 10.06
46 67 10.17
46 68 10.23
46 69 10.24
46 70 10.19
46 71 10.01
46 72 9.30
46 73 9.80
46 74 10.23
46 75 10.82
46 76 11.25
46 77 11.60
46 78 11.89
46 79 12.11
46 80 12.20
46 81 11.83
46 82 12.50
46 83 10.50
46 84 11.35
46 85 12.03
46 86 12.63
46 87 13.16
46 88 13.62
46 89 13.97
46 90 13.94
46 91 14.75
46 92 10.57
46 93 11.60
46 94 12.48
46 95 13.26
46 96 13.99
46 97 14.66
46 98 15.23
46 99 15.54
46 100 16.44
46 101 10.45
46 102 11.56
46 103 12.55
46 104 13.47
46 105 14.35
46 106 15.18
46 107 15.95
46 108 16.57
46 109 17.54
46 110 10.15
46 111 11.22
46 112 12.25
46 113 13.24
46 114 14.21
46 115 15.16
46 116 16.08
46 117 16.99
46 118 17.99
46 119 9.69
46 120 10.62
46 121 11.59
46 122 12.58
46 123 13.59
46 124 14.60
46 125 15.64
46 126 16.79
46 127 17.78
46 128 9.12
46 129 9.79
46 130 10.62
46 131 11.53
46 132 12.50
46 133 13.53
46 134 14.63
46 135 15.98
46 136 16.91
46 137 8.52
46 138 8.82
46 139 9.40
46 140 10.15
46 141 11.02
46 142 11.98
46 143 13.09
46 144 14.58
46 145 15.43
46 146 12.44
47 1 3.25
47 2 2.58
47 3 3.67
47 4 4.70
47 5 5.68
47 6 6.63
47 7 7.57
47 8 8.51
47 9 9.50
47 10 10.50
47 11 2.18
47 12 3.24
47 13 4.27
47 14 5.27
47 15 6.24
47 16 7.21
47 17 8.18
47 18 9.24
47 19 10.23
47 20 1.71
47 21 2.72
47 22 3.74
47 23 4.74
47 24 5.73
47 25 6.71
47 26 7.70
47 27 8.81
47 28 9.80
47 29 1.18
47 30 2.13
47 31 3.14
47 32 4.15
47 33 5.14
47 34 6.12
47 35 7.13
47 36 8.27
47 37 9.26
47 38 0.60
47 39 1.54
47 40 2.56
47 41 3.56
47 42 4.55
47 43 5.53
47 44 6.53
47 45 7.67
47 46 8.66
47 47 0.00
47 48 1.11
47 49 2.12
47 50 3.10
47 51 4.06
47 52 5.02
47 53 6.00
47 54 7.10
47 55 8.09
47 56 0.60
47 57 1.13
47 58 2.00
47 59 2.90
47 60 3.81
47 61 4.71
47 62 5.64
47 63 6.66
47 64 7.65
47 65 1.18
47 66 1.58
47 67 2.27
47 68 3.04
47 69 3.86
47 70 4.69
47 71 5.54
47 72 6.44
47 73 7.44
47 74 1.71
47 75 2.17
47 76 2.78
47 77 3.47
47 78 4.20
47 79 4.96
47 80 5.72
47 81 6.50
47 82 7.50
47 83 2.18
47 84 2.76
47 85 3.38
47 86 4.04
47 87 4.73
47 88 5.44
47 89 6.15
47 90 6.82
47 91 7.81
47 92 2.58
47 93 3.28
47 94 3.95
47 95 4.64
47 96 5.33
47 97 6.03
47 98 6.71
47 99 7.33
47 100 8.31
47 101 2.87
47 102 3.70
47 103 4.45
47 104 5.18
47 105 5.90
47 106 6.62
47 107 7.31
47 108 7.92
47 109 8.90
47 110 3.06
47 111 4.00
47 112 4.83
47 113 5.61
47 114 6.38
47 115 7.14
47 116 7.86
47 117 8.51
47 118 9.49
47 119 3.14
47 120 4.16
47 121 5.06
47 122 5.91
47 123 6.73
47 124 7.53
47 125 8.30
47 126 9.00
47 127 10.00
47 128 3.11
47 129 4.19
47 130 5.14
47 131 6.04
47 132 6.91
47 133 7.75
47 134 8.58
47 135 9.36
47 136 10.36
47 137 2.96
47 138 4.06
47 139 5.06
47 140 6.00
47 141 6.91
47 142 7.80
47 143 8.68
47 144 9.55
47 145 10.55
47 146 4.16
48 1 3.10
48 2 3.28
48 3 4.30
48 4 5.32
48 5 6.32
48 6 7.31
48 7 8.29
48 8 9.28
48 9 10.36
48 10 11.35
48 11 2.76
48 12 3.64
48 13 4.63
48 14 5.63
48 15 6.63
48 16 7.63
48 17 8.67
48 18 9.84
48 19 10.82
48 20 2.17
48 21 2.86
48 22 3.78
48 23 4.76
48 24 5.77
48 25 6.79
48 26 7.85
48 27 9.09
48 28 10.06
48 29 1.58
48 30 1.97
48 31 2.82
48 32 3.79
48 33 4.79
48 34 5.81
48 35 6.88
48 36 8.17
48 37 9.12
48 38 1.13
48 39 1.00
48 40 1.82
48 41 2.80
48 42 3.80
48 43 4.82
48 44 5.89
48 45 7.17
48 46 8.12
48 47 1.11
48 48 0.00
48 49 1.03
48 50 2.02
48 51 3.01
48 52 4.00
48 53 5.02
48 54 6.24
48 55 7.20
48 56 1.54
48 57 1.00
48 58 1.22
48 59 1.91
48 60 2.74
48 61 3.62
48 62 4.53
48 63 5.57
48 64 6.56
48 65 2.13
48 66 1.96
48 67 2.13
48 68 2.57
48 69 3.17
48 70 3.86
48 71 4.60
48 72 5.39
48 73 6.39
48 74 2.72
48 75 2.86
48 76 3.13
48 77 3.54
48 78 4.04
48 79 4.61
48 80 5.20
48 81 5.75
48 82 6.73
48 83 3.24
48 84 3.64
48 85 4.06
48 86 4.53
48 87 5.04
48 88 5.58
48 89 6.11
48 90 6.53
48 91 7.49
48 92 3.67
48 93 4.30
48 94 4.86
48 95 5.42
48 96 6.00
48 97 6.57
48 98 7.11
48 99 7.50
48 100 8.46
48 101 3.98
48 102 4.79
48 103 5.49
48 104 6.16
48 105 6.82
48 106 7.45
48 107 8.05
48 108 8.49
48 109 9.45
48 110 4.16
48 111 5.11
48 112 5.93
48 113 6.70
48 114 7.44
48 115 8.16
48 116 8.83
48 117 9.37
48 118 10.34
48 119 4.19
48 120 5.24
48 121 6.16
48 122 7.02
48 123 7.84
48 124 8.63
48 125 9.38
48 126 10.04
48 127 11.03
48 128 4.08
48 129 5.18
48 130 6.16
48 131 7.09
48 132 7.98
48 133 8.85
48 134 9.68
48 135 10.47
48 136 11.47
48 137 3.82
48 138 4.93
48 139 5.95
48 140 6.92
48 141 7.87
48 142 8.79
48 143 9.70
48 144 10.62
48 145 11.62
48 146 5.17
49 1 3.08
49 2 3.95
49 3 4.86
49 4 5.84
49 5 6.84
49 6 7.84
49 7 8.85
49 8 9.88
49 9 11.05
49 10 12.03
49 11 3.38
49 12 4.06
49 13 4.95
49 14 5.92
49 15 6.92
49 16 7.94
49 17 9.01
49 18 10.29
49 19 11.25
49 20 2.78
49 21 3.13
49 22 3.88
49 23 4.79
49 24 5.77
49 25 6.79
49 26 7.89
49 27 9.24
49 28 10.17
49 29 2.26
49 30 2.13
49 31 2.67
49 32 3.51
49 33 4.46
49 34 5.48
49 35 6.58
49 36 7.98
49 37 8.89
49 38 2.00
49 39 1.22
49 40 1.36
49 41 2.14
49 42 3.10
49 43 4.12
49 44 5.23
49 45 6.62
49 46 7.53
49 47 2.12
49 48 1.03
49 49 0.00
49 50 1.00
49 51 2.00
49 52 3.01
49 53 4.06
49 54 5.36
49 55 6.30
49 56 2.56
49 57 1.82
49 58 1.36
49 59 1.43
49 60 1.96
49 61 2.70
49 62 3.54
49 63 4.55
49 64 5.54
49 65 3.14
49 66 2.82
49 67 2.67
49 68 2.74
49 69 3.02
49 70 3.46
49 71 3.99
49 72 4.56
49 73 5.55
49 74 3.74
49 75 3.78
49 76 3.88
49 77 4.08
49 78 4.38
49 79 4.74
49 80 5.12
49 81 5.39
49 82 6.33
49 83 4.27
49 84 4.63
49 85 4.95
49 86 5.31
49 87 5.69
49 88 6.09
49 89 6.47
49 90 6.65
49 91 7.56
49 92 4.70
49 93 5.31
49 94 5.84
49 95 6.35
49 96 6.85
49 97 7.35
49 98 7.79
49 99 8.01
49 100 8.92
49 101 4.99
49 102 5.82
49 103 6.52
49 104 7.17
49 105 7.79
49 106 8.39
49 107 8.93
49 108 9.27
49 109 10.20
49 110 5.13
49 111 6.11
49 112 6.95
49 113 7.73
49 114 8.47
49 115 9.17
49 116 9.82
49 117 10.31
49 118 11.27
49 119 5.11
49 120 6.19
49 121 7.13
49 122 8.01
49 123 8.85
49 124 9.65
49 125 10.41
49 126 11.07
49 127 12.05
49 128 4.93
49 129 6.04
49 130 7.04
49 131 8.00
49 132 8.91
49 133 9.80
49 134 10.66
49 135 11.48
49 136 12.48
49 137 4.60
49 138 5.68
49 139 6.70
49 140 7.69
49 141 8.66
49 142 9.62
49 143 10.56
49 144 11.55
49 145 12.55
49 146 6.19
50 1 3.23
50 2 4.64
50 3 5.43
50 4 6.35
50 5 7.33
50 6 8.33
50 7 9.35
50 8 10.41
50 9 11.66
50 10 12.63
50 11 4.04
50 12 4.53
50 13 5.31
50 14 6.21
50 15 7.18
50 16 8.21
50 17 9.31
50 18 10.66
50 19 11.60
50 20 3.47
50 21 3.54
50 22 4.08
50 23 4.87
50 24 5.79
50 25 6.79
50 26 7.90
50 27 9.34
50 28 10.23
50 29 3.04
50 30 2.57
50 31 2.74
50 32 3.35
50 33 4.19
50 34 5.17
50 35 6.28
50 36 7.76
50 37 8.61
50 38 2.90
50 39 1.91
50 40 1.42
50 41 1.71
50 42 2.49
50 43 3.46
50 44 4.57
50 45 6.05
50 46 6.91
50 47 3.10
50 48 2.02
50 49 1.00
50 50 0.00
50 51 1.00
50 52 2.02
50 53 3.10
50 54 4.47
50 55 5.38
50 56 3.56
50 57 2.80
50 58 2.14
50 59 1.71
50 60 1.66
50 61 2.04
50 62 2.68
50 63 3.56
50 64 4.56
50 65 4.15
50 66 3.79
50 67 3.51
50 68 3.35
50 69 3.35
50 70 3.50
50 71 3.74
50 72 3.97
50 73 4.92
50 74 4.74
50 75 4.76
50 76 4.79
50 77 4.87
50 78 5.01
50 79 5.20
50 80 5.39
50 81 5.36
50 82 6.23
50 83 5.27
50 84 5.63
50 85 5.92
50 86 6.21
50 87 6.52
50 88 6.82
50 89 7.08
50 90 7.06
50 91 7.91
50 92 5.68
50 93 6.32
50 94 6.84
50 95 7.33
50 96 7.79
50 97 8.24
50 98 8.61
50 99 8.71
50 100 9.58
50 101 5.94
50 102 6.80
50 103 7.52
50 104 8.17
50 105 8.79
50 106 9.37
50 107 9.88
50 108 10.15
50 109 11.07
50 110 6.04
50 111 7.06
50 112 7.92
50 113 8.71
50 114 9.47
50 115 10.18
50 116 10.82
50 117 11.29
50 118 12.25
50 119 5.97
50 120 7.07
50 121 8.04
50 122 8.94
50 123 9.80
50 124 10.62
50 125 11.40
50 126 12.07
50 127 13.05
50 128 5.74
50 129 6.84
50 130 7.86
50 131 8.83
50 132 9.77
50 133 10.69
50 134 11.58
50 135 12.44
50 136 13.44
50 137 5.35
50 138 6.38
50 139 7.40
50 140 8.40
50 141 9.39
50 142 10.37
50 143 11.35
50 144 12.39
50 145 13.39
50 146 7.19
51 1 3.54
51 2 5.33
51 3 6.00
51 4 6.86
51 5 7.79
51 6 8.78
51 7 9.81
51 8 10.89
51 9 12.21
51 10 13.16
51 11 4.73
51 12 5.04
51 13 5.69
51 14 6.52
51 15 7.44
51 16 8.45
51 17 9.56
51 18 10.99
51 19 11.89
51 20 4.20
51 21 4.04
51 22 4.38
51 23 5.01
51 24 5.84
51 25 6.80
51 26 7.90
51 27 9.40
51 28 10.24
51 29 3.86
51 30 3.17
51 31 3.02
51 32 3.35
51 33 4.01
51 34 4.90
51 35 5.98
51 36 7.52
51 37 8.31
51 38 3.80
51 39 2.74
51 40 1.96
51 41 1.66
51 42 2.04
51 43 2.87
51 44 3.94
51 45 5.49
51 46 6.27
51 47 4.06
51 48 3.01
51 49 2.00
51 50 1.00
51 51 0.00
51 52 1.03
51 53 2.12
51 54 3.57
51 55 4.44
51 56 4.55
51 57 3.80
51 58 3.10
51 59 2.49
51 60 2.05
51 61 1.89
51 62 2.09
51 63 2.64
51 64 3.64
51 65 5.14
51 66 4.79
51 67 4.46
51 68 4.19
51 69 4.01
51 70 3.93
51 71 3.89
51 72 3.71
51 73 4.57
51 74 5.73
51 75 5.77
51 76 5.77
51 77 5.79
51 78 5.84
51 79 5.91
51 80 5.94
51 81 5.66
51 82 6.43
51 83 6.24
51 84 6.63
51 85 6.92
51 86 7.18
51 87 7.45
51 88 7.69
51 89 7.86
51 90 7.69
51 91 8.48
51 92 6.63
51 93 7.31
51 94 7.84
51 95 8.33
51 96 8.78
51 97 9.20
51 98 9.53
51 99 9.54
51 100 10.39
51 101 6.87
51 102 7.76
51 103 8.50
51 104 9.17
51 105 9.79
51 106 10.37
51 107 10.87
51 108 11.11
51 109 12.01
51 110 6.93
51 111 7.97
51 112 8.86
51 113 9.68
51 114 10.44
51 115 11.17
51 116 11.82
51 117 12.29
51 118 13.24
51 119 6.81
51 120 7.92
51 121 8.91
51 122 9.83
51 123 10.71
51 124 11.56
51 125 12.35
51 126 13.05
51 127 14.04
51 128 6.53
51 129 7.61
51 130 8.64
51 131 9.63
51 132 10.59
51 133 11.52
51 134 12.44
51 135 13.35
51 136 14.35
51 137 6.09
51 138 7.07
51 139 8.07
51 140 9.07
51 141 10.07
51 142 11.07
51 143 12.08
51 144 13.18
51 145 14.18
51 146 8.18
52 1 3.96
52 2 6.03
52 3 6.57
52 4 7.35
52 5 8.23
52 6 9.20
52 7 10.22
52 8 11.32
52 9 12.70
52 10 13.62
52 11 5.44
52 12 5.58
52 13 6.10
52 14 6.82
52 15 7.69
52 16 8.66
52 17 9.77
52 18 11.25
52 19 12.11
52 20 4.96
52 21 4.61
52 22 4.74
52 23 5.20
52 24 5.91
52 25 6.79
52 26 7.87
52 27 9.41
52 28 10.19
52 29 4.69
52 30 3.86
52 31 3.46
52 32 3.50
52 33 3.93
52 34 4.67
52 35 5.69
52 36 7.26
52 37 7.96
52 38 4.71
52 39 3.62
52 40 2.70
52 41 2.04
52 42 1.89
52 43 2.38
52 44 3.33
52 45 4.90
52 46 5.58
52 47 5.02
52 48 4.00
52 49 3.01
52 50 2.02
52 51 1.03
52 52 0.00
52 53 1.11
52 54 2.62
52 55 3.45
52 56 5.53
52 57 4.82
52 58 4.12
52 59 3.46
52 60 2.87
52 61 2.38
52 62 2.05
52 63 1.92
52 64 2.88
52 65 6.12
52 66 5.81
52 67 5.48
52 68 5.17
52 69 4.90
52 70 4.67
52 71 4.42
52 72 3.87
52 73 4.58
52 74 6.71
52 75 6.79
52 76 6.79
52 77 6.79
52 78 6.80
52 79 6.79
52 80 6.72
52 81 6.25
52 82 6.93
52 83 7.21
52 84 7.63
52 85 7.94
52 86 8.21
52 87 8.45
52 88 8.66
52 89 8.78
52 90 8.51
52 91 9.25
52 92 7.57
52 93 8.29
52 94 8.85
52 95 9.35
52 96 9.81
52 97 10.21
52 98 10.53
52 99 10.50
52 100 11.32
52 101 7.77
52 102 8.70
52 103 9.47
52 104 10.16
52 105 10.80
52 106 11.39
52 107 11.89
52 108 12.12
52 109 13.02
52 110 7.79
52 111 8.86
52 112 9.77
52 113 10.62
52 114 11.41
52 115 12.15
52 116 12.83
52 117 13.31
52 118 14.27
52 119 7.63
52 120 8.74
52 121 9.74
52 122 10.69
52 123 11.59
52 124 12.46
52 125 13.29
52 126 14.03
52 127 15.02
52 128 7.30
52 129 8.36
52 130 9.38
52 131 10.38
52 132 11.36
52 133 12.32
52 134 13.27
52 135 14.23
52 136 15.23
52 137 6.82
52 138 7.73
52 139 8.71
52 140 9.70
52 141 10.70
52 142 11.72
52 143 12.76
52 144 13.92
52 145 14.91
52 146 9.17
53 1 4.44
53 2 6.71
53 3 7.11
53 4 7.79
53 5 8.61
53 6 9.53
53 7 10.53
53 8 11.64
53 9 13.08
53 10 13.97
53 11 6.15
53 12 6.11
53 13 6.47
53 14 7.08
53 15 7.86
53 16 8.78
53 17 9.87
53 18 11.40
53 19 12.20
53 20 5.72
53 21 5.20
53 22 5.12
53 23 5.39
53 24 5.94
53 25 6.72
53 26 7.74
53 27 9.31
53 28 10.01
53 29 5.54
53 30 4.60
53 31 3.99
53 32 3.74
53 33 3.89
53 34 4.43
53 35 5.32
53 36 6.88
53 37 7.48
53 38 5.64
53 39 4.53
53 40 3.54
53 41 2.68
53 42 2.09
53 43 2.05
53 44 2.71
53 45 4.23
53 46 4.78
53 47 6.00
53 48 5.02
53 49 4.06
53 50 3.10
53 51 2.12
53 52 1.11
53 53 0.00
53 54 1.57
53 55 2.34
53 56 6.53
53 57 5.89
53 58 5.22
53 59 4.57
53 60 3.94
53 61 3.33
53 62 2.71
53 63 1.83
53 64 2.54
53 65 7.13
53 66 6.88
53 67 6.58
53 68 6.28
53 69 5.98
53 70 5.69
53 71 5.32
53 72 4.52
53 73 5.07
53 74 7.70
53 75 7.84
53 76 7.89
53 77 7.90
53 78 7.90
53 79 7.87
53 80 7.74
53 81 7.15
53 82 7.76
53 83 8.18
53 84 8.67
53 85 9.01
53 86 9.31
53 87 9.56
53 88 9.77
53 89 9.87
53 90 9.55
53 91 10.26
53 92 8.51
53 93 9.28
53 94 9.88
53 95 10.41
53 96 10.89
53 97 11.32
53 98 11.64
53 99 11.60
53 100 12.41
53 101 8.67
53 102 9.64
53 103 10.44
53 104 11.17
53 105 11.84
53 106 12.46
53 107 12.98
53 108 13.23
53 109 14.13
53 110 8.63
53 111 9.72
53 112 10.67
53 113 11.54
53 114 12.36
53 115 13.14
53 116 13.84
53 117 14.37
53 118 15.33
53 119 8.42
53 120 9.52
53 121 10.54
53 122 11.51
53 123 12.44
53 124 13.34
53 125 14.20
53 126 14.99
53 127 15.99
53 128 8.03
53 129 9.06
53 130 10.07
53 131 11.08
53 132 12.07
53 133 13.05
53 134 14.03
53 135 15.07
53 136 16.06
53 137 7.52
53 138 8.35
53 139 9.29
53 140 10.26
53 141 11.26
53 142 12.29
53 143 13.35
53 144 14.59
53 145 15.56
53 146 10.16
54 1 4.89
54 2 7.33
54 3 7.51
54 4 8.01
54 5 8.71
54 6 9.54
54 7 10.50
54 8 11.60
54 9 13.11
54 10 13.94
54 11 6.82
54 12 6.53
54 13 6.65
54 14 7.06
54 15 7.69
54 16 8.51
54 17 9.55
54 18 11.11
54 19 11.83
54 20 6.50
54 21 5.75
54 22 5.39
54 23 5.36
54 24 5.66
54 25 6.25
54 26 7.15
54 27 8.71
54 28 9.30
54 29 6.44
54 30 5.39
54 31 4.56
54 32 3.97
54 33 3.71
54 34 3.87
54 35 4.52
54 36 5.99
54 37 6.44
54 38 6.66
54 39 5.57
54 40 4.55
54 41 3.56
54 42 2.64
54 43 1.92
54 44 1.83
54 45 3.05
54 46 3.39
54 47 7.10
54 48 6.24
54 49 5.36
54 50 4.47
54 51 3.57
54 52 2.62
54 53 1.57
54 54 0.00
54 55 1.00
54 56 7.68
54 57 7.17
54 58 6.62
54 59 6.05
54 60 5.49
54 61 4.90
54 62 4.23
54 63 3.05
54 64 3.39
54 65 8.27
54 66 8.17
54 67 7.98
54 68 7.76
54 69 7.52
54 70 7.26
54 71 6.88
54 72 5.99
54 73 6.44
54 74 8.82
54 75 9.09
54 76 9.24
54 77 9.34
54 78 9.40
54 79 9.41
54 80 9.31
54 81 8.72
54 82 9.30
54 83 9.24
54 84 9.84
54 85 10.29
54 86 10.67
54 87 10.99
54 88 11.25
54 89 11.40
54 90 11.11
54 91 11.83
54 92 9.50
54 93 10.36
54 94 11.05
54 95 11.66
54 96 12.21
54 97 12.70
54 98 13.08
54 99 13.11
54 100 13.94
54 101 9.57
54 102 10.60
54 103 11.48
54 104 12.27
54 105 13.01
54 106 13.69
54 107 14.28
54 108 14.62
54 109 15.54
54 110 9.45
54 111 10.56
54 112 11.55
54 113 12.47
54 114 13.35
54 115 14.18
54 116 14.95
54 117 15.59
54 118 16.57
54 119 9.15
54 120 10.23
54 121 11.26
54 122 12.25
54 123 13.22
54 124 14.16
54 125 15.08
54 126 15.99
54 127 16.99
54 128 8.70
54 129 9.64
54 130 10.62
54 131 11.62
54 132 12.62
54 133 13.63
54 134 14.66
54 135 15.80
54 136 16.79
54 137 8.14
54 138 8.83
54 139 9.68
54 140 10.60
54 141 11.58
54 142 12.61
54 143 13.70
54 144 15.04
54 145 15.98
54 146 11.24
55 1 5.87
55 2 8.31
55 3 8.46
55 4 8.92
55 5 9.58
55 6 10.39
55 7 11.32
55 8 12.41
55 9 13.94
55 10 14.74
55 11 7.81
55 12 7.49
55 13 7.56
55 14 7.91
55 15 8.48
55 16 9.25
55 17 10.26
55 18 11.83
55 19 12.50
55 20 7.50
55 21 6.73
55 22 6.33
55 23 6.23
55 24 6.43
55 25 6.93
55 26 7.76
55 27 9.30
55 28 9.80
55 29 7.44
55 30 6.39
55 31 5.55
55 32 4.92
55 33 4.57
55 34 4.58
55 35 5.07
55 36 6.44
55 37 6.74
55 38 7.65
55 39 6.56
55 40 5.54
55 41 4.56
55 42 3.64
55 43 2.88
55 44 2.54
55 45 3.39
55 46 3.43
55 47 8.09
55 48 7.20
55 49 6.30
55 50 5.38
55 51 4.44
55 52 3.45
55 53 2.34
55 54 1.00
55 55 0.00
55 56 8.66
55 57 8.12
55 58 7.53
55 59 6.91
55 60 6.27
55 61 5.58
55 62 4.78
55 63 3.39
55 64 3.43
55 65 9.26
55 66 9.12
55 67 8.89
55 68 8.61
55 69 8.31
55 70 7.96
55 71 7.48
55 72 6.44
55 73 6.74
55 74 9.80
55 75 10.06
55 76 10.17
55 77 10.23
55 78 10.24
55 79 10.19
55 80 10.01
55 81 9.30
55 82 9.80
55 83 10.23
55 84 10.82
55 85 11.25
55 86 11.60
55 87 11.89
55 88 12.11
55 89 12.20
55 90 11.83
55 91 12.50
55 92 10.49
55 93 11.35
55 94 12.03
55 95 12.63
55 96 13.16
55 97 13.62
55 98 13.97
55 99 13.94
55 100 14.74
55 101 10.57
55 102 11.60
55 103 12.48
55 104 13.26
55 105 13.99
55 106 14.66
55 107 15.23
55 108 15.54
55 109 16.44
55 110 10.45
55 111 11.56
55 112 12.55
55 113 13.47
55 114 14.35
55 115 15.18
55 116 15.95
55 117 16.57
55 118 17.54
55 119 10.15
55 120 11.22
55 121 12.25
55 122 13.24
55 123 14.21
55 124 15.16
55 125 16.08
55 126 16.99
55 127 17.99
55 128 9.69
55 129 10.62
55 130 11.59
55 131 12.58
55 132 13.59
55 133 14.60
55 134 15.64
55 135 16.79
55 136 17.78
55 137 9.12
55 138 9.79
55 139 10.62
55 140 11.53
55 141 12.50
55 142 13.53
55 143 14.63
55 144 15.98
55 145 16.91
55 146 12.24
56 1 3.83
56 2 2.87
56 3 3.98
56 4 4.99
56 5 5.94
56 6 6.87
56 7 7.77
56 8 8.67
56 9 9.57
56 10 10.57
56 11 2.58
56 12 3.67
56 13 4.70
56 14 5.68
56 15 6.63
56 16 7.57
56 17 8.51
56 18 9.50
56 19 10.50
56 20 2.18
56 21 3.24
56 22 4.27
56 23 5.27
56 24 6.24
56 25 7.21
56 26 8.18
56 27 9.24
56 28 10.23
56 29 1.71
56 30 2.72
56 31 3.74
56 32 4.74
56 33 5.73
56 34 6.71
56 35 7.70
56 36 8.81
56 37 9.80
56 38 1.18
56 39 2.13
56 40 3.14
56 41 4.15
56 42 5.14
56 43 6.13
56 44 7.13
56 45 8.27
56 46 9.26
56 47 0.60
56 48 1.54
56 49 2.56
56 50 3.56
56 51 4.55
56 52 5.53
56 53 6.53
56 54 7.68
56 55 8.66
56 56 0.00
56 57 1.11
56 58 2.12
56 59 3.10
56 60 4.06
56 61 5.02
56 62 6.00
56 63 7.10
56 64 8.09
56 65 0.60
56 66 1.13
56 67 2.00
56 68 2.90
56 69 3.80
56 70 4.71
56 71 5.64
56 72 6.66
56 73 7.65
56 74 1.18
56 75 1.58
56 76 2.27
56 77 3.04
56 78 3.86
56 79 4.69
56 80 5.54
56 81 6.44
56 82 7.44
56 83 1.71
56 84 2.17
56 85 2.78
56 86 3.47
56 87 4.20
56 88 4.96
56 89 5.72
56 90 6.50
56 91 7.50
56 92 2.18
56 93 2.76
56 94 3.38
56 95 4.04
56 96 4.73
56 97 5.44
56 98 6.15
56 99 6.82
56 100 7.81
56 101 2.58
56 102 3.28
56 103 3.95
56 104 4.64
56 105 5.33
56 106 6.03
56 107 6.71
56 108 7.33
56 109 8.31
56 110 2.87
56 111 3.70
56 112 4.45
56 113 5.18
56 114 5.90
56 115 6.62
56 116 7.31
56 117 7.92
56 118 8.90
56 119 3.06
56 120 4.00
56 121 4.83
56 122 5.61
56 123 6.38
56 124 7.14
56 125 7.86
56 126 8.51
56 127 9.49
56 128 3.14
56 129 4.16
56 130 5.06
56 131 5.91
56 132 6.73
56 133 7.53
56 134 8.30
56 135 9.00
56 136 10.00
56 137 3.11
56 138 4.19
56 139 5.14
56 140 6.04
56 141 6.91
56 142 7.75
56 143 8.58
56 144 9.36
56 145 10.36
56 146 3.64
57 1 4.01
57 2 3.70
57 3 4.79
57 4 5.82
57 5 6.80
57 6 7.76
57 7 8.70
57 8 9.64
57 9 10.60
57 10 11.60
57 11 3.28
57 12 4.30
57 13 5.32
57 14 6.32
57 15 7.30
57 16 8.29
57 17 9.28
57 18 10.36
57 19 11.35
57 20 2.76
57 21 3.64
57 22 4.63
57 23 5.63
57 24 6.63
57 25 7.63
57 26 8.67
57 27 9.84
57 28 10.82
57 29 2.17
57 30 2.86
57 31 3.78
57 32 4.76
57 33 5.77
57 34 6.79
57 35 7.85
57 36 9.09
57 37 10.06
57 38 1.58
57 39 1.97
57 40 2.82
57 41 3.79
57 42 4.79
57 43 5.81
57 44 6.88
57 45 8.17
57 46 9.12
57 47 1.13
57 48 1.00
57 49 1.82
57 50 2.80
57 51 3.80
57 52 4.82
57 53 5.89
57 54 7.17
57 55 8.12
57 56 1.11
57 57 0.00
57 58 1.03
57 59 2.02
57 60 3.01
57 61 4.00
57 62 5.02
57 63 6.24
57 64 7.20
57 65 1.54
57 66 1.00
57 67 1.22
57 68 1.91
57 69 2.74
57 70 3.62
57 71 4.53
57 72 5.57
57 73 6.56
57 74 2.13
57 75 1.96
57 76 2.13
57 77 2.57
57 78 3.17
57 79 3.86
57 80 4.60
57 81 5.39
57 82 6.39
57 83 2.72
57 84 2.86
57 85 3.13
57 86 3.54
57 87 4.04
57 88 4.61
57 89 5.20
57 90 5.75
57 91 6.73
57 92 3.24
57 93 3.64
57 94 4.06
57 95 4.53
57 96 5.04
57 97 5.58
57 98 6.11
57 99 6.53
57 100 7.49
57 101 3.67
57 102 4.30
57 103 4.86
57 104 5.43
57 105 6.00
57 106 6.57
57 107 7.11
57 108 7.50
57 109 8.46
57 110 3.98
57 111 4.79
57 112 5.49
57 113 6.16
57 114 6.82
57 115 7.45
57 116 8.05
57 117 8.49
57 118 9.45
57 119 4.16
57 120 5.11
57 121 5.93
57 122 6.70
57 123 7.44
57 124 8.16
57 125 8.83
57 126 9.37
57 127 10.34
57 128 4.19
57 129 5.24
57 130 6.16
57 131 7.02
57 132 7.84
57 133 8.63
57 134 9.38
57 135 10.04
57 136 11.03
57 137 4.08
57 138 5.18
57 139 6.16
57 140 7.09
57 141 7.98
57 142 8.85
57 143 9.68
57 144 10.47
57 145 11.47
57 146 4.48
58 1 4.23
58 2 4.45
58 3 5.49
58 4 6.52
58 5 7.52
58 6 8.50
58 7 9.47
58 8 10.44
58 9 11.48
58 10 12.48
58 11 3.95
58 12 4.86
58 13 5.84
58 14 6.84
58 15 7.84
58 16 8.85
58 17 9.88
58 18 11.05
58 19 12.03
58 20 3.38
58 21 4.06
58 22 4.95
58 23 5.92
58 24 6.92
58 25 7.94
58 26 9.02
58 27 10.29
58 28 11.25
58 29 2.78
58 30 3.13
58 31 3.88
58 32 4.79
58 33 5.77
58 34 6.79
58 35 7.89
58 36 9.24
58 37 10.17
58 38 2.27
58 39 2.13
58 40 2.67
58 41 3.51
58 42 4.46
58 43 5.48
58 44 6.58
58 45 7.98
58 46 8.89
58 47 2.00
58 48 1.22
58 49 1.36
58 50 2.14
58 51 3.10
58 52 4.12
58 53 5.22
58 54 6.62
58 55 7.53
58 56 2.12
58 57 1.03
58 58 0.00
58 59 1.00
58 60 2.00
58 61 3.01
58 62 4.06
58 63 5.36
58 64 6.30
58 65 2.56
58 66 1.82
58 67 1.36
58 68 1.42
58 69 1.96
58 70 2.70
58 71 3.54
58 72 4.54
58 73 5.54
58 74 3.15
58 75 2.82
58 76 2.67
58 77 2.74
58 78 3.02
58 79 3.46
58 80 3.99
58 81 4.56
58 82 5.55
58 83 3.74
58 84 3.78
58 85 3.88
58 86 4.08
58 87 4.38
58 88 4.74
58 89 5.12
58 90 5.39
58 91 6.33
58 92 4.27
58 93 4.63
58 94 4.96
58 95 5.31
58 96 5.69
58 97 6.10
58 98 6.47
58 99 6.65
58 100 7.56
58 101 4.70
58 102 5.32
58 103 5.84
58 104 6.35
58 105 6.86
58 106 7.35
58 107 7.79
58 108 8.01
58 109 8.92
58 110 4.99
58 111 5.82
58 112 6.52
58 113 7.17
58 114 7.79
58 115 8.39
58 116 8.93
58 117 9.27
58 118 10.20
58 119 5.13
58 120 6.11
58 121 6.95
58 122 7.73
58 123 8.47
58 124 9.17
58 125 9.82
58 126 10.31
58 127 11.27
58 128 5.11
58 129 6.19
58 130 7.13
58 131 8.01
58 132 8.85
58 133 9.65
58 134 10.41
58 135 11.07
58 136 12.05
58 137 4.93
58 138 6.04
58 139 7.05
58 140 8.00
58 141 8.91
58 142 9.80
58 143 10.66
58 144 11.49
58 145 12.48
58 146 5.44
59 1 4.51
59 2 5.18
59 3 6.16
59 4 7.17
59 5 8.17
59 6 9.17
59 7 10.16
59 8 11.17
59 9 12.27
59 10 13.26
59 11 4.64
59 12 5.43
59 13 6.35
59 14 7.33
59 15 8.33
59 16 9.35
59 17 10.42
59 18 11.66
59 19 12.63
59 20 4.04
59 21 4.53
59 22 5.31
59 23 6.21
59 24 7.19
59 25 8.21
59 26 9.31
59 27 10.67
59 28 11.60
59 29 3.47
59 30 3.54
59 31 4.09
59 32 4.87
59 33 5.79
59 34 6.79
59 35 7.90
59 36 9.34
59 37 10.23
59 38 3.04
59 39 2.57
59 40 2.74
59 41 3.35
59 42 4.19
59 43 5.17
59 44 6.28
59 45 7.76
59 46 8.62
59 47 2.90
59 48 1.91
59 49 1.43
59 50 1.71
59 51 2.49
59 52 3.46
59 53 4.57
59 54 6.05
59 55 6.91
59 56 3.10
59 57 2.02
59 58 1.00
59 59 0.00
59 60 1.00
59 61 2.02
59 62 3.10
59 63 4.47
59 64 5.39
59 65 3.56
59 66 2.80
59 67 2.14
59 68 1.71
59 69 1.66
59 70 2.04
59 71 2.68
59 72 3.56
59 73 4.56
59 74 4.15
59 75 3.79
59 76 3.51
59 77 3.35
59 78 3.35
59 79 3.50
59 80 3.74
59 81 3.97
59 82 4.92
59 83 4.74
59 84 4.76
59 85 4.79
59 86 4.87
59 87 5.01
59 88 5.20
59 89 5.39
59 90 5.36
59 91 6.23
59 92 5.27
59 93 5.63
59 94 5.92
59 95 6.21
59 96 6.52
59 97 6.82
59 98 7.08
59 99 7.06
59 100 7.91
59 101 5.68
59 102 6.32
59 103 6.84
59 104 7.33
59 105 7.79
59 106 8.23
59 107 8.61
59 108 8.71
59 109 9.58
59 110 5.94
59 111 6.80
59 112 7.52
59 113 8.17
59 114 8.79
59 115 9.37
59 116 9.88
59 117 10.15
59 118 11.06
59 119 6.04
59 120 7.06
59 121 7.92
59 122 8.72
59 123 9.47
59 124 10.18
59 125 10.82
59 126 11.29
59 127 12.24
59 128 5.97
59 129 7.07
59 130 8.04
59 131 8.94
59 132 9.80
59 133 10.62
59 134 11.40
59 135 12.07
59 136 13.05
59 137 5.74
59 138 6.84
59 139 7.86
59 140 8.83
59 141 9.77
59 142 10.69
59 143 11.58
59 144 12.44
59 145 13.44
59 146 6.43
60 1 4.85
60 2 5.90
60 3 6.82
60 4 7.79
60 5 8.79
60 6 9.79
60 7 10.80
60 8 11.84
60 9 13.01
60 10 13.99
60 11 5.33
60 12 6.00
60 13 6.86
60 14 7.79
60 15 8.78
60 16 9.81
60 17 10.90
60 18 12.21
60 19 13.16
60 20 4.73
60 21 5.04
60 22 5.69
60 23 6.52
60 24 7.45
60 25 8.45
60 26 9.56
60 27 10.99
60 28 11.89
60 29 4.20
60 30 4.04
60 31 4.38
60 32 5.01
60 33 5.84
60 34 6.80
60 35 7.90
60 36 9.40
60 37 10.24
60 38 3.86
60 39 3.18
60 40 3.02
60 41 3.35
60 42 4.02
60 43 4.90
60 44 5.98
60 45 7.52
60 46 8.31
60 47 3.81
60 48 2.74
60 49 1.96
60 50 1.66
60 51 2.05
60 52 2.87
60 53 3.94
60 54 5.49
60 55 6.27
60 56 4.06
60 57 3.01
60 58 2.00
60 59 1.00
60 60 0.00
60 61 1.03
60 62 2.12
60 63 3.57
60 64 4.44
60 65 4.55
60 66 3.80
60 67 3.10
60 68 2.49
60 69 2.04
60 70 1.89
60 71 2.09
60 72 2.64
60 73 3.64
60 74 5.14
60 75 4.79
60 76 4.46
60 77 4.19
60 78 4.01
60 79 3.93
60 80 3.89
60 81 3.71
60 82 4.57
60 83 5.73
60 84 5.77
60 85 5.77
60 86 5.79
60 87 5.84
60 88 5.91
60 89 5.94
60 90 5.66
60 91 6.43
60 92 6.24
60 93 6.63
60 94 6.92
60 95 7.18
60 96 7.44
60 97 7.69
60 98 7.86
60 99 7.69
60 100 8.48
60 101 6.63
60 102 7.31
60 103 7.84
60 104 8.33
60 105 8.78
60 106 9.19
60 107 9.53
60 108 9.54
60 109 10.39
60 110 6.87
60 111 7.76
60 112 8.50
60 113 9.17
60 114 9.79
60 115 10.37
60 116 10.87
60 117 11.10
60 118 12.01
60 119 6.93
60 120 7.97
60 121 8.86
60 122 9.68
60 123 10.44
60 124 11.17
60 125 11.82
60 126 12.29
60 127 13.24
60 128 6.81
60 129 7.92
60 130 8.91
60 131 9.83
60 132 10.71
60 133 11.56
60 134 12.36
60 135 13.05
60 136 14.04
60 137 6.53
60 138 7.61
60 139 8.64
60 140 9.63
60 141 10.59
60 142 11.52
60 143 12.44
60 144 13.35
60 145 14.35
60 146 7.44
61 1 5.24
61 2 6.62
61 3 7.45
61 4 8.39
61 5 9.37
61 6 10.37
61 7 11.39
61 8 12.46
61 9 13.68
61 10 14.66
61 11 6.03
61 12 6.57
61 13 7.35
61 14 8.24
61 15 9.19
61 16 10.22
61 17 11.32
61 18 12.70
61 19 13.62
61 20 5.44
61 21 5.58
61 22 6.09
61 23 6.82
61 24 7.69
61 25 8.66
61 26 9.77
61 27 11.25
61 28 12.11
61 29 4.96
61 30 4.61
61 31 4.74
61 32 5.20
61 33 5.91
61 34 6.79
61 35 7.87
61 36 9.41
61 37 10.19
61 38 4.69
61 39 3.86
61 40 3.46
61 41 3.50
61 42 3.93
61 43 4.67
61 44 5.69
61 45 7.26
61 46 7.96
61 47 4.71
61 48 3.62
61 49 2.70
61 50 2.04
61 51 1.89
61 52 2.38
61 53 3.33
61 54 4.90
61 55 5.58
61 56 5.02
61 57 4.00
61 58 3.01
61 59 2.02
61 60 1.03
61 61 0.00
61 62 1.11
61 63 2.62
61 64 3.45
61 65 5.53
61 66 4.82
61 67 4.12
61 68 3.46
61 69 2.87
61 70 2.38
61 71 2.05
61 72 1.92
61 73 2.88
61 74 6.13
61 75 5.81
61 76 5.48
61 77 5.17
61 78 4.90
61 79 4.67
61 80 4.43
61 81 3.87
61 82 4.58
61 83 6.71
61 84 6.79
61 85 6.79
61 86 6.79
61 87 6.80
61 88 6.79
61 89 6.72
61 90 6.25
61 91 6.93
61 92 7.21
61 93 7.63
61 94 7.94
61 95 8.21
61 96 8.45
61 97 8.66
61 98 8.78
61 99 8.51
61 100 9.25
61 101 7.57
61 102 8.29
61 103 8.85
61 104 9.35
61 105 9.81
61 106 10.22
61 107 10.53
61 108 10.50
61 109 11.32
61 110 7.77
61 111 8.70
61 112 9.47
61 113 10.16
61 114 10.80
61 115 11.39
61 116 11.89
61 117 12.12
61 118 13.02
61 119 7.79
61 120 8.86
61 121 9.77
61 122 10.62
61 123 11.41
61 124 12.15
61 125 12.83
61 126 13.31
61 127 14.27
61 128 7.63
61 129 8.74
61 130 9.74
61 131 10.69
61 132 11.59
61 133 12.46
61 134 13.29
61 135 14.03
61 136 15.02
61 137 7.30
61 138 8.36
61 139 9.38
61 140 10.38
61 141 11.36
61 142 12.32
61 143 13.27
61 144 14.23
61 145 15.23
61 146 8.45
62 1 5.63
62 2 7.31
62 3 8.05
62 4 8.93
62 5 9.88
62 6 10.87
62 7 11.90
62 8 12.98
62 9 14.28
62 10 15.23
62 11 6.71
62 12 7.11
62 13 7.79
62 14 8.61
62 15 9.53
62 16 10.53
62 17 11.64
62 18 13.08
62 19 13.97
62 20 6.15
62 21 6.11
62 22 6.47
62 23 7.08
62 24 7.86
62 25 8.78
62 26 9.87
62 27 11.40
62 28 12.20
62 29 5.72
62 30 5.20
62 31 5.12
62 32 5.39
62 33 5.94
62 34 6.72
62 35 7.74
62 36 9.31
62 37 10.01
62 38 5.54
62 39 4.60
62 40 3.99
62 41 3.74
62 42 3.89
62 43 4.43
62 44 5.32
62 45 6.88
62 46 7.48
62 47 5.64
62 48 4.53
62 49 3.54
62 50 2.68
62 51 2.09
62 52 2.05
62 53 2.71
62 54 4.23
62 55 4.78
62 56 6.00
62 57 5.02
62 58 4.06
62 59 3.10
62 60 2.12
62 61 1.11
62 62 0.00
62 63 1.57
62 64 2.34
62 65 6.53
62 66 5.89
62 67 5.22
62 68 4.57
62 69 3.94
62 70 3.33
62 71 2.71
62 72 1.83
62 73 2.54
62 74 7.13
62 75 6.88
62 76 6.58
62 77 6.28
62 78 5.98
62 79 5.69
62 80 5.32
62 81 4.52
62 82 5.07
62 83 7.70
62 84 7.85
62 85 7.89
62 86 7.90
62 87 7.90
62 88 7.87
62 89 7.74
62 90 7.15
62 91 7.76
62 92 8.18
62 93 8.67
62 94 9.02
62 95 9.31
62 96 9.56
62 97 9.77
62 98 9.87
62 99 9.55
62 100 10.26
62 101 8.51
62 102 9.28
62 103 9.88
62 104 10.42
62 105 10.89
62 106 11.32
62 107 11.64
62 108 11.60
62 109 12.41
62 110 8.67
62 111 9.64
62 112 10.44
62 113 11.17
62 114 11.84
62 115 12.46
62 116 12.98
62 117 13.23
62 118 14.13
62 119 8.63
62 120 9.72
62 121 10.67
62 122 11.54
62 123 12.36
62 124 13.14
62 125 13.84
62 126 14.37
62 127 15.33
62 128 8.42
62 129 9.52
62 130 10.54
62 131 11.51
62 132 12.44
62 133 13.34
62 134 14.20
62 135 14.99
62 136 15.99
62 137 8.04
62 138 9.06
62 139 10.07
62 140 11.08
62 141 12.07
62 142 13.05
62 143 14.03
62 144 15.07
62 145 16.06
62 146 9.50
63 1 5.88
63 2 7.92
63 3 8.49
63 4 9.27
63 5 10.15
63 6 11.10
63 7 12.12
63 8 13.23
63 9 14.62
63 10 15.54
63 11 7.33
63 12 7.50
63 13 8.01
63 14 8.71
63 15 9.54
63 16 10.50
63 17 11.60
63 18 13.11
63 19 13.94
63 20 6.82
63 21 6.53
63 22 6.65
63 23 7.06
63 24 7.69
63 25 8.51
63 26 9.55
63 27 11.11
63 28 11.83
63 29 6.50
63 30 5.75
63 31 5.39
63 32 5.36
63 33 5.66
63 34 6.25
63 35 7.15
63 36 8.71
63 37 9.30
63 38 6.44
63 39 5.39
63 40 4.56
63 41 3.97
63 42 3.71
63 43 3.87
63 44 4.52
63 45 5.99
63 46 6.44
63 47 6.66
63 48 5.57
63 49 4.55
63 50 3.56
63 51 2.64
63 52 1.92
63 53 1.83
63 54 3.05
63 55 3.39
63 56 7.10
63 57 6.24
63 58 5.36
63 59 4.47
63 60 3.57
63 61 2.62
63 62 1.57
63 63 0.00
63 64 1.00
63 65 7.67
63 66 7.17
63 67 6.62
63 68 6.05
63 69 5.49
63 70 4.90
63 71 4.23
63 72 3.05
63 73 3.39
63 74 8.27
63 75 8.17
63 76 7.98
63 77 7.76
63 78 7.52
63 79 7.26
63 80 6.88
63 81 5.99
63 82 6.44
63 83 8.81
63 84 9.09
63 85 9.24
63 86 9.34
63 87 9.40
63 88 9.41
63 89 9.31
63 90 8.71
63 91 9.30
63 92 9.24
63 93 9.84
63 94 10.29
63 95 10.66
63 96 10.99
63 97 11.25
63 98 11.40
63 99 11.11
63 100 11.83
63 101 9.50
63 102 10.36
63 103 11.05
63 104 11.66
63 105 12.21
63 106 12.70
63 107 13.08
63 108 13.11
63 109 13.94
63 110 9.57
63 111 10.60
63 112 11.48
63 113 12.27
63 114 13.01
63 115 13.68
63 116 14.28
63 117 14.62
63 118 15.54
63 119 9.45
63 120 10.56
63 121 11.55
63 122 12.47
63 123 13.35
63 124 14.18
63 125 14.95
63 126 15.59
63 127 16.57
63 128 9.15
63 129 10.23
63 130 11.26
63 131 12.25
63 132 13.22
63 133 14.16
63 134 15.08
63 135 15.99
63 136 16.99
63 137 8.70
63 138 9.64
63 139 10.62
63 140 11.62
63 141 12.62
63 142 13.63
63 143 14.66
63 144 15.80
63 145 16.79
63 146 10.70
64 1 6.81
64 2 8.90
64 3 9.45
64 4 10.20
64 5 11.06
64 6 12.01
64 7 13.02
64 8 14.13
64 9 15.54
64 10 16.44
64 11 8.31
64 12 8.46
64 13 8.92
64 14 9.58
64 15 10.39
64 16 11.32
64 17 12.41
64 18 13.94
64 19 14.74
64 20 7.81
64 21 7.49
64 22 7.56
64 23 7.91
64 24 8.48
64 25 9.25
64 26 10.26
64 27 11.83
64 28 12.50
64 29 7.50
64 30 6.73
64 31 6.33
64 32 6.23
64 33 6.43
64 34 6.93
64 35 7.76
64 36 9.30
64 37 9.80
64 38 7.44
64 39 6.39
64 40 5.55
64 41 4.92
64 42 4.57
64 43 4.58
64 44 5.07
64 45 6.44
64 46 6.74
64 47 7.65
64 48 6.56
64 49 5.54
64 50 4.56
64 51 3.64
64 52 2.88
64 53 2.54
64 54 3.39
64 55 3.43
64 56 8.09
64 57 7.20
64 58 6.30
64 59 5.39
64 60 4.44
64 61 3.45
64 62 2.34
64 63 1.00
64 64 0.00
64 65 8.66
64 66 8.12
64 67 7.53
64 68 6.91
64 69 6.27
64 70 5.58
64 71 4.78
64 72 3.39
64 73 3.43
64 74 9.26
64 75 9.12
64 76 8.89
64 77 8.61
64 78 8.31
64 79 7.96
64 80 7.48
64 81 6.44
64 82 6.74
64 83 9.80
64 84 10.06
64 85 10.17
64 86 10.23
64 87 10.24
64 88 10.19
64 89 10.01
64 90 9.30
64 91 9.80
64 92 10.23
64 93 10.82
64 94 11.25
64 95 11.60
64 96 11.89
64 97 12.11
64 98 12.20
64 99 11.83
64 100 12.50
64 101 10.50
64 102 11.35
64 103 12.03
64 104 12.63
64 105 13.16
64 106 13.62
64 107 13.97
64 108 13.94
64 109 14.74
64 110 10.57
64 111 11.60
64 112 12.48
64 113 13.26
64 114 13.99
64 115 14.66
64 116 15.23
64 117 15.54
64 118 16.44
64 119 10.45
64 120 11.56
64 121 12.55
64 122 13.47
64 123 14.35
64 124 15.18
64 125 15.95
64 126 16.57
64 127 17.54
64 128 10.15
64 129 11.22
64 130 12.25
64 131 13.24
64 132 14.21
64 133 15.16
64 134 16.08
64 135 16.99
64 136 17.99
64 137 9.69
64 138 10.61
64 139 11.59
64 140 12.58
64 141 13.59
64 142 14.60
64 143 15.64
64 144 16.79
64 145 17.78
64 146 11.68
65 1 4.32
65 2 3.06
65 3 4.16
65 4 5.13
65 5 6.04
65 6 6.93
65 7 7.79
65 8 8.63
65 9 9.45
65 10 10.45
65 11 2.87
65 12 3.98
65 13 4.99
65 14 5.94
65 15 6.87
65 16 7.77
65 17 8.67
65 18 9.57
65 19 10.57
65 20 2.58
65 21 3.67
65 22 4.70
65 23 5.68
65 24 6.63
65 25 7.57
65 26 8.51
65 27 9.50
65 28 10.50
65 29 2.18
65 30 3.24
65 31 4.27
65 32 5.27
65 33 6.24
65 34 7.21
65 35 8.18
65 36 9.24
65 37 10.23
65 38 1.71
65 39 2.72
65 40 3.74
65 41 4.74
65 42 5.73
65 43 6.71
65 44 7.70
65 45 8.81
65 46 9.80
65 47 1.18
65 48 2.13
65 49 3.14
65 50 4.15
65 51 5.14
65 52 6.12
65 53 7.13
65 54 8.27
65 55 9.26
65 56 0.60
65 57 1.54
65 58 2.56
65 59 3.56
65 60 4.55
65 61 5.53
65 62 6.53
65 63 7.67
65 64 8.66
65 65 0.00
65 66 1.11
65 67 2.12
65 68 3.10
65 69 4.06
65 70 5.02
65 71 6.00
65 72 7.10
65 73 8.09
65 74 0.60
65 75 1.13
65 76 2.00
65 77 2.90
65 78 3.80
65 79 4.71
65 80 5.64
65 81 6.66
65 82 7.65
65 83 1.18
65 84 1.58
65 85 2.26
65 86 3.04
65 87 3.86
65 88 4.69
65 89 5.53
65 90 6.44
65 91 7.44
65 92 1.71
65 93 2.17
65 94 2.78
65 95 3.47
65 96 4.20
65 97 4.96
65 98 5.72
65 99 6.50
65 100 7.50
65 101 2.19
65 102 2.76
65 103 3.38
65 104 4.04
65 105 4.73
65 106 5.44
65 107 6.15
65 108 6.82
65 109 7.81
65 110 2.58
65 111 3.28
65 112 3.95
65 113 4.64
65 114 5.33
65 115 6.03
65 116 6.71
65 117 7.33
65 118 8.31
65 119 2.87
65 120 3.70
65 121 4.45
65 122 5.18
65 123 5.91
65 124 6.62
65 125 7.31
65 126 7.92
65 127 8.90
65 128 3.06
65 129 4.00
65 130 4.83
65 131 5.62
65 132 6.38
65 133 7.14
65 134 7.86
65 135 8.51
65 136 9.49
65 137 3.14
65 138 4.16
65 139 5.06
65 140 5.91
65 141 6.73
65 142 7.53
65 143 8.30
65 144 9.00
65 145 10.00
65 146 3.04
66 1 4.80
66 2 4.00
66 3 5.11
66 4 6.11
66 5 7.06
66 6 7.97
66 7 8.86
66 8 9.72
66 9 10.56
66 10 11.56
66 11 3.70
66 12 4.79
66 13 5.82
66 14 6.80
66 15 7.76
66 16 8.70
66 17 9.64
66 18 10.60
66 19 11.60
66 20 3.28
66 21 4.30
66 22 5.31
66 23 6.32
66 24 7.31
66 25 8.29
66 26 9.28
66 27 10.36
66 28 11.35
66 29 2.76
66 30 3.64
66 31 4.63
66 32 5.63
66 33 6.63
66 34 7.63
66 35 8.67
66 36 9.84
66 37 10.82
66 38 2.17
66 39 2.86
66 40 3.78
66 41 4.76
66 42 5.77
66 43 6.79
66 44 7.85
66 45 9.09
66 46 10.06
66 47 1.58
66 48 1.96
66 49 2.82
66 50 3.79
66 51 4.79
66 52 5.81
66 53 6.88
66 54 8.17
66 55 9.12
66 56 1.13
66 57 1.00
66 58 1.82
66 59 2.80
66 60 3.80
66 61 4.82
66 62 5.89
66 63 7.17
66 64 8.12
66 65 1.11
66 66 0.00
66 67 1.03
66 68 2.02
66 69 3.01
66 70 4.00
66 71 5.02
66 72 6.24
66 73 7.20
66 74 1.54
66 75 1.00
66 76 1.22
66 77 1.91
66 78 2.74
66 79 3.62
66 80 4.53
66 81 5.57
66 82 6.56
66 83 2.13
66 84 1.96
66 85 2.13
66 86 2.57
66 87 3.17
66 88 3.86
66 89 4.60
66 90 5.39
66 91 6.39
66 92 2.72
66 93 2.86
66 94 3.13
66 95 3.54
66 96 4.04
66 97 4.61
66 98 5.20
66 99 5.75
66 100 6.73
66 101 3.24
66 102 3.64
66 103 4.06
66 104 4.53
66 105 5.04
66 106 5.58
66 107 6.11
66 108 6.53
66 109 7.49
66 110 3.67
66 111 4.30
66 112 4.86
66 113 5.43
66 114 6.00
66 115 6.57
66 116 7.11
66 117 7.50
66 118 8.46
66 119 3.98
66 120 4.79
66 121 5.49
66 122 6.16
66 123 6.82
66 124 7.45
66 125 8.05
66 126 8.49
66 127 9.45
66 128 4.16
66 129 5.11
66 130 5.93
66 131 6.70
66 132 7.44
66 133 8.16
66 134 8.83
66 135 9.37
66 136 10.34
66 137 4.19
66 138 5.24
66 139 6.16
66 140 7.02
66 141 7.84
66 142 8.63
66 143 9.38
66 144 10.04
66 145 11.03
66 146 3.64
67 1 5.21
67 2 4.83
67 3 5.93
67 4 6.95
67 5 7.92
67 6 8.86
67 7 9.77
67 8 10.67
67 9 11.55
67 10 12.55
67 11 4.45
67 12 5.49
67 13 6.52
67 14 7.52
67 15 8.50
67 16 9.47
67 17 10.44
67 18 11.48
67 19 12.48
67 20 3.95
67 21 4.86
67 22 5.84
67 23 6.84
67 24 7.84
67 25 8.85
67 26 9.88
67 27 11.05
67 28 12.03
67 29 3.38
67 30 4.06
67 31 4.95
67 32 5.92
67 33 6.92
67 34 7.94
67 35 9.01
67 36 10.29
67 37 11.25
67 38 2.78
67 39 3.13
67 40 3.88
67 41 4.79
67 42 5.77
67 43 6.79
67 44 7.89
67 45 9.24
67 46 10.17
67 47 2.27
67 48 2.13
67 49 2.67
67 50 3.51
67 51 4.46
67 52 5.48
67 53 6.58
67 54 7.98
67 55 8.89
67 56 2.00
67 57 1.22
67 58 1.36
67 59 2.14
67 60 3.10
67 61 4.12
67 62 5.22
67 63 6.62
67 64 7.53
67 65 2.12
67 66 1.03
67 67 0.00
67 68 1.00
67 69 2.00
67 70 3.01
67 71 4.06
67 72 5.36
67 73 6.30
67 74 2.56
67 75 1.82
67 76 1.36
67 77 1.42
67 78 1.96
67 79 2.70
67 80 3.54
67 81 4.55
67 82 5.54
67 83 3.14
67 84 2.82
67 85 2.67
67 86 2.74
67 87 3.02
67 88 3.46
67 89 3.99
67 90 4.56
67 91 5.55
67 92 3.74
67 93 3.78
67 94 3.89
67 95 4.09
67 96 4.38
67 97 4.74
67 98 5.12
67 99 5.39
67 100 6.33
67 101 4.27
67 102 4.63
67 103 4.95
67 104 5.31
67 105 5.69
67 106 6.10
67 107 6.47
67 108 6.65
67 109 7.56
67 110 4.70
67 111 5.32
67 112 5.84
67 113 6.35
67 114 6.86
67 115 7.35
67 116 7.79
67 117 8.01
67 118 8.92
67 119 4.99
67 120 5.82
67 121 6.52
67 122 7.17
67 123 7.80
67 124 8.39
67 125 8.93
67 126 9.27
67 127 10.20
67 128 5.13
67 129 6.11
67 130 6.95
67 131 7.73
67 132 8.47
67 133 9.17
67 134 9.82
67 135 10.31
67 136 11.27
67 137 5.11
67 138 6.19
67 139 7.13
67 140 8.01
67 141 8.85
67 142 9.65
67 143 10.41
67 144 11.07
67 145 12.05
67 146 4.50
68 1 5.64
68 2 5.61
68 3 6.70
68 4 7.73
68 5 8.72
68 6 9.68
68 7 10.62
68 8 11.54
68 9 12.47
68 10 13.47
68 11 5.18
68 12 6.16
68 13 7.17
68 14 8.17
68 15 9.17
68 16 10.16
68 17 11.17
68 18 12.27
68 19 13.26
68 20 4.64
68 21 5.43
68 22 6.35
68 23 7.33
68 24 8.33
68 25 9.35
68 26 10.42
68 27 11.66
68 28 12.63
68 29 4.04
68 30 4.53
68 31 5.31
68 32 6.21
68 33 7.18
68 34 8.21
68 35 9.31
68 36 10.67
68 37 11.60
68 38 3.47
68 39 3.54
68 40 4.08
68 41 4.87
68 42 5.79
68 43 6.79
68 44 7.90
68 45 9.34
68 46 10.23
68 47 3.04
68 48 2.57
68 49 2.74
68 50 3.35
68 51 4.19
68 52 5.17
68 53 6.28
68 54 7.76
68 55 8.61
68 56 2.90
68 57 1.91
68 58 1.42
68 59 1.71
68 60 2.49
68 61 3.46
68 62 4.57
68 63 6.05
68 64 6.91
68 65 3.10
68 66 2.02
68 67 1.00
68 68 0.00
68 69 1.00
68 70 2.02
68 71 3.10
68 72 4.47
68 73 5.38
68 74 3.56
68 75 2.80
68 76 2.15
68 77 1.71
68 78 1.66
68 79 2.04
68 80 2.68
68 81 3.56
68 82 4.56
68 83 4.15
68 84 3.79
68 85 3.51
68 86 3.35
68 87 3.35
68 88 3.50
68 89 3.74
68 90 3.97
68 91 4.92
68 92 4.74
68 93 4.76
68 94 4.79
68 95 4.87
68 96 5.01
68 97 5.20
68 98 5.39
68 99 5.36
68 100 6.23
68 101 5.27
68 102 5.63
68 103 5.92
68 104 6.21
68 105 6.52
68 106 6.82
68 107 7.08
68 108 7.06
68 109 7.91
68 110 5.68
68 111 6.32
68 112 6.84
68 113 7.33
68 114 7.79
68 115 8.23
68 116 8.61
68 117 8.71
68 118 9.58
68 119 5.94
68 120 6.80
68 121 7.52
68 122 8.17
68 123 8.79
68 124 9.37
68 125 9.88
68 126 10.15
68 127 11.06
68 128 6.04
68 129 7.06
68 130 7.92
68 131 8.72
68 132 9.47
68 133 10.18
68 134 10.82
68 135 11.29
68 136 12.24
68 137 5.97
68 138 7.07
68 139 8.04
68 140 8.94
68 141 9.80
68 142 10.62
68 143 11.40
68 144 12.07
68 145 13.05
68 146 5.45
69 1 6.09
69 2 6.38
69 3 7.44
69 4 8.47
69 5 9.47
69 6 10.44
69 7 11.41
69 8 12.36
69 9 13.35
69 10 14.35
69 11 5.90
69 12 6.82
69 13 7.79
69 14 8.79
69 15 9.79
69 16 10.80
69 17 11.84
69 18 13.01
69 19 13.99
69 20 5.33
69 21 6.00
69 22 6.85
69 23 7.79
69 24 8.78
69 25 9.81
69 26 10.89
69 27 12.21
69 28 13.16
69 29 4.73
69 30 5.04
69 31 5.69
69 32 6.52
69 33 7.44
69 34 8.45
69 35 9.56
69 36 10.99
69 37 11.89
69 38 4.20
69 39 4.04
69 40 4.38
69 41 5.01
69 42 5.84
69 43 6.79
69 44 7.90
69 45 9.40
69 46 10.24
69 47 3.86
69 48 3.17
69 49 3.02
69 50 3.35
69 51 4.01
69 52 4.90
69 53 5.98
69 54 7.52
69 55 8.31
69 56 3.80
69 57 2.74
69 58 1.96
69 59 1.66
69 60 2.04
69 61 2.87
69 62 3.94
69 63 5.49
69 64 6.27
69 65 4.06
69 66 3.01
69 67 2.00
69 68 1.00
69 69 0.00
69 70 1.03
69 71 2.12
69 72 3.57
69 73 4.44
69 74 4.55
69 75 3.80
69 76 3.10
69 77 2.49
69 78 2.05
69 79 1.89
69 80 2.09
69 81 2.64
69 82 3.64
69 83 5.14
69 84 4.79
69 85 4.46
69 86 4.19
69 87 4.02
69 88 3.93
69 89 3.89
69 90 3.71
69 91 4.57
69 92 5.73
69 93 5.77
69 94 5.77
69 95 5.79
69 96 5.84
69 97 5.91
69 98 5.94
69 99 5.66
69 100 6.43
69 101 6.24
69 102 6.63
69 103 6.92
69 104 7.19
69 105 7.45
69 106 7.69
69 107 7.86
69 108 7.69
69 109 8.48
69 110 6.63
69 111 7.30
69 112 7.84
69 113 8.33
69 114 8.78
69 115 9.19
69 116 9.53
69 117 9.54
69 118 10.39
69 119 6.87
69 120 7.76
69 121 8.50
69 122 9.17
69 123 9.79
69 124 10.37
69 125 10.87
69 126 11.10
69 127 12.01
69 128 6.93
69 129 7.97
69 130 8.86
69 131 9.68
69 132 10.44
69 133 11.17
69 134 11.82
69 135 12.29
69 136 13.24
69 137 6.81
69 138 7.92
69 139 8.91
69 140 9.83
69 141 10.71
69 142 11.56
69 143 12.36
69 144 13.05
69 145 14.04
69 146 6.45
70 1 6.53
70 2 7.14
70 3 8.16
70 4 9.17
70 5 10.18
70 6 11.17
70 7 12.15
70 8 13.14
70 9 14.18
70 10 15.18
70 11 6.62
70 12 7.45
70 13 8.39
70 14 9.37
70 15 10.37
70 16 11.39
70 17 12.46
70 18 13.68
70 19 14.66
70 20 6.03
70 21 6.57
70 22 7.35
70 23 8.23
70 24 9.19
70 25 10.21
70 26 11.32
70 27 12.70
70 28 13.62
70 29 5.44
70 30 5.58
70 31 6.09
70 32 6.82
70 33 7.69
70 34 8.66
70 35 9.77
70 36 11.25
70 37 12.11
70 38 4.96
70 39 4.61
70 40 4.74
70 41 5.20
70 42 5.91
70 43 6.79
70 44 7.87
70 45 9.41
70 46 10.19
70 47 4.69
70 48 3.86
70 49 3.46
70 50 3.50
70 51 3.93
70 52 4.67
70 53 5.69
70 54 7.26
70 55 7.96
70 56 4.71
70 57 3.62
70 58 2.70
70 59 2.04
70 60 1.89
70 61 2.38
70 62 3.33
70 63 4.90
70 64 5.58
70 65 5.02
70 66 4.00
70 67 3.01
70 68 2.02
70 69 1.03
70 70 0.00
70 71 1.11
70 72 2.62
70 73 3.45
70 74 5.53
70 75 4.82
70 76 4.12
70 77 3.46
70 78 2.87
70 79 2.38
70 80 2.05
70 81 1.92
70 82 2.88
70 83 6.12
70 84 5.81
70 85 5.48
70 86 5.17
70 87 4.90
70 88 4.67
70 89 4.43
70 90 3.87
70 91 4.58
70 92 6.71
70 93 6.79
70 94 6.79
70 95 6.79
70 96 6.80
70 97 6.79
70 98 6.72
70 99 6.25
70 100 6.93
70 101 7.21
70 102 7.63
70 103 7.94
70 104 8.21
70 105 8.45
70 106 8.66
70 107 8.78
70 108 8.51
70 109 9.25
70 110 7.57
70 111 8.29
70 112 8.85
70 113 9.35
70 114 9.81
70 115 10.21
70 116 10.53
70 117 10.50
70 118 11.32
70 119 7.77
70 120 8.70
70 121 9.47
70 122 10.16
70 123 10.80
70 124 11.39
70 125 11.89
70 126 12.12
70 127 13.02
70 128 7.79
70 129 8.86
70 130 9.77
70 131 10.62
70 132 11.41
70 133 12.15
70 134 12.83
70 135 13.31
70 136 14.27
70 137 7.63
70 138 8.74
70 139 9.74
70 140 10.69
70 141 11.59
70 142 12.46
70 143 13.29
70 144 14.03
70 145 15.02
70 146 7.47
71 1 6.95
71 2 7.86
71 3 8.83
71 4 9.82
71 5 10.82
71 6 11.82
71 7 12.83
71 8 13.84
71 9 14.95
71 10 15.95
71 11 7.31
71 12 8.05
71 13 8.93
71 14 9.88
71 15 10.87
71 16 11.89
71 17 12.98
71 18 14.28
71 19 15.23
71 20 6.71
71 21 7.11
71 22 7.79
71 23 8.61
71 24 9.53
71 25 10.53
71 26 11.64
71 27 13.08
71 28 13.97
71 29 6.15
71 30 6.11
71 31 6.47
71 32 7.08
71 33 7.86
71 34 8.78
71 35 9.87
71 36 11.40
71 37 12.20
71 38 5.72
71 39 5.20
71 40 5.12
71 41 5.39
71 42 5.94
71 43 6.72
71 44 7.74
71 45 9.31
71 46 10.01
71 47 5.54
71 48 4.60
71 49 3.99
71 50 3.74
71 51 3.89
71 52 4.42
71 53 5.32
71 54 6.88
71 55 7.48
71 56 5.64
71 57 4.53
71 58 3.54
71 59 2.68
71 60 2.09
71 61 2.05
71 62 2.71
71 63 4.23
71 64 4.78
71 65 6.00
71 66 5.02
71 67 4.06
71 68 3.10
71 69 2.12
71 70 1.11
71 71 0.00
71 72 1.57
71 73 2.34
71 74 6.53
71 75 5.89
71 76 5.22
71 77 4.57
71 78 3.94
71 79 3.33
71 80 2.71
71 81 1.83
71 82 2.54
71 83 7.13
71 84 6.88
71 85 6.58
71 86 6.28
71 87 5.98
71 88 5.69
71 89 5.32
71 90 4.52
71 91 5.07
71 92 7.70
71 93 7.84
71 94 7.89
71 95 7.90
71 96 7.90
71 97 7.87
71 98 7.74
71 99 7.15
71 100 7.76
71 101 8.18
71 102 8.67
71 103 9.01
71 104 9.31
71 105 9.56
71 106 9.77
71 107 9.87
71 108 9.55
71 109 10.26
71 110 8.51
71 111 9.28
71 112 9.88
71 113 10.41
71 114 10.89
71 115 11.32
71 116 11.64
71 117 11.60
71 118 12.41
71 119 8.67
71 120 9.64
71 121 10.44
71 122 11.17
71 123 11.84
71 124 12.45
71 125 12.98
71 126 13.23
71 127 14.13
71 128 8.63
71 129 9.72
71 130 10.67
71 131 11.54
71 132 12.36
71 133 13.14
71 134 13.84
71 135 14.37
71 136 15.33
71 137 8.42
71 138 9.52
71 139 10.54
71 140 11.51
71 141 12.44
71 142 13.34
71 143 14.20
71 144 14.99
71 145 15.99
71 146 8.55
72 1 7.16
72 2 8.51
72 3 9.37
72 4 10.31
72 5 11.29
72 6 12.29
72 7 13.31
72 8 14.37
72 9 15.59
72 10 16.57
72 11 7.92
72 12 8.49
72 13 9.27
72 14 10.15
72 15 11.10
72 16 12.12
72 17 13.23
72 18 14.62
72 19 15.54
72 20 7.33
72 21 7.50
72 22 8.01
72 23 8.71
72 24 9.54
72 25 10.50
72 26 11.60
72 27 13.11
72 28 13.94
72 29 6.82
72 30 6.53
72 31 6.65
72 32 7.06
72 33 7.69
72 34 8.51
72 35 9.55
72 36 11.11
72 37 11.83
72 38 6.50
72 39 5.75
72 40 5.39
72 41 5.36
72 42 5.66
72 43 6.25
72 44 7.15
72 45 8.71
72 46 9.30
72 47 6.44
72 48 5.39
72 49 4.56
72 50 3.97
72 51 3.71
72 52 3.87
72 53 4.52
72 54 5.99
72 55 6.44
72 56 6.66
72 57 5.57
72 58 4.54
72 59 3.56
72 60 2.64
72 61 1.92
72 62 1.83
72 63 3.05
72 64 3.39
72 65 7.10
72 66 6.24
72 67 5.36
72 68 4.47
72 69 3.57
72 70 2.62
72 71 1.57
72 72 0.00
72 73 1.00
72 74 7.68
72 75 7.17
72 76 6.62
72 77 6.05
72 78 5.49
72 79 4.90
72 80 4.23
72 81 3.05
72 82 3.39
72 83 8.27
72 84 8.17
72 85 7.98
72 86 7.76
72 87 7.52
72 88 7.26
72 89 6.88
72 90 5.99
72 91 6.44
72 92 8.81
72 93 9.09
72 94 9.24
72 95 9.34
72 96 9.40
72 97 9.41
72 98 9.31
72 99 8.71
72 100 9.30
72 101 9.24
72 102 9.84
72 103 10.29
72 104 10.67
72 105 10.99
72 106 11.25
72 107 11.40
72 108 11.11
72 109 11.83
72 110 9.50
72 111 10.36
72 112 11.05
72 113 11.66
72 114 12.21
72 115 12.70
72 116 13.08
72 117 13.11
72 118 13.94
72 119 9.57
72 120 10.60
72 121 11.48
72 122 12.27
72 123 13.01
72 124 13.68
72 125 14.28
72 126 14.62
72 127 15.54
72 128 9.45
72 129 10.56
72 130 11.55
72 131 12.47
72 132 13.35
72 133 14.18
72 134 14.95
72 135 15.59
72 136 16.57
72 137 9.15
72 138 10.23
72 139 11.26
72 140 12.25
72 141 13.22
72 142 14.16
72 143 15.08
72 144 15.99
72 145 16.99
72 146 9.85
73 1 8.07
73 2 9.49
73 3 10.34
73 4 11.27
73 5 12.24
73 6 13.24
73 7 14.27
73 8 15.33
73 9 16.57
73 10 17.54
73 11 8.90
73 12 9.45
73 13 10.20
73 14 11.06
73 15 12.01
73 16 13.02
73 17 14.13
73 18 15.53
73 19 16.44
73 20 8.31
73 21 8.46
73 22 8.92
73 23 9.58
73 24 10.39
73 25 11.32
73 26 12.41
73 27 13.94
73 28 14.74
73 29 7.81
73 30 7.49
73 31 7.56
73 32 7.91
73 33 8.48
73 34 9.25
73 35 10.26
73 36 11.83
73 37 12.50
73 38 7.50
73 39 6.73
73 40 6.33
73 41 6.23
73 42 6.43
73 43 6.93
73 44 7.76
73 45 9.30
73 46 9.80
73 47 7.44
73 48 6.39
73 49 5.55
73 50 4.92
73 51 4.57
73 52 4.58
73 53 5.07
73 54 6.44
73 55 6.74
73 56 7.65
73 57 6.56
73 58 5.54
73 59 4.56
73 60 3.64
73 61 2.88
73 62 2.54
73 63 3.39
73 64 3.43
73 65 8.09
73 66 7.20
73 67 6.30
73 68 5.38
73 69 4.44
73 70 3.45
73 71 2.34
73 72 1.00
73 73 0.00
73 74 8.66
73 75 8.12
73 76 7.53
73 77 6.91
73 78 6.27
73 79 5.58
73 80 4.78
73 81 3.39
73 82 3.43
73 83 9.26
73 84 9.12
73 85 8.89
73 86 8.61
73 87 8.31
73 88 7.96
73 89 7.48
73 90 6.44
73 91 6.74
73 92 9.80
73 93 10.06
73 94 10.17
73 95 10.23
73 96 10.24
73 97 10.19
73 98 10.01
73 99 9.30
73 100 9.80
73 101 10.23
73 102 10.82
73 103 11.25
73 104 11.60
73 105 11.89
73 106 12.11
73 107 12.20
73 108 11.83
73 109 12.50
73 110 10.49
73 111 11.35
73 112 12.03
73 113 12.63
73 114 13.16
73 115 13.62
73 116 13.97
73 117 13.94
73 118 14.74
73 119 10.57
73 120 11.60
73 121 12.48
73 122 13.26
73 123 13.99
73 124 14.66
73 125 15.23
73 126 15.54
73 127 16.44
73 128 10.45
73 129 11.56
73 130 12.55
73 131 13.47
73 132 14.35
73 133 15.18
73 134 15.95
73 135 16.57
73 136 17.54
73 137 10.15
73 138 11.22
73 139 12.25
73 140 13.24
73 141 14.21
73 142 15.16
73 143 16.08
73 144 16.99
73 145 17.99
73 146 10.80
74 1 4.70
74 2 3.14
74 3 4.19
74 4 5.11
74 5 5.97
74 6 6.81
74 7 7.63
74 8 8.42
74 9 9.15
74 10 10.15
74 11 3.06
74 12 4.16
74 13 5.13
74 14 6.04
74 15 6.93
74 16 7.79
74 17 8.63
74 18 9.45
74 19 10.45
74 20 2.87
74 21 3.98
74 22 4.99
74 23 5.94
74 24 6.87
74 25 7.77
74 26 8.67
74 27 9.57
74 28 10.57
74 29 2.58
74 30 3.67
74 31 4.70
74 32 5.68
74 33 6.63
74 34 7.57
74 35 8.51
74 36 9.50
74 37 10.50
74 38 2.19
74 39 3.24
74 40 4.27
74 41 5.27
74 42 6.24
74 43 7.21
74 44 8.18
74 45 9.24
74 46 10.23
74 47 1.71
74 48 2.72
74 49 3.74
74 50 4.74
74 51 5.73
74 52 6.71
74 53 7.70
74 54 8.82
74 55 9.80
74 56 1.18
74 57 2.13
74 58 3.15
74 59 4.15
74 60 5.14
74 61 6.13
74 62 7.13
74 63 8.27
74 64 9.26
74 65 0.60
74 66 1.54
74 67 2.56
74 68 3.56
74 69 4.55
74 70 5.53
74 71 6.53
74 72 7.68
74 73 8.66
74 74 0.00
74 75 1.11
74 76 2.12
74 77 3.10
74 78 4.06
74 79 5.02
74 80 6.00
74 81 7.11
74 82 8.09
74 83 0.60
74 84 1.13
74 85 2.00
74 86 2.90
74 87 3.80
74 88 4.71
74 89 5.64
74 90 6.66
74 91 7.66
74 92 1.18
74 93 1.58
74 94 2.27
74 95 3.04
74 96 3.86
74 97 4.69
74 98 5.54
74 99 6.44
74 100 7.44
74 101 1.71
74 102 2.17
74 103 2.78
74 104 3.47
74 105 4.20
74 106 4.96
74 107 5.72
74 108 6.50
74 109 7.50
74 110 2.18
74 111 2.76
74 112 3.38
74 113 4.04
74 114 4.73
74 115 5.44
74 116 6.15
74 117 6.82
74 118 7.81
74 119 2.58
74 120 3.28
74 121 3.95
74 122 4.64
74 123 5.33
74 124 6.03
74 125 6.71
74 126 7.33
74 127 8.31
74 128 2.87
74 129 3.70
74 130 4.45
74 131 5.18
74 132 5.90
74 133 6.62
74 134 7.31
74 135 7.92
74 136 8.90
74 137 3.06
74 138 4.00
74 139 4.83
74 140 5.61
74 141 6.38
74 142 7.14
74 143 7.86
74 144 8.50
74 145 9.49
74 146 2.46
75 1 5.41
75 2 4.16
75 3 5.24
75 4 6.18
75 5 7.07
75 6 7.92
75 7 8.74
75 8 9.52
75 9 10.23
75 10 11.22
75 11 4.00
75 12 5.11
75 13 6.11
75 14 7.06
75 15 7.97
75 16 8.86
75 17 9.72
75 18 10.56
75 19 11.56
75 20 3.70
75 21 4.79
75 22 5.82
75 23 6.80
75 24 7.76
75 25 8.70
75 26 9.64
75 27 10.60
75 28 11.60
75 29 3.28
75 30 4.30
75 31 5.31
75 32 6.32
75 33 7.30
75 34 8.29
75 35 9.28
75 36 10.36
75 37 11.35
75 38 2.76
75 39 3.64
75 40 4.63
75 41 5.62
75 42 6.63
75 43 7.63
75 44 8.67
75 45 9.84
75 46 10.82
75 47 2.17
75 48 2.86
75 49 3.78
75 50 4.76
75 51 5.77
75 52 6.79
75 53 7.84
75 54 9.09
75 55 10.06
75 56 1.58
75 57 1.96
75 58 2.82
75 59 3.79
75 60 4.79
75 61 5.81
75 62 6.88
75 63 8.17
75 64 9.12
75 65 1.13
75 66 1.00
75 67 1.82
75 68 2.80
75 69 3.80
75 70 4.82
75 71 5.89
75 72 7.17
75 73 8.12
75 74 1.11
75 75 0.00
75 76 1.03
75 77 2.02
75 78 3.01
75 79 4.00
75 80 5.02
75 81 6.24
75 82 7.20
75 83 1.54
75 84 1.00
75 85 1.22
75 86 1.91
75 87 2.74
75 88 3.62
75 89 4.53
75 90 5.57
75 91 6.56
75 92 2.13
75 93 1.96
75 94 2.13
75 95 2.57
75 96 3.18
75 97 3.86
75 98 4.60
75 99 5.39
75 100 6.39
75 101 2.72
75 102 2.86
75 103 3.13
75 104 3.54
75 105 4.04
75 106 4.61
75 107 5.20
75 108 5.75
75 109 6.73
75 110 3.24
75 111 3.64
75 112 4.06
75 113 4.53
75 114 5.04
75 115 5.58
75 116 6.11
75 117 6.53
75 118 7.49
75 119 3.67
75 120 4.30
75 121 4.86
75 122 5.43
75 123 6.00
75 124 6.57
75 125 7.11
75 126 7.50
75 127 8.46
75 128 3.98
75 129 4.79
75 130 5.49
75 131 6.16
75 132 6.82
75 133 7.45
75 134 8.05
75 135 8.49
75 136 9.45
75 137 4.16
75 138 5.11
75 139 5.93
75 140 6.70
75 141 7.44
75 142 8.16
75 143 8.83
75 144 9.37
75 145 10.34
75 146 2.68
76 1 6.01
76 2 5.06
76 3 6.16
76 4 7.13
76 5 8.04
76 6 8.91
76 7 9.74
76 8 10.54
76 9 11.26
76 10 12.25
76 11 4.83
76 12 5.93
76 13 6.95
76 14 7.92
76 15 8.86
76 16 9.77
76 17 10.67
76 18 11.55
76 19 12.55
76 20 4.45
76 21 5.49
76 22 6.52
76 23 7.52
76 24 8.50
76 25 9.47
76 26 10.44
76 27 11.48
76 28 12.48
76 29 3.95
76 30 4.86
76 31 5.84
76 32 6.84
76 33 7.84
76 34 8.85
76 35 9.88
76 36 11.05
76 37 12.03
76 38 3.38
76 39 4.06
76 40 4.95
76 41 5.92
76 42 6.92
76 43 7.94
76 44 9.02
76 45 10.29
76 46 11.25
76 47 2.78
76 48 3.13
76 49 3.88
76 50 4.79
76 51 5.77
76 52 6.79
76 53 7.89
76 54 9.24
76 55 10.17
76 56 2.27
76 57 2.13
76 58 2.67
76 59 3.51
76 60 4.46
76 61 5.48
76 62 6.58
76 63 7.98
76 64 8.89
76 65 2.00
76 66 1.22
76 67 1.36
76 68 2.15
76 69 3.10
76 70 4.12
76 71 5.22
76 72 6.62
76 73 7.53
76 74 2.12
76 75 1.03
76 76 0.00
76 77 1.00
76 78 2.00
76 79 3.01
76 80 4.06
76 81 5.36
76 82 6.30
76 83 2.56
76 84 1.82
76 85 1.36
76 86 1.42
76 87 1.96
76 88 2.70
76 89 3.54
76 90 4.54
76 91 5.54
76 92 3.14
76 93 2.82
76 94 2.67
76 95 2.74
76 96 3.02
76 97 3.46
76 98 3.99
76 99 4.56
76 100 5.55
76 101 3.74
76 102 3.78
76 103 3.88
76 104 4.08
76 105 4.38
76 106 4.74
76 107 5.12
76 108 5.39
76 109 6.33
76 110 4.27
76 111 4.63
76 112 4.95
76 113 5.31
76 114 5.69
76 115 6.09
76 116 6.47
76 117 6.65
76 118 7.56
76 119 4.70
76 120 5.32
76 121 5.84
76 122 6.35
76 123 6.85
76 124 7.35
76 125 7.79
76 126 8.01
76 127 8.92
76 128 4.99
76 129 5.82
76 130 6.52
76 131 7.17
76 132 7.79
76 133 8.39
76 134 8.93
76 135 9.27
76 136 10.20
76 137 5.13
76 138 6.11
76 139 6.95
76 140 7.73
76 141 8.47
76 142 9.17
76 143 9.82
76 144 10.31
76 145 11.27
76 146 3.39
77 1 6.58
77 2 5.91
77 3 7.02
77 4 8.01
77 5 8.94
77 6 9.83
77 7 10.69
77 8 11.51
77 9 12.25
77 10 13.24
77 11 5.61
77 12 6.70
77 13 7.73
77 14 8.72
77 15 9.67
77 16 10.62
77 17 11.54
77 18 12.47
77 19 13.47
77 20 5.18
77 21 6.16
77 22 7.17
77 23 8.17
77 24 9.17
77 25 10.16
77 26 11.17
77 27 12.27
77 28 13.26
77 29 4.64
77 30 5.43
77 31 6.35
77 32 7.33
77 33 8.33
77 34 9.35
77 35 10.42
77 36 11.66
77 37 12.63
77 38 4.04
77 39 4.53
77 40 5.31
77 41 6.21
77 42 7.18
77 43 8.21
77 44 9.31
77 45 10.67
77 46 11.60
77 47 3.47
77 48 3.54
77 49 4.08
77 50 4.87
77 51 5.79
77 52 6.79
77 53 7.90
77 54 9.34
77 55 10.23
77 56 3.04
77 57 2.57
77 58 2.74
77 59 3.35
77 60 4.19
77 61 5.17
77 62 6.28
77 63 7.76
77 64 8.61
77 65 2.90
77 66 1.91
77 67 1.42
77 68 1.71
77 69 2.49
77 70 3.46
77 71 4.57
77 72 6.05
77 73 6.91
77 74 3.10
77 75 2.02
77 76 1.00
77 77 0.00
77 78 1.00
77 79 2.02
77 80 3.10
77 81 4.47
77 82 5.38
77 83 3.56
77 84 2.80
77 85 2.14
77 86 1.71
77 87 1.66
77 88 2.04
77 89 2.68
77 90 3.56
77 91 4.56
77 92 4.15
77 93 3.79
77 94 3.51
77 95 3.35
77 96 3.35
77 97 3.50
77 98 3.74
77 99 3.97
77 100 4.92
77 101 4.74
77 102 4.76
77 103 4.79
77 104 4.87
77 105 5.01
77 106 5.20
77 107 5.39
77 108 5.36
77 109 6.23
77 110 5.27
77 111 5.63
77 112 5.92
77 113 6.21
77 114 6.52
77 115 6.82
77 116 7.08
77 117 7.06
77 118 7.91
77 119 5.68
77 120 6.32
77 121 6.84
77 122 7.33
77 123 7.79
77 124 8.23
77 125 8.61
77 126 8.71
77 127 9.58
77 128 5.94
77 129 6.80
77 130 7.52
77 131 8.17
77 132 8.79
77 133 9.37
77 134 9.88
77 135 10.15
77 136 11.06
77 137 6.04
77 138 7.06
77 139 7.92
77 140 8.72
77 141 9.47
77 142 10.18
77 143 10.82
77 144 11.29
77 145 12.24
77 146 4.29
78 1 7.14
78 2 6.73
78 3 7.84
78 4 8.85
78 5 9.80
78 6 10.71
78 7 11.59
78 8 12.44
78 9 13.22
78 10 14.21
78 11 6.38
78 12 7.44
78 13 8.47
78 14 9.47
78 15 10.44
78 16 11.41
78 17 12.36
78 18 13.35
78 19 14.35
78 20 5.90
78 21 6.82
78 22 7.79
78 23 8.79
78 24 9.79
78 25 10.80
78 26 11.84
78 27 13.01
78 28 13.99
78 29 5.33
78 30 6.00
78 31 6.85
78 32 7.79
78 33 8.78
78 34 9.81
78 35 10.89
78 36 12.21
78 37 13.16
78 38 4.73
78 39 5.04
78 40 5.69
78 41 6.52
78 42 7.44
78 43 8.45
78 44 9.56
78 45 10.99
78 46 11.89
78 47 4.20
78 48 4.04
78 49 4.38
78 50 5.01
78 51 5.84
78 52 6.80
78 53 7.90
78 54 9.40
78 55 10.24
78 56 3.86
78 57 3.17
78 58 3.02
78 59 3.35
78 60 4.01
78 61 4.90
78 62 5.98
78 63 7.52
78 64 8.31
78 65 3.80
78 66 2.74
78 67 1.96
78 68 1.66
78 69 2.05
78 70 2.87
78 71 3.94
78 72 5.49
78 73 6.27
78 74 4.06
78 75 3.01
78 76 2.00
78 77 1.00
78 78 0.00
78 79 1.03
78 80 2.12
78 81 3.57
78 82 4.44
78 83 4.55
78 84 3.80
78 85 3.10
78 86 2.49
78 87 2.04
78 88 1.89
78 89 2.09
78 90 2.64
78 91 3.64
78 92 5.14
78 93 4.79
78 94 4.46
78 95 4.19
78 96 4.01
78 97 3.93
78 98 3.89
78 99 3.71
78 100 4.57
78 101 5.73
78 102 5.77
78 103 5.77
78 104 5.79
78 105 5.84
78 106 5.91
78 107 5.94
78 108 5.66
78 109 6.43
78 110 6.24
78 111 6.63
78 112 6.92
78 113 7.18
78 114 7.44
78 115 7.69
78 116 7.86
78 117 7.69
78 118 8.48
78 119 6.63
78 120 7.30
78 121 7.84
78 122 8.33
78 123 8.78
78 124 9.19
78 125 9.53
78 126 9.54
78 127 10.39
78 128 6.87
78 129 7.76
78 130 8.50
78 131 9.17
78 132 9.79
78 133 10.37
78 134 10.87
78 135 11.10
78 136 12.01
78 137 6.93
78 138 7.97
78 139 8.86
78 140 9.67
78 141 10.44
78 142 11.17
78 143 11.82
78 144 12.29
78 145 13.24
78 146 5.26
79 1 7.69
79 2 7.53
79 3 8.63
79 4 9.65
79 5 10.62
79 6 11.56
79 7 12.46
79 8 13.34
79 9 14.16
79 10 15.16
79 11 7.14
79 12 8.16
79 13 9.17
79 14 10.18
79 15 11.17
79 16 12.15
79 17 13.14
79 18 14.18
79 19 15.18
79 20 6.62
79 21 7.46
79 22 8.39
79 23 9.37
79 24 10.37
79 25 11.39
79 26 12.46
79 27 13.69
79 28 14.66
79 29 6.03
79 30 6.57
79 31 7.35
79 32 8.24
79 33 9.19
79 34 10.21
79 35 11.32
79 36 12.70
79 37 13.62
79 38 5.44
79 39 5.58
79 40 6.09
79 41 6.82
79 42 7.69
79 43 8.66
79 44 9.77
79 45 11.25
79 46 12.11
79 47 4.96
79 48 4.61
79 49 4.74
79 50 5.20
79 51 5.91
79 52 6.79
79 53 7.87
79 54 9.41
79 55 10.19
79 56 4.69
79 57 3.86
79 58 3.46
79 59 3.50
79 60 3.93
79 61 4.67
79 62 5.69
79 63 7.26
79 64 7.96
79 65 4.71
79 66 3.62
79 67 2.70
79 68 2.04
79 69 1.89
79 70 2.38
79 71 3.33
79 72 4.90
79 73 5.58
79 74 5.02
79 75 4.00
79 76 3.01
79 77 2.02
79 78 1.03
79 79 0.00
79 80 1.11
79 81 2.62
79 82 3.45
79 83 5.53
79 84 4.82
79 85 4.12
79 86 3.46
79 87 2.87
79 88 2.38
79 89 2.05
79 90 1.92
79 91 2.88
79 92 6.13
79 93 5.81
79 94 5.48
79 95 5.17
79 96 4.90
79 97 4.67
79 98 4.43
79 99 3.87
79 100 4.58
79 101 6.71
79 102 6.79
79 103 6.79
79 104 6.79
79 105 6.80
79 106 6.79
79 107 6.72
79 108 6.25
79 109 6.93
79 110 7.21
79 111 7.63
79 112 7.94
79 113 8.21
79 114 8.45
79 115 8.66
79 116 8.78
79 117 8.51
79 118 9.25
79 119 7.57
79 120 8.29
79 121 8.85
79 122 9.35
79 123 9.81
79 124 10.22
79 125 10.53
79 126 10.50
79 127 11.32
79 128 7.77
79 129 8.70
79 130 9.47
79 131 10.16
79 132 10.80
79 133 11.39
79 134 11.90
79 135 12.12
79 136 13.02
79 137 7.79
79 138 8.86
79 139 9.77
79 140 10.62
79 141 11.41
79 142 12.15
79 143 12.83
79 144 13.31
79 145 14.27
79 146 6.29
80 1 8.17
80 2 8.30
80 3 9.38
80 4 10.41
80 5 11.40
80 6 12.36
80 7 13.29
80 8 14.20
80 9 15.09
80 10 16.08
80 11 7.86
80 12 8.83
80 13 9.82
80 14 10.82
80 15 11.82
80 16 12.83
80 17 13.85
80 18 14.95
80 19 15.95
80 20 7.31
80 21 8.05
80 22 8.93
80 23 9.88
80 24 10.87
80 25 11.90
80 26 12.98
80 27 14.28
80 28 15.23
80 29 6.71
80 30 7.11
80 31 7.79
80 32 8.61
80 33 9.53
80 34 10.53
80 35 11.64
80 36 13.08
80 37 13.97
80 38 6.15
80 39 6.11
80 40 6.47
80 41 7.08
80 42 7.86
80 43 8.78
80 44 9.87
80 45 11.40
80 46 12.20
80 47 5.72
80 48 5.20
80 49 5.12
80 50 5.39
80 51 5.94
80 52 6.72
80 53 7.74
80 54 9.31
80 55 10.01
80 56 5.54
80 57 4.60
80 58 3.99
80 59 3.74
80 60 3.89
80 61 4.43
80 62 5.32
80 63 6.88
80 64 7.48
80 65 5.64
80 66 4.53
80 67 3.54
80 68 2.68
80 69 2.09
80 70 2.05
80 71 2.71
80 72 4.23
80 73 4.78
80 74 6.00
80 75 5.02
80 76 4.06
80 77 3.10
80 78 2.12
80 79 1.11
80 80 0.00
80 81 1.57
80 82 2.34
80 83 6.53
80 84 5.89
80 85 5.23
80 86 4.57
80 87 3.94
80 88 3.33
80 89 2.71
80 90 1.83
80 91 2.54
80 92 7.13
80 93 6.88
80 94 6.58
80 95 6.28
80 96 5.98
80 97 5.69
80 98 5.32
80 99 4.52
80 100 5.07
80 101 7.70
80 102 7.85
80 103 7.89
80 104 7.90
80 105 7.90
80 106 7.87
80 107 7.74
80 108 7.15
80 109 7.76
80 110 8.18
80 111 8.67
80 112 9.01
80 113 9.31
80 114 9.56
80 115 9.77
80 116 9.87
80 117 9.55
80 118 10.26
80 119 8.51
80 120 9.28
80 121 9.88
80 122 10.42
80 123 10.90
80 124 11.32
80 125 11.64
80 126 11.60
80 127 12.41
80 128 8.67
80 129 9.64
80 130 10.44
80 131 11.17
80 132 11.84
80 133 12.46
80 134 12.98
80 135 13.23
80 136 14.13
80 137 8.64
80 138 9.72
80 139 10.67
80 140 11.54
80 141 12.36
80 142 13.14
80 143 13.85
80 144 14.37
80 145 15.33
80 146 7.38
81 1 8.45
81 2 9.00
81 3 10.05
81 4 11.07
81 5 12.07
81 6 13.05
81 7 14.03
81 8 15.00
81 9 15.99
81 10 16.99
81 11 8.51
81 12 9.37
81 13 10.31
81 14 11.29
81 15 12.29
81 16 13.31
81 17 14.38
81 18 15.59
81 19 16.57
81 20 7.92
81 21 8.49
81 22 9.27
81 23 10.15
81 24 11.11
81 25 12.12
81 26 13.23
81 27 14.62
81 28 15.54
81 29 7.33
81 30 7.51
81 31 8.01
81 32 8.71
81 33 9.54
81 34 10.50
81 35 11.60
81 36 13.11
81 37 13.94
81 38 6.82
81 39 6.53
81 40 6.65
81 41 7.06
81 42 7.69
81 43 8.51
81 44 9.55
81 45 11.11
81 46 11.83
81 47 6.50
81 48 5.75
81 49 5.39
81 50 5.36
81 51 5.66
81 52 6.25
81 53 7.15
81 54 8.72
81 55 9.30
81 56 6.44
81 57 5.39
81 58 4.56
81 59 3.97
81 60 3.71
81 61 3.87
81 62 4.52
81 63 5.99
81 64 6.44
81 65 6.66
81 66 5.57
81 67 4.55
81 68 3.56
81 69 2.64
81 70 1.92
81 71 1.83
81 72 3.05
81 73 3.39
81 74 7.11
81 75 6.24
81 76 5.36
81 77 4.47
81 78 3.57
81 79 2.62
81 80 1.57
81 81 0.00
81 82 1.00
81 83 7.68
81 84 7.17
81 85 6.62
81 86 6.05
81 87 5.49
81 88 4.90
81 89 4.23
81 90 3.05
81 91 3.39
81 92 8.27
81 93 8.17
81 94 7.98
81 95 7.76
81 96 7.52
81 97 7.26
81 98 6.88
81 99 5.99
81 100 6.44
81 101 8.82
81 102 9.09
81 103 9.24
81 104 9.34
81 105 9.40
81 106 9.41
81 107 9.31
81 108 8.71
81 109 9.30
81 110 9.24
81 111 9.84
81 112 10.29
81 113 10.67
81 114 10.99
81 115 11.25
81 116 11.40
81 117 11.11
81 118 11.83
81 119 9.50
81 120 10.36
81 121 11.05
81 122 11.66
81 123 12.21
81 124 12.70
81 125 13.08
81 126 13.11
81 127 13.94
81 128 9.57
81 129 10.61
81 130 11.48
81 131 12.27
81 132 13.01
81 133 13.69
81 134 14.28
81 135 14.62
81 136 15.54
81 137 9.45
81 138 10.56
81 139 11.55
81 140 12.47
81 141 13.35
81 142 14.18
81 143 14.96
81 144 15.59
81 145 16.57
81 146 8.74
82 1 9.38
82 2 10.00
82 3 11.03
82 4 12.05
82 5 13.05
82 6 14.04
82 7 15.02
82 8 15.99
82 9 16.99
82 10 17.99
82 11 9.49
82 12 10.34
82 13 11.27
82 14 12.25
82 15 13.24
82 16 14.27
82 17 15.33
82 18 16.57
82 19 17.54
82 20 8.90
82 21 9.45
82 22 10.20
82 23 11.06
82 24 12.01
82 25 13.02
82 26 14.13
82 27 15.54
82 28 16.44
82 29 8.31
82 30 8.46
82 31 8.92
82 32 9.58
82 33 10.39
82 34 11.32
82 35 12.41
82 36 13.94
82 37 14.74
82 38 7.81
82 39 7.49
82 40 7.56
82 41 7.91
82 42 8.48
82 43 9.25
82 44 10.26
82 45 11.83
82 46 12.50
82 47 7.50
82 48 6.73
82 49 6.33
82 50 6.23
82 51 6.43
82 52 6.93
82 53 7.76
82 54 9.30
82 55 9.80
82 56 7.44
82 57 6.39
82 58 5.55
82 59 4.92
82 60 4.57
82 61 4.58
82 62 5.07
82 63 6.44
82 64 6.74
82 65 7.65
82 66 6.56
82 67 5.54
82 68 4.56
82 69 3.64
82 70 2.88
82 71 2.54
82 72 3.39
82 73 3.43
82 74 8.09
82 75 7.20
82 76 6.30
82 77 5.38
82 78 4.44
82 79 3.45
82 80 2.34
82 81 1.00
82 82 0.00
82 83 8.66
82 84 8.12
82 85 7.53
82 86 6.91
82 87 6.27
82 88 5.58
82 89 4.78
82 90 3.39
82 91 3.43
82 92 9.26
82 93 9.12
82 94 8.89
82 95 8.61
82 96 8.31
82 97 7.96
82 98 7.48
82 99 6.44
82 100 6.74
82 101 9.80
82 102 10.06
82 103 10.17
82 104 10.23
82 105 10.24
82 106 10.19
82 107 10.01
82 108 9.30
82 109 9.80
82 110 10.23
82 111 10.82
82 112 11.25
82 113 11.60
82 114 11.89
82 115 12.11
82 116 12.20
82 117 11.83
82 118 12.50
82 119 10.50
82 120 11.35
82 121 12.03
82 122 12.63
82 123 13.16
82 124 13.62
82 125 13.97
82 126 13.94
82 127 14.74
82 128 10.57
82 129 11.60
82 130 12.48
82 131 13.26
82 132 13.99
82 133 14.66
82 134 15.23
82 135 15.54
82 136 16.44
82 137 10.45
82 138 11.56
82 139 12.55
82 140 13.47
82 141 14.35
82 142 15.18
82 143 15.95
82 144 16.57
82 145 17.54
82 146 9.67
83 1 4.93
83 2 3.11
83 3 4.08
83 4 4.93
83 5 5.74
83 6 6.53
83 7 7.30
83 8 8.03
83 9 8.70
83 10 9.69
83 11 3.14
83 12 4.19
83 13 5.11
83 14 5.97
83 15 6.81
83 16 7.63
83 17 8.42
83 18 9.15
83 19 10.15
83 20 3.06
83 21 4.16
83 22 5.13
83 23 6.04
83 24 6.93
83 25 7.79
83 26 8.63
83 27 9.45
83 28 10.45
83 29 2.87
83 30 3.98
83 31 4.99
83 32 5.94
83 33 6.87
83 34 7.77
83 35 8.67
83 36 9.57
83 37 10.57
83 38 2.58
83 39 3.67
83 40 4.70
83 41 5.68
83 42 6.63
83 43 7.57
83 44 8.51
83 45 9.50
83 46 10.50
83 47 2.18
83 48 3.24
83 49 4.27
83 50 5.27
83 51 6.24
83 52 7.21
83 53 8.18
83 54 9.24
83 55 10.23
83 56 1.71
83 57 2.72
83 58 3.74
83 59 4.74
83 60 5.73
83 61 6.71
83 62 7.70
83 63 8.81
83 64 9.80
83 65 1.18
83 66 2.13
83 67 3.14
83 68 4.15
83 69 5.14
83 70 6.12
83 71 7.13
83 72 8.27
83 73 9.26
83 74 0.60
83 75 1.54
83 76 2.56
83 77 3.56
83 78 4.55
83 79 5.53
83 80 6.53
83 81 7.68
83 82 8.66
83 83 0.00
83 84 1.11
83 85 2.12
83 86 3.10
83 87 4.06
83 88 5.02
83 89 6.00
83 90 7.10
83 91 8.09
83 92 0.60
83 93 1.13
83 94 2.00
83 95 2.90
83 96 3.81
83 97 4.71
83 98 5.64
83 99 6.66
83 100 7.65
83 101 1.18
83 102 1.58
83 103 2.26
83 104 3.04
83 105 3.86
83 106 4.69
83 107 5.54
83 108 6.44
83 109 7.44
83 110 1.71
83 111 2.17
83 112 2.78
83 113 3.47
83 114 4.20
83 115 4.96
83 116 5.72
83 117 6.50
83 118 7.50
83 119 2.18
83 120 2.76
83 121 3.38
83 122 4.04
83 123 4.73
83 124 5.44
83 125 6.15
83 126 6.82
83 127 7.81
83 128 2.58
83 129 3.28
83 130 3.95
83 131 4.64
83 132 5.33
83 133 6.03
83 134 6.71
83 135 7.33
83 136 8.31
83 137 2.87
83 138 3.70
83 139 4.45
83 140 5.18
83 141 5.90
83 142 6.62
83 143 7.31
83 144 7.92
83 145 8.90
83 146 2.01
84 1 5.83
84 2 4.19
84 3 5.18
84 4 6.04
84 5 6.84
84 6 7.61
84 7 8.36
84 8 9.06
84 9 9.64
84 10 10.62
84 11 4.16
84 12 5.24
84 13 6.19
84 14 7.07
84 15 7.92
84 16 8.74
84 17 9.52
84 18 10.23
84 19 11.22
84 20 4.00
84 21 5.11
84 22 6.11
84 23 7.06
84 24 7.97
84 25 8.86
84 26 9.72
84 27 10.56
84 28 11.56
84 29 3.70
84 30 4.79
84 31 5.82
84 32 6.80
84 33 7.76
84 34 8.70
84 35 9.64
84 36 10.60
84 37 11.60
84 38 3.28
84 39 4.30
84 40 5.31
84 41 6.32
84 42 7.30
84 43 8.29
84 44 9.28
84 45 10.36
84 46 11.35
84 47 2.76
84 48 3.64
84 49 4.63
84 50 5.63
84 51 6.63
84 52 7.63
84 53 8.67
84 54 9.84
84 55 10.82
84 56 2.17
84 57 2.86
84 58 3.78
84 59 4.76
84 60 5.77
84 61 6.79
84 62 7.85
84 63 9.09
84 64 10.06
84 65 1.58
84 66 1.96
84 67 2.82
84 68 3.79
84 69 4.79
84 70 5.81
84 71 6.88
84 72 8.17
84 73 9.12
84 74 1.13
84 75 1.00
84 76 1.82
84 77 2.80
84 78 3.80
84 79 4.82
84 80 5.89
84 81 7.17
84 82 8.12
84 83 1.11
84 84 0.00
84 85 1.03
84 86 2.02
84 87 3.01
84 88 4.00
84 89 5.02
84 90 6.23
84 91 7.20
84 92 1.54
84 93 1.00
84 94 1.22
84 95 1.91
84 96 2.74
84 97 3.62
84 98 4.53
84 99 5.57
84 100 6.56
84 101 2.13
84 102 1.97
84 103 2.13
84 104 2.57
84 105 3.17
84 106 3.86
84 107 4.60
84 108 5.39
84 109 6.39
84 110 2.72
84 111 2.86
84 112 3.13
84 113 3.54
84 114 4.04
84 115 4.61
84 116 5.20
84 117 5.75
84 118 6.73
84 119 3.24
84 120 3.64
84 121 4.06
84 122 4.53
84 123 5.04
84 124 5.58
84 125 6.11
84 126 6.53
84 127 7.49
84 128 3.67
84 129 4.30
84 130 4.86
84 131 5.43
84 132 6.00
84 133 6.57
84 134 7.11
84 135 7.50
84 136 8.46
84 137 3.98
84 138 4.79
84 139 5.49
84 140 6.16
84 141 6.82
84 142 7.45
84 143 8.05
84 144 8.49
84 145 9.45
84 146 1.68
85 1 6.59
85 2 5.14
85 3 6.16
85 4 7.04
85 5 7.86
85 6 8.64
85 7 9.38
85 8 10.07
85 9 10.62
85 10 11.59
85 11 5.06
85 12 6.16
85 13 7.13
85 14 8.04
85 15 8.91
85 16 9.74
85 17 10.54
85 18 11.26
85 19 12.25
85 20 4.83
85 21 5.93
85 22 6.95
85 23 7.92
85 24 8.86
85 25 9.77
85 26 10.67
85 27 11.55
85 28 12.55
85 29 4.45
85 30 5.49
85 31 6.52
85 32 7.52
85 33 8.50
85 34 9.47
85 35 10.44
85 36 11.48
85 37 12.48
85 38 3.95
85 39 4.86
85 40 5.84
85 41 6.84
85 42 7.84
85 43 8.85
85 44 9.88
85 45 11.05
85 46 12.03
85 47 3.38
85 48 4.06
85 49 4.95
85 50 5.92
85 51 6.92
85 52 7.94
85 53 9.01
85 54 10.29
85 55 11.25
85 56 2.78
85 57 3.13
85 58 3.88
85 59 4.79
85 60 5.77
85 61 6.79
85 62 7.89
85 63 9.24
85 64 10.17
85 65 2.26
85 66 2.13
85 67 2.67
85 68 3.51
85 69 4.46
85 70 5.48
85 71 6.58
85 72 7.98
85 73 8.89
85 74 2.00
85 75 1.22
85 76 1.36
85 77 2.14
85 78 3.10
85 79 4.12
85 80 5.23
85 81 6.62
85 82 7.53
85 83 2.12
85 84 1.03
85 85 0.00
85 86 1.00
85 87 2.00
85 88 3.01
85 89 4.06
85 90 5.36
85 91 6.30
85 92 2.56
85 93 1.82
85 94 1.36
85 95 1.42
85 96 1.96
85 97 2.70
85 98 3.54
85 99 4.54
85 100 5.54
85 101 3.14
85 102 2.82
85 103 2.67
85 104 2.74
85 105 3.02
85 106 3.46
85 107 3.99
85 108 4.56
85 109 5.55
85 110 3.74
85 111 3.78
85 112 3.88
85 113 4.08
85 114 4.38
85 115 4.74
85 116 5.12
85 117 5.39
85 118 6.33
85 119 4.27
85 120 4.63
85 121 4.95
85 122 5.31
85 123 5.69
85 124 6.10
85 125 6.47
85 126 6.65
85 127 7.56
85 128 4.70
85 129 5.31
85 130 5.84
85 131 6.35
85 132 6.86
85 133 7.35
85 134 7.79
85 135 8.01
85 136 8.92
85 137 4.99
85 138 5.82
85 139 6.52
85 140 7.17
85 141 7.79
85 142 8.39
85 143 8.93
85 144 9.27
85 145 10.20
85 146 2.16
86 1 7.29
86 2 6.04
86 3 7.09
86 4 8.00
86 5 8.83
86 6 9.63
86 7 10.38
86 8 11.08
86 9 11.62
86 10 12.58
86 11 5.91
86 12 7.02
86 13 8.01
86 14 8.94
86 15 9.83
86 16 10.69
86 17 11.51
86 18 12.25
86 19 13.24
86 20 5.61
86 21 6.70
86 22 7.73
86 23 8.71
86 24 9.68
86 25 10.62
86 26 11.54
86 27 12.47
86 28 13.47
86 29 5.18
86 30 6.16
86 31 7.17
86 32 8.17
86 33 9.17
86 34 10.16
86 35 11.17
86 36 12.27
86 37 13.26
86 38 4.64
86 39 5.43
86 40 6.35
86 41 7.33
86 42 8.33
86 43 9.35
86 44 10.41
86 45 11.66
86 46 12.63
86 47 4.04
86 48 4.53
86 49 5.31
86 50 6.21
86 51 7.18
86 52 8.21
86 53 9.31
86 54 10.67
86 55 11.60
86 56 3.47
86 57 3.54
86 58 4.08
86 59 4.87
86 60 5.79
86 61 6.79
86 62 7.90
86 63 9.34
86 64 10.23
86 65 3.04
86 66 2.57
86 67 2.74
86 68 3.35
86 69 4.19
86 70 5.17
86 71 6.28
86 72 7.76
86 73 8.61
86 74 2.90
86 75 1.91
86 76 1.42
86 77 1.71
86 78 2.49
86 79 3.46
86 80 4.57
86 81 6.05
86 82 6.91
86 83 3.10
86 84 2.02
86 85 1.00
86 86 0.00
86 87 1.00
86 88 2.02
86 89 3.10
86 90 4.47
86 91 5.39
86 92 3.56
86 93 2.80
86 94 2.14
86 95 1.71
86 96 1.66
86 97 2.04
86 98 2.68
86 99 3.56
86 100 4.56
86 101 4.15
86 102 3.79
86 103 3.50
86 104 3.35
86 105 3.35
86 106 3.50
86 107 3.74
86 108 3.97
86 109 4.92
86 110 4.74
86 111 4.76
86 112 4.79
86 113 4.87
86 114 5.01
86 115 5.20
86 116 5.39
86 117 5.36
86 118 6.23
86 119 5.27
86 120 5.63
86 121 5.92
86 122 6.21
86 123 6.52
86 124 6.82
86 125 7.08
86 126 7.06
86 127 7.91
86 128 5.68
86 129 6.32
86 130 6.84
86 131 7.33
86 132 7.79
86 133 8.23
86 134 8.61
86 135 8.71
86 136 9.58
86 137 5.94
86 138 6.80
86 139 7.52
86 140 8.17
86 141 8.79
86 142 9.37
86 143 9.88
86 144 10.15
86 145 11.06
86 146 3.00
87 1 7.97
87 2 6.91
87 3 7.98
87 4 8.91
87 5 9.77
87 6 10.59
87 7 11.36
87 8 12.07
87 9 12.62
87 10 13.59
87 11 6.73
87 12 7.84
87 13 8.85
87 14 9.80
87 15 10.71
87 16 11.59
87 17 12.44
87 18 13.22
87 19 14.21
87 20 6.38
87 21 7.44
87 22 8.47
87 23 9.47
87 24 10.44
87 25 11.41
87 26 12.36
87 27 13.35
87 28 14.35
87 29 5.90
87 30 6.82
87 31 7.79
87 32 8.79
87 33 9.79
87 34 10.80
87 35 11.84
87 36 13.01
87 37 13.99
87 38 5.33
87 39 6.00
87 40 6.85
87 41 7.79
87 42 8.78
87 43 9.81
87 44 10.89
87 45 12.21
87 46 13.16
87 47 4.73
87 48 5.04
87 49 5.69
87 50 6.52
87 51 7.45
87 52 8.45
87 53 9.56
87 54 10.99
87 55 11.89
87 56 4.20
87 57 4.04
87 58 4.38
87 59 5.01
87 60 5.84
87 61 6.80
87 62 7.90
87 63 9.40
87 64 10.24
87 65 3.86
87 66 3.17
87 67 3.02
87 68 3.35
87 69 4.02
87 70 4.90
87 71 5.98
87 72 7.52
87 73 8.31
87 74 3.80
87 75 2.74
87 76 1.96
87 77 1.66
87 78 2.04
87 79 2.87
87 80 3.94
87 81 5.49
87 82 6.27
87 83 4.06
87 84 3.01
87 85 2.00
87 86 1.00
87 87 0.00
87 88 1.03
87 89 2.12
87 90 3.57
87 91 4.44
87 92 4.55
87 93 3.80
87 94 3.10
87 95 2.49
87 96 2.04
87 97 1.89
87 98 2.09
87 99 2.64
87 100 3.64
87 101 5.14
87 102 4.79
87 103 4.46
87 104 4.19
87 105 4.01
87 106 3.93
87 107 3.89
87 108 3.71
87 109 4.57
87 110 5.73
87 111 5.77
87 112 5.77
87 113 5.79
87 114 5.84
87 115 5.91
87 116 5.94
87 117 5.66
87 118 6.43
87 119 6.24
87 120 6.63
87 121 6.92
87 122 7.18
87 123 7.45
87 124 7.69
87 125 7.86
87 126 7.69
87 127 8.48
87 128 6.63
87 129 7.30
87 130 7.84
87 131 8.33
87 132 8.78
87 133 9.19
87 134 9.53
87 135 9.54
87 136 10.39
87 137 6.87
87 138 7.76
87 139 8.50
87 140 9.17
87 141 9.79
87 142 10.37
87 143 10.87
87 144 11.10
87 145 12.01
87 146 3.96
88 1 8.61
88 2 7.75
88 3 8.85
88 4 9.80
88 5 10.69
88 6 11.52
88 7 12.32
88 8 13.05
88 9 13.63
88 10 14.60
88 11 7.53
88 12 8.63
88 13 9.65
88 14 10.62
88 15 11.56
88 16 12.46
88 17 13.34
88 18 14.16
88 19 15.16
88 20 7.14
88 21 8.16
88 22 9.17
88 23 10.18
88 24 11.17
88 25 12.15
88 26 13.14
88 27 14.18
88 28 15.18
88 29 6.62
88 30 7.45
88 31 8.39
88 32 9.37
88 33 10.37
88 34 11.39
88 35 12.45
88 36 13.68
88 37 14.66
88 38 6.03
88 39 6.57
88 40 7.35
88 41 8.23
88 42 9.19
88 43 10.22
88 44 11.32
88 45 12.70
88 46 13.62
88 47 5.44
88 48 5.58
88 49 6.09
88 50 6.82
88 51 7.69
88 52 8.66
88 53 9.77
88 54 11.25
88 55 12.11
88 56 4.96
88 57 4.61
88 58 4.74
88 59 5.20
88 60 5.91
88 61 6.79
88 62 7.87
88 63 9.41
88 64 10.19
88 65 4.69
88 66 3.86
88 67 3.46
88 68 3.50
88 69 3.93
88 70 4.67
88 71 5.69
88 72 7.26
88 73 7.96
88 74 4.71
88 75 3.62
88 76 2.70
88 77 2.04
88 78 1.89
88 79 2.38
88 80 3.33
88 81 4.90
88 82 5.58
88 83 5.02
88 84 4.00
88 85 3.01
88 86 2.02
88 87 1.03
88 88 0.00
88 89 1.11
88 90 2.62
88 91 3.45
88 92 5.53
88 93 4.82
88 94 4.12
88 95 3.46
88 96 2.87
88 97 2.38
88 98 2.05
88 99 1.92
88 100 2.88
88 101 6.12
88 102 5.81
88 103 5.48
88 104 5.17
88 105 4.90
88 106 4.67
88 107 4.43
88 108 3.87
88 109 4.58
88 110 6.71
88 111 6.79
88 112 6.79
88 113 6.79
88 114 6.79
88 115 6.79
88 116 6.72
88 117 6.25
88 118 6.93
88 119 7.21
88 120 7.63
88 121 7.94
88 122 8.21
88 123 8.45
88 124 8.66
88 125 8.78
88 126 8.51
88 127 9.25
88 128 7.57
88 129 8.29
88 130 8.85
88 131 9.35
88 132 9.81
88 133 10.21
88 134 10.53
88 135 10.50
88 136 11.32
88 137 7.77
88 138 8.70
88 139 9.47
88 140 10.16
88 141 10.80
88 142 11.39
88 143 11.89
88 144 12.12
88 145 13.02
88 146 4.98
89 1 9.20
89 2 8.58
89 3 9.68
89 4 10.66
89 5 11.58
89 6 12.44
89 7 13.27
89 8 14.03
89 9 14.66
89 10 15.64
89 11 8.30
89 12 9.38
89 13 10.41
89 14 11.40
89 15 12.35
89 16 13.29
89 17 14.20
89 18 15.08
89 19 16.08
89 20 7.86
89 21 8.83
89 22 9.82
89 23 10.82
89 24 11.82
89 25 12.83
89 26 13.84
89 27 14.95
89 28 15.95
89 29 7.31
89 30 8.05
89 31 8.93
89 32 9.88
89 33 10.87
89 34 11.89
89 35 12.98
89 36 14.28
89 37 15.23
89 38 6.71
89 39 7.11
89 40 7.79
89 41 8.61
89 42 9.53
89 43 10.53
89 44 11.64
89 45 13.08
89 46 13.97
89 47 6.15
89 48 6.11
89 49 6.47
89 50 7.08
89 51 7.86
89 52 8.78
89 53 9.87
89 54 11.40
89 55 12.20
89 56 5.72
89 57 5.20
89 58 5.12
89 59 5.39
89 60 5.94
89 61 6.72
89 62 7.74
89 63 9.31
89 64 10.01
89 65 5.53
89 66 4.60
89 67 3.99
89 68 3.74
89 69 3.89
89 70 4.43
89 71 5.32
89 72 6.88
89 73 7.48
89 74 5.64
89 75 4.53
89 76 3.54
89 77 2.68
89 78 2.09
89 79 2.05
89 80 2.71
89 81 4.23
89 82 4.78
89 83 6.00
89 84 5.02
89 85 4.06
89 86 3.10
89 87 2.12
89 88 1.11
89 89 0.00
89 90 1.57
89 91 2.34
89 92 6.53
89 93 5.89
89 94 5.22
89 95 4.57
89 96 3.94
89 97 3.33
89 98 2.71
89 99 1.83
89 100 2.54
89 101 7.13
89 102 6.88
89 103 6.58
89 104 6.28
89 105 5.98
89 106 5.69
89 107 5.32
89 108 4.52
89 109 5.07
89 110 7.70
89 111 7.84
89 112 7.89
89 113 7.90
89 114 7.90
89 115 7.87
89 116 7.74
89 117 7.15
89 118 7.76
89 119 8.18
89 120 8.67
89 121 9.01
89 122 9.31
89 123 9.56
89 124 9.77
89 125 9.87
89 126 9.55
89 127 10.26
89 128 8.51
89 129 9.28
89 130 9.88
89 131 10.41
89 132 10.89
89 133 11.32
89 134 11.64
89 135 11.60
89 136 12.41
89 137 8.67
89 138 9.64
89 139 10.44
89 140 11.17
89 141 11.84
89 142 12.45
89 143 12.98
89 144 13.23
89 145 14.13
89 146 6.08
90 1 9.61
90 2 9.36
90 3 10.47
90 4 11.48
90 5 12.44
90 6 13.35
90 7 14.23
90 8 15.07
90 9 15.80
90 10 16.79
90 11 9.00
90 12 10.04
90 13 11.07
90 14 12.07
90 15 13.05
90 16 14.03
90 17 14.99
90 18 15.99
90 19 16.99
90 20 8.51
90 21 9.37
90 22 10.31
90 23 11.29
90 24 12.29
90 25 13.31
90 26 14.37
90 27 15.59
90 28 16.57
90 29 7.92
90 30 8.49
90 31 9.27
90 32 10.15
90 33 11.10
90 34 12.12
90 35 13.23
90 36 14.62
90 37 15.54
90 38 7.33
90 39 7.50
90 40 8.01
90 41 8.71
90 42 9.54
90 43 10.50
90 44 11.60
90 45 13.11
90 46 13.94
90 47 6.82
90 48 6.53
90 49 6.65
90 50 7.06
90 51 7.69
90 52 8.51
90 53 9.55
90 54 11.11
90 55 11.83
90 56 6.50
90 57 5.75
90 58 5.39
90 59 5.36
90 60 5.66
90 61 6.25
90 62 7.15
90 63 8.71
90 64 9.30
90 65 6.44
90 66 5.39
90 67 4.56
90 68 3.97
90 69 3.71
90 70 3.87
90 71 4.52
90 72 5.99
90 73 6.44
90 74 6.66
90 75 5.57
90 76 4.54
90 77 3.56
90 78 2.64
90 79 1.92
90 80 1.83
90 81 3.05
90 82 3.39
90 83 7.10
90 84 6.23
90 85 5.36
90 86 4.47
90 87 3.57
90 88 2.62
90 89 1.57
90 90 0.00
90 91 1.00
90 92 7.67
90 93 7.17
90 94 6.62
90 95 6.05
90 96 5.49
90 97 4.90
90 98 4.23
90 99 3.05
90 100 3.39
90 101 8.27
90 102 8.17
90 103 7.98
90 104 7.76
90 105 7.52
90 106 7.26
90 107 6.88
90 108 5.99
90 109 6.44
90 110 8.81
90 111 9.09
90 112 9.24
90 113 9.34
90 114 9.40
90 115 9.41
90 116 9.31
90 117 8.71
90 118 9.30
90 119 9.24
90 120 9.84
90 121 10.29
90 122 10.66
90 123 10.99
90 124 11.25
90 125 11.40
90 126 11.11
90 127 11.83
90 128 9.50
90 129 10.36
90 130 11.05
90 131 11.66
90 132 12.21
90 133 12.70
90 134 13.08
90 135 13.11
90 136 13.94
90 137 9.57
90 138 10.60
90 139 11.48
90 140 12.27
90 141 13.01
90 142 13.68
90 143 14.28
90 144 14.62
90 145 15.53
90 146 7.47
91 1 10.55
91 2 10.36
91 3 11.47
91 4 12.48
91 5 13.44
91 6 14.35
91 7 15.23
91 8 16.06
91 9 16.79
91 10 17.78
91 11 10.00
91 12 11.03
91 13 12.05
91 14 13.05
91 15 14.04
91 16 15.02
91 17 15.99
91 18 16.99
91 19 17.99
91 20 9.49
91 21 10.34
91 22 11.27
91 23 12.24
91 24 13.24
91 25 14.27
91 26 15.33
91 27 16.57
91 28 17.54
91 29 8.90
91 30 9.45
91 31 10.20
91 32 11.07
91 33 12.01
91 34 13.02
91 35 14.13
91 36 15.54
91 37 16.44
91 38 8.31
91 39 8.46
91 40 8.92
91 41 9.58
91 42 10.39
91 43 11.32
91 44 12.41
91 45 13.94
91 46 14.75
91 47 7.81
91 48 7.49
91 49 7.56
91 50 7.91
91 51 8.48
91 52 9.25
91 53 10.26
91 54 11.83
91 55 12.50
91 56 7.50
91 57 6.73
91 58 6.33
91 59 6.23
91 60 6.43
91 61 6.93
91 62 7.76
91 63 9.30
91 64 9.80
91 65 7.44
91 66 6.39
91 67 5.55
91 68 4.92
91 69 4.57
91 70 4.58
91 71 5.07
91 72 6.44
91 73 6.74
91 74 7.66
91 75 6.56
91 76 5.54
91 77 4.56
91 78 3.64
91 79 2.88
91 80 2.54
91 81 3.39
91 82 3.43
91 83 8.09
91 84 7.20
91 85 6.30
91 86 5.39
91 87 4.44
91 88 3.45
91 89 2.34
91 90 1.00
91 91 0.00
91 92 8.66
91 93 8.12
91 94 7.53
91 95 6.91
91 96 6.27
91 97 5.58
91 98 4.78
91 99 3.39
91 100 3.44
91 101 9.26
91 102 9.12
91 103 8.89
91 104 8.62
91 105 8.31
91 106 7.96
91 107 7.48
91 108 6.44
91 109 6.74
91 110 9.80
91 111 10.06
91 112 10.17
91 113 10.23
91 114 10.24
91 115 10.19
91 116 10.01
91 117 9.30
91 118 9.80
91 119 10.23
91 120 10.82
91 121 11.25
91 122 11.60
91 123 11.89
91 124 12.11
91 125 12.20
91 126 11.83
91 127 12.50
91 128 10.50
91 129 11.35
91 130 12.03
91 131 12.63
91 132 13.16
91 133 13.62
91 134 13.97
91 135 13.94
91 136 14.75
91 137 10.57
91 138 11.60
91 139 12.48
91 140 13.26
91 141 13.99
91 142 14.66
91 143 15.23
91 144 15.54
91 145 16.44
91 146 8.38
92 1 5.01
92 2 2.95
92 3 3.82
92 4 4.60
92 5 5.35
92 6 6.09
92 7 6.82
92 8 7.52
92 9 8.14
92 10 9.12
92 11 3.11
92 12 4.08
92 13 4.93
92 14 5.74
92 15 6.53
92 16 7.30
92 17 8.03
92 18 8.70
92 19 9.69
92 20 3.14
92 21 4.19
92 22 5.11
92 23 5.97
92 24 6.81
92 25 7.63
92 26 8.42
92 27 9.15
92 28 10.15
92 29 3.06
92 30 4.16
92 31 5.13
92 32 6.04
92 33 6.93
92 34 7.79
92 35 8.63
92 36 9.45
92 37 10.45
92 38 2.87
92 39 3.98
92 40 4.99
92 41 5.94
92 42 6.87
92 43 7.77
92 44 8.67
92 45 9.57
92 46 10.57
92 47 2.58
92 48 3.67
92 49 4.70
92 50 5.68
92 51 6.63
92 52 7.57
92 53 8.51
92 54 9.50
92 55 10.49
92 56 2.18
92 57 3.24
92 58 4.27
92 59 5.27
92 60 6.24
92 61 7.21
92 62 8.18
92 63 9.24
92 64 10.23
92 65 1.71
92 66 2.72
92 67 3.74
92 68 4.74
92 69 5.73
92 70 6.71
92 71 7.70
92 72 8.81
92 73 9.80
92 74 1.18
92 75 2.13
92 76 3.14
92 77 4.15
92 78 5.14
92 79 6.13
92 80 7.13
92 81 8.27
92 82 9.26
92 83 0.60
92 84 1.54
92 85 2.56
92 86 3.56
92 87 4.55
92 88 5.53
92 89 6.53
92 90 7.67
92 91 8.66
92 92 0.00
92 93 1.11
92 94 2.12
92 95 3.10
92 96 4.06
92 97 5.02
92 98 6.00
92 99 7.10
92 100 8.09
92 101 0.60
92 102 1.13
92 103 2.00
92 104 2.90
92 105 3.81
92 106 4.71
92 107 5.64
92 108 6.66
92 109 7.66
92 110 1.18
92 111 1.58
92 112 2.26
92 113 3.04
92 114 3.86
92 115 4.69
92 116 5.54
92 117 6.44
92 118 7.44
92 119 1.71
92 120 2.17
92 121 2.78
92 122 3.47
92 123 4.20
92 124 4.96
92 125 5.72
92 126 6.50
92 127 7.50
92 128 2.18
92 129 2.76
92 130 3.38
92 131 4.04
92 132 4.73
92 133 5.44
92 134 6.15
92 135 6.82
92 136 7.81
92 137 2.58
92 138 3.28
92 139 3.95
92 140 4.64
92 141 5.33
92 142 6.03
92 143 6.71
92 144 7.33
92 145 8.31
92 146 1.88
93 1 6.04
93 2 4.06
93 3 4.93
93 4 5.68
93 5 6.38
93 6 7.07
93 7 7.73
93 8 8.36
93 9 8.83
93 10 9.79
93 11 4.19
93 12 5.18
93 13 6.04
93 14 6.84
93 15 7.61
93 16 8.36
93 17 9.06
93 18 9.64
93 19 10.62
93 20 4.16
93 21 5.24
93 22 6.19
93 23 7.07
93 24 7.92
93 25 8.74
93 26 9.52
93 27 10.23
93 28 11.22
93 29 4.00
93 30 5.11
93 31 6.11
93 32 7.06
93 33 7.97
93 34 8.86
93 35 9.72
93 36 10.56
93 37 11.56
93 38 3.70
93 39 4.79
93 40 5.82
93 41 6.80
93 42 7.76
93 43 8.70
93 44 9.64
93 45 10.60
93 46 11.60
93 47 3.28
93 48 4.30
93 49 5.31
93 50 6.32
93 51 7.31
93 52 8.29
93 53 9.28
93 54 10.36
93 55 11.35
93 56 2.76
93 57 3.64
93 58 4.63
93 59 5.63
93 60 6.63
93 61 7.63
93 62 8.67
93 63 9.84
93 64 10.82
93 65 2.17
93 66 2.86
93 67 3.78
93 68 4.76
93 69 5.77
93 70 6.79
93 71 7.84
93 72 9.09
93 73 10.06
93 74 1.58
93 75 1.96
93 76 2.82
93 77 3.79
93 78 4.79
93 79 5.81
93 80 6.88
93 81 8.17
93 82 9.12
93 83 1.13
93 84 1.00
93 85 1.82
93 86 2.80
93 87 3.80
93 88 4.82
93 89 5.89
93 90 7.17
93 91 8.12
93 92 1.11
93 93 0.00
93 94 1.03
93 95 2.02
93 96 3.01
93 97 4.00
93 98 5.02
93 99 6.23
93 100 7.20
93 101 1.54
93 102 1.00
93 103 1.22
93 104 1.91
93 105 2.74
93 106 3.62
93 107 4.53
93 108 5.57
93 109 6.56
93 110 2.13
93 111 1.97
93 112 2.13
93 113 2.57
93 114 3.17
93 115 3.86
93 116 4.60
93 117 5.39
93 118 6.39
93 119 2.72
93 120 2.86
93 121 3.13
93 122 3.54
93 123 4.04
93 124 4.61
93 125 5.20
93 126 5.75
93 127 6.73
93 128 3.24
93 129 3.64
93 130 4.06
93 131 4.53
93 132 5.04
93 133 5.58
93 134 6.11
93 135 6.53
93 136 7.49
93 137 3.67
93 138 4.30
93 139 4.86
93 140 5.43
93 141 6.00
93 142 6.57
93 143 7.11
93 144 7.50
93 145 8.46
93 146 0.88
94 1 6.92
94 2 5.06
94 3 5.95
94 4 6.70
94 5 7.40
94 6 8.07
94 7 8.71
94 8 9.29
94 9 9.68
94 10 10.62
94 11 5.14
94 12 6.16
94 13 7.05
94 14 7.86
94 15 8.64
94 16 9.38
94 17 10.07
94 18 10.62
94 19 11.59
94 20 5.06
94 21 6.16
94 22 7.13
94 23 8.04
94 24 8.91
94 25 9.74
94 26 10.54
94 27 11.26
94 28 12.25
94 29 4.83
94 30 5.93
94 31 6.95
94 32 7.92
94 33 8.86
94 34 9.77
94 35 10.67
94 36 11.55
94 37 12.55
94 38 4.45
94 39 5.49
94 40 6.52
94 41 7.52
94 42 8.50
94 43 9.47
94 44 10.44
94 45 11.48
94 46 12.48
94 47 3.95
94 48 4.86
94 49 5.84
94 50 6.84
94 51 7.84
94 52 8.85
94 53 9.88
94 54 11.05
94 55 12.03
94 56 3.38
94 57 4.06
94 58 4.96
94 59 5.92
94 60 6.92
94 61 7.94
94 62 9.02
94 63 10.29
94 64 11.25
94 65 2.78
94 66 3.13
94 67 3.89
94 68 4.79
94 69 5.77
94 70 6.79
94 71 7.89
94 72 9.24
94 73 10.17
94 74 2.27
94 75 2.13
94 76 2.67
94 77 3.51
94 78 4.46
94 79 5.48
94 80 6.58
94 81 7.98
94 82 8.89
94 83 2.00
94 84 1.22
94 85 1.36
94 86 2.14
94 87 3.10
94 88 4.12
94 89 5.22
94 90 6.62
94 91 7.53
94 92 2.12
94 93 1.03
94 94 0.00
94 95 1.00
94 96 2.00
94 97 3.01
94 98 4.06
94 99 5.36
94 100 6.30
94 101 2.56
94 102 1.82
94 103 1.36
94 104 1.43
94 105 1.96
94 106 2.70
94 107 3.54
94 108 4.54
94 109 5.54
94 110 3.15
94 111 2.82
94 112 2.67
94 113 2.74
94 114 3.02
94 115 3.46
94 116 3.99
94 117 4.56
94 118 5.55
94 119 3.74
94 120 3.78
94 121 3.89
94 122 4.09
94 123 4.38
94 124 4.74
94 125 5.12
94 126 5.39
94 127 6.33
94 128 4.27
94 129 4.63
94 130 4.96
94 131 5.31
94 132 5.69
94 133 6.10
94 134 6.47
94 135 6.65
94 136 7.56
94 137 4.70
94 138 5.32
94 139 5.84
94 140 6.35
94 141 6.86
94 142 7.35
94 143 7.79
94 144 8.01
94 145 8.92
94 146 0.86
95 1 7.74
95 2 6.00
95 3 6.92
95 4 7.69
95 5 8.40
95 6 9.07
95 7 9.70
95 8 10.26
95 9 10.60
95 10 11.53
95 11 6.04
95 12 7.09
95 13 8.00
95 14 8.83
95 15 9.63
95 16 10.38
95 17 11.08
95 18 11.62
95 19 12.58
95 20 5.91
95 21 7.02
95 22 8.01
95 23 8.94
95 24 9.83
95 25 10.69
95 26 11.51
95 27 12.25
95 28 13.24
95 29 5.61
95 30 6.70
95 31 7.73
95 32 8.72
95 33 9.67
95 34 10.62
95 35 11.54
95 36 12.47
95 37 13.47
95 38 5.18
95 39 6.16
95 40 7.17
95 41 8.17
95 42 9.17
95 43 10.16
95 44 11.17
95 45 12.27
95 46 13.26
95 47 4.64
95 48 5.42
95 49 6.35
95 50 7.33
95 51 8.33
95 52 9.35
95 53 10.41
95 54 11.66
95 55 12.63
95 56 4.04
95 57 4.53
95 58 5.31
95 59 6.21
95 60 7.18
95 61 8.21
95 62 9.31
95 63 10.66
95 64 11.60
95 65 3.47
95 66 3.54
95 67 4.09
95 68 4.87
95 69 5.79
95 70 6.79
95 71 7.90
95 72 9.34
95 73 10.23
95 74 3.04
95 75 2.57
95 76 2.74
95 77 3.35
95 78 4.19
95 79 5.17
95 80 6.28
95 81 7.76
95 82 8.61
95 83 2.90
95 84 1.91
95 85 1.42
95 86 1.71
95 87 2.49
95 88 3.46
95 89 4.57
95 90 6.05
95 91 6.91
95 92 3.10
95 93 2.02
95 94 1.00
95 95 0.00
95 96 1.00
95 97 2.02
95 98 3.10
95 99 4.47
95 100 5.38
95 101 3.56
95 102 2.80
95 103 2.14
95 104 1.71
95 105 1.66
95 106 2.04
95 107 2.68
95 108 3.56
95 109 4.56
95 110 4.15
95 111 3.79
95 112 3.51
95 113 3.35
95 114 3.35
95 115 3.50
95 116 3.74
95 117 3.97
95 118 4.92
95 119 4.74
95 120 4.76
95 121 4.79
95 122 4.87
95 123 5.01
95 124 5.20
95 125 5.39
95 126 5.36
95 127 6.23
95 128 5.27
95 129 5.63
95 130 5.92
95 131 6.21
95 132 6.52
95 133 6.82
95 134 7.08
95 135 7.06
95 136 7.91
95 137 5.68
95 138 6.32
95 139 6.84
95 140 7.33
95 141 7.79
95 142 8.23
95 143 8.61
95 144 8.71
95 145 9.58
95 146 1.71
96 1 8.52
96 2 6.91
96 3 7.87
96 4 8.66
96 5 9.39
96 6 10.07
96 7 10.71
96 8 11.26
96 9 11.58
96 10 12.50
96 11 6.91
96 12 7.98
96 13 8.91
96 14 9.77
96 15 10.59
96 16 11.36
96 17 12.07
96 18 12.62
96 19 13.59
96 20 6.73
96 21 7.84
96 22 8.85
96 23 9.80
96 24 10.71
96 25 11.59
96 26 12.44
96 27 13.22
96 28 14.21
96 29 6.38
96 30 7.44
96 31 8.47
96 32 9.47
96 33 10.44
96 34 11.41
96 35 12.36
96 36 13.35
96 37 14.35
96 38 5.90
96 39 6.82
96 40 7.79
96 41 8.79
96 42 9.79
96 43 10.80
96 44 11.84
96 45 13.01
96 46 13.99
96 47 5.33
96 48 6.00
96 49 6.85
96 50 7.79
96 51 8.78
96 52 9.81
96 53 10.89
96 54 12.21
96 55 13.16
96 56 4.73
96 57 5.04
96 58 5.69
96 59 6.52
96 60 7.44
96 61 8.45
96 62 9.56
96 63 10.99
96 64 11.89
96 65 4.20
96 66 4.04
96 67 4.38
96 68 5.01
96 69 5.84
96 70 6.80
96 71 7.90
96 72 9.40
96 73 10.24
96 74 3.86
96 75 3.18
96 76 3.02
96 77 3.35
96 78 4.01
96 79 4.90
96 80 5.98
96 81 7.52
96 82 8.31
96 83 3.81
96 84 2.74
96 85 1.96
96 86 1.66
96 87 2.04
96 88 2.87
96 89 3.94
96 90 5.49
96 91 6.27
96 92 4.06
96 93 3.01
96 94 2.00
96 95 1.00
96 96 0.00
96 97 1.03
96 98 2.12
96 99 3.57
96 100 4.44
96 101 4.55
96 102 3.80
96 103 3.10
96 104 2.49
96 105 2.05
96 106 1.89
96 107 2.09
96 108 2.64
96 109 3.64
96 110 5.14
96 111 4.79
96 112 4.46
96 113 4.19
96 114 4.02
96 115 3.93
96 116 3.89
96 117 3.71
96 118 4.57
96 119 5.73
96 120 5.77
96 121 5.77
96 122 5.79
96 123 5.84
96 124 5.91
96 125 5.94
96 126 5.66
96 127 6.43
96 128 6.24
96 129 6.63
96 130 6.92
96 131 7.19
96 132 7.45
96 133 7.69
96 134 7.86
96 135 7.69
96 136 8.48
96 137 6.63
96 138 7.31
96 139 7.84
96 140 8.33
96 141 8.78
96 142 9.20
96 143 9.53
96 144 9.54
96 145 10.39
96 146 2.70
97 1 9.27
97 2 7.80
97 3 8.79
97 4 9.62
97 5 10.37
97 6 11.07
97 7 11.72
97 8 12.29
97 9 12.61
97 10 13.53
97 11 7.75
97 12 8.85
97 13 9.80
97 14 10.69
97 15 11.52
97 16 12.32
97 17 13.05
97 18 13.63
97 19 14.60
97 20 7.53
97 21 8.63
97 22 9.65
97 23 10.62
97 24 11.56
97 25 12.46
97 26 13.34
97 27 14.16
97 28 15.16
97 29 7.14
97 30 8.16
97 31 9.17
97 32 10.18
97 33 11.17
97 34 12.15
97 35 13.14
97 36 14.18
97 37 15.18
97 38 6.62
97 39 7.46
97 40 8.39
97 41 9.37
97 42 10.37
97 43 11.39
97 44 12.46
97 45 13.68
97 46 14.66
97 47 6.03
97 48 6.57
97 49 7.35
97 50 8.24
97 51 9.20
97 52 10.21
97 53 11.32
97 54 12.70
97 55 13.62
97 56 5.44
97 57 5.58
97 58 6.10
97 59 6.82
97 60 7.69
97 61 8.66
97 62 9.77
97 63 11.25
97 64 12.11
97 65 4.96
97 66 4.61
97 67 4.74
97 68 5.20
97 69 5.91
97 70 6.79
97 71 7.87
97 72 9.41
97 73 10.19
97 74 4.69
97 75 3.86
97 76 3.46
97 77 3.50
97 78 3.93
97 79 4.67
97 80 5.69
97 81 7.26
97 82 7.96
97 83 4.71
97 84 3.62
97 85 2.70
97 86 2.04
97 87 1.89
97 88 2.38
97 89 3.33
97 90 4.90
97 91 5.58
97 92 5.02
97 93 4.00
97 94 3.01
97 95 2.02
97 96 1.03
97 97 0.00
97 98 1.11
97 99 2.62
97 100 3.45
97 101 5.53
97 102 4.82
97 103 4.12
97 104 3.46
97 105 2.87
97 106 2.38
97 107 2.05
97 108 1.92
97 109 2.88
97 110 6.12
97 111 5.81
97 112 5.48
97 113 5.17
97 114 4.90
97 115 4.67
97 116 4.43
97 117 3.87
97 118 4.58
97 119 6.71
97 120 6.79
97 121 6.79
97 122 6.79
97 123 6.80
97 124 6.79
97 125 6.72
97 126 6.25
97 127 6.93
97 128 7.21
97 129 7.63
97 130 7.94
97 131 8.21
97 132 8.45
97 133 8.66
97 134 8.78
97 135 8.51
97 136 9.25
97 137 7.57
97 138 8.29
97 139 8.85
97 140 9.35
97 141 9.81
97 142 10.21
97 143 10.53
97 144 10.50
97 145 11.32
97 146 3.72
98 1 9.97
98 2 8.68
98 3 9.70
98 4 10.56
98 5 11.35
98 6 12.08
98 7 12.76
98 8 13.35
98 9 13.70
98 10 14.63
98 11 8.58
98 12 9.68
98 13 10.66
98 14 11.58
98 15 12.44
98 16 13.27
98 17 14.03
98 18 14.66
98 19 15.64
98 20 8.30
98 21 9.38
98 22 10.41
98 23 11.40
98 24 12.36
98 25 13.29
98 26 14.20
98 27 15.08
98 28 16.08
98 29 7.86
98 30 8.83
98 31 9.82
98 32 10.82
98 33 11.82
98 34 12.83
98 35 13.84
98 36 14.95
98 37 15.95
98 38 7.31
98 39 8.05
98 40 8.93
98 41 9.88
98 42 10.87
98 43 11.89
98 44 12.98
98 45 14.28
98 46 15.23
98 47 6.71
98 48 7.11
98 49 7.79
98 50 8.61
98 51 9.53
98 52 10.53
98 53 11.64
98 54 13.08
98 55 13.97
98 56 6.15
98 57 6.11
98 58 6.47
98 59 7.08
98 60 7.86
98 61 8.78
98 62 9.87
98 63 11.40
98 64 12.20
98 65 5.72
98 66 5.20
98 67 5.12
98 68 5.39
98 69 5.94
98 70 6.72
98 71 7.74
98 72 9.31
98 73 10.01
98 74 5.54
98 75 4.60
98 76 3.99
98 77 3.74
98 78 3.89
98 79 4.43
98 80 5.32
98 81 6.88
98 82 7.48
98 83 5.64
98 84 4.53
98 85 3.54
98 86 2.68
98 87 2.09
98 88 2.05
98 89 2.71
98 90 4.23
98 91 4.78
98 92 6.00
98 93 5.02
98 94 4.06
98 95 3.10
98 96 2.12
98 97 1.11
98 98 0.00
98 99 1.57
98 100 2.34
98 101 6.53
98 102 5.89
98 103 5.22
98 104 4.57
98 105 3.94
98 106 3.33
98 107 2.71
98 108 1.83
98 109 2.54
98 110 7.13
98 111 6.88
98 112 6.58
98 113 6.28
98 114 5.98
98 115 5.69
98 116 5.32
98 117 4.52
98 118 5.07
98 119 7.70
98 120 7.85
98 121 7.89
98 122 7.90
98 123 7.90
98 124 7.87
98 125 7.74
98 126 7.15
98 127 7.76
98 128 8.18
98 129 8.67
98 130 9.01
98 131 9.31
98 132 9.56
98 133 9.77
98 134 9.87
98 135 9.55
98 136 10.26
98 137 8.51
98 138 9.28
98 139 9.88
98 140 10.41
98 141 10.89
98 142 11.32
98 143 11.64
98 144 11.60
98 145 12.41
98 146 4.81
99 1 10.53
99 2 9.55
99 3 10.62
99 4 11.55
99 5 12.39
99 6 13.18
99 7 13.92
99 8 14.59
99 9 15.03
99 10 15.98
99 11 9.36
99 12 10.47
99 13 11.48
99 14 12.44
99 15 13.35
99 16 14.23
99 17 15.07
99 18 15.80
99 19 16.79
99 20 9.00
99 21 10.04
99 22 11.06
99 23 12.07
99 24 13.05
99 25 14.03
99 26 14.99
99 27 15.99
99 28 16.99
99 29 8.50
99 30 9.37
99 31 10.31
99 32 11.29
99 33 12.29
99 34 13.31
99 35 14.37
99 36 15.59
99 37 16.57
99 38 7.92
99 39 8.49
99 40 9.27
99 41 10.15
99 42 11.10
99 43 12.12
99 44 13.23
99 45 14.62
99 46 15.54
99 47 7.33
99 48 7.50
99 49 8.01
99 50 8.71
99 51 9.54
99 52 10.50
99 53 11.60
99 54 13.11
99 55 13.94
99 56 6.82
99 57 6.53
99 58 6.65
99 59 7.06
99 60 7.69
99 61 8.51
99 62 9.55
99 63 11.11
99 64 11.83
99 65 6.50
99 66 5.75
99 67 5.39
99 68 5.36
99 69 5.66
99 70 6.25
99 71 7.15
99 72 8.71
99 73 9.30
99 74 6.44
99 75 5.39
99 76 4.56
99 77 3.97
99 78 3.71
99 79 3.87
99 80 4.52
99 81 5.99
99 82 6.44
99 83 6.66
99 84 5.57
99 85 4.54
99 86 3.56
99 87 2.64
99 88 1.92
99 89 1.83
99 90 3.05
99 91 3.39
99 92 7.10
99 93 6.23
99 94 5.36
99 95 4.47
99 96 3.57
99 97 2.62
99 98 1.57
99 99 0.00
99 100 1.00
99 101 7.67
99 102 7.17
99 103 6.62
99 104 6.05
99 105 5.49
99 106 4.90
99 107 4.23
99 108 3.05
99 109 3.39
99 110 8.27
99 111 8.17
99 112 7.98
99 113 7.76
99 114 7.52
99 115 7.26
99 116 6.88
99 117 5.99
99 118 6.44
99 119 8.81
99 120 9.09
99 121 9.24
99 122 9.34
99 123 9.40
99 124 9.41
99 125 9.31
99 126 8.71
99 127 9.30
99 128 9.24
99 129 9.84
99 130 10.29
99 131 10.67
99 132 10.99
99 133 11.25
99 134 11.40
99 135 11.11
99 136 11.83
99 137 9.50
99 138 10.36
99 139 11.05
99 140 11.66
99 141 12.21
99 142 12.70
99 143 13.08
99 144 13.11
99 145 13.94
99 146 6.17
100 1 11.50
100 2 10.55
100 3 11.62
100 4 12.55
100 5 13.39
100 6 14.18
100 7 14.91
100 8 15.56
100 9 15.98
100 10 16.91
100 11 10.36
100 12 11.47
100 13 12.48
100 14 13.44
100 15 14.35
100 16 15.23
100 17 16.06
100 18 16.79
100 19 17.78
100 20 9.99
100 21 11.03
100 22 12.05
100 23 13.05
100 24 14.04
100 25 15.02
100 26 15.99
100 27 16.99
100 28 17.99
100 29 9.49
100 30 10.34
100 31 11.27
100 32 12.24
100 33 13.24
100 34 14.27
100 35 15.33
100 36 16.57
100 37 17.54
100 38 8.90
100 39 9.45
100 40 10.20
100 41 11.06
100 42 12.01
100 43 13.02
100 44 14.13
100 45 15.54
100 46 16.44
100 47 8.31
100 48 8.46
100 49 8.92
100 50 9.58
100 51 10.39
100 52 11.32
100 53 12.41
100 54 13.94
100 55 14.74
100 56 7.81
100 57 7.49
100 58 7.56
100 59 7.91
100 60 8.48
100 61 9.25
100 62 10.26
100 63 11.83
100 64 12.50
100 65 7.50
100 66 6.73
100 67 6.33
100 68 6.23
100 69 6.43
100 70 6.93
100 71 7.76
100 72 9.30
100 73 9.80
100 74 7.44
100 75 6.39
100 76 5.55
100 77 4.92
100 78 4.57
100 79 4.58
100 80 5.07
100 81 6.44
100 82 6.74
100 83 7.65
100 84 6.56
100 85 5.54
100 86 4.56
100 87 3.64
100 88 2.88
100 89 2.54
100 90 3.39
100 91 3.44
100 92 8.09
100 93 7.20
100 94 6.30
100 95 5.38
100 96 4.44
100 97 3.45
100 98 2.34
100 99 1.00
100 100 0.00
100 101 8.66
100 102 8.12
100 103 7.53
100 104 6.91
100 105 6.27
100 106 5.58
100 107 4.78
100 108 3.39
100 109 3.43
100 110 9.26
100 111 9.12
100 112 8.89
100 113 8.61
100 114 8.31
100 115 7.96
100 116 7.48
100 117 6.44
100 118 6.74
100 119 9.80
100 120 10.06
100 121 10.17
100 122 10.23
100 123 10.24
100 124 10.19
100 125 10.01
100 126 9.30
100 127 9.80
100 128 10.23
100 129 10.82
100 130 11.25
100 131 11.60
100 132 11.89
100 133 12.11
100 134 12.20
100 135 11.83
100 136 12.50
100 137 10.50
100 138 11.35
100 139 12.03
100 140 12.63
100 141 13.16
100 142 13.62
100 143 13.97
100 144 13.94
100 145 14.74
100 146 7.09
101 1 4.93
101 2 2.70
101 3 3.45
101 4 4.15
101 5 4.84
101 6 5.55
101 7 6.25
101 8 6.93
101 9 7.54
101 10 8.52
101 11 2.95
101 12 3.83
101 13 4.60
101 14 5.35
101 15 6.09
101 16 6.82
101 17 7.52
101 18 8.14
101 19 9.12
101 20 3.11
101 21 4.08
101 22 4.93
101 23 5.74
101 24 6.53
101 25 7.30
101 26 8.04
101 27 8.70
101 28 9.69
101 29 3.14
101 30 4.19
101 31 5.11
101 32 5.98
101 33 6.81
101 34 7.63
101 35 8.42
101 36 9.15
101 37 10.15
101 38 3.06
101 39 4.16
101 40 5.13
101 41 6.04
101 42 6.93
101 43 7.79
101 44 8.63
101 45 9.45
101 46 10.45
101 47 2.87
101 48 3.98
101 49 4.99
101 50 5.94
101 51 6.87
101 52 7.77
101 53 8.67
101 54 9.57
101 55 10.57
101 56 2.58
101 57 3.67
101 58 4.70
101 59 5.68
101 60 6.63
101 61 7.57
101 62 8.51
101 63 9.50
101 64 10.50
101 65 2.19
101 66 3.24
101 67 4.27
101 68 5.27
101 69 6.24
101 70 7.21
101 71 8.18
101 72 9.24
101 73 10.23
101 74 1.71
101 75 2.72
101 76 3.74
101 77 4.74
101 78 5.73
101 79 6.71
101 80 7.70
101 81 8.82
101 82 9.80
101 83 1.18
101 84 2.13
101 85 3.14
101 86 4.15
101 87 5.14
101 88 6.12
101 89 7.13
101 90 8.27
101 91 9.26
101 92 0.60
101 93 1.54
101 94 2.56
101 95 3.56
101 96 4.55
101 97 5.53
101 98 6.53
101 99 7.67
101 100 8.66
101 101 0.00
101 102 1.11
101 103 2.12
101 104 3.10
101 105 4.06
101 106 5.02
101 107 6.00
101 108 7.10
101 109 8.09
101 110 0.60
101 111 1.13
101 112 2.00
101 113 2.90
101 114 3.80
101 115 4.71
101 116 5.64
101 117 6.66
101 118 7.66
101 119 1.18
101 120 1.58
101 121 2.27
101 122 3.04
101 123 3.86
101 124 4.69
101 125 5.53
101 126 6.44
101 127 7.44
101 128 1.71
101 129 2.17
101 130 2.78
101 131 3.47
101 132 4.20
101 133 4.96
101 134 5.72
101 135 6.50
101 136 7.50
101 137 2.19
101 138 2.76
101 139 3.38
101 140 4.04
101 141 4.73
101 142 5.44
101 143 6.15
101 144 6.82
101 145 7.81
101 146 2.14
102 1 6.03
102 2 3.80
102 3 4.50
102 4 5.11
102 5 5.71
102 6 6.32
102 7 6.91
102 8 7.47
102 9 7.87
102 10 8.82
102 11 4.06
102 12 4.93
102 13 5.68
102 14 6.38
102 15 7.07
102 16 7.73
102 17 8.35
102 18 8.83
102 19 9.79
102 20 4.18
102 21 5.18
102 22 6.04
102 23 6.84
102 24 7.61
102 25 8.36
102 26 9.06
102 27 9.64
102 28 10.61
102 29 4.16
102 30 5.24
102 31 6.19
102 32 7.07
102 33 7.92
102 34 8.74
102 35 9.52
102 36 10.23
102 37 11.22
102 38 4.00
102 39 5.11
102 40 6.11
102 41 7.06
102 42 7.97
102 43 8.86
102 44 9.72
102 45 10.56
102 46 11.56
102 47 3.70
102 48 4.79
102 49 5.82
102 50 6.80
102 51 7.76
102 52 8.70
102 53 9.64
102 54 10.60
102 55 11.60
102 56 3.28
102 57 4.30
102 58 5.32
102 59 6.32
102 60 7.31
102 61 8.29
102 62 9.28
102 63 10.36
102 64 11.35
102 65 2.76
102 66 3.64
102 67 4.63
102 68 5.63
102 69 6.63
102 70 7.63
102 71 8.67
102 72 9.84
102 73 10.82
102 74 2.17
102 75 2.86
102 76 3.78
102 77 4.76
102 78 5.77
102 79 6.79
102 80 7.85
102 81 9.09
102 82 10.06
102 83 1.58
102 84 1.97
102 85 2.82
102 86 3.79
102 87 4.79
102 88 5.81
102 89 6.88
102 90 8.17
102 91 9.12
102 92 1.13
102 93 1.00
102 94 1.82
102 95 2.80
102 96 3.80
102 97 4.82
102 98 5.89
102 99 7.17
102 100 8.12
102 101 1.11
102 102 0.00
102 103 1.03
102 104 2.02
102 105 3.01
102 106 4.00
102 107 5.02
102 108 6.24
102 109 7.20
102 110 1.54
102 111 1.00
102 112 1.22
102 113 1.91
102 114 2.74
102 115 3.62
102 116 4.53
102 117 5.57
102 118 6.56
102 119 2.13
102 120 1.96
102 121 2.13
102 122 2.57
102 123 3.17
102 124 3.86
102 125 4.60
102 126 5.39
102 127 6.39
102 128 2.72
102 129 2.86
102 130 3.13
102 131 3.54
102 132 4.04
102 133 4.61
102 134 5.20
102 135 5.75
102 136 6.73
102 137 3.24
102 138 3.64
102 139 4.06
102 140 4.53
102 141 5.04
102 142 5.58
102 143 6.11
102 144 6.53
102 145 7.49
102 146 1.16
103 1 7.00
103 2 4.82
103 3 5.52
103 4 6.11
103 5 6.68
103 6 7.22
103 7 7.75
103 8 8.23
103 9 8.49
103 10 9.40
103 11 5.06
103 12 5.95
103 13 6.70
103 14 7.40
103 15 8.07
103 16 8.71
103 17 9.29
103 18 9.68
103 19 10.62
103 20 5.14
103 21 6.16
103 22 7.04
103 23 7.86
103 24 8.64
103 25 9.38
103 26 10.07
103 27 10.62
103 28 11.59
103 29 5.06
103 30 6.16
103 31 7.13
103 32 8.04
103 33 8.91
103 34 9.74
103 35 10.54
103 36 11.26
103 37 12.25
103 38 4.83
103 39 5.93
103 40 6.95
103 41 7.92
103 42 8.86
103 43 9.77
103 44 10.67
103 45 11.55
103 46 12.55
103 47 4.45
103 48 5.49
103 49 6.52
103 50 7.52
103 51 8.50
103 52 9.47
103 53 10.44
103 54 11.48
103 55 12.48
103 56 3.95
103 57 4.86
103 58 5.84
103 59 6.84
103 60 7.84
103 61 8.85
103 62 9.88
103 63 11.05
103 64 12.03
103 65 3.38
103 66 4.06
103 67 4.95
103 68 5.92
103 69 6.92
103 70 7.94
103 71 9.01
103 72 10.29
103 73 11.25
103 74 2.78
103 75 3.13
103 76 3.88
103 77 4.79
103 78 5.77
103 79 6.79
103 80 7.89
103 81 9.24
103 82 10.17
103 83 2.26
103 84 2.13
103 85 2.67
103 86 3.50
103 87 4.46
103 88 5.48
103 89 6.58
103 90 7.98
103 91 8.89
103 92 2.00
103 93 1.22
103 94 1.36
103 95 2.14
103 96 3.10
103 97 4.12
103 98 5.22
103 99 6.62
103 100 7.53
103 101 2.12
103 102 1.03
103 103 0.00
103 104 1.00
103 105 2.00
103 106 3.01
103 107 4.06
103 108 5.36
103 109 6.30
103 110 2.56
103 111 1.82
103 112 1.36
103 113 1.43
103 114 1.96
103 115 2.70
103 116 3.54
103 117 4.54
103 118 5.54
103 119 3.14
103 120 2.82
103 121 2.67
103 122 2.74
103 123 3.03
103 124 3.46
103 125 3.99
103 126 4.56
103 127 5.55
103 128 3.74
103 129 3.78
103 130 3.89
103 131 4.09
103 132 4.38
103 133 4.74
103 134 5.12
103 135 5.39
103 136 6.33
103 137 4.27
103 138 4.63
103 139 4.95
103 140 5.31
103 141 5.69
103 142 6.10
103 143 6.47
103 144 6.65
103 145 7.56
103 146 0.51
104 1 7.91
104 2 5.79
104 3 6.52
104 4 7.12
104 5 7.67
104 6 8.19
104 7 8.68
104 8 9.10
104 9 9.26
104 10 10.15
104 11 6.00
104 12 6.92
104 13 7.70
104 14 8.41
104 15 9.07
104 16 9.70
104 17 10.26
104 18 10.60
104 19 11.53
104 20 6.04
104 21 7.09
104 22 8.00
104 23 8.83
104 24 9.63
104 25 10.38
104 26 11.08
104 27 11.62
104 28 12.58
104 29 5.91
104 30 7.02
104 31 8.01
104 32 8.94
104 33 9.83
104 34 10.69
104 35 11.51
104 36 12.25
104 37 13.24
104 38 5.62
104 39 6.70
104 40 7.73
104 41 8.71
104 42 9.68
104 43 10.62
104 44 11.54
104 45 12.47
104 46 13.47
104 47 5.18
104 48 6.16
104 49 7.17
104 50 8.17
104 51 9.17
104 52 10.16
104 53 11.17
104 54 12.27
104 55 13.26
104 56 4.64
104 57 5.43
104 58 6.35
104 59 7.33
104 60 8.33
104 61 9.35
104 62 10.42
104 63 11.66
104 64 12.63
104 65 4.04
104 66 4.53
104 67 5.31
104 68 6.21
104 69 7.19
104 70 8.21
104 71 9.31
104 72 10.67
104 73 11.60
104 74 3.47
104 75 3.54
104 76 4.08
104 77 4.87
104 78 5.79
104 79 6.79
104 80 7.90
104 81 9.34
104 82 10.23
104 83 3.04
104 84 2.57
104 85 2.74
104 86 3.35
104 87 4.19
104 88 5.17
104 89 6.28
104 90 7.76
104 91 8.62
104 92 2.90
104 93 1.91
104 94 1.43
104 95 1.71
104 96 2.49
104 97 3.46
104 98 4.57
104 99 6.05
104 100 6.91
104 101 3.10
104 102 2.02
104 103 1.00
104 104 0.00
104 105 1.00
104 106 2.02
104 107 3.10
104 108 4.47
104 109 5.39
104 110 3.56
104 111 2.80
104 112 2.14
104 113 1.71
104 114 1.66
104 115 2.04
104 116 2.68
104 117 3.56
104 118 4.56
104 119 4.15
104 120 3.79
104 121 3.51
104 122 3.35
104 123 3.35
104 124 3.50
104 125 3.74
104 126 3.97
104 127 4.92
104 128 4.74
104 129 4.76
104 130 4.79
104 131 4.87
104 132 5.01
104 133 5.20
104 134 5.39
104 135 5.36
104 136 6.23
104 137 5.27
104 138 5.63
104 139 5.92
104 140 6.21
104 141 6.52
104 142 6.82
104 143 7.08
104 144 7.06
104 145 7.91
104 146 1.04
105 1 8.78
105 2 6.74
105 3 7.50
105 4 8.11
105 5 8.67
105 6 9.19
105 7 9.66
105 8 10.06
105 9 10.15
105 10 11.01
105 11 6.91
105 12 7.87
105 13 8.66
105 14 9.39
105 15 10.07
105 16 10.71
105 17 11.26
105 18 11.58
105 19 12.50
105 20 6.91
105 21 7.98
105 22 8.91
105 23 9.77
105 24 10.59
105 25 11.36
105 26 12.07
105 27 12.62
105 28 13.59
105 29 6.73
105 30 7.84
105 31 8.85
105 32 9.80
105 33 10.71
105 34 11.59
105 35 12.44
105 36 13.22
105 37 14.21
105 38 6.38
105 39 7.44
105 40 8.47
105 41 9.47
105 42 10.44
105 43 11.41
105 44 12.36
105 45 13.35
105 46 14.35
105 47 5.90
105 48 6.82
105 49 7.79
105 50 8.79
105 51 9.79
105 52 10.80
105 53 11.84
105 54 13.01
105 55 13.99
105 56 5.33
105 57 6.00
105 58 6.86
105 59 7.79
105 60 8.78
105 61 9.81
105 62 10.89
105 63 12.21
105 64 13.16
105 65 4.73
105 66 5.04
105 67 5.69
105 68 6.52
105 69 7.45
105 70 8.45
105 71 9.56
105 72 10.99
105 73 11.89
105 74 4.20
105 75 4.04
105 76 4.38
105 77 5.01
105 78 5.84
105 79 6.80
105 80 7.90
105 81 9.40
105 82 10.24
105 83 3.86
105 84 3.17
105 85 3.02
105 86 3.35
105 87 4.01
105 88 4.90
105 89 5.98
105 90 7.52
105 91 8.31
105 92 3.81
105 93 2.74
105 94 1.96
105 95 1.66
105 96 2.05
105 97 2.87
105 98 3.94
105 99 5.49
105 100 6.27
105 101 4.06
105 102 3.01
105 103 2.00
105 104 1.00
105 105 0.00
105 106 1.03
105 107 2.12
105 108 3.57
105 109 4.44
105 110 4.55
105 111 3.80
105 112 3.10
105 113 2.49
105 114 2.05
105 115 1.89
105 116 2.09
105 117 2.64
105 118 3.64
105 119 5.14
105 120 4.79
105 121 4.46
105 122 4.19
105 123 4.02
105 124 3.93
105 125 3.89
105 126 3.71
105 127 4.57
105 128 5.73
105 129 5.77
105 130 5.77
105 131 5.79
105 132 5.84
105 133 5.91
105 134 5.94
105 135 5.66
105 136 6.43
105 137 6.24
105 138 6.63
105 139 6.92
105 140 7.19
105 141 7.45
105 142 7.69
105 143 7.86
105 144 7.69
105 145 8.48
105 146 1.93
106 1 9.62
106 2 7.67
106 3 8.47
106 4 9.11
106 5 9.69
106 6 10.21
106 7 10.69
106 8 11.07
106 9 11.13
106 10 11.98
106 11 7.80
106 12 8.79
106 13 9.62
106 14 10.37
106 15 11.07
106 16 11.72
106 17 12.29
106 18 12.61
106 19 13.53
106 20 7.75
106 21 8.85
106 22 9.80
106 23 10.69
106 24 11.52
106 25 12.32
106 26 13.05
106 27 13.63
106 28 14.60
106 29 7.53
106 30 8.63
106 31 9.65
106 32 10.62
106 33 11.56
106 34 12.46
106 35 13.34
106 36 14.16
106 37 15.16
106 38 7.14
106 39 8.16
106 40 9.17
106 41 10.18
106 42 11.17
106 43 12.15
106 44 13.14
106 45 14.18
106 46 15.18
106 47 6.62
106 48 7.45
106 49 8.39
106 50 9.37
106 51 10.37
106 52 11.39
106 53 12.46
106 54 13.69
106 55 14.66
106 56 6.03
106 57 6.57
106 58 7.35
106 59 8.23
106 60 9.19
106 61 10.22
106 62 11.32
106 63 12.70
106 64 13.62
106 65 5.44
106 66 5.58
106 67 6.10
106 68 6.82
106 69 7.69
106 70 8.66
106 71 9.77
106 72 11.25
106 73 12.11
106 74 4.96
106 75 4.61
106 76 4.74
106 77 5.20
106 78 5.91
106 79 6.79
106 80 7.87
106 81 9.41
106 82 10.19
106 83 4.69
106 84 3.86
106 85 3.46
106 86 3.50
106 87 3.93
106 88 4.67
106 89 5.69
106 90 7.26
106 91 7.96
106 92 4.71
106 93 3.62
106 94 2.70
106 95 2.04
106 96 1.89
106 97 2.38
106 98 3.33
106 99 4.90
106 100 5.58
106 101 5.02
106 102 4.00
106 103 3.01
106 104 2.02
106 105 1.03
106 106 0.00
106 107 1.11
106 108 2.62
106 109 3.45
106 110 5.53
106 111 4.82
106 112 4.12
106 113 3.46
106 114 2.87
106 115 2.38
106 116 2.05
106 117 1.92
106 118 2.88
106 119 6.12
106 120 5.81
106 121 5.48
106 122 5.17
106 123 4.90
106 124 4.67
106 125 4.43
106 126 3.87
106 127 4.58
106 128 6.71
106 129 6.79
106 130 6.79
106 131 6.79
106 132 6.80
106 133 6.79
106 134 6.72
106 135 6.25
106 136 6.93
106 137 7.21
106 138 7.63
106 139 7.94
106 140 8.21
106 141 8.45
106 142 8.66
106 143 8.78
106 144 8.51
106 145 9.25
106 146 2.88
107 1 10.42
107 2 8.59
107 3 9.44
107 4 10.12
107 5 10.73
107 6 11.29
107 7 11.78
107 8 12.18
107 9 12.24
107 10 13.09
107 11 8.68
107 12 9.70
107 13 10.57
107 14 11.35
107 15 12.08
107 16 12.76
107 17 13.35
107 18 13.70
107 19 14.63
107 20 8.58
107 21 9.68
107 22 10.66
107 23 11.58
107 24 12.44
107 25 13.27
107 26 14.03
107 27 14.66
107 28 15.64
107 29 8.30
107 30 9.38
107 31 10.41
107 32 11.40
107 33 12.35
107 34 13.29
107 35 14.20
107 36 15.08
107 37 16.08
107 38 7.86
107 39 8.83
107 40 9.82
107 41 10.82
107 42 11.82
107 43 12.83
107 44 13.84
107 45 14.95
107 46 15.95
107 47 7.31
107 48 8.05
107 49 8.93
107 50 9.88
107 51 10.87
107 52 11.89
107 53 12.98
107 54 14.28
107 55 15.23
107 56 6.71
107 57 7.11
107 58 7.79
107 59 8.61
107 60 9.53
107 61 10.53
107 62 11.64
107 63 13.08
107 64 13.97
107 65 6.15
107 66 6.11
107 67 6.47
107 68 7.08
107 69 7.86
107 70 8.78
107 71 9.87
107 72 11.40
107 73 12.20
107 74 5.72
107 75 5.20
107 76 5.12
107 77 5.39
107 78 5.94
107 79 6.72
107 80 7.74
107 81 9.31
107 82 10.01
107 83 5.54
107 84 4.60
107 85 3.99
107 86 3.74
107 87 3.89
107 88 4.43
107 89 5.32
107 90 6.88
107 91 7.48
107 92 5.64
107 93 4.53
107 94 3.54
107 95 2.68
107 96 2.09
107 97 2.05
107 98 2.71
107 99 4.23
107 100 4.78
107 101 6.00
107 102 5.02
107 103 4.06
107 104 3.10
107 105 2.12
107 106 1.11
107 107 0.00
107 108 1.57
107 109 2.34
107 110 6.53
107 111 5.89
107 112 5.22
107 113 4.57
107 114 3.94
107 115 3.33
107 116 2.71
107 117 1.83
107 118 2.54
107 119 7.13
107 120 6.88
107 121 6.58
107 122 6.28
107 123 5.98
107 124 5.69
107 125 5.32
107 126 4.52
107 127 5.07
107 128 7.70
107 129 7.84
107 130 7.89
107 131 7.90
107 132 7.90
107 133 7.87
107 134 7.74
107 135 7.15
107 136 7.76
107 137 8.18
107 138 8.67
107 139 9.01
107 140 9.31
107 141 9.56
107 142 9.77
107 143 9.87
107 144 9.55
107 145 10.26
107 146 3.88
108 1 11.14
108 2 9.55
108 3 10.48
108 4 11.25
108 5 11.93
108 6 12.55
108 7 13.11
108 8 13.57
108 9 13.72
108 10 14.58
108 11 9.55
108 12 10.62
108 13 11.55
108 14 12.39
108 15 13.18
108 16 13.92
108 17 14.59
108 18 15.04
108 19 15.98
108 20 9.36
108 21 10.47
108 22 11.49
108 23 12.44
108 24 13.36
108 25 14.23
108 26 15.07
108 27 15.80
108 28 16.79
108 29 9.00
108 30 10.05
108 31 11.07
108 32 12.07
108 33 13.05
108 34 14.03
108 35 15.00
108 36 15.99
108 37 16.99
108 38 8.51
108 39 9.37
108 40 10.31
108 41 11.29
108 42 12.29
108 43 13.31
108 44 14.37
108 45 15.59
108 46 16.57
108 47 7.92
108 48 8.49
108 49 9.27
108 50 10.15
108 51 11.11
108 52 12.12
108 53 13.23
108 54 14.62
108 55 15.54
108 56 7.33
108 57 7.50
108 58 8.01
108 59 8.71
108 60 9.54
108 61 10.50
108 62 11.60
108 63 13.11
108 64 13.94
108 65 6.82
108 66 6.53
108 67 6.65
108 68 7.06
108 69 7.69
108 70 8.51
108 71 9.55
108 72 11.11
108 73 11.83
108 74 6.50
108 75 5.75
108 76 5.39
108 77 5.36
108 78 5.66
108 79 6.25
108 80 7.15
108 81 8.71
108 82 9.30
108 83 6.44
108 84 5.39
108 85 4.56
108 86 3.97
108 87 3.71
108 88 3.87
108 89 4.52
108 90 5.99
108 91 6.44
108 92 6.66
108 93 5.57
108 94 4.54
108 95 3.56
108 96 2.64
108 97 1.92
108 98 1.83
108 99 3.05
108 100 3.39
108 101 7.10
108 102 6.24
108 103 5.36
108 104 4.47
108 105 3.57
108 106 2.62
108 107 1.57
108 108 0.00
108 109 1.00
108 110 7.68
108 111 7.17
108 112 6.62
108 113 6.05
108 114 5.49
108 115 4.90
108 116 4.23
108 117 3.05
108 118 3.39
108 119 8.27
108 120 8.17
108 121 7.98
108 122 7.76
108 123 7.52
108 124 7.26
108 125 6.88
108 126 5.99
108 127 6.44
108 128 8.82
108 129 9.09
108 130 9.24
108 131 9.34
108 132 9.40
108 133 9.41
108 134 9.31
108 135 8.71
108 136 9.30
108 137 9.24
108 138 9.84
108 139 10.29
108 140 10.67
108 141 10.99
108 142 11.25
108 143 11.40
108 144 11.11
108 145 11.83
108 146 5.08
109 1 12.13
109 2 10.55
109 3 11.48
109 4 12.24
109 5 12.91
109 6 13.51
109 7 14.05
109 8 14.49
109 9 14.58
109 10 15.43
109 11 10.55
109 12 11.62
109 13 12.55
109 14 13.39
109 15 14.18
109 16 14.91
109 17 15.56
109 18 15.98
109 19 16.91
109 20 10.36
109 21 11.47
109 22 12.48
109 23 13.44
109 24 14.35
109 25 15.23
109 26 16.06
109 27 16.79
109 28 17.78
109 29 10.00
109 30 11.03
109 31 12.05
109 32 13.05
109 33 14.04
109 34 15.02
109 35 15.99
109 36 16.99
109 37 17.99
109 38 9.49
109 39 10.34
109 40 11.27
109 41 12.24
109 42 13.24
109 43 14.27
109 44 15.33
109 45 16.57
109 46 17.54
109 47 8.90
109 48 9.45
109 49 10.20
109 50 11.07
109 51 12.01
109 52 13.02
109 53 14.13
109 54 15.54
109 55 16.44
109 56 8.31
109 57 8.46
109 58 8.92
109 59 9.58
109 60 10.39
109 61 11.32
109 62 12.41
109 63 13.94
109 64 14.74
109 65 7.81
109 66 7.49
109 67 7.56
109 68 7.91
109 69 8.48
109 70 9.25
109 71 10.26
109 72 11.83
109 73 12.50
109 74 7.50
109 75 6.73
109 76 6.33
109 77 6.23
109 78 6.43
109 79 6.93
109 80 7.76
109 81 9.30
109 82 9.80
109 83 7.44
109 84 6.39
109 85 5.55
109 86 4.92
109 87 4.57
109 88 4.58
109 89 5.07
109 90 6.44
109 91 6.74
109 92 7.66
109 93 6.56
109 94 5.54
109 95 4.56
109 96 3.64
109 97 2.88
109 98 2.54
109 99 3.39
109 100 3.43
109 101 8.09
109 102 7.20
109 103 6.30
109 104 5.39
109 105 4.44
109 106 3.45
109 107 2.34
109 108 1.00
109 109 0.00
109 110 8.66
109 111 8.12
109 112 7.53
109 113 6.91
109 114 6.27
109 115 5.58
109 116 4.78
109 117 3.39
109 118 3.43
109 119 9.26
109 120 9.12
109 121 8.89
109 122 8.61
109 123 8.31
109 124 7.96
109 125 7.48
109 126 6.44
109 127 6.74
109 128 9.80
109 129 10.06
109 130 10.17
109 131 10.23
109 132 10.24
109 133 10.19
109 134 10.01
109 135 9.30
109 136 9.80
109 137 10.23
109 138 10.82
109 139 11.25
109 140 11.60
109 141 11.89
109 142 12.11
109 143 12.20
109 144 11.83
109 145 12.50
109 146 6.04
110 1 4.70
110 2 2.34
110 3 2.96
110 4 3.59
110 5 4.26
110 6 4.95
110 7 5.65
110 8 6.34
110 9 6.99
110 10 7.98
110 11 2.69
110 12 3.44
110 13 4.14
110 14 4.84
110 15 5.55
110 16 6.25
110 17 6.93
110 18 7.54
110 19 8.52
110 20 2.95
110 21 3.82
110 22 4.60
110 23 5.35
110 24 6.09
110 25 6.82
110 26 7.52
110 27 8.14
110 28 9.12
110 29 3.11
110 30 4.08
110 31 4.93
110 32 5.74
110 33 6.53
110 34 7.30
110 35 8.03
110 36 8.70
110 37 9.69
110 38 3.14
110 39 4.19
110 40 5.11
110 41 5.97
110 42 6.81
110 43 7.63
110 44 8.42
110 45 9.15
110 46 10.15
110 47 3.06
110 48 4.16
110 49 5.13
110 50 6.04
110 51 6.93
110 52 7.79
110 53 8.63
110 54 9.45
110 55 10.45
110 56 2.87
110 57 3.98
110 58 4.99
110 59 5.94
110 60 6.87
110 61 7.77
110 62 8.67
110 63 9.57
110 64 10.57
110 65 2.58
110 66 3.67
110 67 4.70
110 68 5.68
110 69 6.63
110 70 7.57
110 71 8.51
110 72 9.50
110 73 10.49
110 74 2.18
110 75 3.24
110 76 4.27
110 77 5.27
110 78 6.24
110 79 7.21
110 80 8.18
110 81 9.24
110 82 10.23
110 83 1.71
110 84 2.72
110 85 3.74
110 86 4.74
110 87 5.73
110 88 6.71
110 89 7.70
110 90 8.81
110 91 9.80
110 92 1.18
110 93 2.13
110 94 3.15
110 95 4.15
110 96 5.14
110 97 6.12
110 98 7.13
110 99 8.27
110 100 9.26
110 101 0.60
110 102 1.54
110 103 2.56
110 104 3.56
110 105 4.55
110 106 5.53
110 107 6.53
110 108 7.68
110 109 8.66
110 110 0.00
110 111 1.11
110 112 2.12
110 113 3.10
110 114 4.06
110 115 5.02
110 116 6.00
110 117 7.10
110 118 8.09
110 119 0.60
110 120 1.13
110 121 2.00
110 122 2.90
110 123 3.81
110 124 4.71
110 125 5.64
110 126 6.66
110 127 7.66
110 128 1.18
110 129 1.58
110 130 2.27
110 131 3.04
110 132 3.86
110 133 4.69
110 134 5.54
110 135 6.44
110 136 7.44
110 137 1.71
110 138 2.17
110 139 2.78
110 140 3.47
110 141 4.20
110 142 4.96
110 143 5.72
110 144 6.50
110 145 7.50
110 146 2.66
111 1 5.81
111 2 3.41
111 3 3.90
111 4 4.37
111 5 4.87
111 6 5.40
111 7 5.95
111 8 6.47
111 9 6.87
111 10 7.83
111 11 3.80
111 12 4.50
111 13 5.11
111 14 5.71
111 15 6.32
111 16 6.91
111 17 7.47
111 18 7.87
111 19 8.82
111 20 4.06
111 21 4.93
111 22 5.68
111 23 6.38
111 24 7.07
111 25 7.73
111 26 8.35
111 27 8.83
111 28 9.79
111 29 4.19
111 30 5.18
111 31 6.04
111 32 6.84
111 33 7.61
111 34 8.36
111 35 9.06
111 36 9.64
111 37 10.61
111 38 4.16
111 39 5.24
111 40 6.19
111 41 7.07
111 42 7.92
111 43 8.74
111 44 9.52
111 45 10.23
111 46 11.22
111 47 4.00
111 48 5.11
111 49 6.11
111 50 7.06
111 51 7.97
111 52 8.86
111 53 9.72
111 54 10.56
111 55 11.56
111 56 3.70
111 57 4.79
111 58 5.82
111 59 6.80
111 60 7.76
111 61 8.70
111 62 9.64
111 63 10.60
111 64 11.60
111 65 3.28
111 66 4.30
111 67 5.32
111 68 6.32
111 69 7.30
111 70 8.29
111 71 9.28
111 72 10.36
111 73 11.35
111 74 2.76
111 75 3.64
111 76 4.63
111 77 5.63
111 78 6.63
111 79 7.63
111 80 8.67
111 81 9.84
111 82 10.82
111 83 2.17
111 84 2.86
111 85 3.78
111 86 4.76
111 87 5.77
111 88 6.79
111 89 7.84
111 90 9.09
111 91 10.06
111 92 1.58
111 93 1.97
111 94 2.82
111 95 3.79
111 96 4.79
111 97 5.81
111 98 6.88
111 99 8.17
111 100 9.12
111 101 1.13
111 102 1.00
111 103 1.82
111 104 2.80
111 105 3.80
111 106 4.82
111 107 5.89
111 108 7.17
111 109 8.12
111 110 1.11
111 111 0.00
111 112 1.03
111 113 2.02
111 114 3.01
111 115 4.00
111 116 5.02
111 117 6.24
111 118 7.20
111 119 1.54
111 120 1.00
111 121 1.22
111 122 1.91
111 123 2.74
111 124 3.62
111 125 4.53
111 126 5.57
111 127 6.56
111 128 2.13
111 129 1.96
111 130 2.13
111 131 2.57
111 132 3.17
111 133 3.86
111 134 4.60
111 135 5.39
111 136 6.39
111 137 2.72
111 138 2.86
111 139 3.13
111 140 3.54
111 141 4.04
111 142 4.61
111 143 5.20
111 144 5.75
111 145 6.73
111 146 2.11
112 1 6.82
112 2 4.44
112 3 4.90
112 4 5.30
112 5 5.71
112 6 6.14
112 7 6.57
112 8 6.96
112 9 7.15
112 10 8.05
112 11 4.82
112 12 5.52
112 13 6.11
112 14 6.68
112 15 7.22
112 16 7.75
112 17 8.23
112 18 8.49
112 19 9.40
112 20 5.06
112 21 5.95
112 22 6.70
112 23 7.40
112 24 8.07
112 25 8.71
112 26 9.29
112 27 9.68
112 28 10.62
112 29 5.14
112 30 6.16
112 31 7.04
112 32 7.86
112 33 8.64
112 34 9.38
112 35 10.07
112 36 10.62
112 37 11.59
112 38 5.06
112 39 6.16
112 40 7.13
112 41 8.04
112 42 8.91
112 43 9.74
112 44 10.54
112 45 11.26
112 46 12.25
112 47 4.83
112 48 5.93
112 49 6.95
112 50 7.92
112 51 8.86
112 52 9.77
112 53 10.67
112 54 11.55
112 55 12.55
112 56 4.45
112 57 5.49
112 58 6.52
112 59 7.52
112 60 8.50
112 61 9.47
112 62 10.44
112 63 11.48
112 64 12.48
112 65 3.95
112 66 4.86
112 67 5.84
112 68 6.84
112 69 7.84
112 70 8.85
112 71 9.88
112 72 11.05
112 73 12.03
112 74 3.38
112 75 4.06
112 76 4.95
112 77 5.92
112 78 6.92
112 79 7.94
112 80 9.01
112 81 10.29
112 82 11.25
112 83 2.78
112 84 3.13
112 85 3.88
112 86 4.79
112 87 5.77
112 88 6.79
112 89 7.89
112 90 9.24
112 91 10.17
112 92 2.26
112 93 2.13
112 94 2.67
112 95 3.51
112 96 4.46
112 97 5.48
112 98 6.58
112 99 7.98
112 100 8.89
112 101 2.00
112 102 1.22
112 103 1.36
112 104 2.14
112 105 3.10
112 106 4.12
112 107 5.22
112 108 6.62
112 109 7.53
112 110 2.12
112 111 1.03
112 112 0.00
112 113 1.00
112 114 2.00
112 115 3.01
112 116 4.06
112 117 5.36
112 118 6.30
112 119 2.56
112 120 1.82
112 121 1.36
112 122 1.43
112 123 1.96
112 124 2.70
112 125 3.54
112 126 4.54
112 127 5.54
112 128 3.14
112 129 2.82
112 130 2.67
112 131 2.74
112 132 3.03
112 133 3.46
112 134 3.99
112 135 4.56
112 136 5.55
112 137 3.74
112 138 3.78
112 139 3.88
112 140 4.09
112 141 4.38
112 142 4.74
112 143 5.12
112 144 5.39
112 145 6.33
112 146 1.82
113 1 7.79
113 2 5.43
113 3 5.90
113 4 6.28
113 5 6.65
113 6 7.01
113 7 7.36
113 8 7.66
113 9 7.67
113 10 8.53
113 11 5.79
113 12 6.52
113 13 7.12
113 14 7.67
113 15 8.19
113 16 8.68
113 17 9.10
113 18 9.26
113 19 10.15
113 20 6.00
113 21 6.92
113 22 7.69
113 23 8.40
113 24 9.07
113 25 9.70
113 26 10.26
113 27 10.60
113 28 11.53
113 29 6.04
113 30 7.09
113 31 8.00
113 32 8.83
113 33 9.63
113 34 10.38
113 35 11.08
113 36 11.62
113 37 12.58
113 38 5.91
113 39 7.02
113 40 8.01
113 41 8.94
113 42 9.83
113 43 10.69
113 44 11.51
113 45 12.25
113 46 13.24
113 47 5.61
113 48 6.70
113 49 7.73
113 50 8.71
113 51 9.68
113 52 10.62
113 53 11.54
113 54 12.47
113 55 13.47
113 56 5.18
113 57 6.16
113 58 7.17
113 59 8.17
113 60 9.17
113 61 10.16
113 62 11.17
113 63 12.27
113 64 13.26
113 65 4.64
113 66 5.43
113 67 6.35
113 68 7.33
113 69 8.33
113 70 9.35
113 71 10.41
113 72 11.66
113 73 12.63
113 74 4.04
113 75 4.53
113 76 5.31
113 77 6.21
113 78 7.18
113 79 8.21
113 80 9.31
113 81 10.67
113 82 11.60
113 83 3.47
113 84 3.54
113 85 4.08
113 86 4.87
113 87 5.79
113 88 6.79
113 89 7.90
113 90 9.34
113 91 10.23
113 92 3.04
113 93 2.57
113 94 2.74
113 95 3.35
113 96 4.19
113 97 5.17
113 98 6.28
113 99 7.76
113 100 8.61
113 101 2.90
113 102 1.91
113 103 1.43
113 104 1.71
113 105 2.49
113 106 3.46
113 107 4.57
113 108 6.05
113 109 6.91
113 110 3.10
113 111 2.02
113 112 1.00
113 113 0.00
113 114 1.00
113 115 2.02
113 116 3.10
113 117 4.47
113 118 5.39
113 119 3.56
113 120 2.80
113 121 2.14
113 122 1.71
113 123 1.66
113 124 2.04
113 125 2.68
113 126 3.56
113 127 4.56
113 128 4.15
113 129 3.79
113 130 3.51
113 131 3.35
113 132 3.35
113 133 3.50
113 134 3.74
113 135 3.97
113 136 4.92
113 137 4.74
113 138 4.76
113 139 4.79
113 140 4.87
113 141 5.01
113 142 5.20
113 143 5.39
113 144 5.36
113 145 6.23
113 146 1.93
114 1 8.73
114 2 6.40
114 3 6.90
114 4 7.28
114 5 7.63
114 6 7.96
114 7 8.27
114 8 8.50
114 9 8.39
114 10 9.20
114 11 6.74
114 12 7.50
114 13 8.11
114 14 8.67
114 15 9.19
114 16 9.66
114 17 10.06
114 18 10.15
114 19 11.01
114 20 6.91
114 21 7.87
114 22 8.66
114 23 9.39
114 24 10.07
114 25 10.70
114 26 11.26
114 27 11.58
114 28 12.50
114 29 6.91
114 30 7.98
114 31 8.91
114 32 9.77
114 33 10.59
114 34 11.36
114 35 12.07
114 36 12.62
114 37 13.59
114 38 6.73
114 39 7.84
114 40 8.85
114 41 9.80
114 42 10.71
114 43 11.59
114 44 12.44
114 45 13.22
114 46 14.21
114 47 6.38
114 48 7.44
114 49 8.47
114 50 9.47
114 51 10.44
114 52 11.41
114 53 12.36
114 54 13.35
114 55 14.35
114 56 5.90
114 57 6.82
114 58 7.79
114 59 8.79
114 60 9.79
114 61 10.80
114 62 11.84
114 63 13.01
114 64 13.99
114 65 5.33
114 66 6.00
114 67 6.86
114 68 7.79
114 69 8.78
114 70 9.81
114 71 10.89
114 72 12.21
114 73 13.16
114 74 4.73
114 75 5.04
114 76 5.69
114 77 6.52
114 78 7.44
114 79 8.45
114 80 9.56
114 81 10.99
114 82 11.89
114 83 4.20
114 84 4.04
114 85 4.38
114 86 5.01
114 87 5.84
114 88 6.79
114 89 7.90
114 90 9.40
114 91 10.24
114 92 3.86
114 93 3.17
114 94 3.02
114 95 3.35
114 96 4.02
114 97 4.90
114 98 5.98
114 99 7.52
114 100 8.31
114 101 3.80
114 102 2.74
114 103 1.96
114 104 1.66
114 105 2.05
114 106 2.87
114 107 3.94
114 108 5.49
114 109 6.27
114 110 4.06
114 111 3.01
114 112 2.00
114 113 1.00
114 114 0.00
114 115 1.03
114 116 2.12
114 117 3.57
114 118 4.44
114 119 4.55
114 120 3.80
114 121 3.10
114 122 2.49
114 123 2.05
114 124 1.89
114 125 2.09
114 126 2.64
114 127 3.64
114 128 5.14
114 129 4.79
114 130 4.46
114 131 4.19
114 132 4.02
114 133 3.93
114 134 3.89
114 135 3.71
114 136 4.57
114 137 5.73
114 138 5.77
114 139 5.77
114 140 5.79
114 141 5.84
114 142 5.91
114 143 5.94
114 144 5.66
114 145 6.43
114 146 2.36
115 1 9.65
115 2 7.36
115 3 7.90
115 4 8.30
115 5 8.66
115 6 8.98
115 7 9.27
115 8 9.46
115 9 9.27
115 10 10.04
115 11 7.67
115 12 8.47
115 13 9.11
115 14 9.69
115 15 10.21
115 16 10.69
115 17 11.07
115 18 11.13
115 19 11.98
115 20 7.80
115 21 8.79
115 22 9.62
115 23 10.37
115 24 11.07
115 25 11.72
115 26 12.29
115 27 12.61
115 28 13.53
115 29 7.75
115 30 8.85
115 31 9.80
115 32 10.69
115 33 11.52
115 34 12.32
115 35 13.05
115 36 13.63
115 37 14.60
115 38 7.53
115 39 8.63
115 40 9.65
115 41 10.62
115 42 11.56
115 43 12.46
115 44 13.34
115 45 14.16
115 46 15.16
115 47 7.14
115 48 8.16
115 49 9.17
115 50 10.18
115 51 11.17
115 52 12.15
115 53 13.14
115 54 14.18
115 55 15.18
115 56 6.62
115 57 7.45
115 58 8.39
115 59 9.37
115 60 10.37
115 61 11.39
115 62 12.46
115 63 13.68
115 64 14.66
115 65 6.03
115 66 6.57
115 67 7.35
115 68 8.23
115 69 9.19
115 70 10.21
115 71 11.32
115 72 12.70
115 73 13.62
115 74 5.44
115 75 5.58
115 76 6.09
115 77 6.82
115 78 7.69
115 79 8.66
115 80 9.77
115 81 11.25
115 82 12.11
115 83 4.96
115 84 4.61
115 85 4.74
115 86 5.20
115 87 5.91
115 88 6.79
115 89 7.87
115 90 9.41
115 91 10.19
115 92 4.69
115 93 3.86
115 94 3.46
115 95 3.50
115 96 3.93
115 97 4.67
115 98 5.69
115 99 7.26
115 100 7.96
115 101 4.71
115 102 3.62
115 103 2.70
115 104 2.04
115 105 1.89
115 106 2.38
115 107 3.33
115 108 4.90
115 109 5.58
115 110 5.02
115 111 4.00
115 112 3.01
115 113 2.02
115 114 1.03
115 115 0.00
115 116 1.11
115 117 2.62
115 118 3.45
115 119 5.53
115 120 4.82
115 121 4.12
115 122 3.46
115 123 2.87
115 124 2.38
115 125 2.05
115 126 1.92
115 127 2.88
115 128 6.12
115 129 5.81
115 130 5.48
115 131 5.17
115 132 4.90
115 133 4.67
115 134 4.43
115 135 3.87
115 136 4.58
115 137 6.71
115 138 6.79
115 139 6.79
115 140 6.79
115 141 6.79
115 142 6.79
115 143 6.72
115 144 6.25
115 145 6.93
115 146 2.99
116 1 10.54
116 2 8.32
116 3 8.92
116 4 9.36
116 5 9.75
116 6 10.09
116 7 10.38
116 8 10.56
116 9 10.34
116 10 11.09
116 11 8.59
116 12 9.44
116 13 10.12
116 14 10.73
116 15 11.29
116 16 11.78
116 17 12.18
116 18 12.24
116 19 13.09
116 20 8.68
116 21 9.70
116 22 10.56
116 23 11.35
116 24 12.08
116 25 12.76
116 26 13.35
116 27 13.70
116 28 14.63
116 29 8.58
116 30 9.68
116 31 10.66
116 32 11.58
116 33 12.44
116 34 13.27
116 35 14.03
116 36 14.66
116 37 15.64
116 38 8.30
116 39 9.38
116 40 10.41
116 41 11.40
116 42 12.35
116 43 13.29
116 44 14.20
116 45 15.08
116 46 16.08
116 47 7.86
116 48 8.83
116 49 9.82
116 50 10.82
116 51 11.82
116 52 12.83
116 53 13.84
116 54 14.95
116 55 15.95
116 56 7.31
116 57 8.05
116 58 8.93
116 59 9.88
116 60 10.87
116 61 11.89
116 62 12.98
116 63 14.28
116 64 15.23
116 65 6.71
116 66 7.11
116 67 7.79
116 68 8.61
116 69 9.53
116 70 10.53
116 71 11.64
116 72 13.08
116 73 13.97
116 74 6.15
116 75 6.11
116 76 6.47
116 77 7.08
116 78 7.86
116 79 8.78
116 80 9.87
116 81 11.40
116 82 12.20
116 83 5.72
116 84 5.20
116 85 5.12
116 86 5.39
116 87 5.94
116 88 6.72
116 89 7.74
116 90 9.31
116 91 10.01
116 92 5.54
116 93 4.60
116 94 3.99
116 95 3.74
116 96 3.89
116 97 4.43
116 98 5.32
116 99 6.88
116 100 7.48
116 101 5.64
116 102 4.53
116 103 3.54
116 104 2.68
116 105 2.09
116 106 2.05
116 107 2.71
116 108 4.23
116 109 4.78
116 110 6.00
116 111 5.02
116 112 4.06
116 113 3.10
116 114 2.12
116 115 1.11
116 116 0.00
116 117 1.57
116 118 2.34
116 119 6.53
116 120 5.89
116 121 5.22
116 122 4.57
116 123 3.94
116 124 3.33
116 125 2.71
116 126 1.83
116 127 2.54
116 128 7.13
116 129 6.88
116 130 6.58
116 131 6.28
116 132 5.98
116 133 5.69
116 134 5.32
116 135 4.52
116 136 5.07
116 137 7.70
116 138 7.84
116 139 7.89
116 140 7.90
116 141 7.90
116 142 7.87
116 143 7.74
116 144 7.15
116 145 7.76
116 146 3.71
117 1 11.42
117 2 9.35
117 3 10.06
117 4 10.60
117 5 11.07
117 6 11.48
117 7 11.83
117 8 12.06
117 9 11.89
117 10 12.65
117 11 9.55
117 12 10.48
117 13 11.25
117 14 11.93
117 15 12.55
117 16 13.11
117 17 13.57
117 18 13.71
117 19 14.58
117 20 9.55
117 21 10.62
117 22 11.55
117 23 12.39
117 24 13.18
117 25 13.92
117 26 14.59
117 27 15.03
117 28 15.98
117 29 9.36
117 30 10.47
117 31 11.48
117 32 12.44
117 33 13.35
117 34 14.23
117 35 15.07
117 36 15.80
117 37 16.79
117 38 9.00
117 39 10.05
117 40 11.07
117 41 12.07
117 42 13.05
117 43 14.03
117 44 14.99
117 45 15.99
117 46 16.99
117 47 8.51
117 48 9.37
117 49 10.31
117 50 11.29
117 51 12.29
117 52 13.31
117 53 14.37
117 54 15.59
117 55 16.57
117 56 7.92
117 57 8.49
117 58 9.27
117 59 10.15
117 60 11.10
117 61 12.12
117 62 13.23
117 63 14.62
117 64 15.54
117 65 7.33
117 66 7.50
117 67 8.01
117 68 8.71
117 69 9.54
117 70 10.50
117 71 11.60
117 72 13.11
117 73 13.94
117 74 6.82
117 75 6.53
117 76 6.65
117 77 7.06
117 78 7.69
117 79 8.51
117 80 9.55
117 81 11.11
117 82 11.83
117 83 6.50
117 84 5.75
117 85 5.39
117 86 5.36
117 87 5.66
117 88 6.25
117 89 7.15
117 90 8.71
117 91 9.30
117 92 6.44
117 93 5.39
117 94 4.56
117 95 3.97
117 96 3.71
117 97 3.87
117 98 4.52
117 99 5.99
117 100 6.44
117 101 6.66
117 102 5.57
117 103 4.54
117 104 3.56
117 105 2.64
117 106 1.92
117 107 1.83
117 108 3.05
117 109 3.39
117 110 7.10
117 111 6.24
117 112 5.36
117 113 4.47
117 114 3.57
117 115 2.62
117 116 1.57
117 117 0.00
117 118 1.00
117 119 7.67
117 120 7.17
117 121 6.62
117 122 6.05
117 123 5.49
117 124 4.90
117 125 4.23
117 126 3.05
117 127 3.39
117 128 8.27
117 129 8.17
117 130 7.98
117 131 7.76
117 132 7.52
117 133 7.26
117 134 6.88
117 135 5.99
117 136 6.44
117 137 8.81
117 138 9.09
117 139 9.24
117 140 9.34
117 141 9.40
117 142 9.41
117 143 9.31
117 144 8.71
117 145 9.30
117 146 4.56
118 1 12.42
118 2 10.35
118 3 11.05
118 4 11.57
118 5 12.01
118 6 12.40
118 7 12.71
118 8 12.90
118 9 12.65
118 10 13.38
118 11 10.55
118 12 11.48
118 13 12.24
118 14 12.91
118 15 13.51
118 16 14.06
118 17 14.49
118 18 14.58
118 19 15.43
118 20 10.55
118 21 11.62
118 22 12.55
118 23 13.39
118 24 14.18
118 25 14.91
118 26 15.56
118 27 15.98
118 28 16.91
118 29 10.36
118 30 11.47
118 31 12.48
118 32 13.44
118 33 14.35
118 34 15.23
118 35 16.06
118 36 16.79
118 37 17.78
118 38 10.00
118 39 11.03
118 40 12.05
118 41 13.05
118 42 14.04
118 43 15.02
118 44 15.99
118 45 16.99
118 46 17.99
118 47 9.49
118 48 10.34
118 49 11.27
118 50 12.25
118 51 13.24
118 52 14.27
118 53 15.33
118 54 16.57
118 55 17.54
118 56 8.90
118 57 9.45
118 58 10.20
118 59 11.06
118 60 12.01
118 61 13.02
118 62 14.13
118 63 15.54
118 64 16.44
118 65 8.31
118 66 8.46
118 67 8.92
118 68 9.58
118 69 10.39
118 70 11.32
118 71 12.41
118 72 13.94
118 73 14.74
118 74 7.81
118 75 7.49
118 76 7.56
118 77 7.91
118 78 8.48
118 79 9.25
118 80 10.26
118 81 11.83
118 82 12.50
118 83 7.50
118 84 6.73
118 85 6.33
118 86 6.23
118 87 6.43
118 88 6.93
118 89 7.76
118 90 9.30
118 91 9.80
118 92 7.44
118 93 6.39
118 94 5.55
118 95 4.92
118 96 4.57
118 97 4.58
118 98 5.07
118 99 6.44
118 100 6.74
118 101 7.66
118 102 6.56
118 103 5.54
118 104 4.56
118 105 3.64
118 106 2.88
118 107 2.54
118 108 3.39
118 109 3.43
118 110 8.09
118 111 7.20
118 112 6.30
118 113 5.39
118 114 4.44
118 115 3.45
118 116 2.34
118 117 1.00
118 118 0.00
118 119 8.66
118 120 8.12
118 121 7.53
118 122 6.91
118 123 6.27
118 124 5.58
118 125 4.78
118 126 3.39
118 127 3.44
118 128 9.26
118 129 9.12
118 130 8.89
118 131 8.62
118 132 8.31
118 133 7.96
118 134 7.48
118 135 6.44
118 136 6.74
118 137 9.80
118 138 10.06
118 139 10.17
118 140 10.23
118 141 10.24
118 142 10.19
118 143 10.01
118 144 9.30
118 145 9.80
118 146 5.56
119 1 4.33
119 2 1.89
119 3 2.39
119 4 2.99
119 5 3.67
119 6 4.38
119 7 5.12
119 8 5.85
119 9 6.59
119 10 7.58
119 11 2.34
119 12 2.96
119 13 3.59
119 14 4.26
119 15 4.95
119 16 5.65
119 17 6.34
119 18 6.99
119 19 7.98
119 20 2.69
119 21 3.44
119 22 4.15
119 23 4.84
119 24 5.55
119 25 6.25
119 26 6.93
119 27 7.54
119 28 8.52
119 29 2.96
119 30 3.82
119 31 4.60
119 32 5.35
119 33 6.09
119 34 6.82
119 35 7.52
119 36 8.14
119 37 9.12
119 38 3.11
119 39 4.08
119 40 4.93
119 41 5.74
119 42 6.53
119 43 7.30
119 44 8.03
119 45 8.70
119 46 9.69
119 47 3.14
119 48 4.19
119 49 5.11
119 50 5.97
119 51 6.81
119 52 7.63
119 53 8.42
119 54 9.15
119 55 10.15
119 56 3.06
119 57 4.16
119 58 5.13
119 59 6.04
119 60 6.93
119 61 7.79
119 62 8.63
119 63 9.45
119 64 10.45
119 65 2.87
119 66 3.98
119 67 4.99
119 68 5.94
119 69 6.87
119 70 7.77
119 71 8.67
119 72 9.57
119 73 10.57
119 74 2.58
119 75 3.67
119 76 4.70
119 77 5.68
119 78 6.63
119 79 7.57
119 80 8.51
119 81 9.50
119 82 10.50
119 83 2.18
119 84 3.24
119 85 4.27
119 86 5.27
119 87 6.24
119 88 7.21
119 89 8.18
119 90 9.24
119 91 10.23
119 92 1.71
119 93 2.72
119 94 3.74
119 95 4.74
119 96 5.73
119 97 6.71
119 98 7.70
119 99 8.81
119 100 9.80
119 101 1.18
119 102 2.13
119 103 3.14
119 104 4.15
119 105 5.14
119 106 6.12
119 107 7.13
119 108 8.27
119 109 9.26
119 110 0.60
119 111 1.54
119 112 2.56
119 113 3.56
119 114 4.55
119 115 5.53
119 116 6.53
119 117 7.67
119 118 8.66
119 119 0.00
119 120 1.11
119 121 2.12
119 122 3.10
119 123 4.06
119 124 5.02
119 125 6.00
119 126 7.10
119 127 8.09
119 128 0.60
119 129 1.13
119 130 2.00
119 131 2.90
119 132 3.81
119 133 4.71
119 134 5.64
119 135 6.66
119 136 7.65
119 137 1.18
119 138 1.58
119 139 2.26
119 140 3.04
119 141 3.86
119 142 4.69
119 143 5.54
119 144 6.44
119 145 7.44
119 146 3.26
120 1 5.37
120 2 2.92
120 3 3.16
120 4 3.48
120 5 3.90
120 6 4.40
120 7 4.95
120 8 5.51
120 9 6.00
120 10 6.97
120 11 3.41
120 12 3.90
120 13 4.37
120 14 4.87
120 15 5.40
120 16 5.95
120 17 6.47
120 18 6.87
120 19 7.83
120 20 3.80
120 21 4.50
120 22 5.11
120 23 5.71
120 24 6.32
120 25 6.91
120 26 7.47
120 27 7.87
120 28 8.82
120 29 4.06
120 30 4.93
120 31 5.68
120 32 6.38
120 33 7.07
120 34 7.73
120 35 8.35
120 36 8.83
120 37 9.79
120 38 4.19
120 39 5.18
120 40 6.04
120 41 6.84
120 42 7.61
120 43 8.36
120 44 9.06
120 45 9.64
120 46 10.62
120 47 4.16
120 48 5.24
120 49 6.19
120 50 7.07
120 51 7.92
120 52 8.74
120 53 9.52
120 54 10.23
120 55 11.22
120 56 4.00
120 57 5.11
120 58 6.11
120 59 7.06
120 60 7.97
120 61 8.86
120 62 9.72
120 63 10.56
120 64 11.56
120 65 3.70
120 66 4.79
120 67 5.82
120 68 6.80
120 69 7.76
120 70 8.70
120 71 9.64
120 72 10.60
120 73 11.60
120 74 3.28
120 75 4.30
120 76 5.32
120 77 6.32
120 78 7.30
120 79 8.29
120 80 9.28
120 81 10.36
120 82 11.35
120 83 2.76
120 84 3.64
120 85 4.63
120 86 5.63
120 87 6.63
120 88 7.63
120 89 8.67
120 90 9.84
120 91 10.82
120 92 2.17
120 93 2.86
120 94 3.78
120 95 4.76
120 96 5.77
120 97 6.79
120 98 7.85
120 99 9.09
120 100 10.06
120 101 1.58
120 102 1.96
120 103 2.82
120 104 3.79
120 105 4.79
120 106 5.81
120 107 6.88
120 108 8.17
120 109 9.12
120 110 1.13
120 111 1.00
120 112 1.82
120 113 2.80
120 114 3.80
120 115 4.82
120 116 5.89
120 117 7.17
120 118 8.12
120 119 1.11
120 120 0.00
120 121 1.03
120 122 2.02
120 123 3.01
120 124 4.00
120 125 5.02
120 126 6.24
120 127 7.20
120 128 1.54
120 129 1.00
120 130 1.22
120 131 1.91
120 132 2.74
120 133 3.62
120 134 4.53
120 135 5.57
120 136 6.56
120 137 2.13
120 138 1.96
120 139 2.13
120 140 2.57
120 141 3.17
120 142 3.86
120 143 4.60
120 144 5.39
120 145 6.38
120 146 3.10
121 1 6.40
121 2 3.94
121 3 4.10
121 4 4.29
121 5 4.55
121 6 4.87
121 7 5.23
121 8 5.60
121 9 5.82
121 10 6.74
121 11 4.44
121 12 4.90
121 13 5.30
121 14 5.71
121 15 6.14
121 16 6.57
121 17 6.96
121 18 7.14
121 19 8.05
121 20 4.82
121 21 5.52
121 22 6.11
121 23 6.68
121 24 7.23
121 25 7.75
121 26 8.23
121 27 8.49
121 28 9.40
121 29 5.06
121 30 5.95
121 31 6.70
121 32 7.40
121 33 8.07
121 34 8.71
121 35 9.29
121 36 9.68
121 37 10.62
121 38 5.14
121 39 6.16
121 40 7.04
121 41 7.86
121 42 8.64
121 43 9.38
121 44 10.07
121 45 10.62
121 46 11.59
121 47 5.06
121 48 6.16
121 49 7.13
121 50 8.04
121 51 8.91
121 52 9.74
121 53 10.54
121 54 11.26
121 55 12.25
121 56 4.83
121 57 5.93
121 58 6.95
121 59 7.92
121 60 8.86
121 61 9.77
121 62 10.67
121 63 11.55
121 64 12.55
121 65 4.45
121 66 5.49
121 67 6.52
121 68 7.52
121 69 8.50
121 70 9.47
121 71 10.44
121 72 11.48
121 73 12.48
121 74 3.95
121 75 4.86
121 76 5.84
121 77 6.84
121 78 7.84
121 79 8.85
121 80 9.88
121 81 11.05
121 82 12.03
121 83 3.38
121 84 4.06
121 85 4.95
121 86 5.92
121 87 6.92
121 88 7.94
121 89 9.01
121 90 10.29
121 91 11.25
121 92 2.78
121 93 3.13
121 94 3.89
121 95 4.79
121 96 5.77
121 97 6.79
121 98 7.89
121 99 9.24
121 100 10.17
121 101 2.27
121 102 2.13
121 103 2.67
121 104 3.51
121 105 4.46
121 106 5.48
121 107 6.58
121 108 7.98
121 109 8.89
121 110 2.00
121 111 1.22
121 112 1.36
121 113 2.14
121 114 3.10
121 115 4.12
121 116 5.22
121 117 6.62
121 118 7.53
121 119 2.12
121 120 1.03
121 121 0.00
121 122 1.00
121 123 2.00
121 124 3.01
121 125 4.06
121 126 5.36
121 127 6.30
121 128 2.56
121 129 1.82
121 130 1.36
121 131 1.42
121 132 1.96
121 133 2.70
121 134 3.54
121 135 4.54
121 136 5.54
121 137 3.14
121 138 2.82
121 139 2.67
121 140 2.74
121 141 3.02
121 142 3.46
121 143 3.99
121 144 4.56
121 145 5.55
121 146 3.08
122 1 7.39
122 2 4.94
122 3 5.09
122 4 5.22
122 5 5.38
122 6 5.58
122 7 5.81
122 8 6.01
122 9 5.97
122 10 6.82
122 11 5.43
122 12 5.90
122 13 6.28
122 14 6.65
122 15 7.01
122 16 7.36
122 17 7.66
122 18 7.67
122 19 8.53
122 20 5.79
122 21 6.52
122 22 7.12
122 23 7.67
122 24 8.19
122 25 8.68
122 26 9.10
122 27 9.26
122 28 10.15
122 29 6.00
122 30 6.92
122 31 7.70
122 32 8.41
122 33 9.07
122 34 9.70
122 35 10.26
122 36 10.60
122 37 11.53
122 38 6.04
122 39 7.09
122 40 8.00
122 41 8.83
122 42 9.63
122 43 10.38
122 44 11.08
122 45 11.62
122 46 12.58
122 47 5.91
122 48 7.02
122 49 8.01
122 50 8.94
122 51 9.83
122 52 10.69
122 53 11.51
122 54 12.25
122 55 13.24
122 56 5.61
122 57 6.70
122 58 7.73
122 59 8.72
122 60 9.68
122 61 10.62
122 62 11.54
122 63 12.47
122 64 13.47
122 65 5.18
122 66 6.16
122 67 7.17
122 68 8.17
122 69 9.17
122 70 10.16
122 71 11.17
122 72 12.27
122 73 13.26
122 74 4.64
122 75 5.43
122 76 6.35
122 77 7.33
122 78 8.33
122 79 9.35
122 80 10.42
122 81 11.66
122 82 12.63
122 83 4.04
122 84 4.53
122 85 5.31
122 86 6.21
122 87 7.18
122 88 8.21
122 89 9.31
122 90 10.66
122 91 11.60
122 92 3.47
122 93 3.54
122 94 4.09
122 95 4.87
122 96 5.79
122 97 6.79
122 98 7.90
122 99 9.34
122 100 10.23
122 101 3.04
122 102 2.57
122 103 2.74
122 104 3.35
122 105 4.19
122 106 5.17
122 107 6.28
122 108 7.76
122 109 8.61
122 110 2.90
122 111 1.91
122 112 1.43
122 113 1.71
122 114 2.49
122 115 3.46
122 116 4.57
122 117 6.05
122 118 6.91
122 119 3.10
122 120 2.02
122 121 1.00
122 122 0.00
122 123 1.00
122 124 2.02
122 125 3.10
122 126 4.47
122 127 5.38
122 128 3.56
122 129 2.80
122 130 2.14
122 131 1.71
122 132 1.66
122 133 2.04
122 134 2.68
122 135 3.56
122 136 4.56
122 137 4.15
122 138 3.79
122 139 3.51
122 140 3.35
122 141 3.35
122 142 3.50
122 143 3.74
122 144 3.97
122 145 4.92
122 146 3.23
123 1 8.38
123 2 5.92
123 3 6.10
123 4 6.21
123 5 6.32
123 6 6.45
123 7 6.58
123 8 6.66
123 9 6.40
123 10 7.18
123 11 6.40
123 12 6.90
123 13 7.28
123 14 7.63
123 15 7.97
123 16 8.27
123 17 8.50
123 18 8.39
123 19 9.20
123 20 6.74
123 21 7.50
123 22 8.11
123 23 8.67
123 24 9.19
123 25 9.66
123 26 10.06
123 27 10.15
123 28 11.01
123 29 6.91
123 30 7.87
123 31 8.67
123 32 9.39
123 33 10.07
123 34 10.71
123 35 11.26
123 36 11.58
123 37 12.50
123 38 6.91
123 39 7.98
123 40 8.91
123 41 9.77
123 42 10.59
123 43 11.36
123 44 12.07
123 45 12.62
123 46 13.59
123 47 6.73
123 48 7.84
123 49 8.85
123 50 9.80
123 51 10.71
123 52 11.59
123 53 12.44
123 54 13.22
123 55 14.21
123 56 6.38
123 57 7.44
123 58 8.47
123 59 9.47
123 60 10.44
123 61 11.41
123 62 12.36
123 63 13.35
123 64 14.35
123 65 5.91
123 66 6.82
123 67 7.80
123 68 8.79
123 69 9.79
123 70 10.80
123 71 11.84
123 72 13.01
123 73 13.99
123 74 5.33
123 75 6.00
123 76 6.85
123 77 7.79
123 78 8.78
123 79 9.81
123 80 10.90
123 81 12.21
123 82 13.16
123 83 4.73
123 84 5.04
123 85 5.69
123 86 6.52
123 87 7.45
123 88 8.45
123 89 9.56
123 90 10.99
123 91 11.89
123 92 4.20
123 93 4.04
123 94 4.38
123 95 5.01
123 96 5.84
123 97 6.80
123 98 7.90
123 99 9.40
123 100 10.24
123 101 3.86
123 102 3.17
123 103 3.03
123 104 3.35
123 105 4.02
123 106 4.90
123 107 5.98
123 108 7.52
123 109 8.31
123 110 3.81
123 111 2.74
123 112 1.96
123 113 1.66
123 114 2.05
123 115 2.87
123 116 3.94
123 117 5.49
123 118 6.27
123 119 4.06
123 120 3.01
123 121 2.00
123 122 1.00
123 123 0.00
123 124 1.03
123 125 2.12
123 126 3.57
123 127 4.44
123 128 4.55
123 129 3.80
123 130 3.10
123 131 2.49
123 132 2.05
123 133 1.89
123 134 2.09
123 135 2.64
123 136 3.64
123 137 5.14
123 138 4.79
123 139 4.46
123 140 4.19
123 141 4.01
123 142 3.93
123 143 3.89
123 144 3.71
123 145 4.57
123 146 3.54
124 1 9.35
124 2 6.90
124 3 7.11
124 4 7.23
124 5 7.34
124 6 7.43
124 7 7.50
124 8 7.50
124 9 7.09
124 10 7.80
124 11 7.36
124 12 7.90
124 13 8.30
124 14 8.66
124 15 8.98
124 16 9.27
124 17 9.46
124 18 9.27
124 19 10.04
124 20 7.67
124 21 8.47
124 22 9.11
124 23 9.68
124 24 10.21
124 25 10.69
124 26 11.07
124 27 11.13
124 28 11.98
124 29 7.80
124 30 8.79
124 31 9.62
124 32 10.37
124 33 11.07
124 34 11.72
124 35 12.29
124 36 12.61
124 37 13.53
124 38 7.75
124 39 8.85
124 40 9.80
124 41 10.69
124 42 11.52
124 43 12.32
124 44 13.05
124 45 13.63
124 46 14.60
124 47 7.53
124 48 8.63
124 49 9.65
124 50 10.62
124 51 11.56
124 52 12.46
124 53 13.34
124 54 14.16
124 55 15.16
124 56 7.14
124 57 8.16
124 58 9.17
124 59 10.18
124 60 11.17
124 61 12.15
124 62 13.14
124 63 14.18
124 64 15.18
124 65 6.62
124 66 7.45
124 67 8.39
124 68 9.37
124 69 10.37
124 70 11.39
124 71 12.45
124 72 13.68
124 73 14.66
124 74 6.03
124 75 6.57
124 76 7.35
124 77 8.23
124 78 9.19
124 79 10.22
124 80 11.32
124 81 12.70
124 82 13.62
124 83 5.44
124 84 5.58
124 85 6.10
124 86 6.82
124 87 7.69
124 88 8.66
124 89 9.77
124 90 11.25
124 91 12.11
124 92 4.96
124 93 4.61
124 94 4.74
124 95 5.20
124 96 5.91
124 97 6.79
124 98 7.87
124 99 9.41
124 100 10.19
124 101 4.69
124 102 3.86
124 103 3.46
124 104 3.50
124 105 3.93
124 106 4.67
124 107 5.69
124 108 7.26
124 109 7.96
124 110 4.71
124 111 3.62
124 112 2.70
124 113 2.04
124 114 1.89
124 115 2.38
124 116 3.33
124 117 4.90
124 118 5.58
124 119 5.02
124 120 4.00
124 121 3.01
124 122 2.02
124 123 1.03
124 124 0.00
124 125 1.11
124 126 2.62
124 127 3.45
124 128 5.53
124 129 4.82
124 130 4.12
124 131 3.46
124 132 2.87
124 133 2.38
124 134 2.05
124 135 1.92
124 136 2.88
124 137 6.12
124 138 5.81
124 139 5.48
124 140 5.17
124 141 4.90
124 142 4.67
124 143 4.43
124 144 3.87
124 145 4.58
124 146 3.95
125 1 10.32
125 2 7.89
125 3 8.16
125 4 8.32
125 5 8.44
125 6 8.54
125 7 8.60
125 8 8.55
125 9 8.06
125 10 8.70
125 11 8.32
125 12 8.92
125 13 9.36
125 14 9.75
125 15 10.09
125 16 10.38
125 17 10.56
125 18 10.34
125 19 11.09
125 20 8.59
125 21 9.44
125 22 10.12
125 23 10.73
125 24 11.29
125 25 11.78
125 26 12.18
125 27 12.24
125 28 13.09
125 29 8.68
125 30 9.70
125 31 10.57
125 32 11.35
125 33 12.08
125 34 12.76
125 35 13.35
125 36 13.70
125 37 14.63
125 38 8.58
125 39 9.68
125 40 10.66
125 41 11.58
125 42 12.44
125 43 13.27
125 44 14.03
125 45 14.66
125 46 15.64
125 47 8.30
125 48 9.38
125 49 10.41
125 50 11.40
125 51 12.35
125 52 13.29
125 53 14.20
125 54 15.08
125 55 16.08
125 56 7.86
125 57 8.83
125 58 9.82
125 59 10.82
125 60 11.82
125 61 12.83
125 62 13.84
125 63 14.95
125 64 15.95
125 65 7.31
125 66 8.05
125 67 8.93
125 68 9.88
125 69 10.87
125 70 11.89
125 71 12.98
125 72 14.28
125 73 15.23
125 74 6.71
125 75 7.11
125 76 7.79
125 77 8.61
125 78 9.53
125 79 10.53
125 80 11.64
125 81 13.08
125 82 13.97
125 83 6.15
125 84 6.11
125 85 6.47
125 86 7.08
125 87 7.86
125 88 8.78
125 89 9.87
125 90 11.40
125 91 12.20
125 92 5.72
125 93 5.20
125 94 5.12
125 95 5.39
125 96 5.94
125 97 6.72
125 98 7.74
125 99 9.31
125 100 10.01
125 101 5.53
125 102 4.60
125 103 3.99
125 104 3.74
125 105 3.89
125 106 4.43
125 107 5.32
125 108 6.88
125 109 7.48
125 110 5.64
125 111 4.53
125 112 3.54
125 113 2.68
125 114 2.09
125 115 2.05
125 116 2.71
125 117 4.23
125 118 4.78
125 119 6.00
125 120 5.02
125 121 4.06
125 122 3.10
125 123 2.12
125 124 1.11
125 125 0.00
125 126 1.57
125 127 2.34
125 128 6.53
125 129 5.89
125 130 5.22
125 131 4.57
125 132 3.94
125 133 3.33
125 134 2.71
125 135 1.83
125 136 2.54
125 137 7.13
125 138 6.88
125 139 6.58
125 140 6.28
125 141 5.98
125 142 5.69
125 143 5.32
125 144 4.52
125 145 5.07
125 146 4.43
126 1 11.35
126 2 8.98
126 3 9.39
126 4 9.65
126 5 9.85
126 6 10.02
126 7 10.12
126 8 10.11
126 9 9.63
126 10 10.26
126 11 9.35
126 12 10.06
126 13 10.60
126 14 11.07
126 15 11.48
126 16 11.83
126 17 12.06
126 18 11.89
126 19 12.65
126 20 9.55
126 21 10.48
126 22 11.25
126 23 11.93
126 24 12.55
126 25 13.11
126 26 13.57
126 27 13.71
126 28 14.58
126 29 9.55
126 30 10.62
126 31 11.55
126 32 12.39
126 33 13.18
126 34 13.92
126 35 14.59
126 36 15.03
126 37 15.98
126 38 9.36
126 39 10.47
126 40 11.48
126 41 12.44
126 42 13.35
126 43 14.23
126 44 15.07
126 45 15.80
126 46 16.79
126 47 9.00
126 48 10.04
126 49 11.07
126 50 12.07
126 51 13.05
126 52 14.03
126 53 14.99
126 54 15.99
126 55 16.99
126 56 8.51
126 57 9.37
126 58 10.31
126 59 11.29
126 60 12.29
126 61 13.31
126 62 14.37
126 63 15.59
126 64 16.57
126 65 7.92
126 66 8.49
126 67 9.27
126 68 10.15
126 69 11.10
126 70 12.12
126 71 13.23
126 72 14.62
126 73 15.54
126 74 7.33
126 75 7.50
126 76 8.01
126 77 8.71
126 78 9.54
126 79 10.50
126 80 11.60
126 81 13.11
126 82 13.94
126 83 6.82
126 84 6.53
126 85 6.65
126 86 7.06
126 87 7.69
126 88 8.51
126 89 9.55
126 90 11.11
126 91 11.83
126 92 6.50
126 93 5.75
126 94 5.39
126 95 5.36
126 96 5.66
126 97 6.25
126 98 7.15
126 99 8.71
126 100 9.30
126 101 6.44
126 102 5.39
126 103 4.56
126 104 3.97
126 105 3.71
126 106 3.87
126 107 4.52
126 108 5.99
126 109 6.44
126 110 6.66
126 111 5.57
126 112 4.54
126 113 3.56
126 114 2.64
126 115 1.92
126 116 1.83
126 117 3.05
126 118 3.39
126 119 7.10
126 120 6.24
126 121 5.36
126 122 4.47
126 123 3.57
126 124 2.62
126 125 1.57
126 126 0.00
126 127 1.00
126 128 7.68
126 129 7.17
126 130 6.62
126 131 6.05
126 132 5.49
126 133 4.90
126 134 4.23
126 135 3.05
126 136 3.39
126 137 8.27
126 138 8.17
126 139 7.98
126 140 7.76
126 141 7.52
126 142 7.26
126 143 6.88
126 144 5.99
126 145 6.44
126 146 4.89
127 1 12.35
127 2 9.97
127 3 10.36
127 4 10.59
127 5 10.76
127 6 10.87
127 7 10.93
127 8 10.85
127 9 10.26
127 10 10.83
127 11 10.35
127 12 11.05
127 13 11.57
127 14 12.01
127 15 12.39
127 16 12.71
127 17 12.90
127 18 12.65
127 19 13.38
127 20 10.54
127 21 11.48
127 22 12.24
127 23 12.91
127 24 13.51
127 25 14.05
127 26 14.49
127 27 14.58
127 28 15.43
127 29 10.55
127 30 11.62
127 31 12.55
127 32 13.39
127 33 14.18
127 34 14.91
127 35 15.56
127 36 15.98
127 37 16.91
127 38 10.36
127 39 11.47
127 40 12.48
127 41 13.44
127 42 14.35
127 43 15.23
127 44 16.06
127 45 16.79
127 46 17.78
127 47 10.00
127 48 11.03
127 49 12.05
127 50 13.05
127 51 14.04
127 52 15.02
127 53 15.99
127 54 16.99
127 55 17.99
127 56 9.49
127 57 10.34
127 58 11.27
127 59 12.24
127 60 13.24
127 61 14.27
127 62 15.33
127 63 16.57
127 64 17.54
127 65 8.90
127 66 9.45
127 67 10.20
127 68 11.06
127 69 12.01
127 70 13.02
127 71 14.13
127 72 15.54
127 73 16.44
127 74 8.31
127 75 8.46
127 76 8.92
127 77 9.58
127 78 10.39
127 79 11.32
127 80 12.41
127 81 13.94
127 82 14.74
127 83 7.81
127 84 7.49
127 85 7.56
127 86 7.91
127 87 8.48
127 88 9.25
127 89 10.26
127 90 11.83
127 91 12.50
127 92 7.50
127 93 6.73
127 94 6.33
127 95 6.23
127 96 6.43
127 97 6.93
127 98 7.76
127 99 9.30
127 100 9.80
127 101 7.44
127 102 6.39
127 103 5.55
127 104 4.92
127 105 4.57
127 106 4.58
127 107 5.07
127 108 6.44
127 109 6.74
127 110 7.66
127 111 6.56
127 112 5.54
127 113 4.56
127 114 3.64
127 115 2.88
127 116 2.54
127 117 3.39
127 118 3.44
127 119 8.09
127 120 7.20
127 121 6.30
127 122 5.38
127 123 4.44
127 124 3.45
127 125 2.34
127 126 1.00
127 127 0.00
127 128 8.66
127 129 8.12
127 130 7.53
127 131 6.91
127 132 6.27
127 133 5.58
127 134 4.78
127 135 3.39
127 136 3.43
127 137 9.26
127 138 9.12
127 139 8.89
127 140 8.61
127 141 8.31
127 142 7.96
127 143 7.48
127 144 6.43
127 145 6.74
127 146 5.86
128 1 3.83
128 2 1.38
128 3 1.79
128 4 2.43
128 5 3.17
128 6 3.95
128 7 4.76
128 8 5.57
128 9 6.43
128 10 7.43
128 11 1.89
128 12 2.39
128 13 2.99
128 14 3.67
128 15 4.38
128 16 5.12
128 17 5.85
128 18 6.59
128 19 7.58
128 20 2.34
128 21 2.96
128 22 3.59
128 23 4.26
128 24 4.95
128 25 5.65
128 26 6.34
128 27 6.99
128 28 7.98
128 29 2.70
128 30 3.45
128 31 4.15
128 32 4.84
128 33 5.55
128 34 6.25
128 35 6.93
128 36 7.54
128 37 8.52
128 38 2.96
128 39 3.82
128 40 4.60
128 41 5.35
128 42 6.09
128 43 6.82
128 44 7.52
128 45 8.14
128 46 9.12
128 47 3.11
128 48 4.08
128 49 4.93
128 50 5.74
128 51 6.53
128 52 7.30
128 53 8.03
128 54 8.70
128 55 9.69
128 56 3.14
128 57 4.19
128 58 5.11
128 59 5.97
128 60 6.81
128 61 7.63
128 62 8.42
128 63 9.15
128 64 10.15
128 65 3.06
128 66 4.16
128 67 5.13
128 68 6.04
128 69 6.93
128 70 7.79
128 71 8.63
128 72 9.45
128 73 10.45
128 74 2.87
128 75 3.98
128 76 4.99
128 77 5.94
128 78 6.87
128 79 7.77
128 80 8.67
128 81 9.57
128 82 10.57
128 83 2.58
128 84 3.67
128 85 4.70
128 86 5.68
128 87 6.63
128 88 7.57
128 89 8.51
128 90 9.50
128 91 10.50
128 92 2.18
128 93 3.24
128 94 4.27
128 95 5.27
128 96 6.24
128 97 7.21
128 98 8.18
128 99 9.24
128 100 10.23
128 101 1.71
128 102 2.72
128 103 3.74
128 104 4.74
128 105 5.73
128 106 6.71
128 107 7.70
128 108 8.82
128 109 9.80
128 110 1.18
128 111 2.13
128 112 3.14
128 113 4.15
128 114 5.14
128 115 6.12
128 116 7.13
128 117 8.27
128 118 9.26
128 119 0.60
128 120 1.54
128 121 2.56
128 122 3.56
128 123 4.55
128 124 5.53
128 125 6.53
128 126 7.68
128 127 8.66
128 128 0.00
128 129 1.11
128 130 2.12
128 131 3.10
128 132 4.06
128 133 5.02
128 134 6.00
128 135 7.10
128 136 8.09
128 137 0.60
128 138 1.13
128 139 2.00
128 140 2.90
128 141 3.80
128 142 4.71
128 143 5.64
128 144 6.66
128 145 7.65
128 146 3.83
129 1 4.75
129 2 2.35
129 3 2.30
129 4 2.50
129 5 2.91
129 6 3.46
129 7 4.09
129 8 4.76
129 9 5.46
129 10 6.45
129 11 2.92
129 12 3.16
129 13 3.48
129 14 3.90
129 15 4.40
129 16 4.95
129 17 5.51
129 18 6.00
129 19 6.97
129 20 3.41
129 21 3.90
129 22 4.37
129 23 4.87
129 24 5.40
129 25 5.95
129 26 6.47
129 27 6.87
129 28 7.83
129 29 3.80
129 30 4.50
129 31 5.11
129 32 5.72
129 33 6.32
129 34 6.91
129 35 7.47
129 36 7.87
129 37 8.82
129 38 4.06
129 39 4.93
129 40 5.68
129 41 6.38
129 42 7.07
129 43 7.74
129 44 8.36
129 45 8.83
129 46 9.79
129 47 4.19
129 48 5.18
129 49 6.04
129 50 6.84
129 51 7.61
129 52 8.36
129 53 9.06
129 54 9.64
129 55 10.62
129 56 4.16
129 57 5.24
129 58 6.19
129 59 7.07
129 60 7.92
129 61 8.74
129 62 9.52
129 63 10.23
129 64 11.22
129 65 4.00
129 66 5.11
129 67 6.11
129 68 7.06
129 69 7.97
129 70 8.86
129 71 9.72
129 72 10.56
129 73 11.56
129 74 3.70
129 75 4.79
129 76 5.82
129 77 6.80
129 78 7.76
129 79 8.70
129 80 9.64
129 81 10.61
129 82 11.60
129 83 3.28
129 84 4.30
129 85 5.31
129 86 6.32
129 87 7.30
129 88 8.29
129 89 9.28
129 90 10.36
129 91 11.35
129 92 2.76
129 93 3.64
129 94 4.63
129 95 5.63
129 96 6.63
129 97 7.63
129 98 8.67
129 99 9.84
129 100 10.82
129 101 2.17
129 102 2.86
129 103 3.78
129 104 4.76
129 105 5.77
129 106 6.79
129 107 7.84
129 108 9.09
129 109 10.06
129 110 1.58
129 111 1.96
129 112 2.82
129 113 3.79
129 114 4.79
129 115 5.81
129 116 6.88
129 117 8.17
129 118 9.12
129 119 1.13
129 120 1.00
129 121 1.82
129 122 2.80
129 123 3.80
129 124 4.82
129 125 5.89
129 126 7.17
129 127 8.12
129 128 1.11
129 129 0.00
129 130 1.03
129 131 2.02
129 132 3.01
129 133 4.00
129 134 5.02
129 135 6.23
129 136 7.20
129 137 1.54
129 138 1.00
129 139 1.22
129 140 1.91
129 141 2.74
129 142 3.62
129 143 4.53
129 144 5.57
129 145 6.56
129 146 4.01
130 1 5.73
130 2 3.36
130 3 3.18
130 4 3.13
130 5 3.24
130 6 3.51
130 7 3.90
130 8 4.35
130 9 4.78
130 10 5.75
130 11 3.94
130 12 4.11
130 13 4.29
130 14 4.55
130 15 4.87
130 16 5.24
130 17 5.60
130 18 5.82
130 19 6.74
130 20 4.44
130 21 4.90
130 22 5.30
130 23 5.71
130 24 6.14
130 25 6.57
130 26 6.96
130 27 7.14
130 28 8.05
130 29 4.82
130 30 5.52
130 31 6.11
130 32 6.68
130 33 7.23
130 34 7.75
130 35 8.23
130 36 8.49
130 37 9.40
130 38 5.06
130 39 5.95
130 40 6.70
130 41 7.40
130 42 8.07
130 43 8.71
130 44 9.29
130 45 9.68
130 46 10.62
130 47 5.14
130 48 6.16
130 49 7.04
130 50 7.86
130 51 8.64
130 52 9.38
130 53 10.07
130 54 10.62
130 55 11.59
130 56 5.06
130 57 6.16
130 58 7.13
130 59 8.04
130 60 8.91
130 61 9.74
130 62 10.54
130 63 11.26
130 64 12.25
130 65 4.83
130 66 5.93
130 67 6.95
130 68 7.92
130 69 8.86
130 70 9.77
130 71 10.67
130 72 11.55
130 73 12.55
130 74 4.45
130 75 5.49
130 76 6.52
130 77 7.52
130 78 8.50
130 79 9.47
130 80 10.44
130 81 11.48
130 82 12.48
130 83 3.95
130 84 4.86
130 85 5.84
130 86 6.84
130 87 7.84
130 88 8.85
130 89 9.88
130 90 11.05
130 91 12.03
130 92 3.38
130 93 4.06
130 94 4.96
130 95 5.92
130 96 6.92
130 97 7.94
130 98 9.01
130 99 10.29
130 100 11.25
130 101 2.78
130 102 3.13
130 103 3.89
130 104 4.79
130 105 5.77
130 106 6.79
130 107 7.89
130 108 9.24
130 109 10.17
130 110 2.27
130 111 2.13
130 112 2.67
130 113 3.51
130 114 4.46
130 115 5.48
130 116 6.58
130 117 7.98
130 118 8.89
130 119 2.00
130 120 1.22
130 121 1.36
130 122 2.14
130 123 3.10
130 124 4.12
130 125 5.22
130 126 6.62
130 127 7.53
130 128 2.12
130 129 1.03
130 130 0.00
130 131 1.00
130 132 2.00
130 133 3.01
130 134 4.06
130 135 5.36
130 136 6.30
130 137 2.56
130 138 1.82
130 139 1.36
130 140 1.42
130 141 1.96
130 142 2.70
130 143 3.54
130 144 4.54
130 145 5.54
130 146 4.23
131 1 6.73
131 2 4.37
131 3 4.15
131 4 3.99
131 5 3.92
131 6 3.97
131 7 4.11
131 8 4.31
131 9 4.40
131 10 5.32
131 11 4.94
131 12 5.09
131 13 5.22
131 14 5.38
131 15 5.58
131 16 5.81
131 17 6.01
131 18 5.97
131 19 6.82
131 20 5.43
131 21 5.90
131 22 6.28
131 23 6.65
131 24 7.01
131 25 7.36
131 26 7.66
131 27 7.67
131 28 8.53
131 29 5.79
131 30 6.52
131 31 7.12
131 32 7.67
131 33 8.19
131 34 8.68
131 35 9.10
131 36 9.26
131 37 10.15
131 38 6.00
131 39 6.92
131 40 7.70
131 41 8.40
131 42 9.07
131 43 9.70
131 44 10.26
131 45 10.60
131 46 11.53
131 47 6.04
131 48 7.09
131 49 8.00
131 50 8.83
131 51 9.63
131 52 10.38
131 53 11.08
131 54 11.62
131 55 12.58
131 56 5.91
131 57 7.02
131 58 8.01
131 59 8.94
131 60 9.83
131 61 10.69
131 62 11.51
131 63 12.25
131 64 13.24
131 65 5.62
131 66 6.70
131 67 7.73
131 68 8.72
131 69 9.68
131 70 10.62
131 71 11.54
131 72 12.47
131 73 13.47
131 74 5.18
131 75 6.16
131 76 7.17
131 77 8.17
131 78 9.17
131 79 10.16
131 80 11.17
131 81 12.27
131 82 13.26
131 83 4.64
131 84 5.43
131 85 6.35
131 86 7.33
131 87 8.33
131 88 9.35
131 89 10.41
131 90 11.66
131 91 12.63
131 92 4.04
131 93 4.53
131 94 5.31
131 95 6.21
131 96 7.19
131 97 8.21
131 98 9.31
131 99 10.67
131 100 11.60
131 101 3.47
131 102 3.54
131 103 4.09
131 104 4.87
131 105 5.79
131 106 6.79
131 107 7.90
131 108 9.34
131 109 10.23
131 110 3.04
131 111 2.57
131 112 2.74
131 113 3.35
131 114 4.19
131 115 5.17
131 116 6.28
131 117 7.76
131 118 8.62
131 119 2.90
131 120 1.91
131 121 1.42
131 122 1.71
131 123 2.49
131 124 3.46
131 125 4.57
131 126 6.05
131 127 6.91
131 128 3.10
131 129 2.02
131 130 1.00
131 131 0.00
131 132 1.00
131 133 2.02
131 134 3.10
131 135 4.47
131 136 5.38
131 137 3.56
131 138 2.80
131 139 2.14
131 140 1.71
131 141 1.66
131 142 2.04
131 143 2.68
131 144 3.56
131 145 4.56
131 146 4.50
132 1 7.73
132 2 5.35
132 3 5.15
132 4 4.95
132 5 4.79
132 6 4.70
132 7 4.66
132 8 4.64
132 9 4.38
132 10 5.19
132 11 5.92
132 12 6.10
132 13 6.21
132 14 6.32
132 15 6.45
132 16 6.58
132 17 6.66
132 18 6.40
132 19 7.18
132 20 6.40
132 21 6.90
132 22 7.28
132 23 7.63
132 24 7.97
132 25 8.27
132 26 8.50
132 27 8.39
132 28 9.20
132 29 6.74
132 30 7.50
132 31 8.11
132 32 8.67
132 33 9.19
132 34 9.66
132 35 10.06
132 36 10.15
132 37 11.01
132 38 6.91
132 39 7.87
132 40 8.66
132 41 9.39
132 42 10.07
132 43 10.71
132 44 11.26
132 45 11.58
132 46 12.50
132 47 6.91
132 48 7.98
132 49 8.91
132 50 9.77
132 51 10.59
132 52 11.36
132 53 12.07
132 54 12.62
132 55 13.59
132 56 6.73
132 57 7.84
132 58 8.85
132 59 9.80
132 60 10.71
132 61 11.59
132 62 12.44
132 63 13.22
132 64 14.21
132 65 6.38
132 66 7.44
132 67 8.47
132 68 9.47
132 69 10.44
132 70 11.41
132 71 12.36
132 72 13.35
132 73 14.35
132 74 5.90
132 75 6.82
132 76 7.79
132 77 8.79
132 78 9.79
132 79 10.80
132 80 11.84
132 81 13.01
132 82 13.99
132 83 5.33
132 84 6.00
132 85 6.86
132 86 7.79
132 87 8.78
132 88 9.81
132 89 10.89
132 90 12.21
132 91 13.16
132 92 4.73
132 93 5.04
132 94 5.69
132 95 6.52
132 96 7.45
132 97 8.45
132 98 9.56
132 99 10.99
132 100 11.89
132 101 4.20
132 102 4.04
132 103 4.38
132 104 5.01
132 105 5.84
132 106 6.80
132 107 7.90
132 108 9.40
132 109 10.24
132 110 3.86
132 111 3.17
132 112 3.03
132 113 3.35
132 114 4.02
132 115 4.90
132 116 5.98
132 117 7.52
132 118 8.31
132 119 3.81
132 120 2.74
132 121 1.96
132 122 1.66
132 123 2.05
132 124 2.87
132 125 3.94
132 126 5.49
132 127 6.27
132 128 4.06
132 129 3.01
132 130 2.00
132 131 1.00
132 132 0.00
132 133 1.03
132 134 2.12
132 135 3.57
132 136 4.44
132 137 4.55
132 138 3.80
132 139 3.10
132 140 2.49
132 141 2.05
132 142 1.89
132 143 2.09
132 144 2.64
132 145 3.64
132 146 4.85
133 1 8.74
133 2 6.34
133 3 6.17
133 4 5.97
133 5 5.78
133 6 5.61
133 7 5.47
133 8 5.28
133 9 4.73
133 10 5.42
133 11 6.90
133 12 7.11
133 13 7.23
133 14 7.34
133 15 7.43
133 16 7.50
133 17 7.50
133 18 7.09
133 19 7.80
133 20 7.36
133 21 7.90
133 22 8.30
133 23 8.66
133 24 8.98
133 25 9.27
133 26 9.46
133 27 9.27
133 28 10.04
133 29 7.67
133 30 8.47
133 31 9.11
133 32 9.69
133 33 10.21
133 34 10.69
133 35 11.07
133 36 11.13
133 37 11.98
133 38 7.80
133 39 8.79
133 40 9.62
133 41 10.37
133 42 11.07
133 43 11.72
133 44 12.29
133 45 12.61
133 46 13.53
133 47 7.75
133 48 8.85
133 49 9.80
133 50 10.69
133 51 11.52
133 52 12.32
133 53 13.05
133 54 13.63
133 55 14.60
133 56 7.53
133 57 8.63
133 58 9.65
133 59 10.62
133 60 11.56
133 61 12.46
133 62 13.34
133 63 14.16
133 64 15.16
133 65 7.14
133 66 8.16
133 67 9.17
133 68 10.18
133 69 11.17
133 70 12.15
133 71 13.14
133 72 14.18
133 73 15.18
133 74 6.62
133 75 7.45
133 76 8.39
133 77 9.37
133 78 10.37
133 79 11.39
133 80 12.46
133 81 13.69
133 82 14.66
133 83 6.03
133 84 6.57
133 85 7.35
133 86 8.23
133 87 9.19
133 88 10.21
133 89 11.32
133 90 12.70
133 91 13.62
133 92 5.44
133 93 5.58
133 94 6.10
133 95 6.82
133 96 7.69
133 97 8.66
133 98 9.77
133 99 11.25
133 100 12.11
133 101 4.96
133 102 4.61
133 103 4.74
133 104 5.20
133 105 5.91
133 106 6.79
133 107 7.87
133 108 9.41
133 109 10.19
133 110 4.69
133 111 3.86
133 112 3.46
133 113 3.50
133 114 3.93
133 115 4.67
133 116 5.69
133 117 7.26
133 118 7.96
133 119 4.71
133 120 3.62
133 121 2.70
133 122 2.04
133 123 1.89
133 124 2.38
133 125 3.33
133 126 4.90
133 127 5.58
133 128 5.02
133 129 4.00
133 130 3.01
133 131 2.02
133 132 1.03
133 133 0.00
133 134 1.11
133 135 2.62
133 136 3.45
133 137 5.53
133 138 4.82
133 139 4.12
133 140 3.46
133 141 2.87
133 142 2.38
133 143 2.05
133 144 1.92
133 145 2.88
133 146 5.24
134 1 9.77
134 2 7.35
134 3 7.24
134 4 7.07
134 5 6.89
134 6 6.70
134 7 6.51
134 8 6.23
134 9 5.50
134 10 6.06
134 11 7.89
134 12 8.16
134 13 8.32
134 14 8.44
134 15 8.54
134 16 8.60
134 17 8.55
134 18 8.06
134 19 8.70
134 20 8.32
134 21 8.92
134 22 9.36
134 23 9.75
134 24 10.09
134 25 10.38
134 26 10.56
134 27 10.34
134 28 11.09
134 29 8.59
134 30 9.44
134 31 10.13
134 32 10.73
134 33 11.29
134 34 11.78
134 35 12.18
134 36 12.24
134 37 13.09
134 38 8.68
134 39 9.70
134 40 10.57
134 41 11.35
134 42 12.08
134 43 12.76
134 44 13.35
134 45 13.70
134 46 14.63
134 47 8.58
134 48 9.68
134 49 10.66
134 50 11.58
134 51 12.44
134 52 13.27
134 53 14.03
134 54 14.66
134 55 15.64
134 56 8.30
134 57 9.38
134 58 10.41
134 59 11.40
134 60 12.36
134 61 13.29
134 62 14.20
134 63 15.08
134 64 16.08
134 65 7.86
134 66 8.83
134 67 9.82
134 68 10.82
134 69 11.82
134 70 12.83
134 71 13.84
134 72 14.95
134 73 15.95
134 74 7.31
134 75 8.05
134 76 8.93
134 77 9.88
134 78 10.87
134 79 11.90
134 80 12.98
134 81 14.28
134 82 15.23
134 83 6.71
134 84 7.11
134 85 7.79
134 86 8.61
134 87 9.53
134 88 10.53
134 89 11.64
134 90 13.08
134 91 13.97
134 92 6.15
134 93 6.11
134 94 6.47
134 95 7.08
134 96 7.86
134 97 8.78
134 98 9.87
134 99 11.40
134 100 12.20
134 101 5.72
134 102 5.20
134 103 5.12
134 104 5.39
134 105 5.94
134 106 6.72
134 107 7.74
134 108 9.31
134 109 10.01
134 110 5.54
134 111 4.60
134 112 3.99
134 113 3.74
134 114 3.89
134 115 4.43
134 116 5.32
134 117 6.88
134 118 7.48
134 119 5.64
134 120 4.53
134 121 3.54
134 122 2.68
134 123 2.09
134 124 2.05
134 125 2.71
134 126 4.23
134 127 4.78
134 128 6.00
134 129 5.02
134 130 4.06
134 131 3.10
134 132 2.12
134 133 1.11
134 134 0.00
134 135 1.57
134 136 2.34
134 137 6.53
134 138 5.89
134 139 5.22
134 140 4.57
134 141 3.94
134 142 3.33
134 143 2.71
134 144 1.83
134 145 2.54
134 146 5.63
135 1 10.93
135 2 8.48
135 3 8.52
135 4 8.45
135 5 8.36
135 6 8.23
135 7 8.07
135 8 7.80
135 9 7.01
135 10 7.51
135 11 8.98
135 12 9.39
135 13 9.65
135 14 9.85
135 15 10.02
135 16 10.12
135 17 10.11
135 18 9.63
135 19 10.26
135 20 9.35
135 21 10.06
135 22 10.60
135 23 11.07
135 24 11.48
135 25 11.83
135 26 12.06
135 27 11.89
135 28 12.65
135 29 9.55
135 30 10.48
135 31 11.25
135 32 11.93
135 33 12.55
135 34 13.11
135 35 13.57
135 36 13.71
135 37 14.58
135 38 9.55
135 39 10.62
135 40 11.55
135 41 12.39
135 42 13.18
135 43 13.92
135 44 14.59
135 45 15.03
135 46 15.98
135 47 9.36
135 48 10.47
135 49 11.48
135 50 12.44
135 51 13.35
135 52 14.23
135 53 15.07
135 54 15.80
135 55 16.79
135 56 9.00
135 57 10.04
135 58 11.07
135 59 12.07
135 60 13.05
135 61 14.03
135 62 14.99
135 63 15.99
135 64 16.99
135 65 8.51
135 66 9.37
135 67 10.31
135 68 11.29
135 69 12.29
135 70 13.31
135 71 14.37
135 72 15.59
135 73 16.57
135 74 7.92
135 75 8.49
135 76 9.27
135 77 10.15
135 78 11.10
135 79 12.12
135 80 13.23
135 81 14.62
135 82 15.54
135 83 7.33
135 84 7.50
135 85 8.01
135 86 8.71
135 87 9.54
135 88 10.50
135 89 11.60
135 90 13.11
135 91 13.94
135 92 6.82
135 93 6.53
135 94 6.65
135 95 7.06
135 96 7.69
135 97 8.51
135 98 9.55
135 99 11.11
135 100 11.83
135 101 6.50
135 102 5.75
135 103 5.39
135 104 5.36
135 105 5.66
135 106 6.25
135 107 7.15
135 108 8.71
135 109 9.30
135 110 6.44
135 111 5.39
135 112 4.56
135 113 3.97
135 114 3.71
135 115 3.87
135 116 4.52
135 117 5.99
135 118 6.44
135 119 6.66
135 120 5.57
135 121 4.54
135 122 3.56
135 123 2.64
135 124 1.92
135 125 1.83
135 126 3.05
135 127 3.39
135 128 7.10
135 129 6.23
135 130 5.36
135 131 4.47
135 132 3.57
135 133 2.62
135 134 1.57
135 135 0.00
135 136 1.00
135 137 7.68
135 138 7.17
135 139 6.62
135 140 6.05
135 141 5.49
135 142 4.90
135 143 4.23
135 144 3.05
135 145 3.39
135 146 5.88
136 1 11.92
136 2 9.47
136 3 9.47
136 4 9.37
136 5 9.22
136 6 9.04
136 7 8.80
136 8 8.43
136 9 7.51
136 10 7.89
136 11 9.97
136 12 10.36
136 13 10.59
136 14 10.76
136 15 10.88
136 16 10.93
136 17 10.85
136 18 10.26
136 19 10.83
136 20 10.35
136 21 11.04
136 22 11.57
136 23 12.01
136 24 12.40
136 25 12.71
136 26 12.90
136 27 12.65
136 28 13.38
136 29 10.55
136 30 11.48
136 31 12.24
136 32 12.91
136 33 13.51
136 34 14.05
136 35 14.49
136 36 14.58
136 37 15.43
136 38 10.55
136 39 11.62
136 40 12.55
136 41 13.39
136 42 14.18
136 43 14.91
136 44 15.56
136 45 15.98
136 46 16.91
136 47 10.36
136 48 11.47
136 49 12.48
136 50 13.44
136 51 14.35
136 52 15.23
136 53 16.06
136 54 16.79
136 55 17.78
136 56 10.00
136 57 11.03
136 58 12.05
136 59 13.05
136 60 14.04
136 61 15.02
136 62 15.99
136 63 16.99
136 64 17.99
136 65 9.49
136 66 10.34
136 67 11.27
136 68 12.24
136 69 13.24
136 70 14.27
136 71 15.33
136 72 16.57
136 73 17.54
136 74 8.90
136 75 9.45
136 76 10.20
136 77 11.06
136 78 12.01
136 79 13.02
136 80 14.13
136 81 15.54
136 82 16.44
136 83 8.31
136 84 8.46
136 85 8.92
136 86 9.58
136 87 10.39
136 88 11.32
136 89 12.41
136 90 13.94
136 91 14.75
136 92 7.81
136 93 7.49
136 94 7.56
136 95 7.91
136 96 8.48
136 97 9.25
136 98 10.26
136 99 11.83
136 100 12.50
136 101 7.50
136 102 6.73
136 103 6.33
136 104 6.23
136 105 6.43
136 106 6.93
136 107 7.76
136 108 9.30
136 109 9.80
136 110 7.44
136 111 6.39
136 112 5.55
136 113 4.92
136 114 4.57
136 115 4.58
136 116 5.07
136 117 6.44
136 118 6.74
136 119 7.65
136 120 6.56
136 121 5.54
136 122 4.56
136 123 3.64
136 124 2.88
136 125 2.54
136 126 3.39
136 127 3.43
136 128 8.09
136 129 7.20
136 130 6.30
136 131 5.38
136 132 4.44
136 133 3.45
136 134 2.34
136 135 1.00
136 136 0.00
136 137 8.66
136 138 8.12
136 139 7.53
136 140 6.91
136 141 6.27
136 142 5.58
136 143 4.78
136 144 3.39
136 145 3.43
136 146 6.81
137 1 3.26
137 2 0.81
137 3 1.26
137 4 2.06
137 5 2.91
137 6 3.79
137 7 4.67
137 8 5.57
137 9 6.55
137 10 7.55
137 11 1.38
137 12 1.79
137 13 2.43
137 14 3.17
137 15 3.95
137 16 4.76
137 17 5.57
137 18 6.43
137 19 7.43
137 20 1.89
137 21 2.39
137 22 2.99
137 23 3.67
137 24 4.38
137 25 5.12
137 26 5.85
137 27 6.59
137 28 7.58
137 29 2.34
137 30 2.96
137 31 3.59
137 32 4.26
137 33 4.95
137 34 5.65
137 35 6.34
137 36 6.99
137 37 7.98
137 38 2.70
137 39 3.45
137 40 4.15
137 41 4.84
137 42 5.55
137 43 6.25
137 44 6.93
137 45 7.54
137 46 8.52
137 47 2.96
137 48 3.82
137 49 4.60
137 50 5.35
137 51 6.09
137 52 6.82
137 53 7.52
137 54 8.14
137 55 9.12
137 56 3.11
137 57 4.08
137 58 4.93
137 59 5.74
137 60 6.53
137 61 7.30
137 62 8.04
137 63 8.70
137 64 9.69
137 65 3.14
137 66 4.19
137 67 5.11
137 68 5.97
137 69 6.81
137 70 7.63
137 71 8.42
137 72 9.15
137 73 10.15
137 74 3.06
137 75 4.16
137 76 5.13
137 77 6.04
137 78 6.93
137 79 7.79
137 80 8.64
137 81 9.45
137 82 10.45
137 83 2.87
137 84 3.98
137 85 4.99
137 86 5.94
137 87 6.87
137 88 7.77
137 89 8.67
137 90 9.57
137 91 10.57
137 92 2.58
137 93 3.67
137 94 4.70
137 95 5.68
137 96 6.63
137 97 7.57
137 98 8.51
137 99 9.50
137 100 10.50
137 101 2.19
137 102 3.24
137 103 4.27
137 104 5.27
137 105 6.24
137 106 7.21
137 107 8.18
137 108 9.24
137 109 10.23
137 110 1.71
137 111 2.72
137 112 3.74
137 113 4.74
137 114 5.73
137 115 6.71
137 116 7.70
137 117 8.81
137 118 9.80
137 119 1.18
137 120 2.13
137 121 3.14
137 122 4.15
137 123 5.14
137 124 6.12
137 125 7.13
137 126 8.27
137 127 9.26
137 128 0.60
137 129 1.54
137 130 2.56
137 131 3.56
137 132 4.55
137 133 5.53
137 134 6.53
137 135 7.68
137 136 8.66
137 137 0.00
137 138 1.11
137 139 2.12
137 140 3.10
137 141 4.06
137 142 5.02
137 143 6.00
137 144 7.10
137 145 8.09
137 146 4.33
138 1 3.96
138 2 1.75
138 3 1.36
138 4 1.52
138 5 2.09
138 6 2.83
138 7 3.63
138 8 4.48
138 9 5.44
138 10 6.44
138 11 2.35
138 12 2.30
138 13 2.50
138 14 2.91
138 15 3.46
138 16 4.09
138 17 4.76
138 18 5.46
138 19 6.45
138 20 2.92
138 21 3.16
138 22 3.48
138 23 3.90
138 24 4.40
138 25 4.95
138 26 5.51
138 27 6.00
138 28 6.97
138 29 3.41
138 30 3.90
138 31 4.37
138 32 4.87
138 33 5.40
138 34 5.95
138 35 6.47
138 36 6.87
138 37 7.83
138 38 3.80
138 39 4.50
138 40 5.11
138 41 5.71
138 42 6.32
138 43 6.91
138 44 7.47
138 45 7.87
138 46 8.82
138 47 4.06
138 48 4.93
138 49 5.68
138 50 6.38
138 51 7.07
138 52 7.73
138 53 8.35
138 54 8.83
138 55 9.79
138 56 4.19
138 57 5.18
138 58 6.04
138 59 6.84
138 60 7.61
138 61 8.36
138 62 9.06
138 63 9.64
138 64 10.61
138 65 4.16
138 66 5.24
138 67 6.19
138 68 7.07
138 69 7.92
138 70 8.74
138 71 9.52
138 72 10.23
138 73 11.22
138 74 4.00
138 75 5.11
138 76 6.11
138 77 7.06
138 78 7.97
138 79 8.86
138 80 9.72
138 81 10.56
138 82 11.56
138 83 3.70
138 84 4.79
138 85 5.82
138 86 6.80
138 87 7.76
138 88 8.70
138 89 9.64
138 90 10.60
138 91 11.60
138 92 3.28
138 93 4.30
138 94 5.32
138 95 6.32
138 96 7.31
138 97 8.29
138 98 9.28
138 99 10.36
138 100 11.35
138 101 2.76
138 102 3.64
138 103 4.63
138 104 5.63
138 105 6.63
138 106 7.63
138 107 8.67
138 108 9.84
138 109 10.82
138 110 2.17
138 111 2.86
138 112 3.78
138 113 4.76
138 114 5.77
138 115 6.79
138 116 7.84
138 117 9.09
138 118 10.06
138 119 1.58
138 120 1.96
138 121 2.82
138 122 3.79
138 123 4.79
138 124 5.81
138 125 6.88
138 126 8.17
138 127 9.12
138 128 1.13
138 129 1.00
138 130 1.82
138 131 2.80
138 132 3.80
138 133 4.82
138 134 5.89
138 135 7.17
138 136 8.12
138 137 1.11
138 138 0.00
138 139 1.03
138 140 2.02
138 141 3.01
138 142 4.00
138 143 5.02
138 144 6.24
138 145 7.20
138 146 4.80
139 1 4.86
139 2 2.77
139 3 2.18
139 4 1.85
139 5 1.88
139 6 2.27
139 7 2.88
139 8 3.59
139 9 4.44
139 10 5.44
139 11 3.36
139 12 3.18
139 13 3.13
139 14 3.24
139 15 3.51
139 16 3.90
139 17 4.35
139 18 4.78
139 19 5.76
139 20 3.94
139 21 4.10
139 22 4.29
139 23 4.55
139 24 4.87
139 25 5.24
139 26 5.60
139 27 5.82
139 28 6.74
139 29 4.44
139 30 4.90
139 31 5.30
139 32 5.71
139 33 6.14
139 34 6.57
139 35 6.96
139 36 7.14
139 37 8.05
139 38 4.82
139 39 5.52
139 40 6.11
139 41 6.68
139 42 7.22
139 43 7.75
139 44 8.23
139 45 8.49
139 46 9.40
139 47 5.06
139 48 5.95
139 49 6.70
139 50 7.40
139 51 8.07
139 52 8.71
139 53 9.29
139 54 9.68
139 55 10.62
139 56 5.14
139 57 6.16
139 58 7.05
139 59 7.86
139 60 8.64
139 61 9.38
139 62 10.07
139 63 10.62
139 64 11.59
139 65 5.06
139 66 6.16
139 67 7.13
139 68 8.04
139 69 8.91
139 70 9.74
139 71 10.54
139 72 11.26
139 73 12.25
139 74 4.83
139 75 5.93
139 76 6.95
139 77 7.92
139 78 8.86
139 79 9.77
139 80 10.67
139 81 11.55
139 82 12.55
139 83 4.45
139 84 5.49
139 85 6.52
139 86 7.52
139 87 8.50
139 88 9.47
139 89 10.44
139 90 11.48
139 91 12.48
139 92 3.95
139 93 4.86
139 94 5.84
139 95 6.84
139 96 7.84
139 97 8.85
139 98 9.88
139 99 11.05
139 100 12.03
139 101 3.38
139 102 4.06
139 103 4.95
139 104 5.92
139 105 6.92
139 106 7.94
139 107 9.01
139 108 10.29
139 109 11.25
139 110 2.78
139 111 3.13
139 112 3.88
139 113 4.79
139 114 5.77
139 115 6.79
139 116 7.89
139 117 9.24
139 118 10.17
139 119 2.26
139 120 2.13
139 121 2.67
139 122 3.51
139 123 4.46
139 124 5.48
139 125 6.58
139 126 7.98
139 127 8.89
139 128 2.00
139 129 1.22
139 130 1.36
139 131 2.14
139 132 3.10
139 133 4.12
139 134 5.22
139 135 6.62
139 136 7.53
139 137 2.12
139 138 1.03
139 139 0.00
139 140 1.00
139 141 2.00
139 142 3.01
139 143 4.06
139 144 5.36
139 145 6.30
139 146 5.21
140 1 5.83
140 2 3.77
140 3 3.15
140 4 2.64
140 5 2.31
140 6 2.26
140 7 2.49
140 8 2.94
140 9 3.55
140 10 4.54
140 11 4.36
140 12 4.15
140 13 3.99
140 14 3.92
140 15 3.97
140 16 4.11
140 17 4.31
140 18 4.40
140 19 5.32
140 20 4.94
140 21 5.09
140 22 5.22
140 23 5.38
140 24 5.58
140 25 5.81
140 26 6.01
140 27 5.97
140 28 6.82
140 29 5.43
140 30 5.90
140 31 6.28
140 32 6.65
140 33 7.01
140 34 7.36
140 35 7.66
140 36 7.67
140 37 8.53
140 38 5.79
140 39 6.52
140 40 7.12
140 41 7.67
140 42 8.19
140 43 8.68
140 44 9.10
140 45 9.26
140 46 10.15
140 47 6.00
140 48 6.92
140 49 7.69
140 50 8.40
140 51 9.07
140 52 9.70
140 53 10.26
140 54 10.60
140 55 11.53
140 56 6.04
140 57 7.09
140 58 8.00
140 59 8.83
140 60 9.63
140 61 10.38
140 62 11.08
140 63 11.62
140 64 12.58
140 65 5.91
140 66 7.02
140 67 8.01
140 68 8.94
140 69 9.83
140 70 10.69
140 71 11.51
140 72 12.25
140 73 13.24
140 74 5.61
140 75 6.70
140 76 7.73
140 77 8.72
140 78 9.67
140 79 10.62
140 80 11.54
140 81 12.47
140 82 13.47
140 83 5.18
140 84 6.16
140 85 7.17
140 86 8.17
140 87 9.17
140 88 10.16
140 89 11.17
140 90 12.27
140 91 13.26
140 92 4.64
140 93 5.43
140 94 6.35
140 95 7.33
140 96 8.33
140 97 9.35
140 98 10.41
140 99 11.66
140 100 12.63
140 101 4.04
140 102 4.53
140 103 5.31
140 104 6.21
140 105 7.19
140 106 8.21
140 107 9.31
140 108 10.67
140 109 11.60
140 110 3.47
140 111 3.54
140 112 4.09
140 113 4.87
140 114 5.79
140 115 6.79
140 116 7.90
140 117 9.34
140 118 10.23
140 119 3.04
140 120 2.57
140 121 2.74
140 122 3.35
140 123 4.19
140 124 5.17
140 125 6.28
140 126 7.76
140 127 8.61
140 128 2.90
140 129 1.91
140 130 1.42
140 131 1.71
140 132 2.49
140 133 3.46
140 134 4.57
140 135 6.05
140 136 6.91
140 137 3.10
140 138 2.02
140 139 1.00
140 140 0.00
140 141 1.00
140 142 2.02
140 143 3.10
140 144 4.47
140 145 5.39
140 146 5.64
141 1 6.83
141 2 4.76
141 3 4.15
141 4 3.59
141 5 3.11
141 6 2.77
141 7 2.62
141 8 2.66
141 9 2.83
141 10 3.80
141 11 5.35
141 12 5.15
141 13 4.95
141 14 4.79
141 15 4.70
141 16 4.66
141 17 4.64
141 18 4.38
141 19 5.19
141 20 5.92
141 21 6.10
141 22 6.21
141 23 6.32
141 24 6.45
141 25 6.58
141 26 6.66
141 27 6.40
141 28 7.18
141 29 6.40
141 30 6.90
141 31 7.28
141 32 7.63
141 33 7.96
141 34 8.27
141 35 8.50
141 36 8.39
141 37 9.20
141 38 6.74
141 39 7.50
141 40 8.11
141 41 8.67
141 42 9.19
141 43 9.66
141 44 10.06
141 45 10.15
141 46 11.02
141 47 6.91
141 48 7.87
141 49 8.66
141 50 9.39
141 51 10.07
141 52 10.70
141 53 11.26
141 54 11.58
141 55 12.50
141 56 6.91
141 57 7.98
141 58 8.91
141 59 9.77
141 60 10.59
141 61 11.36
141 62 12.07
141 63 12.62
141 64 13.59
141 65 6.73
141 66 7.84
141 67 8.85
141 68 9.80
141 69 10.71
141 70 11.59
141 71 12.44
141 72 13.22
141 73 14.21
141 74 6.38
141 75 7.44
141 76 8.47
141 77 9.47
141 78 10.44
141 79 11.41
141 80 12.36
141 81 13.35
141 82 14.35
141 83 5.90
141 84 6.82
141 85 7.79
141 86 8.79
141 87 9.79
141 88 10.80
141 89 11.84
141 90 13.01
141 91 13.99
141 92 5.33
141 93 6.00
141 94 6.86
141 95 7.79
141 96 8.78
141 97 9.81
141 98 10.89
141 99 12.21
141 100 13.16
141 101 4.73
141 102 5.04
141 103 5.69
141 104 6.52
141 105 7.45
141 106 8.45
141 107 9.56
141 108 10.99
141 109 11.89
141 110 4.20
141 111 4.04
141 112 4.38
141 113 5.01
141 114 5.84
141 115 6.79
141 116 7.90
141 117 9.40
141 118 10.24
141 119 3.86
141 120 3.17
141 121 3.02
141 122 3.35
141 123 4.01
141 124 4.90
141 125 5.98
141 126 7.52
141 127 8.31
141 128 3.80
141 129 2.74
141 130 1.96
141 131 1.66
141 132 2.05
141 133 2.87
141 134 3.94
141 135 5.49
141 136 6.27
141 137 4.06
141 138 3.01
141 139 2.00
141 140 1.00
141 141 0.00
141 142 1.03
141 143 2.12
141 144 3.57
141 145 4.44
141 146 6.08
142 1 7.85
142 2 5.74
142 3 5.17
142 4 4.61
142 5 4.08
142 6 3.61
142 7 3.23
142 8 2.91
142 9 2.48
142 10 3.33
142 11 6.34
142 12 6.17
142 13 5.97
142 14 5.78
142 15 5.61
142 16 5.47
142 17 5.28
142 18 4.73
142 19 5.42
142 20 6.90
142 21 7.11
142 22 7.23
142 23 7.33
142 24 7.43
142 25 7.50
142 26 7.50
142 27 7.09
142 28 7.79
142 29 7.36
142 30 7.90
142 31 8.30
142 32 8.66
142 33 8.98
142 34 9.27
142 35 9.46
142 36 9.27
142 37 10.04
142 38 7.67
142 39 8.47
142 40 9.11
142 41 9.68
142 42 10.21
142 43 10.69
142 44 11.07
142 45 11.13
142 46 11.98
142 47 7.80
142 48 8.79
142 49 9.62
142 50 10.37
142 51 11.07
142 52 11.72
142 53 12.29
142 54 12.61
142 55 13.53
142 56 7.75
142 57 8.85
142 58 9.80
142 59 10.69
142 60 11.52
142 61 12.32
142 62 13.05
142 63 13.63
142 64 14.60
142 65 7.53
142 66 8.63
142 67 9.65
142 68 10.62
142 69 11.56
142 70 12.46
142 71 13.34
142 72 14.16
142 73 15.16
142 74 7.14
142 75 8.16
142 76 9.17
142 77 10.18
142 78 11.17
142 79 12.15
142 80 13.14
142 81 14.18
142 82 15.18
142 83 6.62
142 84 7.45
142 85 8.39
142 86 9.37
142 87 10.37
142 88 11.39
142 89 12.45
142 90 13.68
142 91 14.66
142 92 6.03
142 93 6.57
142 94 7.35
142 95 8.23
142 96 9.20
142 97 10.21
142 98 11.32
142 99 12.70
142 100 13.62
142 101 5.44
142 102 5.58
142 103 6.10
142 104 6.82
142 105 7.69
142 106 8.66
142 107 9.77
142 108 11.25
142 109 12.11
142 110 4.96
142 111 4.61
142 112 4.74
142 113 5.20
142 114 5.91
142 115 6.79
142 116 7.87
142 117 9.41
142 118 10.19
142 119 4.69
142 120 3.86
142 121 3.46
142 122 3.50
142 123 3.93
142 124 4.67
142 125 5.69
142 126 7.26
142 127 7.96
142 128 4.71
142 129 3.62
142 130 2.70
142 131 2.04
142 132 1.89
142 133 2.38
142 134 3.33
142 135 4.90
142 136 5.58
142 137 5.02
142 138 4.00
142 139 3.01
142 140 2.02
142 141 1.03
142 142 0.00
142 143 1.11
142 144 2.62
142 145 3.45
142 146 6.53
143 1 8.92
143 2 6.75
143 3 6.24
143 4 5.71
143 5 5.19
143 6 4.68
143 7 4.20
143 8 3.68
143 9 2.79
143 10 3.38
143 11 7.35
143 12 7.24
143 13 7.07
143 14 6.89
143 15 6.70
143 16 6.51
143 17 6.23
143 18 5.50
143 19 6.06
143 20 7.89
143 21 8.16
143 22 8.32
143 23 8.44
143 24 8.54
143 25 8.60
143 26 8.55
143 27 8.06
143 28 8.70
143 29 8.32
143 30 8.92
143 31 9.36
143 32 9.75
143 33 10.09
143 34 10.38
143 35 10.56
143 36 10.34
143 37 11.09
143 38 8.59
143 39 9.44
143 40 10.13
143 41 10.73
143 42 11.29
143 43 11.78
143 44 12.18
143 45 12.24
143 46 13.09
143 47 8.68
143 48 9.70
143 49 10.56
143 50 11.35
143 51 12.08
143 52 12.76
143 53 13.35
143 54 13.70
143 55 14.63
143 56 8.58
143 57 9.68
143 58 10.66
143 59 11.58
143 60 12.44
143 61 13.27
143 62 14.03
143 63 14.66
143 64 15.64
143 65 8.30
143 66 9.38
143 67 10.41
143 68 11.40
143 69 12.36
143 70 13.29
143 71 14.20
143 72 15.08
143 73 16.08
143 74 7.86
143 75 8.83
143 76 9.82
143 77 10.82
143 78 11.82
143 79 12.83
143 80 13.85
143 81 14.96
143 82 15.95
143 83 7.31
143 84 8.05
143 85 8.93
143 86 9.88
143 87 10.87
143 88 11.89
143 89 12.98
143 90 14.28
143 91 15.23
143 92 6.71
143 93 7.11
143 94 7.79
143 95 8.61
143 96 9.53
143 97 10.53
143 98 11.64
143 99 13.08
143 100 13.97
143 101 6.15
143 102 6.11
143 103 6.47
143 104 7.08
143 105 7.86
143 106 8.78
143 107 9.87
143 108 11.40
143 109 12.20
143 110 5.72
143 111 5.20
143 112 5.12
143 113 5.39
143 114 5.94
143 115 6.72
143 116 7.74
143 117 9.31
143 118 10.01
143 119 5.54
143 120 4.60
143 121 3.99
143 122 3.74
143 123 3.89
143 124 4.43
143 125 5.32
143 126 6.88
143 127 7.48
143 128 5.64
143 129 4.53
143 130 3.54
143 131 2.68
143 132 2.09
143 133 2.05
143 134 2.71
143 135 4.23
143 136 4.78
143 137 6.00
143 138 5.02
143 139 4.06
143 140 3.10
143 141 2.12
143 142 1.11
143 143 0.00
143 144 1.57
143 145 2.34
143 146 6.94
144 1 10.19
144 2 7.89
144 3 7.53
144 4 7.11
144 5 6.68
144 6 6.23
144 7 5.77
144 8 5.21
144 9 4.14
144 10 4.50
144 11 8.48
144 12 8.52
144 13 8.45
144 14 8.36
144 15 8.23
144 16 8.07
144 17 7.80
144 18 7.01
144 19 7.51
144 20 8.98
144 21 9.39
144 22 9.65
144 23 9.85
144 24 10.02
144 25 10.12
144 26 10.11
144 27 9.63
144 28 10.26
144 29 9.35
144 30 10.06
144 31 10.60
144 32 11.07
144 33 11.48
144 34 11.83
144 35 12.06
144 36 11.89
144 37 12.65
144 38 9.55
144 39 10.48
144 40 11.25
144 41 11.93
144 42 12.55
144 43 13.11
144 44 13.57
144 45 13.71
144 46 14.58
144 47 9.55
144 48 10.62
144 49 11.55
144 50 12.39
144 51 13.18
144 52 13.92
144 53 14.59
144 54 15.04
144 55 15.98
144 56 9.36
144 57 10.47
144 58 11.49
144 59 12.44
144 60 13.35
144 61 14.23
144 62 15.07
144 63 15.80
144 64 16.79
144 65 9.00
144 66 10.04
144 67 11.07
144 68 12.07
144 69 13.05
144 70 14.03
144 71 14.99
144 72 15.99
144 73 16.99
144 74 8.50
144 75 9.37
144 76 10.31
144 77 11.29
144 78 12.29
144 79 13.31
144 80 14.37
144 81 15.59
144 82 16.57
144 83 7.92
144 84 8.49
144 85 9.27
144 86 10.15
144 87 11.10
144 88 12.12
144 89 13.23
144 90 14.62
144 91 15.54
144 92 7.33
144 93 7.50
144 94 8.01
144 95 8.71
144 96 9.54
144 97 10.50
144 98 11.60
144 99 13.11
144 100 13.94
144 101 6.82
144 102 6.53
144 103 6.65
144 104 7.06
144 105 7.69
144 106 8.51
144 107 9.55
144 108 11.11
144 109 11.83
144 110 6.50
144 111 5.75
144 112 5.39
144 113 5.36
144 114 5.66
144 115 6.25
144 116 7.15
144 117 8.71
144 118 9.30
144 119 6.44
144 120 5.39
144 121 4.56
144 122 3.97
144 123 3.71
144 124 3.87
144 125 4.52
144 126 5.99
144 127 6.43
144 128 6.66
144 129 5.57
144 130 4.54
144 131 3.56
144 132 2.64
144 133 1.92
144 134 1.83
144 135 3.05
144 136 3.39
144 137 7.10
144 138 6.24
144 139 5.36
144 140 4.47
144 141 3.57
144 142 2.62
144 143 1.57
144 144 0.00
144 145 1.00
144 146 7.15
145 1 11.15
145 2 8.88
145 3 8.48
145 4 8.02
145 5 7.53
145 6 7.01
145 7 6.45
145 8 5.77
145 9 4.50
145 10 4.66
145 11 9.46
145 12 9.47
145 13 9.37
145 14 9.22
145 15 9.04
145 16 8.80
145 17 8.43
145 18 7.51
145 19 7.89
145 20 9.97
145 21 10.36
145 22 10.59
145 23 10.76
145 24 10.88
145 25 10.93
145 26 10.85
145 27 10.26
145 28 10.83
145 29 10.35
145 30 11.05
145 31 11.57
145 32 12.01
145 33 12.40
145 34 12.71
145 35 12.90
145 36 12.65
145 37 13.38
145 38 10.55
145 39 11.48
145 40 12.24
145 41 12.91
145 42 13.51
145 43 14.06
145 44 14.49
145 45 14.58
145 46 15.43
145 47 10.55
145 48 11.62
145 49 12.55
145 50 13.39
145 51 14.18
145 52 14.91
145 53 15.56
145 54 15.98
145 55 16.91
145 56 10.36
145 57 11.47
145 58 12.48
145 59 13.44
145 60 14.35
145 61 15.23
145 62 16.06
145 63 16.79
145 64 17.78
145 65 10.00
145 66 11.03
145 67 12.05
145 68 13.05
145 69 14.04
145 70 15.02
145 71 15.99
145 72 16.99
145 73 17.99
145 74 9.49
145 75 10.34
145 76 11.27
145 77 12.24
145 78 13.24
145 79 14.27
145 80 15.33
145 81 16.57
145 82 17.54
145 83 8.90
145 84 9.45
145 85 10.20
145 86 11.06
145 87 12.01
145 88 13.02
145 89 14.13
145 90 15.53
145 91 16.44
145 92 8.31
145 93 8.46
145 94 8.92
145 95 9.58
145 96 10.39
145 97 11.32
145 98 12.41
145 99 13.94
145 100 14.74
145 101 7.81
145 102 7.49
145 103 7.56
145 104 7.91
145 105 8.48
145 106 9.25
145 107 10.26
145 108 11.83
145 109 12.50
145 110 7.50
145 111 6.73
145 112 6.33
145 113 6.23
145 114 6.43
145 115 6.93
145 116 7.76
145 117 9.30
145 118 9.80
145 119 7.44
145 120 6.38
145 121 5.55
145 122 4.92
145 123 4.57
145 124 4.58
145 125 5.07
145 126 6.44
145 127 6.74
145 128 7.65
145 129 6.56
145 130 5.54
145 131 4.56
145 132 3.64
145 133 2.88
145 134 2.54
145 135 3.39
145 136 3.43
145 137 8.09
145 138 7.20
145 139 6.30
145 140 5.39
145 141 4.44
145 142 3.45
145 143 2.34
145 144 1.00
145 145 0.00
145 146 8.07
146 1 6.88
146 2 4.80
146 3 5.59
146 4 6.25
146 5 6.87
146 6 7.47
146 7 8.05
146 8 8.57
146 9 8.89
146 10 9.82
146 11 4.98
146 12 5.93
146 13 6.74
146 14 7.49
146 15 8.21
146 16 8.89
146 17 9.51
146 18 9.97
146 19 10.93
146 20 5.00
146 21 6.06
146 22 6.98
146 23 7.84
146 24 8.65
146 25 9.44
146 26 10.17
146 27 10.79
146 28 11.77
146 29 4.87
146 30 5.98
146 31 6.97
146 32 7.91
146 33 8.80
146 34 9.67
146 35 10.51
146 36 11.29
146 37 12.28
146 38 4.58
146 39 5.68
146 40 6.70
146 41 7.68
146 42 8.64
146 43 9.58
146 44 10.50
146 45 11.44
146 46 12.44
146 47 4.16
146 48 5.17
146 49 6.19
146 50 7.19
146 51 8.18
146 52 9.17
146 53 10.16
146 54 11.24
146 55 12.24
146 56 3.64
146 57 4.48
146 58 5.44
146 59 6.43
146 60 7.44
146 61 8.45
146 62 9.50
146 63 10.70
146 64 11.68
146 65 3.04
146 66 3.64
146 67 4.50
146 68 5.45
146 69 6.45
146 70 7.47
146 71 8.55
146 72 9.85
146 73 10.80
146 74 2.46
146 75 2.68
146 76 3.39
146 77 4.29
146 78 5.26
146 79 6.29
146 80 7.38
146 81 8.74
146 82 9.67
146 83 2.01
146 84 1.68
146 85 2.16
146 86 3.00
146 87 3.96
146 88 4.98
146 89 6.08
146 90 7.47
146 91 8.38
146 92 1.88
146 93 0.88
146 94 0.86
146 95 1.71
146 96 2.70
146 97 3.72
146 98 4.81
146 99 6.17
146 100 7.09
146 101 2.14
146 102 1.16
146 103 0.51
146 104 1.04
146 105 1.93
146 106 2.88
146 107 3.88
146 108 5.08
146 109 6.04
146 110 2.66
146 111 2.11
146 112 1.82
146 113 1.93
146 114 2.36
146 115 2.99
146 116 3.71
146 117 4.56
146 118 5.56
146 119 3.26
146 120 3.10
146 121 3.08
146 122 3.23
146 123 3.54
146 124 3.95
146 125 4.43
146 126 4.89
146 127 5.86
146 128 3.83
146 129 4.01
146 130 4.23
146 131 4.50
146 132 4.85
146 133 5.24
146 134 5.63
146 135 5.88
146 136 6.81
146 137 4.33
146 138 4.80
146 139 5.21
146 140 5.64
146 141 6.08
146 142 6.53
146 143 6.94
146 144 7.15
146 145 8.07
146 146 0.00
;
param v :=
1 1 0
1 2 48
1 3 40
1 4 52
1 5 43
1 6 52
1 7 38
1 8 36
1 9 44
1 10 39
1 11 58
1 12 37
1 13 48
1 14 36
1 15 42
1 16 41
1 17 50
1 18 54
1 19 48
1 20 55
1 21 44
1 22 58
1 23 41
1 24 56
1 25 36
1 26 47
1 27 59
1 28 43
1 29 41
1 30 54
1 31 58
1 32 58
1 33 60
1 34 49
1 35 54
1 36 35
1 37 50
1 38 45
1 39 49
1 40 36
1 41 36
1 42 58
1 43 54
1 44 57
1 45 51
1 46 48
1 47 45
1 48 41
1 49 37
1 50 51
1 51 56
1 52 42
1 53 60
1 54 56
1 55 50
1 56 55
1 57 37
1 58 46
1 59 57
1 60 48
1 61 49
1 62 55
1 63 36
1 64 60
1 65 42
1 66 58
1 67 43
1 68 54
1 69 39
1 70 42
1 71 44
1 72 47
1 73 50
1 74 52
1 75 55
1 76 41
1 77 48
1 78 40
1 79 47
1 80 37
1 81 48
1 82 48
1 83 42
1 84 59
1 85 58
1 86 57
1 87 57
1 88 35
1 89 51
1 90 36
1 91 55
1 92 46
1 93 47
1 94 40
1 95 40
1 96 52
1 97 46
1 98 43
1 99 36
1 100 50
1 101 38
1 102 44
1 103 57
1 104 58
1 105 36
1 106 35
1 107 53
1 108 55
1 109 56
1 110 39
1 111 37
1 112 54
1 113 44
1 114 52
1 115 39
1 116 35
1 117 52
1 118 51
1 119 38
1 120 38
1 121 49
1 122 36
1 123 54
1 124 59
1 125 59
1 126 45
1 127 44
1 128 38
1 129 37
1 130 55
1 131 56
1 132 60
1 133 40
1 134 57
1 135 44
1 136 58
1 137 38
1 138 60
1 139 58
1 140 55
1 141 57
1 142 35
1 143 37
1 144 55
1 145 41
1 146 55
2 1 38
2 2 0
2 3 36
2 4 49
2 5 53
2 6 45
2 7 58
2 8 39
2 9 49
2 10 46
2 11 42
2 12 45
2 13 44
2 14 35
2 15 42
2 16 50
2 17 36
2 18 55
2 19 53
2 20 60
2 21 56
2 22 56
2 23 60
2 24 35
2 25 46
2 26 38
2 27 60
2 28 57
2 29 57
2 30 41
2 31 56
2 32 42
2 33 52
2 34 36
2 35 57
2 36 35
2 37 49
2 38 39
2 39 37
2 40 45
2 41 55
2 42 46
2 43 52
2 44 58
2 45 41
2 46 49
2 47 54
2 48 56
2 49 41
2 50 55
2 51 53
2 52 35
2 53 45
2 54 50
2 55 47
2 56 42
2 57 60
2 58 42
2 59 50
2 60 60
2 61 56
2 62 51
2 63 35
2 64 50
2 65 51
2 66 47
2 67 60
2 68 51
2 69 39
2 70 53
2 71 42
2 72 53
2 73 35
2 74 57
2 75 44
2 76 49
2 77 40
2 78 46
2 79 51
2 80 39
2 81 60
2 82 54
2 83 36
2 84 52
2 85 37
2 86 56
2 87 36
2 88 36
2 89 42
2 90 36
2 91 36
2 92 56
2 93 59
2 94 58
2 95 56
2 96 46
2 97 47
2 98 58
2 99 45
2 100 36
2 101 39
2 102 39
2 103 52
2 104 37
2 105 53
2 106 58
2 107 54
2 108 44
2 109 48
2 110 39
2 111 55
2 112 57
2 113 47
2 114 42
2 115 41
2 116 35
2 117 41
2 118 46
2 119 57
2 120 38
2 121 41
2 122 51
2 123 35
2 124 58
2 125 46
2 126 35
2 127 48
2 128 52
2 129 57
2 130 47
2 131 43
2 132 41
2 133 40
2 134 47
2 135 58
2 136 59
2 137 35
2 138 38
2 139 53
2 140 55
2 141 47
2 142 48
2 143 37
2 144 41
2 145 52
2 146 56
3 1 39
3 2 37
3 3 0
3 4 56
3 5 36
3 6 35
3 7 56
3 8 41
3 9 40
3 10 35
3 11 51
3 12 51
3 13 59
3 14 43
3 15 36
3 16 52
3 17 51
3 18 59
3 19 51
3 20 39
3 21 47
3 22 56
3 23 56
3 24 40
3 25 58
3 26 54
3 27 41
3 28 47
3 29 45
3 30 57
3 31 56
3 32 60
3 33 52
3 34 60
3 35 39
3 36 52
3 37 51
3 38 38
3 39 44
3 40 51
3 41 36
3 42 35
3 43 38
3 44 40
3 45 47
3 46 41
3 47 38
3 48 35
3 49 54
3 50 57
3 51 36
3 52 46
3 53 46
3 54 46
3 55 54
3 56 57
3 57 45
3 58 48
3 59 56
3 60 58
3 61 40
3 62 48
3 63 56
3 64 55
3 65 47
3 66 45
3 67 36
3 68 38
3 69 56
3 70 57
3 71 36
3 72 45
3 73 59
3 74 44
3 75 39
3 76 59
3 77 55
3 78 57
3 79 49
3 80 54
3 81 39
3 82 58
3 83 43
3 84 46
3 85 54
3 86 39
3 87 52
3 88 59
3 89 59
3 90 35
3 91 45
3 92 46
3 93 47
3 94 42
3 95 53
3 96 35
3 97 47
3 98 42
3 99 50
3 100 56
3 101 39
3 102 43
3 103 49
3 104 53
3 105 36
3 106 48
3 107 45
3 108 43
3 109 40
3 110 58
3 111 35
3 112 53
3 113 45
3 114 44
3 115 41
3 116 35
3 117 50
3 118 43
3 119 55
3 120 38
3 121 38
3 122 48
3 123 43
3 124 45
3 125 60
3 126 59
3 127 53
3 128 41
3 129 57
3 130 56
3 131 53
3 132 45
3 133 51
3 134 55
3 135 47
3 136 57
3 137 36
3 138 35
3 139 44
3 140 38
3 141 45
3 142 43
3 143 47
3 144 37
3 145 38
3 146 45
4 1 48
4 2 52
4 3 52
4 4 0
4 5 37
4 6 39
4 7 52
4 8 49
4 9 39
4 10 58
4 11 53
4 12 40
4 13 44
4 14 38
4 15 46
4 16 45
4 17 57
4 18 43
4 19 60
4 20 44
4 21 51
4 22 39
4 23 53
4 24 50
4 25 35
4 26 44
4 27 58
4 28 39
4 29 49
4 30 55
4 31 42
4 32 44
4 33 39
4 34 46
4 35 37
4 36 48
4 37 47
4 38 59
4 39 52
4 40 54
4 41 51
4 42 59
4 43 50
4 44 52
4 45 52
4 46 41
4 47 51
4 48 36
4 49 60
4 50 56
4 51 54
4 52 41
4 53 38
4 54 44
4 55 57
4 56 38
4 57 47
4 58 43
4 59 40
4 60 47
4 61 53
4 62 38
4 63 48
4 64 55
4 65 53
4 66 55
4 67 43
4 68 59
4 69 46
4 70 40
4 71 53
4 72 59
4 73 47
4 74 59
4 75 44
4 76 42
4 77 39
4 78 47
4 79 39
4 80 35
4 81 35
4 82 48
4 83 49
4 84 42
4 85 45
4 86 60
4 87 37
4 88 51
4 89 58
4 90 51
4 91 58
4 92 44
4 93 50
4 94 36
4 95 50
4 96 51
4 97 35
4 98 49
4 99 36
4 100 51
4 101 43
4 102 49
4 103 42
4 104 42
4 105 45
4 106 53
4 107 60
4 108 57
4 109 50
4 110 49
4 111 36
4 112 39
4 113 50
4 114 52
4 115 53
4 116 55
4 117 55
4 118 51
4 119 52
4 120 37
4 121 42
4 122 48
4 123 43
4 124 42
4 125 60
4 126 54
4 127 36
4 128 40
4 129 38
4 130 46
4 131 43
4 132 39
4 133 35
4 134 42
4 135 58
4 136 53
4 137 43
4 138 37
4 139 37
4 140 39
4 141 48
4 142 56
4 143 39
4 144 36
4 145 51
4 146 47
5 1 49
5 2 36
5 3 56
5 4 35
5 5 0
5 6 48
5 7 38
5 8 38
5 9 59
5 10 43
5 11 53
5 12 42
5 13 39
5 14 52
5 15 56
5 16 53
5 17 37
5 18 54
5 19 48
5 20 58
5 21 40
5 22 41
5 23 41
5 24 35
5 25 45
5 26 40
5 27 41
5 28 37
5 29 35
5 30 43
5 31 52
5 32 58
5 33 41
5 34 36
5 35 38
5 36 58
5 37 54
5 38 40
5 39 38
5 40 48
5 41 45
5 42 60
5 43 39
5 44 46
5 45 38
5 46 42
5 47 41
5 48 58
5 49 58
5 50 46
5 51 35
5 52 54
5 53 47
5 54 55
5 55 51
5 56 52
5 57 35
5 58 43
5 59 59
5 60 51
5 61 37
5 62 53
5 63 46
5 64 60
5 65 45
5 66 36
5 67 51
5 68 54
5 69 60
5 70 53
5 71 40
5 72 50
5 73 52
5 74 56
5 75 53
5 76 53
5 77 39
5 78 51
5 79 47
5 80 36
5 81 42
5 82 48
5 83 41
5 84 40
5 85 36
5 86 47
5 87 40
5 88 41
5 89 52
5 90 46
5 91 35
5 92 35
5 93 41
5 94 42
5 95 51
5 96 35
5 97 39
5 98 42
5 99 50
5 100 39
5 101 60
5 102 38
5 103 39
5 104 44
5 105 46
5 106 40
5 107 36
5 108 35
5 109 52
5 110 50
5 111 45
5 112 40
5 113 37
5 114 47
5 115 50
5 116 55
5 117 52
5 118 56
5 119 51
5 120 40
5 121 59
5 122 49
5 123 53
5 124 56
5 125 50
5 126 46
5 127 42
5 128 55
5 129 42
5 130 37
5 131 48
5 132 57
5 133 39
5 134 50
5 135 42
5 136 42
5 137 54
5 138 49
5 139 41
5 140 51
5 141 53
5 142 55
5 143 43
5 144 56
5 145 52
5 146 38
6 1 49
6 2 48
6 3 51
6 4 40
6 5 58
6 6 0
6 7 35
6 8 59
6 9 47
6 10 46
6 11 42
6 12 54
6 13 52
6 14 55
6 15 56
6 16 59
6 17 58
6 18 57
6 19 41
6 20 59
6 21 40
6 22 58
6 23 60
6 24 51
6 25 54
6 26 53
6 27 47
6 28 51
6 29 52
6 30 50
6 31 49
6 32 58
6 33 57
6 34 40
6 35 48
6 36 51
6 37 60
6 38 45
6 39 47
6 40 35
6 41 51
6 42 35
6 43 42
6 44 42
6 45 40
6 46 57
6 47 47
6 48 37
6 49 51
6 50 43
6 51 35
6 52 59
6 53 43
6 54 47
6 55 54
6 56 58
6 57 52
6 58 51
6 59 40
6 60 54
6 61 47
6 62 45
6 63 47
6 64 57
6 65 58
6 66 53
6 67 57
6 68 41
6 69 52
6 70 50
6 71 47
6 72 42
6 73 56
6 74 39
6 75 54
6 76 40
6 77 44
6 78 50
6 79 53
6 80 35
6 81 50
6 82 60
6 83 52
6 84 38
6 85 54
6 86 53
6 87 46
6 88 50
6 89 38
6 90 35
6 91 53
6 92 53
6 93 49
6 94 53
6 95 53
6 96 60
6 97 49
6 98 41
6 99 53
6 100 47
6 101 50
6 102 45
6 103 56
6 104 52
6 105 58
6 106 43
6 107 45
6 108 35
6 109 46
6 110 53
6 111 38
6 112 41
6 113 47
6 114 55
6 115 35
6 116 50
6 117 42
6 118 38
6 119 47
6 120 58
6 121 48
6 122 35
6 123 44
6 124 60
6 125 50
6 126 41
6 127 40
6 128 52
6 129 54
6 130 40
6 131 36
6 132 53
6 133 53
6 134 45
6 135 37
6 136 42
6 137 46
6 138 60
6 139 49
6 140 46
6 141 48
6 142 56
6 143 41
6 144 57
6 145 44
6 146 49
7 1 52
7 2 57
7 3 45
7 4 37
7 5 56
7 6 50
7 7 0
7 8 55
7 9 49
7 10 52
7 11 35
7 12 58
7 13 36
7 14 44
7 15 52
7 16 36
7 17 44
7 18 42
7 19 52
7 20 52
7 21 44
7 22 41
7 23 55
7 24 48
7 25 46
7 26 54
7 27 52
7 28 45
7 29 42
7 30 40
7 31 45
7 32 45
7 33 54
7 34 39
7 35 36
7 36 57
7 37 39
7 38 47
7 39 46
7 40 57
7 41 38
7 42 56
7 43 48
7 44 39
7 45 37
7 46 55
7 47 50
7 48 49
7 49 47
7 50 47
7 51 49
7 52 44
7 53 37
7 54 42
7 55 56
7 56 40
7 57 41
7 58 56
7 59 37
7 60 35
7 61 41
7 62 58
7 63 45
7 64 40
7 65 52
7 66 59
7 67 51
7 68 39
7 69 58
7 70 47
7 71 54
7 72 38
7 73 52
7 74 45
7 75 40
7 76 48
7 77 35
7 78 41
7 79 40
7 80 45
7 81 56
7 82 49
7 83 56
7 84 52
7 85 37
7 86 59
7 87 46
7 88 55
7 89 60
7 90 59
7 91 46
7 92 45
7 93 45
7 94 51
7 95 39
7 96 35
7 97 43
7 98 40
7 99 52
7 100 56
7 101 49
7 102 54
7 103 37
7 104 40
7 105 52
7 106 36
7 107 42
7 108 35
7 109 50
7 110 36
7 111 47
7 112 55
7 113 56
7 114 44
7 115 48
7 116 39
7 117 51
7 118 38
7 119 35
7 120 35
7 121 44
7 122 46
7 123 49
7 124 52
7 125 40
7 126 45
7 127 36
7 128 49
7 129 43
7 130 45
7 131 50
7 132 46
7 133 46
7 134 59
7 135 54
7 136 55
7 137 41
7 138 38
7 139 54
7 140 53
7 141 54
7 142 42
7 143 50
7 144 35
7 145 50
7 146 49
8 1 37
8 2 60
8 3 48
8 4 37
8 5 36
8 6 42
8 7 41
8 8 0
8 9 49
8 10 52
8 11 49
8 12 39
8 13 39
8 14 37
8 15 52
8 16 40
8 17 59
8 18 38
8 19 35
8 20 41
8 21 53
8 22 49
8 23 39
8 24 56
8 25 53
8 26 52
8 27 47
8 28 50
8 29 41
8 30 56
8 31 46
8 32 51
8 33 54
8 34 59
8 35 44
8 36 52
8 37 58
8 38 60
8 39 57
8 40 40
8 41 56
8 42 50
8 43 47
8 44 45
8 45 57
8 46 44
8 47 37
8 48 38
8 49 47
8 50 45
8 51 40
8 52 36
8 53 40
8 54 54
8 55 43
8 56 49
8 57 58
8 58 45
8 59 45
8 60 47
8 61 51
8 62 56
8 63 47
8 64 40
8 65 37
8 66 58
8 67 42
8 68 51
8 69 39
8 70 36
8 71 50
8 72 41
8 73 50
8 74 35
8 75 55
8 76 49
8 77 55
8 78 47
8 79 41
8 80 52
8 81 35
8 82 42
8 83 52
8 84 40
8 85 38
8 86 46
8 87 48
8 88 50
8 89 49
8 90 37
8 91 37
8 92 43
8 93 56
8 94 39
8 95 60
8 96 51
8 97 56
8 98 40
8 99 43
8 100 44
8 101 39
8 102 53
8 103 60
8 104 60
8 105 38
8 106 53
8 107 35
8 108 57
8 109 59
8 110 41
8 111 44
8 112 35
8 113 52
8 114 56
8 115 56
8 116 51
8 117 47
8 118 56
8 119 56
8 120 50
8 121 55
8 122 59
8 123 51
8 124 56
8 125 56
8 126 38
8 127 58
8 128 43
8 129 59
8 130 52
8 131 45
8 132 54
8 133 41
8 134 45
8 135 59
8 136 37
8 137 45
8 138 46
8 139 44
8 140 40
8 141 53
8 142 52
8 143 50
8 144 37
8 145 41
8 146 45
9 1 50
9 2 59
9 3 45
9 4 47
9 5 60
9 6 37
9 7 57
9 8 53
9 9 0
9 10 37
9 11 42
9 12 37
9 13 47
9 14 59
9 15 51
9 16 52
9 17 49
9 18 44
9 19 56
9 20 56
9 21 52
9 22 53
9 23 39
9 24 39
9 25 39
9 26 43
9 27 50
9 28 47
9 29 54
9 30 57
9 31 38
9 32 48
9 33 39
9 34 49
9 35 46
9 36 60
9 37 54
9 38 54
9 39 45
9 40 37
9 41 58
9 42 45
9 43 47
9 44 57
9 45 60
9 46 52
9 47 38
9 48 36
9 49 57
9 50 56
9 51 53
9 52 38
9 53 60
9 54 52
9 55 47
9 56 43
9 57 53
9 58 39
9 59 39
9 60 48
9 61 36
9 62 35
9 63 52
9 64 45
9 65 45
9 66 41
9 67 53
9 68 42
9 69 41
9 70 56
9 71 54
9 72 38
9 73 51
9 74 50
9 75 43
9 76 49
9 77 45
9 78 47
9 79 38
9 80 47
9 81 59
9 82 39
9 83 35
9 84 54
9 85 44
9 86 39
9 87 53
9 88 46
9 89 45
9 90 36
9 91 47
9 92 41
9 93 37
9 94 46
9 95 50
9 96 46
9 97 49
9 98 58
9 99 59
9 100 46
9 101 59
9 102 39
9 103 44
9 104 51
9 105 45
9 106 39
9 107 48
9 108 43
9 109 49
9 110 58
9 111 37
9 112 45
9 113 47
9 114 50
9 115 58
9 116 50
9 117 36
9 118 42
9 119 51
9 120 53
9 121 52
9 122 43
9 123 37
9 124 52
9 125 53
9 126 47
9 127 55
9 128 42
9 129 55
9 130 52
9 131 47
9 132 48
9 133 37
9 134 39
9 135 55
9 136 49
9 137 40
9 138 42
9 139 54
9 140 35
9 141 35
9 142 49
9 143 45
9 144 43
9 145 60
9 146 60
10 1 39
10 2 37
10 3 57
10 4 45
10 5 60
10 6 51
10 7 56
10 8 39
10 9 42
10 10 0
10 11 46
10 12 49
10 13 58
10 14 47
10 15 42
10 16 37
10 17 37
10 18 41
10 19 47
10 20 52
10 21 59
10 22 48
10 23 55
10 24 59
10 25 47
10 26 43
10 27 41
10 28 57
10 29 55
10 30 37
10 31 49
10 32 53
10 33 54
10 34 53
10 35 44
10 36 54
10 37 49
10 38 51
10 39 35
10 40 36
10 41 42
10 42 35
10 43 50
10 44 55
10 45 40
10 46 37
10 47 42
10 48 47
10 49 55
10 50 54
10 51 41
10 52 41
10 53 44
10 54 44
10 55 59
10 56 39
10 57 50
10 58 56
10 59 56
10 60 51
10 61 56
10 62 39
10 63 48
10 64 58
10 65 55
10 66 59
10 67 50
10 68 46
10 69 49
10 70 42
10 71 57
10 72 59
10 73 56
10 74 53
10 75 41
10 76 50
10 77 47
10 78 51
10 79 47
10 80 40
10 81 56
10 82 59
10 83 45
10 84 60
10 85 48
10 86 49
10 87 54
10 88 42
10 89 55
10 90 41
10 91 36
10 92 57
10 93 46
10 94 36
10 95 44
10 96 38
10 97 39
10 98 53
10 99 45
10 100 48
10 101 39
10 102 60
10 103 52
10 104 54
10 105 52
10 106 41
10 107 43
10 108 58
10 109 59
10 110 51
10 111 52
10 112 37
10 113 52
10 114 48
10 115 44
10 116 42
10 117 57
10 118 41
10 119 39
10 120 43
10 121 60
10 122 60
10 123 35
10 124 54
10 125 40
10 126 48
10 127 57
10 128 51
10 129 55
10 130 51
10 131 41
10 132 47
10 133 37
10 134 42
10 135 50
10 136 57
10 137 38
10 138 45
10 139 60
10 140 38
10 141 53
10 142 42
10 143 53
10 144 52
10 145 41
10 146 46
11 1 51
11 2 36
11 3 51
11 4 39
11 5 46
11 6 54
11 7 36
11 8 35
11 9 51
11 10 39
11 11 0
11 12 38
11 13 58
11 14 43
11 15 35
11 16 60
11 17 55
11 18 58
11 19 53
11 20 55
11 21 41
11 22 51
11 23 44
11 24 41
11 25 60
11 26 50
11 27 38
11 28 55
11 29 58
11 30 51
11 31 51
11 32 55
11 33 42
11 34 40
11 35 55
11 36 59
11 37 49
11 38 46
11 39 46
11 40 48
11 41 45
11 42 50
11 43 50
11 44 41
11 45 49
11 46 45
11 47 40
11 48 48
11 49 43
11 50 51
11 51 60
11 52 40
11 53 42
11 54 38
11 55 51
11 56 41
11 57 41
11 58 58
11 59 38
11 60 58
11 61 46
11 62 42
11 63 51
11 64 35
11 65 52
11 66 36
11 67 47
11 68 45
11 69 38
11 70 56
11 71 58
11 72 54
11 73 38
11 74 51
11 75 50
11 76 48
11 77 39
11 78 36
11 79 52
11 80 43
11 81 39
11 82 44
11 83 57
11 84 37
11 85 60
11 86 40
11 87 55
11 88 44
11 89 52
11 90 53
11 91 55
11 92 56
11 93 47
11 94 38
11 95 41
11 96 37
11 97 42
11 98 47
11 99 45
11 100 43
11 101 41
11 102 59
11 103 35
11 104 51
11 105 48
11 106 47
11 107 60
11 108 37
11 109 38
11 110 60
11 111 36
11 112 56
11 113 37
11 114 47
11 115 41
11 116 59
11 117 41
11 118 37
11 119 38
11 120 39
11 121 47
11 122 40
11 123 36
11 124 60
11 125 43
11 126 41
11 127 46
11 128 44
11 129 39
11 130 50
11 131 56
11 132 51
11 133 55
11 134 57
11 135 50
11 136 37
11 137 51
11 138 46
11 139 46
11 140 39
11 141 50
11 142 46
11 143 38
11 144 50
11 145 46
11 146 41
12 1 52
12 2 43
12 3 35
12 4 39
12 5 42
12 6 58
12 7 41
12 8 40
12 9 55
12 10 53
12 11 45
12 12 0
12 13 36
12 14 49
12 15 43
12 16 56
12 17 58
12 18 49
12 19 49
12 20 47
12 21 57
12 22 56
12 23 37
12 24 37
12 25 48
12 26 40
12 27 55
12 28 51
12 29 41
12 30 41
12 31 46
12 32 43
12 33 60
12 34 43
12 35 51
12 36 59
12 37 52
12 38 47
12 39 43
12 40 35
12 41 40
12 42 56
12 43 45
12 44 51
12 45 45
12 46 37
12 47 50
12 48 40
12 49 40
12 50 35
12 51 35
12 52 45
12 53 39
12 54 49
12 55 35
12 56 55
12 57 41
12 58 35
12 59 35
12 60 47
12 61 55
12 62 39
12 63 56
12 64 41
12 65 40
12 66 46
12 67 37
12 68 40
12 69 38
12 70 45
12 71 56
12 72 44
12 73 53
12 74 57
12 75 35
12 76 53
12 77 38
12 78 45
12 79 47
12 80 40
12 81 59
12 82 53
12 83 35
12 84 47
12 85 52
12 86 37
12 87 49
12 88 59
12 89 45
12 90 41
12 91 42
12 92 42
12 93 60
12 94 48
12 95 55
12 96 46
12 97 43
12 98 56
12 99 45
12 100 49
12 101 40
12 102 42
12 103 45
12 104 60
12 105 36
12 106 58
12 107 38
12 108 56
12 109 57
12 110 59
12 111 57
12 112 45
12 113 43
12 114 45
12 115 36
12 116 60
12 117 50
12 118 47
12 119 41
12 120 56
12 121 41
12 122 54
12 123 39
12 124 43
12 125 45
12 126 39
12 127 50
12 128 44
12 129 48
12 130 42
12 131 45
12 132 48
12 133 37
12 134 48
12 135 36
12 136 53
12 137 47
12 138 49
12 139 47
12 140 44
12 141 48
12 142 51
12 143 51
12 144 49
12 145 58
12 146 54
13 1 56
13 2 43
13 3 41
13 4 43
13 5 38
13 6 41
13 7 35
13 8 45
13 9 45
13 10 55
13 11 58
13 12 51
13 13 0
13 14 54
13 15 41
13 16 37
13 17 46
13 18 49
13 19 56
13 20 51
13 21 58
13 22 57
13 23 56
13 24 49
13 25 55
13 26 37
13 27 39
13 28 46
13 29 42
13 30 49
13 31 50
13 32 55
13 33 47
13 34 49
13 35 56
13 36 45
13 37 35
13 38 58
13 39 44
13 40 41
13 41 54
13 42 57
13 43 42
13 44 60
13 45 51
13 46 49
13 47 55
13 48 36
13 49 40
13 50 54
13 51 38
13 52 44
13 53 59
13 54 59
13 55 59
13 56 48
13 57 36
13 58 57
13 59 51
13 60 53
13 61 58
13 62 45
13 63 36
13 64 46
13 65 51
13 66 59
13 67 48
13 68 49
13 69 40
13 70 46
13 71 41
13 72 41
13 73 56
13 74 58
13 75 50
13 76 47
13 77 46
13 78 36
13 79 35
13 80 46
13 81 55
13 82 49
13 83 45
13 84 58
13 85 43
13 86 46
13 87 42
13 88 44
13 89 47
13 90 42
13 91 46
13 92 60
13 93 53
13 94 60
13 95 45
13 96 56
13 97 58
13 98 52
13 99 38
13 100 42
13 101 37
13 102 53
13 103 58
13 104 52
13 105 47
13 106 35
13 107 37
13 108 36
13 109 35
13 110 44
13 111 44
13 112 46
13 113 60
13 114 38
13 115 54
13 116 39
13 117 38
13 118 46
13 119 45
13 120 56
13 121 52
13 122 46
13 123 56
13 124 53
13 125 44
13 126 47
13 127 49
13 128 42
13 129 42
13 130 37
13 131 57
13 132 43
13 133 57
13 134 51
13 135 47
13 136 42
13 137 43
13 138 43
13 139 38
13 140 52
13 141 40
13 142 48
13 143 58
13 144 53
13 145 56
13 146 51
14 1 35
14 2 42
14 3 53
14 4 41
14 5 47
14 6 51
14 7 55
14 8 60
14 9 58
14 10 53
14 11 54
14 12 35
14 13 56
14 14 0
14 15 37
14 16 44
14 17 58
14 18 47
14 19 38
14 20 44
14 21 35
14 22 38
14 23 46
14 24 56
14 25 38
14 26 54
14 27 40
14 28 47
14 29 41
14 30 49
14 31 36
14 32 58
14 33 41
14 34 48
14 35 50
14 36 47
14 37 59
14 38 48
14 39 48
14 40 48
14 41 60
14 42 59
14 43 42
14 44 49
14 45 51
14 46 54
14 47 50
14 48 59
14 49 43
14 50 44
14 51 42
14 52 38
14 53 38
14 54 58
14 55 60
14 56 42
14 57 47
14 58 44
14 59 58
14 60 53
14 61 41
14 62 39
14 63 52
14 64 42
14 65 46
14 66 36
14 67 54
14 68 40
14 69 51
14 70 35
14 71 58
14 72 60
14 73 36
14 74 55
14 75 53
14 76 45
14 77 43
14 78 35
14 79 51
14 80 35
14 81 45
14 82 60
14 83 51
14 84 45
14 85 46
14 86 42
14 87 56
14 88 38
14 89 35
14 90 38
14 91 59
14 92 39
14 93 40
14 94 48
14 95 54
14 96 50
14 97 49
14 98 48
14 99 60
14 100 47
14 101 55
14 102 59
14 103 60
14 104 50
14 105 52
14 106 43
14 107 57
14 108 38
14 109 38
14 110 45
14 111 53
14 112 60
14 113 35
14 114 51
14 115 44
14 116 58
14 117 39
14 118 56
14 119 56
14 120 47
14 121 36
14 122 37
14 123 57
14 124 39
14 125 52
14 126 49
14 127 58
14 128 40
14 129 56
14 130 50
14 131 50
14 132 43
14 133 35
14 134 48
14 135 44
14 136 50
14 137 35
14 138 59
14 139 38
14 140 58
14 141 52
14 142 53
14 143 45
14 144 49
14 145 38
14 146 39
15 1 48
15 2 54
15 3 42
15 4 38
15 5 54
15 6 44
15 7 38
15 8 42
15 9 45
15 10 53
15 11 53
15 12 60
15 13 36
15 14 36
15 15 0
15 16 44
15 17 52
15 18 57
15 19 39
15 20 44
15 21 47
15 22 59
15 23 55
15 24 44
15 25 47
15 26 55
15 27 56
15 28 38
15 29 58
15 30 58
15 31 41
15 32 59
15 33 40
15 34 49
15 35 53
15 36 48
15 37 39
15 38 42
15 39 47
15 40 55
15 41 37
15 42 50
15 43 46
15 44 40
15 45 59
15 46 54
15 47 53
15 48 44
15 49 38
15 50 36
15 51 41
15 52 50
15 53 43
15 54 43
15 55 59
15 56 37
15 57 46
15 58 43
15 59 38
15 60 37
15 61 44
15 62 59
15 63 46
15 64 58
15 65 38
15 66 43
15 67 54
15 68 43
15 69 41
15 70 39
15 71 49
15 72 41
15 73 55
15 74 57
15 75 50
15 76 38
15 77 38
15 78 36
15 79 57
15 80 56
15 81 39
15 82 56
15 83 60
15 84 55
15 85 36
15 86 37
15 87 39
15 88 58
15 89 36
15 90 59
15 91 39
15 92 50
15 93 47
15 94 53
15 95 40
15 96 58
15 97 40
15 98 38
15 99 45
15 100 38
15 101 59
15 102 42
15 103 57
15 104 35
15 105 56
15 106 48
15 107 35
15 108 36
15 109 42
15 110 51
15 111 51
15 112 51
15 113 41
15 114 43
15 115 51
15 116 46
15 117 40
15 118 37
15 119 39
15 120 44
15 121 39
15 122 54
15 123 44
15 124 50
15 125 35
15 126 55
15 127 36
15 128 45
15 129 36
15 130 51
15 131 58
15 132 42
15 133 57
15 134 51
15 135 41
15 136 53
15 137 50
15 138 41
15 139 39
15 140 58
15 141 46
15 142 44
15 143 36
15 144 50
15 145 45
15 146 54
16 1 43
16 2 53
16 3 58
16 4 60
16 5 49
16 6 54
16 7 52
16 8 58
16 9 48
16 10 60
16 11 39
16 12 37
16 13 48
16 14 35
16 15 47
16 16 0
16 17 45
16 18 53
16 19 57
16 20 50
16 21 46
16 22 44
16 23 43
16 24 40
16 25 51
16 26 55
16 27 45
16 28 36
16 29 44
16 30 56
16 31 38
16 32 35
16 33 45
16 34 39
16 35 57
16 36 36
16 37 38
16 38 37
16 39 38
16 40 41
16 41 36
16 42 58
16 43 39
16 44 49
16 45 55
16 46 51
16 47 41
16 48 47
16 49 44
16 50 59
16 51 56
16 52 40
16 53 46
16 54 40
16 55 58
16 56 38
16 57 39
16 58 47
16 59 37
16 60 39
16 61 39
16 62 56
16 63 50
16 64 47
16 65 56
16 66 58
16 67 42
16 68 46
16 69 45
16 70 59
16 71 46
16 72 52
16 73 54
16 74 58
16 75 59
16 76 38
16 77 36
16 78 37
16 79 35
16 80 47
16 81 39
16 82 55
16 83 56
16 84 53
16 85 37
16 86 48
16 87 40
16 88 40
16 89 42
16 90 41
16 91 54
16 92 42
16 93 37
16 94 53
16 95 40
16 96 44
16 97 58
16 98 41
16 99 50
16 100 45
16 101 46
16 102 47
16 103 45
16 104 51
16 105 41
16 106 45
16 107 50
16 108 39
16 109 56
16 110 48
16 111 37
16 112 51
16 113 51
16 114 48
16 115 35
16 116 51
16 117 58
16 118 46
16 119 54
16 120 47
16 121 43
16 122 35
16 123 36
16 124 60
16 125 54
16 126 36
16 127 48
16 128 47
16 129 59
16 130 56
16 131 44
16 132 40
16 133 55
16 134 55
16 135 41
16 136 38
16 137 35
16 138 36
16 139 52
16 140 42
16 141 56
16 142 48
16 143 53
16 144 55
16 145 40
16 146 48
17 1 56
17 2 55
17 3 50
17 4 59
17 5 41
17 6 35
17 7 40
17 8 37
17 9 39
17 10 49
17 11 57
17 12 57
17 13 55
17 14 57
17 15 43
17 16 40
17 17 0
17 18 40
17 19 51
17 20 47
17 21 48
17 22 36
17 23 40
17 24 45
17 25 56
17 26 44
17 27 52
17 28 52
17 29 55
17 30 60
17 31 55
17 32 39
17 33 50
17 34 57
17 35 50
17 36 56
17 37 49
17 38 58
17 39 46
17 40 54
17 41 35
17 42 45
17 43 45
17 44 37
17 45 45
17 46 39
17 47 52
17 48 39
17 49 43
17 50 36
17 51 57
17 52 52
17 53 37
17 54 42
17 55 35
17 56 38
17 57 46
17 58 56
17 59 54
17 60 60
17 61 40
17 62 35
17 63 53
17 64 50
17 65 52
17 66 36
17 67 35
17 68 37
17 69 57
17 70 38
17 71 38
17 72 36
17 73 57
17 74 60
17 75 57
17 76 46
17 77 35
17 78 59
17 79 49
17 80 53
17 81 59
17 82 51
17 83 55
17 84 48
17 85 36
17 86 58
17 87 52
17 88 38
17 89 36
17 90 60
17 91 60
17 92 46
17 93 36
17 94 51
17 95 51
17 96 38
17 97 60
17 98 53
17 99 50
17 100 49
17 101 60
17 102 50
17 103 57
17 104 35
17 105 54
17 106 48
17 107 38
17 108 46
17 109 42
17 110 60
17 111 44
17 112 51
17 113 43
17 114 44
17 115 37
17 116 53
17 117 37
17 118 44
17 119 53
17 120 56
17 121 36
17 122 47
17 123 45
17 124 58
17 125 50
17 126 47
17 127 58
17 128 60
17 129 47
17 130 53
17 131 51
17 132 54
17 133 52
17 134 40
17 135 37
17 136 47
17 137 55
17 138 52
17 139 58
17 140 42
17 141 51
17 142 36
17 143 43
17 144 56
17 145 43
17 146 58
18 1 38
18 2 53
18 3 58
18 4 44
18 5 41
18 6 47
18 7 41
18 8 43
18 9 41
18 10 39
18 11 40
18 12 59
18 13 51
18 14 52
18 15 41
18 16 54
18 17 42
18 18 0
18 19 47
18 20 58
18 21 54
18 22 50
18 23 38
18 24 49
18 25 51
18 26 47
18 27 41
18 28 59
18 29 39
18 30 36
18 31 41
18 32 56
18 33 40
18 34 58
18 35 36
18 36 54
18 37 56
18 38 56
18 39 50
18 40 46
18 41 54
18 42 53
18 43 60
18 44 42
18 45 43
18 46 55
18 47 56
18 48 57
18 49 36
18 50 49
18 51 37
18 52 54
18 53 55
18 54 58
18 55 35
18 56 53
18 57 38
18 58 35
18 59 57
18 60 58
18 61 42
18 62 47
18 63 46
18 64 41
18 65 51
18 66 37
18 67 45
18 68 42
18 69 42
18 70 40
18 71 51
18 72 49
18 73 56
18 74 53
18 75 38
18 76 42
18 77 54
18 78 46
18 79 40
18 80 54
18 81 35
18 82 44
18 83 40
18 84 56
18 85 36
18 86 39
18 87 45
18 88 53
18 89 60
18 90 39
18 91 49
18 92 48
18 93 51
18 94 52
18 95 36
18 96 45
18 97 49
18 98 57
18 99 59
18 100 38
18 101 37
18 102 50
18 103 43
18 104 48
18 105 41
18 106 35
18 107 53
18 108 43
18 109 44
18 110 40
18 111 55
18 112 51
18 113 48
18 114 59
18 115 39
18 116 43
18 117 49
18 118 60
18 119 50
18 120 45
18 121 35
18 122 46
18 123 56
18 124 58
18 125 43
18 126 40
18 127 45
18 128 48
18 129 43
18 130 49
18 131 45
18 132 47
18 133 52
18 134 47
18 135 50
18 136 42
18 137 57
18 138 47
18 139 37
18 140 58
18 141 51
18 142 46
18 143 55
18 144 53
18 145 45
18 146 35
19 1 37
19 2 40
19 3 45
19 4 50
19 5 53
19 6 44
19 7 50
19 8 51
19 9 36
19 10 59
19 11 43
19 12 41
19 13 47
19 14 47
19 15 35
19 16 45
19 17 50
19 18 54
19 19 0
19 20 48
19 21 47
19 22 57
19 23 58
19 24 50
19 25 37
19 26 58
19 27 47
19 28 46
19 29 35
19 30 57
19 31 42
19 32 37
19 33 60
19 34 40
19 35 57
19 36 51
19 37 52
19 38 48
19 39 60
19 40 49
19 41 43
19 42 49
19 43 46
19 44 42
19 45 36
19 46 58
19 47 48
19 48 38
19 49 37
19 50 52
19 51 51
19 52 52
19 53 46
19 54 53
19 55 59
19 56 37
19 57 50
19 58 55
19 59 54
19 60 53
19 61 47
19 62 39
19 63 40
19 64 52
19 65 56
19 66 52
19 67 45
19 68 53
19 69 35
19 70 38
19 71 56
19 72 54
19 73 58
19 74 51
19 75 40
19 76 46
19 77 36
19 78 40
19 79 43
19 80 52
19 81 39
19 82 47
19 83 54
19 84 44
19 85 50
19 86 45
19 87 39
19 88 42
19 89 40
19 90 53
19 91 60
19 92 52
19 93 55
19 94 47
19 95 38
19 96 50
19 97 51
19 98 59
19 99 52
19 100 55
19 101 46
19 102 40
19 103 58
19 104 49
19 105 60
19 106 57
19 107 58
19 108 48
19 109 52
19 110 57
19 111 49
19 112 39
19 113 54
19 114 55
19 115 51
19 116 50
19 117 45
19 118 50
19 119 55
19 120 44
19 121 42
19 122 53
19 123 39
19 124 54
19 125 52
19 126 55
19 127 42
19 128 46
19 129 55
19 130 48
19 131 59
19 132 53
19 133 48
19 134 35
19 135 44
19 136 37
19 137 44
19 138 48
19 139 52
19 140 37
19 141 51
19 142 42
19 143 60
19 144 54
19 145 40
19 146 49
20 1 35
20 2 37
20 3 51
20 4 48
20 5 39
20 6 55
20 7 57
20 8 50
20 9 57
20 10 35
20 11 49
20 12 35
20 13 39
20 14 60
20 15 39
20 16 51
20 17 35
20 18 45
20 19 36
20 20 0
20 21 53
20 22 43
20 23 59
20 24 48
20 25 54
20 26 47
20 27 44
20 28 60
20 29 55
20 30 58
20 31 51
20 32 43
20 33 40
20 34 40
20 35 47
20 36 37
20 37 39
20 38 56
20 39 38
20 40 54
20 41 45
20 42 51
20 43 60
20 44 43
20 45 43
20 46 36
20 47 47
20 48 39
20 49 53
20 50 52
20 51 41
20 52 46
20 53 45
20 54 50
20 55 40
20 56 46
20 57 43
20 58 51
20 59 57
20 60 37
20 61 46
20 62 37
20 63 40
20 64 52
20 65 36
20 66 48
20 67 44
20 68 39
20 69 57
20 70 55
20 71 53
20 72 60
20 73 39
20 74 55
20 75 56
20 76 38
20 77 43
20 78 56
20 79 56
20 80 54
20 81 40
20 82 45
20 83 59
20 84 35
20 85 53
20 86 46
20 87 60
20 88 39
20 89 47
20 90 45
20 91 50
20 92 48
20 93 55
20 94 55
20 95 42
20 96 49
20 97 42
20 98 39
20 99 54
20 100 47
20 101 59
20 102 35
20 103 48
20 104 41
20 105 58
20 106 57
20 107 52
20 108 51
20 109 38
20 110 44
20 111 38
20 112 46
20 113 48
20 114 40
20 115 36
20 116 52
20 117 53
20 118 37
20 119 43
20 120 39
20 121 45
20 122 46
20 123 56
20 124 59
20 125 58
20 126 45
20 127 42
20 128 39
20 129 49
20 130 39
20 131 57
20 132 42
20 133 44
20 134 39
20 135 39
20 136 39
20 137 41
20 138 35
20 139 35
20 140 60
20 141 59
20 142 57
20 143 41
20 144 36
20 145 43
20 146 47
21 1 37
21 2 57
21 3 49
21 4 51
21 5 50
21 6 52
21 7 54
21 8 59
21 9 55
21 10 44
21 11 48
21 12 52
21 13 57
21 14 59
21 15 51
21 16 36
21 17 49
21 18 60
21 19 35
21 20 37
21 21 0
21 22 53
21 23 51
21 24 60
21 25 55
21 26 40
21 27 46
21 28 41
21 29 57
21 30 54
21 31 60
21 32 58
21 33 48
21 34 43
21 35 49
21 36 44
21 37 54
21 38 40
21 39 48
21 40 46
21 41 44
21 42 55
21 43 47
21 44 36
21 45 56
21 46 37
21 47 44
21 48 38
21 49 53
21 50 47
21 51 43
21 52 47
21 53 35
21 54 57
21 55 39
21 56 47
21 57 48
21 58 53
21 59 60
21 60 40
21 61 54
21 62 58
21 63 56
21 64 48
21 65 54
21 66 39
21 67 50
21 68 51
21 69 36
21 70 47
21 71 47
21 72 38
21 73 52
21 74 49
21 75 44
21 76 45
21 77 50
21 78 48
21 79 39
21 80 59
21 81 57
21 82 57
21 83 45
21 84 41
21 85 57
21 86 48
21 87 59
21 88 57
21 89 52
21 90 60
21 91 47
21 92 51
21 93 38
21 94 49
21 95 38
21 96 42
21 97 52
21 98 44
21 99 60
21 100 36
21 101 58
21 102 39
21 103 41
21 104 35
21 105 54
21 106 40
21 107 57
21 108 56
21 109 51
21 110 35
21 111 45
21 112 55
21 113 46
21 114 59
21 115 48
21 116 47
21 117 50
21 118 51
21 119 57
21 120 41
21 121 38
21 122 35
21 123 49
21 124 37
21 125 47
21 126 53
21 127 56
21 128 45
21 129 42
21 130 47
21 131 55
21 132 53
21 133 49
21 134 54
21 135 44
21 136 52
21 137 35
21 138 52
21 139 43
21 140 58
21 141 57
21 142 45
21 143 52
21 144 58
21 145 53
21 146 49
22 1 45
22 2 50
22 3 35
22 4 39
22 5 44
22 6 60
22 7 55
22 8 57
22 9 56
22 10 52
22 11 56
22 12 60
22 13 35
22 14 54
22 15 46
22 16 46
22 17 42
22 18 57
22 19 47
22 20 60
22 21 42
22 22 0
22 23 39
22 24 44
22 25 38
22 26 40
22 27 45
22 28 46
22 29 48
22 30 56
22 31 41
22 32 42
22 33 58
22 34 37
22 35 46
22 36 50
22 37 52
22 38 43
22 39 35
22 40 49
22 41 42
22 42 51
22 43 40
22 44 44
22 45 44
22 46 44
22 47 35
22 48 36
22 49 36
22 50 52
22 51 40
22 52 52
22 53 52
22 54 57
22 55 55
22 56 49
22 57 41
22 58 36
22 59 50
22 60 43
22 61 59
22 62 52
22 63 38
22 64 47
22 65 41
22 66 37
22 67 50
22 68 42
22 69 60
22 70 50
22 71 42
22 72 39
22 73 39
22 74 51
22 75 60
22 76 59
22 77 48
22 78 41
22 79 51
22 80 39
22 81 43
22 82 43
22 83 59
22 84 35
22 85 41
22 86 52
22 87 35
22 88 47
22 89 35
22 90 58
22 91 43
22 92 37
22 93 49
22 94 44
22 95 57
22 96 39
22 97 54
22 98 45
22 99 50
22 100 50
22 101 53
22 102 58
22 103 50
22 104 50
22 105 39
22 106 37
22 107 57
22 108 48
22 109 40
22 110 51
22 111 43
22 112 53
22 113 54
22 114 56
22 115 48
22 116 46
22 117 43
22 118 45
22 119 51
22 120 60
22 121 57
22 122 50
22 123 50
22 124 60
22 125 50
22 126 47
22 127 53
22 128 42
22 129 51
22 130 52
22 131 51
22 132 52
22 133 35
22 134 43
22 135 49
22 136 57
22 137 42
22 138 45
22 139 51
22 140 36
22 141 55
22 142 45
22 143 56
22 144 56
22 145 48
22 146 47
23 1 45
23 2 48
23 3 53
23 4 41
23 5 52
23 6 60
23 7 52
23 8 57
23 9 36
23 10 60
23 11 40
23 12 49
23 13 60
23 14 37
23 15 47
23 16 56
23 17 41
23 18 37
23 19 49
23 20 60
23 21 56
23 22 36
23 23 0
23 24 58
23 25 57
23 26 55
23 27 46
23 28 45
23 29 44
23 30 37
23 31 56
23 32 48
23 33 45
23 34 49
23 35 60
23 36 41
23 37 45
23 38 49
23 39 42
23 40 52
23 41 36
23 42 36
23 43 57
23 44 56
23 45 39
23 46 56
23 47 56
23 48 51
23 49 56
23 50 48
23 51 41
23 52 38
23 53 39
23 54 39
23 55 43
23 56 45
23 57 37
23 58 58
23 59 48
23 60 44
23 61 58
23 62 59
23 63 58
23 64 40
23 65 37
23 66 53
23 67 36
23 68 47
23 69 47
23 70 36
23 71 55
23 72 38
23 73 40
23 74 45
23 75 42
23 76 51
23 77 57
23 78 41
23 79 51
23 80 48
23 81 57
23 82 56
23 83 58
23 84 35
23 85 56
23 86 44
23 87 58
23 88 37
23 89 53
23 90 53
23 91 45
23 92 60
23 93 36
23 94 47
23 95 38
23 96 60
23 97 52
23 98 41
23 99 43
23 100 46
23 101 39
23 102 45
23 103 59
23 104 38
23 105 59
23 106 45
23 107 36
23 108 53
23 109 54
23 110 46
23 111 36
23 112 52
23 113 45
23 114 36
23 115 42
23 116 43
23 117 46
23 118 36
23 119 49
23 120 42
23 121 57
23 122 54
23 123 56
23 124 36
23 125 50
23 126 54
23 127 52
23 128 58
23 129 42
23 130 44
23 131 41
23 132 38
23 133 54
23 134 58
23 135 54
23 136 49
23 137 40
23 138 56
23 139 50
23 140 54
23 141 55
23 142 41
23 143 58
23 144 48
23 145 59
23 146 60
24 1 35
24 2 45
24 3 59
24 4 35
24 5 38
24 6 37
24 7 57
24 8 55
24 9 40
24 10 36
24 11 54
24 12 47
24 13 48
24 14 60
24 15 43
24 16 42
24 17 59
24 18 36
24 19 51
24 20 43
24 21 46
24 22 41
24 23 60
24 24 0
24 25 38
24 26 58
24 27 36
24 28 44
24 29 36
24 30 54
24 31 41
24 32 51
24 33 60
24 34 46
24 35 60
24 36 36
24 37 59
24 38 57
24 39 54
24 40 39
24 41 37
24 42 37
24 43 35
24 44 58
24 45 58
24 46 35
24 47 56
24 48 35
24 49 56
24 50 46
24 51 53
24 52 37
24 53 35
24 54 51
24 55 51
24 56 49
24 57 41
24 58 54
24 59 44
24 60 37
24 61 46
24 62 35
24 63 37
24 64 37
24 65 43
24 66 53
24 67 59
24 68 59
24 69 49
24 70 60
24 71 51
24 72 39
24 73 41
24 74 37
24 75 56
24 76 48
24 77 43
24 78 42
24 79 60
24 80 52
24 81 46
24 82 60
24 83 51
24 84 42
24 85 45
24 86 56
24 87 55
24 88 52
24 89 49
24 90 59
24 91 44
24 92 52
24 93 59
24 94 50
24 95 51
24 96 38
24 97 35
24 98 48
24 99 45
24 100 49
24 101 53
24 102 56
24 103 44
24 104 60
24 105 52
24 106 51
24 107 56
24 108 45
24 109 35
24 110 50
24 111 53
24 112 54
24 113 42
24 114 38
24 115 58
24 116 58
24 117 35
24 118 46
24 119 49
24 120 57
24 121 43
24 122 46
24 123 52
24 124 47
24 125 35
24 126 53
24 127 36
24 128 37
24 129 43
24 130 52
24 131 59
24 132 53
24 133 44
24 134 50
24 135 54
24 136 38
24 137 37
24 138 57
24 139 38
24 140 56
24 141 50
24 142 60
24 143 51
24 144 48
24 145 60
24 146 36
25 1 39
25 2 56
25 3 54
25 4 48
25 5 56
25 6 47
25 7 53
25 8 36
25 9 43
25 10 48
25 11 37
25 12 48
25 13 51
25 14 59
25 15 41
25 16 56
25 17 55
25 18 51
25 19 50
25 20 42
25 21 35
25 22 50
25 23 56
25 24 55
25 25 0
25 26 51
25 27 51
25 28 36
25 29 38
25 30 49
25 31 43
25 32 42
25 33 40
25 34 43
25 35 60
25 36 38
25 37 35
25 38 48
25 39 57
25 40 38
25 41 57
25 42 51
25 43 37
25 44 49
25 45 44
25 46 41
25 47 60
25 48 43
25 49 36
25 50 54
25 51 41
25 52 35
25 53 35
25 54 49
25 55 44
25 56 51
25 57 36
25 58 39
25 59 36
25 60 50
25 61 56
25 62 44
25 63 53
25 64 46
25 65 57
25 66 48
25 67 45
25 68 56
25 69 57
25 70 42
25 71 53
25 72 54
25 73 60
25 74 50
25 75 43
25 76 43
25 77 45
25 78 49
25 79 40
25 80 49
25 81 36
25 82 55
25 83 51
25 84 38
25 85 45
25 86 57
25 87 57
25 88 40
25 89 40
25 90 59
25 91 39
25 92 52
25 93 37
25 94 59
25 95 54
25 96 44
25 97 51
25 98 46
25 99 40
25 100 36
25 101 43
25 102 47
25 103 44
25 104 59
25 105 54
25 106 39
25 107 48
25 108 35
25 109 60
25 110 35
25 111 45
25 112 38
25 113 46
25 114 46
25 115 36
25 116 56
25 117 53
25 118 44
25 119 48
25 120 35
25 121 52
25 122 39
25 123 53
25 124 56
25 125 48
25 126 35
25 127 42
25 128 51
25 129 55
25 130 51
25 131 43
25 132 46
25 133 51
25 134 46
25 135 58
25 136 60
25 137 51
25 138 57
25 139 52
25 140 42
25 141 43
25 142 54
25 143 39
25 144 45
25 145 48
25 146 54
26 1 42
26 2 47
26 3 57
26 4 51
26 5 54
26 6 45
26 7 51
26 8 44
26 9 55
26 10 51
26 11 51
26 12 49
26 13 37
26 14 46
26 15 45
26 16 43
26 17 42
26 18 40
26 19 35
26 20 55
26 21 47
26 22 35
26 23 57
26 24 45
26 25 58
26 26 0
26 27 37
26 28 37
26 29 36
26 30 51
26 31 60
26 32 43
26 33 43
26 34 57
26 35 43
26 36 43
26 37 51
26 38 46
26 39 50
26 40 43
26 41 50
26 42 60
26 43 52
26 44 43
26 45 55
26 46 41
26 47 35
26 48 49
26 49 52
26 50 42
26 51 56
26 52 59
26 53 59
26 54 50
26 55 39
26 56 35
26 57 54
26 58 43
26 59 47
26 60 50
26 61 57
26 62 51
26 63 38
26 64 44
26 65 41
26 66 46
26 67 48
26 68 40
26 69 52
26 70 59
26 71 39
26 72 58
26 73 49
26 74 50
26 75 46
26 76 52
26 77 57
26 78 44
26 79 45
26 80 44
26 81 38
26 82 51
26 83 41
26 84 46
26 85 47
26 86 46
26 87 38
26 88 42
26 89 41
26 90 45
26 91 42
26 92 50
26 93 56
26 94 48
26 95 59
26 96 50
26 97 44
26 98 39
26 99 47
26 100 45
26 101 49
26 102 47
26 103 47
26 104 45
26 105 38
26 106 42
26 107 39
26 108 60
26 109 45
26 110 46
26 111 39
26 112 49
26 113 46
26 114 59
26 115 48
26 116 46
26 117 45
26 118 35
26 119 38
26 120 50
26 121 53
26 122 54
26 123 55
26 124 46
26 125 48
26 126 56
26 127 60
26 128 42
26 129 56
26 130 53
26 131 42
26 132 44
26 133 42
26 134 40
26 135 51
26 136 58
26 137 37
26 138 53
26 139 43
26 140 54
26 141 58
26 142 57
26 143 55
26 144 44
26 145 44
26 146 43
27 1 45
27 2 35
27 3 42
27 4 51
27 5 46
27 6 48
27 7 37
27 8 45
27 9 58
27 10 56
27 11 38
27 12 50
27 13 44
27 14 58
27 15 44
27 16 45
27 17 44
27 18 52
27 19 39
27 20 38
27 21 44
27 22 51
27 23 43
27 24 50
27 25 53
27 26 59
27 27 0
27 28 56
27 29 46
27 30 50
27 31 39
27 32 60
27 33 49
27 34 38
27 35 43
27 36 52
27 37 43
27 38 54
27 39 45
27 40 52
27 41 40
27 42 46
27 43 39
27 44 41
27 45 55
27 46 41
27 47 46
27 48 56
27 49 58
27 50 43
27 51 42
27 52 48
27 53 36
27 54 47
27 55 44
27 56 35
27 57 59
27 58 59
27 59 53
27 60 47
27 61 40
27 62 58
27 63 51
27 64 58
27 65 58
27 66 45
27 67 50
27 68 49
27 69 40
27 70 55
27 71 47
27 72 53
27 73 59
27 74 46
27 75 60
27 76 40
27 77 56
27 78 54
27 79 60
27 80 45
27 81 57
27 82 37
27 83 38
27 84 35
27 85 56
27 86 46
27 87 38
27 88 52
27 89 47
27 90 59
27 91 45
27 92 52
27 93 58
27 94 55
27 95 49
27 96 35
27 97 36
27 98 58
27 99 37
27 100 58
27 101 55
27 102 51
27 103 37
27 104 36
27 105 43
27 106 59
27 107 50
27 108 35
27 109 60
27 110 45
27 111 42
27 112 35
27 113 41
27 114 47
27 115 35
27 116 39
27 117 40
27 118 36
27 119 37
27 120 46
27 121 45
27 122 54
27 123 43
27 124 57
27 125 39
27 126 36
27 127 55
27 128 50
27 129 36
27 130 56
27 131 39
27 132 47
27 133 48
27 134 58
27 135 56
27 136 60
27 137 53
27 138 58
27 139 56
27 140 50
27 141 53
27 142 50
27 143 50
27 144 52
27 145 53
27 146 42
28 1 56
28 2 60
28 3 51
28 4 43
28 5 35
28 6 59
28 7 54
28 8 39
28 9 56
28 10 55
28 11 49
28 12 52
28 13 57
28 14 55
28 15 48
28 16 52
28 17 54
28 18 37
28 19 45
28 20 56
28 21 45
28 22 39
28 23 48
28 24 60
28 25 55
28 26 50
28 27 40
28 28 0
28 29 45
28 30 56
28 31 59
28 32 45
28 33 38
28 34 35
28 35 54
28 36 40
28 37 50
28 38 58
28 39 57
28 40 38
28 41 52
28 42 41
28 43 37
28 44 52
28 45 44
28 46 56
28 47 58
28 48 49
28 49 53
28 50 50
28 51 42
28 52 58
28 53 43
28 54 56
28 55 52
28 56 46
28 57 53
28 58 51
28 59 42
28 60 44
28 61 44
28 62 36
28 63 36
28 64 56
28 65 36
28 66 54
28 67 47
28 68 40
28 69 60
28 70 60
28 71 38
28 72 53
28 73 50
28 74 53
28 75 53
28 76 35
28 77 38
28 78 51
28 79 35
28 80 51
28 81 41
28 82 49
28 83 53
28 84 54
28 85 60
28 86 40
28 87 49
28 88 45
28 89 47
28 90 56
28 91 48
28 92 57
28 93 38
28 94 40
28 95 35
28 96 60
28 97 37
28 98 43
28 99 39
28 100 52
28 101 58
28 102 45
28 103 60
28 104 60
28 105 56
28 106 50
28 107 47
28 108 50
28 109 46
28 110 44
28 111 45
28 112 38
28 113 54
28 114 42
28 115 57
28 116 35
28 117 35
28 118 38
28 119 48
28 120 46
28 121 54
28 122 39
28 123 43
28 124 58
28 125 36
28 126 37
28 127 47
28 128 41
28 129 56
28 130 37
28 131 37
28 132 36
28 133 38
28 134 39
28 135 55
28 136 39
28 137 56
28 138 54
28 139 55
28 140 46
28 141 45
28 142 60
28 143 53
28 144 42
28 145 53
28 146 36
29 1 39
29 2 44
29 3 51
29 4 43
29 5 52
29 6 37
29 7 57
29 8 42
29 9 47
29 10 50
29 11 51
29 12 51
29 13 47
29 14 43
29 15 49
29 16 50
29 17 38
29 18 54
29 19 48
29 20 40
29 21 53
29 22 37
29 23 59
29 24 60
29 25 59
29 26 43
29 27 35
29 28 44
29 29 0
29 30 44
29 31 40
29 32 53
29 33 40
29 34 51
29 35 40
29 36 41
29 37 59
29 38 48
29 39 49
29 40 53
29 41 48
29 42 35
29 43 39
29 44 58
29 45 35
29 46 38
29 47 56
29 48 57
29 49 53
29 50 44
29 51 57
29 52 49
29 53 55
29 54 55
29 55 36
29 56 47
29 57 37
29 58 39
29 59 39
29 60 48
29 61 38
29 62 59
29 63 43
29 64 47
29 65 54
29 66 48
29 67 54
29 68 36
29 69 52
29 70 42
29 71 36
29 72 58
29 73 51
29 74 37
29 75 55
29 76 54
29 77 50
29 78 49
29 79 60
29 80 51
29 81 46
29 82 54
29 83 59
29 84 46
29 85 40
29 86 35
29 87 44
29 88 49
29 89 49
29 90 53
29 91 36
29 92 59
29 93 54
29 94 60
29 95 37
29 96 58
29 97 42
29 98 36
29 99 40
29 100 53
29 101 43
29 102 46
29 103 51
29 104 44
29 105 45
29 106 45
29 107 45
29 108 54
29 109 54
29 110 58
29 111 48
29 112 36
29 113 49
29 114 45
29 115 43
29 116 40
29 117 46
29 118 48
29 119 40
29 120 44
29 121 59
29 122 36
29 123 58
29 124 45
29 125 55
29 126 60
29 127 53
29 128 43
29 129 36
29 130 60
29 131 48
29 132 59
29 133 56
29 134 51
29 135 45
29 136 54
29 137 36
29 138 59
29 139 38
29 140 60
29 141 59
29 142 51
29 143 59
29 144 58
29 145 38
29 146 43
30 1 36
30 2 45
30 3 40
30 4 60
30 5 39
30 6 38
30 7 53
30 8 60
30 9 37
30 10 42
30 11 45
30 12 35
30 13 47
30 14 44
30 15 38
30 16 58
30 17 40
30 18 41
30 19 45
30 20 45
30 21 50
30 22 55
30 23 55
30 24 37
30 25 39
30 26 54
30 27 52
30 28 41
30 29 36
30 30 0
30 31 37
30 32 36
30 33 58
30 34 48
30 35 45
30 36 44
30 37 47
30 38 52
30 39 43
30 40 42
30 41 59
30 42 37
30 43 37
30 44 48
30 45 53
30 46 55
30 47 52
30 48 45
30 49 51
30 50 49
30 51 41
30 52 46
30 53 57
30 54 40
30 55 38
30 56 44
30 57 51
30 58 41
30 59 59
30 60 35
30 61 40
30 62 37
30 63 36
30 64 39
30 65 45
30 66 37
30 67 59
30 68 42
30 69 60
30 70 38
30 71 47
30 72 59
30 73 42
30 74 50
30 75 44
30 76 49
30 77 47
30 78 48
30 79 51
30 80 55
30 81 50
30 82 58
30 83 54
30 84 43
30 85 38
30 86 48
30 87 38
30 88 57
30 89 59
30 90 53
30 91 47
30 92 58
30 93 54
30 94 48
30 95 53
30 96 36
30 97 57
30 98 44
30 99 38
30 100 37
30 101 52
30 102 55
30 103 60
30 104 41
30 105 36
30 106 43
30 107 40
30 108 58
30 109 41
30 110 46
30 111 59
30 112 39
30 113 50
30 114 59
30 115 55
30 116 55
30 117 49
30 118 53
30 119 35
30 120 38
30 121 59
30 122 38
30 123 48
30 124 36
30 125 50
30 126 58
30 127 53
30 128 52
30 129 45
30 130 43
30 131 50
30 132 53
30 133 52
30 134 50
30 135 39
30 136 36
30 137 52
30 138 59
30 139 55
30 140 56
30 141 40
30 142 54
30 143 38
30 144 42
30 145 55
30 146 36
31 1 57
31 2 36
31 3 43
31 4 57
31 5 57
31 6 44
31 7 60
31 8 36
31 9 37
31 10 46
31 11 55
31 12 60
31 13 48
31 14 53
31 15 46
31 16 36
31 17 48
31 18 46
31 19 40
31 20 51
31 21 37
31 22 35
31 23 41
31 24 40
31 25 48
31 26 50
31 27 55
31 28 57
31 29 52
31 30 47
31 31 0
31 32 36
31 33 52
31 34 47
31 35 50
31 36 60
31 37 54
31 38 56
31 39 45
31 40 56
31 41 38
31 42 42
31 43 42
31 44 51
31 45 52
31 46 55
31 47 36
31 48 40
31 49 50
31 50 48
31 51 50
31 52 49
31 53 50
31 54 38
31 55 57
31 56 48
31 57 49
31 58 54
31 59 44
31 60 48
31 61 53
31 62 41
31 63 59
31 64 35
31 65 41
31 66 60
31 67 38
31 68 40
31 69 55
31 70 45
31 71 57
31 72 45
31 73 46
31 74 42
31 75 44
31 76 54
31 77 39
31 78 48
31 79 53
31 80 43
31 81 60
31 82 50
31 83 60
31 84 57
31 85 41
31 86 45
31 87 36
31 88 60
31 89 38
31 90 56
31 91 36
31 92 36
31 93 56
31 94 56
31 95 39
31 96 59
31 97 50
31 98 49
31 99 44
31 100 36
31 101 58
31 102 35
31 103 40
31 104 44
31 105 48
31 106 47
31 107 50
31 108 54
31 109 57
31 110 48
31 111 40
31 112 45
31 113 57
31 114 60
31 115 57
31 116 53
31 117 47
31 118 45
31 119 48
31 120 53
31 121 60
31 122 50
31 123 44
31 124 45
31 125 44
31 126 49
31 127 50
31 128 47
31 129 58
31 130 49
31 131 55
31 132 51
31 133 38
31 134 59
31 135 55
31 136 47
31 137 58
31 138 57
31 139 38
31 140 49
31 141 56
31 142 38
31 143 54
31 144 46
31 145 48
31 146 46
32 1 52
32 2 39
32 3 60
32 4 38
32 5 41
32 6 38
32 7 42
32 8 46
32 9 47
32 10 39
32 11 46
32 12 43
32 13 42
32 14 42
32 15 49
32 16 45
32 17 47
32 18 57
32 19 48
32 20 38
32 21 50
32 22 42
32 23 54
32 24 48
32 25 51
32 26 37
32 27 54
32 28 42
32 29 57
32 30 44
32 31 47
32 32 0
32 33 35
32 34 56
32 35 43
32 36 42
32 37 47
32 38 51
32 39 44
32 40 37
32 41 59
32 42 52
32 43 59
32 44 35
32 45 45
32 46 55
32 47 49
32 48 35
32 49 51
32 50 51
32 51 47
32 52 35
32 53 56
32 54 55
32 55 45
32 56 45
32 57 43
32 58 54
32 59 60
32 60 43
32 61 45
32 62 39
32 63 59
32 64 48
32 65 42
32 66 42
32 67 51
32 68 35
32 69 58
32 70 47
32 71 41
32 72 47
32 73 35
32 74 51
32 75 56
32 76 58
32 77 35
32 78 52
32 79 38
32 80 44
32 81 50
32 82 51
32 83 58
32 84 46
32 85 36
32 86 44
32 87 36
32 88 47
32 89 55
32 90 48
32 91 59
32 92 48
32 93 49
32 94 58
32 95 53
32 96 59
32 97 40
32 98 50
32 99 59
32 100 47
32 101 56
32 102 40
32 103 55
32 104 43
32 105 54
32 106 53
32 107 38
32 108 35
32 109 38
32 110 40
32 111 35
32 112 36
32 113 43
32 114 56
32 115 50
32 116 49
32 117 35
32 118 43
32 119 42
32 120 48
32 121 44
32 122 37
32 123 44
32 124 53
32 125 46
32 126 37
32 127 40
32 128 39
32 129 48
32 130 36
32 131 54
32 132 37
32 133 58
32 134 57
32 135 50
32 136 53
32 137 46
32 138 55
32 139 40
32 140 55
32 141 53
32 142 42
32 143 46
32 144 43
32 145 60
32 146 56
33 1 59
33 2 49
33 3 42
33 4 48
33 5 36
33 6 53
33 7 59
33 8 36
33 9 37
33 10 53
33 11 42
33 12 54
33 13 57
33 14 60
33 15 42
33 16 46
33 17 47
33 18 53
33 19 38
33 20 38
33 21 53
33 22 56
33 23 57
33 24 54
33 25 36
33 26 55
33 27 44
33 28 60
33 29 60
33 30 58
33 31 49
33 32 39
33 33 0
33 34 50
33 35 59
33 36 58
33 37 57
33 38 49
33 39 52
33 40 41
33 41 42
33 42 56
33 43 35
33 44 39
33 45 49
33 46 57
33 47 36
33 48 43
33 49 41
33 50 43
33 51 47
33 52 43
33 53 43
33 54 43
33 55 41
33 56 36
33 57 57
33 58 49
33 59 59
33 60 50
33 61 47
33 62 58
33 63 45
33 64 58
33 65 47
33 66 50
33 67 49
33 68 56
33 69 46
33 70 48
33 71 54
33 72 55
33 73 38
33 74 40
33 75 39
33 76 48
33 77 58
33 78 37
33 79 48
33 80 54
33 81 58
33 82 58
33 83 59
33 84 48
33 85 38
33 86 43
33 87 49
33 88 36
33 89 60
33 90 48
33 91 39
33 92 57
33 93 55
33 94 59
33 95 37
33 96 53
33 97 53
33 98 45
33 99 50
33 100 59
33 101 57
33 102 46
33 103 50
33 104 40
33 105 38
33 106 57
33 107 43
33 108 50
33 109 50
33 110 57
33 111 56
33 112 43
33 113 53
33 114 58
33 115 58
33 116 45
33 117 47
33 118 39
33 119 40
33 120 59
33 121 56
33 122 47
33 123 53
33 124 40
33 125 51
33 126 35
33 127 44
33 128 36
33 129 35
33 130 55
33 131 48
33 132 57
33 133 57
33 134 57
33 135 39
33 136 51
33 137 48
33 138 38
33 139 55
33 140 51
33 141 44
33 142 54
33 143 60
33 144 45
33 145 56
33 146 55
34 1 39
34 2 47
34 3 44
34 4 53
34 5 39
34 6 59
34 7 39
34 8 45
34 9 56
34 10 35
34 11 55
34 12 57
34 13 51
34 14 35
34 15 36
34 16 53
34 17 47
34 18 39
34 19 49
34 20 38
34 21 60
34 22 44
34 23 38
34 24 51
34 25 53
34 26 49
34 27 39
34 28 50
34 29 49
34 30 60
34 31 57
34 32 49
34 33 48
34 34 0
34 35 54
34 36 47
34 37 44
34 38 44
34 39 51
34 40 56
34 41 48
34 42 48
34 43 59
34 44 50
34 45 58
34 46 35
34 47 36
34 48 37
34 49 55
34 50 36
34 51 56
34 52 53
34 53 38
34 54 43
34 55 54
34 56 59
34 57 53
34 58 39
34 59 46
34 60 39
34 61 38
34 62 58
34 63 58
34 64 44
34 65 36
34 66 51
34 67 52
34 68 45
34 69 53
34 70 58
34 71 43
34 72 51
34 73 55
34 74 37
34 75 56
34 76 53
34 77 59
34 78 50
34 79 53
34 80 44
34 81 48
34 82 40
34 83 47
34 84 37
34 85 52
34 86 52
34 87 46
34 88 37
34 89 37
34 90 51
34 91 58
34 92 52
34 93 50
34 94 37
34 95 36
34 96 42
34 97 54
34 98 59
34 99 43
34 100 35
34 101 35
34 102 49
34 103 38
34 104 38
34 105 52
34 106 56
34 107 35
34 108 52
34 109 38
34 110 58
34 111 58
34 112 44
34 113 46
34 114 47
34 115 53
34 116 49
34 117 52
34 118 46
34 119 44
34 120 43
34 121 59
34 122 37
34 123 47
34 124 37
34 125 48
34 126 39
34 127 42
34 128 41
34 129 59
34 130 47
34 131 47
34 132 52
34 133 52
34 134 59
34 135 56
34 136 58
34 137 56
34 138 47
34 139 47
34 140 59
34 141 36
34 142 40
34 143 53
34 144 50
34 145 39
34 146 51
35 1 35
35 2 53
35 3 59
35 4 48
35 5 60
35 6 46
35 7 51
35 8 57
35 9 56
35 10 48
35 11 42
35 12 37
35 13 42
35 14 54
35 15 51
35 16 35
35 17 40
35 18 41
35 19 44
35 20 57
35 21 55
35 22 37
35 23 36
35 24 54
35 25 45
35 26 50
35 27 50
35 28 42
35 29 60
35 30 59
35 31 43
35 32 56
35 33 54
35 34 50
35 35 0
35 36 53
35 37 52
35 38 49
35 39 55
35 40 42
35 41 51
35 42 42
35 43 35
35 44 37
35 45 52
35 46 43
35 47 49
35 48 51
35 49 58
35 50 39
35 51 42
35 52 41
35 53 45
35 54 53
35 55 60
35 56 57
35 57 51
35 58 53
35 59 37
35 60 48
35 61 51
35 62 37
35 63 45
35 64 47
35 65 58
35 66 35
35 67 38
35 68 39
35 69 45
35 70 60
35 71 43
35 72 55
35 73 37
35 74 48
35 75 37
35 76 55
35 77 45
35 78 44
35 79 57
35 80 35
35 81 38
35 82 52
35 83 57
35 84 56
35 85 49
35 86 44
35 87 56
35 88 50
35 89 37
35 90 47
35 91 52
35 92 54
35 93 43
35 94 48
35 95 36
35 96 51
35 97 49
35 98 46
35 99 53
35 100 48
35 101 36
35 102 45
35 103 48
35 104 37
35 105 41
35 106 39
35 107 36
35 108 38
35 109 52
35 110 39
35 111 52
35 112 55
35 113 54
35 114 45
35 115 42
35 116 52
35 117 42
35 118 45
35 119 50
35 120 45
35 121 47
35 122 40
35 123 48
35 124 60
35 125 35
35 126 35
35 127 36
35 128 54
35 129 51
35 130 42
35 131 46
35 132 48
35 133 49
35 134 44
35 135 48
35 136 46
35 137 46
35 138 43
35 139 57
35 140 58
35 141 55
35 142 38
35 143 56
35 144 43
35 145 47
35 146 50
36 1 50
36 2 57
36 3 41
36 4 39
36 5 51
36 6 43
36 7 41
36 8 45
36 9 53
36 10 46
36 11 54
36 12 35
36 13 45
36 14 53
36 15 39
36 16 57
36 17 37
36 18 43
36 19 49
36 20 55
36 21 42
36 22 39
36 23 46
36 24 39
36 25 50
36 26 44
36 27 59
36 28 59
36 29 58
36 30 38
36 31 50
36 32 55
36 33 37
36 34 45
36 35 51
36 36 0
36 37 52
36 38 51
36 39 40
36 40 43
36 41 42
36 42 53
36 43 48
36 44 52
36 45 56
36 46 59
36 47 47
36 48 48
36 49 37
36 50 46
36 51 47
36 52 36
36 53 42
36 54 47
36 55 60
36 56 58
36 57 53
36 58 59
36 59 50
36 60 48
36 61 39
36 62 57
36 63 44
36 64 36
36 65 52
36 66 49
36 67 37
36 68 47
36 69 51
36 70 56
36 71 49
36 72 52
36 73 47
36 74 44
36 75 37
36 76 48
36 77 52
36 78 59
36 79 60
36 80 50
36 81 46
36 82 59
36 83 36
36 84 47
36 85 35
36 86 51
36 87 54
36 88 53
36 89 59
36 90 44
36 91 58
36 92 40
36 93 45
36 94 46
36 95 38
36 96 49
36 97 53
36 98 47
36 99 49
36 100 45
36 101 43
36 102 51
36 103 42
36 104 57
36 105 54
36 106 37
36 107 44
36 108 50
36 109 45
36 110 51
36 111 35
36 112 54
36 113 37
36 114 56
36 115 41
36 116 46
36 117 58
36 118 40
36 119 48
36 120 56
36 121 59
36 122 51
36 123 53
36 124 43
36 125 51
36 126 37
36 127 55
36 128 45
36 129 36
36 130 36
36 131 43
36 132 60
36 133 50
36 134 46
36 135 58
36 136 39
36 137 36
36 138 47
36 139 55
36 140 44
36 141 51
36 142 41
36 143 56
36 144 53
36 145 48
36 146 41
37 1 37
37 2 39
37 3 51
37 4 45
37 5 37
37 6 43
37 7 40
37 8 54
37 9 40
37 10 38
37 11 53
37 12 53
37 13 42
37 14 44
37 15 49
37 16 56
37 17 48
37 18 37
37 19 44
37 20 45
37 21 59
37 22 53
37 23 50
37 24 35
37 25 57
37 26 49
37 27 58
37 28 47
37 29 38
37 30 57
37 31 45
37 32 35
37 33 35
37 34 59
37 35 41
37 36 45
37 37 0
37 38 48
37 39 50
37 40 58
37 41 39
37 42 48
37 43 50
37 44 51
37 45 60
37 46 41
37 47 57
37 48 49
37 49 50
37 50 52
37 51 43
37 52 38
37 53 60
37 54 38
37 55 52
37 56 55
37 57 46
37 58 58
37 59 39
37 60 58
37 61 56
37 62 60
37 63 41
37 64 37
37 65 43
37 66 59
37 67 49
37 68 36
37 69 57
37 70 55
37 71 60
37 72 41
37 73 46
37 74 38
37 75 41
37 76 49
37 77 51
37 78 42
37 79 45
37 80 37
37 81 47
37 82 46
37 83 50
37 84 38
37 85 47
37 86 43
37 87 39
37 88 38
37 89 47
37 90 57
37 91 60
37 92 47
37 93 36
37 94 41
37 95 46
37 96 38
37 97 38
37 98 40
37 99 52
37 100 38
37 101 53
37 102 58
37 103 55
37 104 37
37 105 37
37 106 40
37 107 57
37 108 49
37 109 45
37 110 57
37 111 50
37 112 56
37 113 55
37 114 47
37 115 42
37 116 52
37 117 51
37 118 48
37 119 60
37 120 36
37 121 52
37 122 60
37 123 39
37 124 49
37 125 48
37 126 52
37 127 52
37 128 48
37 129 44
37 130 38
37 131 46
37 132 44
37 133 35
37 134 44
37 135 53
37 136 56
37 137 37
37 138 60
37 139 52
37 140 59
37 141 46
37 142 43
37 143 40
37 144 44
37 145 50
37 146 39
38 1 42
38 2 50
38 3 58
38 4 43
38 5 57
38 6 55
38 7 52
38 8 36
38 9 49
38 10 50
38 11 47
38 12 55
38 13 41
38 14 38
38 15 52
38 16 47
38 17 55
38 18 56
38 19 50
38 20 36
38 21 58
38 22 49
38 23 54
38 24 35
38 25 49
38 26 35
38 27 44
38 28 56
38 29 38
38 30 38
38 31 43
38 32 39
38 33 35
38 34 37
38 35 59
38 36 46
38 37 36
38 38 0
38 39 51
38 40 52
38 41 36
38 42 42
38 43 52
38 44 60
38 45 38
38 46 39
38 47 56
38 48 52
38 49 49
38 50 36
38 51 47
38 52 53
38 53 40
38 54 50
38 55 57
38 56 59
38 57 37
38 58 38
38 59 53
38 60 44
38 61 47
38 62 41
38 63 35
38 64 58
38 65 59
38 66 47
38 67 36
38 68 45
38 69 59
38 70 43
38 71 47
38 72 49
38 73 45
38 74 52
38 75 48
38 76 48
38 77 44
38 78 55
38 79 52
38 80 40
38 81 60
38 82 52
38 83 60
38 84 40
38 85 41
38 86 47
38 87 46
38 88 54
38 89 37
38 90 35
38 91 55
38 92 59
38 93 54
38 94 36
38 95 43
38 96 47
38 97 49
38 98 36
38 99 40
38 100 50
38 101 55
38 102 46
38 103 36
38 104 50
38 105 41
38 106 44
38 107 42
38 108 47
38 109 36
38 110 43
38 111 51
38 112 41
38 113 44
38 114 57
38 115 53
38 116 51
38 117 49
38 118 36
38 119 56
38 120 43
38 121 47
38 122 53
38 123 45
38 124 60
38 125 38
38 126 44
38 127 57
38 128 45
38 129 53
38 130 46
38 131 35
38 132 59
38 133 36
38 134 54
38 135 43
38 136 54
38 137 55
38 138 42
38 139 60
38 140 35
38 141 35
38 142 57
38 143 55
38 144 46
38 145 45
38 146 50
39 1 60
39 2 45
39 3 53
39 4 55
39 5 44
39 6 43
39 7 40
39 8 50
39 9 42
39 10 56
39 11 45
39 12 60
39 13 58
39 14 42
39 15 46
39 16 44
39 17 37
39 18 53
39 19 44
39 20 43
39 21 49
39 22 58
39 23 52
39 24 50
39 25 42
39 26 60
39 27 48
39 28 38
39 29 51
39 30 53
39 31 59
39 32 52
39 33 58
39 34 50
39 35 44
39 36 51
39 37 35
39 38 43
39 39 0
39 40 56
39 41 56
39 42 45
39 43 48
39 44 52
39 45 43
39 46 52
39 47 39
39 48 50
39 49 46
39 50 37
39 51 44
39 52 56
39 53 53
39 54 42
39 55 51
39 56 40
39 57 46
39 58 46
39 59 38
39 60 54
39 61 55
39 62 39
39 63 58
39 64 54
39 65 50
39 66 60
39 67 44
39 68 56
39 69 47
39 70 56
39 71 42
39 72 45
39 73 54
39 74 39
39 75 51
39 76 37
39 77 58
39 78 46
39 79 40
39 80 35
39 81 36
39 82 60
39 83 47
39 84 45
39 85 36
39 86 39
39 87 46
39 88 56
39 89 55
39 90 59
39 91 52
39 92 49
39 93 59
39 94 37
39 95 52
39 96 36
39 97 58
39 98 37
39 99 51
39 100 53
39 101 45
39 102 53
39 103 51
39 104 50
39 105 39
39 106 46
39 107 44
39 108 37
39 109 48
39 110 59
39 111 39
39 112 40
39 113 36
39 114 45
39 115 50
39 116 58
39 117 46
39 118 51
39 119 57
39 120 36
39 121 45
39 122 37
39 123 55
39 124 35
39 125 59
39 126 56
39 127 51
39 128 50
39 129 35
39 130 56
39 131 47
39 132 46
39 133 35
39 134 45
39 135 52
39 136 41
39 137 39
39 138 45
39 139 40
39 140 46
39 141 47
39 142 57
39 143 35
39 144 49
39 145 45
39 146 45
40 1 49
40 2 59
40 3 35
40 4 48
40 5 54
40 6 35
40 7 58
40 8 55
40 9 40
40 10 40
40 11 39
40 12 39
40 13 51
40 14 38
40 15 40
40 16 49
40 17 54
40 18 46
40 19 45
40 20 57
40 21 43
40 22 46
40 23 35
40 24 50
40 25 35
40 26 48
40 27 44
40 28 44
40 29 37
40 30 55
40 31 37
40 32 47
40 33 58
40 34 44
40 35 40
40 36 54
40 37 44
40 38 55
40 39 60
40 40 0
40 41 54
40 42 48
40 43 35
40 44 41
40 45 54
40 46 38
40 47 53
40 48 35
40 49 60
40 50 48
40 51 39
40 52 56
40 53 43
40 54 41
40 55 56
40 56 57
40 57 37
40 58 38
40 59 36
40 60 44
40 61 39
40 62 55
40 63 58
40 64 53
40 65 53
40 66 44
40 67 52
40 68 46
40 69 41
40 70 37
40 71 46
40 72 39
40 73 55
40 74 48
40 75 42
40 76 58
40 77 44
40 78 55
40 79 41
40 80 55
40 81 36
40 82 51
40 83 50
40 84 53
40 85 42
40 86 37
40 87 45
40 88 50
40 89 39
40 90 39
40 91 57
40 92 49
40 93 51
40 94 44
40 95 38
40 96 60
40 97 59
40 98 49
40 99 60
40 100 50
40 101 49
40 102 46
40 103 42
40 104 59
40 105 47
40 106 47
40 107 47
40 108 48
40 109 40
40 110 49
40 111 59
40 112 36
40 113 48
40 114 36
40 115 39
40 116 49
40 117 36
40 118 50
40 119 38
40 120 37
40 121 49
40 122 48
40 123 40
40 124 56
40 125 58
40 126 36
40 127 44
40 128 44
40 129 60
40 130 50
40 131 43
40 132 60
40 133 41
40 134 49
40 135 37
40 136 45
40 137 35
40 138 42
40 139 50
40 140 59
40 141 60
40 142 47
40 143 51
40 144 50
40 145 35
40 146 46
41 1 37
41 2 47
41 3 47
41 4 58
41 5 35
41 6 60
41 7 57
41 8 47
41 9 59
41 10 37
41 11 58
41 12 43
41 13 39
41 14 55
41 15 56
41 16 44
41 17 52
41 18 39
41 19 57
41 20 54
41 21 59
41 22 56
41 23 59
41 24 55
41 25 56
41 26 49
41 27 48
41 28 45
41 29 40
41 30 58
41 31 50
41 32 59
41 33 54
41 34 40
41 35 54
41 36 43
41 37 60
41 38 43
41 39 50
41 40 49
41 41 0
41 42 52
41 43 57
41 44 38
41 45 39
41 46 44
41 47 40
41 48 35
41 49 48
41 50 47
41 51 56
41 52 42
41 53 53
41 54 37
41 55 52
41 56 52
41 57 43
41 58 45
41 59 48
41 60 36
41 61 54
41 62 51
41 63 56
41 64 47
41 65 36
41 66 47
41 67 47
41 68 54
41 69 39
41 70 52
41 71 50
41 72 51
41 73 58
41 74 52
41 75 43
41 76 40
41 77 44
41 78 52
41 79 57
41 80 52
41 81 57
41 82 50
41 83 51
41 84 47
41 85 37
41 86 51
41 87 46
41 88 42
41 89 57
41 90 42
41 91 53
41 92 40
41 93 40
41 94 59
41 95 45
41 96 46
41 97 56
41 98 52
41 99 53
41 100 58
41 101 59
41 102 43
41 103 47
41 104 50
41 105 43
41 106 43
41 107 56
41 108 53
41 109 48
41 110 37
41 111 46
41 112 44
41 113 46
41 114 46
41 115 35
41 116 47
41 117 39
41 118 58
41 119 42
41 120 55
41 121 47
41 122 41
41 123 49
41 124 51
41 125 58
41 126 36
41 127 37
41 128 51
41 129 44
41 130 39
41 131 52
41 132 48
41 133 39
41 134 55
41 135 53
41 136 57
41 137 40
41 138 49
41 139 41
41 140 43
41 141 48
41 142 58
41 143 40
41 144 58
41 145 56
41 146 41
42 1 56
42 2 47
42 3 49
42 4 42
42 5 43
42 6 49
42 7 60
42 8 42
42 9 45
42 10 57
42 11 52
42 12 48
42 13 40
42 14 41
42 15 60
42 16 52
42 17 43
42 18 44
42 19 56
42 20 45
42 21 59
42 22 60
42 23 42
42 24 56
42 25 56
42 26 47
42 27 56
42 28 36
42 29 50
42 30 41
42 31 42
42 32 48
42 33 59
42 34 49
42 35 43
42 36 47
42 37 35
42 38 47
42 39 50
42 40 59
42 41 50
42 42 0
42 43 43
42 44 47
42 45 56
42 46 60
42 47 47
42 48 36
42 49 56
42 50 51
42 51 47
42 52 46
42 53 54
42 54 55
42 55 56
42 56 53
42 57 55
42 58 39
42 59 60
42 60 60
42 61 55
42 62 56
42 63 60
42 64 36
42 65 55
42 66 39
42 67 59
42 68 45
42 69 54
42 70 58
42 71 47
42 72 47
42 73 56
42 74 57
42 75 48
42 76 53
42 77 53
42 78 49
42 79 39
42 80 36
42 81 39
42 82 44
42 83 54
42 84 42
42 85 60
42 86 49
42 87 45
42 88 50
42 89 58
42 90 60
42 91 50
42 92 51
42 93 41
42 94 42
42 95 49
42 96 35
42 97 38
42 98 54
42 99 60
42 100 59
42 101 37
42 102 56
42 103 43
42 104 43
42 105 38
42 106 43
42 107 42
42 108 35
42 109 44
42 110 43
42 111 55
42 112 52
42 113 48
42 114 49
42 115 49
42 116 51
42 117 38
42 118 53
42 119 56
42 120 60
42 121 40
42 122 43
42 123 44
42 124 53
42 125 59
42 126 47
42 127 35
42 128 55
42 129 36
42 130 56
42 131 47
42 132 45
42 133 57
42 134 41
42 135 50
42 136 60
42 137 42
42 138 43
42 139 52
42 140 39
42 141 40
42 142 44
42 143 39
42 144 53
42 145 36
42 146 45
43 1 58
43 2 56
43 3 56
43 4 59
43 5 49
43 6 60
43 7 48
43 8 54
43 9 59
43 10 52
43 11 35
43 12 58
43 13 36
43 14 35
43 15 54
43 16 43
43 17 60
43 18 38
43 19 55
43 20 45
43 21 41
43 22 47
43 23 36
43 24 56
43 25 53
43 26 50
43 27 43
43 28 49
43 29 54
43 30 42
43 31 36
43 32 46
43 33 35
43 34 50
43 35 55
43 36 35
43 37 50
43 38 37
43 39 55
43 40 60
43 41 43
43 42 39
43 43 0
43 44 59
43 45 35
43 46 47
43 47 42
43 48 44
43 49 49
43 50 54
43 51 56
43 52 37
43 53 55
43 54 42
43 55 58
43 56 40
43 57 60
43 58 58
43 59 57
43 60 47
43 61 41
43 62 48
43 63 45
43 64 38
43 65 58
43 66 46
43 67 49
43 68 44
43 69 36
43 70 56
43 71 59
43 72 48
43 73 41
43 74 58
43 75 36
43 76 47
43 77 51
43 78 52
43 79 54
43 80 44
43 81 39
43 82 39
43 83 39
43 84 47
43 85 44
43 86 52
43 87 54
43 88 38
43 89 46
43 90 45
43 91 38
43 92 59
43 93 38
43 94 59
43 95 57
43 96 35
43 97 42
43 98 51
43 99 47
43 100 46
43 101 53
43 102 37
43 103 56
43 104 44
43 105 38
43 106 45
43 107 55
43 108 49
43 109 44
43 110 40
43 111 53
43 112 41
43 113 43
43 114 44
43 115 43
43 116 58
43 117 58
43 118 55
43 119 50
43 120 38
43 121 42
43 122 37
43 123 37
43 124 48
43 125 54
43 126 37
43 127 56
43 128 58
43 129 37
43 130 36
43 131 44
43 132 55
43 133 57
43 134 42
43 135 60
43 136 39
43 137 40
43 138 47
43 139 51
43 140 42
43 141 45
43 142 57
43 143 54
43 144 57
43 145 38
43 146 37
44 1 52
44 2 50
44 3 51
44 4 42
44 5 54
44 6 44
44 7 39
44 8 38
44 9 44
44 10 53
44 11 53
44 12 35
44 13 50
44 14 50
44 15 58
44 16 36
44 17 58
44 18 50
44 19 49
44 20 56
44 21 56
44 22 55
44 23 57
44 24 43
44 25 49
44 26 41
44 27 56
44 28 60
44 29 38
44 30 35
44 31 52
44 32 60
44 33 55
44 34 40
44 35 36
44 36 46
44 37 56
44 38 56
44 39 37
44 40 45
44 41 51
44 42 59
44 43 39
44 44 0
44 45 44
44 46 48
44 47 51
44 48 42
44 49 37
44 50 50
44 51 35
44 52 48
44 53 50
44 54 59
44 55 46
44 56 49
44 57 35
44 58 46
44 59 41
44 60 56
44 61 50
44 62 42
44 63 40
44 64 55
44 65 36
44 66 58
44 67 56
44 68 48
44 69 46
44 70 44
44 71 52
44 72 49
44 73 58
44 74 41
44 75 52
44 76 60
44 77 40
44 78 38
44 79 35
44 80 39
44 81 36
44 82 59
44 83 42
44 84 48
44 85 55
44 86 60
44 87 35
44 88 60
44 89 37
44 90 57
44 91 46
44 92 37
44 93 42
44 94 36
44 95 47
44 96 44
44 97 37
44 98 46
44 99 53
44 100 40
44 101 37
44 102 57
44 103 59
44 104 42
44 105 40
44 106 49
44 107 48
44 108 38
44 109 57
44 110 51
44 111 44
44 112 40
44 113 49
44 114 38
44 115 44
44 116 55
44 117 43
44 118 45
44 119 48
44 120 54
44 121 36
44 122 56
44 123 54
44 124 58
44 125 58
44 126 43
44 127 48
44 128 35
44 129 39
44 130 45
44 131 51
44 132 47
44 133 56
44 134 38
44 135 58
44 136 44
44 137 55
44 138 60
44 139 44
44 140 46
44 141 60
44 142 49
44 143 55
44 144 58
44 145 37
44 146 56
45 1 40
45 2 59
45 3 37
45 4 58
45 5 42
45 6 35
45 7 44
45 8 48
45 9 37
45 10 35
45 11 45
45 12 52
45 13 56
45 14 50
45 15 47
45 16 58
45 17 60
45 18 48
45 19 38
45 20 44
45 21 57
45 22 36
45 23 36
45 24 53
45 25 49
45 26 52
45 27 44
45 28 48
45 29 45
45 30 38
45 31 39
45 32 59
45 33 60
45 34 60
45 35 51
45 36 46
45 37 42
45 38 35
45 39 47
45 40 57
45 41 56
45 42 58
45 43 50
45 44 37
45 45 0
45 46 42
45 47 38
45 48 56
45 49 47
45 50 45
45 51 57
45 52 56
45 53 52
45 54 55
45 55 46
45 56 42
45 57 38
45 58 40
45 59 42
45 60 47
45 61 60
45 62 59
45 63 51
45 64 59
45 65 46
45 66 51
45 67 55
45 68 52
45 69 38
45 70 38
45 71 49
45 72 56
45 73 39
45 74 42
45 75 55
45 76 52
45 77 50
45 78 54
45 79 44
45 80 60
45 81 58
45 82 56
45 83 56
45 84 58
45 85 43
45 86 41
45 87 37
45 88 38
45 89 56
45 90 47
45 91 49
45 92 37
45 93 52
45 94 51
45 95 43
45 96 42
45 97 49
45 98 60
45 99 54
45 100 53
45 101 42
45 102 40
45 103 42
45 104 52
45 105 46
45 106 51
45 107 53
45 108 59
45 109 49
45 110 50
45 111 38
45 112 57
45 113 54
45 114 51
45 115 44
45 116 44
45 117 40
45 118 36
45 119 37
45 120 49
45 121 35
45 122 48
45 123 43
45 124 37
45 125 38
45 126 44
45 127 48
45 128 52
45 129 49
45 130 59
45 131 55
45 132 59
45 133 59
45 134 52
45 135 56
45 136 43
45 137 55
45 138 54
45 139 44
45 140 50
45 141 36
45 142 42
45 143 49
45 144 50
45 145 54
45 146 43
46 1 37
46 2 45
46 3 49
46 4 54
46 5 46
46 6 46
46 7 56
46 8 55
46 9 53
46 10 60
46 11 42
46 12 43
46 13 54
46 14 56
46 15 59
46 16 43
46 17 52
46 18 48
46 19 37
46 20 56
46 21 49
46 22 46
46 23 50
46 24 42
46 25 44
46 26 48
46 27 53
46 28 35
46 29 39
46 30 46
46 31 54
46 32 46
46 33 45
46 34 57
46 35 54
46 36 41
46 37 46
46 38 54
46 39 49
46 40 60
46 41 45
46 42 48
46 43 46
46 44 42
46 45 54
46 46 0
46 47 43
46 48 50
46 49 40
46 50 37
46 51 47
46 52 41
46 53 40
46 54 48
46 55 47
46 56 38
46 57 51
46 58 42
46 59 42
46 60 56
46 61 37
46 62 57
46 63 56
46 64 41
46 65 44
46 66 43
46 67 59
46 68 40
46 69 58
46 70 43
46 71 58
46 72 50
46 73 36
46 74 49
46 75 45
46 76 56
46 77 57
46 78 54
46 79 44
46 80 53
46 81 35
46 82 53
46 83 48
46 84 40
46 85 59
46 86 38
46 87 58
46 88 47
46 89 57
46 90 59
46 91 43
46 92 57
46 93 50
46 94 37
46 95 57
46 96 40
46 97 35
46 98 49
46 99 46
46 100 51
46 101 47
46 102 47
46 103 50
46 104 36
46 105 56
46 106 49
46 107 39
46 108 36
46 109 35
46 110 44
46 111 36
46 112 57
46 113 45
46 114 42
46 115 55
46 116 52
46 117 39
46 118 57
46 119 60
46 120 55
46 121 47
46 122 55
46 123 55
46 124 42
46 125 60
46 126 53
46 127 40
46 128 36
46 129 59
46 130 47
46 131 43
46 132 60
46 133 39
46 134 44
46 135 58
46 136 36
46 137 42
46 138 51
46 139 50
46 140 49
46 141 42
46 142 51
46 143 37
46 144 50
46 145 59
46 146 47
47 1 55
47 2 48
47 3 50
47 4 44
47 5 54
47 6 58
47 7 51
47 8 55
47 9 57
47 10 57
47 11 40
47 12 40
47 13 40
47 14 47
47 15 41
47 16 59
47 17 60
47 18 55
47 19 47
47 20 56
47 21 55
47 22 48
47 23 51
47 24 50
47 25 57
47 26 50
47 27 47
47 28 58
47 29 37
47 30 51
47 31 59
47 32 53
47 33 43
47 34 51
47 35 48
47 36 38
47 37 48
47 38 37
47 39 49
47 40 36
47 41 42
47 42 51
47 43 50
47 44 35
47 45 38
47 46 46
47 47 0
47 48 43
47 49 55
47 50 55
47 51 51
47 52 39
47 53 45
47 54 56
47 55 44
47 56 48
47 57 45
47 58 40
47 59 37
47 60 43
47 61 53
47 62 52
47 63 53
47 64 55
47 65 44
47 66 54
47 67 49
47 68 50
47 69 35
47 70 42
47 71 46
47 72 42
47 73 53
47 74 55
47 75 46
47 76 51
47 77 58
47 78 45
47 79 56
47 80 55
47 81 40
47 82 49
47 83 39
47 84 56
47 85 59
47 86 47
47 87 54
47 88 49
47 89 47
47 90 54
47 91 48
47 92 48
47 93 60
47 94 47
47 95 45
47 96 57
47 97 50
47 98 58
47 99 45
47 100 51
47 101 42
47 102 51
47 103 35
47 104 43
47 105 41
47 106 54
47 107 56
47 108 49
47 109 48
47 110 52
47 111 59
47 112 44
47 113 52
47 114 36
47 115 44
47 116 55
47 117 47
47 118 43
47 119 38
47 120 49
47 121 38
47 122 47
47 123 36
47 124 40
47 125 43
47 126 35
47 127 44
47 128 41
47 129 45
47 130 42
47 131 35
47 132 40
47 133 46
47 134 60
47 135 55
47 136 58
47 137 44
47 138 40
47 139 37
47 140 57
47 141 39
47 142 60
47 143 48
47 144 55
47 145 42
47 146 51
48 1 56
48 2 46
48 3 51
48 4 36
48 5 58
48 6 57
48 7 47
48 8 44
48 9 36
48 10 48
48 11 35
48 12 35
48 13 45
48 14 48
48 15 54
48 16 52
48 17 56
48 18 54
48 19 48
48 20 52
48 21 37
48 22 49
48 23 58
48 24 60
48 25 46
48 26 41
48 27 54
48 28 60
48 29 48
48 30 55
48 31 54
48 32 55
48 33 39
48 34 53
48 35 43
48 36 47
48 37 41
48 38 39
48 39 41
48 40 55
48 41 42
48 42 48
48 43 37
48 44 54
48 45 57
48 46 51
48 47 47
48 48 0
48 49 39
48 50 43
48 51 37
48 52 53
48 53 36
48 54 50
48 55 41
48 56 46
48 57 53
48 58 51
48 59 53
48 60 59
48 61 35
48 62 55
48 63 58
48 64 53
48 65 42
48 66 56
48 67 37
48 68 48
48 69 39
48 70 55
48 71 36
48 72 55
48 73 52
48 74 50
48 75 55
48 76 58
48 77 50
48 78 54
48 79 50
48 80 45
48 81 56
48 82 53
48 83 43
48 84 40
48 85 47
48 86 44
48 87 48
48 88 60
48 89 57
48 90 35
48 91 48
48 92 41
48 93 58
48 94 49
48 95 52
48 96 54
48 97 55
48 98 41
48 99 60
48 100 45
48 101 52
48 102 38
48 103 53
48 104 43
48 105 57
48 106 39
48 107 52
48 108 45
48 109 46
48 110 43
48 111 52
48 112 54
48 113 41
48 114 57
48 115 35
48 116 35
48 117 52
48 118 51
48 119 48
48 120 53
48 121 56
48 122 56
48 123 53
48 124 37
48 125 54
48 126 57
48 127 51
48 128 49
48 129 37
48 130 58
48 131 56
48 132 42
48 133 52
48 134 53
48 135 59
48 136 54
48 137 36
48 138 58
48 139 42
48 140 37
48 141 53
48 142 45
48 143 51
48 144 59
48 145 59
48 146 37
49 1 59
49 2 45
49 3 59
49 4 58
49 5 42
49 6 37
49 7 40
49 8 39
49 9 55
49 10 59
49 11 51
49 12 50
49 13 59
49 14 46
49 15 43
49 16 49
49 17 45
49 18 41
49 19 35
49 20 35
49 21 35
49 22 54
49 23 53
49 24 52
49 25 43
49 26 55
49 27 46
49 28 56
49 29 45
49 30 49
49 31 38
49 32 40
49 33 40
49 34 60
49 35 37
49 36 40
49 37 52
49 38 47
49 39 55
49 40 45
49 41 60
49 42 59
49 43 56
49 44 58
49 45 47
49 46 43
49 47 50
49 48 46
49 49 0
49 50 42
49 51 41
49 52 50
49 53 52
49 54 42
49 55 40
49 56 46
49 57 50
49 58 57
49 59 50
49 60 56
49 61 52
49 62 55
49 63 44
49 64 53
49 65 56
49 66 46
49 67 40
49 68 42
49 69 49
49 70 35
49 71 36
49 72 46
49 73 55
49 74 55
49 75 54
49 76 44
49 77 45
49 78 58
49 79 39
49 80 37
49 81 42
49 82 49
49 83 53
49 84 42
49 85 41
49 86 41
49 87 50
49 88 56
49 89 36
49 90 42
49 91 47
49 92 45
49 93 53
49 94 60
49 95 46
49 96 49
49 97 48
49 98 51
49 99 56
49 100 57
49 101 52
49 102 47
49 103 60
49 104 60
49 105 57
49 106 38
49 107 41
49 108 58
49 109 52
49 110 57
49 111 45
49 112 46
49 113 35
49 114 44
49 115 38
49 116 42
49 117 52
49 118 52
49 119 56
49 120 54
49 121 35
49 122 47
49 123 56
49 124 39
49 125 57
49 126 44
49 127 46
49 128 45
49 129 58
49 130 42
49 131 47
49 132 51
49 133 44
49 134 38
49 135 50
49 136 52
49 137 35
49 138 53
49 139 47
49 140 53
49 141 55
49 142 54
49 143 60
49 144 60
49 145 55
49 146 55
50 1 44
50 2 55
50 3 55
50 4 55
50 5 56
50 6 36
50 7 51
50 8 53
50 9 50
50 10 37
50 11 38
50 12 41
50 13 35
50 14 46
50 15 47
50 16 42
50 17 49
50 18 58
50 19 38
50 20 43
50 21 56
50 22 50
50 23 54
50 24 53
50 25 58
50 26 53
50 27 47
50 28 54
50 29 46
50 30 57
50 31 49
50 32 56
50 33 52
50 34 56
50 35 60
50 36 42
50 37 49
50 38 37
50 39 47
50 40 42
50 41 54
50 42 54
50 43 47
50 44 57
50 45 57
50 46 49
50 47 58
50 48 49
50 49 50
50 50 0
50 51 54
50 52 41
50 53 47
50 54 54
50 55 57
50 56 57
50 57 56
50 58 53
50 59 58
50 60 55
50 61 59
50 62 38
50 63 59
50 64 50
50 65 35
50 66 41
50 67 60
50 68 37
50 69 35
50 70 52
50 71 35
50 72 38
50 73 51
50 74 52
50 75 56
50 76 41
50 77 39
50 78 53
50 79 44
50 80 47
50 81 53
50 82 56
50 83 44
50 84 35
50 85 57
50 86 36
50 87 42
50 88 42
50 89 60
50 90 44
50 91 44
50 92 57
50 93 56
50 94 41
50 95 38
50 96 35
50 97 59
50 98 50
50 99 37
50 100 38
50 101 42
50 102 56
50 103 42
50 104 44
50 105 35
50 106 57
50 107 50
50 108 49
50 109 44
50 110 44
50 111 42
50 112 42
50 113 53
50 114 42
50 115 52
50 116 38
50 117 45
50 118 51
50 119 60
50 120 59
50 121 45
50 122 45
50 123 50
50 124 35
50 125 46
50 126 50
50 127 51
50 128 49
50 129 46
50 130 54
50 131 46
50 132 54
50 133 51
50 134 59
50 135 51
50 136 55
50 137 38
50 138 35
50 139 53
50 140 47
50 141 50
50 142 55
50 143 54
50 144 42
50 145 35
50 146 37
51 1 45
51 2 52
51 3 41
51 4 46
51 5 43
51 6 44
51 7 45
51 8 60
51 9 56
51 10 44
51 11 56
51 12 41
51 13 54
51 14 51
51 15 37
51 16 57
51 17 36
51 18 51
51 19 51
51 20 37
51 21 51
51 22 50
51 23 43
51 24 50
51 25 44
51 26 39
51 27 37
51 28 59
51 29 41
51 30 48
51 31 52
51 32 43
51 33 47
51 34 56
51 35 60
51 36 49
51 37 59
51 38 57
51 39 50
51 40 40
51 41 60
51 42 53
51 43 40
51 44 53
51 45 52
51 46 37
51 47 59
51 48 45
51 49 43
51 50 39
51 51 0
51 52 44
51 53 49
51 54 45
51 55 56
51 56 50
51 57 50
51 58 43
51 59 54
51 60 36
51 61 54
51 62 54
51 63 47
51 64 41
51 65 48
51 66 53
51 67 38
51 68 42
51 69 59
51 70 57
51 71 46
51 72 51
51 73 46
51 74 35
51 75 45
51 76 44
51 77 35
51 78 55
51 79 58
51 80 38
51 81 51
51 82 35
51 83 56
51 84 60
51 85 53
51 86 60
51 87 49
51 88 58
51 89 43
51 90 47
51 91 37
51 92 53
51 93 43
51 94 43
51 95 48
51 96 48
51 97 46
51 98 38
51 99 36
51 100 36
51 101 56
51 102 48
51 103 54
51 104 50
51 105 37
51 106 39
51 107 59
51 108 36
51 109 44
51 110 41
51 111 42
51 112 49
51 113 58
51 114 54
51 115 46
51 116 57
51 117 38
51 118 40
51 119 48
51 120 47
51 121 45
51 122 43
51 123 36
51 124 53
51 125 36
51 126 47
51 127 41
51 128 60
51 129 35
51 130 43
51 131 48
51 132 42
51 133 46
51 134 54
51 135 49
51 136 60
51 137 43
51 138 52
51 139 49
51 140 43
51 141 36
51 142 46
51 143 40
51 144 43
51 145 44
51 146 54
52 1 45
52 2 45
52 3 47
52 4 45
52 5 54
52 6 47
52 7 45
52 8 47
52 9 53
52 10 48
52 11 56
52 12 58
52 13 47
52 14 44
52 15 47
52 16 51
52 17 60
52 18 51
52 19 35
52 20 41
52 21 38
52 22 44
52 23 59
52 24 41
52 25 36
52 26 56
52 27 54
52 28 55
52 29 54
52 30 57
52 31 58
52 32 50
52 33 49
52 34 58
52 35 51
52 36 57
52 37 42
52 38 42
52 39 36
52 40 60
52 41 47
52 42 45
52 43 59
52 44 55
52 45 42
52 46 60
52 47 35
52 48 38
52 49 54
52 50 42
52 51 47
52 52 0
52 53 60
52 54 35
52 55 36
52 56 56
52 57 47
52 58 47
52 59 60
52 60 48
52 61 55
52 62 40
52 63 55
52 64 52
52 65 37
52 66 52
52 67 56
52 68 40
52 69 56
52 70 60
52 71 59
52 72 38
52 73 41
52 74 39
52 75 59
52 76 45
52 77 53
52 78 40
52 79 51
52 80 48
52 81 44
52 82 56
52 83 49
52 84 43
52 85 54
52 86 55
52 87 36
52 88 47
52 89 52
52 90 40
52 91 58
52 92 49
52 93 53
52 94 47
52 95 38
52 96 52
52 97 41
52 98 36
52 99 46
52 100 57
52 101 38
52 102 58
52 103 37
52 104 58
52 105 56
52 106 59
52 107 56
52 108 36
52 109 45
52 110 39
52 111 48
52 112 59
52 113 46
52 114 48
52 115 45
52 116 39
52 117 56
52 118 54
52 119 54
52 120 40
52 121 40
52 122 51
52 123 49
52 124 48
52 125 36
52 126 54
52 127 36
52 128 60
52 129 50
52 130 51
52 131 47
52 132 58
52 133 60
52 134 58
52 135 47
52 136 59
52 137 47
52 138 56
52 139 44
52 140 39
52 141 57
52 142 45
52 143 50
52 144 54
52 145 44
52 146 42
53 1 40
53 2 45
53 3 38
53 4 37
53 5 43
53 6 58
53 7 58
53 8 60
53 9 40
53 10 36
53 11 51
53 12 44
53 13 43
53 14 60
53 15 59
53 16 55
53 17 60
53 18 41
53 19 60
53 20 50
53 21 48
53 22 60
53 23 59
53 24 58
53 25 39
53 26 46
53 27 45
53 28 43
53 29 52
53 30 39
53 31 36
53 32 43
53 33 35
53 34 35
53 35 54
53 36 38
53 37 56
53 38 37
53 39 46
53 40 45
53 41 52
53 42 53
53 43 44
53 44 41
53 45 46
53 46 47
53 47 52
53 48 52
53 49 37
53 50 56
53 51 51
53 52 44
53 53 0
53 54 36
53 55 56
53 56 58
53 57 39
53 58 35
53 59 51
53 60 44
53 61 59
53 62 58
53 63 36
53 64 58
53 65 43
53 66 35
53 67 45
53 68 49
53 69 35
53 70 52
53 71 60
53 72 49
53 73 51
53 74 49
53 75 39
53 76 56
53 77 47
53 78 46
53 79 47
53 80 35
53 81 35
53 82 56
53 83 42
53 84 58
53 85 38
53 86 43
53 87 41
53 88 52
53 89 49
53 90 52
53 91 60
53 92 43
53 93 37
53 94 58
53 95 46
53 96 40
53 97 49
53 98 45
53 99 57
53 100 42
53 101 35
53 102 46
53 103 48
53 104 58
53 105 51
53 106 45
53 107 60
53 108 55
53 109 50
53 110 40
53 111 42
53 112 48
53 113 60
53 114 39
53 115 42
53 116 37
53 117 50
53 118 45
53 119 35
53 120 55
53 121 44
53 122 57
53 123 59
53 124 48
53 125 38
53 126 55
53 127 42
53 128 40
53 129 45
53 130 60
53 131 56
53 132 36
53 133 37
53 134 60
53 135 39
53 136 57
53 137 59
53 138 35
53 139 44
53 140 48
53 141 51
53 142 49
53 143 45
53 144 36
53 145 60
53 146 59
54 1 44
54 2 51
54 3 42
54 4 50
54 5 50
54 6 49
54 7 42
54 8 37
54 9 37
54 10 50
54 11 48
54 12 55
54 13 46
54 14 47
54 15 37
54 16 52
54 17 57
54 18 52
54 19 42
54 20 57
54 21 53
54 22 48
54 23 52
54 24 53
54 25 60
54 26 39
54 27 46
54 28 35
54 29 35
54 30 60
54 31 59
54 32 56
54 33 52
54 34 43
54 35 54
54 36 37
54 37 53
54 38 38
54 39 55
54 40 44
54 41 56
54 42 35
54 43 59
54 44 55
54 45 51
54 46 58
54 47 37
54 48 41
54 49 45
54 50 40
54 51 60
54 52 50
54 53 36
54 54 0
54 55 45
54 56 49
54 57 56
54 58 57
54 59 49
54 60 49
54 61 58
54 62 43
54 63 46
54 64 59
54 65 48
54 66 41
54 67 39
54 68 55
54 69 45
54 70 36
54 71 58
54 72 38
54 73 39
54 74 50
54 75 42
54 76 60
54 77 54
54 78 58
54 79 48
54 80 59
54 81 42
54 82 47
54 83 57
54 84 56
54 85 46
54 86 49
54 87 58
54 88 35
54 89 53
54 90 36
54 91 46
54 92 41
54 93 57
54 94 42
54 95 55
54 96 53
54 97 59
54 98 41
54 99 56
54 100 56
54 101 53
54 102 51
54 103 58
54 104 44
54 105 49
54 106 57
54 107 42
54 108 44
54 109 58
54 110 48
54 111 48
54 112 43
54 113 48
54 114 36
54 115 48
54 116 50
54 117 36
54 118 44
54 119 53
54 120 50
54 121 60
54 122 50
54 123 36
54 124 47
54 125 46
54 126 56
54 127 35
54 128 49
54 129 36
54 130 49
54 131 37
54 132 48
54 133 42
54 134 55
54 135 44
54 136 51
54 137 47
54 138 45
54 139 36
54 140 43
54 141 44
54 142 38
54 143 50
54 144 45
54 145 39
54 146 50
55 1 47
55 2 43
55 3 52
55 4 37
55 5 41
55 6 40
55 7 59
55 8 38
55 9 45
55 10 59
55 11 46
55 12 55
55 13 35
55 14 51
55 15 35
55 16 50
55 17 52
55 18 54
55 19 37
55 20 39
55 21 45
55 22 47
55 23 49
55 24 42
55 25 56
55 26 53
55 27 55
55 28 44
55 29 52
55 30 41
55 31 45
55 32 45
55 33 48
55 34 39
55 35 49
55 36 59
55 37 40
55 38 59
55 39 49
55 40 56
55 41 45
55 42 44
55 43 49
55 44 52
55 45 43
55 46 35
55 47 58
55 48 52
55 49 43
55 50 58
55 51 55
55 52 55
55 53 47
55 54 60
55 55 0
55 56 57
55 57 55
55 58 53
55 59 46
55 60 47
55 61 36
55 62 45
55 63 46
55 64 53
55 65 36
55 66 55
55 67 59
55 68 50
55 69 35
55 70 48
55 71 57
55 72 50
55 73 57
55 74 38
55 75 39
55 76 50
55 77 37
55 78 38
55 79 43
55 80 48
55 81 43
55 82 35
55 83 49
55 84 48
55 85 53
55 86 45
55 87 41
55 88 37
55 89 53
55 90 41
55 91 48
55 92 57
55 93 39
55 94 42
55 95 35
55 96 44
55 97 49
55 98 36
55 99 60
55 100 44
55 101 59
55 102 55
55 103 44
55 104 35
55 105 60
55 106 49
55 107 46
55 108 38
55 109 40
55 110 57
55 111 39
55 112 57
55 113 59
55 114 52
55 115 59
55 116 49
55 117 55
55 118 51
55 119 48
55 120 45
55 121 41
55 122 41
55 123 37
55 124 35
55 125 41
55 126 47
55 127 44
55 128 58
55 129 42
55 130 41
55 131 37
55 132 46
55 133 39
55 134 50
55 135 39
55 136 41
55 137 35
55 138 37
55 139 48
55 140 60
55 141 54
55 142 60
55 143 36
55 144 54
55 145 47
55 146 35
56 1 39
56 2 35
56 3 60
56 4 51
56 5 52
56 6 36
56 7 46
56 8 50
56 9 36
56 10 46
56 11 44
56 12 59
56 13 45
56 14 37
56 15 36
56 16 53
56 17 45
56 18 60
56 19 40
56 20 41
56 21 47
56 22 52
56 23 44
56 24 57
56 25 48
56 26 45
56 27 43
56 28 36
56 29 60
56 30 54
56 31 39
56 32 52
56 33 49
56 34 46
56 35 43
56 36 56
56 37 51
56 38 59
56 39 43
56 40 44
56 41 54
56 42 56
56 43 43
56 44 53
56 45 41
56 46 50
56 47 38
56 48 35
56 49 42
56 50 55
56 51 49
56 52 38
56 53 37
56 54 45
56 55 37
56 56 0
56 57 54
56 58 60
56 59 56
56 60 35
56 61 44
56 62 43
56 63 37
56 64 51
56 65 54
56 66 59
56 67 46
56 68 54
56 69 47
56 70 58
56 71 43
56 72 39
56 73 58
56 74 59
56 75 49
56 76 51
56 77 36
56 78 54
56 79 43
56 80 59
56 81 36
56 82 45
56 83 51
56 84 45
56 85 49
56 86 49
56 87 49
56 88 46
56 89 41
56 90 54
56 91 49
56 92 42
56 93 37
56 94 42
56 95 36
56 96 54
56 97 47
56 98 55
56 99 47
56 100 43
56 101 43
56 102 42
56 103 55
56 104 47
56 105 41
56 106 45
56 107 50
56 108 53
56 109 59
56 110 56
56 111 49
56 112 39
56 113 55
56 114 37
56 115 47
56 116 53
56 117 59
56 118 39
56 119 41
56 120 55
56 121 54
56 122 52
56 123 55
56 124 35
56 125 59
56 126 36
56 127 45
56 128 42
56 129 39
56 130 47
56 131 57
56 132 47
56 133 40
56 134 38
56 135 48
56 136 54
56 137 60
56 138 40
56 139 35
56 140 35
56 141 43
56 142 46
56 143 46
56 144 37
56 145 58
56 146 47
57 1 46
57 2 49
57 3 39
57 4 52
57 5 59
57 6 54
57 7 42
57 8 38
57 9 35
57 10 38
57 11 59
57 12 58
57 13 40
57 14 48
57 15 57
57 16 48
57 17 37
57 18 52
57 19 60
57 20 44
57 21 55
57 22 54
57 23 56
57 24 60
57 25 44
57 26 53
57 27 37
57 28 59
57 29 54
57 30 57
57 31 36
57 32 48
57 33 35
57 34 41
57 35 58
57 36 60
57 37 45
57 38 55
57 39 60
57 40 49
57 41 46
57 42 45
57 43 41
57 44 49
57 45 47
57 46 48
57 47 44
57 48 36
57 49 54
57 50 37
57 51 54
57 52 38
57 53 54
57 54 41
57 55 50
57 56 37
57 57 0
57 58 44
57 59 59
57 60 40
57 61 54
57 62 42
57 63 39
57 64 58
57 65 58
57 66 45
57 67 47
57 68 44
57 69 39
57 70 55
57 71 49
57 72 52
57 73 56
57 74 59
57 75 39
57 76 42
57 77 43
57 78 35
57 79 60
57 80 40
57 81 48
57 82 48
57 83 49
57 84 37
57 85 42
57 86 59
57 87 39
57 88 53
57 89 43
57 90 49
57 91 36
57 92 53
57 93 54
57 94 35
57 95 54
57 96 59
57 97 48
57 98 44
57 99 42
57 100 51
57 101 57
57 102 60
57 103 55
57 104 35
57 105 58
57 106 48
57 107 35
57 108 38
57 109 57
57 110 55
57 111 48
57 112 40
57 113 57
57 114 44
57 115 49
57 116 49
57 117 47
57 118 43
57 119 35
57 120 59
57 121 39
57 122 37
57 123 57
57 124 58
57 125 45
57 126 53
57 127 36
57 128 58
57 129 56
57 130 41
57 131 52
57 132 43
57 133 35
57 134 48
57 135 47
57 136 54
57 137 56
57 138 47
57 139 48
57 140 44
57 141 40
57 142 36
57 143 41
57 144 58
57 145 46
57 146 49
58 1 35
58 2 37
58 3 48
58 4 46
58 5 38
58 6 48
58 7 55
58 8 58
58 9 51
58 10 37
58 11 35
58 12 35
58 13 38
58 14 48
58 15 56
58 16 41
58 17 39
58 18 59
58 19 46
58 20 40
58 21 45
58 22 36
58 23 51
58 24 60
58 25 36
58 26 60
58 27 40
58 28 42
58 29 57
58 30 55
58 31 60
58 32 58
58 33 57
58 34 53
58 35 58
58 36 43
58 37 58
58 38 36
58 39 53
58 40 35
58 41 54
58 42 44
58 43 44
58 44 45
58 45 47
58 46 45
58 47 39
58 48 41
58 49 41
58 50 49
58 51 43
58 52 42
58 53 43
58 54 51
58 55 41
58 56 47
58 57 40
58 58 0
58 59 37
58 60 42
58 61 44
58 62 58
58 63 36
58 64 41
58 65 39
58 66 53
58 67 38
58 68 51
58 69 60
58 70 58
58 71 54
58 72 36
58 73 59
58 74 51
58 75 44
58 76 57
58 77 46
58 78 45
58 79 57
58 80 45
58 81 43
58 82 38
58 83 47
58 84 55
58 85 58
58 86 46
58 87 51
58 88 53
58 89 47
58 90 35
58 91 39
58 92 45
58 93 37
58 94 43
58 95 47
58 96 56
58 97 47
58 98 42
58 99 47
58 100 53
58 101 35
58 102 50
58 103 48
58 104 40
58 105 58
58 106 59
58 107 50
58 108 41
58 109 57
58 110 57
58 111 43
58 112 42
58 113 47
58 114 51
58 115 47
58 116 40
58 117 39
58 118 60
58 119 45
58 120 46
58 121 36
58 122 52
58 123 50
58 124 37
58 125 47
58 126 40
58 127 44
58 128 54
58 129 53
58 130 47
58 131 53
58 132 58
58 133 53
58 134 58
58 135 58
58 136 42
58 137 48
58 138 42
58 139 36
58 140 37
58 141 58
58 142 45
58 143 59
58 144 51
58 145 39
58 146 35
59 1 39
59 2 60
59 3 37
59 4 35
59 5 45
59 6 50
59 7 41
59 8 51
59 9 47
59 10 39
59 11 43
59 12 49
59 13 53
59 14 58
59 15 48
59 16 57
59 17 41
59 18 56
59 19 54
59 20 36
59 21 52
59 22 50
59 23 39
59 24 58
59 25 47
59 26 58
59 27 42
59 28 47
59 29 44
59 30 54
59 31 50
59 32 40
59 33 45
59 34 38
59 35 41
59 36 39
59 37 58
59 38 53
59 39 56
59 40 57
59 41 54
59 42 38
59 43 54
59 44 58
59 45 48
59 46 56
59 47 60
59 48 41
59 49 40
59 50 42
59 51 58
59 52 49
59 53 43
59 54 50
59 55 40
59 56 48
59 57 42
59 58 47
59 59 0
59 60 51
59 61 56
59 62 43
59 63 36
59 64 37
59 65 55
59 66 55
59 67 42
59 68 55
59 69 45
59 70 50
59 71 57
59 72 42
59 73 49
59 74 40
59 75 52
59 76 59
59 77 45
59 78 41
59 79 53
59 80 54
59 81 47
59 82 44
59 83 37
59 84 56
59 85 54
59 86 57
59 87 45
59 88 38
59 89 42
59 90 59
59 91 50
59 92 42
59 93 59
59 94 48
59 95 35
59 96 56
59 97 51
59 98 45
59 99 40
59 100 59
59 101 56
59 102 53
59 103 49
59 104 47
59 105 43
59 106 39
59 107 36
59 108 45
59 109 58
59 110 35
59 111 59
59 112 47
59 113 55
59 114 57
59 115 41
59 116 49
59 117 56
59 118 46
59 119 52
59 120 42
59 121 51
59 122 50
59 123 41
59 124 37
59 125 42
59 126 44
59 127 58
59 128 44
59 129 52
59 130 39
59 131 38
59 132 45
59 133 52
59 134 45
59 135 45
59 136 60
59 137 46
59 138 38
59 139 53
59 140 35
59 141 35
59 142 55
59 143 59
59 144 55
59 145 41
59 146 56
60 1 41
60 2 44
60 3 44
60 4 46
60 5 43
60 6 46
60 7 43
60 8 36
60 9 47
60 10 59
60 11 45
60 12 53
60 13 39
60 14 55
60 15 46
60 16 57
60 17 60
60 18 40
60 19 60
60 20 59
60 21 43
60 22 52
60 23 36
60 24 42
60 25 51
60 26 59
60 27 47
60 28 46
60 29 46
60 30 45
60 31 55
60 32 54
60 33 40
60 34 53
60 35 52
60 36 39
60 37 42
60 38 56
60 39 59
60 40 42
60 41 44
60 42 51
60 43 50
60 44 57
60 45 48
60 46 47
60 47 40
60 48 56
60 49 35
60 50 45
60 51 45
60 52 60
60 53 59
60 54 52
60 55 57
60 56 60
60 57 58
60 58 48
60 59 45
60 60 0
60 61 48
60 62 41
60 63 41
60 64 53
60 65 57
60 66 56
60 67 40
60 68 58
60 69 39
60 70 36
60 71 37
60 72 41
60 73 44
60 74 36
60 75 37
60 76 50
60 77 58
60 78 45
60 79 57
60 80 41
60 81 42
60 82 60
60 83 36
60 84 40
60 85 60
60 86 35
60 87 36
60 88 55
60 89 58
60 90 46
60 91 60
60 92 59
60 93 49
60 94 45
60 95 59
60 96 35
60 97 44
60 98 47
60 99 56
60 100 43
60 101 51
60 102 38
60 103 56
60 104 43
60 105 38
60 106 41
60 107 52
60 108 39
60 109 47
60 110 49
60 111 44
60 112 48
60 113 41
60 114 37
60 115 53
60 116 45
60 117 49
60 118 48
60 119 59
60 120 48
60 121 54
60 122 54
60 123 44
60 124 37
60 125 37
60 126 50
60 127 43
60 128 45
60 129 38
60 130 50
60 131 48
60 132 50
60 133 57
60 134 42
60 135 56
60 136 36
60 137 50
60 138 49
60 139 57
60 140 46
60 141 57
60 142 56
60 143 41
60 144 35
60 145 58
60 146 56
61 1 48
61 2 57
61 3 58
61 4 60
61 5 41
61 6 43
61 7 60
61 8 43
61 9 55
61 10 35
61 11 47
61 12 47
61 13 48
61 14 59
61 15 35
61 16 53
61 17 40
61 18 53
61 19 49
61 20 45
61 21 45
61 22 51
61 23 41
61 24 45
61 25 54
61 26 39
61 27 49
61 28 57
61 29 59
61 30 56
61 31 35
61 32 48
61 33 41
61 34 41
61 35 39
61 36 51
61 37 49
61 38 52
61 39 44
61 40 56
61 41 51
61 42 51
61 43 35
61 44 35
61 45 60
61 46 54
61 47 54
61 48 40
61 49 52
61 50 39
61 51 46
61 52 50
61 53 45
61 54 41
61 55 44
61 56 58
61 57 50
61 58 60
61 59 53
61 60 55
61 61 0
61 62 45
61 63 50
61 64 37
61 65 35
61 66 48
61 67 36
61 68 56
61 69 56
61 70 46
61 71 60
61 72 39
61 73 45
61 74 39
61 75 59
61 76 41
61 77 59
61 78 57
61 79 41
61 80 49
61 81 38
61 82 44
61 83 38
61 84 43
61 85 50
61 86 56
61 87 48
61 88 41
61 89 46
61 90 53
61 91 37
61 92 53
61 93 39
61 94 50
61 95 44
61 96 37
61 97 50
61 98 56
61 99 56
61 100 58
61 101 59
61 102 36
61 103 52
61 104 49
61 105 46
61 106 40
61 107 45
61 108 35
61 109 49
61 110 42
61 111 40
61 112 37
61 113 57
61 114 38
61 115 38
61 116 60
61 117 38
61 118 38
61 119 50
61 120 53
61 121 45
61 122 58
61 123 59
61 124 57
61 125 42
61 126 45
61 127 53
61 128 49
61 129 45
61 130 50
61 131 40
61 132 53
61 133 59
61 134 39
61 135 38
61 136 55
61 137 57
61 138 43
61 139 40
61 140 44
61 141 37
61 142 50
61 143 37
61 144 59
61 145 55
61 146 41
62 1 44
62 2 44
62 3 38
62 4 47
62 5 51
62 6 53
62 7 60
62 8 52
62 9 41
62 10 36
62 11 59
62 12 58
62 13 55
62 14 57
62 15 37
62 16 36
62 17 41
62 18 46
62 19 43
62 20 54
62 21 57
62 22 57
62 23 50
62 24 41
62 25 55
62 26 39
62 27 41
62 28 44
62 29 41
62 30 36
62 31 56
62 32 59
62 33 38
62 34 36
62 35 57
62 36 53
62 37 53
62 38 59
62 39 49
62 40 42
62 41 44
62 42 60
62 43 52
62 44 45
62 45 40
62 46 35
62 47 49
62 48 55
62 49 47
62 50 53
62 51 44
62 52 46
62 53 50
62 54 46
62 55 44
62 56 54
62 57 39
62 58 60
62 59 52
62 60 49
62 61 42
62 62 0
62 63 36
62 64 54
62 65 59
62 66 37
62 67 57
62 68 52
62 69 37
62 70 55
62 71 51
62 72 36
62 73 45
62 74 50
62 75 59
62 76 44
62 77 46
62 78 51
62 79 44
62 80 48
62 81 46
62 82 41
62 83 47
62 84 51
62 85 44
62 86 38
62 87 60
62 88 49
62 89 49
62 90 47
62 91 42
62 92 49
62 93 39
62 94 53
62 95 35
62 96 54
62 97 55
62 98 38
62 99 42
62 100 54
62 101 43
62 102 47
62 103 37
62 104 39
62 105 36
62 106 41
62 107 35
62 108 47
62 109 40
62 110 45
62 111 37
62 112 57
62 113 54
62 114 58
62 115 52
62 116 59
62 117 41
62 118 60
62 119 60
62 120 36
62 121 53
62 122 40
62 123 35
62 124 38
62 125 47
62 126 46
62 127 35
62 128 37
62 129 43
62 130 57
62 131 53
62 132 35
62 133 39
62 134 43
62 135 39
62 136 48
62 137 35
62 138 35
62 139 39
62 140 41
62 141 57
62 142 58
62 143 38
62 144 46
62 145 47
62 146 36
63 1 47
63 2 42
63 3 48
63 4 54
63 5 59
63 6 57
63 7 50
63 8 37
63 9 36
63 10 54
63 11 56
63 12 48
63 13 37
63 14 44
63 15 54
63 16 56
63 17 53
63 18 60
63 19 42
63 20 54
63 21 35
63 22 47
63 23 40
63 24 38
63 25 57
63 26 46
63 27 47
63 28 51
63 29 53
63 30 56
63 31 53
63 32 47
63 33 57
63 34 55
63 35 36
63 36 49
63 37 36
63 38 38
63 39 51
63 40 60
63 41 46
63 42 44
63 43 58
63 44 36
63 45 45
63 46 53
63 47 59
63 48 36
63 49 53
63 50 48
63 51 50
63 52 60
63 53 42
63 54 45
63 55 50
63 56 44
63 57 46
63 58 57
63 59 55
63 60 53
63 61 39
63 62 42
63 63 0
63 64 40
63 65 57
63 66 46
63 67 47
63 68 37
63 69 43
63 70 46
63 71 55
63 72 46
63 73 53
63 74 52
63 75 60
63 76 48
63 77 57
63 78 44
63 79 35
63 80 43
63 81 51
63 82 39
63 83 46
63 84 58
63 85 60
63 86 36
63 87 44
63 88 55
63 89 40
63 90 56
63 91 42
63 92 58
63 93 45
63 94 56
63 95 49
63 96 47
63 97 59
63 98 40
63 99 49
63 100 55
63 101 36
63 102 37
63 103 55
63 104 43
63 105 54
63 106 39
63 107 60
63 108 45
63 109 55
63 110 54
63 111 55
63 112 35
63 113 57
63 114 39
63 115 54
63 116 40
63 117 50
63 118 51
63 119 42
63 120 48
63 121 35
63 122 42
63 123 60
63 124 47
63 125 48
63 126 58
63 127 59
63 128 36
63 129 42
63 130 36
63 131 41
63 132 60
63 133 37
63 134 43
63 135 41
63 136 49
63 137 59
63 138 56
63 139 49
63 140 57
63 141 57
63 142 42
63 143 57
63 144 59
63 145 45
63 146 41
64 1 41
64 2 38
64 3 44
64 4 50
64 5 38
64 6 47
64 7 39
64 8 38
64 9 57
64 10 56
64 11 41
64 12 46
64 13 59
64 14 41
64 15 37
64 16 42
64 17 59
64 18 56
64 19 47
64 20 37
64 21 46
64 22 51
64 23 37
64 24 42
64 25 56
64 26 36
64 27 49
64 28 52
64 29 43
64 30 36
64 31 45
64 32 46
64 33 57
64 34 59
64 35 38
64 36 50
64 37 58
64 38 59
64 39 50
64 40 49
64 41 45
64 42 58
64 43 47
64 44 60
64 45 39
64 46 56
64 47 55
64 48 49
64 49 45
64 50 43
64 51 41
64 52 47
64 53 42
64 54 48
64 55 53
64 56 59
64 57 51
64 58 35
64 59 38
64 60 37
64 61 46
64 62 42
64 63 35
64 64 0
64 65 58
64 66 47
64 67 51
64 68 45
64 69 36
64 70 39
64 71 50
64 72 60
64 73 52
64 74 44
64 75 43
64 76 43
64 77 54
64 78 57
64 79 46
64 80 43
64 81 38
64 82 52
64 83 60
64 84 59
64 85 50
64 86 38
64 87 59
64 88 41
64 89 50
64 90 55
64 91 45
64 92 44
64 93 45
64 94 47
64 95 57
64 96 41
64 97 53
64 98 40
64 99 41
64 100 56
64 101 59
64 102 60
64 103 48
64 104 58
64 105 41
64 106 46
64 107 45
64 108 35
64 109 54
64 110 46
64 111 49
64 112 42
64 113 58
64 114 55
64 115 52
64 116 44
64 117 57
64 118 35
64 119 43
64 120 50
64 121 39
64 122 41
64 123 55
64 124 53
64 125 37
64 126 47
64 127 50
64 128 60
64 129 58
64 130 37
64 131 55
64 132 53
64 133 39
64 134 37
64 135 42
64 136 35
64 137 53
64 138 42
64 139 52
64 140 46
64 141 40
64 142 59
64 143 42
64 144 55
64 145 52
64 146 48
65 1 45
65 2 50
65 3 38
65 4 48
65 5 53
65 6 59
65 7 46
65 8 58
65 9 49
65 10 50
65 11 36
65 12 38
65 13 56
65 14 56
65 15 44
65 16 50
65 17 60
65 18 49
65 19 36
65 20 46
65 21 58
65 22 47
65 23 38
65 24 42
65 25 40
65 26 46
65 27 57
65 28 53
65 29 41
65 30 44
65 31 49
65 32 45
65 33 47
65 34 37
65 35 53
65 36 60
65 37 60
65 38 52
65 39 38
65 40 50
65 41 44
65 42 54
65 43 59
65 44 40
65 45 37
65 46 47
65 47 60
65 48 43
65 49 59
65 50 38
65 51 42
65 52 54
65 53 43
65 54 38
65 55 38
65 56 60
65 57 52
65 58 56
65 59 57
65 60 42
65 61 51
65 62 55
65 63 52
65 64 37
65 65 0
65 66 47
65 67 39
65 68 35
65 69 59
65 70 46
65 71 36
65 72 51
65 73 42
65 74 52
65 75 37
65 76 40
65 77 57
65 78 38
65 79 42
65 80 52
65 81 53
65 82 49
65 83 42
65 84 51
65 85 48
65 86 60
65 87 58
65 88 57
65 89 56
65 90 52
65 91 54
65 92 46
65 93 43
65 94 56
65 95 53
65 96 42
65 97 43
65 98 35
65 99 45
65 100 50
65 101 43
65 102 52
65 103 37
65 104 45
65 105 46
65 106 49
65 107 48
65 108 36
65 109 57
65 110 36
65 111 45
65 112 56
65 113 42
65 114 38
65 115 53
65 116 58
65 117 60
65 118 39
65 119 53
65 120 40
65 121 56
65 122 37
65 123 40
65 124 60
65 125 40
65 126 39
65 127 57
65 128 46
65 129 54
65 130 45
65 131 43
65 132 49
65 133 58
65 134 51
65 135 54
65 136 52
65 137 45
65 138 48
65 139 56
65 140 46
65 141 55
65 142 35
65 143 50
65 144 50
65 145 59
65 146 50
66 1 39
66 2 57
66 3 44
66 4 51
66 5 39
66 6 36
66 7 49
66 8 45
66 9 47
66 10 48
66 11 35
66 12 43
66 13 47
66 14 43
66 15 43
66 16 58
66 17 47
66 18 53
66 19 56
66 20 45
66 21 45
66 22 47
66 23 58
66 24 45
66 25 46
66 26 53
66 27 45
66 28 54
66 29 51
66 30 57
66 31 41
66 32 40
66 33 38
66 34 54
66 35 39
66 36 47
66 37 49
66 38 35
66 39 55
66 40 54
66 41 56
66 42 44
66 43 37
66 44 37
66 45 48
66 46 41
66 47 45
66 48 56
66 49 38
66 50 47
66 51 52
66 52 37
66 53 49
66 54 46
66 55 48
66 56 49
66 57 44
66 58 59
66 59 55
66 60 49
66 61 60
66 62 48
66 63 43
66 64 45
66 65 58
66 66 0
66 67 54
66 68 41
66 69 46
66 70 48
66 71 50
66 72 46
66 73 55
66 74 59
66 75 38
66 76 37
66 77 58
66 78 39
66 79 52
66 80 46
66 81 47
66 82 51
66 83 56
66 84 43
66 85 60
66 86 36
66 87 56
66 88 42
66 89 46
66 90 54
66 91 43
66 92 57
66 93 56
66 94 44
66 95 41
66 96 47
66 97 36
66 98 50
66 99 55
66 100 58
66 101 39
66 102 51
66 103 53
66 104 38
66 105 52
66 106 60
66 107 55
66 108 40
66 109 50
66 110 46
66 111 45
66 112 54
66 113 49
66 114 56
66 115 55
66 116 40
66 117 59
66 118 44
66 119 52
66 120 49
66 121 40
66 122 57
66 123 55
66 124 42
66 125 53
66 126 46
66 127 53
66 128 50
66 129 42
66 130 40
66 131 47
66 132 39
66 133 55
66 134 55
66 135 52
66 136 49
66 137 38
66 138 40
66 139 42
66 140 47
66 141 40
66 142 38
66 143 41
66 144 54
66 145 56
66 146 58
67 1 42
67 2 38
67 3 52
67 4 46
67 5 47
67 6 49
67 7 38
67 8 48
67 9 50
67 10 46
67 11 51
67 12 39
67 13 54
67 14 47
67 15 39
67 16 48
67 17 56
67 18 44
67 19 36
67 20 49
67 21 37
67 22 37
67 23 39
67 24 37
67 25 58
67 26 43
67 27 51
67 28 48
67 29 38
67 30 59
67 31 44
67 32 57
67 33 56
67 34 57
67 35 59
67 36 37
67 37 54
67 38 53
67 39 56
67 40 54
67 41 54
67 42 60
67 43 59
67 44 46
67 45 40
67 46 45
67 47 50
67 48 36
67 49 59
67 50 47
67 51 49
67 52 47
67 53 51
67 54 45
67 55 38
67 56 54
67 57 56
67 58 38
67 59 42
67 60 43
67 61 35
67 62 56
67 63 40
67 64 41
67 65 40
67 66 57
67 67 0
67 68 36
67 69 51
67 70 50
67 71 56
67 72 52
67 73 38
67 74 39
67 75 36
67 76 48
67 77 49
67 78 48
67 79 57
67 80 58
67 81 40
67 82 49
67 83 59
67 84 47
67 85 49
67 86 54
67 87 35
67 88 40
67 89 44
67 90 53
67 91 48
67 92 47
67 93 39
67 94 49
67 95 57
67 96 54
67 97 51
67 98 51
67 99 55
67 100 49
67 101 36
67 102 43
67 103 47
67 104 40
67 105 51
67 106 37
67 107 48
67 108 49
67 109 48
67 110 35
67 111 54
67 112 57
67 113 54
67 114 56
67 115 54
67 116 48
67 117 50
67 118 49
67 119 58
67 120 46
67 121 49
67 122 39
67 123 59
67 124 52
67 125 41
67 126 39
67 127 35
67 128 44
67 129 38
67 130 37
67 131 58
67 132 54
67 133 39
67 134 56
67 135 57
67 136 43
67 137 49
67 138 59
67 139 35
67 140 44
67 141 39
67 142 41
67 143 54
67 144 57
67 145 53
67 146 49
68 1 40
68 2 52
68 3 56
68 4 53
68 5 58
68 6 54
68 7 53
68 8 50
68 9 48
68 10 42
68 11 35
68 12 39
68 13 49
68 14 56
68 15 55
68 16 57
68 17 47
68 18 53
68 19 44
68 20 58
68 21 56
68 22 58
68 23 41
68 24 57
68 25 59
68 26 56
68 27 38
68 28 54
68 29 56
68 30 49
68 31 49
68 32 44
68 33 51
68 34 35
68 35 60
68 36 50
68 37 41
68 38 58
68 39 45
68 40 41
68 41 35
68 42 52
68 43 59
68 44 54
68 45 60
68 46 57
68 47 58
68 48 55
68 49 58
68 50 40
68 51 42
68 52 41
68 53 53
68 54 47
68 55 54
68 56 53
68 57 58
68 58 40
68 59 57
68 60 39
68 61 60
68 62 49
68 63 48
68 64 54
68 65 43
68 66 46
68 67 44
68 68 0
68 69 50
68 70 40
68 71 47
68 72 49
68 73 59
68 74 52
68 75 55
68 76 41
68 77 47
68 78 43
68 79 54
68 80 49
68 81 48
68 82 48
68 83 36
68 84 45
68 85 37
68 86 50
68 87 50
68 88 50
68 89 60
68 90 37
68 91 44
68 92 38
68 93 38
68 94 60
68 95 49
68 96 59
68 97 35
68 98 42
68 99 56
68 100 38
68 101 47
68 102 39
68 103 39
68 104 53
68 105 39
68 106 37
68 107 54
68 108 35
68 109 39
68 110 52
68 111 56
68 112 56
68 113 53
68 114 46
68 115 42
68 116 37
68 117 50
68 118 53
68 119 53
68 120 37
68 121 58
68 122 57
68 123 44
68 124 43
68 125 35
68 126 47
68 127 51
68 128 54
68 129 51
68 130 46
68 131 59
68 132 37
68 133 44
68 134 40
68 135 47
68 136 38
68 137 50
68 138 38
68 139 37
68 140 45
68 141 59
68 142 55
68 143 38
68 144 54
68 145 55
68 146 35
69 1 52
69 2 37
69 3 53
69 4 51
69 5 52
69 6 45
69 7 47
69 8 47
69 9 44
69 10 55
69 11 37
69 12 51
69 13 50
69 14 47
69 15 59
69 16 44
69 17 56
69 18 43
69 19 58
69 20 45
69 21 51
69 22 43
69 23 60
69 24 37
69 25 52
69 26 49
69 27 54
69 28 53
69 29 43
69 30 55
69 31 59
69 32 60
69 33 35
69 34 57
69 35 45
69 36 45
69 37 55
69 38 59
69 39 41
69 40 59
69 41 59
69 42 53
69 43 38
69 44 37
69 45 49
69 46 57
69 47 58
69 48 52
69 49 42
69 50 57
69 51 50
69 52 42
69 53 41
69 54 53
69 55 40
69 56 46
69 57 36
69 58 44
69 59 39
69 60 44
69 61 37
69 62 49
69 63 46
69 64 53
69 65 43
69 66 47
69 67 52
69 68 45
69 69 0
69 70 36
69 71 43
69 72 47
69 73 37
69 74 46
69 75 41
69 76 52
69 77 60
69 78 56
69 79 39
69 80 51
69 81 57
69 82 38
69 83 53
69 84 37
69 85 57
69 86 49
69 87 55
69 88 39
69 89 43
69 90 41
69 91 42
69 92 41
69 93 37
69 94 47
69 95 38
69 96 36
69 97 43
69 98 47
69 99 52
69 100 55
69 101 42
69 102 58
69 103 40
69 104 43
69 105 54
69 106 40
69 107 38
69 108 35
69 109 55
69 110 59
69 111 41
69 112 38
69 113 50
69 114 45
69 115 36
69 116 51
69 117 42
69 118 45
69 119 52
69 120 44
69 121 50
69 122 52
69 123 41
69 124 49
69 125 35
69 126 36
69 127 45
69 128 52
69 129 57
69 130 59
69 131 47
69 132 60
69 133 35
69 134 49
69 135 44
69 136 50
69 137 40
69 138 38
69 139 56
69 140 47
69 141 36
69 142 59
69 143 42
69 144 50
69 145 35
69 146 45
70 1 41
70 2 51
70 3 40
70 4 55
70 5 58
70 6 58
70 7 53
70 8 39
70 9 56
70 10 46
70 11 56
70 12 59
70 13 45
70 14 51
70 15 52
70 16 50
70 17 36
70 18 59
70 19 53
70 20 40
70 21 42
70 22 53
70 23 60
70 24 50
70 25 40
70 26 44
70 27 35
70 28 39
70 29 38
70 30 47
70 31 59
70 32 41
70 33 37
70 34 45
70 35 38
70 36 47
70 37 37
70 38 53
70 39 40
70 40 52
70 41 46
70 42 40
70 43 38
70 44 46
70 45 36
70 46 39
70 47 52
70 48 37
70 49 50
70 50 49
70 51 57
70 52 58
70 53 38
70 54 48
70 55 52
70 56 41
70 57 36
70 58 48
70 59 53
70 60 44
70 61 55
70 62 39
70 63 44
70 64 48
70 65 55
70 66 43
70 67 37
70 68 49
70 69 49
70 70 0
70 71 43
70 72 45
70 73 39
70 74 40
70 75 42
70 76 54
70 77 54
70 78 36
70 79 57
70 80 56
70 81 46
70 82 58
70 83 47
70 84 44
70 85 39
70 86 54
70 87 48
70 88 57
70 89 36
70 90 49
70 91 54
70 92 43
70 93 39
70 94 46
70 95 59
70 96 53
70 97 53
70 98 48
70 99 41
70 100 51
70 101 47
70 102 55
70 103 37
70 104 40
70 105 44
70 106 39
70 107 55
70 108 60
70 109 41
70 110 55
70 111 41
70 112 57
70 113 41
70 114 48
70 115 43
70 116 41
70 117 41
70 118 56
70 119 53
70 120 57
70 121 41
70 122 51
70 123 49
70 124 43
70 125 49
70 126 56
70 127 54
70 128 57
70 129 50
70 130 47
70 131 43
70 132 51
70 133 52
70 134 43
70 135 59
70 136 36
70 137 54
70 138 60
70 139 47
70 140 46
70 141 54
70 142 56
70 143 47
70 144 35
70 145 45
70 146 51
71 1 54
71 2 48
71 3 42
71 4 37
71 5 36
71 6 44
71 7 40
71 8 59
71 9 47
71 10 54
71 11 51
71 12 53
71 13 36
71 14 58
71 15 47
71 16 55
71 17 56
71 18 37
71 19 40
71 20 57
71 21 60
71 22 45
71 23 40
71 24 43
71 25 51
71 26 47
71 27 37
71 28 49
71 29 37
71 30 36
71 31 51
71 32 53
71 33 51
71 34 37
71 35 38
71 36 56
71 37 57
71 38 38
71 39 48
71 40 40
71 41 45
71 42 50
71 43 39
71 44 47
71 45 46
71 46 43
71 47 44
71 48 37
71 49 39
71 50 43
71 51 57
71 52 36
71 53 37
71 54 59
71 55 43
71 56 54
71 57 52
71 58 41
71 59 56
71 60 37
71 61 45
71 62 40
71 63 59
71 64 36
71 65 48
71 66 40
71 67 43
71 68 35
71 69 50
71 70 35
71 71 0
71 72 54
71 73 51
71 74 39
71 75 53
71 76 46
71 77 58
71 78 40
71 79 43
71 80 51
71 81 52
71 82 37
71 83 35
71 84 46
71 85 41
71 86 38
71 87 44
71 88 50
71 89 50
71 90 39
71 91 58
71 92 50
71 93 56
71 94 51
71 95 37
71 96 38
71 97 60
71 98 44
71 99 43
71 100 47
71 101 58
71 102 56
71 103 55
71 104 59
71 105 55
71 106 50
71 107 59
71 108 46
71 109 42
71 110 52
71 111 41
71 112 45
71 113 55
71 114 53
71 115 45
71 116 41
71 117 40
71 118 44
71 119 35
71 120 46
71 121 35
71 122 49
71 123 56
71 124 43
71 125 51
71 126 52
71 127 44
71 128 42
71 129 57
71 130 55
71 131 44
71 132 39
71 133 39
71 134 43
71 135 54
71 136 47
71 137 59
71 138 51
71 139 46
71 140 37
71 141 40
71 142 47
71 143 50
71 144 36
71 145 36
71 146 60
72 1 43
72 2 55
72 3 48
72 4 57
72 5 38
72 6 35
72 7 42
72 8 40
72 9 50
72 10 56
72 11 41
72 12 50
72 13 46
72 14 60
72 15 37
72 16 44
72 17 38
72 18 35
72 19 59
72 20 58
72 21 52
72 22 54
72 23 37
72 24 36
72 25 49
72 26 48
72 27 44
72 28 56
72 29 38
72 30 49
72 31 48
72 32 36
72 33 59
72 34 59
72 35 46
72 36 60
72 37 55
72 38 39
72 39 44
72 40 60
72 41 46
72 42 59
72 43 58
72 44 60
72 45 42
72 46 45
72 47 59
72 48 50
72 49 45
72 50 57
72 51 52
72 52 43
72 53 57
72 54 41
72 55 56
72 56 43
72 57 46
72 58 50
72 59 37
72 60 54
72 61 57
72 62 51
72 63 53
72 64 52
72 65 60
72 66 44
72 67 57
72 68 35
72 69 50
72 70 43
72 71 40
72 72 0
72 73 43
72 74 59
72 75 48
72 76 36
72 77 59
72 78 60
72 79 56
72 80 37
72 81 45
72 82 38
72 83 35
72 84 40
72 85 56
72 86 35
72 87 36
72 88 42
72 89 53
72 90 53
72 91 47
72 92 37
72 93 42
72 94 37
72 95 52
72 96 36
72 97 57
72 98 59
72 99 40
72 100 35
72 101 43
72 102 43
72 103 41
72 104 49
72 105 47
72 106 35
72 107 45
72 108 57
72 109 53
72 110 43
72 111 37
72 112 53
72 113 40
72 114 52
72 115 39
72 116 43
72 117 35
72 118 51
72 119 59
72 120 54
72 121 41
72 122 41
72 123 35
72 124 56
72 125 49
72 126 60
72 127 42
72 128 40
72 129 52
72 130 38
72 131 58
72 132 60
72 133 51
72 134 60
72 135 52
72 136 58
72 137 55
72 138 40
72 139 57
72 140 39
72 141 36
72 142 39
72 143 37
72 144 38
72 145 58
72 146 53
73 1 46
73 2 50
73 3 39
73 4 35
73 5 43
73 6 50
73 7 46
73 8 50
73 9 43
73 10 43
73 11 38
73 12 59
73 13 36
73 14 38
73 15 55
73 16 37
73 17 44
73 18 42
73 19 53
73 20 37
73 21 43
73 22 43
73 23 57
73 24 40
73 25 42
73 26 58
73 27 40
73 28 43
73 29 39
73 30 52
73 31 43
73 32 38
73 33 52
73 34 48
73 35 40
73 36 59
73 37 43
73 38 59
73 39 43
73 40 48
73 41 41
73 42 57
73 43 42
73 44 52
73 45 38
73 46 50
73 47 45
73 48 41
73 49 35
73 50 38
73 51 47
73 52 46
73 53 58
73 54 46
73 55 54
73 56 54
73 57 58
73 58 46
73 59 55
73 60 44
73 61 54
73 62 41
73 63 56
73 64 46
73 65 57
73 66 46
73 67 60
73 68 46
73 69 38
73 70 36
73 71 36
73 72 47
73 73 0
73 74 43
73 75 45
73 76 45
73 77 37
73 78 56
73 79 38
73 80 38
73 81 36
73 82 48
73 83 43
73 84 55
73 85 57
73 86 35
73 87 57
73 88 36
73 89 59
73 90 44
73 91 54
73 92 37
73 93 59
73 94 50
73 95 44
73 96 57
73 97 58
73 98 53
73 99 53
73 100 52
73 101 36
73 102 58
73 103 47
73 104 45
73 105 46
73 106 58
73 107 56
73 108 46
73 109 52
73 110 58
73 111 45
73 112 46
73 113 36
73 114 55
73 115 38
73 116 41
73 117 53
73 118 37
73 119 59
73 120 40
73 121 60
73 122 47
73 123 60
73 124 46
73 125 57
73 126 54
73 127 35
73 128 57
73 129 45
73 130 48
73 131 53
73 132 49
73 133 49
73 134 60
73 135 42
73 136 43
73 137 56
73 138 36
73 139 40
73 140 38
73 141 45
73 142 53
73 143 59
73 144 57
73 145 45
73 146 51
74 1 36
74 2 57
74 3 54
74 4 56
74 5 59
74 6 52
74 7 52
74 8 60
74 9 58
74 10 60
74 11 46
74 12 56
74 13 58
74 14 53
74 15 49
74 16 37
74 17 36
74 18 52
74 19 50
74 20 54
74 21 58
74 22 41
74 23 35
74 24 41
74 25 40
74 26 48
74 27 51
74 28 36
74 29 55
74 30 59
74 31 38
74 32 57
74 33 57
74 34 45
74 35 57
74 36 52
74 37 51
74 38 35
74 39 37
74 40 60
74 41 48
74 42 56
74 43 43
74 44 38
74 45 55
74 46 55
74 47 44
74 48 46
74 49 60
74 50 44
74 51 50
74 52 49
74 53 49
74 54 54
74 55 39
74 56 50
74 57 53
74 58 39
74 59 56
74 60 51
74 61 58
74 62 53
74 63 51
74 64 44
74 65 56
74 66 57
74 67 40
74 68 40
74 69 39
74 70 48
74 71 45
74 72 50
74 73 47
74 74 0
74 75 60
74 76 42
74 77 49
74 78 53
74 79 57
74 80 55
74 81 59
74 82 46
74 83 54
74 84 44
74 85 59
74 86 60
74 87 35
74 88 57
74 89 60
74 90 47
74 91 37
74 92 52
74 93 51
74 94 56
74 95 43
74 96 51
74 97 60
74 98 49
74 99 36
74 100 48
74 101 57
74 102 53
74 103 49
74 104 51
74 105 49
74 106 46
74 107 53
74 108 48
74 109 41
74 110 53
74 111 36
74 112 46
74 113 46
74 114 57
74 115 49
74 116 51
74 117 54
74 118 54
74 119 38
74 120 58
74 121 48
74 122 42
74 123 43
74 124 36
74 125 48
74 126 52
74 127 53
74 128 41
74 129 60
74 130 45
74 131 41
74 132 56
74 133 39
74 134 58
74 135 56
74 136 59
74 137 58
74 138 43
74 139 60
74 140 42
74 141 36
74 142 55
74 143 36
74 144 52
74 145 50
74 146 43
75 1 49
75 2 50
75 3 55
75 4 54
75 5 49
75 6 53
75 7 42
75 8 58
75 9 45
75 10 35
75 11 42
75 12 40
75 13 43
75 14 59
75 15 57
75 16 36
75 17 54
75 18 35
75 19 46
75 20 40
75 21 45
75 22 58
75 23 58
75 24 39
75 25 41
75 26 43
75 27 42
75 28 52
75 29 60
75 30 58
75 31 60
75 32 48
75 33 48
75 34 54
75 35 56
75 36 42
75 37 43
75 38 50
75 39 46
75 40 37
75 41 57
75 42 59
75 43 60
75 44 54
75 45 43
75 46 40
75 47 40
75 48 47
75 49 53
75 50 38
75 51 41
75 52 59
75 53 37
75 54 50
75 55 42
75 56 42
75 57 54
75 58 44
75 59 58
75 60 40
75 61 54
75 62 40
75 63 55
75 64 60
75 65 57
75 66 58
75 67 57
75 68 58
75 69 57
75 70 38
75 71 45
75 72 60
75 73 55
75 74 39
75 75 0
75 76 36
75 77 43
75 78 56
75 79 47
75 80 47
75 81 45
75 82 54
75 83 52
75 84 51
75 85 52
75 86 36
75 87 44
75 88 50
75 89 53
75 90 50
75 91 35
75 92 53
75 93 52
75 94 55
75 95 56
75 96 48
75 97 40
75 98 52
75 99 49
75 100 48
75 101 38
75 102 57
75 103 43
75 104 38
75 105 40
75 106 58
75 107 56
75 108 38
75 109 39
75 110 37
75 111 58
75 112 39
75 113 52
75 114 48
75 115 44
75 116 49
75 117 41
75 118 49
75 119 56
75 120 46
75 121 35
75 122 49
75 123 35
75 124 57
75 125 55
75 126 55
75 127 60
75 128 42
75 129 39
75 130 54
75 131 51
75 132 51
75 133 39
75 134 44
75 135 59
75 136 38
75 137 53
75 138 42
75 139 59
75 140 60
75 141 54
75 142 44
75 143 49
75 144 39
75 145 57
75 146 39
76 1 38
76 2 48
76 3 53
76 4 48
76 5 37
76 6 55
76 7 43
76 8 60
76 9 39
76 10 51
76 11 49
76 12 48
76 13 46
76 14 36
76 15 56
76 16 48
76 17 40
76 18 57
76 19 43
76 20 41
76 21 49
76 22 36
76 23 46
76 24 41
76 25 44
76 26 43
76 27 53
76 28 53
76 29 55
76 30 44
76 31 60
76 32 48
76 33 58
76 34 49
76 35 45
76 36 57
76 37 41
76 38 48
76 39 37
76 40 58
76 41 59
76 42 41
76 43 40
76 44 47
76 45 37
76 46 49
76 47 46
76 48 53
76 49 55
76 50 47
76 51 58
76 52 37
76 53 56
76 54 41
76 55 46
76 56 47
76 57 54
76 58 36
76 59 37
76 60 42
76 61 39
76 62 48
76 63 38
76 64 46
76 65 39
76 66 44
76 67 58
76 68 39
76 69 45
76 70 35
76 71 53
76 72 56
76 73 56
76 74 60
76 75 47
76 76 0
76 77 60
76 78 47
76 79 40
76 80 58
76 81 60
76 82 56
76 83 50
76 84 44
76 85 59
76 86 35
76 87 55
76 88 53
76 89 39
76 90 57
76 91 55
76 92 60
76 93 37
76 94 35
76 95 45
76 96 43
76 97 39
76 98 48
76 99 55
76 100 55
76 101 45
76 102 38
76 103 50
76 104 36
76 105 43
76 106 50
76 107 51
76 108 57
76 109 53
76 110 42
76 111 55
76 112 51
76 113 48
76 114 52
76 115 58
76 116 60
76 117 41
76 118 47
76 119 35
76 120 35
76 121 35
76 122 43
76 123 50
76 124 39
76 125 43
76 126 54
76 127 56
76 128 37
76 129 51
76 130 36
76 131 39
76 132 41
76 133 46
76 134 39
76 135 53
76 136 39
76 137 47
76 138 49
76 139 56
76 140 46
76 141 48
76 142 44
76 143 36
76 144 46
76 145 43
76 146 47
77 1 49
77 2 45
77 3 49
77 4 51
77 5 45
77 6 35
77 7 54
77 8 44
77 9 58
77 10 35
77 11 43
77 12 35
77 13 45
77 14 43
77 15 50
77 16 55
77 17 58
77 18 37
77 19 42
77 20 60
77 21 37
77 22 55
77 23 57
77 24 53
77 25 57
77 26 49
77 27 55
77 28 37
77 29 46
77 30 55
77 31 46
77 32 42
77 33 35
77 34 60
77 35 46
77 36 47
77 37 44
77 38 52
77 39 54
77 40 37
77 41 43
77 42 59
77 43 55
77 44 43
77 45 42
77 46 44
77 47 50
77 48 50
77 49 37
77 50 52
77 51 53
77 52 60
77 53 50
77 54 38
77 55 36
77 56 41
77 57 40
77 58 54
77 59 49
77 60 57
77 61 56
77 62 46
77 63 56
77 64 55
77 65 41
77 66 40
77 67 59
77 68 55
77 69 51
77 70 43
77 71 36
77 72 44
77 73 58
77 74 35
77 75 58
77 76 36
77 77 0
77 78 38
77 79 49
77 80 35
77 81 57
77 82 55
77 83 54
77 84 47
77 85 46
77 86 60
77 87 46
77 88 59
77 89 35
77 90 42
77 91 44
77 92 44
77 93 59
77 94 38
77 95 58
77 96 37
77 97 45
77 98 37
77 99 49
77 100 60
77 101 56
77 102 44
77 103 53
77 104 42
77 105 47
77 106 39
77 107 60
77 108 60
77 109 54
77 110 42
77 111 59
77 112 45
77 113 38
77 114 44
77 115 35
77 116 37
77 117 41
77 118 52
77 119 50
77 120 45
77 121 60
77 122 51
77 123 56
77 124 59
77 125 55
77 126 58
77 127 48
77 128 49
77 129 57
77 130 57
77 131 35
77 132 41
77 133 36
77 134 45
77 135 47
77 136 42
77 137 46
77 138 47
77 139 53
77 140 48
77 141 46
77 142 46
77 143 48
77 144 48
77 145 58
77 146 36
78 1 43
78 2 38
78 3 43
78 4 56
78 5 35
78 6 45
78 7 36
78 8 60
78 9 37
78 10 48
78 11 57
78 12 51
78 13 54
78 14 35
78 15 36
78 16 42
78 17 42
78 18 48
78 19 57
78 20 40
78 21 60
78 22 54
78 23 57
78 24 37
78 25 55
78 26 43
78 27 40
78 28 39
78 29 36
78 30 42
78 31 44
78 32 58
78 33 56
78 34 42
78 35 52
78 36 48
78 37 37
78 38 60
78 39 55
78 40 48
78 41 46
78 42 57
78 43 50
78 44 40
78 45 53
78 46 49
78 47 59
78 48 42
78 49 51
78 50 39
78 51 60
78 52 48
78 53 37
78 54 57
78 55 38
78 56 40
78 57 39
78 58 38
78 59 39
78 60 50
78 61 53
78 62 37
78 63 46
78 64 47
78 65 47
78 66 49
78 67 38
78 68 51
78 69 59
78 70 44
78 71 35
78 72 50
78 73 57
78 74 36
78 75 41
78 76 44
78 77 49
78 78 0
78 79 52
78 80 54
78 81 47
78 82 36
78 83 53
78 84 48
78 85 50
78 86 48
78 87 36
78 88 46
78 89 50
78 90 49
78 91 60
78 92 55
78 93 56
78 94 44
78 95 55
78 96 36
78 97 48
78 98 56
78 99 54
78 100 47
78 101 38
78 102 54
78 103 47
78 104 38
78 105 59
78 106 38
78 107 39
78 108 47
78 109 41
78 110 46
78 111 45
78 112 39
78 113 43
78 114 39
78 115 35
78 116 56
78 117 56
78 118 43
78 119 50
78 120 57
78 121 51
78 122 39
78 123 40
78 124 59
78 125 35
78 126 56
78 127 40
78 128 39
78 129 49
78 130 35
78 131 37
78 132 41
78 133 44
78 134 56
78 135 57
78 136 51
78 137 40
78 138 53
78 139 45
78 140 49
78 141 59
78 142 39
78 143 47
78 144 47
78 145 44
78 146 43
79 1 55
79 2 54
79 3 48
79 4 44
79 5 35
79 6 37
79 7 35
79 8 45
79 9 40
79 10 57
79 11 53
79 12 58
79 13 49
79 14 37
79 15 55
79 16 50
79 17 59
79 18 37
79 19 42
79 20 52
79 21 47
79 22 45
79 23 57
79 24 40
79 25 58
79 26 36
79 27 60
79 28 45
79 29 36
79 30 41
79 31 52
79 32 46
79 33 47
79 34 47
79 35 41
79 36 59
79 37 55
79 38 45
79 39 43
79 40 60
79 41 57
79 42 56
79 43 55
79 44 38
79 45 39
79 46 44
79 47 41
79 48 45
79 49 48
79 50 38
79 51 41
79 52 50
79 53 43
79 54 60
79 55 47
79 56 41
79 57 36
79 58 47
79 59 53
79 60 56
79 61 59
79 62 57
79 63 50
79 64 38
79 65 52
79 66 53
79 67 57
79 68 44
79 69 44
79 70 47
79 71 50
79 72 59
79 73 51
79 74 58
79 75 44
79 76 42
79 77 40
79 78 50
79 79 0
79 80 37
79 81 60
79 82 44
79 83 40
79 84 41
79 85 39
79 86 57
79 87 43
79 88 60
79 89 59
79 90 44
79 91 49
79 92 49
79 93 48
79 94 50
79 95 53
79 96 39
79 97 50
79 98 53
79 99 36
79 100 48
79 101 55
79 102 47
79 103 59
79 104 40
79 105 41
79 106 60
79 107 59
79 108 41
79 109 47
79 110 46
79 111 35
79 112 35
79 113 54
79 114 35
79 115 50
79 116 57
79 117 50
79 118 35
79 119 53
79 120 58
79 121 57
79 122 39
79 123 44
79 124 54
79 125 47
79 126 48
79 127 37
79 128 41
79 129 43
79 130 54
79 131 42
79 132 36
79 133 51
79 134 49
79 135 60
79 136 37
79 137 55
79 138 57
79 139 43
79 140 41
79 141 37
79 142 40
79 143 51
79 144 49
79 145 52
79 146 53
80 1 49
80 2 52
80 3 39
80 4 35
80 5 54
80 6 45
80 7 54
80 8 56
80 9 57
80 10 60
80 11 51
80 12 60
80 13 57
80 14 52
80 15 47
80 16 54
80 17 44
80 18 43
80 19 46
80 20 45
80 21 55
80 22 52
80 23 51
80 24 42
80 25 60
80 26 57
80 27 49
80 28 56
80 29 53
80 30 45
80 31 56
80 32 55
80 33 43
80 34 55
80 35 59
80 36 52
80 37 43
80 38 51
80 39 37
80 40 45
80 41 48
80 42 60
80 43 49
80 44 53
80 45 35
80 46 40
80 47 38
80 48 60
80 49 50
80 50 41
80 51 44
80 52 38
80 53 54
80 54 46
80 55 45
80 56 60
80 57 49
80 58 58
80 59 47
80 60 44
80 61 40
80 62 48
80 63 36
80 64 53
80 65 60
80 66 47
80 67 44
80 68 44
80 69 45
80 70 54
80 71 57
80 72 57
80 73 45
80 74 40
80 75 55
80 76 48
80 77 59
80 78 50
80 79 57
80 80 0
80 81 58
80 82 51
80 83 38
80 84 35
80 85 44
80 86 42
80 87 37
80 88 60
80 89 38
80 90 36
80 91 48
80 92 46
80 93 56
80 94 54
80 95 44
80 96 39
80 97 36
80 98 58
80 99 58
80 100 57
80 101 50
80 102 38
80 103 46
80 104 45
80 105 50
80 106 55
80 107 58
80 108 54
80 109 50
80 110 35
80 111 40
80 112 37
80 113 46
80 114 53
80 115 53
80 116 40
80 117 40
80 118 60
80 119 50
80 120 42
80 121 57
80 122 35
80 123 59
80 124 60
80 125 56
80 126 42
80 127 38
80 128 53
80 129 43
80 130 41
80 131 54
80 132 52
80 133 48
80 134 50
80 135 49
80 136 60
80 137 47
80 138 44
80 139 37
80 140 51
80 141 42
80 142 35
80 143 52
80 144 46
80 145 42
80 146 51
81 1 55
81 2 53
81 3 43
81 4 50
81 5 48
81 6 47
81 7 37
81 8 36
81 9 48
81 10 44
81 11 43
81 12 42
81 13 57
81 14 40
81 15 48
81 16 58
81 17 54
81 18 60
81 19 35
81 20 42
81 21 53
81 22 43
81 23 41
81 24 44
81 25 59
81 26 41
81 27 55
81 28 38
81 29 43
81 30 39
81 31 60
81 32 48
81 33 53
81 34 53
81 35 56
81 36 60
81 37 59
81 38 38
81 39 56
81 40 44
81 41 41
81 42 57
81 43 51
81 44 36
81 45 45
81 46 44
81 47 39
81 48 43
81 49 59
81 50 60
81 51 36
81 52 52
81 53 50
81 54 46
81 55 44
81 56 53
81 57 52
81 58 42
81 59 49
81 60 41
81 61 44
81 62 39
81 63 44
81 64 48
81 65 50
81 66 60
81 67 55
81 68 41
81 69 43
81 70 59
81 71 43
81 72 59
81 73 47
81 74 39
81 75 49
81 76 59
81 77 36
81 78 39
81 79 35
81 80 53
81 81 0
81 82 50
81 83 37
81 84 44
81 85 35
81 86 53
81 87 46
81 88 57
81 89 35
81 90 49
81 91 58
81 92 59
81 93 50
81 94 36
81 95 42
81 96 55
81 97 45
81 98 39
81 99 55
81 100 58
81 101 57
81 102 42
81 103 35
81 104 47
81 105 55
81 106 45
81 107 46
81 108 47
81 109 42
81 110 36
81 111 35
81 112 44
81 113 37
81 114 35
81 115 36
81 116 45
81 117 53
81 118 59
81 119 42
81 120 44
81 121 35
81 122 55
81 123 53
81 124 50
81 125 51
81 126 37
81 127 54
81 128 45
81 129 56
81 130 48
81 131 53
81 132 43
81 133 53
81 134 52
81 135 52
81 136 38
81 137 55
81 138 41
81 139 54
81 140 60
81 141 60
81 142 57
81 143 43
81 144 47
81 145 35
81 146 39
82 1 58
82 2 38
82 3 44
82 4 45
82 5 48
82 6 52
82 7 59
82 8 39
82 9 41
82 10 57
82 11 57
82 12 37
82 13 47
82 14 52
82 15 59
82 16 56
82 17 51
82 18 39
82 19 36
82 20 47
82 21 56
82 22 55
82 23 44
82 24 51
82 25 55
82 26 60
82 27 47
82 28 53
82 29 49
82 30 59
82 31 40
82 32 51
82 33 56
82 34 35
82 35 39
82 36 53
82 37 48
82 38 56
82 39 41
82 40 47
82 41 48
82 42 57
82 43 44
82 44 48
82 45 54
82 46 54
82 47 42
82 48 47
82 49 58
82 50 60
82 51 35
82 52 53
82 53 39
82 54 39
82 55 35
82 56 44
82 57 47
82 58 38
82 59 39
82 60 44
82 61 37
82 62 51
82 63 56
82 64 43
82 65 51
82 66 45
82 67 39
82 68 41
82 69 46
82 70 42
82 71 56
82 72 50
82 73 56
82 74 57
82 75 41
82 76 57
82 77 48
82 78 53
82 79 43
82 80 58
82 81 46
82 82 0
82 83 36
82 84 53
82 85 44
82 86 41
82 87 47
82 88 58
82 89 36
82 90 47
82 91 35
82 92 59
82 93 46
82 94 57
82 95 50
82 96 35
82 97 35
82 98 36
82 99 43
82 100 40
82 101 48
82 102 42
82 103 51
82 104 39
82 105 45
82 106 53
82 107 54
82 108 56
82 109 53
82 110 57
82 111 55
82 112 38
82 113 48
82 114 39
82 115 59
82 116 59
82 117 56
82 118 47
82 119 57
82 120 60
82 121 54
82 122 46
82 123 47
82 124 51
82 125 58
82 126 41
82 127 56
82 128 57
82 129 49
82 130 51
82 131 41
82 132 44
82 133 49
82 134 42
82 135 54
82 136 49
82 137 60
82 138 40
82 139 42
82 140 50
82 141 58
82 142 45
82 143 53
82 144 44
82 145 52
82 146 42
83 1 37
83 2 50
83 3 36
83 4 39
83 5 36
83 6 57
83 7 52
83 8 49
83 9 46
83 10 46
83 11 36
83 12 40
83 13 43
83 14 54
83 15 42
83 16 59
83 17 38
83 18 49
83 19 60
83 20 44
83 21 60
83 22 51
83 23 42
83 24 53
83 25 42
83 26 60
83 27 53
83 28 55
83 29 48
83 30 47
83 31 53
83 32 48
83 33 40
83 34 50
83 35 50
83 36 39
83 37 35
83 38 38
83 39 36
83 40 43
83 41 41
83 42 37
83 43 50
83 44 56
83 45 59
83 46 52
83 47 57
83 48 54
83 49 40
83 50 42
83 51 37
83 52 46
83 53 50
83 54 49
83 55 36
83 56 44
83 57 57
83 58 42
83 59 40
83 60 36
83 61 51
83 62 53
83 63 45
83 64 50
83 65 57
83 66 37
83 67 37
83 68 57
83 69 39
83 70 50
83 71 36
83 72 43
83 73 43
83 74 52
83 75 60
83 76 36
83 77 59
83 78 54
83 79 43
83 80 58
83 81 57
83 82 57
83 83 0
83 84 55
83 85 57
83 86 42
83 87 44
83 88 60
83 89 54
83 90 59
83 91 43
83 92 45
83 93 54
83 94 59
83 95 55
83 96 44
83 97 36
83 98 38
83 99 48
83 100 59
83 101 40
83 102 52
83 103 59
83 104 53
83 105 58
83 106 58
83 107 37
83 108 58
83 109 60
83 110 51
83 111 56
83 112 50
83 113 47
83 114 51
83 115 56
83 116 46
83 117 44
83 118 53
83 119 53
83 120 44
83 121 45
83 122 55
83 123 36
83 124 60
83 125 40
83 126 38
83 127 60
83 128 53
83 129 45
83 130 39
83 131 35
83 132 45
83 133 52
83 134 39
83 135 38
83 136 51
83 137 53
83 138 46
83 139 43
83 140 56
83 141 43
83 142 48
83 143 40
83 144 59
83 145 35
83 146 37
84 1 47
84 2 37
84 3 36
84 4 42
84 5 56
84 6 50
84 7 54
84 8 36
84 9 56
84 10 54
84 11 53
84 12 51
84 13 38
84 14 53
84 15 38
84 16 58
84 17 49
84 18 57
84 19 44
84 20 59
84 21 56
84 22 55
84 23 57
84 24 50
84 25 38
84 26 51
84 27 54
84 28 59
84 29 44
84 30 42
84 31 54
84 32 48
84 33 40
84 34 48
84 35 56
84 36 56
84 37 48
84 38 36
84 39 60
84 40 60
84 41 42
84 42 50
84 43 48
84 44 59
84 45 60
84 46 52
84 47 54
84 48 58
84 49 55
84 50 53
84 51 47
84 52 46
84 53 51
84 54 54
84 55 48
84 56 44
84 57 45
84 58 40
84 59 48
84 60 49
84 61 37
84 62 60
84 63 42
84 64 37
84 65 55
84 66 55
84 67 56
84 68 54
84 69 60
84 70 39
84 71 36
84 72 37
84 73 55
84 74 56
84 75 46
84 76 46
84 77 47
84 78 59
84 79 49
84 80 55
84 81 40
84 82 48
84 83 48
84 84 0
84 85 51
84 86 57
84 87 36
84 88 37
84 89 45
84 90 47
84 91 57
84 92 56
84 93 54
84 94 56
84 95 48
84 96 60
84 97 59
84 98 48
84 99 52
84 100 52
84 101 44
84 102 58
84 103 46
84 104 37
84 105 35
84 106 38
84 107 56
84 108 49
84 109 59
84 110 60
84 111 40
84 112 36
84 113 36
84 114 60
84 115 45
84 116 53
84 117 51
84 118 58
84 119 39
84 120 54
84 121 35
84 122 49
84 123 48
84 124 41
84 125 51
84 126 53
84 127 57
84 128 40
84 129 36
84 130 59
84 131 52
84 132 46
84 133 50
84 134 57
84 135 45
84 136 51
84 137 55
84 138 58
84 139 52
84 140 53
84 141 60
84 142 40
84 143 40
84 144 47
84 145 58
84 146 43
85 1 38
85 2 42
85 3 53
85 4 42
85 5 41
85 6 42
85 7 51
85 8 58
85 9 50
85 10 36
85 11 58
85 12 48
85 13 46
85 14 44
85 15 38
85 16 60
85 17 45
85 18 43
85 19 38
85 20 60
85 21 46
85 22 39
85 23 41
85 24 36
85 25 60
85 26 48
85 27 60
85 28 37
85 29 49
85 30 43
85 31 59
85 32 55
85 33 43
85 34 47
85 35 47
85 36 41
85 37 54
85 38 41
85 39 56
85 40 54
85 41 40
85 42 42
85 43 42
85 44 57
85 45 60
85 46 42
85 47 43
85 48 44
85 49 56
85 50 45
85 51 58
85 52 58
85 53 59
85 54 48
85 55 51
85 56 55
85 57 43
85 58 39
85 59 51
85 60 53
85 61 48
85 62 41
85 63 51
85 64 40
85 65 36
85 66 58
85 67 40
85 68 38
85 69 43
85 70 35
85 71 40
85 72 54
85 73 53
85 74 43
85 75 46
85 76 38
85 77 36
85 78 37
85 79 36
85 80 46
85 81 51
85 82 51
85 83 47
85 84 60
85 85 0
85 86 54
85 87 44
85 88 37
85 89 49
85 90 49
85 91 48
85 92 58
85 93 52
85 94 43
85 95 52
85 96 44
85 97 59
85 98 38
85 99 58
85 100 46
85 101 48
85 102 36
85 103 56
85 104 56
85 105 42
85 106 47
85 107 59
85 108 40
85 109 53
85 110 53
85 111 58
85 112 36
85 113 43
85 114 41
85 115 51
85 116 59
85 117 48
85 118 42
85 119 43
85 120 38
85 121 42
85 122 56
85 123 39
85 124 44
85 125 35
85 126 55
85 127 41
85 128 53
85 129 48
85 130 47
85 131 43
85 132 53
85 133 53
85 134 60
85 135 58
85 136 53
85 137 40
85 138 51
85 139 47
85 140 50
85 141 53
85 142 47
85 143 39
85 144 53
85 145 59
85 146 40
86 1 54
86 2 36
86 3 38
86 4 58
86 5 46
86 6 56
86 7 50
86 8 54
86 9 57
86 10 45
86 11 53
86 12 57
86 13 44
86 14 43
86 15 43
86 16 57
86 17 47
86 18 38
86 19 46
86 20 45
86 21 38
86 22 54
86 23 51
86 24 51
86 25 54
86 26 51
86 27 43
86 28 55
86 29 43
86 30 35
86 31 38
86 32 41
86 33 59
86 34 46
86 35 58
86 36 47
86 37 35
86 38 41
86 39 43
86 40 41
86 41 43
86 42 39
86 43 39
86 44 45
86 45 42
86 46 46
86 47 42
86 48 36
86 49 37
86 50 43
86 51 40
86 52 51
86 53 58
86 54 51
86 55 35
86 56 51
86 57 54
86 58 46
86 59 50
86 60 59
86 61 50
86 62 46
86 63 50
86 64 57
86 65 55
86 66 58
86 67 43
86 68 43
86 69 58
86 70 45
86 71 43
86 72 54
86 73 38
86 74 36
86 75 36
86 76 53
86 77 39
86 78 40
86 79 49
86 80 53
86 81 38
86 82 40
86 83 58
86 84 36
86 85 49
86 86 0
86 87 49
86 88 58
86 89 35
86 90 54
86 91 38
86 92 43
86 93 53
86 94 35
86 95 60
86 96 42
86 97 56
86 98 40
86 99 54
86 100 51
86 101 48
86 102 48
86 103 57
86 104 51
86 105 60
86 106 52
86 107 47
86 108 39
86 109 35
86 110 47
86 111 43
86 112 36
86 113 54
86 114 55
86 115 35
86 116 46
86 117 39
86 118 49
86 119 39
86 120 50
86 121 49
86 122 50
86 123 51
86 124 43
86 125 35
86 126 42
86 127 59
86 128 45
86 129 47
86 130 36
86 131 57
86 132 46
86 133 49
86 134 41
86 135 39
86 136 42
86 137 59
86 138 38
86 139 44
86 140 41
86 141 38
86 142 52
86 143 59
86 144 59
86 145 40
86 146 38
87 1 43
87 2 50
87 3 36
87 4 60
87 5 53
87 6 41
87 7 57
87 8 53
87 9 48
87 10 52
87 11 35
87 12 56
87 13 42
87 14 57
87 15 45
87 16 48
87 17 49
87 18 48
87 19 36
87 20 42
87 21 57
87 22 51
87 23 51
87 24 36
87 25 48
87 26 47
87 27 44
87 28 57
87 29 43
87 30 42
87 31 42
87 32 54
87 33 35
87 34 37
87 35 37
87 36 55
87 37 41
87 38 51
87 39 55
87 40 35
87 41 50
87 42 38
87 43 43
87 44 58
87 45 54
87 46 38
87 47 59
87 48 42
87 49 48
87 50 55
87 51 57
87 52 37
87 53 38
87 54 51
87 55 48
87 56 47
87 57 35
87 58 60
87 59 52
87 60 48
87 61 45
87 62 60
87 63 54
87 64 55
87 65 41
87 66 37
87 67 54
87 68 42
87 69 36
87 70 38
87 71 37
87 72 41
87 73 58
87 74 38
87 75 46
87 76 46
87 77 43
87 78 36
87 79 55
87 80 44
87 81 42
87 82 58
87 83 36
87 84 45
87 85 58
87 86 36
87 87 0
87 88 37
87 89 57
87 90 35
87 91 41
87 92 42
87 93 59
87 94 53
87 95 57
87 96 57
87 97 43
87 98 39
87 99 56
87 100 47
87 101 35
87 102 49
87 103 47
87 104 50
87 105 46
87 106 48
87 107 41
87 108 53
87 109 46
87 110 56
87 111 44
87 112 42
87 113 42
87 114 53
87 115 50
87 116 51
87 117 41
87 118 47
87 119 50
87 120 50
87 121 51
87 122 40
87 123 55
87 124 45
87 125 46
87 126 47
87 127 53
87 128 58
87 129 37
87 130 40
87 131 39
87 132 59
87 133 48
87 134 44
87 135 43
87 136 40
87 137 59
87 138 45
87 139 36
87 140 48
87 141 41
87 142 35
87 143 47
87 144 42
87 145 39
87 146 51
88 1 54
88 2 38
88 3 51
88 4 47
88 5 56
88 6 46
88 7 51
88 8 56
88 9 35
88 10 57
88 11 46
88 12 50
88 13 51
88 14 41
88 15 52
88 16 39
88 17 60
88 18 36
88 19 52
88 20 35
88 21 45
88 22 58
88 23 50
88 24 38
88 25 44
88 26 58
88 27 59
88 28 48
88 29 52
88 30 57
88 31 47
88 32 41
88 33 53
88 34 35
88 35 59
88 36 57
88 37 59
88 38 44
88 39 39
88 40 38
88 41 39
88 42 49
88 43 54
88 44 46
88 45 43
88 46 52
88 47 48
88 48 57
88 49 44
88 50 42
88 51 57
88 52 44
88 53 45
88 54 52
88 55 36
88 56 57
88 57 48
88 58 44
88 59 58
88 60 48
88 61 47
88 62 50
88 63 36
88 64 35
88 65 49
88 66 38
88 67 40
88 68 50
88 69 49
88 70 40
88 71 57
88 72 45
88 73 60
88 74 49
88 75 55
88 76 51
88 77 35
88 78 48
88 79 50
88 80 58
88 81 38
88 82 46
88 83 40
88 84 41
88 85 51
88 86 40
88 87 39
88 88 0
88 89 55
88 90 36
88 91 56
88 92 49
88 93 43
88 94 43
88 95 52
88 96 37
88 97 55
88 98 46
88 99 59
88 100 37
88 101 41
88 102 37
88 103 40
88 104 35
88 105 44
88 106 41
88 107 52
88 108 60
88 109 46
88 110 38
88 111 59
88 112 44
88 113 48
88 114 52
88 115 41
88 116 56
88 117 46
88 118 58
88 119 42
88 120 40
88 121 54
88 122 51
88 123 44
88 124 57
88 125 38
88 126 41
88 127 59
88 128 39
88 129 51
88 130 49
88 131 39
88 132 44
88 133 49
88 134 48
88 135 52
88 136 47
88 137 60
88 138 54
88 139 46
88 140 45
88 141 58
88 142 35
88 143 43
88 144 46
88 145 41
88 146 56
89 1 49
89 2 41
89 3 58
89 4 46
89 5 38
89 6 37
89 7 56
89 8 38
89 9 59
89 10 44
89 11 59
89 12 57
89 13 47
89 14 37
89 15 40
89 16 42
89 17 49
89 18 59
89 19 48
89 20 43
89 21 40
89 22 39
89 23 42
89 24 56
89 25 60
89 26 37
89 27 42
89 28 47
89 29 46
89 30 59
89 31 60
89 32 46
89 33 36
89 34 44
89 35 55
89 36 44
89 37 55
89 38 50
89 39 49
89 40 43
89 41 42
89 42 44
89 43 41
89 44 44
89 45 58
89 46 54
89 47 44
89 48 53
89 49 51
89 50 55
89 51 43
89 52 37
89 53 54
89 54 50
89 55 47
89 56 53
89 57 58
89 58 41
89 59 42
89 60 46
89 61 51
89 62 37
89 63 44
89 64 51
89 65 39
89 66 38
89 67 38
89 68 43
89 69 39
89 70 36
89 71 55
89 72 38
89 73 44
89 74 53
89 75 35
89 76 44
89 77 40
89 78 37
89 79 55
89 80 47
89 81 43
89 82 52
89 83 38
89 84 35
89 85 52
89 86 51
89 87 58
89 88 36
89 89 0
89 90 44
89 91 59
89 92 45
89 93 54
89 94 47
89 95 47
89 96 55
89 97 55
89 98 57
89 99 37
89 100 39
89 101 54
89 102 48
89 103 35
89 104 44
89 105 59
89 106 47
89 107 53
89 108 42
89 109 35
89 110 55
89 111 38
89 112 49
89 113 51
89 114 38
89 115 37
89 116 45
89 117 52
89 118 46
89 119 55
89 120 45
89 121 39
89 122 52
89 123 51
89 124 58
89 125 35
89 126 50
89 127 50
89 128 50
89 129 39
89 130 51
89 131 41
89 132 40
89 133 45
89 134 46
89 135 36
89 136 57
89 137 43
89 138 41
89 139 39
89 140 42
89 141 56
89 142 58
89 143 60
89 144 56
89 145 42
89 146 39
90 1 45
90 2 53
90 3 36
90 4 52
90 5 40
90 6 48
90 7 60
90 8 46
90 9 41
90 10 49
90 11 55
90 12 44
90 13 42
90 14 46
90 15 39
90 16 41
90 17 48
90 18 37
90 19 46
90 20 50
90 21 59
90 22 50
90 23 55
90 24 48
90 25 56
90 26 43
90 27 45
90 28 41
90 29 51
90 30 60
90 31 37
90 32 42
90 33 60
90 34 36
90 35 41
90 36 49
90 37 35
90 38 56
90 39 45
90 40 47
90 41 40
90 42 35
90 43 60
90 44 42
90 45 45
90 46 42
90 47 44
90 48 35
90 49 46
90 50 41
90 51 59
90 52 55
90 53 37
90 54 44
90 55 56
90 56 53
90 57 57
90 58 57
90 59 60
90 60 40
90 61 51
90 62 38
90 63 57
90 64 45
90 65 56
90 66 46
90 67 53
90 68 39
90 69 43
90 70 49
90 71 49
90 72 49
90 73 46
90 74 53
90 75 56
90 76 51
90 77 49
90 78 40
90 79 55
90 80 45
90 81 40
90 82 51
90 83 46
90 84 58
90 85 51
90 86 48
90 87 40
90 88 40
90 89 58
90 90 0
90 91 43
90 92 45
90 93 59
90 94 59
90 95 57
90 96 58
90 97 35
90 98 42
90 99 53
90 100 49
90 101 39
90 102 56
90 103 49
90 104 37
90 105 58
90 106 60
90 107 35
90 108 53
90 109 42
90 110 43
90 111 42
90 112 38
90 113 39
90 114 48
90 115 43
90 116 50
90 117 37
90 118 43
90 119 47
90 120 35
90 121 35
90 122 47
90 123 47
90 124 45
90 125 35
90 126 50
90 127 58
90 128 59
90 129 40
90 130 47
90 131 53
90 132 44
90 133 53
90 134 51
90 135 52
90 136 54
90 137 59
90 138 51
90 139 52
90 140 48
90 141 43
90 142 57
90 143 40
90 144 54
90 145 58
90 146 37
91 1 44
91 2 42
91 3 53
91 4 50
91 5 37
91 6 58
91 7 47
91 8 55
91 9 55
91 10 41
91 11 50
91 12 48
91 13 35
91 14 45
91 15 59
91 16 44
91 17 55
91 18 46
91 19 44
91 20 60
91 21 39
91 22 47
91 23 52
91 24 45
91 25 39
91 26 55
91 27 46
91 28 52
91 29 57
91 30 44
91 31 49
91 32 41
91 33 36
91 34 42
91 35 44
91 36 48
91 37 50
91 38 47
91 39 37
91 40 55
91 41 44
91 42 38
91 43 43
91 44 59
91 45 44
91 46 59
91 47 56
91 48 35
91 49 44
91 50 48
91 51 60
91 52 38
91 53 42
91 54 45
91 55 51
91 56 54
91 57 50
91 58 43
91 59 38
91 60 44
91 61 55
91 62 45
91 63 57
91 64 35
91 65 56
91 66 36
91 67 52
91 68 42
91 69 46
91 70 58
91 71 53
91 72 53
91 73 41
91 74 42
91 75 43
91 76 58
91 77 40
91 78 39
91 79 55
91 80 38
91 81 35
91 82 41
91 83 56
91 84 46
91 85 58
91 86 36
91 87 60
91 88 50
91 89 45
91 90 40
91 91 0
91 92 58
91 93 60
91 94 36
91 95 35
91 96 56
91 97 50
91 98 53
91 99 47
91 100 57
91 101 50
91 102 52
91 103 54
91 104 42
91 105 37
91 106 57
91 107 43
91 108 46
91 109 59
91 110 50
91 111 60
91 112 44
91 113 38
91 114 43
91 115 55
91 116 39
91 117 54
91 118 38
91 119 40
91 120 35
91 121 47
91 122 48
91 123 35
91 124 41
91 125 58
91 126 37
91 127 47
91 128 50
91 129 49
91 130 35
91 131 60
91 132 46
91 133 36
91 134 55
91 135 48
91 136 46
91 137 57
91 138 35
91 139 41
91 140 36
91 141 47
91 142 51
91 143 57
91 144 57
91 145 50
91 146 46
92 1 47
92 2 44
92 3 42
92 4 42
92 5 37
92 6 59
92 7 51
92 8 36
92 9 41
92 10 40
92 11 48
92 12 57
92 13 48
92 14 46
92 15 51
92 16 39
92 17 53
92 18 44
92 19 37
92 20 41
92 21 47
92 22 47
92 23 51
92 24 49
92 25 57
92 26 43
92 27 47
92 28 40
92 29 46
92 30 49
92 31 60
92 32 59
92 33 53
92 34 42
92 35 42
92 36 45
92 37 55
92 38 44
92 39 49
92 40 51
92 41 42
92 42 47
92 43 50
92 44 36
92 45 49
92 46 38
92 47 50
92 48 40
92 49 55
92 50 48
92 51 36
92 52 55
92 53 50
92 54 55
92 55 39
92 56 54
92 57 39
92 58 35
92 59 48
92 60 58
92 61 46
92 62 46
92 63 47
92 64 57
92 65 57
92 66 56
92 67 39
92 68 59
92 69 36
92 70 51
92 71 49
92 72 57
92 73 37
92 74 39
92 75 58
92 76 48
92 77 46
92 78 41
92 79 52
92 80 58
92 81 44
92 82 52
92 83 51
92 84 36
92 85 45
92 86 58
92 87 55
92 88 40
92 89 47
92 90 54
92 91 35
92 92 0
92 93 51
92 94 55
92 95 50
92 96 54
92 97 52
92 98 46
92 99 36
92 100 35
92 101 52
92 102 47
92 103 42
92 104 48
92 105 54
92 106 46
92 107 46
92 108 50
92 109 51
92 110 44
92 111 43
92 112 57
92 113 52
92 114 40
92 115 42
92 116 53
92 117 50
92 118 57
92 119 42
92 120 45
92 121 42
92 122 47
92 123 48
92 124 40
92 125 51
92 126 43
92 127 38
92 128 44
92 129 38
92 130 42
92 131 45
92 132 41
92 133 41
92 134 52
92 135 47
92 136 56
92 137 53
92 138 35
92 139 50
92 140 42
92 141 55
92 142 38
92 143 48
92 144 36
92 145 36
92 146 44
93 1 50
93 2 56
93 3 37
93 4 44
93 5 47
93 6 50
93 7 49
93 8 44
93 9 48
93 10 48
93 11 35
93 12 41
93 13 59
93 14 55
93 15 54
93 16 55
93 17 37
93 18 56
93 19 47
93 20 51
93 21 46
93 22 55
93 23 54
93 24 46
93 25 48
93 26 42
93 27 42
93 28 47
93 29 58
93 30 36
93 31 60
93 32 41
93 33 55
93 34 41
93 35 36
93 36 56
93 37 53
93 38 38
93 39 50
93 40 41
93 41 41
93 42 58
93 43 59
93 44 53
93 45 58
93 46 46
93 47 38
93 48 53
93 49 50
93 50 50
93 51 48
93 52 41
93 53 40
93 54 51
93 55 52
93 56 46
93 57 39
93 58 35
93 59 58
93 60 46
93 61 42
93 62 44
93 63 38
93 64 52
93 65 46
93 66 45
93 67 43
93 68 36
93 69 43
93 70 54
93 71 37
93 72 53
93 73 57
93 74 37
93 75 43
93 76 44
93 77 45
93 78 39
93 79 54
93 80 50
93 81 53
93 82 40
93 83 43
93 84 36
93 85 42
93 86 60
93 87 53
93 88 48
93 89 55
93 90 42
93 91 60
93 92 41
93 93 0
93 94 58
93 95 53
93 96 36
93 97 48
93 98 47
93 99 40
93 100 54
93 101 51
93 102 50
93 103 51
93 104 39
93 105 35
93 106 53
93 107 60
93 108 44
93 109 46
93 110 54
93 111 46
93 112 36
93 113 52
93 114 44
93 115 45
93 116 41
93 117 42
93 118 60
93 119 58
93 120 44
93 121 47
93 122 41
93 123 37
93 124 37
93 125 36
93 126 46
93 127 60
93 128 57
93 129 51
93 130 45
93 131 53
93 132 49
93 133 50
93 134 50
93 135 50
93 136 45
93 137 45
93 138 41
93 139 50
93 140 38
93 141 59
93 142 60
93 143 60
93 144 54
93 145 42
93 146 58
94 1 48
94 2 37
94 3 54
94 4 57
94 5 46
94 6 50
94 7 42
94 8 60
94 9 53
94 10 40
94 11 59
94 12 38
94 13 60
94 14 48
94 15 49
94 16 54
94 17 44
94 18 37
94 19 37
94 20 49
94 21 46
94 22 40
94 23 40
94 24 45
94 25 42
94 26 41
94 27 50
94 28 59
94 29 47
94 30 52
94 31 43
94 32 58
94 33 58
94 34 58
94 35 40
94 36 42
94 37 37
94 38 45
94 39 46
94 40 57
94 41 45
94 42 45
94 43 60
94 44 45
94 45 43
94 46 41
94 47 58
94 48 58
94 49 59
94 50 58
94 51 57
94 52 52
94 53 48
94 54 35
94 55 46
94 56 53
94 57 39
94 58 35
94 59 38
94 60 48
94 61 54
94 62 58
94 63 47
94 64 39
94 65 36
94 66 43
94 67 35
94 68 38
94 69 46
94 70 51
94 71 43
94 72 59
94 73 55
94 74 37
94 75 47
94 76 52
94 77 45
94 78 53
94 79 36
94 80 38
94 81 56
94 82 49
94 83 49
94 84 37
94 85 47
94 86 40
94 87 37
94 88 48
94 89 53
94 90 52
94 91 50
94 92 47
94 93 43
94 94 0
94 95 49
94 96 58
94 97 41
94 98 54
94 99 38
94 100 47
94 101 40
94 102 36
94 103 48
94 104 41
94 105 46
94 106 37
94 107 45
94 108 52
94 109 44
94 110 42
94 111 56
94 112 59
94 113 35
94 114 51
94 115 37
94 116 35
94 117 59
94 118 35
94 119 49
94 120 54
94 121 50
94 122 60
94 123 53
94 124 47
94 125 53
94 126 40
94 127 45
94 128 36
94 129 43
94 130 55
94 131 46
94 132 60
94 133 60
94 134 37
94 135 39
94 136 47
94 137 37
94 138 54
94 139 59
94 140 43
94 141 44
94 142 41
94 143 36
94 144 48
94 145 52
94 146 46
95 1 48
95 2 48
95 3 46
95 4 55
95 5 37
95 6 54
95 7 39
95 8 60
95 9 35
95 10 57
95 11 60
95 12 42
95 13 49
95 14 58
95 15 60
95 16 57
95 17 43
95 18 60
95 19 54
95 20 44
95 21 35
95 22 47
95 23 41
95 24 46
95 25 42
95 26 38
95 27 51
95 28 53
95 29 44
95 30 58
95 31 47
95 32 59
95 33 49
95 34 58
95 35 41
95 36 48
95 37 57
95 38 49
95 39 37
95 40 51
95 41 46
95 42 43
95 43 51
95 44 54
95 45 55
95 46 60
95 47 48
95 48 37
95 49 41
95 50 45
95 51 41
95 52 38
95 53 55
95 54 37
95 55 56
95 56 48
95 57 35
95 58 52
95 59 51
95 60 38
95 61 54
95 62 41
95 63 54
95 64 35
95 65 52
95 66 47
95 67 36
95 68 47
95 69 52
95 70 36
95 71 44
95 72 56
95 73 48
95 74 51
95 75 54
95 76 35
95 77 37
95 78 42
95 79 45
95 80 59
95 81 52
95 82 55
95 83 37
95 84 44
95 85 58
95 86 60
95 87 46
95 88 36
95 89 57
95 90 45
95 91 58
95 92 56
95 93 54
95 94 43
95 95 0
95 96 38
95 97 45
95 98 60
95 99 35
95 100 53
95 101 42
95 102 56
95 103 41
95 104 44
95 105 58
95 106 41
95 107 48
95 108 57
95 109 39
95 110 40
95 111 48
95 112 54
95 113 40
95 114 59
95 115 58
95 116 47
95 117 44
95 118 43
95 119 40
95 120 43
95 121 54
95 122 47
95 123 50
95 124 36
95 125 42
95 126 53
95 127 53
95 128 48
95 129 59
95 130 45
95 131 53
95 132 38
95 133 44
95 134 57
95 135 57
95 136 40
95 137 60
95 138 40
95 139 35
95 140 59
95 141 45
95 142 55
95 143 44
95 144 53
95 145 59
95 146 58
96 1 45
96 2 35
96 3 49
96 4 58
96 5 58
96 6 52
96 7 52
96 8 49
96 9 37
96 10 46
96 11 43
96 12 42
96 13 35
96 14 38
96 15 39
96 16 47
96 17 53
96 18 49
96 19 60
96 20 48
96 21 49
96 22 42
96 23 39
96 24 39
96 25 49
96 26 37
96 27 53
96 28 41
96 29 51
96 30 44
96 31 49
96 32 42
96 33 40
96 34 52
96 35 39
96 36 45
96 37 49
96 38 58
96 39 51
96 40 52
96 41 53
96 42 57
96 43 36
96 44 52
96 45 35
96 46 40
96 47 38
96 48 46
96 49 48
96 50 60
96 51 44
96 52 41
96 53 42
96 54 36
96 55 55
96 56 45
96 57 35
96 58 40
96 59 50
96 60 50
96 61 51
96 62 50
96 63 56
96 64 44
96 65 50
96 66 40
96 67 53
96 68 59
96 69 36
96 70 43
96 71 43
96 72 50
96 73 59
96 74 46
96 75 51
96 76 43
96 77 48
96 78 54
96 79 42
96 80 39
96 81 59
96 82 59
96 83 37
96 84 42
96 85 45
96 86 39
96 87 59
96 88 38
96 89 53
96 90 58
96 91 37
96 92 51
96 93 42
96 94 42
96 95 50
96 96 0
96 97 47
96 98 50
96 99 42
96 100 56
96 101 35
96 102 35
96 103 55
96 104 36
96 105 46
96 106 45
96 107 43
96 108 53
96 109 35
96 110 46
96 111 56
96 112 57
96 113 35
96 114 47
96 115 57
96 116 39
96 117 54
96 118 41
96 119 43
96 120 47
96 121 55
96 122 59
96 123 37
96 124 43
96 125 56
96 126 56
96 127 47
96 128 50
96 129 56
96 130 44
96 131 54
96 132 35
96 133 46
96 134 36
96 135 58
96 136 45
96 137 41
96 138 47
96 139 38
96 140 56
96 141 43
96 142 41
96 143 39
96 144 49
96 145 60
96 146 44
97 1 53
97 2 56
97 3 37
97 4 38
97 5 46
97 6 46
97 7 43
97 8 45
97 9 36
97 10 49
97 11 53
97 12 38
97 13 53
97 14 41
97 15 46
97 16 37
97 17 39
97 18 40
97 19 47
97 20 54
97 21 44
97 22 56
97 23 50
97 24 47
97 25 48
97 26 47
97 27 36
97 28 35
97 29 52
97 30 50
97 31 60
97 32 53
97 33 37
97 34 52
97 35 49
97 36 57
97 37 53
97 38 46
97 39 43
97 40 49
97 41 38
97 42 36
97 43 51
97 44 52
97 45 40
97 46 60
97 47 60
97 48 47
97 49 57
97 50 60
97 51 43
97 52 56
97 53 56
97 54 36
97 55 37
97 56 48
97 57 59
97 58 35
97 59 43
97 60 38
97 61 59
97 62 40
97 63 37
97 64 47
97 65 55
97 66 56
97 67 52
97 68 52
97 69 43
97 70 35
97 71 38
97 72 57
97 73 53
97 74 56
97 75 38
97 76 48
97 77 57
97 78 54
97 79 46
97 80 41
97 81 42
97 82 40
97 83 52
97 84 44
97 85 60
97 86 37
97 87 48
97 88 45
97 89 51
97 90 51
97 91 38
97 92 37
97 93 57
97 94 48
97 95 45
97 96 49
97 97 0
97 98 45
97 99 37
97 100 53
97 101 53
97 102 48
97 103 52
97 104 51
97 105 47
97 106 58
97 107 43
97 108 43
97 109 49
97 110 51
97 111 45
97 112 49
97 113 36
97 114 57
97 115 58
97 116 39
97 117 41
97 118 56
97 119 38
97 120 36
97 121 56
97 122 58
97 123 60
97 124 46
97 125 52
97 126 44
97 127 37
97 128 46
97 129 55
97 130 35
97 131 54
97 132 40
97 133 46
97 134 48
97 135 57
97 136 49
97 137 60
97 138 51
97 139 52
97 140 39
97 141 48
97 142 59
97 143 60
97 144 42
97 145 51
97 146 40
98 1 54
98 2 45
98 3 54
98 4 50
98 5 35
98 6 57
98 7 46
98 8 42
98 9 46
98 10 45
98 11 44
98 12 36
98 13 48
98 14 46
98 15 60
98 16 48
98 17 43
98 18 60
98 19 39
98 20 38
98 21 57
98 22 54
98 23 46
98 24 46
98 25 35
98 26 39
98 27 37
98 28 60
98 29 60
98 30 47
98 31 50
98 32 46
98 33 57
98 34 39
98 35 49
98 36 41
98 37 47
98 38 57
98 39 44
98 40 53
98 41 36
98 42 39
98 43 46
98 44 54
98 45 50
98 46 54
98 47 46
98 48 44
98 49 58
98 50 39
98 51 57
98 52 54
98 53 58
98 54 54
98 55 53
98 56 38
98 57 42
98 58 37
98 59 54
98 60 41
98 61 50
98 62 37
98 63 44
98 64 52
98 65 38
98 66 57
98 67 43
98 68 57
98 69 55
98 70 36
98 71 41
98 72 54
98 73 57
98 74 43
98 75 50
98 76 56
98 77 56
98 78 48
98 79 56
98 80 48
98 81 55
98 82 46
98 83 36
98 84 41
98 85 36
98 86 54
98 87 57
98 88 46
98 89 39
98 90 51
98 91 57
98 92 53
98 93 41
98 94 36
98 95 58
98 96 36
98 97 52
98 98 0
98 99 54
98 100 40
98 101 52
98 102 35
98 103 59
98 104 49
98 105 57
98 106 54
98 107 44
98 108 47
98 109 46
98 110 56
98 111 55
98 112 44
98 113 45
98 114 52
98 115 45
98 116 48
98 117 55
98 118 49
98 119 40
98 120 43
98 121 56
98 122 41
98 123 47
98 124 50
98 125 56
98 126 53
98 127 54
98 128 37
98 129 42
98 130 49
98 131 37
98 132 49
98 133 41
98 134 46
98 135 35
98 136 58
98 137 38
98 138 52
98 139 49
98 140 49
98 141 50
98 142 38
98 143 38
98 144 39
98 145 54
98 146 49
99 1 48
99 2 54
99 3 44
99 4 42
99 5 56
99 6 39
99 7 43
99 8 56
99 9 38
99 10 55
99 11 56
99 12 40
99 13 45
99 14 54
99 15 45
99 16 43
99 17 44
99 18 47
99 19 39
99 20 47
99 21 50
99 22 36
99 23 49
99 24 38
99 25 45
99 26 36
99 27 39
99 28 38
99 29 60
99 30 47
99 31 51
99 32 56
99 33 59
99 34 48
99 35 38
99 36 49
99 37 57
99 38 44
99 39 59
99 40 59
99 41 40
99 42 48
99 43 51
99 44 41
99 45 44
99 46 50
99 47 37
99 48 40
99 49 38
99 50 37
99 51 38
99 52 54
99 53 50
99 54 47
99 55 56
99 56 35
99 57 52
99 58 36
99 59 54
99 60 48
99 61 55
99 62 39
99 63 40
99 64 40
99 65 41
99 66 37
99 67 40
99 68 40
99 69 56
99 70 41
99 71 52
99 72 35
99 73 43
99 74 57
99 75 35
99 76 44
99 77 40
99 78 52
99 79 45
99 80 56
99 81 40
99 82 57
99 83 38
99 84 57
99 85 45
99 86 51
99 87 52
99 88 44
99 89 55
99 90 51
99 91 53
99 92 49
99 93 39
99 94 40
99 95 46
99 96 47
99 97 59
99 98 60
99 99 0
99 100 50
99 101 37
99 102 45
99 103 44
99 104 36
99 105 45
99 106 39
99 107 50
99 108 53
99 109 57
99 110 50
99 111 53
99 112 35
99 113 38
99 114 56
99 115 46
99 116 53
99 117 59
99 118 58
99 119 56
99 120 60
99 121 50
99 122 45
99 123 40
99 124 35
99 125 56
99 126 54
99 127 49
99 128 51
99 129 46
99 130 52
99 131 57
99 132 57
99 133 50
99 134 55
99 135 46
99 136 44
99 137 38
99 138 56
99 139 53
99 140 42
99 141 37
99 142 40
99 143 40
99 144 60
99 145 36
99 146 55
100 1 51
100 2 53
100 3 48
100 4 45
100 5 55
100 6 44
100 7 57
100 8 47
100 9 46
100 10 46
100 11 55
100 12 58
100 13 46
100 14 37
100 15 51
100 16 36
100 17 35
100 18 60
100 19 51
100 20 59
100 21 43
100 22 59
100 23 45
100 24 47
100 25 57
100 26 42
100 27 53
100 28 57
100 29 42
100 30 60
100 31 43
100 32 60
100 33 56
100 34 54
100 35 50
100 36 37
100 37 60
100 38 47
100 39 36
100 40 38
100 41 55
100 42 50
100 43 57
100 44 39
100 45 55
100 46 45
100 47 49
100 48 58
100 49 43
100 50 46
100 51 60
100 52 55
100 53 45
100 54 43
100 55 38
100 56 56
100 57 42
100 58 60
100 59 45
100 60 41
100 61 56
100 62 38
100 63 38
100 64 51
100 65 38
100 66 52
100 67 45
100 68 43
100 69 60
100 70 35
100 71 36
100 72 44
100 73 37
100 74 55
100 75 37
100 76 59
100 77 44
100 78 51
100 79 48
100 80 60
100 81 53
100 82 35
100 83 58
100 84 55
100 85 56
100 86 52
100 87 36
100 88 58
100 89 54
100 90 48
100 91 36
100 92 50
100 93 38
100 94 56
100 95 46
100 96 57
100 97 39
100 98 54
100 99 55
100 100 0
100 101 48
100 102 36
100 103 53
100 104 40
100 105 43
100 106 45
100 107 58
100 108 37
100 109 46
100 110 44
100 111 57
100 112 51
100 113 36
100 114 47
100 115 46
100 116 54
100 117 40
100 118 35
100 119 45
100 120 55
100 121 43
100 122 45
100 123 44
100 124 40
100 125 45
100 126 36
100 127 40
100 128 52
100 129 58
100 130 35
100 131 40
100 132 57
100 133 43
100 134 48
100 135 37
100 136 52
100 137 49
100 138 48
100 139 59
100 140 44
100 141 40
100 142 44
100 143 52
100 144 47
100 145 39
100 146 50
101 1 44
101 2 46
101 3 47
101 4 49
101 5 36
101 6 58
101 7 53
101 8 56
101 9 38
101 10 48
101 11 38
101 12 50
101 13 37
101 14 46
101 15 50
101 16 60
101 17 49
101 18 54
101 19 60
101 20 44
101 21 43
101 22 57
101 23 37
101 24 52
101 25 49
101 26 58
101 27 57
101 28 40
101 29 36
101 30 57
101 31 38
101 32 40
101 33 44
101 34 60
101 35 57
101 36 39
101 37 59
101 38 36
101 39 40
101 40 58
101 41 47
101 42 60
101 43 53
101 44 50
101 45 40
101 46 52
101 47 57
101 48 49
101 49 35
101 50 54
101 51 35
101 52 35
101 53 54
101 54 44
101 55 54
101 56 37
101 57 39
101 58 54
101 59 48
101 60 52
101 61 51
101 62 36
101 63 51
101 64 49
101 65 39
101 66 60
101 67 46
101 68 56
101 69 51
101 70 60
101 71 50
101 72 53
101 73 41
101 74 59
101 75 53
101 76 60
101 77 47
101 78 36
101 79 57
101 80 44
101 81 59
101 82 35
101 83 41
101 84 49
101 85 42
101 86 36
101 87 51
101 88 47
101 89 44
101 90 42
101 91 57
101 92 35
101 93 37
101 94 54
101 95 54
101 96 46
101 97 43
101 98 36
101 99 43
101 100 40
101 101 0
101 102 52
101 103 35
101 104 41
101 105 35
101 106 38
101 107 38
101 108 43
101 109 57
101 110 35
101 111 36
101 112 53
101 113 59
101 114 48
101 115 55
101 116 46
101 117 57
101 118 59
101 119 49
101 120 42
101 121 50
101 122 57
101 123 49
101 124 49
101 125 44
101 126 40
101 127 57
101 128 37
101 129 51
101 130 52
101 131 55
101 132 53
101 133 40
101 134 36
101 135 57
101 136 45
101 137 36
101 138 37
101 139 60
101 140 42
101 141 57
101 142 43
101 143 38
101 144 40
101 145 53
101 146 50
102 1 45
102 2 53
102 3 58
102 4 57
102 5 42
102 6 44
102 7 41
102 8 44
102 9 60
102 10 46
102 11 53
102 12 54
102 13 46
102 14 59
102 15 38
102 16 37
102 17 44
102 18 44
102 19 45
102 20 55
102 21 52
102 22 50
102 23 52
102 24 60
102 25 39
102 26 47
102 27 52
102 28 37
102 29 37
102 30 40
102 31 49
102 32 41
102 33 57
102 34 58
102 35 40
102 36 36
102 37 55
102 38 55
102 39 37
102 40 55
102 41 38
102 42 54
102 43 48
102 44 52
102 45 47
102 46 36
102 47 35
102 48 54
102 49 57
102 50 39
102 51 51
102 52 43
102 53 53
102 54 57
102 55 40
102 56 47
102 57 39
102 58 55
102 59 41
102 60 40
102 61 35
102 62 52
102 63 60
102 64 60
102 65 47
102 66 37
102 67 51
102 68 47
102 69 57
102 70 50
102 71 56
102 72 60
102 73 58
102 74 41
102 75 44
102 76 48
102 77 38
102 78 60
102 79 36
102 80 54
102 81 56
102 82 55
102 83 43
102 84 51
102 85 60
102 86 46
102 87 41
102 88 41
102 89 44
102 90 46
102 91 45
102 92 46
102 93 37
102 94 48
102 95 43
102 96 35
102 97 36
102 98 57
102 99 37
102 100 37
102 101 51
102 102 0
102 103 51
102 104 36
102 105 49
102 106 43
102 107 36
102 108 56
102 109 38
102 110 38
102 111 51
102 112 56
102 113 51
102 114 40
102 115 47
102 116 60
102 117 38
102 118 53
102 119 57
102 120 59
102 121 35
102 122 52
102 123 44
102 124 51
102 125 43
102 126 45
102 127 46
102 128 57
102 129 53
102 130 57
102 131 40
102 132 40
102 133 59
102 134 35
102 135 37
102 136 40
102 137 49
102 138 49
102 139 54
102 140 39
102 141 45
102 142 42
102 143 49
102 144 36
102 145 39
102 146 60
103 1 49
103 2 47
103 3 57
103 4 45
103 5 36
103 6 51
103 7 55
103 8 36
103 9 60
103 10 50
103 11 41
103 12 50
103 13 57
103 14 58
103 15 60
103 16 42
103 17 56
103 18 44
103 19 60
103 20 39
103 21 60
103 22 44
103 23 40
103 24 56
103 25 53
103 26 52
103 27 46
103 28 41
103 29 43
103 30 56
103 31 36
103 32 49
103 33 40
103 34 51
103 35 55
103 36 42
103 37 44
103 38 45
103 39 40
103 40 60
103 41 57
103 42 45
103 43 40
103 44 53
103 45 51
103 46 58
103 47 43
103 48 53
103 49 55
103 50 47
103 51 49
103 52 49
103 53 51
103 54 49
103 55 45
103 56 53
103 57 43
103 58 42
103 59 54
103 60 38
103 61 46
103 62 35
103 63 50
103 64 49
103 65 51
103 66 58
103 67 47
103 68 39
103 69 47
103 70 48
103 71 47
103 72 41
103 73 44
103 74 60
103 75 43
103 76 53
103 77 39
103 78 37
103 79 52
103 80 39
103 81 56
103 82 59
103 83 38
103 84 46
103 85 44
103 86 54
103 87 46
103 88 56
103 89 47
103 90 37
103 91 50
103 92 35
103 93 56
103 94 43
103 95 36
103 96 56
103 97 55
103 98 45
103 99 45
103 100 54
103 101 39
103 102 58
103 103 0
103 104 42
103 105 46
103 106 59
103 107 52
103 108 55
103 109 46
103 110 60
103 111 44
103 112 52
103 113 35
103 114 41
103 115 44
103 116 43
103 117 43
103 118 47
103 119 59
103 120 49
103 121 43
103 122 37
103 123 41
103 124 57
103 125 46
103 126 56
103 127 44
103 128 48
103 129 54
103 130 54
103 131 36
103 132 54
103 133 46
103 134 42
103 135 50
103 136 49
103 137 57
103 138 44
103 139 46
103 140 52
103 141 45
103 142 56
103 143 38
103 144 51
103 145 42
103 146 48
104 1 43
104 2 52
104 3 39
104 4 52
104 5 52
104 6 57
104 7 59
104 8 37
104 9 57
104 10 55
104 11 50
104 12 53
104 13 35
104 14 49
104 15 42
104 16 45
104 17 48
104 18 39
104 19 46
104 20 60
104 21 47
104 22 55
104 23 51
104 24 39
104 25 47
104 26 60
104 27 49
104 28 50
104 29 50
104 30 47
104 31 37
104 32 50
104 33 40
104 34 59
104 35 37
104 36 50
104 37 55
104 38 43
104 39 54
104 40 47
104 41 57
104 42 57
104 43 44
104 44 53
104 45 46
104 46 58
104 47 53
104 48 35
104 49 37
104 50 55
104 51 41
104 52 40
104 53 50
104 54 46
104 55 35
104 56 37
104 57 41
104 58 52
104 59 49
104 60 45
104 61 39
104 62 50
104 63 39
104 64 54
104 65 48
104 66 44
104 67 46
104 68 43
104 69 42
104 70 52
104 71 40
104 72 52
104 73 44
104 74 36
104 75 54
104 76 47
104 77 44
104 78 36
104 79 56
104 80 44
104 81 53
104 82 47
104 83 35
104 84 47
104 85 35
104 86 43
104 87 50
104 88 46
104 89 43
104 90 48
104 91 42
104 92 43
104 93 38
104 94 50
104 95 51
104 96 42
104 97 42
104 98 47
104 99 53
104 100 48
104 101 56
104 102 42
104 103 56
104 104 0
104 105 37
104 106 41
104 107 52
104 108 52
104 109 45
104 110 44
104 111 46
104 112 54
104 113 50
104 114 41
104 115 36
104 116 57
104 117 57
104 118 35
104 119 40
104 120 43
104 121 47
104 122 50
104 123 55
104 124 52
104 125 40
104 126 60
104 127 35
104 128 36
104 129 35
104 130 38
104 131 44
104 132 58
104 133 40
104 134 42
104 135 53
104 136 58
104 137 43
104 138 50
104 139 57
104 140 56
104 141 46
104 142 46
104 143 37
104 144 52
104 145 41
104 146 52
105 1 49
105 2 35
105 3 42
105 4 54
105 5 46
105 6 50
105 7 42
105 8 59
105 9 58
105 10 49
105 11 55
105 12 52
105 13 56
105 14 41
105 15 43
105 16 44
105 17 60
105 18 55
105 19 37
105 20 57
105 21 41
105 22 59
105 23 54
105 24 35
105 25 53
105 26 47
105 27 38
105 28 56
105 29 54
105 30 41
105 31 51
105 32 44
105 33 56
105 34 58
105 35 57
105 36 60
105 37 42
105 38 56
105 39 60
105 40 43
105 41 47
105 42 45
105 43 44
105 44 52
105 45 39
105 46 35
105 47 45
105 48 41
105 49 53
105 50 55
105 51 43
105 52 42
105 53 44
105 54 55
105 55 48
105 56 50
105 57 50
105 58 54
105 59 43
105 60 36
105 61 40
105 62 59
105 63 44
105 64 39
105 65 53
105 66 35
105 67 46
105 68 60
105 69 36
105 70 48
105 71 46
105 72 54
105 73 54
105 74 55
105 75 44
105 76 39
105 77 59
105 78 40
105 79 45
105 80 43
105 81 43
105 82 59
105 83 39
105 84 51
105 85 54
105 86 55
105 87 40
105 88 35
105 89 49
105 90 56
105 91 44
105 92 42
105 93 60
105 94 42
105 95 56
105 96 35
105 97 48
105 98 37
105 99 52
105 100 53
105 101 53
105 102 39
105 103 49
105 104 42
105 105 0
105 106 45
105 107 44
105 108 56
105 109 47
105 110 60
105 111 58
105 112 52
105 113 45
105 114 53
105 115 39
105 116 50
105 117 58
105 118 41
105 119 40
105 120 35
105 121 57
105 122 51
105 123 53
105 124 43
105 125 58
105 126 40
105 127 54
105 128 46
105 129 55
105 130 40
105 131 58
105 132 50
105 133 56
105 134 57
105 135 41
105 136 46
105 137 49
105 138 52
105 139 45
105 140 38
105 141 41
105 142 35
105 143 44
105 144 37
105 145 41
105 146 42
106 1 51
106 2 52
106 3 58
106 4 37
106 5 37
106 6 36
106 7 58
106 8 37
106 9 42
106 10 58
106 11 39
106 12 51
106 13 50
106 14 40
106 15 43
106 16 52
106 17 42
106 18 48
106 19 48
106 20 59
106 21 35
106 22 44
106 23 50
106 24 46
106 25 49
106 26 54
106 27 42
106 28 51
106 29 49
106 30 51
106 31 51
106 32 54
106 33 50
106 34 59
106 35 50
106 36 41
106 37 51
106 38 39
106 39 44
106 40 56
106 41 46
106 42 58
106 43 41
106 44 50
106 45 53
106 46 40
106 47 40
106 48 44
106 49 57
106 50 54
106 51 45
106 52 35
106 53 44
106 54 58
106 55 48
106 56 37
106 57 50
106 58 52
106 59 47
106 60 52
106 61 43
106 62 50
106 63 46
106 64 52
106 65 43
106 66 35
106 67 40
106 68 37
106 69 46
106 70 51
106 71 46
106 72 44
106 73 54
106 74 49
106 75 53
106 76 53
106 77 41
106 78 35
106 79 54
106 80 41
106 81 56
106 82 59
106 83 41
106 84 47
106 85 41
106 86 54
106 87 50
106 88 53
106 89 44
106 90 55
106 91 35
106 92 59
106 93 35
106 94 49
106 95 49
106 96 37
106 97 42
106 98 38
106 99 39
106 100 44
106 101 40
106 102 51
106 103 48
106 104 56
106 105 41
106 106 0
106 107 41
106 108 45
106 109 58
106 110 43
106 111 40
106 112 52
106 113 39
106 114 57
106 115 37
106 116 60
106 117 37
106 118 44
106 119 58
106 120 39
106 121 48
106 122 51
106 123 42
106 124 54
106 125 35
106 126 58
106 127 57
106 128 39
106 129 53
106 130 50
106 131 42
106 132 39
106 133 38
106 134 35
106 135 46
106 136 57
106 137 41
106 138 51
106 139 40
106 140 57
106 141 37
106 142 58
106 143 56
106 144 48
106 145 40
106 146 44
107 1 49
107 2 42
107 3 56
107 4 55
107 5 36
107 6 42
107 7 47
107 8 42
107 9 55
107 10 55
107 11 36
107 12 36
107 13 60
107 14 52
107 15 38
107 16 45
107 17 50
107 18 44
107 19 38
107 20 38
107 21 45
107 22 40
107 23 58
107 24 59
107 25 47
107 26 36
107 27 42
107 28 44
107 29 38
107 30 51
107 31 37
107 32 38
107 33 42
107 34 50
107 35 55
107 36 40
107 37 35
107 38 38
107 39 39
107 40 53
107 41 58
107 42 57
107 43 42
107 44 47
107 45 52
107 46 41
107 47 37
107 48 52
107 49 50
107 50 36
107 51 59
107 52 44
107 53 52
107 54 59
107 55 38
107 56 54
107 57 48
107 58 40
107 59 56
107 60 45
107 61 60
107 62 53
107 63 45
107 64 41
107 65 36
107 66 46
107 67 52
107 68 59
107 69 53
107 70 48
107 71 38
107 72 37
107 73 40
107 74 53
107 75 35
107 76 56
107 77 52
107 78 36
107 79 52
107 80 52
107 81 40
107 82 41
107 83 35
107 84 59
107 85 52
107 86 49
107 87 59
107 88 54
107 89 47
107 90 47
107 91 51
107 92 47
107 93 42
107 94 52
107 95 46
107 96 56
107 97 53
107 98 57
107 99 51
107 100 53
107 101 54
107 102 48
107 103 39
107 104 56
107 105 44
107 106 57
107 107 0
107 108 36
107 109 50
107 110 44
107 111 43
107 112 46
107 113 51
107 114 59
107 115 60
107 116 53
107 117 49
107 118 51
107 119 39
107 120 53
107 121 53
107 122 44
107 123 39
107 124 56
107 125 43
107 126 47
107 127 45
107 128 41
107 129 46
107 130 59
107 131 37
107 132 57
107 133 50
107 134 49
107 135 57
107 136 53
107 137 42
107 138 38
107 139 41
107 140 50
107 141 42
107 142 55
107 143 39
107 144 60
107 145 40
107 146 48
108 1 57
108 2 51
108 3 49
108 4 51
108 5 38
108 6 47
108 7 57
108 8 41
108 9 57
108 10 36
108 11 50
108 12 46
108 13 55
108 14 54
108 15 44
108 16 56
108 17 55
108 18 37
108 19 42
108 20 43
108 21 58
108 22 43
108 23 41
108 24 56
108 25 59
108 26 47
108 27 57
108 28 42
108 29 47
108 30 44
108 31 49
108 32 45
108 33 45
108 34 52
108 35 59
108 36 59
108 37 60
108 38 52
108 39 39
108 40 44
108 41 38
108 42 40
108 43 39
108 44 57
108 45 56
108 46 54
108 47 51
108 48 39
108 49 36
108 50 53
108 51 57
108 52 52
108 53 56
108 54 53
108 55 52
108 56 46
108 57 54
108 58 44
108 59 55
108 60 60
108 61 45
108 62 45
108 63 41
108 64 44
108 65 51
108 66 43
108 67 39
108 68 51
108 69 53
108 70 57
108 71 41
108 72 55
108 73 48
108 74 47
108 75 50
108 76 50
108 77 60
108 78 57
108 79 39
108 80 57
108 81 44
108 82 42
108 83 53
108 84 48
108 85 52
108 86 54
108 87 47
108 88 47
108 89 54
108 90 39
108 91 40
108 92 50
108 93 56
108 94 53
108 95 52
108 96 38
108 97 36
108 98 35
108 99 53
108 100 53
108 101 60
108 102 38
108 103 55
108 104 53
108 105 40
108 106 53
108 107 36
108 108 0
108 109 51
108 110 47
108 111 41
108 112 55
108 113 35
108 114 58
108 115 46
108 116 54
108 117 51
108 118 36
108 119 44
108 120 52
108 121 53
108 122 46
108 123 36
108 124 46
108 125 40
108 126 55
108 127 52
108 128 51
108 129 42
108 130 40
108 131 45
108 132 56
108 133 38
108 134 51
108 135 55
108 136 45
108 137 58
108 138 36
108 139 54
108 140 43
108 141 54
108 142 56
108 143 39
108 144 50
108 145 41
108 146 59
109 1 39
109 2 42
109 3 59
109 4 46
109 5 44
109 6 40
109 7 53
109 8 56
109 9 46
109 10 49
109 11 37
109 12 55
109 13 54
109 14 58
109 15 42
109 16 38
109 17 49
109 18 58
109 19 51
109 20 48
109 21 50
109 22 55
109 23 59
109 24 46
109 25 56
109 26 47
109 27 51
109 28 54
109 29 45
109 30 46
109 31 35
109 32 60
109 33 45
109 34 47
109 35 53
109 36 49
109 37 45
109 38 56
109 39 51
109 40 37
109 41 41
109 42 57
109 43 46
109 44 42
109 45 49
109 46 43
109 47 45
109 48 58
109 49 60
109 50 52
109 51 59
109 52 45
109 53 42
109 54 59
109 55 46
109 56 56
109 57 52
109 58 42
109 59 38
109 60 48
109 61 51
109 62 55
109 63 60
109 64 49
109 65 49
109 66 41
109 67 36
109 68 45
109 69 49
109 70 36
109 71 42
109 72 54
109 73 44
109 74 37
109 75 46
109 76 53
109 77 42
109 78 51
109 79 60
109 80 41
109 81 50
109 82 51
109 83 53
109 84 50
109 85 56
109 86 45
109 87 37
109 88 47
109 89 52
109 90 44
109 91 36
109 92 46
109 93 48
109 94 46
109 95 56
109 96 51
109 97 48
109 98 37
109 99 58
109 100 39
109 101 44
109 102 40
109 103 36
109 104 37
109 105 47
109 106 53
109 107 58
109 108 58
109 109 0
109 110 57
109 111 35
109 112 56
109 113 60
109 114 45
109 115 40
109 116 46
109 117 38
109 118 46
109 119 37
109 120 48
109 121 57
109 122 45
109 123 41
109 124 44
109 125 59
109 126 40
109 127 35
109 128 58
109 129 36
109 130 60
109 131 51
109 132 53
109 133 58
109 134 52
109 135 42
109 136 35
109 137 41
109 138 49
109 139 56
109 140 55
109 141 54
109 142 46
109 143 57
109 144 36
109 145 59
109 146 36
110 1 44
110 2 41
110 3 55
110 4 48
110 5 39
110 6 50
110 7 37
110 8 52
110 9 58
110 10 59
110 11 42
110 12 54
110 13 43
110 14 57
110 15 44
110 16 45
110 17 49
110 18 55
110 19 35
110 20 54
110 21 52
110 22 38
110 23 46
110 24 48
110 25 41
110 26 44
110 27 37
110 28 55
110 29 35
110 30 46
110 31 40
110 32 37
110 33 46
110 34 47
110 35 60
110 36 52
110 37 39
110 38 56
110 39 54
110 40 54
110 41 41
110 42 56
110 43 42
110 44 39
110 45 40
110 46 54
110 47 54
110 48 54
110 49 57
110 50 59
110 51 43
110 52 56
110 53 58
110 54 50
110 55 52
110 56 49
110 57 35
110 58 38
110 59 57
110 60 45
110 61 40
110 62 40
110 63 51
110 64 56
110 65 41
110 66 44
110 67 56
110 68 40
110 69 56
110 70 36
110 71 43
110 72 48
110 73 35
110 74 38
110 75 39
110 76 41
110 77 41
110 78 45
110 79 49
110 80 55
110 81 52
110 82 49
110 83 47
110 84 47
110 85 60
110 86 36
110 87 55
110 88 45
110 89 36
110 90 37
110 91 43
110 92 50
110 93 56
110 94 60
110 95 52
110 96 38
110 97 45
110 98 49
110 99 60
110 100 38
110 101 43
110 102 45
110 103 53
110 104 50
110 105 57
110 106 36
110 107 57
110 108 60
110 109 48
110 110 0
110 111 41
110 112 47
110 113 55
110 114 41
110 115 48
110 116 45
110 117 43
110 118 60
110 119 35
110 120 36
110 121 59
110 122 52
110 123 49
110 124 47
110 125 58
110 126 56
110 127 57
110 128 47
110 129 40
110 130 55
110 131 53
110 132 52
110 133 50
110 134 59
110 135 43
110 136 46
110 137 48
110 138 54
110 139 40
110 140 43
110 141 49
110 142 44
110 143 56
110 144 39
110 145 58
110 146 45
111 1 58
111 2 45
111 3 54
111 4 45
111 5 37
111 6 58
111 7 44
111 8 42
111 9 40
111 10 52
111 11 52
111 12 40
111 13 35
111 14 37
111 15 36
111 16 40
111 17 51
111 18 43
111 19 46
111 20 50
111 21 42
111 22 57
111 23 57
111 24 52
111 25 36
111 26 50
111 27 46
111 28 55
111 29 42
111 30 41
111 31 44
111 32 38
111 33 50
111 34 60
111 35 53
111 36 55
111 37 55
111 38 37
111 39 49
111 40 58
111 41 44
111 42 35
111 43 60
111 44 37
111 45 59
111 46 48
111 47 46
111 48 54
111 49 44
111 50 36
111 51 48
111 52 45
111 53 38
111 54 36
111 55 43
111 56 42
111 57 50
111 58 38
111 59 55
111 60 53
111 61 52
111 62 46
111 63 42
111 64 35
111 65 37
111 66 46
111 67 53
111 68 56
111 69 44
111 70 46
111 71 49
111 72 42
111 73 49
111 74 57
111 75 60
111 76 38
111 77 48
111 78 36
111 79 58
111 80 35
111 81 57
111 82 55
111 83 58
111 84 54
111 85 54
111 86 38
111 87 36
111 88 35
111 89 56
111 90 58
111 91 52
111 92 45
111 93 59
111 94 46
111 95 36
111 96 38
111 97 36
111 98 50
111 99 36
111 100 60
111 101 43
111 102 40
111 103 35
111 104 35
111 105 42
111 106 46
111 107 38
111 108 47
111 109 38
111 110 57
111 111 0
111 112 39
111 113 49
111 114 55
111 115 41
111 116 40
111 117 42
111 118 38
111 119 44
111 120 42
111 121 51
111 122 56
111 123 47
111 124 57
111 125 53
111 126 52
111 127 45
111 128 35
111 129 43
111 130 50
111 131 49
111 132 56
111 133 36
111 134 58
111 135 47
111 136 44
111 137 46
111 138 44
111 139 41
111 140 51
111 141 56
111 142 53
111 143 44
111 144 36
111 145 38
111 146 57
112 1 56
112 2 39
112 3 58
112 4 44
112 5 36
112 6 47
112 7 39
112 8 56
112 9 51
112 10 60
112 11 49
112 12 43
112 13 36
112 14 55
112 15 37
112 16 58
112 17 54
112 18 44
112 19 37
112 20 42
112 21 60
112 22 43
112 23 59
112 24 42
112 25 57
112 26 56
112 27 55
112 28 47
112 29 49
112 30 57
112 31 55
112 32 57
112 33 41
112 34 52
112 35 60
112 36 47
112 37 53
112 38 40
112 39 46
112 40 58
112 41 47
112 42 41
112 43 35
112 44 47
112 45 51
112 46 52
112 47 54
112 48 59
112 49 43
112 50 48
112 51 53
112 52 35
112 53 36
112 54 53
112 55 47
112 56 36
112 57 43
112 58 60
112 59 39
112 60 50
112 61 50
112 62 53
112 63 41
112 64 39
112 65 46
112 66 40
112 67 41
112 68 35
112 69 49
112 70 54
112 71 52
112 72 40
112 73 42
112 74 53
112 75 38
112 76 35
112 77 47
112 78 41
112 79 44
112 80 39
112 81 52
112 82 43
112 83 59
112 84 48
112 85 48
112 86 51
112 87 36
112 88 56
112 89 57
112 90 59
112 91 49
112 92 53
112 93 37
112 94 41
112 95 43
112 96 42
112 97 51
112 98 44
112 99 40
112 100 49
112 101 36
112 102 54
112 103 56
112 104 43
112 105 55
112 106 58
112 107 40
112 108 55
112 109 35
112 110 52
112 111 39
112 112 0
112 113 40
112 114 57
112 115 37
112 116 58
112 117 44
112 118 35
112 119 36
112 120 45
112 121 60
112 122 50
112 123 57
112 124 44
112 125 39
112 126 49
112 127 51
112 128 45
112 129 41
112 130 50
112 131 50
112 132 47
112 133 46
112 134 43
112 135 43
112 136 51
112 137 54
112 138 44
112 139 41
112 140 56
112 141 56
112 142 37
112 143 42
112 144 40
112 145 35
112 146 45
113 1 44
113 2 57
113 3 39
113 4 54
113 5 44
113 6 55
113 7 46
113 8 46
113 9 41
113 10 50
113 11 57
113 12 43
113 13 45
113 14 55
113 15 60
113 16 58
113 17 37
113 18 41
113 19 60
113 20 50
113 21 36
113 22 52
113 23 57
113 24 42
113 25 47
113 26 54
113 27 39
113 28 40
113 29 36
113 30 38
113 31 40
113 32 57
113 33 35
113 34 59
113 35 45
113 36 43
113 37 46
113 38 43
113 39 36
113 40 47
113 41 55
113 42 51
113 43 50
113 44 48
113 45 52
113 46 40
113 47 35
113 48 44
113 49 50
113 50 37
113 51 38
113 52 42
113 53 35
113 54 45
113 55 46
113 56 41
113 57 36
113 58 57
113 59 42
113 60 41
113 61 41
113 62 41
113 63 37
113 64 40
113 65 40
113 66 57
113 67 40
113 68 39
113 69 35
113 70 46
113 71 47
113 72 39
113 73 41
113 74 49
113 75 41
113 76 43
113 77 50
113 78 58
113 79 45
113 80 39
113 81 43
113 82 49
113 83 58
113 84 46
113 85 57
113 86 53
113 87 36
113 88 48
113 89 55
113 90 51
113 91 51
113 92 45
113 93 57
113 94 49
113 95 35
113 96 56
113 97 42
113 98 52
113 99 52
113 100 48
113 101 35
113 102 46
113 103 39
113 104 47
113 105 43
113 106 60
113 107 49
113 108 54
113 109 57
113 110 49
113 111 54
113 112 40
113 113 0
113 114 60
113 115 50
113 116 54
113 117 46
113 118 53
113 119 36
113 120 52
113 121 57
113 122 59
113 123 58
113 124 57
113 125 56
113 126 53
113 127 52
113 128 53
113 129 37
113 130 56
113 131 45
113 132 43
113 133 38
113 134 54
113 135 42
113 136 40
113 137 57
113 138 58
113 139 45
113 140 36
113 141 57
113 142 42
113 143 55
113 144 40
113 145 47
113 146 36
114 1 44
114 2 58
114 3 49
114 4 39
114 5 59
114 6 60
114 7 56
114 8 48
114 9 44
114 10 56
114 11 46
114 12 53
114 13 51
114 14 57
114 15 44
114 16 55
114 17 43
114 18 59
114 19 56
114 20 45
114 21 44
114 22 40
114 23 54
114 24 49
114 25 58
114 26 40
114 27 47
114 28 38
114 29 50
114 30 51
114 31 49
114 32 36
114 33 38
114 34 40
114 35 52
114 36 59
114 37 47
114 38 52
114 39 42
114 40 36
114 41 60
114 42 48
114 43 43
114 44 39
114 45 48
114 46 38
114 47 40
114 48 59
114 49 53
114 50 48
114 51 50
114 52 35
114 53 42
114 54 52
114 55 53
114 56 46
114 57 53
114 58 41
114 59 56
114 60 60
114 61 37
114 62 54
114 63 37
114 64 36
114 65 51
114 66 38
114 67 56
114 68 45
114 69 36
114 70 58
114 71 47
114 72 43
114 73 40
114 74 36
114 75 44
114 76 60
114 77 55
114 78 59
114 79 54
114 80 57
114 81 44
114 82 54
114 83 54
114 84 38
114 85 45
114 86 44
114 87 60
114 88 37
114 89 44
114 90 60
114 91 43
114 92 35
114 93 42
114 94 58
114 95 59
114 96 60
114 97 43
114 98 49
114 99 35
114 100 55
114 101 37
114 102 59
114 103 60
114 104 48
114 105 40
114 106 48
114 107 37
114 108 57
114 109 36
114 110 46
114 111 42
114 112 46
114 113 48
114 114 0
114 115 46
114 116 51
114 117 56
114 118 49
114 119 39
114 120 41
114 121 39
114 122 41
114 123 53
114 124 37
114 125 42
114 126 44
114 127 43
114 128 45
114 129 41
114 130 42
114 131 51
114 132 58
114 133 42
114 134 52
114 135 51
114 136 59
114 137 38
114 138 46
114 139 38
114 140 59
114 141 47
114 142 60
114 143 60
114 144 35
114 145 46
114 146 47
115 1 57
115 2 44
115 3 57
115 4 42
115 5 37
115 6 36
115 7 57
115 8 43
115 9 40
115 10 59
115 11 60
115 12 45
115 13 36
115 14 52
115 15 49
115 16 38
115 17 51
115 18 48
115 19 37
115 20 44
115 21 44
115 22 46
115 23 38
115 24 52
115 25 54
115 26 49
115 27 57
115 28 39
115 29 42
115 30 38
115 31 56
115 32 48
115 33 59
115 34 58
115 35 53
115 36 48
115 37 54
115 38 37
115 39 48
115 40 38
115 41 45
115 42 47
115 43 35
115 44 54
115 45 58
115 46 36
115 47 37
115 48 44
115 49 46
115 50 36
115 51 58
115 52 51
115 53 44
115 54 49
115 55 43
115 56 57
115 57 46
115 58 58
115 59 48
115 60 40
115 61 56
115 62 60
115 63 56
115 64 36
115 65 44
115 66 42
115 67 52
115 68 48
115 69 42
115 70 41
115 71 43
115 72 44
115 73 60
115 74 59
115 75 48
115 76 37
115 77 51
115 78 49
115 79 38
115 80 37
115 81 58
115 82 47
115 83 50
115 84 53
115 85 37
115 86 36
115 87 47
115 88 35
115 89 59
115 90 44
115 91 60
115 92 45
115 93 45
115 94 50
115 95 40
115 96 44
115 97 53
115 98 42
115 99 58
115 100 35
115 101 48
115 102 39
115 103 55
115 104 48
115 105 54
115 106 46
115 107 51
115 108 58
115 109 42
115 110 44
115 111 53
115 112 58
115 113 35
115 114 55
115 115 0
115 116 45
115 117 58
115 118 40
115 119 39
115 120 44
115 121 38
115 122 40
115 123 43
115 124 36
115 125 38
115 126 58
115 127 46
115 128 45
115 129 49
115 130 51
115 131 60
115 132 53
115 133 50
115 134 44
115 135 57
115 136 58
115 137 42
115 138 36
115 139 54
115 140 46
115 141 51
115 142 44
115 143 39
115 144 36
115 145 42
115 146 47
116 1 47
116 2 57
116 3 54
116 4 53
116 5 48
116 6 54
116 7 38
116 8 50
116 9 52
116 10 60
116 11 48
116 12 40
116 13 41
116 14 51
116 15 44
116 16 37
116 17 55
116 18 38
116 19 55
116 20 47
116 21 44
116 22 54
116 23 60
116 24 57
116 25 46
116 26 44
116 27 42
116 28 39
116 29 52
116 30 35
116 31 52
116 32 51
116 33 50
116 34 57
116 35 43
116 36 56
116 37 38
116 38 47
116 39 53
116 40 47
116 41 59
116 42 50
116 43 37
116 44 53
116 45 39
116 46 40
116 47 44
116 48 48
116 49 54
116 50 52
116 51 49
116 52 54
116 53 51
116 54 42
116 55 45
116 56 50
116 57 48
116 58 53
116 59 36
116 60 36
116 61 59
116 62 52
116 63 59
116 64 45
116 65 50
116 66 41
116 67 60
116 68 39
116 69 47
116 70 50
116 71 55
116 72 37
116 73 52
116 74 57
116 75 36
116 76 52
116 77 41
116 78 35
116 79 54
116 80 53
116 81 51
116 82 45
116 83 46
116 84 55
116 85 45
116 86 48
116 87 51
116 88 46
116 89 49
116 90 38
116 91 57
116 92 37
116 93 59
116 94 56
116 95 37
116 96 50
116 97 58
116 98 48
116 99 45
116 100 39
116 101 55
116 102 59
116 103 36
116 104 47
116 105 41
116 106 47
116 107 58
116 108 42
116 109 57
116 110 52
116 111 39
116 112 53
116 113 55
116 114 51
116 115 40
116 116 0
116 117 49
116 118 55
116 119 46
116 120 55
116 121 36
116 122 59
116 123 45
116 124 54
116 125 48
116 126 47
116 127 46
116 128 55
116 129 42
116 130 56
116 131 49
116 132 46
116 133 60
116 134 37
116 135 41
116 136 41
116 137 43
116 138 35
116 139 46
116 140 38
116 141 54
116 142 40
116 143 52
116 144 47
116 145 41
116 146 58
117 1 43
117 2 56
117 3 54
117 4 50
117 5 37
117 6 53
117 7 55
117 8 47
117 9 49
117 10 40
117 11 59
117 12 54
117 13 57
117 14 37
117 15 58
117 16 60
117 17 58
117 18 38
117 19 44
117 20 38
117 21 59
117 22 47
117 23 42
117 24 54
117 25 45
117 26 59
117 27 45
117 28 52
117 29 55
117 30 38
117 31 35
117 32 51
117 33 46
117 34 37
117 35 42
117 36 37
117 37 54
117 38 38
117 39 48
117 40 58
117 41 58
117 42 49
117 43 39
117 44 37
117 45 35
117 46 38
117 47 50
117 48 50
117 49 53
117 50 43
117 51 45
117 52 51
117 53 51
117 54 54
117 55 35
117 56 56
117 57 57
117 58 58
117 59 44
117 60 57
117 61 36
117 62 46
117 63 58
117 64 49
117 65 50
117 66 36
117 67 42
117 68 44
117 69 47
117 70 38
117 71 60
117 72 44
117 73 51
117 74 59
117 75 35
117 76 40
117 77 46
117 78 56
117 79 56
117 80 42
117 81 37
117 82 55
117 83 54
117 84 50
117 85 35
117 86 55
117 87 45
117 88 55
117 89 54
117 90 47
117 91 52
117 92 57
117 93 55
117 94 44
117 95 47
117 96 53
117 97 41
117 98 60
117 99 41
117 100 56
117 101 47
117 102 51
117 103 58
117 104 35
117 105 55
117 106 51
117 107 48
117 108 35
117 109 37
117 110 57
117 111 52
117 112 49
117 113 43
117 114 35
117 115 50
117 116 48
117 117 0
117 118 59
117 119 46
117 120 46
117 121 59
117 122 47
117 123 41
117 124 43
117 125 54
117 126 40
117 127 53
117 128 56
117 129 36
117 130 42
117 131 52
117 132 46
117 133 60
117 134 41
117 135 45
117 136 49
117 137 42
117 138 38
117 139 47
117 140 57
117 141 43
117 142 49
117 143 55
117 144 37
117 145 45
117 146 59
118 1 47
118 2 43
118 3 38
118 4 37
118 5 37
118 6 47
118 7 41
118 8 54
118 9 56
118 10 57
118 11 57
118 12 56
118 13 36
118 14 45
118 15 35
118 16 57
118 17 44
118 18 56
118 19 60
118 20 44
118 21 54
118 22 48
118 23 51
118 24 47
118 25 59
118 26 39
118 27 37
118 28 53
118 29 48
118 30 43
118 31 47
118 32 36
118 33 47
118 34 59
118 35 46
118 36 46
118 37 36
118 38 56
118 39 55
118 40 54
118 41 35
118 42 39
118 43 36
118 44 52
118 45 56
118 46 42
118 47 35
118 48 52
118 49 60
118 50 37
118 51 54
118 52 35
118 53 50
118 54 49
118 55 50
118 56 54
118 57 56
118 58 53
118 59 43
118 60 45
118 61 43
118 62 36
118 63 35
118 64 57
118 65 58
118 66 52
118 67 45
118 68 58
118 69 55
118 70 58
118 71 51
118 72 42
118 73 37
118 74 56
118 75 39
118 76 38
118 77 37
118 78 53
118 79 58
118 80 48
118 81 53
118 82 57
118 83 43
118 84 56
118 85 48
118 86 60
118 87 39
118 88 51
118 89 36
118 90 50
118 91 36
118 92 52
118 93 52
118 94 44
118 95 37
118 96 37
118 97 42
118 98 60
118 99 42
118 100 55
118 101 54
118 102 50
118 103 57
118 104 57
118 105 38
118 106 36
118 107 40
118 108 41
118 109 45
118 110 35
118 111 37
118 112 41
118 113 43
118 114 46
118 115 46
118 116 48
118 117 40
118 118 0
118 119 57
118 120 48
118 121 49
118 122 41
118 123 48
118 124 59
118 125 42
118 126 52
118 127 37
118 128 37
118 129 40
118 130 58
118 131 60
118 132 42
118 133 46
118 134 51
118 135 59
118 136 51
118 137 41
118 138 59
118 139 55
118 140 40
118 141 42
118 142 50
118 143 35
118 144 36
118 145 53
118 146 35
119 1 54
119 2 41
119 3 43
119 4 56
119 5 36
119 6 50
119 7 35
119 8 39
119 9 54
119 10 53
119 11 47
119 12 55
119 13 49
119 14 48
119 15 45
119 16 37
119 17 38
119 18 36
119 19 43
119 20 55
119 21 60
119 22 53
119 23 55
119 24 42
119 25 46
119 26 47
119 27 45
119 28 55
119 29 58
119 30 35
119 31 42
119 32 45
119 33 48
119 34 37
119 35 48
119 36 56
119 37 36
119 38 46
119 39 35
119 40 43
119 41 47
119 42 37
119 43 53
119 44 56
119 45 53
119 46 50
119 47 45
119 48 40
119 49 53
119 50 44
119 51 35
119 52 45
119 53 37
119 54 37
119 55 58
119 56 51
119 57 60
119 58 39
119 59 47
119 60 53
119 61 39
119 62 39
119 63 51
119 64 41
119 65 56
119 66 48
119 67 38
119 68 55
119 69 54
119 70 56
119 71 46
119 72 39
119 73 42
119 74 40
119 75 38
119 76 40
119 77 35
119 78 54
119 79 35
119 80 56
119 81 42
119 82 59
119 83 48
119 84 49
119 85 36
119 86 50
119 87 47
119 88 51
119 89 44
119 90 53
119 91 51
119 92 55
119 93 52
119 94 48
119 95 51
119 96 50
119 97 43
119 98 46
119 99 52
119 100 45
119 101 54
119 102 35
119 103 54
119 104 38
119 105 36
119 106 39
119 107 55
119 108 54
119 109 45
119 110 45
119 111 38
119 112 51
119 113 35
119 114 57
119 115 51
119 116 54
119 117 38
119 118 35
119 119 0
119 120 57
119 121 57
119 122 48
119 123 60
119 124 41
119 125 60
119 126 43
119 127 44
119 128 47
119 129 58
119 130 48
119 131 41
119 132 57
119 133 47
119 134 42
119 135 56
119 136 59
119 137 53
119 138 41
119 139 38
119 140 44
119 141 45
119 142 41
119 143 43
119 144 52
119 145 56
119 146 54
120 1 42
120 2 59
120 3 50
120 4 55
120 5 47
120 6 54
120 7 50
120 8 37
120 9 46
120 10 60
120 11 58
120 12 55
120 13 44
120 14 40
120 15 51
120 16 35
120 17 44
120 18 36
120 19 56
120 20 48
120 21 46
120 22 38
120 23 49
120 24 43
120 25 41
120 26 42
120 27 41
120 28 41
120 29 38
120 30 56
120 31 51
120 32 51
120 33 58
120 34 60
120 35 48
120 36 42
120 37 50
120 38 45
120 39 57
120 40 54
120 41 45
120 42 57
120 43 49
120 44 56
120 45 57
120 46 49
120 47 59
120 48 49
120 49 45
120 50 35
120 51 51
120 52 49
120 53 50
120 54 41
120 55 50
120 56 57
120 57 36
120 58 38
120 59 42
120 60 39
120 61 43
120 62 40
120 63 50
120 64 59
120 65 53
120 66 35
120 67 47
120 68 37
120 69 46
120 70 41
120 71 35
120 72 56
120 73 40
120 74 44
120 75 51
120 76 55
120 77 52
120 78 35
120 79 49
120 80 50
120 81 55
120 82 53
120 83 50
120 84 47
120 85 46
120 86 57
120 87 46
120 88 42
120 89 54
120 90 37
120 91 56
120 92 58
120 93 44
120 94 45
120 95 37
120 96 41
120 97 54
120 98 50
120 99 56
120 100 53
120 101 41
120 102 45
120 103 42
120 104 54
120 105 59
120 106 56
120 107 54
120 108 53
120 109 59
120 110 38
120 111 54
120 112 35
120 113 44
120 114 56
120 115 50
120 116 48
120 117 37
120 118 45
120 119 60
120 120 0
120 121 47
120 122 54
120 123 51
120 124 54
120 125 46
120 126 51
120 127 50
120 128 35
120 129 43
120 130 46
120 131 55
120 132 40
120 133 57
120 134 39
120 135 45
120 136 51
120 137 46
120 138 38
120 139 60
120 140 36
120 141 51
120 142 41
120 143 45
120 144 47
120 145 57
120 146 37
121 1 42
121 2 49
121 3 46
121 4 53
121 5 35
121 6 55
121 7 55
121 8 41
121 9 46
121 10 54
121 11 60
121 12 44
121 13 54
121 14 57
121 15 35
121 16 42
121 17 60
121 18 49
121 19 50
121 20 55
121 21 47
121 22 41
121 23 40
121 24 35
121 25 50
121 26 44
121 27 59
121 28 38
121 29 54
121 30 43
121 31 52
121 32 51
121 33 38
121 34 45
121 35 57
121 36 43
121 37 47
121 38 51
121 39 43
121 40 39
121 41 39
121 42 60
121 43 48
121 44 57
121 45 59
121 46 55
121 47 57
121 48 35
121 49 56
121 50 54
121 51 57
121 52 48
121 53 59
121 54 43
121 55 56
121 56 48
121 57 58
121 58 46
121 59 35
121 60 56
121 61 51
121 62 41
121 63 41
121 64 38
121 65 39
121 66 59
121 67 59
121 68 48
121 69 38
121 70 55
121 71 53
121 72 47
121 73 43
121 74 60
121 75 39
121 76 49
121 77 43
121 78 44
121 79 47
121 80 59
121 81 54
121 82 58
121 83 60
121 84 49
121 85 42
121 86 54
121 87 53
121 88 35
121 89 59
121 90 41
121 91 58
121 92 54
121 93 51
121 94 51
121 95 60
121 96 49
121 97 44
121 98 49
121 99 39
121 100 36
121 101 36
121 102 37
121 103 50
121 104 57
121 105 55
121 106 46
121 107 45
121 108 50
121 109 38
121 110 59
121 111 44
121 112 56
121 113 49
121 114 49
121 115 52
121 116 43
121 117 35
121 118 43
121 119 55
121 120 35
121 121 0
121 122 57
121 123 40
121 124 53
121 125 38
121 126 38
121 127 37
121 128 35
121 129 45
121 130 56
121 131 39
121 132 52
121 133 58
121 134 40
121 135 53
121 136 37
121 137 55
121 138 47
121 139 36
121 140 57
121 141 40
121 142 38
121 143 57
121 144 45
121 145 58
121 146 45
122 1 47
122 2 41
122 3 60
122 4 51
122 5 41
122 6 48
122 7 58
122 8 50
122 9 50
122 10 41
122 11 53
122 12 51
122 13 55
122 14 44
122 15 54
122 16 35
122 17 37
122 18 53
122 19 35
122 20 60
122 21 45
122 22 54
122 23 51
122 24 43
122 25 56
122 26 37
122 27 38
122 28 43
122 29 39
122 30 55
122 31 48
122 32 60
122 33 57
122 34 49
122 35 38
122 36 56
122 37 38
122 38 41
122 39 57
122 40 39
122 41 36
122 42 55
122 43 47
122 44 42
122 45 39
122 46 37
122 47 54
122 48 37
122 49 36
122 50 58
122 51 47
122 52 41
122 53 57
122 54 49
122 55 60
122 56 39
122 57 55
122 58 60
122 59 41
122 60 35
122 61 38
122 62 55
122 63 46
122 64 47
122 65 36
122 66 60
122 67 59
122 68 52
122 69 37
122 70 36
122 71 38
122 72 58
122 73 41
122 74 41
122 75 50
122 76 38
122 77 43
122 78 58
122 79 48
122 80 45
122 81 49
122 82 58
122 83 52
122 84 48
122 85 60
122 86 56
122 87 36
122 88 53
122 89 54
122 90 56
122 91 50
122 92 41
122 93 44
122 94 35
122 95 45
122 96 56
122 97 57
122 98 38
122 99 39
122 100 37
122 101 50
122 102 55
122 103 37
122 104 56
122 105 36
122 106 53
122 107 45
122 108 60
122 109 46
122 110 46
122 111 45
122 112 45
122 113 56
122 114 54
122 115 47
122 116 52
122 117 58
122 118 42
122 119 45
122 120 53
122 121 55
122 122 0
122 123 38
122 124 38
122 125 50
122 126 60
122 127 59
122 128 40
122 129 52
122 130 59
122 131 47
122 132 40
122 133 40
122 134 39
122 135 58
122 136 57
122 137 39
122 138 59
122 139 49
122 140 36
122 141 47
122 142 38
122 143 45
122 144 36
122 145 48
122 146 38
123 1 40
123 2 42
123 3 60
123 4 35
123 5 46
123 6 37
123 7 52
123 8 56
123 9 39
123 10 39
123 11 47
123 12 56
123 13 46
123 14 50
123 15 37
123 16 41
123 17 54
123 18 37
123 19 49
123 20 36
123 21 54
123 22 38
123 23 44
123 24 56
123 25 57
123 26 49
123 27 43
123 28 54
123 29 42
123 30 44
123 31 60
123 32 50
123 33 41
123 34 43
123 35 43
123 36 44
123 37 37
123 38 51
123 39 57
123 40 43
123 41 57
123 42 53
123 43 41
123 44 57
123 45 59
123 46 45
123 47 46
123 48 42
123 49 49
123 50 52
123 51 41
123 52 50
123 53 57
123 54 36
123 55 59
123 56 50
123 57 55
123 58 48
123 59 52
123 60 41
123 61 52
123 62 54
123 63 49
123 64 43
123 65 48
123 66 60
123 67 60
123 68 46
123 69 38
123 70 41
123 71 46
123 72 48
123 73 45
123 74 45
123 75 36
123 76 43
123 77 38
123 78 38
123 79 54
123 80 43
123 81 53
123 82 36
123 83 38
123 84 52
123 85 60
123 86 48
123 87 59
123 88 51
123 89 44
123 90 50
123 91 43
123 92 58
123 93 58
123 94 35
123 95 43
123 96 52
123 97 38
123 98 41
123 99 46
123 100 36
123 101 38
123 102 44
123 103 35
123 104 37
123 105 35
123 106 42
123 107 35
123 108 44
123 109 38
123 110 45
123 111 49
123 112 35
123 113 56
123 114 38
123 115 38
123 116 47
123 117 41
123 118 60
123 119 58
123 120 51
123 121 38
123 122 35
123 123 0
123 124 58
123 125 41
123 126 38
123 127 35
123 128 52
123 129 49
123 130 46
123 131 38
123 132 46
123 133 60
123 134 36
123 135 56
123 136 41
123 137 47
123 138 35
123 139 38
123 140 48
123 141 58
123 142 54
123 143 43
123 144 42
123 145 45
123 146 53
124 1 41
124 2 53
124 3 59
124 4 38
124 5 38
124 6 43
124 7 56
124 8 50
124 9 37
124 10 43
124 11 59
124 12 38
124 13 39
124 14 42
124 15 49
124 16 57
124 17 47
124 18 56
124 19 41
124 20 37
124 21 53
124 22 42
124 23 41
124 24 60
124 25 56
124 26 40
124 27 48
124 28 40
124 29 53
124 30 60
124 31 46
124 32 56
124 33 44
124 34 56
124 35 38
124 36 39
124 37 45
124 38 39
124 39 42
124 40 40
124 41 44
124 42 45
124 43 57
124 44 48
124 45 53
124 46 48
124 47 43
124 48 37
124 49 42
124 50 41
124 51 35
124 52 60
124 53 55
124 54 38
124 55 50
124 56 51
124 57 48
124 58 50
124 59 47
124 60 49
124 61 58
124 62 44
124 63 39
124 64 35
124 65 51
124 66 41
124 67 36
124 68 48
124 69 55
124 70 53
124 71 49
124 72 53
124 73 56
124 74 45
124 75 38
124 76 48
124 77 42
124 78 51
124 79 49
124 80 48
124 81 50
124 82 38
124 83 55
124 84 47
124 85 43
124 86 37
124 87 47
124 88 40
124 89 39
124 90 39
124 91 57
124 92 54
124 93 55
124 94 49
124 95 54
124 96 59
124 97 40
124 98 52
124 99 50
124 100 59
124 101 48
124 102 60
124 103 50
124 104 43
124 105 57
124 106 49
124 107 50
124 108 57
124 109 59
124 110 36
124 111 57
124 112 42
124 113 55
124 114 50
124 115 37
124 116 37
124 117 37
124 118 49
124 119 48
124 120 49
124 121 38
124 122 53
124 123 52
124 124 0
124 125 40
124 126 54
124 127 56
124 128 60
124 129 38
124 130 59
124 131 41
124 132 40
124 133 56
124 134 44
124 135 55
124 136 45
124 137 49
124 138 55
124 139 53
124 140 46
124 141 56
124 142 49
124 143 42
124 144 59
124 145 58
124 146 57
125 1 48
125 2 37
125 3 38
125 4 36
125 5 59
125 6 36
125 7 60
125 8 60
125 9 37
125 10 38
125 11 47
125 12 47
125 13 53
125 14 60
125 15 42
125 16 57
125 17 41
125 18 44
125 19 53
125 20 44
125 21 39
125 22 43
125 23 54
125 24 55
125 25 57
125 26 39
125 27 50
125 28 37
125 29 46
125 30 40
125 31 36
125 32 45
125 33 45
125 34 53
125 35 35
125 36 51
125 37 45
125 38 49
125 39 42
125 40 49
125 41 60
125 42 56
125 43 44
125 44 47
125 45 48
125 46 54
125 47 48
125 48 47
125 49 57
125 50 60
125 51 56
125 52 59
125 53 46
125 54 47
125 55 47
125 56 57
125 57 60
125 58 37
125 59 53
125 60 35
125 61 36
125 62 46
125 63 55
125 64 51
125 65 35
125 66 60
125 67 47
125 68 35
125 69 37
125 70 45
125 71 57
125 72 57
125 73 45
125 74 39
125 75 40
125 76 51
125 77 42
125 78 43
125 79 37
125 80 42
125 81 55
125 82 38
125 83 48
125 84 38
125 85 59
125 86 57
125 87 50
125 88 44
125 89 36
125 90 50
125 91 49
125 92 59
125 93 42
125 94 40
125 95 46
125 96 52
125 97 39
125 98 54
125 99 45
125 100 52
125 101 39
125 102 42
125 103 43
125 104 35
125 105 59
125 106 43
125 107 38
125 108 36
125 109 50
125 110 52
125 111 54
125 112 47
125 113 47
125 114 43
125 115 58
125 116 45
125 117 58
125 118 45
125 119 55
125 120 59
125 121 39
125 122 35
125 123 39
125 124 49
125 125 0
125 126 39
125 127 54
125 128 53
125 129 51
125 130 47
125 131 37
125 132 52
125 133 36
125 134 58
125 135 59
125 136 47
125 137 48
125 138 55
125 139 55
125 140 48
125 141 49
125 142 58
125 143 52
125 144 49
125 145 50
125 146 47
126 1 59
126 2 56
126 3 36
126 4 49
126 5 59
126 6 47
126 7 52
126 8 49
126 9 35
126 10 45
126 11 42
126 12 39
126 13 57
126 14 38
126 15 53
126 16 40
126 17 39
126 18 54
126 19 60
126 20 58
126 21 55
126 22 47
126 23 58
126 24 42
126 25 58
126 26 59
126 27 36
126 28 47
126 29 45
126 30 37
126 31 56
126 32 53
126 33 57
126 34 60
126 35 56
126 36 42
126 37 45
126 38 37
126 39 38
126 40 40
126 41 35
126 42 36
126 43 49
126 44 44
126 45 46
126 46 55
126 47 39
126 48 40
126 49 47
126 50 35
126 51 41
126 52 42
126 53 48
126 54 42
126 55 47
126 56 45
126 57 54
126 58 45
126 59 57
126 60 36
126 61 55
126 62 60
126 63 38
126 64 56
126 65 36
126 66 48
126 67 53
126 68 44
126 69 45
126 70 39
126 71 58
126 72 43
126 73 59
126 74 40
126 75 47
126 76 59
126 77 59
126 78 36
126 79 56
126 80 54
126 81 48
126 82 41
126 83 59
126 84 36
126 85 47
126 86 47
126 87 43
126 88 47
126 89 41
126 90 55
126 91 59
126 92 36
126 93 56
126 94 50
126 95 46
126 96 50
126 97 47
126 98 54
126 99 45
126 100 57
126 101 36
126 102 39
126 103 60
126 104 43
126 105 39
126 106 60
126 107 53
126 108 45
126 109 39
126 110 39
126 111 48
126 112 59
126 113 59
126 114 36
126 115 53
126 116 44
126 117 42
126 118 51
126 119 60
126 120 53
126 121 53
126 122 56
126 123 47
126 124 43
126 125 52
126 126 0
126 127 58
126 128 37
126 129 60
126 130 48
126 131 60
126 132 49
126 133 41
126 134 51
126 135 60
126 136 44
126 137 40
126 138 52
126 139 50
126 140 41
126 141 45
126 142 38
126 143 41
126 144 36
126 145 51
126 146 39
127 1 56
127 2 51
127 3 53
127 4 53
127 5 58
127 6 52
127 7 59
127 8 60
127 9 45
127 10 39
127 11 39
127 12 50
127 13 53
127 14 43
127 15 57
127 16 59
127 17 47
127 18 51
127 19 50
127 20 38
127 21 46
127 22 37
127 23 42
127 24 50
127 25 58
127 26 48
127 27 54
127 28 60
127 29 51
127 30 48
127 31 55
127 32 56
127 33 38
127 34 54
127 35 44
127 36 57
127 37 35
127 38 46
127 39 53
127 40 51
127 41 57
127 42 52
127 43 58
127 44 41
127 45 42
127 46 52
127 47 35
127 48 48
127 49 43
127 50 39
127 51 49
127 52 37
127 53 41
127 54 47
127 55 54
127 56 52
127 57 58
127 58 38
127 59 60
127 60 56
127 61 42
127 62 59
127 63 36
127 64 54
127 65 39
127 66 57
127 67 53
127 68 42
127 69 60
127 70 35
127 71 52
127 72 44
127 73 60
127 74 41
127 75 48
127 76 42
127 77 42
127 78 50
127 79 57
127 80 43
127 81 37
127 82 47
127 83 48
127 84 54
127 85 44
127 86 56
127 87 47
127 88 37
127 89 54
127 90 60
127 91 48
127 92 55
127 93 40
127 94 38
127 95 55
127 96 60
127 97 52
127 98 37
127 99 58
127 100 49
127 101 48
127 102 50
127 103 55
127 104 40
127 105 41
127 106 56
127 107 50
127 108 44
127 109 59
127 110 59
127 111 54
127 112 43
127 113 60
127 114 54
127 115 55
127 116 52
127 117 43
127 118 55
127 119 49
127 120 52
127 121 49
127 122 48
127 123 52
127 124 51
127 125 43
127 126 52
127 127 0
127 128 39
127 129 42
127 130 54
127 131 59
127 132 41
127 133 56
127 134 48
127 135 51
127 136 49
127 137 50
127 138 58
127 139 49
127 140 36
127 141 54
127 142 42
127 143 54
127 144 40
127 145 46
127 146 43
128 1 42
128 2 41
128 3 41
128 4 40
128 5 47
128 6 42
128 7 54
128 8 39
128 9 56
128 10 46
128 11 57
128 12 45
128 13 58
128 14 51
128 15 50
128 16 59
128 17 59
128 18 56
128 19 60
128 20 46
128 21 51
128 22 35
128 23 41
128 24 60
128 25 55
128 26 54
128 27 40
128 28 56
128 29 46
128 30 41
128 31 38
128 32 46
128 33 57
128 34 51
128 35 38
128 36 53
128 37 38
128 38 42
128 39 40
128 40 51
128 41 52
128 42 36
128 43 47
128 44 60
128 45 60
128 46 43
128 47 43
128 48 52
128 49 37
128 50 58
128 51 51
128 52 43
128 53 40
128 54 49
128 55 49
128 56 51
128 57 46
128 58 37
128 59 36
128 60 36
128 61 37
128 62 40
128 63 59
128 64 47
128 65 56
128 66 46
128 67 39
128 68 53
128 69 60
128 70 40
128 71 47
128 72 48
128 73 45
128 74 56
128 75 36
128 76 51
128 77 59
128 78 35
128 79 42
128 80 59
128 81 35
128 82 37
128 83 57
128 84 50
128 85 60
128 86 37
128 87 56
128 88 46
128 89 42
128 90 35
128 91 38
128 92 52
128 93 39
128 94 35
128 95 55
128 96 57
128 97 53
128 98 36
128 99 43
128 100 54
128 101 37
128 102 38
128 103 52
128 104 50
128 105 48
128 106 56
128 107 55
128 108 50
128 109 48
128 110 59
128 111 50
128 112 42
128 113 56
128 114 45
128 115 59
128 116 43
128 117 37
128 118 41
128 119 37
128 120 51
128 121 51
128 122 55
128 123 41
128 124 35
128 125 52
128 126 44
128 127 60
128 128 0
128 129 53
128 130 56
128 131 50
128 132 35
128 133 55
128 134 46
128 135 39
128 136 54
128 137 53
128 138 60
128 139 47
128 140 43
128 141 43
128 142 51
128 143 50
128 144 53
128 145 60
128 146 56
129 1 60
129 2 50
129 3 45
129 4 46
129 5 37
129 6 56
129 7 48
129 8 60
129 9 43
129 10 55
129 11 41
129 12 49
129 13 40
129 14 48
129 15 38
129 16 57
129 17 39
129 18 40
129 19 38
129 20 53
129 21 41
129 22 52
129 23 57
129 24 59
129 25 43
129 26 49
129 27 56
129 28 59
129 29 56
129 30 60
129 31 41
129 32 44
129 33 46
129 34 58
129 35 58
129 36 48
129 37 60
129 38 38
129 39 60
129 40 36
129 41 55
129 42 50
129 43 59
129 44 38
129 45 42
129 46 45
129 47 54
129 48 50
129 49 38
129 50 35
129 51 56
129 52 45
129 53 54
129 54 36
129 55 42
129 56 55
129 57 49
129 58 42
129 59 41
129 60 45
129 61 37
129 62 38
129 63 42
129 64 53
129 65 50
129 66 53
129 67 60
129 68 49
129 69 41
129 70 56
129 71 56
129 72 45
129 73 39
129 74 60
129 75 35
129 76 37
129 77 37
129 78 40
129 79 51
129 80 53
129 81 43
129 82 50
129 83 56
129 84 39
129 85 45
129 86 59
129 87 49
129 88 43
129 89 48
129 90 47
129 91 52
129 92 43
129 93 57
129 94 44
129 95 48
129 96 40
129 97 46
129 98 35
129 99 53
129 100 36
129 101 36
129 102 57
129 103 60
129 104 35
129 105 35
129 106 45
129 107 36
129 108 50
129 109 44
129 110 55
129 111 51
129 112 59
129 113 53
129 114 58
129 115 40
129 116 41
129 117 51
129 118 42
129 119 42
129 120 45
129 121 54
129 122 45
129 123 56
129 124 39
129 125 37
129 126 48
129 127 38
129 128 36
129 129 0
129 130 54
129 131 48
129 132 38
129 133 38
129 134 44
129 135 39
129 136 60
129 137 45
129 138 54
129 139 40
129 140 58
129 141 59
129 142 40
129 143 45
129 144 50
129 145 39
129 146 43
130 1 41
130 2 37
130 3 52
130 4 51
130 5 50
130 6 44
130 7 37
130 8 59
130 9 50
130 10 48
130 11 38
130 12 41
130 13 60
130 14 58
130 15 51
130 16 39
130 17 37
130 18 50
130 19 44
130 20 40
130 21 55
130 22 55
130 23 57
130 24 49
130 25 43
130 26 43
130 27 35
130 28 45
130 29 55
130 30 57
130 31 42
130 32 49
130 33 59
130 34 39
130 35 45
130 36 45
130 37 51
130 38 59
130 39 56
130 40 44
130 41 44
130 42 54
130 43 36
130 44 60
130 45 43
130 46 39
130 47 58
130 48 39
130 49 35
130 50 35
130 51 37
130 52 48
130 53 48
130 54 53
130 55 51
130 56 36
130 57 35
130 58 43
130 59 49
130 60 53
130 61 55
130 62 45
130 63 50
130 64 47
130 65 49
130 66 58
130 67 44
130 68 37
130 69 42
130 70 35
130 71 57
130 72 56
130 73 47
130 74 52
130 75 36
130 76 44
130 77 43
130 78 41
130 79 42
130 80 36
130 81 48
130 82 41
130 83 56
130 84 44
130 85 48
130 86 46
130 87 46
130 88 42
130 89 54
130 90 37
130 91 47
130 92 36
130 93 53
130 94 35
130 95 40
130 96 52
130 97 43
130 98 44
130 99 37
130 100 40
130 101 53
130 102 38
130 103 46
130 104 39
130 105 40
130 106 59
130 107 40
130 108 57
130 109 38
130 110 48
130 111 40
130 112 42
130 113 36
130 114 55
130 115 37
130 116 56
130 117 37
130 118 56
130 119 50
130 120 51
130 121 58
130 122 51
130 123 39
130 124 56
130 125 51
130 126 49
130 127 49
130 128 37
130 129 43
130 130 0
130 131 53
130 132 59
130 133 38
130 134 50
130 135 42
130 136 57
130 137 46
130 138 52
130 139 51
130 140 52
130 141 47
130 142 51
130 143 42
130 144 39
130 145 38
130 146 49
131 1 38
131 2 51
131 3 53
131 4 39
131 5 48
131 6 47
131 7 56
131 8 52
131 9 57
131 10 51
131 11 49
131 12 46
131 13 46
131 14 39
131 15 35
131 16 45
131 17 38
131 18 43
131 19 49
131 20 52
131 21 60
131 22 46
131 23 51
131 24 51
131 25 50
131 26 57
131 27 57
131 28 58
131 29 50
131 30 53
131 31 50
131 32 47
131 33 48
131 34 53
131 35 39
131 36 57
131 37 49
131 38 42
131 39 49
131 40 59
131 41 35
131 42 53
131 43 47
131 44 46
131 45 57
131 46 45
131 47 36
131 48 58
131 49 52
131 50 49
131 51 59
131 52 45
131 53 52
131 54 51
131 55 48
131 56 44
131 57 37
131 58 41
131 59 37
131 60 54
131 61 57
131 62 46
131 63 51
131 64 50
131 65 40
131 66 39
131 67 41
131 68 60
131 69 55
131 70 49
131 71 55
131 72 35
131 73 54
131 74 44
131 75 50
131 76 41
131 77 52
131 78 43
131 79 54
131 80 50
131 81 52
131 82 37
131 83 42
131 84 48
131 85 56
131 86 52
131 87 35
131 88 43
131 89 51
131 90 50
131 91 46
131 92 53
131 93 46
131 94 53
131 95 35
131 96 51
131 97 58
131 98 55
131 99 41
131 100 51
131 101 51
131 102 53
131 103 46
131 104 48
131 105 38
131 106 57
131 107 45
131 108 39
131 109 54
131 110 59
131 111 52
131 112 60
131 113 51
131 114 44
131 115 40
131 116 35
131 117 47
131 118 50
131 119 46
131 120 45
131 121 58
131 122 55
131 123 47
131 124 50
131 125 55
131 126 47
131 127 57
131 128 42
131 129 53
131 130 36
131 131 0
131 132 47
131 133 58
131 134 43
131 135 43
131 136 43
131 137 57
131 138 45
131 139 58
131 140 51
131 141 50
131 142 49
131 143 54
131 144 55
131 145 54
131 146 42
132 1 38
132 2 39
132 3 48
132 4 59
132 5 36
132 6 58
132 7 48
132 8 43
132 9 59
132 10 49
132 11 44
132 12 51
132 13 48
132 14 48
132 15 54
132 16 39
132 17 51
132 18 46
132 19 57
132 20 35
132 21 40
132 22 55
132 23 58
132 24 53
132 25 47
132 26 52
132 27 46
132 28 35
132 29 47
132 30 42
132 31 56
132 32 53
132 33 36
132 34 52
132 35 36
132 36 48
132 37 42
132 38 50
132 39 37
132 40 42
132 41 49
132 42 48
132 43 35
132 44 49
132 45 38
132 46 40
132 47 49
132 48 37
132 49 46
132 50 55
132 51 54
132 52 36
132 53 57
132 54 49
132 55 55
132 56 39
132 57 50
132 58 40
132 59 56
132 60 46
132 61 50
132 62 49
132 63 37
132 64 50
132 65 48
132 66 50
132 67 55
132 68 55
132 69 35
132 70 35
132 71 52
132 72 35
132 73 39
132 74 36
132 75 58
132 76 51
132 77 38
132 78 50
132 79 50
132 80 36
132 81 45
132 82 36
132 83 38
132 84 49
132 85 35
132 86 53
132 87 53
132 88 54
132 89 56
132 90 41
132 91 53
132 92 47
132 93 39
132 94 37
132 95 47
132 96 58
132 97 48
132 98 43
132 99 50
132 100 51
132 101 46
132 102 40
132 103 56
132 104 51
132 105 45
132 106 51
132 107 59
132 108 45
132 109 45
132 110 54
132 111 36
132 112 58
132 113 47
132 114 54
132 115 35
132 116 58
132 117 40
132 118 42
132 119 58
132 120 46
132 121 42
132 122 52
132 123 55
132 124 47
132 125 40
132 126 50
132 127 45
132 128 36
132 129 36
132 130 49
132 131 36
132 132 0
132 133 48
132 134 44
132 135 38
132 136 60
132 137 60
132 138 37
132 139 49
132 140 44
132 141 36
132 142 47
132 143 49
132 144 57
132 145 35
132 146 53
133 1 49
133 2 52
133 3 36
133 4 56
133 5 35
133 6 40
133 7 58
133 8 44
133 9 42
133 10 47
133 11 36
133 12 42
133 13 39
133 14 40
133 15 40
133 16 60
133 17 49
133 18 37
133 19 55
133 20 55
133 21 38
133 22 47
133 23 51
133 24 36
133 25 45
133 26 40
133 27 48
133 28 43
133 29 50
133 30 55
133 31 39
133 32 40
133 33 35
133 34 50
133 35 55
133 36 49
133 37 57
133 38 36
133 39 46
133 40 38
133 41 44
133 42 49
133 43 44
133 44 57
133 45 39
133 46 56
133 47 55
133 48 52
133 49 60
133 50 35
133 51 38
133 52 52
133 53 36
133 54 60
133 55 57
133 56 51
133 57 35
133 58 58
133 59 54
133 60 35
133 61 45
133 62 57
133 63 42
133 64 47
133 65 50
133 66 38
133 67 53
133 68 39
133 69 55
133 70 46
133 71 39
133 72 41
133 73 47
133 74 45
133 75 43
133 76 42
133 77 43
133 78 52
133 79 57
133 80 56
133 81 43
133 82 46
133 83 50
133 84 52
133 85 51
133 86 47
133 87 51
133 88 48
133 89 59
133 90 56
133 91 39
133 92 56
133 93 60
133 94 41
133 95 45
133 96 51
133 97 51
133 98 49
133 99 54
133 100 35
133 101 35
133 102 51
133 103 54
133 104 51
133 105 50
133 106 60
133 107 46
133 108 36
133 109 47
133 110 42
133 111 51
133 112 56
133 113 45
133 114 44
133 115 42
133 116 54
133 117 48
133 118 36
133 119 47
133 120 51
133 121 59
133 122 39
133 123 54
133 124 45
133 125 57
133 126 51
133 127 47
133 128 57
133 129 51
133 130 36
133 131 45
133 132 39
133 133 0
133 134 53
133 135 46
133 136 52
133 137 45
133 138 50
133 139 56
133 140 59
133 141 48
133 142 39
133 143 54
133 144 51
133 145 44
133 146 35
134 1 52
134 2 50
134 3 43
134 4 45
134 5 58
134 6 42
134 7 54
134 8 44
134 9 40
134 10 47
134 11 39
134 12 39
134 13 36
134 14 38
134 15 41
134 16 59
134 17 49
134 18 38
134 19 46
134 20 57
134 21 47
134 22 58
134 23 54
134 24 47
134 25 40
134 26 41
134 27 58
134 28 60
134 29 55
134 30 37
134 31 38
134 32 53
134 33 40
134 34 57
134 35 57
134 36 51
134 37 48
134 38 35
134 39 46
134 40 50
134 41 37
134 42 53
134 43 56
134 44 39
134 45 56
134 46 35
134 47 53
134 48 47
134 49 47
134 50 48
134 51 58
134 52 43
134 53 46
134 54 50
134 55 53
134 56 50
134 57 43
134 58 41
134 59 39
134 60 47
134 61 42
134 62 53
134 63 50
134 64 46
134 65 42
134 66 42
134 67 51
134 68 40
134 69 53
134 70 38
134 71 44
134 72 52
134 73 48
134 74 48
134 75 59
134 76 44
134 77 38
134 78 60
134 79 46
134 80 59
134 81 42
134 82 39
134 83 52
134 84 53
134 85 42
134 86 36
134 87 39
134 88 44
134 89 58
134 90 57
134 91 41
134 92 58
134 93 40
134 94 57
134 95 48
134 96 48
134 97 48
134 98 60
134 99 45
134 100 37
134 101 48
134 102 49
134 103 45
134 104 42
134 105 37
134 106 56
134 107 44
134 108 49
134 109 44
134 110 46
134 111 47
134 112 44
134 113 50
134 114 37
134 115 60
134 116 51
134 117 37
134 118 51
134 119 38
134 120 46
134 121 49
134 122 51
134 123 50
134 124 58
134 125 56
134 126 58
134 127 60
134 128 58
134 129 35
134 130 36
134 131 37
134 132 56
134 133 44
134 134 0
134 135 41
134 136 35
134 137 44
134 138 41
134 139 35
134 140 46
134 141 39
134 142 43
134 143 59
134 144 41
134 145 60
134 146 38
135 1 51
135 2 54
135 3 47
135 4 44
135 5 44
135 6 35
135 7 42
135 8 46
135 9 40
135 10 46
135 11 50
135 12 60
135 13 46
135 14 58
135 15 45
135 16 49
135 17 36
135 18 36
135 19 42
135 20 39
135 21 56
135 22 37
135 23 59
135 24 56
135 25 37
135 26 40
135 27 42
135 28 45
135 29 55
135 30 60
135 31 59
135 32 35
135 33 55
135 34 49
135 35 46
135 36 41
135 37 47
135 38 55
135 39 44
135 40 42
135 41 40
135 42 52
135 43 38
135 44 38
135 45 50
135 46 49
135 47 38
135 48 45
135 49 47
135 50 59
135 51 37
135 52 47
135 53 35
135 54 49
135 55 52
135 56 41
135 57 48
135 58 52
135 59 45
135 60 59
135 61 49
135 62 53
135 63 38
135 64 41
135 65 59
135 66 50
135 67 44
135 68 54
135 69 54
135 70 35
135 71 59
135 72 36
135 73 48
135 74 53
135 75 59
135 76 50
135 77 47
135 78 43
135 79 40
135 80 55
135 81 55
135 82 47
135 83 48
135 84 43
135 85 38
135 86 47
135 87 50
135 88 53
135 89 44
135 90 48
135 91 44
135 92 59
135 93 39
135 94 47
135 95 44
135 96 43
135 97 43
135 98 45
135 99 44
135 100 41
135 101 47
135 102 60
135 103 42
135 104 40
135 105 46
135 106 57
135 107 35
135 108 48
135 109 58
135 110 43
135 111 38
135 112 54
135 113 53
135 114 60
135 115 56
135 116 57
135 117 49
135 118 47
135 119 43
135 120 47
135 121 43
135 122 43
135 123 56
135 124 55
135 125 41
135 126 42
135 127 50
135 128 39
135 129 48
135 130 59
135 131 60
135 132 58
135 133 56
135 134 38
135 135 0
135 136 45
135 137 47
135 138 44
135 139 41
135 140 50
135 141 57
135 142 45
135 143 45
135 144 59
135 145 56
135 146 47
136 1 42
136 2 40
136 3 43
136 4 39
136 5 38
136 6 45
136 7 57
136 8 45
136 9 38
136 10 42
136 11 47
136 12 60
136 13 55
136 14 46
136 15 55
136 16 36
136 17 50
136 18 50
136 19 44
136 20 41
136 21 43
136 22 53
136 23 59
136 24 50
136 25 42
136 26 59
136 27 41
136 28 54
136 29 46
136 30 54
136 31 54
136 32 43
136 33 43
136 34 45
136 35 44
136 36 55
136 37 60
136 38 39
136 39 54
136 40 48
136 41 51
136 42 49
136 43 59
136 44 47
136 45 48
136 46 56
136 47 45
136 48 58
136 49 40
136 50 60
136 51 59
136 52 54
136 53 52
136 54 46
136 55 48
136 56 47
136 57 37
136 58 38
136 59 58
136 60 41
136 61 45
136 62 57
136 63 47
136 64 56
136 65 38
136 66 47
136 67 50
136 68 53
136 69 36
136 70 40
136 71 49
136 72 47
136 73 58
136 74 43
136 75 37
136 76 35
136 77 57
136 78 47
136 79 51
136 80 43
136 81 53
136 82 37
136 83 59
136 84 47
136 85 41
136 86 36
136 87 52
136 88 53
136 89 37
136 90 59
136 91 57
136 92 56
136 93 57
136 94 49
136 95 48
136 96 58
136 97 51
136 98 54
136 99 52
136 100 55
136 101 35
136 102 60
136 103 51
136 104 36
136 105 43
136 106 48
136 107 50
136 108 58
136 109 54
136 110 60
136 111 53
136 112 40
136 113 51
136 114 48
136 115 56
136 116 49
136 117 55
136 118 36
136 119 53
136 120 43
136 121 43
136 122 47
136 123 39
136 124 41
136 125 40
136 126 45
136 127 43
136 128 44
136 129 51
136 130 47
136 131 48
136 132 36
136 133 57
136 134 53
136 135 44
136 136 0
136 137 54
136 138 50
136 139 59
136 140 57
136 141 44
136 142 44
136 143 53
136 144 57
136 145 55
136 146 39
137 1 48
137 2 53
137 3 49
137 4 50
137 5 46
137 6 36
137 7 39
137 8 45
137 9 57
137 10 54
137 11 55
137 12 37
137 13 46
137 14 46
137 15 56
137 16 37
137 17 53
137 18 59
137 19 40
137 20 56
137 21 58
137 22 37
137 23 36
137 24 38
137 25 46
137 26 39
137 27 39
137 28 50
137 29 59
137 30 43
137 31 49
137 32 51
137 33 60
137 34 56
137 35 48
137 36 38
137 37 52
137 38 59
137 39 59
137 40 60
137 41 36
137 42 41
137 43 48
137 44 56
137 45 40
137 46 45
137 47 51
137 48 55
137 49 36
137 50 56
137 51 51
137 52 37
137 53 43
137 54 35
137 55 60
137 56 47
137 57 37
137 58 50
137 59 54
137 60 43
137 61 35
137 62 42
137 63 36
137 64 56
137 65 57
137 66 38
137 67 39
137 68 36
137 69 35
137 70 58
137 71 57
137 72 40
137 73 52
137 74 35
137 75 41
137 76 47
137 77 48
137 78 56
137 79 55
137 80 49
137 81 54
137 82 49
137 83 54
137 84 42
137 85 39
137 86 49
137 87 56
137 88 51
137 89 54
137 90 48
137 91 45
137 92 49
137 93 44
137 94 49
137 95 47
137 96 44
137 97 48
137 98 56
137 99 53
137 100 55
137 101 37
137 102 37
137 103 37
137 104 44
137 105 46
137 106 49
137 107 57
137 108 37
137 109 45
137 110 47
137 111 60
137 112 45
137 113 49
137 114 57
137 115 58
137 116 38
137 117 50
137 118 44
137 119 39
137 120 44
137 121 60
137 122 42
137 123 48
137 124 44
137 125 40
137 126 45
137 127 46
137 128 59
137 129 35
137 130 56
137 131 44
137 132 57
137 133 57
137 134 48
137 135 44
137 136 54
137 137 0
137 138 45
137 139 41
137 140 53
137 141 44
137 142 55
137 143 51
137 144 38
137 145 46
137 146 53
138 1 43
138 2 48
138 3 44
138 4 39
138 5 53
138 6 58
138 7 42
138 8 42
138 9 55
138 10 40
138 11 46
138 12 48
138 13 43
138 14 50
138 15 45
138 16 60
138 17 48
138 18 43
138 19 48
138 20 48
138 21 52
138 22 36
138 23 39
138 24 47
138 25 45
138 26 50
138 27 45
138 28 37
138 29 51
138 30 41
138 31 55
138 32 36
138 33 44
138 34 37
138 35 46
138 36 44
138 37 35
138 38 39
138 39 41
138 40 60
138 41 41
138 42 41
138 43 46
138 44 49
138 45 37
138 46 49
138 47 39
138 48 58
138 49 43
138 50 44
138 51 36
138 52 48
138 53 59
138 54 60
138 55 48
138 56 55
138 57 47
138 58 50
138 59 50
138 60 54
138 61 43
138 62 38
138 63 48
138 64 59
138 65 51
138 66 47
138 67 43
138 68 44
138 69 57
138 70 44
138 71 41
138 72 57
138 73 46
138 74 59
138 75 56
138 76 36
138 77 48
138 78 53
138 79 41
138 80 46
138 81 41
138 82 60
138 83 54
138 84 50
138 85 51
138 86 51
138 87 42
138 88 45
138 89 44
138 90 40
138 91 51
138 92 58
138 93 53
138 94 57
138 95 55
138 96 55
138 97 44
138 98 47
138 99 45
138 100 49
138 101 58
138 102 35
138 103 47
138 104 39
138 105 53
138 106 35
138 107 50
138 108 51
138 109 51
138 110 37
138 111 46
138 112 51
138 113 36
138 114 47
138 115 42
138 116 60
138 117 38
138 118 52
138 119 35
138 120 58
138 121 42
138 122 41
138 123 54
138 124 58
138 125 43
138 126 45
138 127 35
138 128 58
138 129 59
138 130 48
138 131 37
138 132 42
138 133 47
138 134 43
138 135 36
138 136 45
138 137 57
138 138 0
138 139 47
138 140 52
138 141 48
138 142 57
138 143 36
138 144 37
138 145 49
138 146 38
139 1 41
139 2 50
139 3 44
139 4 58
139 5 35
139 6 55
139 7 37
139 8 60
139 9 43
139 10 57
139 11 36
139 12 53
139 13 46
139 14 42
139 15 53
139 16 55
139 17 42
139 18 44
139 19 60
139 20 51
139 21 58
139 22 36
139 23 47
139 24 49
139 25 41
139 26 37
139 27 52
139 28 59
139 29 45
139 30 51
139 31 49
139 32 49
139 33 38
139 34 59
139 35 35
139 36 53
139 37 35
139 38 35
139 39 44
139 40 55
139 41 41
139 42 38
139 43 50
139 44 56
139 45 43
139 46 51
139 47 45
139 48 35
139 49 55
139 50 35
139 51 56
139 52 56
139 53 57
139 54 60
139 55 47
139 56 36
139 57 49
139 58 59
139 59 41
139 60 46
139 61 49
139 62 60
139 63 58
139 64 48
139 65 45
139 66 59
139 67 50
139 68 42
139 69 59
139 70 48
139 71 37
139 72 35
139 73 60
139 74 52
139 75 39
139 76 37
139 77 39
139 78 45
139 79 45
139 80 39
139 81 49
139 82 57
139 83 52
139 84 36
139 85 51
139 86 38
139 87 38
139 88 36
139 89 52
139 90 43
139 91 41
139 92 48
139 93 42
139 94 39
139 95 53
139 96 53
139 97 38
139 98 41
139 99 45
139 100 43
139 101 59
139 102 46
139 103 53
139 104 50
139 105 41
139 106 50
139 107 44
139 108 59
139 109 45
139 110 50
139 111 60
139 112 54
139 113 35
139 114 40
139 115 57
139 116 55
139 117 56
139 118 36
139 119 55
139 120 38
139 121 40
139 122 45
139 123 58
139 124 60
139 125 47
139 126 57
139 127 59
139 128 46
139 129 35
139 130 41
139 131 44
139 132 60
139 133 40
139 134 57
139 135 58
139 136 55
139 137 52
139 138 48
139 139 0
139 140 43
139 141 48
139 142 48
139 143 35
139 144 45
139 145 48
139 146 47
140 1 38
140 2 37
140 3 48
140 4 44
140 5 47
140 6 41
140 7 45
140 8 56
140 9 48
140 10 57
140 11 54
140 12 53
140 13 45
140 14 47
140 15 50
140 16 43
140 17 48
140 18 53
140 19 53
140 20 42
140 21 56
140 22 39
140 23 59
140 24 39
140 25 55
140 26 54
140 27 54
140 28 59
140 29 52
140 30 36
140 31 55
140 32 46
140 33 41
140 34 51
140 35 38
140 36 47
140 37 43
140 38 39
140 39 57
140 40 58
140 41 46
140 42 44
140 43 43
140 44 35
140 45 45
140 46 53
140 47 40
140 48 57
140 49 35
140 50 39
140 51 35
140 52 48
140 53 52
140 54 45
140 55 41
140 56 48
140 57 55
140 58 55
140 59 41
140 60 46
140 61 51
140 62 54
140 63 57
140 64 36
140 65 49
140 66 58
140 67 35
140 68 37
140 69 43
140 70 60
140 71 48
140 72 47
140 73 48
140 74 47
140 75 55
140 76 44
140 77 40
140 78 57
140 79 47
140 80 50
140 81 50
140 82 48
140 83 38
140 84 55
140 85 55
140 86 36
140 87 49
140 88 54
140 89 49
140 90 37
140 91 54
140 92 54
140 93 53
140 94 40
140 95 42
140 96 53
140 97 58
140 98 44
140 99 44
140 100 41
140 101 55
140 102 45
140 103 53
140 104 52
140 105 45
140 106 46
140 107 45
140 108 50
140 109 56
140 110 59
140 111 40
140 112 46
140 113 55
140 114 54
140 115 48
140 116 52
140 117 53
140 118 36
140 119 52
140 120 42
140 121 55
140 122 51
140 123 45
140 124 45
140 125 47
140 126 38
140 127 49
140 128 41
140 129 48
140 130 36
140 131 41
140 132 39
140 133 45
140 134 46
140 135 42
140 136 42
140 137 38
140 138 35
140 139 51
140 140 0
140 141 60
140 142 58
140 143 35
140 144 57
140 145 52
140 146 51
141 1 54
141 2 43
141 3 56
141 4 55
141 5 50
141 6 55
141 7 45
141 8 58
141 9 57
141 10 50
141 11 42
141 12 51
141 13 48
141 14 39
141 15 37
141 16 38
141 17 37
141 18 41
141 19 59
141 20 41
141 21 58
141 22 45
141 23 44
141 24 42
141 25 50
141 26 42
141 27 39
141 28 60
141 29 44
141 30 44
141 31 50
141 32 60
141 33 56
141 34 35
141 35 37
141 36 51
141 37 43
141 38 46
141 39 57
141 40 52
141 41 54
141 42 54
141 43 42
141 44 47
141 45 35
141 46 55
141 47 44
141 48 41
141 49 38
141 50 36
141 51 60
141 52 53
141 53 50
141 54 41
141 55 52
141 56 57
141 57 47
141 58 36
141 59 55
141 60 44
141 61 57
141 62 44
141 63 45
141 64 50
141 65 60
141 66 45
141 67 54
141 68 48
141 69 47
141 70 46
141 71 58
141 72 41
141 73 56
141 74 47
141 75 35
141 76 38
141 77 43
141 78 40
141 79 39
141 80 57
141 81 40
141 82 42
141 83 43
141 84 59
141 85 46
141 86 48
141 87 48
141 88 49
141 89 60
141 90 51
141 91 60
141 92 57
141 93 49
141 94 55
141 95 45
141 96 60
141 97 41
141 98 47
141 99 55
141 100 52
141 101 49
141 102 37
141 103 37
141 104 57
141 105 47
141 106 60
141 107 50
141 108 35
141 109 57
141 110 48
141 111 60
141 112 45
141 113 56
141 114 44
141 115 47
141 116 57
141 117 53
141 118 39
141 119 55
141 120 59
141 121 38
141 122 42
141 123 40
141 124 39
141 125 46
141 126 45
141 127 57
141 128 54
141 129 60
141 130 41
141 131 43
141 132 35
141 133 44
141 134 46
141 135 58
141 136 49
141 137 36
141 138 50
141 139 58
141 140 45
141 141 0
141 142 42
141 143 59
141 144 57
141 145 50
141 146 39
142 1 39
142 2 51
142 3 38
142 4 55
142 5 56
142 6 51
142 7 43
142 8 56
142 9 41
142 10 60
142 11 46
142 12 42
142 13 57
142 14 54
142 15 56
142 16 54
142 17 57
142 18 39
142 19 46
142 20 50
142 21 46
142 22 36
142 23 36
142 24 57
142 25 58
142 26 49
142 27 37
142 28 42
142 29 47
142 30 49
142 31 42
142 32 56
142 33 42
142 34 50
142 35 36
142 36 39
142 37 59
142 38 56
142 39 49
142 40 46
142 41 55
142 42 52
142 43 53
142 44 39
142 45 52
142 46 44
142 47 51
142 48 47
142 49 40
142 50 55
142 51 39
142 52 35
142 53 59
142 54 50
142 55 55
142 56 38
142 57 50
142 58 40
142 59 55
142 60 55
142 61 55
142 62 55
142 63 52
142 64 38
142 65 47
142 66 44
142 67 36
142 68 47
142 69 37
142 70 56
142 71 53
142 72 51
142 73 36
142 74 45
142 75 46
142 76 53
142 77 54
142 78 48
142 79 56
142 80 43
142 81 36
142 82 41
142 83 43
142 84 54
142 85 46
142 86 43
142 87 56
142 88 54
142 89 38
142 90 40
142 91 59
142 92 49
142 93 48
142 94 42
142 95 35
142 96 47
142 97 54
142 98 38
142 99 54
142 100 59
142 101 37
142 102 40
142 103 56
142 104 35
142 105 47
142 106 44
142 107 45
142 108 48
142 109 52
142 110 54
142 111 58
142 112 57
142 113 41
142 114 51
142 115 54
142 116 35
142 117 48
142 118 58
142 119 48
142 120 60
142 121 57
142 122 53
142 123 51
142 124 37
142 125 38
142 126 42
142 127 43
142 128 55
142 129 50
142 130 50
142 131 52
142 132 43
142 133 35
142 134 54
142 135 52
142 136 36
142 137 54
142 138 53
142 139 45
142 140 42
142 141 55
142 142 0
142 143 43
142 144 49
142 145 38
142 146 39
143 1 51
143 2 47
143 3 55
143 4 52
143 5 43
143 6 45
143 7 53
143 8 47
143 9 48
143 10 36
143 11 44
143 12 58
143 13 59
143 14 40
143 15 59
143 16 47
143 17 58
143 18 35
143 19 48
143 20 55
143 21 44
143 22 58
143 23 55
143 24 47
143 25 57
143 26 60
143 27 48
143 28 52
143 29 51
143 30 51
143 31 36
143 32 45
143 33 53
143 34 40
143 35 59
143 36 38
143 37 57
143 38 52
143 39 59
143 40 52
143 41 54
143 42 43
143 43 58
143 44 37
143 45 37
143 46 38
143 47 44
143 48 51
143 49 39
143 50 52
143 51 36
143 52 53
143 53 36
143 54 36
143 55 50
143 56 51
143 57 46
143 58 42
143 59 44
143 60 46
143 61 60
143 62 55
143 63 58
143 64 44
143 65 42
143 66 35
143 67 60
143 68 60
143 69 46
143 70 49
143 71 42
143 72 48
143 73 51
143 74 60
143 75 36
143 76 44
143 77 57
143 78 35
143 79 38
143 80 37
143 81 55
143 82 47
143 83 40
143 84 48
143 85 56
143 86 36
143 87 36
143 88 40
143 89 58
143 90 45
143 91 48
143 92 49
143 93 37
143 94 59
143 95 58
143 96 47
143 97 56
143 98 56
143 99 45
143 100 44
143 101 58
143 102 43
143 103 43
143 104 45
143 105 58
143 106 56
143 107 42
143 108 44
143 109 52
143 110 40
143 111 55
143 112 59
143 113 47
143 114 50
143 115 40
143 116 57
143 117 38
143 118 37
143 119 53
143 120 40
143 121 54
143 122 55
143 123 40
143 124 59
143 125 59
143 126 41
143 127 44
143 128 46
143 129 37
143 130 50
143 131 49
143 132 56
143 133 45
143 134 42
143 135 41
143 136 39
143 137 55
143 138 38
143 139 45
143 140 48
143 141 55
143 142 39
143 143 0
143 144 51
143 145 42
143 146 37
144 1 36
144 2 48
144 3 49
144 4 39
144 5 48
144 6 49
144 7 53
144 8 42
144 9 39
144 10 58
144 11 47
144 12 45
144 13 44
144 14 56
144 15 49
144 16 37
144 17 44
144 18 47
144 19 46
144 20 55
144 21 35
144 22 60
144 23 38
144 24 53
144 25 51
144 26 44
144 27 40
144 28 45
144 29 54
144 30 37
144 31 48
144 32 42
144 33 50
144 34 46
144 35 35
144 36 35
144 37 56
144 38 45
144 39 39
144 40 47
144 41 59
144 42 48
144 43 41
144 44 40
144 45 56
144 46 44
144 47 39
144 48 56
144 49 50
144 50 53
144 51 35
144 52 58
144 53 57
144 54 40
144 55 50
144 56 57
144 57 55
144 58 45
144 59 39
144 60 54
144 61 44
144 62 60
144 63 52
144 64 48
144 65 49
144 66 50
144 67 60
144 68 35
144 69 50
144 70 36
144 71 35
144 72 48
144 73 56
144 74 35
144 75 44
144 76 51
144 77 43
144 78 45
144 79 41
144 80 55
144 81 35
144 82 37
144 83 60
144 84 41
144 85 35
144 86 59
144 87 52
144 88 54
144 89 53
144 90 46
144 91 56
144 92 55
144 93 55
144 94 49
144 95 45
144 96 35
144 97 45
144 98 42
144 99 54
144 100 43
144 101 37
144 102 54
144 103 56
144 104 60
144 105 38
144 106 58
144 107 54
144 108 41
144 109 51
144 110 50
144 111 57
144 112 50
144 113 48
144 114 57
144 115 37
144 116 36
144 117 48
144 118 45
144 119 37
144 120 39
144 121 52
144 122 60
144 123 39
144 124 42
144 125 35
144 126 53
144 127 42
144 128 35
144 129 37
144 130 39
144 131 35
144 132 58
144 133 36
144 134 35
144 135 40
144 136 40
144 137 41
144 138 37
144 139 43
144 140 44
144 141 36
144 142 50
144 143 36
144 144 0
144 145 35
144 146 59
145 1 58
145 2 38
145 3 55
145 4 44
145 5 45
145 6 46
145 7 53
145 8 47
145 9 50
145 10 59
145 11 58
145 12 58
145 13 49
145 14 48
145 15 43
145 16 42
145 17 38
145 18 43
145 19 39
145 20 57
145 21 49
145 22 48
145 23 52
145 24 57
145 25 40
145 26 55
145 27 60
145 28 37
145 29 44
145 30 49
145 31 40
145 32 50
145 33 51
145 34 54
145 35 37
145 36 50
145 37 49
145 38 56
145 39 59
145 40 50
145 41 57
145 42 41
145 43 38
145 44 36
145 45 37
145 46 44
145 47 35
145 48 47
145 49 59
145 50 58
145 51 48
145 52 46
145 53 52
145 54 59
145 55 49
145 56 42
145 57 55
145 58 41
145 59 57
145 60 54
145 61 48
145 62 50
145 63 53
145 64 52
145 65 54
145 66 58
145 67 38
145 68 43
145 69 53
145 70 58
145 71 43
145 72 51
145 73 45
145 74 35
145 75 39
145 76 48
145 77 53
145 78 56
145 79 40
145 80 44
145 81 40
145 82 45
145 83 47
145 84 57
145 85 59
145 86 40
145 87 41
145 88 54
145 89 39
145 90 40
145 91 58
145 92 43
145 93 56
145 94 60
145 95 44
145 96 36
145 97 50
145 98 42
145 99 39
145 100 54
145 101 57
145 102 54
145 103 43
145 104 53
145 105 57
145 106 54
145 107 50
145 108 40
145 109 53
145 110 58
145 111 38
145 112 59
145 113 54
145 114 42
145 115 37
145 116 36
145 117 37
145 118 56
145 119 45
145 120 57
145 121 60
145 122 36
145 123 60
145 124 49
145 125 51
145 126 38
145 127 43
145 128 43
145 129 59
145 130 60
145 131 55
145 132 37
145 133 49
145 134 49
145 135 53
145 136 52
145 137 35
145 138 57
145 139 52
145 140 39
145 141 54
145 142 53
145 143 42
145 144 44
145 145 0
145 146 55
146 1 52
146 2 50
146 3 42
146 4 57
146 5 44
146 6 54
146 7 55
146 8 51
146 9 41
146 10 42
146 11 37
146 12 53
146 13 51
146 14 51
146 15 49
146 16 51
146 17 38
146 18 59
146 19 43
146 20 56
146 21 37
146 22 46
146 23 35
146 24 41
146 25 53
146 26 60
146 27 39
146 28 41
146 29 36
146 30 40
146 31 49
146 32 50
146 33 51
146 34 49
146 35 46
146 36 59
146 37 37
146 38 58
146 39 37
146 40 47
146 41 43
146 42 35
146 43 36
146 44 58
146 45 57
146 46 36
146 47 42
146 48 54
146 49 56
146 50 52
146 51 42
146 52 41
146 53 60
146 54 43
146 55 37
146 56 60
146 57 52
146 58 50
146 59 53
146 60 52
146 61 57
146 62 43
146 63 49
146 64 47
146 65 44
146 66 44
146 67 59
146 68 42
146 69 54
146 70 57
146 71 38
146 72 57
146 73 45
146 74 47
146 75 44
146 76 58
146 77 42
146 78 57
146 79 58
146 80 40
146 81 45
146 82 40
146 83 60
146 84 47
146 85 60
146 86 48
146 87 45
146 88 56
146 89 38
146 90 60
146 91 40
146 92 37
146 93 56
146 94 43
146 95 39
146 96 58
146 97 47
146 98 37
146 99 52
146 100 37
146 101 45
146 102 58
146 103 46
146 104 39
146 105 60
146 106 49
146 107 57
146 108 44
146 109 52
146 110 37
146 111 35
146 112 60
146 113 44
146 114 46
146 115 45
146 116 59
146 117 58
146 118 47
146 119 58
146 120 56
146 121 40
146 122 41
146 123 44
146 124 54
146 125 40
146 126 45
146 127 44
146 128 56
146 129 46
146 130 50
146 131 52
146 132 43
146 133 57
146 134 46
146 135 54
146 136 46
146 137 48
146 138 59
146 139 46
146 140 52
146 141 43
146 142 60
146 143 52
146 144 38
146 145 40
146 146 0
;
param Rinit :=
1 1 0
1 2 0
1 3 0
1 4 0
1 5 0
1 6 0
1 7 0
1 8 0
1 9 0
1 10 0
1 11 0
1 12 0
1 13 0
1 14 0
1 15 0
1 16 0
1 17 0
1 18 0
1 19 0
1 20 0
1 21 0
1 22 0
1 23 0
1 24 0
1 25 0
1 26 0
1 27 0
1 28 0
1 29 0
146 1 0
146 2 0
146 3 0
146 4 0
146 5 0
146 6 0
146 7 0
146 8 0
146 9 0
146 10 0
146 11 0
146 12 0
146 13 0
146 14 0
146 15 0
146 16 0
146 17 0
146 18 0
146 19 0
146 20 0
146 21 0
146 22 0
146 23 0
146 24 0
146 25 0
146 26 0
146 27 0
146 28 0
146 29 0
;
param f :=
1 1
2 2
3 3
4 4
;