param sigma
: 1 2 :=
1	1e-05	0.99999
2	0.1	0.9
3	0.2	0.8
4	0.3	0.7
5	0.4	0.6
6	0.5	0.5
7	0.6	0.4
8	0.7	0.3
9	0.8	0.2
10	0.9	0.1
11	0.99999	1e-05
;

set O := 1 146;
set R := 2 3 4 5 6 7 8 9 10 11 12 13 14 15 16 17 18 19 20 21 22 23 24 25 26 27 28 29 30 31 32 33 34 35 36 37 38 39 40 41 42 43 44 45 46 47 48 49 50 51 52 53 54 55 56 57 58 59 60 61 62 63 64 65 66 67 68 69 70 71 72 73 74 75 76 77 78 79 80 81 82 83 84 85 86 87 88 89 90 91 92 93 94 95 96 97 98 99 100 101 102 103 104 105 106 107 108 109 110 111 112 113 114 115 116 117 118 119 120 121 122 123 124 125 126 127 128 129 130 131 132 133 134 135 136 137 138 139 140 141 142 143 144 145;
set S := -1 -146;
set K := 1 2 3 4 5 6 7 8 9 10 11 12 13 14 15 16 17 18 19 20 21 22 23 24 25 26 27 28 29 30 31 32 33 34 35 36 37 38 39 40 41 42 43 44 45 46 47 48 49 50 51 52 53 54 55 56 57 58;
param b := 29;
param theta := 400.0;
param peso_vacio := 3500;
param alpha :=
0 0
1 0
2 0
3 0
4 0
;
param beta :=
0 0.2
1 -0.1
2 0
3 0
4 0
;
param gamma :=
0 16.4
1 2.2
2 2.2
3 0.6
4 0.4
;
param delta :=
0 0
1 0
2 0
3 0
4 0
;
param epsilon :=
0 0.3
1 0
2 0
3 0
4 0
;
param zeta :=
0 2.4
1 2.5
2 1.3
3 4.5
4 3.3
;
param hta :=
0 1
1 1
2 1
3 1
4 1
;
param dm :=
1 0
2 9
3 8
4 7
5 6
6 5
7 4
8 3
9 2
10 1
11 9
12 8
13 7
14 6
15 5
16 4
17 3
18 2
19 1
20 9
21 8
22 7
23 6
24 5
25 4
26 3
27 2
28 1
29 9
30 8
31 7
32 6
33 5
34 4
35 3
36 2
37 1
38 9
39 8
40 7
41 6
42 5
43 4
44 3
45 2
46 1
47 9
48 8
49 7
50 6
51 5
52 4
53 3
54 2
55 1
56 9
57 8
58 7
59 6
60 5
61 4
62 3
63 2
64 1
65 9
66 8
67 7
68 6
69 5
70 4
71 3
72 2
73 1
74 9
75 8
76 7
77 6
78 5
79 4
80 3
81 2
82 1
83 9
84 8
85 7
86 6
87 5
88 4
89 3
90 2
91 1
92 9
93 8
94 7
95 6
96 5
97 4
98 3
99 2
100 1
101 9
102 8
103 7
104 6
105 5
106 4
107 3
108 2
109 1
110 9
111 8
112 7
113 6
114 5
115 4
116 3
117 2
118 1
119 9
120 8
121 7
122 6
123 5
124 4
125 3
126 2
127 1
128 9
129 8
130 7
131 6
132 5
133 4
134 3
135 2
136 1
137 9
138 8
139 7
140 6
141 5
142 4
143 3
144 2
145 1
146 0
;
param d :=
1 1 0.00
1 2 2.45
1 3 2.68
1 4 3.39
1 5 4.28
1 6 5.25
1 7 6.28
1 8 7.38
1 9 8.74
1 10 9.67
1 11 2.00
1 12 1.68
1 13 2.16
1 14 2.99
1 15 3.95
1 16 4.98
1 17 6.08
1 18 7.46
1 19 8.38
1 20 1.87
1 21 0.88
1 22 0.85
1 23 1.71
1 24 2.70
1 25 3.72
1 26 4.81
1 27 6.16
1 28 7.09
1 29 2.14
1 30 1.16
1 31 0.52
1 32 1.04
1 33 1.94
1 34 2.88
1 35 3.88
1 36 5.08
1 37 6.04
1 38 2.66
1 39 2.11
1 40 1.83
1 41 1.93
1 42 2.37
1 43 2.99
1 44 3.72
1 45 4.57
1 46 5.57
1 47 3.25
1 48 3.10
1 49 3.08
1 50 3.23
1 51 3.54
1 52 3.96
1 53 4.44
1 54 4.89
1 55 5.87
1 56 3.83
1 57 4.01
1 58 4.23
1 59 4.51
1 60 4.85
1 61 5.24
1 62 5.63
1 63 5.88
1 64 6.81
1 65 4.32
1 66 4.80
1 67 5.21
1 68 5.64
1 69 6.09
1 70 6.53
1 71 6.95
1 72 7.16
1 73 8.07
1 74 4.70
1 75 5.41
1 76 6.01
1 77 6.58
1 78 7.14
1 79 7.69
1 80 8.17
1 81 8.45
1 82 9.38
1 83 4.93
1 84 5.83
1 85 6.59
1 86 7.29
1 87 7.97
1 88 8.61
1 89 9.20
1 90 9.61
1 91 10.55
1 92 5.01
1 93 6.04
1 94 6.92
1 95 7.74
1 96 8.52
1 97 9.27
1 98 9.97
1 99 10.53
1 100 11.50
1 101 4.93
1 102 6.03
1 103 7.00
1 104 7.91
1 105 8.78
1 106 9.62
1 107 10.42
1 108 11.14
1 109 12.13
1 110 4.70
1 111 5.81
1 112 6.82
1 113 7.79
1 114 8.73
1 115 9.65
1 116 10.54
1 117 11.42
1 118 12.42
1 119 4.33
1 120 5.37
1 121 6.40
1 122 7.39
1 123 8.38
1 124 9.35
1 125 10.32
1 126 11.35
1 127 12.35
1 128 3.83
1 129 4.75
1 130 5.73
1 131 6.73
1 132 7.73
1 133 8.74
1 134 9.77
1 135 10.93
1 136 11.92
1 137 3.26
1 138 3.96
1 139 4.86
1 140 5.83
1 141 6.83
1 142 7.85
1 143 8.92
1 144 10.19
1 145 11.15
1 146 6.88
2 1 2.45
2 2 0.00
2 3 1.11
2 4 2.12
2 5 3.10
2 6 4.06
2 7 5.02
2 8 6.00
2 9 7.10
2 10 8.09
2 11 0.60
2 12 1.13
2 13 2.00
2 14 2.90
2 15 3.81
2 16 4.71
2 17 5.64
2 18 6.66
2 19 7.66
2 20 1.18
2 21 1.58
2 22 2.27
2 23 3.04
2 24 3.86
2 25 4.69
2 26 5.54
2 27 6.44
2 28 7.44
2 29 1.71
2 30 2.17
2 31 2.78
2 32 3.47
2 33 4.20
2 34 4.96
2 35 5.72
2 36 6.50
2 37 7.50
2 38 2.18
2 39 2.76
2 40 3.38
2 41 4.04
2 42 4.73
2 43 5.44
2 44 6.15
2 45 6.82
2 46 7.81
2 47 2.58
2 48 3.28
2 49 3.95
2 50 4.64
2 51 5.33
2 52 6.03
2 53 6.71
2 54 7.33
2 55 8.31
2 56 2.87
2 57 3.70
2 58 4.45
2 59 5.18
2 60 5.90
2 61 6.62
2 62 7.31
2 63 7.92
2 64 8.90
2 65 3.06
2 66 4.00
2 67 4.83
2 68 5.61
2 69 6.38
2 70 7.14
2 71 7.86
2 72 8.51
2 73 9.49
2 74 3.14
2 75 4.16
2 76 5.06
2 77 5.91
2 78 6.73
2 79 7.53
2 80 8.30
2 81 9.00
2 82 10.00
2 83 3.11
2 84 4.19
2 85 5.14
2 86 6.04
2 87 6.91
2 88 7.75
2 89 8.58
2 90 9.36
2 91 10.36
2 92 2.95
2 93 4.06
2 94 5.06
2 95 6.00
2 96 6.91
2 97 7.80
2 98 8.68
2 99 9.55
2 100 10.55
2 101 2.70
2 102 3.80
2 103 4.82
2 104 5.79
2 105 6.74
2 106 7.67
2 107 8.59
2 108 9.55
2 109 10.55
2 110 2.34
2 111 3.41
2 112 4.44
2 113 5.43
2 114 6.40
2 115 7.36
2 116 8.32
2 117 9.35
2 118 10.35
2 119 1.89
2 120 2.92
2 121 3.94
2 122 4.94
2 123 5.92
2 124 6.90
2 125 7.89
2 126 8.98
2 127 9.97
2 128 1.38
2 129 2.35
2 130 3.36
2 131 4.37
2 132 5.35
2 133 6.34
2 134 7.35
2 135 8.48
2 136 9.47
2 137 0.81
2 138 1.75
2 139 2.77
2 140 3.77
2 141 4.76
2 142 5.74
2 143 6.75
2 144 7.89
2 145 8.88
2 146 4.80
3 1 2.68
3 2 1.11
3 3 0.00
3 4 1.03
3 5 2.02
3 6 3.01
3 7 4.00
3 8 5.02
3 9 6.24
3 10 7.20
3 11 1.54
3 12 1.00
3 13 1.22
3 14 1.92
3 15 2.74
3 16 3.62
3 17 4.53
3 18 5.57
3 19 6.56
3 20 2.13
3 21 1.96
3 22 2.13
3 23 2.57
3 24 3.18
3 25 3.86
3 26 4.60
3 27 5.39
3 28 6.39
3 29 2.72
3 30 2.86
3 31 3.13
3 32 3.54
3 33 4.04
3 34 4.61
3 35 5.20
3 36 5.75
3 37 6.73
3 38 3.24
3 39 3.64
3 40 4.06
3 41 4.53
3 42 5.04
3 43 5.58
3 44 6.11
3 45 6.53
3 46 7.49
3 47 3.67
3 48 4.30
3 49 4.86
3 50 5.43
3 51 6.00
3 52 6.57
3 53 7.11
3 54 7.51
3 55 8.46
3 56 3.98
3 57 4.79
3 58 5.49
3 59 6.16
3 60 6.82
3 61 7.45
3 62 8.05
3 63 8.49
3 64 9.45
3 65 4.16
3 66 5.11
3 67 5.93
3 68 6.70
3 69 7.44
3 70 8.16
3 71 8.83
3 72 9.37
3 73 10.34
3 74 4.19
3 75 5.24
3 76 6.16
3 77 7.02
3 78 7.84
3 79 8.63
3 80 9.38
3 81 10.05
3 82 11.03
3 83 4.08
3 84 5.18
3 85 6.16
3 86 7.09
3 87 7.98
3 88 8.85
3 89 9.68
3 90 10.47
3 91 11.47
3 92 3.82
3 93 4.93
3 94 5.95
3 95 6.92
3 96 7.87
3 97 8.79
3 98 9.70
3 99 10.62
3 100 11.62
3 101 3.45
3 102 4.50
3 103 5.52
3 104 6.52
3 105 7.50
3 106 8.47
3 107 9.44
3 108 10.48
3 109 11.48
3 110 2.96
3 111 3.90
3 112 4.90
3 113 5.90
3 114 6.90
3 115 7.90
3 116 8.92
3 117 10.06
3 118 11.05
3 119 2.39
3 120 3.16
3 121 4.10
3 122 5.09
3 123 6.10
3 124 7.11
3 125 8.16
3 126 9.39
3 127 10.36
3 128 1.79
3 129 2.30
3 130 3.18
3 131 4.15
3 132 5.15
3 133 6.17
3 134 7.24
3 135 8.52
3 136 9.47
3 137 1.26
3 138 1.36
3 139 2.18
3 140 3.15
3 141 4.15
3 142 5.17
3 143 6.24
3 144 7.53
3 145 8.48
3 146 5.59
4 1 3.39
4 2 2.12
4 3 1.03
4 4 0.00
4 5 1.00
4 6 2.00
4 7 3.01
4 8 4.06
4 9 5.36
4 10 6.30
4 11 2.56
4 12 1.82
4 13 1.36
4 14 1.43
4 15 1.96
4 16 2.70
4 17 3.54
4 18 4.54
4 19 5.54
4 20 3.14
4 21 2.82
4 22 2.67
4 23 2.74
4 24 3.03
4 25 3.46
4 26 3.99
4 27 4.56
4 28 5.55
4 29 3.74
4 30 3.78
4 31 3.89
4 32 4.09
4 33 4.38
4 34 4.74
4 35 5.12
4 36 5.39
4 37 6.33
4 38 4.27
4 39 4.63
4 40 4.96
4 41 5.31
4 42 5.69
4 43 6.10
4 44 6.47
4 45 6.65
4 46 7.56
4 47 4.70
4 48 5.32
4 49 5.84
4 50 6.35
4 51 6.86
4 52 7.35
4 53 7.79
4 54 8.01
4 55 8.92
4 56 4.99
4 57 5.82
4 58 6.52
4 59 7.17
4 60 7.79
4 61 8.39
4 62 8.93
4 63 9.27
4 64 10.20
4 65 5.13
4 66 6.11
4 67 6.95
4 68 7.73
4 69 8.47
4 70 9.17
4 71 9.82
4 72 10.31
4 73 11.27
4 74 5.11
4 75 6.18
4 76 7.13
4 77 8.01
4 78 8.85
4 79 9.65
4 80 10.41
4 81 11.07
4 82 12.05
4 83 4.93
4 84 6.04
4 85 7.04
4 86 8.00
4 87 8.91
4 88 9.80
4 89 10.66
4 90 11.48
4 91 12.48
4 92 4.60
4 93 5.68
4 94 6.70
4 95 7.69
4 96 8.66
4 97 9.62
4 98 10.56
4 99 11.55
4 100 12.55
4 101 4.15
4 102 5.11
4 103 6.11
4 104 7.12
4 105 8.11
4 106 9.11
4 107 10.12
4 108 11.25
4 109 12.24
4 110 3.59
4 111 4.37
4 112 5.30
4 113 6.28
4 114 7.28
4 115 8.30
4 116 9.36
4 117 10.60
4 118 11.57
4 119 2.99
4 120 3.48
4 121 4.29
4 122 5.22
4 123 6.21
4 124 7.23
4 125 8.32
4 126 9.65
4 127 10.59
4 128 2.43
4 129 2.50
4 130 3.13
4 131 3.99
4 132 4.95
4 133 5.97
4 134 7.07
4 135 8.45
4 136 9.37
4 137 2.06
4 138 1.52
4 139 1.85
4 140 2.64
4 141 3.59
4 142 4.61
4 143 5.71
4 144 7.11
4 145 8.02
4 146 6.25
5 1 4.28
5 2 3.10
5 3 2.02
5 4 1.00
5 5 0.00
5 6 1.00
5 7 2.02
5 8 3.10
5 9 4.47
5 10 5.39
5 11 3.56
5 12 2.80
5 13 2.14
5 14 1.71
5 15 1.66
5 16 2.04
5 17 2.68
5 18 3.56
5 19 4.56
5 20 4.15
5 21 3.79
5 22 3.51
5 23 3.35
5 24 3.35
5 25 3.50
5 26 3.74
5 27 3.97
5 28 4.92
5 29 4.74
5 30 4.76
5 31 4.79
5 32 4.87
5 33 5.01
5 34 5.20
5 35 5.39
5 36 5.36
5 37 6.23
5 38 5.27
5 39 5.63
5 40 5.92
5 41 6.21
5 42 6.52
5 43 6.82
5 44 7.08
5 45 7.06
5 46 7.91
5 47 5.68
5 48 6.32
5 49 6.84
5 50 7.33
5 51 7.79
5 52 8.23
5 53 8.61
5 54 8.71
5 55 9.58
5 56 5.94
5 57 6.80
5 58 7.52
5 59 8.17
5 60 8.79
5 61 9.37
5 62 9.88
5 63 10.15
5 64 11.06
5 65 6.04
5 66 7.06
5 67 7.92
5 68 8.72
5 69 9.47
5 70 10.18
5 71 10.82
5 72 11.29
5 73 12.24
5 74 5.97
5 75 7.07
5 76 8.04
5 77 8.94
5 78 9.80
5 79 10.62
5 80 11.40
5 81 12.07
5 82 13.05
5 83 5.74
5 84 6.84
5 85 7.86
5 86 8.83
5 87 9.77
5 88 10.69
5 89 11.58
5 90 12.44
5 91 13.44
5 92 5.35
5 93 6.38
5 94 7.40
5 95 8.40
5 96 9.39
5 97 10.37
5 98 11.35
5 99 12.39
5 100 13.39
5 101 4.84
5 102 5.71
5 103 6.68
5 104 7.67
5 105 8.67
5 106 9.69
5 107 10.73
5 108 11.93
5 109 12.91
5 110 4.26
5 111 4.87
5 112 5.71
5 113 6.65
5 114 7.63
5 115 8.66
5 116 9.75
5 117 11.07
5 118 12.01
5 119 3.67
5 120 3.90
5 121 4.55
5 122 5.38
5 123 6.32
5 124 7.34
5 125 8.44
5 126 9.85
5 127 10.76
5 128 3.17
5 129 2.91
5 130 3.24
5 131 3.92
5 132 4.79
5 133 5.78
5 134 6.89
5 135 8.36
5 136 9.22
5 137 2.91
5 138 2.09
5 139 1.88
5 140 2.31
5 141 3.11
5 142 4.08
5 143 5.19
5 144 6.68
5 145 7.53
5 146 6.87
6 1 5.25
6 2 4.06
6 3 3.01
6 4 2.00
6 5 1.00
6 6 0.00
6 7 1.03
6 8 2.12
6 9 3.57
6 10 4.44
6 11 4.55
6 12 3.80
6 13 3.10
6 14 2.49
6 15 2.05
6 16 1.89
6 17 2.09
6 18 2.64
6 19 3.64
6 20 5.14
6 21 4.79
6 22 4.46
6 23 4.19
6 24 4.02
6 25 3.93
6 26 3.89
6 27 3.71
6 28 4.57
6 29 5.73
6 30 5.77
6 31 5.77
6 32 5.79
6 33 5.84
6 34 5.91
6 35 5.94
6 36 5.66
6 37 6.43
6 38 6.24
6 39 6.63
6 40 6.92
6 41 7.18
6 42 7.45
6 43 7.69
6 44 7.86
6 45 7.69
6 46 8.48
6 47 6.63
6 48 7.31
6 49 7.84
6 50 8.33
6 51 8.78
6 52 9.20
6 53 9.53
6 54 9.54
6 55 10.39
6 56 6.87
6 57 7.76
6 58 8.50
6 59 9.17
6 60 9.79
6 61 10.37
6 62 10.87
6 63 11.10
6 64 12.01
6 65 6.93
6 66 7.97
6 67 8.86
6 68 9.68
6 69 10.44
6 70 11.17
6 71 11.82
6 72 12.29
6 73 13.24
6 74 6.81
6 75 7.92
6 76 8.91
6 77 9.83
6 78 10.71
6 79 11.56
6 80 12.36
6 81 13.05
6 82 14.04
6 83 6.53
6 84 7.61
6 85 8.64
6 86 9.63
6 87 10.59
6 88 11.52
6 89 12.44
6 90 13.35
6 91 14.35
6 92 6.09
6 93 7.07
6 94 8.07
6 95 9.07
6 96 10.07
6 97 11.07
6 98 12.08
6 99 13.18
6 100 14.18
6 101 5.55
6 102 6.32
6 103 7.22
6 104 8.19
6 105 9.19
6 106 10.21
6 107 11.29
6 108 12.55
6 109 13.51
6 110 4.95
6 111 5.40
6 112 6.14
6 113 7.01
6 114 7.96
6 115 8.98
6 116 10.09
6 117 11.48
6 118 12.40
6 119 4.38
6 120 4.40
6 121 4.87
6 122 5.58
6 123 6.45
6 124 7.43
6 125 8.54
6 126 10.02
6 127 10.87
6 128 3.95
6 129 3.46
6 130 3.51
6 131 3.97
6 132 4.70
6 133 5.61
6 134 6.70
6 135 8.23
6 136 9.04
6 137 3.79
6 138 2.83
6 139 2.27
6 140 2.26
6 141 2.77
6 142 3.61
6 143 4.68
6 144 6.23
6 145 7.01
6 146 7.47
7 1 6.28
7 2 5.02
7 3 4.00
7 4 3.01
7 5 2.02
7 6 1.03
7 7 0.00
7 8 1.11
7 9 2.62
7 10 3.45
7 11 5.53
7 12 4.82
7 13 4.12
7 14 3.46
7 15 2.87
7 16 2.38
7 17 2.05
7 18 1.92
7 19 2.88
7 20 6.12
7 21 5.81
7 22 5.48
7 23 5.17
7 24 4.90
7 25 4.67
7 26 4.42
7 27 3.87
7 28 4.58
7 29 6.71
7 30 6.79
7 31 6.79
7 32 6.79
7 33 6.80
7 34 6.79
7 35 6.72
7 36 6.25
7 37 6.93
7 38 7.21
7 39 7.63
7 40 7.94
7 41 8.21
7 42 8.45
7 43 8.66
7 44 8.78
7 45 8.51
7 46 9.25
7 47 7.57
7 48 8.29
7 49 8.85
7 50 9.35
7 51 9.81
7 52 10.22
7 53 10.53
7 54 10.50
7 55 11.32
7 56 7.77
7 57 8.70
7 58 9.47
7 59 10.16
7 60 10.80
7 61 11.39
7 62 11.90
7 63 12.12
7 64 13.02
7 65 7.79
7 66 8.86
7 67 9.77
7 68 10.62
7 69 11.41
7 70 12.15
7 71 12.83
7 72 13.31
7 73 14.27
7 74 7.63
7 75 8.74
7 76 9.74
7 77 10.69
7 78 11.59
7 79 12.46
7 80 13.29
7 81 14.03
7 82 15.02
7 83 7.30
7 84 8.36
7 85 9.38
7 86 10.38
7 87 11.36
7 88 12.32
7 89 13.27
7 90 14.23
7 91 15.23
7 92 6.82
7 93 7.73
7 94 8.71
7 95 9.70
7 96 10.71
7 97 11.72
7 98 12.76
7 99 13.92
7 100 14.91
7 101 6.25
7 102 6.91
7 103 7.75
7 104 8.68
7 105 9.66
7 106 10.69
7 107 11.78
7 108 13.11
7 109 14.05
7 110 5.65
7 111 5.95
7 112 6.57
7 113 7.36
7 114 8.27
7 115 9.27
7 116 10.38
7 117 11.83
7 118 12.71
7 119 5.12
7 120 4.95
7 121 5.23
7 122 5.81
7 123 6.58
7 124 7.50
7 125 8.60
7 126 10.12
7 127 10.93
7 128 4.76
7 129 4.09
7 130 3.90
7 131 4.11
7 132 4.66
7 133 5.47
7 134 6.51
7 135 8.07
7 136 8.80
7 137 4.67
7 138 3.63
7 139 2.88
7 140 2.49
7 141 2.62
7 142 3.23
7 143 4.20
7 144 5.77
7 145 6.45
7 146 8.05
8 1 7.38
8 2 6.00
8 3 5.02
8 4 4.06
8 5 3.10
8 6 2.12
8 7 1.11
8 8 0.00
8 9 1.57
8 10 2.34
8 11 6.53
8 12 5.89
8 13 5.22
8 14 4.57
8 15 3.94
8 16 3.33
8 17 2.71
8 18 1.83
8 19 2.54
8 20 7.13
8 21 6.88
8 22 6.58
8 23 6.28
8 24 5.98
8 25 5.69
8 26 5.32
8 27 4.52
8 28 5.07
8 29 7.70
8 30 7.85
8 31 7.89
8 32 7.90
8 33 7.90
8 34 7.87
8 35 7.74
8 36 7.15
8 37 7.76
8 38 8.18
8 39 8.67
8 40 9.02
8 41 9.31
8 42 9.56
8 43 9.77
8 44 9.87
8 45 9.55
8 46 10.26
8 47 8.51
8 48 9.28
8 49 9.88
8 50 10.41
8 51 10.89
8 52 11.32
8 53 11.64
8 54 11.60
8 55 12.41
8 56 8.67
8 57 9.64
8 58 10.44
8 59 11.17
8 60 11.84
8 61 12.46
8 62 12.98
8 63 13.23
8 64 14.13
8 65 8.63
8 66 9.72
8 67 10.67
8 68 11.54
8 69 12.36
8 70 13.14
8 71 13.84
8 72 14.37
8 73 15.33
8 74 8.42
8 75 9.52
8 76 10.54
8 77 11.51
8 78 12.44
8 79 13.34
8 80 14.20
8 81 15.00
8 82 15.99
8 83 8.03
8 84 9.06
8 85 10.07
8 86 11.08
8 87 12.07
8 88 13.05
8 89 14.03
8 90 15.07
8 91 16.06
8 92 7.52
8 93 8.36
8 94 9.29
8 95 10.26
8 96 11.26
8 97 12.29
8 98 13.35
8 99 14.59
8 100 15.56
8 101 6.93
8 102 7.47
8 103 8.23
8 104 9.10
8 105 10.06
8 106 11.07
8 107 12.18
8 108 13.57
8 109 14.49
8 110 6.34
8 111 6.47
8 112 6.96
8 113 7.66
8 114 8.50
8 115 9.46
8 116 10.56
8 117 12.06
8 118 12.90
8 119 5.85
8 120 5.51
8 121 5.60
8 122 6.01
8 123 6.66
8 124 7.50
8 125 8.55
8 126 10.11
8 127 10.85
8 128 5.57
8 129 4.76
8 130 4.35
8 131 4.31
8 132 4.64
8 133 5.28
8 134 6.23
8 135 7.80
8 136 8.43
8 137 5.57
8 138 4.48
8 139 3.59
8 140 2.94
8 141 2.66
8 142 2.91
8 143 3.68
8 144 5.21
8 145 5.77
8 146 8.57
9 1 8.74
9 2 7.10
9 3 6.24
9 4 5.36
9 5 4.47
9 6 3.57
9 7 2.62
9 8 1.57
9 9 0.00
9 10 1.00
9 11 7.67
9 12 7.17
9 13 6.62
9 14 6.05
9 15 5.49
9 16 4.90
9 17 4.23
9 18 3.05
9 19 3.39
9 20 8.27
9 21 8.17
9 22 7.98
9 23 7.76
9 24 7.52
9 25 7.26
9 26 6.88
9 27 5.99
9 28 6.44
9 29 8.82
9 30 9.09
9 31 9.24
9 32 9.34
9 33 9.40
9 34 9.41
9 35 9.31
9 36 8.71
9 37 9.30
9 38 9.24
9 39 9.84
9 40 10.29
9 41 10.66
9 42 10.99
9 43 11.25
9 44 11.40
9 45 11.11
9 46 11.83
9 47 9.50
9 48 10.36
9 49 11.05
9 50 11.66
9 51 12.21
9 52 12.70
9 53 13.08
9 54 13.11
9 55 13.94
9 56 9.57
9 57 10.60
9 58 11.48
9 59 12.27
9 60 13.01
9 61 13.68
9 62 14.28
9 63 14.62
9 64 15.54
9 65 9.45
9 66 10.56
9 67 11.55
9 68 12.47
9 69 13.35
9 70 14.18
9 71 14.95
9 72 15.59
9 73 16.57
9 74 9.15
9 75 10.23
9 76 11.26
9 77 12.25
9 78 13.22
9 79 14.16
9 80 15.09
9 81 15.99
9 82 16.99
9 83 8.70
9 84 9.64
9 85 10.62
9 86 11.62
9 87 12.62
9 88 13.63
9 89 14.66
9 90 15.80
9 91 16.79
9 92 8.14
9 93 8.83
9 94 9.68
9 95 10.60
9 96 11.58
9 97 12.61
9 98 13.70
9 99 15.03
9 100 15.98
9 101 7.54
9 102 7.87
9 103 8.49
9 104 9.26
9 105 10.15
9 106 11.13
9 107 12.24
9 108 13.72
9 109 14.58
9 110 6.99
9 111 6.87
9 112 7.15
9 113 7.67
9 114 8.39
9 115 9.27
9 116 10.34
9 117 11.89
9 118 12.65
9 119 6.59
9 120 6.00
9 121 5.82
9 122 5.97
9 123 6.40
9 124 7.09
9 125 8.06
9 126 9.63
9 127 10.26
9 128 6.43
9 129 5.46
9 130 4.78
9 131 4.40
9 132 4.38
9 133 4.73
9 134 5.50
9 135 7.01
9 136 7.51
9 137 6.55
9 138 5.44
9 139 4.44
9 140 3.55
9 141 2.83
9 142 2.48
9 143 2.79
9 144 4.14
9 145 4.50
9 146 8.89
10 1 9.67
10 2 8.09
10 3 7.20
10 4 6.30
10 5 5.39
10 6 4.44
10 7 3.45
10 8 2.34
10 9 1.00
10 10 0.00
10 11 8.66
10 12 8.12
10 13 7.53
10 14 6.91
10 15 6.27
10 16 5.58
10 17 4.78
10 18 3.39
10 19 3.43
10 20 9.26
10 21 9.12
10 22 8.89
10 23 8.61
10 24 8.31
10 25 7.96
10 26 7.48
10 27 6.44
10 28 6.74
10 29 9.80
10 30 10.06
10 31 10.17
10 32 10.23
10 33 10.24
10 34 10.19
10 35 10.01
10 36 9.30
10 37 9.80
10 38 10.23
10 39 10.82
10 40 11.25
10 41 11.60
10 42 11.89
10 43 12.11
10 44 12.20
10 45 11.83
10 46 12.50
10 47 10.50
10 48 11.35
10 49 12.03
10 50 12.63
10 51 13.16
10 52 13.62
10 53 13.97
10 54 13.94
10 55 14.74
10 56 10.57
10 57 11.60
10 58 12.48
10 59 13.26
10 60 13.99
10 61 14.66
10 62 15.23
10 63 15.54
10 64 16.44
10 65 10.45
10 66 11.56
10 67 12.55
10 68 13.47
10 69 14.35
10 70 15.18
10 71 15.95
10 72 16.57
10 73 17.54
10 74 10.15
10 75 11.22
10 76 12.25
10 77 13.24
10 78 14.21
10 79 15.16
10 80 16.08
10 81 16.99
10 82 17.99
10 83 9.69
10 84 10.62
10 85 11.59
10 86 12.58
10 87 13.59
10 88 14.60
10 89 15.64
10 90 16.79
10 91 17.78
10 92 9.12
10 93 9.79
10 94 10.62
10 95 11.53
10 96 12.50
10 97 13.53
10 98 14.63
10 99 15.98
10 100 16.91
10 101 8.52
10 102 8.82
10 103 9.40
10 104 10.15
10 105 11.01
10 106 11.98
10 107 13.09
10 108 14.58
10 109 15.43
10 110 7.98
10 111 7.83
10 112 8.05
10 113 8.53
10 114 9.20
10 115 10.04
10 116 11.09
10 117 12.65
10 118 13.38
10 119 7.58
10 120 6.97
10 121 6.74
10 122 6.82
10 123 7.18
10 124 7.80
10 125 8.70
10 126 10.26
10 127 10.83
10 128 7.43
10 129 6.45
10 130 5.75
10 131 5.32
10 132 5.19
10 133 5.42
10 134 6.06
10 135 7.51
10 136 7.89
10 137 7.55
10 138 6.44
10 139 5.44
10 140 4.54
10 141 3.80
10 142 3.33
10 143 3.38
10 144 4.50
10 145 4.66
10 146 9.82
11 1 2.00
11 2 0.60
11 3 1.54
11 4 2.56
11 5 3.56
11 6 4.55
11 7 5.53
11 8 6.53
11 9 7.67
11 10 8.66
11 11 0.00
11 12 1.11
11 13 2.12
11 14 3.10
11 15 4.06
11 16 5.02
11 17 6.00
11 18 7.10
11 19 8.09
11 20 0.60
11 21 1.13
11 22 2.00
11 23 2.90
11 24 3.81
11 25 4.71
11 26 5.64
11 27 6.66
11 28 7.66
11 29 1.18
11 30 1.58
11 31 2.27
11 32 3.04
11 33 3.86
11 34 4.69
11 35 5.54
11 36 6.44
11 37 7.44
11 38 1.71
11 39 2.17
11 40 2.78
11 41 3.47
11 42 4.20
11 43 4.96
11 44 5.72
11 45 6.50
11 46 7.50
11 47 2.18
11 48 2.76
11 49 3.38
11 50 4.04
11 51 4.73
11 52 5.44
11 53 6.15
11 54 6.82
11 55 7.81
11 56 2.58
11 57 3.28
11 58 3.95
11 59 4.64
11 60 5.33
11 61 6.03
11 62 6.71
11 63 7.33
11 64 8.31
11 65 2.87
11 66 3.70
11 67 4.45
11 68 5.18
11 69 5.90
11 70 6.62
11 71 7.31
11 72 7.92
11 73 8.90
11 74 3.06
11 75 4.00
11 76 4.83
11 77 5.61
11 78 6.38
11 79 7.14
11 80 7.86
11 81 8.51
11 82 9.49
11 83 3.14
11 84 4.16
11 85 5.06
11 86 5.91
11 87 6.73
11 88 7.53
11 89 8.30
11 90 9.00
11 91 10.00
11 92 3.11
11 93 4.19
11 94 5.14
11 95 6.04
11 96 6.91
11 97 7.75
11 98 8.58
11 99 9.36
11 100 10.36
11 101 2.95
11 102 4.06
11 103 5.06
11 104 6.00
11 105 6.91
11 106 7.80
11 107 8.68
11 108 9.55
11 109 10.55
11 110 2.69
11 111 3.80
11 112 4.82
11 113 5.79
11 114 6.74
11 115 7.67
11 116 8.59
11 117 9.55
11 118 10.55
11 119 2.34
11 120 3.41
11 121 4.44
11 122 5.43
11 123 6.40
11 124 7.36
11 125 8.32
11 126 9.35
11 127 10.35
11 128 1.89
11 129 2.92
11 130 3.94
11 131 4.94
11 132 5.92
11 133 6.90
11 134 7.89
11 135 8.98
11 136 9.97
11 137 1.38
11 138 2.35
11 139 3.36
11 140 4.36
11 141 5.35
11 142 6.34
11 143 7.35
11 144 8.48
11 145 9.46
11 146 4.98
12 1 1.68
12 2 1.13
12 3 1.00
12 4 1.82
12 5 2.80
12 6 3.80
12 7 4.82
12 8 5.89
12 9 7.17
12 10 8.12
12 11 1.11
12 12 0.00
12 13 1.03
12 14 2.02
12 15 3.01
12 16 4.00
12 17 5.02
12 18 6.23
12 19 7.20
12 20 1.54
12 21 1.00
12 22 1.22
12 23 1.91
12 24 2.74
12 25 3.62
12 26 4.53
12 27 5.57
12 28 6.56
12 29 2.13
12 30 1.96
12 31 2.13
12 32 2.57
12 33 3.17
12 34 3.86
12 35 4.60
12 36 5.39
12 37 6.39
12 38 2.72
12 39 2.86
12 40 3.13
12 41 3.54
12 42 4.04
12 43 4.61
12 44 5.20
12 45 5.75
12 46 6.73
12 47 3.24
12 48 3.64
12 49 4.06
12 50 4.53
12 51 5.04
12 52 5.58
12 53 6.11
12 54 6.53
12 55 7.49
12 56 3.67
12 57 4.30
12 58 4.86
12 59 5.43
12 60 6.00
12 61 6.57
12 62 7.11
12 63 7.50
12 64 8.46
12 65 3.98
12 66 4.79
12 67 5.49
12 68 6.16
12 69 6.82
12 70 7.45
12 71 8.05
12 72 8.49
12 73 9.45
12 74 4.16
12 75 5.11
12 76 5.93
12 77 6.70
12 78 7.44
12 79 8.16
12 80 8.83
12 81 9.37
12 82 10.34
12 83 4.19
12 84 5.24
12 85 6.16
12 86 7.02
12 87 7.84
12 88 8.63
12 89 9.38
12 90 10.04
12 91 11.03
12 92 4.08
12 93 5.18
12 94 6.16
12 95 7.09
12 96 7.98
12 97 8.85
12 98 9.68
12 99 10.47
12 100 11.47
12 101 3.83
12 102 4.93
12 103 5.95
12 104 6.92
12 105 7.87
12 106 8.79
12 107 9.70
12 108 10.62
12 109 11.62
12 110 3.44
12 111 4.50
12 112 5.52
12 113 6.52
12 114 7.50
12 115 8.47
12 116 9.44
12 117 10.48
12 118 11.48
12 119 2.96
12 120 3.90
12 121 4.90
12 122 5.90
12 123 6.90
12 124 7.90
12 125 8.92
12 126 10.06
12 127 11.05
12 128 2.39
12 129 3.16
12 130 4.11
12 131 5.09
12 132 6.10
12 133 7.11
12 134 8.16
12 135 9.39
12 136 10.36
12 137 1.79
12 138 2.30
12 139 3.18
12 140 4.15
12 141 5.15
12 142 6.17
12 143 7.24
12 144 8.52
12 145 9.47
12 146 5.93
13 1 2.16
13 2 2.00
13 3 1.22
13 4 1.36
13 5 2.14
13 6 3.10
13 7 4.12
13 8 5.22
13 9 6.62
13 10 7.53
13 11 2.12
13 12 1.03
13 13 0.00
13 14 1.00
13 15 2.00
13 16 3.01
13 17 4.06
13 18 5.36
13 19 6.30
13 20 2.56
13 21 1.82
13 22 1.36
13 23 1.42
13 24 1.96
13 25 2.70
13 26 3.54
13 27 4.54
13 28 5.54
13 29 3.14
13 30 2.82
13 31 2.67
13 32 2.74
13 33 3.02
13 34 3.46
13 35 3.99
13 36 4.56
13 37 5.55
13 38 3.74
13 39 3.78
13 40 3.89
13 41 4.08
13 42 4.38
13 43 4.74
13 44 5.12
13 45 5.39
13 46 6.33
13 47 4.27
13 48 4.63
13 49 4.95
13 50 5.31
13 51 5.69
13 52 6.10
13 53 6.47
13 54 6.65
13 55 7.56
13 56 4.70
13 57 5.32
13 58 5.84
13 59 6.35
13 60 6.86
13 61 7.35
13 62 7.79
13 63 8.01
13 64 8.92
13 65 4.99
13 66 5.82
13 67 6.52
13 68 7.17
13 69 7.79
13 70 8.39
13 71 8.93
13 72 9.27
13 73 10.20
13 74 5.13
13 75 6.11
13 76 6.95
13 77 7.73
13 78 8.47
13 79 9.17
13 80 9.82
13 81 10.31
13 82 11.27
13 83 5.11
13 84 6.19
13 85 7.13
13 86 8.01
13 87 8.85
13 88 9.65
13 89 10.41
13 90 11.07
13 91 12.05
13 92 4.93
13 93 6.04
13 94 7.05
13 95 8.00
13 96 8.91
13 97 9.80
13 98 10.66
13 99 11.48
13 100 12.48
13 101 4.60
13 102 5.68
13 103 6.70
13 104 7.70
13 105 8.66
13 106 9.62
13 107 10.57
13 108 11.55
13 109 12.55
13 110 4.14
13 111 5.11
13 112 6.11
13 113 7.12
13 114 8.11
13 115 9.11
13 116 10.12
13 117 11.25
13 118 12.24
13 119 3.59
13 120 4.37
13 121 5.30
13 122 6.28
13 123 7.28
13 124 8.30
13 125 9.36
13 126 10.60
13 127 11.57
13 128 2.99
13 129 3.48
13 130 4.29
13 131 5.22
13 132 6.21
13 133 7.23
13 134 8.32
13 135 9.65
13 136 10.59
13 137 2.43
13 138 2.50
13 139 3.13
13 140 3.99
13 141 4.95
13 142 5.97
13 143 7.07
13 144 8.45
13 145 9.37
13 146 6.74
14 1 2.99
14 2 2.90
14 3 1.92
14 4 1.43
14 5 1.71
14 6 2.49
14 7 3.46
14 8 4.57
14 9 6.05
14 10 6.91
14 11 3.10
14 12 2.02
14 13 1.00
14 14 0.00
14 15 1.00
14 16 2.02
14 17 3.10
14 18 4.47
14 19 5.39
14 20 3.56
14 21 2.80
14 22 2.15
14 23 1.71
14 24 1.66
14 25 2.04
14 26 2.68
14 27 3.56
14 28 4.56
14 29 4.15
14 30 3.79
14 31 3.51
14 32 3.35
14 33 3.35
14 34 3.50
14 35 3.74
14 36 3.97
14 37 4.92
14 38 4.74
14 39 4.76
14 40 4.79
14 41 4.87
14 42 5.01
14 43 5.20
14 44 5.39
14 45 5.36
14 46 6.23
14 47 5.27
14 48 5.63
14 49 5.92
14 50 6.21
14 51 6.52
14 52 6.82
14 53 7.08
14 54 7.06
14 55 7.91
14 56 5.68
14 57 6.32
14 58 6.84
14 59 7.33
14 60 7.79
14 61 8.24
14 62 8.61
14 63 8.71
14 64 9.58
14 65 5.94
14 66 6.80
14 67 7.52
14 68 8.17
14 69 8.79
14 70 9.37
14 71 9.88
14 72 10.15
14 73 11.06
14 74 6.04
14 75 7.06
14 76 7.92
14 77 8.72
14 78 9.47
14 79 10.18
14 80 10.82
14 81 11.29
14 82 12.25
14 83 5.97
14 84 7.07
14 85 8.04
14 86 8.94
14 87 9.80
14 88 10.62
14 89 11.40
14 90 12.07
14 91 13.05
14 92 5.74
14 93 6.84
14 94 7.86
14 95 8.83
14 96 9.77
14 97 10.69
14 98 11.58
14 99 12.44
14 100 13.44
14 101 5.35
14 102 6.38
14 103 7.40
14 104 8.41
14 105 9.39
14 106 10.37
14 107 11.35
14 108 12.39
14 109 13.39
14 110 4.84
14 111 5.71
14 112 6.68
14 113 7.67
14 114 8.67
14 115 9.69
14 116 10.73
14 117 11.93
14 118 12.91
14 119 4.26
14 120 4.87
14 121 5.71
14 122 6.65
14 123 7.63
14 124 8.66
14 125 9.75
14 126 11.07
14 127 12.01
14 128 3.67
14 129 3.90
14 130 4.55
14 131 5.38
14 132 6.32
14 133 7.34
14 134 8.44
14 135 9.85
14 136 10.76
14 137 3.17
14 138 2.91
14 139 3.24
14 140 3.92
14 141 4.79
14 142 5.78
14 143 6.89
14 144 8.36
14 145 9.22
14 146 7.49
15 1 3.95
15 2 3.81
15 3 2.74
15 4 1.96
15 5 1.66
15 6 2.05
15 7 2.87
15 8 3.94
15 9 5.49
15 10 6.27
15 11 4.06
15 12 3.01
15 13 2.00
15 14 1.00
15 15 0.00
15 16 1.03
15 17 2.12
15 18 3.57
15 19 4.44
15 20 4.55
15 21 3.80
15 22 3.10
15 23 2.49
15 24 2.05
15 25 1.89
15 26 2.09
15 27 2.64
15 28 3.64
15 29 5.14
15 30 4.79
15 31 4.46
15 32 4.19
15 33 4.01
15 34 3.93
15 35 3.89
15 36 3.71
15 37 4.57
15 38 5.73
15 39 5.77
15 40 5.77
15 41 5.79
15 42 5.84
15 43 5.91
15 44 5.94
15 45 5.66
15 46 6.43
15 47 6.24
15 48 6.63
15 49 6.92
15 50 7.18
15 51 7.44
15 52 7.69
15 53 7.86
15 54 7.69
15 55 8.48
15 56 6.63
15 57 7.30
15 58 7.84
15 59 8.33
15 60 8.78
15 61 9.19
15 62 9.53
15 63 9.54
15 64 10.39
15 65 6.87
15 66 7.76
15 67 8.50
15 68 9.17
15 69 9.79
15 70 10.37
15 71 10.87
15 72 11.10
15 73 12.01
15 74 6.93
15 75 7.97
15 76 8.86
15 77 9.67
15 78 10.44
15 79 11.17
15 80 11.82
15 81 12.29
15 82 13.24
15 83 6.81
15 84 7.92
15 85 8.91
15 86 9.83
15 87 10.71
15 88 11.56
15 89 12.35
15 90 13.05
15 91 14.04
15 92 6.53
15 93 7.61
15 94 8.64
15 95 9.63
15 96 10.59
15 97 11.52
15 98 12.44
15 99 13.35
15 100 14.35
15 101 6.09
15 102 7.07
15 103 8.07
15 104 9.07
15 105 10.07
15 106 11.07
15 107 12.08
15 108 13.18
15 109 14.18
15 110 5.55
15 111 6.32
15 112 7.22
15 113 8.19
15 114 9.19
15 115 10.21
15 116 11.29
15 117 12.55
15 118 13.51
15 119 4.95
15 120 5.40
15 121 6.14
15 122 7.01
15 123 7.97
15 124 8.98
15 125 10.09
15 126 11.48
15 127 12.39
15 128 4.38
15 129 4.40
15 130 4.87
15 131 5.58
15 132 6.45
15 133 7.43
15 134 8.54
15 135 10.02
15 136 10.88
15 137 3.95
15 138 3.46
15 139 3.51
15 140 3.97
15 141 4.70
15 142 5.61
15 143 6.70
15 144 8.23
15 145 9.04
15 146 8.21
16 1 4.98
16 2 4.71
16 3 3.62
16 4 2.70
16 5 2.04
16 6 1.89
16 7 2.38
16 8 3.33
16 9 4.90
16 10 5.58
16 11 5.02
16 12 4.00
16 13 3.01
16 14 2.02
16 15 1.03
16 16 0.00
16 17 1.11
16 18 2.62
16 19 3.45
16 20 5.53
16 21 4.82
16 22 4.12
16 23 3.46
16 24 2.87
16 25 2.38
16 26 2.05
16 27 1.92
16 28 2.88
16 29 6.13
16 30 5.81
16 31 5.48
16 32 5.17
16 33 4.90
16 34 4.67
16 35 4.43
16 36 3.87
16 37 4.58
16 38 6.71
16 39 6.79
16 40 6.79
16 41 6.79
16 42 6.80
16 43 6.79
16 44 6.72
16 45 6.25
16 46 6.93
16 47 7.21
16 48 7.63
16 49 7.94
16 50 8.21
16 51 8.45
16 52 8.66
16 53 8.78
16 54 8.51
16 55 9.25
16 56 7.57
16 57 8.29
16 58 8.85
16 59 9.35
16 60 9.81
16 61 10.22
16 62 10.53
16 63 10.50
16 64 11.32
16 65 7.77
16 66 8.70
16 67 9.47
16 68 10.16
16 69 10.80
16 70 11.39
16 71 11.89
16 72 12.12
16 73 13.02
16 74 7.79
16 75 8.86
16 76 9.77
16 77 10.62
16 78 11.41
16 79 12.15
16 80 12.83
16 81 13.31
16 82 14.27
16 83 7.63
16 84 8.74
16 85 9.74
16 86 10.69
16 87 11.59
16 88 12.46
16 89 13.29
16 90 14.03
16 91 15.02
16 92 7.30
16 93 8.36
16 94 9.38
16 95 10.38
16 96 11.36
16 97 12.32
16 98 13.27
16 99 14.23
16 100 15.23
16 101 6.82
16 102 7.73
16 103 8.71
16 104 9.70
16 105 10.71
16 106 11.72
16 107 12.76
16 108 13.92
16 109 14.91
16 110 6.25
16 111 6.91
16 112 7.75
16 113 8.68
16 114 9.66
16 115 10.69
16 116 11.78
16 117 13.11
16 118 14.06
16 119 5.65
16 120 5.95
16 121 6.57
16 122 7.36
16 123 8.27
16 124 9.27
16 125 10.38
16 126 11.83
16 127 12.71
16 128 5.12
16 129 4.95
16 130 5.24
16 131 5.81
16 132 6.58
16 133 7.50
16 134 8.60
16 135 10.12
16 136 10.93
16 137 4.76
16 138 4.09
16 139 3.90
16 140 4.11
16 141 4.66
16 142 5.47
16 143 6.51
16 144 8.07
16 145 8.80
16 146 8.89
17 1 6.08
17 2 5.64
17 3 4.53
17 4 3.54
17 5 2.68
17 6 2.09
17 7 2.05
17 8 2.71
17 9 4.23
17 10 4.78
17 11 6.00
17 12 5.02
17 13 4.06
17 14 3.10
17 15 2.12
17 16 1.11
17 17 0.00
17 18 1.57
17 19 2.34
17 20 6.53
17 21 5.89
17 22 5.23
17 23 4.57
17 24 3.94
17 25 3.33
17 26 2.71
17 27 1.83
17 28 2.54
17 29 7.13
17 30 6.88
17 31 6.58
17 32 6.28
17 33 5.98
17 34 5.69
17 35 5.32
17 36 4.52
17 37 5.07
17 38 7.70
17 39 7.84
17 40 7.89
17 41 7.90
17 42 7.90
17 43 7.87
17 44 7.74
17 45 7.15
17 46 7.76
17 47 8.18
17 48 8.67
17 49 9.01
17 50 9.31
17 51 9.56
17 52 9.77
17 53 9.87
17 54 9.55
17 55 10.26
17 56 8.51
17 57 9.28
17 58 9.88
17 59 10.42
17 60 10.90
17 61 11.32
17 62 11.64
17 63 11.60
17 64 12.41
17 65 8.67
17 66 9.64
17 67 10.44
17 68 11.17
17 69 11.84
17 70 12.46
17 71 12.98
17 72 13.23
17 73 14.13
17 74 8.63
17 75 9.72
17 76 10.67
17 77 11.54
17 78 12.36
17 79 13.14
17 80 13.85
17 81 14.38
17 82 15.33
17 83 8.42
17 84 9.52
17 85 10.54
17 86 11.51
17 87 12.44
17 88 13.34
17 89 14.20
17 90 14.99
17 91 15.99
17 92 8.03
17 93 9.06
17 94 10.07
17 95 11.08
17 96 12.07
17 97 13.05
17 98 14.03
17 99 15.07
17 100 16.06
17 101 7.52
17 102 8.35
17 103 9.29
17 104 10.26
17 105 11.26
17 106 12.29
17 107 13.35
17 108 14.59
17 109 15.56
17 110 6.93
17 111 7.47
17 112 8.23
17 113 9.10
17 114 10.06
17 115 11.07
17 116 12.18
17 117 13.57
17 118 14.49
17 119 6.34
17 120 6.47
17 121 6.96
17 122 7.66
17 123 8.50
17 124 9.46
17 125 10.56
17 126 12.06
17 127 12.90
17 128 5.85
17 129 5.51
17 130 5.60
17 131 6.01
17 132 6.66
17 133 7.50
17 134 8.55
17 135 10.11
17 136 10.85
17 137 5.57
17 138 4.76
17 139 4.35
17 140 4.31
17 141 4.64
17 142 5.28
17 143 6.23
17 144 7.80
17 145 8.43
17 146 9.51
18 1 7.46
18 2 6.66
18 3 5.57
18 4 4.54
18 5 3.56
18 6 2.64
18 7 1.92
18 8 1.83
18 9 3.05
18 10 3.39
18 11 7.10
18 12 6.23
18 13 5.36
18 14 4.47
18 15 3.57
18 16 2.62
18 17 1.57
18 18 0.00
18 19 1.00
18 20 7.67
18 21 7.17
18 22 6.62
18 23 6.05
18 24 5.49
18 25 4.90
18 26 4.23
18 27 3.05
18 28 3.39
18 29 8.27
18 30 8.17
18 31 7.98
18 32 7.76
18 33 7.52
18 34 7.26
18 35 6.88
18 36 5.99
18 37 6.43
18 38 8.81
18 39 9.09
18 40 9.24
18 41 9.34
18 42 9.40
18 43 9.41
18 44 9.31
18 45 8.71
18 46 9.30
18 47 9.24
18 48 9.84
18 49 10.29
18 50 10.66
18 51 10.99
18 52 11.25
18 53 11.40
18 54 11.11
18 55 11.83
18 56 9.50
18 57 10.36
18 58 11.05
18 59 11.66
18 60 12.21
18 61 12.70
18 62 13.08
18 63 13.11
18 64 13.94
18 65 9.57
18 66 10.60
18 67 11.48
18 68 12.27
18 69 13.01
18 70 13.68
18 71 14.28
18 72 14.62
18 73 15.53
18 74 9.45
18 75 10.56
18 76 11.55
18 77 12.47
18 78 13.35
18 79 14.18
18 80 14.95
18 81 15.59
18 82 16.57
18 83 9.15
18 84 10.23
18 85 11.26
18 86 12.25
18 87 13.22
18 88 14.16
18 89 15.08
18 90 15.99
18 91 16.99
18 92 8.70
18 93 9.64
18 94 10.62
18 95 11.62
18 96 12.62
18 97 13.63
18 98 14.66
18 99 15.80
18 100 16.79
18 101 8.14
18 102 8.83
18 103 9.68
18 104 10.60
18 105 11.58
18 106 12.61
18 107 13.70
18 108 15.04
18 109 15.98
18 110 7.54
18 111 7.87
18 112 8.49
18 113 9.26
18 114 10.15
18 115 11.13
18 116 12.24
18 117 13.71
18 118 14.58
18 119 6.99
18 120 6.87
18 121 7.14
18 122 7.67
18 123 8.39
18 124 9.27
18 125 10.34
18 126 11.89
18 127 12.65
18 128 6.59
18 129 6.00
18 130 5.82
18 131 5.97
18 132 6.40
18 133 7.09
18 134 8.06
18 135 9.63
18 136 10.26
18 137 6.43
18 138 5.46
18 139 4.78
18 140 4.40
18 141 4.38
18 142 4.73
18 143 5.50
18 144 7.01
18 145 7.51
18 146 9.97
19 1 8.38
19 2 7.66
19 3 6.56
19 4 5.54
19 5 4.56
19 6 3.64
19 7 2.88
19 8 2.54
19 9 3.39
19 10 3.43
19 11 8.09
19 12 7.20
19 13 6.30
19 14 5.39
19 15 4.44
19 16 3.45
19 17 2.34
19 18 1.00
19 19 0.00
19 20 8.66
19 21 8.12
19 22 7.53
19 23 6.91
19 24 6.27
19 25 5.58
19 26 4.78
19 27 3.39
19 28 3.44
19 29 9.26
19 30 9.12
19 31 8.89
19 32 8.62
19 33 8.31
19 34 7.96
19 35 7.48
19 36 6.44
19 37 6.74
19 38 9.80
19 39 10.06
19 40 10.17
19 41 10.23
19 42 10.24
19 43 10.19
19 44 10.01
19 45 9.30
19 46 9.80
19 47 10.23
19 48 10.82
19 49 11.25
19 50 11.60
19 51 11.89
19 52 12.11
19 53 12.20
19 54 11.83
19 55 12.50
19 56 10.50
19 57 11.35
19 58 12.03
19 59 12.63
19 60 13.16
19 61 13.62
19 62 13.97
19 63 13.94
19 64 14.74
19 65 10.57
19 66 11.60
19 67 12.48
19 68 13.26
19 69 13.99
19 70 14.66
19 71 15.23
19 72 15.54
19 73 16.44
19 74 10.45
19 75 11.56
19 76 12.55
19 77 13.47
19 78 14.35
19 79 15.18
19 80 15.95
19 81 16.57
19 82 17.54
19 83 10.15
19 84 11.22
19 85 12.25
19 86 13.24
19 87 14.21
19 88 15.16
19 89 16.08
19 90 16.99
19 91 17.99
19 92 9.69
19 93 10.62
19 94 11.59
19 95 12.58
19 96 13.59
19 97 14.60
19 98 15.64
19 99 16.79
19 100 17.78
19 101 9.12
19 102 9.79
19 103 10.62
19 104 11.53
19 105 12.50
19 106 13.53
19 107 14.63
19 108 15.98
19 109 16.91
19 110 8.52
19 111 8.82
19 112 9.40
19 113 10.15
19 114 11.01
19 115 11.98
19 116 13.09
19 117 14.58
19 118 15.43
19 119 7.98
19 120 7.83
19 121 8.05
19 122 8.53
19 123 9.20
19 124 10.04
19 125 11.09
19 126 12.65
19 127 13.38
19 128 7.58
19 129 6.97
19 130 6.74
19 131 6.82
19 132 7.18
19 133 7.80
19 134 8.70
19 135 10.26
19 136 10.83
19 137 7.43
19 138 6.45
19 139 5.76
19 140 5.32
19 141 5.19
19 142 5.42
19 143 6.06
19 144 7.51
19 145 7.89
19 146 10.93
20 1 1.87
20 2 1.18
20 3 2.13
20 4 3.14
20 5 4.15
20 6 5.14
20 7 6.12
20 8 7.13
20 9 8.27
20 10 9.26
20 11 0.60
20 12 1.54
20 13 2.56
20 14 3.56
20 15 4.55
20 16 5.53
20 17 6.53
20 18 7.67
20 19 8.66
20 20 0.00
20 21 1.11
20 22 2.12
20 23 3.10
20 24 4.06
20 25 5.02
20 26 6.00
20 27 7.10
20 28 8.09
20 29 0.60
20 30 1.13
20 31 2.00
20 32 2.90
20 33 3.81
20 34 4.71
20 35 5.64
20 36 6.66
20 37 7.66
20 38 1.18
20 39 1.58
20 40 2.27
20 41 3.04
20 42 3.86
20 43 4.69
20 44 5.54
20 45 6.44
20 46 7.44
20 47 1.71
20 48 2.17
20 49 2.78
20 50 3.47
20 51 4.20
20 52 4.96
20 53 5.72
20 54 6.50
20 55 7.50
20 56 2.18
20 57 2.76
20 58 3.38
20 59 4.04
20 60 4.73
20 61 5.44
20 62 6.15
20 63 6.82
20 64 7.81
20 65 2.58
20 66 3.28
20 67 3.95
20 68 4.64
20 69 5.33
20 70 6.03
20 71 6.71
20 72 7.33
20 73 8.31
20 74 2.87
20 75 3.70
20 76 4.45
20 77 5.18
20 78 5.90
20 79 6.62
20 80 7.31
20 81 7.92
20 82 8.90
20 83 3.06
20 84 4.00
20 85 4.83
20 86 5.61
20 87 6.38
20 88 7.14
20 89 7.86
20 90 8.51
20 91 9.49
20 92 3.14
20 93 4.16
20 94 5.06
20 95 5.91
20 96 6.73
20 97 7.53
20 98 8.30
20 99 9.00
20 100 9.99
20 101 3.11
20 102 4.18
20 103 5.14
20 104 6.04
20 105 6.91
20 106 7.75
20 107 8.58
20 108 9.36
20 109 10.36
20 110 2.95
20 111 4.06
20 112 5.06
20 113 6.00
20 114 6.91
20 115 7.80
20 116 8.68
20 117 9.55
20 118 10.55
20 119 2.69
20 120 3.80
20 121 4.82
20 122 5.79
20 123 6.74
20 124 7.67
20 125 8.59
20 126 9.55
20 127 10.54
20 128 2.34
20 129 3.41
20 130 4.44
20 131 5.43
20 132 6.40
20 133 7.36
20 134 8.32
20 135 9.35
20 136 10.35
20 137 1.89
20 138 2.92
20 139 3.94
20 140 4.94
20 141 5.92
20 142 6.90
20 143 7.89
20 144 8.98
20 145 9.97
20 146 5.00
21 1 0.88
21 2 1.58
21 3 1.96
21 4 2.82
21 5 3.79
21 6 4.79
21 7 5.81
21 8 6.88
21 9 8.17
21 10 9.12
21 11 1.13
21 12 1.00
21 13 1.82
21 14 2.80
21 15 3.80
21 16 4.82
21 17 5.89
21 18 7.17
21 19 8.12
21 20 1.11
21 21 0.00
21 22 1.03
21 23 2.02
21 24 3.01
21 25 4.00
21 26 5.02
21 27 6.23
21 28 7.20
21 29 1.54
21 30 1.00
21 31 1.22
21 32 1.92
21 33 2.74
21 34 3.62
21 35 4.53
21 36 5.57
21 37 6.56
21 38 2.13
21 39 1.96
21 40 2.13
21 41 2.57
21 42 3.18
21 43 3.86
21 44 4.60
21 45 5.39
21 46 6.39
21 47 2.72
21 48 2.86
21 49 3.13
21 50 3.54
21 51 4.04
21 52 4.61
21 53 5.20
21 54 5.75
21 55 6.73
21 56 3.24
21 57 3.64
21 58 4.06
21 59 4.53
21 60 5.04
21 61 5.58
21 62 6.11
21 63 6.53
21 64 7.49
21 65 3.67
21 66 4.30
21 67 4.86
21 68 5.43
21 69 6.00
21 70 6.57
21 71 7.11
21 72 7.50
21 73 8.46
21 74 3.98
21 75 4.79
21 76 5.49
21 77 6.16
21 78 6.82
21 79 7.46
21 80 8.05
21 81 8.49
21 82 9.45
21 83 4.16
21 84 5.11
21 85 5.93
21 86 6.70
21 87 7.44
21 88 8.16
21 89 8.83
21 90 9.37
21 91 10.34
21 92 4.19
21 93 5.24
21 94 6.16
21 95 7.02
21 96 7.84
21 97 8.63
21 98 9.38
21 99 10.04
21 100 11.03
21 101 4.08
21 102 5.18
21 103 6.16
21 104 7.09
21 105 7.98
21 106 8.85
21 107 9.68
21 108 10.47
21 109 11.47
21 110 3.82
21 111 4.93
21 112 5.95
21 113 6.92
21 114 7.87
21 115 8.79
21 116 9.70
21 117 10.62
21 118 11.62
21 119 3.44
21 120 4.50
21 121 5.52
21 122 6.52
21 123 7.50
21 124 8.47
21 125 9.44
21 126 10.48
21 127 11.48
21 128 2.96
21 129 3.90
21 130 4.90
21 131 5.90
21 132 6.90
21 133 7.90
21 134 8.92
21 135 10.06
21 136 11.04
21 137 2.39
21 138 3.16
21 139 4.10
21 140 5.09
21 141 6.10
21 142 7.11
21 143 8.16
21 144 9.39
21 145 10.36
21 146 6.06
22 1 0.85
22 2 2.27
22 3 2.13
22 4 2.67
22 5 3.51
22 6 4.46
22 7 5.48
22 8 6.58
22 9 7.98
22 10 8.89
22 11 2.00
22 12 1.22
22 13 1.36
22 14 2.15
22 15 3.10
22 16 4.12
22 17 5.23
22 18 6.62
22 19 7.53
22 20 2.12
22 21 1.03
22 22 0.00
22 23 1.00
22 24 2.00
22 25 3.01
22 26 4.06
22 27 5.36
22 28 6.30
22 29 2.56
22 30 1.82
22 31 1.36
22 32 1.42
22 33 1.96
22 34 2.70
22 35 3.54
22 36 4.54
22 37 5.54
22 38 3.14
22 39 2.82
22 40 2.67
22 41 2.74
22 42 3.02
22 43 3.46
22 44 3.99
22 45 4.56
22 46 5.55
22 47 3.74
22 48 3.78
22 49 3.88
22 50 4.08
22 51 4.38
22 52 4.74
22 53 5.12
22 54 5.39
22 55 6.33
22 56 4.27
22 57 4.63
22 58 4.95
22 59 5.31
22 60 5.69
22 61 6.09
22 62 6.47
22 63 6.65
22 64 7.56
22 65 4.70
22 66 5.31
22 67 5.84
22 68 6.35
22 69 6.85
22 70 7.35
22 71 7.79
22 72 8.01
22 73 8.92
22 74 4.99
22 75 5.82
22 76 6.52
22 77 7.17
22 78 7.79
22 79 8.39
22 80 8.93
22 81 9.27
22 82 10.20
22 83 5.13
22 84 6.11
22 85 6.95
22 86 7.73
22 87 8.47
22 88 9.17
22 89 9.82
22 90 10.31
22 91 11.27
22 92 5.11
22 93 6.19
22 94 7.13
22 95 8.01
22 96 8.85
22 97 9.65
22 98 10.41
22 99 11.06
22 100 12.05
22 101 4.93
22 102 6.04
22 103 7.04
22 104 8.00
22 105 8.91
22 106 9.80
22 107 10.66
22 108 11.49
22 109 12.48
22 110 4.60
22 111 5.68
22 112 6.70
22 113 7.69
22 114 8.66
22 115 9.62
22 116 10.56
22 117 11.55
22 118 12.55
22 119 4.15
22 120 5.11
22 121 6.11
22 122 7.12
22 123 8.11
22 124 9.11
22 125 10.12
22 126 11.25
22 127 12.24
22 128 3.59
22 129 4.37
22 130 5.30
22 131 6.28
22 132 7.28
22 133 8.30
22 134 9.36
22 135 10.60
22 136 11.57
22 137 2.99
22 138 3.48
22 139 4.29
22 140 5.22
22 141 6.21
22 142 7.23
22 143 8.32
22 144 9.65
22 145 10.59
22 146 6.98
23 1 1.71
23 2 3.04
23 3 2.57
23 4 2.74
23 5 3.35
23 6 4.19
23 7 5.17
23 8 6.28
23 9 7.76
23 10 8.61
23 11 2.90
23 12 1.91
23 13 1.42
23 14 1.71
23 15 2.49
23 16 3.46
23 17 4.57
23 18 6.05
23 19 6.91
23 20 3.10
23 21 2.02
23 22 1.00
23 23 0.00
23 24 1.00
23 25 2.02
23 26 3.10
23 27 4.47
23 28 5.39
23 29 3.56
23 30 2.80
23 31 2.14
23 32 1.71
23 33 1.66
23 34 2.04
23 35 2.68
23 36 3.56
23 37 4.56
23 38 4.15
23 39 3.79
23 40 3.51
23 41 3.35
23 42 3.35
23 43 3.50
23 44 3.74
23 45 3.97
23 46 4.92
23 47 4.74
23 48 4.76
23 49 4.79
23 50 4.87
23 51 5.01
23 52 5.20
23 53 5.39
23 54 5.36
23 55 6.23
23 56 5.27
23 57 5.63
23 58 5.92
23 59 6.21
23 60 6.52
23 61 6.82
23 62 7.08
23 63 7.06
23 64 7.91
23 65 5.68
23 66 6.32
23 67 6.84
23 68 7.33
23 69 7.79
23 70 8.23
23 71 8.61
23 72 8.71
23 73 9.58
23 74 5.94
23 75 6.80
23 76 7.52
23 77 8.17
23 78 8.79
23 79 9.37
23 80 9.88
23 81 10.15
23 82 11.06
23 83 6.04
23 84 7.06
23 85 7.92
23 86 8.71
23 87 9.47
23 88 10.18
23 89 10.82
23 90 11.29
23 91 12.24
23 92 5.97
23 93 7.07
23 94 8.04
23 95 8.94
23 96 9.80
23 97 10.62
23 98 11.40
23 99 12.07
23 100 13.05
23 101 5.74
23 102 6.84
23 103 7.86
23 104 8.83
23 105 9.77
23 106 10.69
23 107 11.58
23 108 12.44
23 109 13.44
23 110 5.35
23 111 6.38
23 112 7.40
23 113 8.40
23 114 9.39
23 115 10.37
23 116 11.35
23 117 12.39
23 118 13.39
23 119 4.84
23 120 5.71
23 121 6.68
23 122 7.67
23 123 8.67
23 124 9.68
23 125 10.73
23 126 11.93
23 127 12.91
23 128 4.26
23 129 4.87
23 130 5.71
23 131 6.65
23 132 7.63
23 133 8.66
23 134 9.75
23 135 11.07
23 136 12.01
23 137 3.67
23 138 3.90
23 139 4.55
23 140 5.38
23 141 6.32
23 142 7.33
23 143 8.44
23 144 9.85
23 145 10.76
23 146 7.84
24 1 2.70
24 2 3.86
24 3 3.18
24 4 3.03
24 5 3.35
24 6 4.02
24 7 4.90
24 8 5.98
24 9 7.52
24 10 8.31
24 11 3.81
24 12 2.74
24 13 1.96
24 14 1.66
24 15 2.05
24 16 2.87
24 17 3.94
24 18 5.49
24 19 6.27
24 20 4.06
24 21 3.01
24 22 2.00
24 23 1.00
24 24 0.00
24 25 1.03
24 26 2.12
24 27 3.57
24 28 4.44
24 29 4.55
24 30 3.80
24 31 3.10
24 32 2.49
24 33 2.04
24 34 1.89
24 35 2.09
24 36 2.64
24 37 3.64
24 38 5.14
24 39 4.79
24 40 4.46
24 41 4.19
24 42 4.02
24 43 3.93
24 44 3.89
24 45 3.71
24 46 4.57
24 47 5.73
24 48 5.77
24 49 5.77
24 50 5.79
24 51 5.84
24 52 5.91
24 53 5.94
24 54 5.66
24 55 6.43
24 56 6.24
24 57 6.63
24 58 6.92
24 59 7.19
24 60 7.45
24 61 7.69
24 62 7.86
24 63 7.69
24 64 8.48
24 65 6.63
24 66 7.31
24 67 7.84
24 68 8.33
24 69 8.78
24 70 9.19
24 71 9.53
24 72 9.54
24 73 10.39
24 74 6.87
24 75 7.76
24 76 8.50
24 77 9.17
24 78 9.79
24 79 10.37
24 80 10.87
24 81 11.11
24 82 12.01
24 83 6.93
24 84 7.97
24 85 8.86
24 86 9.68
24 87 10.44
24 88 11.17
24 89 11.82
24 90 12.29
24 91 13.24
24 92 6.81
24 93 7.92
24 94 8.91
24 95 9.83
24 96 10.71
24 97 11.56
24 98 12.36
24 99 13.05
24 100 14.04
24 101 6.53
24 102 7.61
24 103 8.64
24 104 9.63
24 105 10.59
24 106 11.52
24 107 12.44
24 108 13.36
24 109 14.35
24 110 6.09
24 111 7.07
24 112 8.07
24 113 9.07
24 114 10.07
24 115 11.07
24 116 12.08
24 117 13.18
24 118 14.18
24 119 5.55
24 120 6.32
24 121 7.23
24 122 8.19
24 123 9.19
24 124 10.21
24 125 11.29
24 126 12.55
24 127 13.51
24 128 4.95
24 129 5.40
24 130 6.14
24 131 7.01
24 132 7.97
24 133 8.98
24 134 10.09
24 135 11.48
24 136 12.40
24 137 4.38
24 138 4.40
24 139 4.87
24 140 5.58
24 141 6.45
24 142 7.43
24 143 8.54
24 144 10.02
24 145 10.88
24 146 8.65
25 1 3.72
25 2 4.69
25 3 3.86
25 4 3.46
25 5 3.50
25 6 3.93
25 7 4.67
25 8 5.69
25 9 7.26
25 10 7.96
25 11 4.71
25 12 3.62
25 13 2.70
25 14 2.04
25 15 1.89
25 16 2.38
25 17 3.33
25 18 4.90
25 19 5.58
25 20 5.02
25 21 4.00
25 22 3.01
25 23 2.02
25 24 1.03
25 25 0.00
25 26 1.11
25 27 2.62
25 28 3.45
25 29 5.53
25 30 4.82
25 31 4.12
25 32 3.46
25 33 2.87
25 34 2.38
25 35 2.05
25 36 1.92
25 37 2.88
25 38 6.12
25 39 5.81
25 40 5.48
25 41 5.17
25 42 4.90
25 43 4.67
25 44 4.43
25 45 3.87
25 46 4.58
25 47 6.71
25 48 6.79
25 49 6.79
25 50 6.79
25 51 6.80
25 52 6.79
25 53 6.72
25 54 6.25
25 55 6.93
25 56 7.21
25 57 7.63
25 58 7.94
25 59 8.21
25 60 8.45
25 61 8.66
25 62 8.78
25 63 8.51
25 64 9.25
25 65 7.57
25 66 8.29
25 67 8.85
25 68 9.35
25 69 9.81
25 70 10.21
25 71 10.53
25 72 10.50
25 73 11.32
25 74 7.77
25 75 8.70
25 76 9.47
25 77 10.16
25 78 10.80
25 79 11.39
25 80 11.90
25 81 12.12
25 82 13.02
25 83 7.79
25 84 8.86
25 85 9.77
25 86 10.62
25 87 11.41
25 88 12.15
25 89 12.83
25 90 13.31
25 91 14.27
25 92 7.63
25 93 8.74
25 94 9.74
25 95 10.69
25 96 11.59
25 97 12.46
25 98 13.29
25 99 14.03
25 100 15.02
25 101 7.30
25 102 8.36
25 103 9.38
25 104 10.38
25 105 11.36
25 106 12.32
25 107 13.27
25 108 14.23
25 109 15.23
25 110 6.82
25 111 7.73
25 112 8.71
25 113 9.70
25 114 10.70
25 115 11.72
25 116 12.76
25 117 13.92
25 118 14.91
25 119 6.25
25 120 6.91
25 121 7.75
25 122 8.68
25 123 9.66
25 124 10.69
25 125 11.78
25 126 13.11
25 127 14.05
25 128 5.65
25 129 5.95
25 130 6.57
25 131 7.36
25 132 8.27
25 133 9.27
25 134 10.38
25 135 11.83
25 136 12.71
25 137 5.12
25 138 4.95
25 139 5.24
25 140 5.81
25 141 6.58
25 142 7.50
25 143 8.60
25 144 10.12
25 145 10.93
25 146 9.44
26 1 4.81
26 2 5.54
26 3 4.60
26 4 3.99
26 5 3.74
26 6 3.89
26 7 4.42
26 8 5.32
26 9 6.88
26 10 7.48
26 11 5.64
26 12 4.53
26 13 3.54
26 14 2.68
26 15 2.09
26 16 2.05
26 17 2.71
26 18 4.23
26 19 4.78
26 20 6.00
26 21 5.02
26 22 4.06
26 23 3.10
26 24 2.12
26 25 1.11
26 26 0.00
26 27 1.57
26 28 2.34
26 29 6.53
26 30 5.89
26 31 5.23
26 32 4.57
26 33 3.94
26 34 3.33
26 35 2.71
26 36 1.83
26 37 2.54
26 38 7.13
26 39 6.88
26 40 6.58
26 41 6.28
26 42 5.98
26 43 5.69
26 44 5.32
26 45 4.52
26 46 5.07
26 47 7.70
26 48 7.85
26 49 7.89
26 50 7.90
26 51 7.90
26 52 7.87
26 53 7.74
26 54 7.15
26 55 7.76
26 56 8.18
26 57 8.67
26 58 9.02
26 59 9.31
26 60 9.56
26 61 9.77
26 62 9.87
26 63 9.55
26 64 10.26
26 65 8.51
26 66 9.28
26 67 9.88
26 68 10.42
26 69 10.89
26 70 11.32
26 71 11.64
26 72 11.60
26 73 12.41
26 74 8.67
26 75 9.64
26 76 10.44
26 77 11.17
26 78 11.84
26 79 12.46
26 80 12.98
26 81 13.23
26 82 14.13
26 83 8.63
26 84 9.72
26 85 10.67
26 86 11.54
26 87 12.36
26 88 13.14
26 89 13.84
26 90 14.37
26 91 15.33
26 92 8.42
26 93 9.52
26 94 10.54
26 95 11.51
26 96 12.44
26 97 13.34
26 98 14.20
26 99 14.99
26 100 15.99
26 101 8.04
26 102 9.06
26 103 10.07
26 104 11.08
26 105 12.07
26 106 13.05
26 107 14.03
26 108 15.07
26 109 16.06
26 110 7.52
26 111 8.35
26 112 9.29
26 113 10.26
26 114 11.26
26 115 12.29
26 116 13.35
26 117 14.59
26 118 15.56
26 119 6.93
26 120 7.47
26 121 8.23
26 122 9.10
26 123 10.06
26 124 11.07
26 125 12.18
26 126 13.57
26 127 14.49
26 128 6.34
26 129 6.47
26 130 6.96
26 131 7.66
26 132 8.50
26 133 9.46
26 134 10.56
26 135 12.06
26 136 12.90
26 137 5.85
26 138 5.51
26 139 5.60
26 140 6.01
26 141 6.66
26 142 7.50
26 143 8.55
26 144 10.11
26 145 10.85
26 146 10.17
27 1 6.16
27 2 6.44
27 3 5.39
27 4 4.56
27 5 3.97
27 6 3.71
27 7 3.87
27 8 4.52
27 9 5.99
27 10 6.44
27 11 6.66
27 12 5.57
27 13 4.54
27 14 3.56
27 15 2.64
27 16 1.92
27 17 1.83
27 18 3.05
27 19 3.39
27 20 7.10
27 21 6.23
27 22 5.36
27 23 4.47
27 24 3.57
27 25 2.62
27 26 1.57
27 27 0.00
27 28 1.00
27 29 7.68
27 30 7.17
27 31 6.62
27 32 6.05
27 33 5.49
27 34 4.90
27 35 4.23
27 36 3.05
27 37 3.39
27 38 8.27
27 39 8.17
27 40 7.98
27 41 7.76
27 42 7.52
27 43 7.26
27 44 6.88
27 45 5.99
27 46 6.44
27 47 8.81
27 48 9.09
27 49 9.24
27 50 9.34
27 51 9.40
27 52 9.41
27 53 9.31
27 54 8.71
27 55 9.30
27 56 9.24
27 57 9.84
27 58 10.29
27 59 10.67
27 60 10.99
27 61 11.25
27 62 11.40
27 63 11.11
27 64 11.83
27 65 9.50
27 66 10.36
27 67 11.05
27 68 11.66
27 69 12.21
27 70 12.70
27 71 13.08
27 72 13.11
27 73 13.94
27 74 9.57
27 75 10.60
27 76 11.48
27 77 12.27
27 78 13.01
27 79 13.69
27 80 14.28
27 81 14.62
27 82 15.54
27 83 9.45
27 84 10.56
27 85 11.55
27 86 12.47
27 87 13.35
27 88 14.18
27 89 14.95
27 90 15.59
27 91 16.57
27 92 9.15
27 93 10.23
27 94 11.26
27 95 12.25
27 96 13.22
27 97 14.16
27 98 15.08
27 99 15.99
27 100 16.99
27 101 8.70
27 102 9.64
27 103 10.62
27 104 11.62
27 105 12.62
27 106 13.63
27 107 14.66
27 108 15.80
27 109 16.79
27 110 8.14
27 111 8.83
27 112 9.68
27 113 10.60
27 114 11.58
27 115 12.61
27 116 13.70
27 117 15.03
27 118 15.98
27 119 7.54
27 120 7.87
27 121 8.49
27 122 9.26
27 123 10.15
27 124 11.13
27 125 12.24
27 126 13.71
27 127 14.58
27 128 6.99
27 129 6.87
27 130 7.14
27 131 7.67
27 132 8.39
27 133 9.27
27 134 10.34
27 135 11.89
27 136 12.65
27 137 6.59
27 138 6.00
27 139 5.82
27 140 5.97
27 141 6.40
27 142 7.09
27 143 8.06
27 144 9.63
27 145 10.26
27 146 10.79
28 1 7.09
28 2 7.44
28 3 6.39
28 4 5.55
28 5 4.92
28 6 4.57
28 7 4.58
28 8 5.07
28 9 6.44
28 10 6.74
28 11 7.66
28 12 6.56
28 13 5.54
28 14 4.56
28 15 3.64
28 16 2.88
28 17 2.54
28 18 3.39
28 19 3.44
28 20 8.09
28 21 7.20
28 22 6.30
28 23 5.39
28 24 4.44
28 25 3.45
28 26 2.34
28 27 1.00
28 28 0.00
28 29 8.66
28 30 8.12
28 31 7.53
28 32 6.91
28 33 6.27
28 34 5.58
28 35 4.78
28 36 3.39
28 37 3.43
28 38 9.26
28 39 9.12
28 40 8.89
28 41 8.61
28 42 8.31
28 43 7.96
28 44 7.48
28 45 6.44
28 46 6.74
28 47 9.80
28 48 10.06
28 49 10.17
28 50 10.23
28 51 10.24
28 52 10.19
28 53 10.01
28 54 9.30
28 55 9.80
28 56 10.23
28 57 10.82
28 58 11.25
28 59 11.60
28 60 11.89
28 61 12.11
28 62 12.20
28 63 11.83
28 64 12.50
28 65 10.50
28 66 11.35
28 67 12.03
28 68 12.63
28 69 13.16
28 70 13.62
28 71 13.97
28 72 13.94
28 73 14.74
28 74 10.57
28 75 11.60
28 76 12.48
28 77 13.26
28 78 13.99
28 79 14.66
28 80 15.23
28 81 15.54
28 82 16.44
28 83 10.45
28 84 11.56
28 85 12.55
28 86 13.47
28 87 14.35
28 88 15.18
28 89 15.95
28 90 16.57
28 91 17.54
28 92 10.15
28 93 11.22
28 94 12.25
28 95 13.24
28 96 14.21
28 97 15.16
28 98 16.08
28 99 16.99
28 100 17.99
28 101 9.69
28 102 10.61
28 103 11.59
28 104 12.58
28 105 13.59
28 106 14.60
28 107 15.64
28 108 16.79
28 109 17.78
28 110 9.12
28 111 9.79
28 112 10.62
28 113 11.53
28 114 12.50
28 115 13.53
28 116 14.63
28 117 15.98
28 118 16.91
28 119 8.52
28 120 8.82
28 121 9.40
28 122 10.15
28 123 11.01
28 124 11.98
28 125 13.09
28 126 14.58
28 127 15.43
28 128 7.98
28 129 7.83
28 130 8.05
28 131 8.53
28 132 9.20
28 133 10.04
28 134 11.09
28 135 12.65
28 136 13.38
28 137 7.58
28 138 6.97
28 139 6.74
28 140 6.82
28 141 7.18
28 142 7.79
28 143 8.70
28 144 10.26
28 145 10.83
28 146 11.77
29 1 2.14
29 2 1.71
29 3 2.72
29 4 3.74
29 5 4.74
29 6 5.73
29 7 6.71
29 8 7.70
29 9 8.82
29 10 9.80
29 11 1.18
29 12 2.13
29 13 3.14
29 14 4.15
29 15 5.14
29 16 6.13
29 17 7.13
29 18 8.27
29 19 9.26
29 20 0.60
29 21 1.54
29 22 2.56
29 23 3.56
29 24 4.55
29 25 5.53
29 26 6.53
29 27 7.68
29 28 8.66
29 29 0.00
29 30 1.11
29 31 2.12
29 32 3.10
29 33 4.06
29 34 5.02
29 35 6.00
29 36 7.10
29 37 8.09
29 38 0.60
29 39 1.13
29 40 2.00
29 41 2.90
29 42 3.81
29 43 4.71
29 44 5.64
29 45 6.66
29 46 7.66
29 47 1.18
29 48 1.58
29 49 2.26
29 50 3.04
29 51 3.86
29 52 4.69
29 53 5.54
29 54 6.44
29 55 7.44
29 56 1.71
29 57 2.17
29 58 2.78
29 59 3.47
29 60 4.20
29 61 4.96
29 62 5.72
29 63 6.50
29 64 7.50
29 65 2.18
29 66 2.76
29 67 3.38
29 68 4.04
29 69 4.73
29 70 5.44
29 71 6.15
29 72 6.82
29 73 7.81
29 74 2.58
29 75 3.28
29 76 3.95
29 77 4.64
29 78 5.33
29 79 6.03
29 80 6.71
29 81 7.33
29 82 8.31
29 83 2.87
29 84 3.70
29 85 4.45
29 86 5.18
29 87 5.90
29 88 6.62
29 89 7.31
29 90 7.92
29 91 8.90
29 92 3.06
29 93 4.00
29 94 4.83
29 95 5.61
29 96 6.38
29 97 7.14
29 98 7.86
29 99 8.50
29 100 9.49
29 101 3.14
29 102 4.16
29 103 5.06
29 104 5.91
29 105 6.73
29 106 7.53
29 107 8.30
29 108 9.00
29 109 10.00
29 110 3.11
29 111 4.19
29 112 5.14
29 113 6.04
29 114 6.91
29 115 7.75
29 116 8.58
29 117 9.36
29 118 10.36
29 119 2.96
29 120 4.06
29 121 5.06
29 122 6.00
29 123 6.91
29 124 7.80
29 125 8.68
29 126 9.55
29 127 10.55
29 128 2.70
29 129 3.80
29 130 4.82
29 131 5.79
29 132 6.74
29 133 7.67
29 134 8.59
29 135 9.55
29 136 10.55
29 137 2.34
29 138 3.41
29 139 4.44
29 140 5.43
29 141 6.40
29 142 7.36
29 143 8.32
29 144 9.35
29 145 10.35
29 146 4.87
30 1 1.16
30 2 2.17
30 3 2.86
30 4 3.78
30 5 4.76
30 6 5.77
30 7 6.79
30 8 7.85
30 9 9.09
30 10 10.06
30 11 1.58
30 12 1.96
30 13 2.82
30 14 3.79
30 15 4.79
30 16 5.81
30 17 6.88
30 18 8.17
30 19 9.12
30 20 1.13
30 21 1.00
30 22 1.82
30 23 2.80
30 24 3.80
30 25 4.82
30 26 5.89
30 27 7.17
30 28 8.12
30 29 1.11
30 30 0.00
30 31 1.03
30 32 2.02
30 33 3.01
30 34 4.00
30 35 5.02
30 36 6.23
30 37 7.20
30 38 1.54
30 39 1.00
30 40 1.22
30 41 1.91
30 42 2.74
30 43 3.62
30 44 4.53
30 45 5.57
30 46 6.56
30 47 2.13
30 48 1.97
30 49 2.13
30 50 2.57
30 51 3.17
30 52 3.86
30 53 4.60
30 54 5.39
30 55 6.39
30 56 2.72
30 57 2.86
30 58 3.13
30 59 3.54
30 60 4.04
30 61 4.61
30 62 5.20
30 63 5.75
30 64 6.73
30 65 3.24
30 66 3.64
30 67 4.06
30 68 4.53
30 69 5.04
30 70 5.58
30 71 6.11
30 72 6.53
30 73 7.49
30 74 3.67
30 75 4.30
30 76 4.86
30 77 5.43
30 78 6.00
30 79 6.57
30 80 7.11
30 81 7.51
30 82 8.46
30 83 3.98
30 84 4.79
30 85 5.49
30 86 6.16
30 87 6.82
30 88 7.45
30 89 8.05
30 90 8.49
30 91 9.45
30 92 4.16
30 93 5.11
30 94 5.93
30 95 6.70
30 96 7.44
30 97 8.16
30 98 8.83
30 99 9.37
30 100 10.34
30 101 4.19
30 102 5.24
30 103 6.16
30 104 7.02
30 105 7.84
30 106 8.63
30 107 9.38
30 108 10.05
30 109 11.03
30 110 4.08
30 111 5.18
30 112 6.16
30 113 7.09
30 114 7.98
30 115 8.85
30 116 9.68
30 117 10.47
30 118 11.47
30 119 3.82
30 120 4.93
30 121 5.95
30 122 6.92
30 123 7.87
30 124 8.79
30 125 9.70
30 126 10.62
30 127 11.62
30 128 3.45
30 129 4.50
30 130 5.52
30 131 6.52
30 132 7.50
30 133 8.47
30 134 9.44
30 135 10.48
30 136 11.48
30 137 2.96
30 138 3.90
30 139 4.90
30 140 5.90
30 141 6.90
30 142 7.90
30 143 8.92
30 144 10.06
30 145 11.05
30 146 5.98
31 1 0.52
31 2 2.78
31 3 3.13
31 4 3.89
31 5 4.79
31 6 5.77
31 7 6.79
31 8 7.89
31 9 9.24
31 10 10.17
31 11 2.27
31 12 2.13
31 13 2.67
31 14 3.51
31 15 4.46
31 16 5.48
31 17 6.58
31 18 7.98
31 19 8.89
31 20 2.00
31 21 1.22
31 22 1.36
31 23 2.14
31 24 3.10
31 25 4.12
31 26 5.23
31 27 6.62
31 28 7.53
31 29 2.12
31 30 1.03
31 31 0.00
31 32 1.00
31 33 2.00
31 34 3.01
31 35 4.06
31 36 5.36
31 37 6.30
31 38 2.56
31 39 1.82
31 40 1.36
31 41 1.42
31 42 1.96
31 43 2.70
31 44 3.54
31 45 4.54
31 46 5.54
31 47 3.14
31 48 2.82
31 49 2.67
31 50 2.74
31 51 3.02
31 52 3.46
31 53 3.99
31 54 4.56
31 55 5.55
31 56 3.74
31 57 3.78
31 58 3.88
31 59 4.09
31 60 4.38
31 61 4.74
31 62 5.12
31 63 5.39
31 64 6.33
31 65 4.27
31 66 4.63
31 67 4.95
31 68 5.31
31 69 5.69
31 70 6.09
31 71 6.47
31 72 6.65
31 73 7.56
31 74 4.70
31 75 5.31
31 76 5.84
31 77 6.35
31 78 6.85
31 79 7.35
31 80 7.79
31 81 8.01
31 82 8.92
31 83 4.99
31 84 5.82
31 85 6.52
31 86 7.17
31 87 7.79
31 88 8.39
31 89 8.93
31 90 9.27
31 91 10.20
31 92 5.13
31 93 6.11
31 94 6.95
31 95 7.73
31 96 8.47
31 97 9.17
31 98 9.82
31 99 10.31
31 100 11.27
31 101 5.11
31 102 6.19
31 103 7.13
31 104 8.01
31 105 8.85
31 106 9.65
31 107 10.41
31 108 11.07
31 109 12.05
31 110 4.93
31 111 6.04
31 112 7.04
31 113 8.00
31 114 8.91
31 115 9.80
31 116 10.66
31 117 11.48
31 118 12.48
31 119 4.60
31 120 5.68
31 121 6.70
31 122 7.70
31 123 8.67
31 124 9.62
31 125 10.57
31 126 11.55
31 127 12.55
31 128 4.15
31 129 5.11
31 130 6.11
31 131 7.12
31 132 8.11
31 133 9.11
31 134 10.13
31 135 11.25
31 136 12.24
31 137 3.59
31 138 4.37
31 139 5.30
31 140 6.28
31 141 7.28
31 142 8.30
31 143 9.36
31 144 10.60
31 145 11.57
31 146 6.97
32 1 1.04
32 2 3.47
32 3 3.54
32 4 4.09
32 5 4.87
32 6 5.79
32 7 6.79
32 8 7.90
32 9 9.34
32 10 10.23
32 11 3.04
32 12 2.57
32 13 2.74
32 14 3.35
32 15 4.19
32 16 5.17
32 17 6.28
32 18 7.76
32 19 8.62
32 20 2.90
32 21 1.92
32 22 1.42
32 23 1.71
32 24 2.49
32 25 3.46
32 26 4.57
32 27 6.05
32 28 6.91
32 29 3.10
32 30 2.02
32 31 1.00
32 32 0.00
32 33 1.00
32 34 2.02
32 35 3.10
32 36 4.47
32 37 5.39
32 38 3.56
32 39 2.80
32 40 2.15
32 41 1.71
32 42 1.66
32 43 2.04
32 44 2.68
32 45 3.56
32 46 4.56
32 47 4.15
32 48 3.79
32 49 3.51
32 50 3.35
32 51 3.35
32 52 3.50
32 53 3.74
32 54 3.97
32 55 4.92
32 56 4.74
32 57 4.76
32 58 4.79
32 59 4.87
32 60 5.01
32 61 5.20
32 62 5.39
32 63 5.36
32 64 6.23
32 65 5.27
32 66 5.63
32 67 5.92
32 68 6.21
32 69 6.52
32 70 6.82
32 71 7.08
32 72 7.06
32 73 7.91
32 74 5.68
32 75 6.32
32 76 6.84
32 77 7.33
32 78 7.79
32 79 8.24
32 80 8.61
32 81 8.71
32 82 9.58
32 83 5.94
32 84 6.80
32 85 7.52
32 86 8.17
32 87 8.79
32 88 9.37
32 89 9.88
32 90 10.15
32 91 11.07
32 92 6.04
32 93 7.06
32 94 7.92
32 95 8.72
32 96 9.47
32 97 10.18
32 98 10.82
32 99 11.29
32 100 12.24
32 101 5.98
32 102 7.07
32 103 8.04
32 104 8.94
32 105 9.80
32 106 10.62
32 107 11.40
32 108 12.07
32 109 13.05
32 110 5.74
32 111 6.84
32 112 7.86
32 113 8.83
32 114 9.77
32 115 10.69
32 116 11.58
32 117 12.44
32 118 13.44
32 119 5.35
32 120 6.38
32 121 7.40
32 122 8.41
32 123 9.39
32 124 10.37
32 125 11.35
32 126 12.39
32 127 13.39
32 128 4.84
32 129 5.72
32 130 6.68
32 131 7.67
32 132 8.67
32 133 9.69
32 134 10.73
32 135 11.93
32 136 12.91
32 137 4.26
32 138 4.87
32 139 5.71
32 140 6.65
32 141 7.63
32 142 8.66
32 143 9.75
32 144 11.07
32 145 12.01
32 146 7.91
33 1 1.94
33 2 4.20
33 3 4.04
33 4 4.38
33 5 5.01
33 6 5.84
33 7 6.80
33 8 7.90
33 9 9.40
33 10 10.24
33 11 3.86
33 12 3.17
33 13 3.02
33 14 3.35
33 15 4.01
33 16 4.90
33 17 5.98
33 18 7.52
33 19 8.31
33 20 3.81
33 21 2.74
33 22 1.96
33 23 1.66
33 24 2.04
33 25 2.87
33 26 3.94
33 27 5.49
33 28 6.27
33 29 4.06
33 30 3.01
33 31 2.00
33 32 1.00
33 33 0.00
33 34 1.03
33 35 2.12
33 36 3.57
33 37 4.44
33 38 4.55
33 39 3.80
33 40 3.10
33 41 2.49
33 42 2.05
33 43 1.89
33 44 2.09
33 45 2.64
33 46 3.64
33 47 5.14
33 48 4.79
33 49 4.46
33 50 4.19
33 51 4.01
33 52 3.93
33 53 3.89
33 54 3.71
33 55 4.57
33 56 5.73
33 57 5.77
33 58 5.77
33 59 5.79
33 60 5.84
33 61 5.91
33 62 5.94
33 63 5.66
33 64 6.43
33 65 6.24
33 66 6.63
33 67 6.92
33 68 7.18
33 69 7.44
33 70 7.69
33 71 7.86
33 72 7.69
33 73 8.48
33 74 6.63
33 75 7.30
33 76 7.84
33 77 8.33
33 78 8.78
33 79 9.19
33 80 9.53
33 81 9.54
33 82 10.39
33 83 6.87
33 84 7.76
33 85 8.50
33 86 9.17
33 87 9.79
33 88 10.37
33 89 10.87
33 90 11.10
33 91 12.01
33 92 6.93
33 93 7.97
33 94 8.86
33 95 9.67
33 96 10.44
33 97 11.17
33 98 11.82
33 99 12.29
33 100 13.24
33 101 6.81
33 102 7.92
33 103 8.91
33 104 9.83
33 105 10.71
33 106 11.56
33 107 12.35
33 108 13.05
33 109 14.04
33 110 6.53
33 111 7.61
33 112 8.64
33 113 9.63
33 114 10.59
33 115 11.52
33 116 12.44
33 117 13.35
33 118 14.35
33 119 6.09
33 120 7.07
33 121 8.07
33 122 9.07
33 123 10.07
33 124 11.07
33 125 12.08
33 126 13.18
33 127 14.18
33 128 5.55
33 129 6.32
33 130 7.23
33 131 8.19
33 132 9.19
33 133 10.21
33 134 11.29
33 135 12.55
33 136 13.51
33 137 4.95
33 138 5.40
33 139 6.14
33 140 7.01
33 141 7.96
33 142 8.98
33 143 10.09
33 144 11.48
33 145 12.40
33 146 8.80
34 1 2.88
34 2 4.96
34 3 4.61
34 4 4.74
34 5 5.20
34 6 5.91
34 7 6.79
34 8 7.87
34 9 9.41
34 10 10.19
34 11 4.69
34 12 3.86
34 13 3.46
34 14 3.50
34 15 3.93
34 16 4.67
34 17 5.69
34 18 7.26
34 19 7.96
34 20 4.71
34 21 3.62
34 22 2.70
34 23 2.04
34 24 1.89
34 25 2.38
34 26 3.33
34 27 4.90
34 28 5.58
34 29 5.02
34 30 4.00
34 31 3.01
34 32 2.02
34 33 1.03
34 34 0.00
34 35 1.11
34 36 2.62
34 37 3.45
34 38 5.53
34 39 4.82
34 40 4.12
34 41 3.46
34 42 2.87
34 43 2.38
34 44 2.05
34 45 1.92
34 46 2.88
34 47 6.12
34 48 5.81
34 49 5.48
34 50 5.17
34 51 4.90
34 52 4.67
34 53 4.43
34 54 3.87
34 55 4.58
34 56 6.71
34 57 6.79
34 58 6.79
34 59 6.79
34 60 6.80
34 61 6.79
34 62 6.72
34 63 6.25
34 64 6.93
34 65 7.21
34 66 7.63
34 67 7.94
34 68 8.21
34 69 8.45
34 70 8.66
34 71 8.78
34 72 8.51
34 73 9.25
34 74 7.57
34 75 8.29
34 76 8.85
34 77 9.35
34 78 9.81
34 79 10.21
34 80 10.53
34 81 10.50
34 82 11.32
34 83 7.77
34 84 8.70
34 85 9.47
34 86 10.16
34 87 10.80
34 88 11.39
34 89 11.89
34 90 12.12
34 91 13.02
34 92 7.79
34 93 8.86
34 94 9.77
34 95 10.62
34 96 11.41
34 97 12.15
34 98 12.83
34 99 13.31
34 100 14.27
34 101 7.63
34 102 8.74
34 103 9.74
34 104 10.69
34 105 11.59
34 106 12.46
34 107 13.29
34 108 14.03
34 109 15.02
34 110 7.30
34 111 8.36
34 112 9.38
34 113 10.38
34 114 11.36
34 115 12.32
34 116 13.27
34 117 14.23
34 118 15.23
34 119 6.82
34 120 7.73
34 121 8.71
34 122 9.70
34 123 10.71
34 124 11.72
34 125 12.76
34 126 13.92
34 127 14.91
34 128 6.25
34 129 6.91
34 130 7.75
34 131 8.68
34 132 9.66
34 133 10.69
34 134 11.78
34 135 13.11
34 136 14.05
34 137 5.65
34 138 5.95
34 139 6.57
34 140 7.36
34 141 8.27
34 142 9.27
34 143 10.38
34 144 11.83
34 145 12.71
34 146 9.67
35 1 3.88
35 2 5.72
35 3 5.20
35 4 5.12
35 5 5.39
35 6 5.94
35 7 6.72
35 8 7.74
35 9 9.31
35 10 10.01
35 11 5.54
35 12 4.60
35 13 3.99
35 14 3.74
35 15 3.89
35 16 4.43
35 17 5.32
35 18 6.88
35 19 7.48
35 20 5.64
35 21 4.53
35 22 3.54
35 23 2.68
35 24 2.09
35 25 2.05
35 26 2.71
35 27 4.23
35 28 4.78
35 29 6.00
35 30 5.02
35 31 4.06
35 32 3.10
35 33 2.12
35 34 1.11
35 35 0.00
35 36 1.57
35 37 2.34
35 38 6.53
35 39 5.89
35 40 5.23
35 41 4.57
35 42 3.94
35 43 3.33
35 44 2.71
35 45 1.83
35 46 2.54
35 47 7.13
35 48 6.88
35 49 6.58
35 50 6.28
35 51 5.98
35 52 5.69
35 53 5.32
35 54 4.52
35 55 5.07
35 56 7.70
35 57 7.85
35 58 7.89
35 59 7.90
35 60 7.90
35 61 7.87
35 62 7.74
35 63 7.15
35 64 7.76
35 65 8.18
35 66 8.67
35 67 9.01
35 68 9.31
35 69 9.56
35 70 9.77
35 71 9.87
35 72 9.55
35 73 10.26
35 74 8.51
35 75 9.28
35 76 9.88
35 77 10.42
35 78 10.89
35 79 11.32
35 80 11.64
35 81 11.60
35 82 12.41
35 83 8.67
35 84 9.64
35 85 10.44
35 86 11.17
35 87 11.84
35 88 12.45
35 89 12.98
35 90 13.23
35 91 14.13
35 92 8.63
35 93 9.72
35 94 10.67
35 95 11.54
35 96 12.36
35 97 13.14
35 98 13.84
35 99 14.37
35 100 15.33
35 101 8.42
35 102 9.52
35 103 10.54
35 104 11.51
35 105 12.44
35 106 13.34
35 107 14.20
35 108 15.00
35 109 15.99
35 110 8.03
35 111 9.06
35 112 10.07
35 113 11.08
35 114 12.07
35 115 13.05
35 116 14.03
35 117 15.07
35 118 16.06
35 119 7.52
35 120 8.35
35 121 9.29
35 122 10.26
35 123 11.26
35 124 12.29
35 125 13.35
35 126 14.59
35 127 15.56
35 128 6.93
35 129 7.47
35 130 8.23
35 131 9.10
35 132 10.06
35 133 11.07
35 134 12.18
35 135 13.57
35 136 14.49
35 137 6.34
35 138 6.47
35 139 6.96
35 140 7.66
35 141 8.50
35 142 9.46
35 143 10.56
35 144 12.06
35 145 12.90
35 146 10.51
36 1 5.08
36 2 6.50
36 3 5.75
36 4 5.39
36 5 5.36
36 6 5.66
36 7 6.25
36 8 7.15
36 9 8.71
36 10 9.30
36 11 6.44
36 12 5.39
36 13 4.56
36 14 3.97
36 15 3.71
36 16 3.87
36 17 4.52
36 18 5.99
36 19 6.44
36 20 6.66
36 21 5.57
36 22 4.54
36 23 3.56
36 24 2.64
36 25 1.92
36 26 1.83
36 27 3.05
36 28 3.39
36 29 7.10
36 30 6.23
36 31 5.36
36 32 4.47
36 33 3.57
36 34 2.62
36 35 1.57
36 36 0.00
36 37 1.00
36 38 7.67
36 39 7.17
36 40 6.62
36 41 6.05
36 42 5.49
36 43 4.90
36 44 4.23
36 45 3.05
36 46 3.39
36 47 8.27
36 48 8.17
36 49 7.98
36 50 7.76
36 51 7.52
36 52 7.26
36 53 6.88
36 54 5.99
36 55 6.44
36 56 8.81
36 57 9.09
36 58 9.24
36 59 9.34
36 60 9.40
36 61 9.41
36 62 9.31
36 63 8.71
36 64 9.30
36 65 9.24
36 66 9.84
36 67 10.29
36 68 10.67
36 69 10.99
36 70 11.25
36 71 11.40
36 72 11.11
36 73 11.83
36 74 9.50
36 75 10.36
36 76 11.05
36 77 11.66
36 78 12.21
36 79 12.70
36 80 13.08
36 81 13.11
36 82 13.94
36 83 9.57
36 84 10.60
36 85 11.48
36 86 12.27
36 87 13.01
36 88 13.68
36 89 14.28
36 90 14.62
36 91 15.54
36 92 9.45
36 93 10.56
36 94 11.55
36 95 12.47
36 96 13.35
36 97 14.18
36 98 14.95
36 99 15.59
36 100 16.57
36 101 9.15
36 102 10.23
36 103 11.26
36 104 12.25
36 105 13.22
36 106 14.16
36 107 15.08
36 108 15.99
36 109 16.99
36 110 8.70
36 111 9.64
36 112 10.62
36 113 11.62
36 114 12.62
36 115 13.63
36 116 14.66
36 117 15.80
36 118 16.79
36 119 8.14
36 120 8.83
36 121 9.68
36 122 10.60
36 123 11.58
36 124 12.61
36 125 13.70
36 126 15.03
36 127 15.98
36 128 7.54
36 129 7.87
36 130 8.49
36 131 9.26
36 132 10.15
36 133 11.13
36 134 12.24
36 135 13.71
36 136 14.58
36 137 6.99
36 138 6.87
36 139 7.14
36 140 7.67
36 141 8.39
36 142 9.27
36 143 10.34
36 144 11.89
36 145 12.65
36 146 11.29
37 1 6.04
37 2 7.50
37 3 6.73
37 4 6.33
37 5 6.23
37 6 6.43
37 7 6.93
37 8 7.76
37 9 9.30
37 10 9.80
37 11 7.44
37 12 6.39
37 13 5.55
37 14 4.92
37 15 4.57
37 16 4.58
37 17 5.07
37 18 6.43
37 19 6.74
37 20 7.66
37 21 6.56
37 22 5.54
37 23 4.56
37 24 3.64
37 25 2.88
37 26 2.54
37 27 3.39
37 28 3.43
37 29 8.09
37 30 7.20
37 31 6.30
37 32 5.39
37 33 4.44
37 34 3.45
37 35 2.34
37 36 1.00
37 37 0.00
37 38 8.66
37 39 8.12
37 40 7.53
37 41 6.91
37 42 6.27
37 43 5.58
37 44 4.78
37 45 3.39
37 46 3.44
37 47 9.26
37 48 9.12
37 49 8.89
37 50 8.61
37 51 8.31
37 52 7.96
37 53 7.48
37 54 6.44
37 55 6.74
37 56 9.80
37 57 10.06
37 58 10.17
37 59 10.23
37 60 10.24
37 61 10.19
37 62 10.01
37 63 9.30
37 64 9.80
37 65 10.23
37 66 10.82
37 67 11.25
37 68 11.60
37 69 11.89
37 70 12.11
37 71 12.20
37 72 11.83
37 73 12.50
37 74 10.50
37 75 11.35
37 76 12.03
37 77 12.63
37 78 13.16
37 79 13.62
37 80 13.97
37 81 13.94
37 82 14.74
37 83 10.57
37 84 11.60
37 85 12.48
37 86 13.26
37 87 13.99
37 88 14.66
37 89 15.23
37 90 15.54
37 91 16.44
37 92 10.45
37 93 11.56
37 94 12.55
37 95 13.47
37 96 14.35
37 97 15.18
37 98 15.95
37 99 16.57
37 100 17.54
37 101 10.15
37 102 11.22
37 103 12.25
37 104 13.24
37 105 14.21
37 106 15.16
37 107 16.08
37 108 16.99
37 109 17.99
37 110 9.69
37 111 10.61
37 112 11.59
37 113 12.58
37 114 13.59
37 115 14.60
37 116 15.64
37 117 16.79
37 118 17.78
37 119 9.12
37 120 9.79
37 121 10.62
37 122 11.53
37 123 12.50
37 124 13.53
37 125 14.63
37 126 15.98
37 127 16.91
37 128 8.52
37 129 8.82
37 130 9.40
37 131 10.15
37 132 11.01
37 133 11.98
37 134 13.09
37 135 14.58
37 136 15.43
37 137 7.98
37 138 7.83
37 139 8.05
37 140 8.53
37 141 9.20
37 142 10.04
37 143 11.09
37 144 12.65
37 145 13.38
37 146 12.28
38 1 2.66
38 2 2.18
38 3 3.24
38 4 4.27
38 5 5.27
38 6 6.24
38 7 7.21
38 8 8.18
38 9 9.24
38 10 10.23
38 11 1.71
38 12 2.72
38 13 3.74
38 14 4.74
38 15 5.73
38 16 6.71
38 17 7.70
38 18 8.81
38 19 9.80
38 20 1.18
38 21 2.13
38 22 3.14
38 23 4.15
38 24 5.14
38 25 6.12
38 26 7.13
38 27 8.27
38 28 9.26
38 29 0.60
38 30 1.54
38 31 2.56
38 32 3.56
38 33 4.55
38 34 5.53
38 35 6.53
38 36 7.67
38 37 8.66
38 38 0.00
38 39 1.11
38 40 2.12
38 41 3.10
38 42 4.06
38 43 5.02
38 44 6.00
38 45 7.10
38 46 8.09
38 47 0.60
38 48 1.13
38 49 2.00
38 50 2.90
38 51 3.80
38 52 4.71
38 53 5.64
38 54 6.66
38 55 7.65
38 56 1.18
38 57 1.58
38 58 2.27
38 59 3.04
38 60 3.86
38 61 4.69
38 62 5.54
38 63 6.44
38 64 7.44
38 65 1.71
38 66 2.17
38 67 2.78
38 68 3.47
38 69 4.20
38 70 4.96
38 71 5.72
38 72 6.50
38 73 7.50
38 74 2.19
38 75 2.76
38 76 3.38
38 77 4.04
38 78 4.73
38 79 5.44
38 80 6.15
38 81 6.82
38 82 7.81
38 83 2.58
38 84 3.28
38 85 3.95
38 86 4.64
38 87 5.33
38 88 6.03
38 89 6.71
38 90 7.33
38 91 8.31
38 92 2.87
38 93 3.70
38 94 4.45
38 95 5.18
38 96 5.90
38 97 6.62
38 98 7.31
38 99 7.92
38 100 8.90
38 101 3.06
38 102 4.00
38 103 4.83
38 104 5.62
38 105 6.38
38 106 7.14
38 107 7.86
38 108 8.51
38 109 9.49
38 110 3.14
38 111 4.16
38 112 5.06
38 113 5.91
38 114 6.73
38 115 7.53
38 116 8.30
38 117 9.00
38 118 10.00
38 119 3.11
38 120 4.19
38 121 5.14
38 122 6.04
38 123 6.91
38 124 7.75
38 125 8.58
38 126 9.36
38 127 10.36
38 128 2.96
38 129 4.06
38 130 5.06
38 131 6.00
38 132 6.91
38 133 7.80
38 134 8.68
38 135 9.55
38 136 10.55
38 137 2.70
38 138 3.80
38 139 4.82
38 140 5.79
38 141 6.74
38 142 7.67
38 143 8.59
38 144 9.55
38 145 10.55
38 146 4.58
39 1 2.11
39 2 2.76
39 3 3.64
39 4 4.63
39 5 5.63
39 6 6.63
39 7 7.63
39 8 8.67
39 9 9.84
39 10 10.82
39 11 2.17
39 12 2.86
39 13 3.78
39 14 4.76
39 15 5.77
39 16 6.79
39 17 7.84
39 18 9.09
39 19 10.06
39 20 1.58
39 21 1.96
39 22 2.82
39 23 3.79
39 24 4.79
39 25 5.81
39 26 6.88
39 27 8.17
39 28 9.12
39 29 1.13
39 30 1.00
39 31 1.82
39 32 2.80
39 33 3.80
39 34 4.82
39 35 5.89
39 36 7.17
39 37 8.12
39 38 1.11
39 39 0.00
39 40 1.03
39 41 2.02
39 42 3.01
39 43 4.00
39 44 5.02
39 45 6.23
39 46 7.20
39 47 1.54
39 48 1.00
39 49 1.22
39 50 1.91
39 51 2.74
39 52 3.62
39 53 4.53
39 54 5.57
39 55 6.56
39 56 2.13
39 57 1.97
39 58 2.13
39 59 2.57
39 60 3.18
39 61 3.86
39 62 4.60
39 63 5.39
39 64 6.39
39 65 2.72
39 66 2.86
39 67 3.13
39 68 3.54
39 69 4.04
39 70 4.61
39 71 5.20
39 72 5.75
39 73 6.73
39 74 3.24
39 75 3.64
39 76 4.06
39 77 4.53
39 78 5.04
39 79 5.58
39 80 6.11
39 81 6.53
39 82 7.49
39 83 3.67
39 84 4.30
39 85 4.86
39 86 5.43
39 87 6.00
39 88 6.57
39 89 7.11
39 90 7.50
39 91 8.46
39 92 3.98
39 93 4.79
39 94 5.49
39 95 6.16
39 96 6.82
39 97 7.46
39 98 8.05
39 99 8.49
39 100 9.45
39 101 4.16
39 102 5.11
39 103 5.93
39 104 6.70
39 105 7.44
39 106 8.16
39 107 8.83
39 108 9.37
39 109 10.34
39 110 4.19
39 111 5.24
39 112 6.16
39 113 7.02
39 114 7.84
39 115 8.63
39 116 9.38
39 117 10.05
39 118 11.03
39 119 4.08
39 120 5.18
39 121 6.16
39 122 7.09
39 123 7.98
39 124 8.85
39 125 9.68
39 126 10.47
39 127 11.47
39 128 3.82
39 129 4.93
39 130 5.95
39 131 6.92
39 132 7.87
39 133 8.79
39 134 9.70
39 135 10.62
39 136 11.62
39 137 3.45
39 138 4.50
39 139 5.52
39 140 6.52
39 141 7.50
39 142 8.47
39 143 9.44
39 144 10.48
39 145 11.48
39 146 5.68
40 1 1.83
40 2 3.38
40 3 4.06
40 4 4.96
40 5 5.92
40 6 6.92
40 7 7.94
40 8 9.02
40 9 10.29
40 10 11.25
40 11 2.78
40 12 3.13
40 13 3.89
40 14 4.79
40 15 5.77
40 16 6.79
40 17 7.89
40 18 9.24
40 19 10.17
40 20 2.27
40 21 2.13
40 22 2.67
40 23 3.51
40 24 4.46
40 25 5.48
40 26 6.58
40 27 7.98
40 28 8.89
40 29 2.00
40 30 1.22
40 31 1.36
40 32 2.15
40 33 3.10
40 34 4.12
40 35 5.23
40 36 6.62
40 37 7.53
40 38 2.12
40 39 1.03
40 40 0.00
40 41 1.00
40 42 2.00
40 43 3.01
40 44 4.06
40 45 5.36
40 46 6.30
40 47 2.56
40 48 1.82
40 49 1.36
40 50 1.42
40 51 1.96
40 52 2.70
40 53 3.54
40 54 4.55
40 55 5.54
40 56 3.14
40 57 2.82
40 58 2.67
40 59 2.74
40 60 3.02
40 61 3.46
40 62 3.99
40 63 4.56
40 64 5.55
40 65 3.74
40 66 3.78
40 67 3.88
40 68 4.08
40 69 4.38
40 70 4.74
40 71 5.12
40 72 5.39
40 73 6.33
40 74 4.27
40 75 4.63
40 76 4.95
40 77 5.31
40 78 5.69
40 79 6.09
40 80 6.47
40 81 6.65
40 82 7.56
40 83 4.70
40 84 5.31
40 85 5.84
40 86 6.35
40 87 6.85
40 88 7.35
40 89 7.79
40 90 8.01
40 91 8.92
40 92 4.99
40 93 5.82
40 94 6.52
40 95 7.17
40 96 7.79
40 97 8.39
40 98 8.93
40 99 9.27
40 100 10.20
40 101 5.13
40 102 6.11
40 103 6.95
40 104 7.73
40 105 8.47
40 106 9.17
40 107 9.82
40 108 10.31
40 109 11.27
40 110 5.11
40 111 6.19
40 112 7.13
40 113 8.01
40 114 8.85
40 115 9.65
40 116 10.41
40 117 11.07
40 118 12.05
40 119 4.93
40 120 6.04
40 121 7.04
40 122 8.00
40 123 8.91
40 124 9.80
40 125 10.66
40 126 11.48
40 127 12.48
40 128 4.60
40 129 5.68
40 130 6.70
40 131 7.70
40 132 8.66
40 133 9.62
40 134 10.57
40 135 11.55
40 136 12.55
40 137 4.15
40 138 5.11
40 139 6.11
40 140 7.12
40 141 8.11
40 142 9.11
40 143 10.13
40 144 11.25
40 145 12.24
40 146 6.70
41 1 1.93
41 2 4.04
41 3 4.53
41 4 5.31
41 5 6.21
41 6 7.18
41 7 8.21
41 8 9.31
41 9 10.66
41 10 11.60
41 11 3.47
41 12 3.54
41 13 4.08
41 14 4.87
41 15 5.79
41 16 6.79
41 17 7.90
41 18 9.34
41 19 10.23
41 20 3.04
41 21 2.57
41 22 2.74
41 23 3.35
41 24 4.19
41 25 5.17
41 26 6.28
41 27 7.76
41 28 8.61
41 29 2.90
41 30 1.91
41 31 1.42
41 32 1.71
41 33 2.49
41 34 3.46
41 35 4.57
41 36 6.05
41 37 6.91
41 38 3.10
41 39 2.02
41 40 1.00
41 41 0.00
41 42 1.00
41 43 2.02
41 44 3.10
41 45 4.47
41 46 5.39
41 47 3.56
41 48 2.80
41 49 2.14
41 50 1.71
41 51 1.66
41 52 2.04
41 53 2.68
41 54 3.56
41 55 4.56
41 56 4.15
41 57 3.79
41 58 3.51
41 59 3.35
41 60 3.35
41 61 3.50
41 62 3.74
41 63 3.97
41 64 4.92
41 65 4.74
41 66 4.76
41 67 4.79
41 68 4.87
41 69 5.01
41 70 5.20
41 71 5.39
41 72 5.36
41 73 6.23
41 74 5.27
41 75 5.62
41 76 5.92
41 77 6.21
41 78 6.52
41 79 6.82
41 80 7.08
41 81 7.06
41 82 7.91
41 83 5.68
41 84 6.32
41 85 6.84
41 86 7.33
41 87 7.79
41 88 8.23
41 89 8.61
41 90 8.71
41 91 9.58
41 92 5.94
41 93 6.80
41 94 7.52
41 95 8.17
41 96 8.79
41 97 9.37
41 98 9.88
41 99 10.15
41 100 11.06
41 101 6.04
41 102 7.06
41 103 7.92
41 104 8.71
41 105 9.47
41 106 10.18
41 107 10.82
41 108 11.29
41 109 12.24
41 110 5.97
41 111 7.07
41 112 8.04
41 113 8.94
41 114 9.80
41 115 10.62
41 116 11.40
41 117 12.07
41 118 13.05
41 119 5.74
41 120 6.84
41 121 7.86
41 122 8.83
41 123 9.77
41 124 10.69
41 125 11.58
41 126 12.44
41 127 13.44
41 128 5.35
41 129 6.38
41 130 7.40
41 131 8.40
41 132 9.39
41 133 10.37
41 134 11.35
41 135 12.39
41 136 13.39
41 137 4.84
41 138 5.71
41 139 6.68
41 140 7.67
41 141 8.67
41 142 9.68
41 143 10.73
41 144 11.93
41 145 12.91
41 146 7.68
42 1 2.37
42 2 4.73
42 3 5.04
42 4 5.69
42 5 6.52
42 6 7.45
42 7 8.45
42 8 9.56
42 9 10.99
42 10 11.89
42 11 4.20
42 12 4.04
42 13 4.38
42 14 5.01
42 15 5.84
42 16 6.80
42 17 7.90
42 18 9.40
42 19 10.24
42 20 3.86
42 21 3.18
42 22 3.02
42 23 3.35
42 24 4.02
42 25 4.90
42 26 5.98
42 27 7.52
42 28 8.31
42 29 3.81
42 30 2.74
42 31 1.96
42 32 1.66
42 33 2.05
42 34 2.87
42 35 3.94
42 36 5.49
42 37 6.27
42 38 4.06
42 39 3.01
42 40 2.00
42 41 1.00
42 42 0.00
42 43 1.03
42 44 2.12
42 45 3.57
42 46 4.44
42 47 4.55
42 48 3.80
42 49 3.10
42 50 2.49
42 51 2.04
42 52 1.89
42 53 2.09
42 54 2.64
42 55 3.64
42 56 5.14
42 57 4.79
42 58 4.46
42 59 4.19
42 60 4.02
42 61 3.93
42 62 3.89
42 63 3.71
42 64 4.57
42 65 5.73
42 66 5.77
42 67 5.77
42 68 5.79
42 69 5.84
42 70 5.91
42 71 5.94
42 72 5.66
42 73 6.43
42 74 6.24
42 75 6.63
42 76 6.92
42 77 7.18
42 78 7.44
42 79 7.69
42 80 7.86
42 81 7.69
42 82 8.48
42 83 6.63
42 84 7.30
42 85 7.84
42 86 8.33
42 87 8.78
42 88 9.19
42 89 9.53
42 90 9.54
42 91 10.39
42 92 6.87
42 93 7.76
42 94 8.50
42 95 9.17
42 96 9.79
42 97 10.37
42 98 10.87
42 99 11.10
42 100 12.01
42 101 6.93
42 102 7.97
42 103 8.86
42 104 9.68
42 105 10.44
42 106 11.17
42 107 11.82
42 108 12.29
42 109 13.24
42 110 6.81
42 111 7.92
42 112 8.91
42 113 9.83
42 114 10.71
42 115 11.56
42 116 12.35
42 117 13.05
42 118 14.04
42 119 6.53
42 120 7.61
42 121 8.64
42 122 9.63
42 123 10.59
42 124 11.52
42 125 12.44
42 126 13.35
42 127 14.35
42 128 6.09
42 129 7.07
42 130 8.07
42 131 9.07
42 132 10.07
42 133 11.07
42 134 12.08
42 135 13.18
42 136 14.18
42 137 5.55
42 138 6.32
42 139 7.22
42 140 8.19
42 141 9.19
42 142 10.21
42 143 11.29
42 144 12.55
42 145 13.51
42 146 8.64
43 1 2.99
43 2 5.44
43 3 5.58
43 4 6.10
43 5 6.82
43 6 7.69
43 7 8.66
43 8 9.77
43 9 11.25
43 10 12.11
43 11 4.96
43 12 4.61
43 13 4.74
43 14 5.20
43 15 5.91
43 16 6.79
43 17 7.87
43 18 9.41
43 19 10.19
43 20 4.69
43 21 3.86
43 22 3.46
43 23 3.50
43 24 3.93
43 25 4.67
43 26 5.69
43 27 7.26
43 28 7.96
43 29 4.71
43 30 3.62
43 31 2.70
43 32 2.04
43 33 1.89
43 34 2.38
43 35 3.33
43 36 4.90
43 37 5.58
43 38 5.02
43 39 4.00
43 40 3.01
43 41 2.02
43 42 1.03
43 43 0.00
43 44 1.11
43 45 2.62
43 46 3.45
43 47 5.53
43 48 4.82
43 49 4.12
43 50 3.46
43 51 2.87
43 52 2.38
43 53 2.05
43 54 1.92
43 55 2.88
43 56 6.13
43 57 5.81
43 58 5.48
43 59 5.17
43 60 4.90
43 61 4.67
43 62 4.43
43 63 3.87
43 64 4.58
43 65 6.71
43 66 6.79
43 67 6.79
43 68 6.79
43 69 6.79
43 70 6.79
43 71 6.72
43 72 6.25
43 73 6.93
43 74 7.21
43 75 7.63
43 76 7.94
43 77 8.21
43 78 8.45
43 79 8.66
43 80 8.78
43 81 8.51
43 82 9.25
43 83 7.57
43 84 8.29
43 85 8.85
43 86 9.35
43 87 9.81
43 88 10.22
43 89 10.53
43 90 10.50
43 91 11.32
43 92 7.77
43 93 8.70
43 94 9.47
43 95 10.16
43 96 10.80
43 97 11.39
43 98 11.89
43 99 12.12
43 100 13.02
43 101 7.79
43 102 8.86
43 103 9.77
43 104 10.62
43 105 11.41
43 106 12.15
43 107 12.83
43 108 13.31
43 109 14.27
43 110 7.63
43 111 8.74
43 112 9.74
43 113 10.69
43 114 11.59
43 115 12.46
43 116 13.29
43 117 14.03
43 118 15.02
43 119 7.30
43 120 8.36
43 121 9.38
43 122 10.38
43 123 11.36
43 124 12.32
43 125 13.27
43 126 14.23
43 127 15.23
43 128 6.82
43 129 7.74
43 130 8.71
43 131 9.70
43 132 10.71
43 133 11.72
43 134 12.76
43 135 13.92
43 136 14.91
43 137 6.25
43 138 6.91
43 139 7.75
43 140 8.68
43 141 9.66
43 142 10.69
43 143 11.78
43 144 13.11
43 145 14.06
43 146 9.58
44 1 3.72
44 2 6.15
44 3 6.11
44 4 6.47
44 5 7.08
44 6 7.86
44 7 8.78
44 8 9.87
44 9 11.40
44 10 12.20
44 11 5.72
44 12 5.20
44 13 5.12
44 14 5.39
44 15 5.94
44 16 6.72
44 17 7.74
44 18 9.31
44 19 10.01
44 20 5.54
44 21 4.60
44 22 3.99
44 23 3.74
44 24 3.89
44 25 4.43
44 26 5.32
44 27 6.88
44 28 7.48
44 29 5.64
44 30 4.53
44 31 3.54
44 32 2.68
44 33 2.09
44 34 2.05
44 35 2.71
44 36 4.23
44 37 4.78
44 38 6.00
44 39 5.02
44 40 4.06
44 41 3.10
44 42 2.12
44 43 1.11
44 44 0.00
44 45 1.57
44 46 2.34
44 47 6.53
44 48 5.89
44 49 5.23
44 50 4.57
44 51 3.94
44 52 3.33
44 53 2.71
44 54 1.83
44 55 2.54
44 56 7.13
44 57 6.88
44 58 6.58
44 59 6.28
44 60 5.98
44 61 5.69
44 62 5.32
44 63 4.52
44 64 5.07
44 65 7.70
44 66 7.85
44 67 7.89
44 68 7.90
44 69 7.90
44 70 7.87
44 71 7.74
44 72 7.15
44 73 7.76
44 74 8.18
44 75 8.67
44 76 9.02
44 77 9.31
44 78 9.56
44 79 9.77
44 80 9.87
44 81 9.55
44 82 10.26
44 83 8.51
44 84 9.28
44 85 9.88
44 86 10.41
44 87 10.89
44 88 11.32
44 89 11.64
44 90 11.60
44 91 12.41
44 92 8.67
44 93 9.64
44 94 10.44
44 95 11.17
44 96 11.84
44 97 12.46
44 98 12.98
44 99 13.23
44 100 14.13
44 101 8.63
44 102 9.72
44 103 10.67
44 104 11.54
44 105 12.36
44 106 13.14
44 107 13.84
44 108 14.37
44 109 15.33
44 110 8.42
44 111 9.52
44 112 10.54
44 113 11.51
44 114 12.44
44 115 13.34
44 116 14.20
44 117 14.99
44 118 15.99
44 119 8.03
44 120 9.06
44 121 10.07
44 122 11.08
44 123 12.07
44 124 13.05
44 125 14.03
44 126 15.07
44 127 16.06
44 128 7.52
44 129 8.36
44 130 9.29
44 131 10.26
44 132 11.26
44 133 12.29
44 134 13.35
44 135 14.59
44 136 15.56
44 137 6.93
44 138 7.47
44 139 8.23
44 140 9.10
44 141 10.06
44 142 11.07
44 143 12.18
44 144 13.57
44 145 14.49
44 146 10.50
45 1 4.57
45 2 6.82
45 3 6.53
45 4 6.65
45 5 7.06
45 6 7.69
45 7 8.51
45 8 9.55
45 9 11.11
45 10 11.83
45 11 6.50
45 12 5.75
45 13 5.39
45 14 5.36
45 15 5.66
45 16 6.25
45 17 7.15
45 18 8.71
45 19 9.30
45 20 6.44
45 21 5.39
45 22 4.56
45 23 3.97
45 24 3.71
45 25 3.87
45 26 4.52
45 27 5.99
45 28 6.44
45 29 6.66
45 30 5.57
45 31 4.54
45 32 3.56
45 33 2.64
45 34 1.92
45 35 1.83
45 36 3.05
45 37 3.39
45 38 7.10
45 39 6.23
45 40 5.36
45 41 4.47
45 42 3.57
45 43 2.62
45 44 1.57
45 45 0.00
45 46 1.00
45 47 7.67
45 48 7.17
45 49 6.62
45 50 6.05
45 51 5.49
45 52 4.90
45 53 4.23
45 54 3.05
45 55 3.39
45 56 8.27
45 57 8.17
45 58 7.98
45 59 7.76
45 60 7.52
45 61 7.26
45 62 6.88
45 63 5.99
45 64 6.44
45 65 8.81
45 66 9.09
45 67 9.24
45 68 9.34
45 69 9.40
45 70 9.41
45 71 9.31
45 72 8.71
45 73 9.30
45 74 9.24
45 75 9.84
45 76 10.29
45 77 10.67
45 78 10.99
45 79 11.25
45 80 11.40
45 81 11.11
45 82 11.83
45 83 9.50
45 84 10.36
45 85 11.05
45 86 11.66
45 87 12.21
45 88 12.70
45 89 13.08
45 90 13.11
45 91 13.94
45 92 9.57
45 93 10.60
45 94 11.48
45 95 12.27
45 96 13.01
45 97 13.68
45 98 14.28
45 99 14.62
45 100 15.54
45 101 9.45
45 102 10.56
45 103 11.55
45 104 12.47
45 105 13.35
45 106 14.18
45 107 14.95
45 108 15.59
45 109 16.57
45 110 9.15
45 111 10.23
45 112 11.26
45 113 12.25
45 114 13.22
45 115 14.16
45 116 15.08
45 117 15.99
45 118 16.99
45 119 8.70
45 120 9.64
45 121 10.62
45 122 11.62
45 123 12.62
45 124 13.63
45 125 14.66
45 126 15.80
45 127 16.79
45 128 8.14
45 129 8.83
45 130 9.68
45 131 10.60
45 132 11.58
45 133 12.61
45 134 13.70
45 135 15.03
45 136 15.98
45 137 7.54
45 138 7.87
45 139 8.49
45 140 9.26
45 141 10.15
45 142 11.13
45 143 12.24
45 144 13.71
45 145 14.58
45 146 11.44
46 1 5.57
46 2 7.81
46 3 7.49
46 4 7.56
46 5 7.91
46 6 8.48
46 7 9.25
46 8 10.26
46 9 11.83
46 10 12.50
46 11 7.50
46 12 6.73
46 13 6.33
46 14 6.23
46 15 6.43
46 16 6.93
46 17 7.76
46 18 9.30
46 19 9.80
46 20 7.44
46 21 6.39
46 22 5.55
46 23 4.92
46 24 4.57
46 25 4.58
46 26 5.07
46 27 6.44
46 28 6.74
46 29 7.66
46 30 6.56
46 31 5.54
46 32 4.56
46 33 3.64
46 34 2.88
46 35 2.54
46 36 3.39
46 37 3.44
46 38 8.09
46 39 7.20
46 40 6.30
46 41 5.39
46 42 4.44
46 43 3.45
46 44 2.34
46 45 1.00
46 46 0.00
46 47 8.66
46 48 8.12
46 49 7.53
46 50 6.91
46 51 6.27
46 52 5.58
46 53 4.78
46 54 3.39
46 55 3.43
46 56 9.26
46 57 9.12
46 58 8.89
46 59 8.62
46 60 8.31
46 61 7.96
46 62 7.48
46 63 6.44
46 64 6.74
46 65 9.80
46 66 10.06
46 67 10.17
46 68 10.23
46 69 10.24
46 70 10.19
46 71 10.01
46 72 9.30
46 73 9.80
46 74 10.23
46 75 10.82
46 76 11.25
46 77 11.60
46 78 11.89
46 79 12.11
46 80 12.20
46 81 11.83
46 82 12.50
46 83 10.50
46 84 11.35
46 85 12.03
46 86 12.63
46 87 13.16
46 88 13.62
46 89 13.97
46 90 13.94
46 91 14.75
46 92 10.57
46 93 11.60
46 94 12.48
46 95 13.26
46 96 13.99
46 97 14.66
46 98 15.23
46 99 15.54
46 100 16.44
46 101 10.45
46 102 11.56
46 103 12.55
46 104 13.47
46 105 14.35
46 106 15.18
46 107 15.95
46 108 16.57
46 109 17.54
46 110 10.15
46 111 11.22
46 112 12.25
46 113 13.24
46 114 14.21
46 115 15.16
46 116 16.08
46 117 16.99
46 118 17.99
46 119 9.69
46 120 10.62
46 121 11.59
46 122 12.58
46 123 13.59
46 124 14.60
46 125 15.64
46 126 16.79
46 127 17.78
46 128 9.12
46 129 9.79
46 130 10.62
46 131 11.53
46 132 12.50
46 133 13.53
46 134 14.63
46 135 15.98
46 136 16.91
46 137 8.52
46 138 8.82
46 139 9.40
46 140 10.15
46 141 11.02
46 142 11.98
46 143 13.09
46 144 14.58
46 145 15.43
46 146 12.44
47 1 3.25
47 2 2.58
47 3 3.67
47 4 4.70
47 5 5.68
47 6 6.63
47 7 7.57
47 8 8.51
47 9 9.50
47 10 10.50
47 11 2.18
47 12 3.24
47 13 4.27
47 14 5.27
47 15 6.24
47 16 7.21
47 17 8.18
47 18 9.24
47 19 10.23
47 20 1.71
47 21 2.72
47 22 3.74
47 23 4.74
47 24 5.73
47 25 6.71
47 26 7.70
47 27 8.81
47 28 9.80
47 29 1.18
47 30 2.13
47 31 3.14
47 32 4.15
47 33 5.14
47 34 6.12
47 35 7.13
47 36 8.27
47 37 9.26
47 38 0.60
47 39 1.54
47 40 2.56
47 41 3.56
47 42 4.55
47 43 5.53
47 44 6.53
47 45 7.67
47 46 8.66
47 47 0.00
47 48 1.11
47 49 2.12
47 50 3.10
47 51 4.06
47 52 5.02
47 53 6.00
47 54 7.10
47 55 8.09
47 56 0.60
47 57 1.13
47 58 2.00
47 59 2.90
47 60 3.81
47 61 4.71
47 62 5.64
47 63 6.66
47 64 7.65
47 65 1.18
47 66 1.58
47 67 2.27
47 68 3.04
47 69 3.86
47 70 4.69
47 71 5.54
47 72 6.44
47 73 7.44
47 74 1.71
47 75 2.17
47 76 2.78
47 77 3.47
47 78 4.20
47 79 4.96
47 80 5.72
47 81 6.50
47 82 7.50
47 83 2.18
47 84 2.76
47 85 3.38
47 86 4.04
47 87 4.73
47 88 5.44
47 89 6.15
47 90 6.82
47 91 7.81
47 92 2.58
47 93 3.28
47 94 3.95
47 95 4.64
47 96 5.33
47 97 6.03
47 98 6.71
47 99 7.33
47 100 8.31
47 101 2.87
47 102 3.70
47 103 4.45
47 104 5.18
47 105 5.90
47 106 6.62
47 107 7.31
47 108 7.92
47 109 8.90
47 110 3.06
47 111 4.00
47 112 4.83
47 113 5.61
47 114 6.38
47 115 7.14
47 116 7.86
47 117 8.51
47 118 9.49
47 119 3.14
47 120 4.16
47 121 5.06
47 122 5.91
47 123 6.73
47 124 7.53
47 125 8.30
47 126 9.00
47 127 10.00
47 128 3.11
47 129 4.19
47 130 5.14
47 131 6.04
47 132 6.91
47 133 7.75
47 134 8.58
47 135 9.36
47 136 10.36
47 137 2.96
47 138 4.06
47 139 5.06
47 140 6.00
47 141 6.91
47 142 7.80
47 143 8.68
47 144 9.55
47 145 10.55
47 146 4.16
48 1 3.10
48 2 3.28
48 3 4.30
48 4 5.32
48 5 6.32
48 6 7.31
48 7 8.29
48 8 9.28
48 9 10.36
48 10 11.35
48 11 2.76
48 12 3.64
48 13 4.63
48 14 5.63
48 15 6.63
48 16 7.63
48 17 8.67
48 18 9.84
48 19 10.82
48 20 2.17
48 21 2.86
48 22 3.78
48 23 4.76
48 24 5.77
48 25 6.79
48 26 7.85
48 27 9.09
48 28 10.06
48 29 1.58
48 30 1.97
48 31 2.82
48 32 3.79
48 33 4.79
48 34 5.81
48 35 6.88
48 36 8.17
48 37 9.12
48 38 1.13
48 39 1.00
48 40 1.82
48 41 2.80
48 42 3.80
48 43 4.82
48 44 5.89
48 45 7.17
48 46 8.12
48 47 1.11
48 48 0.00
48 49 1.03
48 50 2.02
48 51 3.01
48 52 4.00
48 53 5.02
48 54 6.24
48 55 7.20
48 56 1.54
48 57 1.00
48 58 1.22
48 59 1.91
48 60 2.74
48 61 3.62
48 62 4.53
48 63 5.57
48 64 6.56
48 65 2.13
48 66 1.96
48 67 2.13
48 68 2.57
48 69 3.17
48 70 3.86
48 71 4.60
48 72 5.39
48 73 6.39
48 74 2.72
48 75 2.86
48 76 3.13
48 77 3.54
48 78 4.04
48 79 4.61
48 80 5.20
48 81 5.75
48 82 6.73
48 83 3.24
48 84 3.64
48 85 4.06
48 86 4.53
48 87 5.04
48 88 5.58
48 89 6.11
48 90 6.53
48 91 7.49
48 92 3.67
48 93 4.30
48 94 4.86
48 95 5.42
48 96 6.00
48 97 6.57
48 98 7.11
48 99 7.50
48 100 8.46
48 101 3.98
48 102 4.79
48 103 5.49
48 104 6.16
48 105 6.82
48 106 7.45
48 107 8.05
48 108 8.49
48 109 9.45
48 110 4.16
48 111 5.11
48 112 5.93
48 113 6.70
48 114 7.44
48 115 8.16
48 116 8.83
48 117 9.37
48 118 10.34
48 119 4.19
48 120 5.24
48 121 6.16
48 122 7.02
48 123 7.84
48 124 8.63
48 125 9.38
48 126 10.04
48 127 11.03
48 128 4.08
48 129 5.18
48 130 6.16
48 131 7.09
48 132 7.98
48 133 8.85
48 134 9.68
48 135 10.47
48 136 11.47
48 137 3.82
48 138 4.93
48 139 5.95
48 140 6.92
48 141 7.87
48 142 8.79
48 143 9.70
48 144 10.62
48 145 11.62
48 146 5.17
49 1 3.08
49 2 3.95
49 3 4.86
49 4 5.84
49 5 6.84
49 6 7.84
49 7 8.85
49 8 9.88
49 9 11.05
49 10 12.03
49 11 3.38
49 12 4.06
49 13 4.95
49 14 5.92
49 15 6.92
49 16 7.94
49 17 9.01
49 18 10.29
49 19 11.25
49 20 2.78
49 21 3.13
49 22 3.88
49 23 4.79
49 24 5.77
49 25 6.79
49 26 7.89
49 27 9.24
49 28 10.17
49 29 2.26
49 30 2.13
49 31 2.67
49 32 3.51
49 33 4.46
49 34 5.48
49 35 6.58
49 36 7.98
49 37 8.89
49 38 2.00
49 39 1.22
49 40 1.36
49 41 2.14
49 42 3.10
49 43 4.12
49 44 5.23
49 45 6.62
49 46 7.53
49 47 2.12
49 48 1.03
49 49 0.00
49 50 1.00
49 51 2.00
49 52 3.01
49 53 4.06
49 54 5.36
49 55 6.30
49 56 2.56
49 57 1.82
49 58 1.36
49 59 1.43
49 60 1.96
49 61 2.70
49 62 3.54
49 63 4.55
49 64 5.54
49 65 3.14
49 66 2.82
49 67 2.67
49 68 2.74
49 69 3.02
49 70 3.46
49 71 3.99
49 72 4.56
49 73 5.55
49 74 3.74
49 75 3.78
49 76 3.88
49 77 4.08
49 78 4.38
49 79 4.74
49 80 5.12
49 81 5.39
49 82 6.33
49 83 4.27
49 84 4.63
49 85 4.95
49 86 5.31
49 87 5.69
49 88 6.09
49 89 6.47
49 90 6.65
49 91 7.56
49 92 4.70
49 93 5.31
49 94 5.84
49 95 6.35
49 96 6.85
49 97 7.35
49 98 7.79
49 99 8.01
49 100 8.92
49 101 4.99
49 102 5.82
49 103 6.52
49 104 7.17
49 105 7.79
49 106 8.39
49 107 8.93
49 108 9.27
49 109 10.20
49 110 5.13
49 111 6.11
49 112 6.95
49 113 7.73
49 114 8.47
49 115 9.17
49 116 9.82
49 117 10.31
49 118 11.27
49 119 5.11
49 120 6.19
49 121 7.13
49 122 8.01
49 123 8.85
49 124 9.65
49 125 10.41
49 126 11.07
49 127 12.05
49 128 4.93
49 129 6.04
49 130 7.04
49 131 8.00
49 132 8.91
49 133 9.80
49 134 10.66
49 135 11.48
49 136 12.48
49 137 4.60
49 138 5.68
49 139 6.70
49 140 7.69
49 141 8.66
49 142 9.62
49 143 10.56
49 144 11.55
49 145 12.55
49 146 6.19
50 1 3.23
50 2 4.64
50 3 5.43
50 4 6.35
50 5 7.33
50 6 8.33
50 7 9.35
50 8 10.41
50 9 11.66
50 10 12.63
50 11 4.04
50 12 4.53
50 13 5.31
50 14 6.21
50 15 7.18
50 16 8.21
50 17 9.31
50 18 10.66
50 19 11.60
50 20 3.47
50 21 3.54
50 22 4.08
50 23 4.87
50 24 5.79
50 25 6.79
50 26 7.90
50 27 9.34
50 28 10.23
50 29 3.04
50 30 2.57
50 31 2.74
50 32 3.35
50 33 4.19
50 34 5.17
50 35 6.28
50 36 7.76
50 37 8.61
50 38 2.90
50 39 1.91
50 40 1.42
50 41 1.71
50 42 2.49
50 43 3.46
50 44 4.57
50 45 6.05
50 46 6.91
50 47 3.10
50 48 2.02
50 49 1.00
50 50 0.00
50 51 1.00
50 52 2.02
50 53 3.10
50 54 4.47
50 55 5.38
50 56 3.56
50 57 2.80
50 58 2.14
50 59 1.71
50 60 1.66
50 61 2.04
50 62 2.68
50 63 3.56
50 64 4.56
50 65 4.15
50 66 3.79
50 67 3.51
50 68 3.35
50 69 3.35
50 70 3.50
50 71 3.74
50 72 3.97
50 73 4.92
50 74 4.74
50 75 4.76
50 76 4.79
50 77 4.87
50 78 5.01
50 79 5.20
50 80 5.39
50 81 5.36
50 82 6.23
50 83 5.27
50 84 5.63
50 85 5.92
50 86 6.21
50 87 6.52
50 88 6.82
50 89 7.08
50 90 7.06
50 91 7.91
50 92 5.68
50 93 6.32
50 94 6.84
50 95 7.33
50 96 7.79
50 97 8.24
50 98 8.61
50 99 8.71
50 100 9.58
50 101 5.94
50 102 6.80
50 103 7.52
50 104 8.17
50 105 8.79
50 106 9.37
50 107 9.88
50 108 10.15
50 109 11.07
50 110 6.04
50 111 7.06
50 112 7.92
50 113 8.71
50 114 9.47
50 115 10.18
50 116 10.82
50 117 11.29
50 118 12.25
50 119 5.97
50 120 7.07
50 121 8.04
50 122 8.94
50 123 9.80
50 124 10.62
50 125 11.40
50 126 12.07
50 127 13.05
50 128 5.74
50 129 6.84
50 130 7.86
50 131 8.83
50 132 9.77
50 133 10.69
50 134 11.58
50 135 12.44
50 136 13.44
50 137 5.35
50 138 6.38
50 139 7.40
50 140 8.40
50 141 9.39
50 142 10.37
50 143 11.35
50 144 12.39
50 145 13.39
50 146 7.19
51 1 3.54
51 2 5.33
51 3 6.00
51 4 6.86
51 5 7.79
51 6 8.78
51 7 9.81
51 8 10.89
51 9 12.21
51 10 13.16
51 11 4.73
51 12 5.04
51 13 5.69
51 14 6.52
51 15 7.44
51 16 8.45
51 17 9.56
51 18 10.99
51 19 11.89
51 20 4.20
51 21 4.04
51 22 4.38
51 23 5.01
51 24 5.84
51 25 6.80
51 26 7.90
51 27 9.40
51 28 10.24
51 29 3.86
51 30 3.17
51 31 3.02
51 32 3.35
51 33 4.01
51 34 4.90
51 35 5.98
51 36 7.52
51 37 8.31
51 38 3.80
51 39 2.74
51 40 1.96
51 41 1.66
51 42 2.04
51 43 2.87
51 44 3.94
51 45 5.49
51 46 6.27
51 47 4.06
51 48 3.01
51 49 2.00
51 50 1.00
51 51 0.00
51 52 1.03
51 53 2.12
51 54 3.57
51 55 4.44
51 56 4.55
51 57 3.80
51 58 3.10
51 59 2.49
51 60 2.05
51 61 1.89
51 62 2.09
51 63 2.64
51 64 3.64
51 65 5.14
51 66 4.79
51 67 4.46
51 68 4.19
51 69 4.01
51 70 3.93
51 71 3.89
51 72 3.71
51 73 4.57
51 74 5.73
51 75 5.77
51 76 5.77
51 77 5.79
51 78 5.84
51 79 5.91
51 80 5.94
51 81 5.66
51 82 6.43
51 83 6.24
51 84 6.63
51 85 6.92
51 86 7.18
51 87 7.45
51 88 7.69
51 89 7.86
51 90 7.69
51 91 8.48
51 92 6.63
51 93 7.31
51 94 7.84
51 95 8.33
51 96 8.78
51 97 9.20
51 98 9.53
51 99 9.54
51 100 10.39
51 101 6.87
51 102 7.76
51 103 8.50
51 104 9.17
51 105 9.79
51 106 10.37
51 107 10.87
51 108 11.11
51 109 12.01
51 110 6.93
51 111 7.97
51 112 8.86
51 113 9.68
51 114 10.44
51 115 11.17
51 116 11.82
51 117 12.29
51 118 13.24
51 119 6.81
51 120 7.92
51 121 8.91
51 122 9.83
51 123 10.71
51 124 11.56
51 125 12.35
51 126 13.05
51 127 14.04
51 128 6.53
51 129 7.61
51 130 8.64
51 131 9.63
51 132 10.59
51 133 11.52
51 134 12.44
51 135 13.35
51 136 14.35
51 137 6.09
51 138 7.07
51 139 8.07
51 140 9.07
51 141 10.07
51 142 11.07
51 143 12.08
51 144 13.18
51 145 14.18
51 146 8.18
52 1 3.96
52 2 6.03
52 3 6.57
52 4 7.35
52 5 8.23
52 6 9.20
52 7 10.22
52 8 11.32
52 9 12.70
52 10 13.62
52 11 5.44
52 12 5.58
52 13 6.10
52 14 6.82
52 15 7.69
52 16 8.66
52 17 9.77
52 18 11.25
52 19 12.11
52 20 4.96
52 21 4.61
52 22 4.74
52 23 5.20
52 24 5.91
52 25 6.79
52 26 7.87
52 27 9.41
52 28 10.19
52 29 4.69
52 30 3.86
52 31 3.46
52 32 3.50
52 33 3.93
52 34 4.67
52 35 5.69
52 36 7.26
52 37 7.96
52 38 4.71
52 39 3.62
52 40 2.70
52 41 2.04
52 42 1.89
52 43 2.38
52 44 3.33
52 45 4.90
52 46 5.58
52 47 5.02
52 48 4.00
52 49 3.01
52 50 2.02
52 51 1.03
52 52 0.00
52 53 1.11
52 54 2.62
52 55 3.45
52 56 5.53
52 57 4.82
52 58 4.12
52 59 3.46
52 60 2.87
52 61 2.38
52 62 2.05
52 63 1.92
52 64 2.88
52 65 6.12
52 66 5.81
52 67 5.48
52 68 5.17
52 69 4.90
52 70 4.67
52 71 4.42
52 72 3.87
52 73 4.58
52 74 6.71
52 75 6.79
52 76 6.79
52 77 6.79
52 78 6.80
52 79 6.79
52 80 6.72
52 81 6.25
52 82 6.93
52 83 7.21
52 84 7.63
52 85 7.94
52 86 8.21
52 87 8.45
52 88 8.66
52 89 8.78
52 90 8.51
52 91 9.25
52 92 7.57
52 93 8.29
52 94 8.85
52 95 9.35
52 96 9.81
52 97 10.21
52 98 10.53
52 99 10.50
52 100 11.32
52 101 7.77
52 102 8.70
52 103 9.47
52 104 10.16
52 105 10.80
52 106 11.39
52 107 11.89
52 108 12.12
52 109 13.02
52 110 7.79
52 111 8.86
52 112 9.77
52 113 10.62
52 114 11.41
52 115 12.15
52 116 12.83
52 117 13.31
52 118 14.27
52 119 7.63
52 120 8.74
52 121 9.74
52 122 10.69
52 123 11.59
52 124 12.46
52 125 13.29
52 126 14.03
52 127 15.02
52 128 7.30
52 129 8.36
52 130 9.38
52 131 10.38
52 132 11.36
52 133 12.32
52 134 13.27
52 135 14.23
52 136 15.23
52 137 6.82
52 138 7.73
52 139 8.71
52 140 9.70
52 141 10.70
52 142 11.72
52 143 12.76
52 144 13.92
52 145 14.91
52 146 9.17
53 1 4.44
53 2 6.71
53 3 7.11
53 4 7.79
53 5 8.61
53 6 9.53
53 7 10.53
53 8 11.64
53 9 13.08
53 10 13.97
53 11 6.15
53 12 6.11
53 13 6.47
53 14 7.08
53 15 7.86
53 16 8.78
53 17 9.87
53 18 11.40
53 19 12.20
53 20 5.72
53 21 5.20
53 22 5.12
53 23 5.39
53 24 5.94
53 25 6.72
53 26 7.74
53 27 9.31
53 28 10.01
53 29 5.54
53 30 4.60
53 31 3.99
53 32 3.74
53 33 3.89
53 34 4.43
53 35 5.32
53 36 6.88
53 37 7.48
53 38 5.64
53 39 4.53
53 40 3.54
53 41 2.68
53 42 2.09
53 43 2.05
53 44 2.71
53 45 4.23
53 46 4.78
53 47 6.00
53 48 5.02
53 49 4.06
53 50 3.10
53 51 2.12
53 52 1.11
53 53 0.00
53 54 1.57
53 55 2.34
53 56 6.53
53 57 5.89
53 58 5.22
53 59 4.57
53 60 3.94
53 61 3.33
53 62 2.71
53 63 1.83
53 64 2.54
53 65 7.13
53 66 6.88
53 67 6.58
53 68 6.28
53 69 5.98
53 70 5.69
53 71 5.32
53 72 4.52
53 73 5.07
53 74 7.70
53 75 7.84
53 76 7.89
53 77 7.90
53 78 7.90
53 79 7.87
53 80 7.74
53 81 7.15
53 82 7.76
53 83 8.18
53 84 8.67
53 85 9.01
53 86 9.31
53 87 9.56
53 88 9.77
53 89 9.87
53 90 9.55
53 91 10.26
53 92 8.51
53 93 9.28
53 94 9.88
53 95 10.41
53 96 10.89
53 97 11.32
53 98 11.64
53 99 11.60
53 100 12.41
53 101 8.67
53 102 9.64
53 103 10.44
53 104 11.17
53 105 11.84
53 106 12.46
53 107 12.98
53 108 13.23
53 109 14.13
53 110 8.63
53 111 9.72
53 112 10.67
53 113 11.54
53 114 12.36
53 115 13.14
53 116 13.84
53 117 14.37
53 118 15.33
53 119 8.42
53 120 9.52
53 121 10.54
53 122 11.51
53 123 12.44
53 124 13.34
53 125 14.20
53 126 14.99
53 127 15.99
53 128 8.03
53 129 9.06
53 130 10.07
53 131 11.08
53 132 12.07
53 133 13.05
53 134 14.03
53 135 15.07
53 136 16.06
53 137 7.52
53 138 8.35
53 139 9.29
53 140 10.26
53 141 11.26
53 142 12.29
53 143 13.35
53 144 14.59
53 145 15.56
53 146 10.16
54 1 4.89
54 2 7.33
54 3 7.51
54 4 8.01
54 5 8.71
54 6 9.54
54 7 10.50
54 8 11.60
54 9 13.11
54 10 13.94
54 11 6.82
54 12 6.53
54 13 6.65
54 14 7.06
54 15 7.69
54 16 8.51
54 17 9.55
54 18 11.11
54 19 11.83
54 20 6.50
54 21 5.75
54 22 5.39
54 23 5.36
54 24 5.66
54 25 6.25
54 26 7.15
54 27 8.71
54 28 9.30
54 29 6.44
54 30 5.39
54 31 4.56
54 32 3.97
54 33 3.71
54 34 3.87
54 35 4.52
54 36 5.99
54 37 6.44
54 38 6.66
54 39 5.57
54 40 4.55
54 41 3.56
54 42 2.64
54 43 1.92
54 44 1.83
54 45 3.05
54 46 3.39
54 47 7.10
54 48 6.24
54 49 5.36
54 50 4.47
54 51 3.57
54 52 2.62
54 53 1.57
54 54 0.00
54 55 1.00
54 56 7.68
54 57 7.17
54 58 6.62
54 59 6.05
54 60 5.49
54 61 4.90
54 62 4.23
54 63 3.05
54 64 3.39
54 65 8.27
54 66 8.17
54 67 7.98
54 68 7.76
54 69 7.52
54 70 7.26
54 71 6.88
54 72 5.99
54 73 6.44
54 74 8.82
54 75 9.09
54 76 9.24
54 77 9.34
54 78 9.40
54 79 9.41
54 80 9.31
54 81 8.72
54 82 9.30
54 83 9.24
54 84 9.84
54 85 10.29
54 86 10.67
54 87 10.99
54 88 11.25
54 89 11.40
54 90 11.11
54 91 11.83
54 92 9.50
54 93 10.36
54 94 11.05
54 95 11.66
54 96 12.21
54 97 12.70
54 98 13.08
54 99 13.11
54 100 13.94
54 101 9.57
54 102 10.60
54 103 11.48
54 104 12.27
54 105 13.01
54 106 13.69
54 107 14.28
54 108 14.62
54 109 15.54
54 110 9.45
54 111 10.56
54 112 11.55
54 113 12.47
54 114 13.35
54 115 14.18
54 116 14.95
54 117 15.59
54 118 16.57
54 119 9.15
54 120 10.23
54 121 11.26
54 122 12.25
54 123 13.22
54 124 14.16
54 125 15.08
54 126 15.99
54 127 16.99
54 128 8.70
54 129 9.64
54 130 10.62
54 131 11.62
54 132 12.62
54 133 13.63
54 134 14.66
54 135 15.80
54 136 16.79
54 137 8.14
54 138 8.83
54 139 9.68
54 140 10.60
54 141 11.58
54 142 12.61
54 143 13.70
54 144 15.04
54 145 15.98
54 146 11.24
55 1 5.87
55 2 8.31
55 3 8.46
55 4 8.92
55 5 9.58
55 6 10.39
55 7 11.32
55 8 12.41
55 9 13.94
55 10 14.74
55 11 7.81
55 12 7.49
55 13 7.56
55 14 7.91
55 15 8.48
55 16 9.25
55 17 10.26
55 18 11.83
55 19 12.50
55 20 7.50
55 21 6.73
55 22 6.33
55 23 6.23
55 24 6.43
55 25 6.93
55 26 7.76
55 27 9.30
55 28 9.80
55 29 7.44
55 30 6.39
55 31 5.55
55 32 4.92
55 33 4.57
55 34 4.58
55 35 5.07
55 36 6.44
55 37 6.74
55 38 7.65
55 39 6.56
55 40 5.54
55 41 4.56
55 42 3.64
55 43 2.88
55 44 2.54
55 45 3.39
55 46 3.43
55 47 8.09
55 48 7.20
55 49 6.30
55 50 5.38
55 51 4.44
55 52 3.45
55 53 2.34
55 54 1.00
55 55 0.00
55 56 8.66
55 57 8.12
55 58 7.53
55 59 6.91
55 60 6.27
55 61 5.58
55 62 4.78
55 63 3.39
55 64 3.43
55 65 9.26
55 66 9.12
55 67 8.89
55 68 8.61
55 69 8.31
55 70 7.96
55 71 7.48
55 72 6.44
55 73 6.74
55 74 9.80
55 75 10.06
55 76 10.17
55 77 10.23
55 78 10.24
55 79 10.19
55 80 10.01
55 81 9.30
55 82 9.80
55 83 10.23
55 84 10.82
55 85 11.25
55 86 11.60
55 87 11.89
55 88 12.11
55 89 12.20
55 90 11.83
55 91 12.50
55 92 10.49
55 93 11.35
55 94 12.03
55 95 12.63
55 96 13.16
55 97 13.62
55 98 13.97
55 99 13.94
55 100 14.74
55 101 10.57
55 102 11.60
55 103 12.48
55 104 13.26
55 105 13.99
55 106 14.66
55 107 15.23
55 108 15.54
55 109 16.44
55 110 10.45
55 111 11.56
55 112 12.55
55 113 13.47
55 114 14.35
55 115 15.18
55 116 15.95
55 117 16.57
55 118 17.54
55 119 10.15
55 120 11.22
55 121 12.25
55 122 13.24
55 123 14.21
55 124 15.16
55 125 16.08
55 126 16.99
55 127 17.99
55 128 9.69
55 129 10.62
55 130 11.59
55 131 12.58
55 132 13.59
55 133 14.60
55 134 15.64
55 135 16.79
55 136 17.78
55 137 9.12
55 138 9.79
55 139 10.62
55 140 11.53
55 141 12.50
55 142 13.53
55 143 14.63
55 144 15.98
55 145 16.91
55 146 12.24
56 1 3.83
56 2 2.87
56 3 3.98
56 4 4.99
56 5 5.94
56 6 6.87
56 7 7.77
56 8 8.67
56 9 9.57
56 10 10.57
56 11 2.58
56 12 3.67
56 13 4.70
56 14 5.68
56 15 6.63
56 16 7.57
56 17 8.51
56 18 9.50
56 19 10.50
56 20 2.18
56 21 3.24
56 22 4.27
56 23 5.27
56 24 6.24
56 25 7.21
56 26 8.18
56 27 9.24
56 28 10.23
56 29 1.71
56 30 2.72
56 31 3.74
56 32 4.74
56 33 5.73
56 34 6.71
56 35 7.70
56 36 8.81
56 37 9.80
56 38 1.18
56 39 2.13
56 40 3.14
56 41 4.15
56 42 5.14
56 43 6.13
56 44 7.13
56 45 8.27
56 46 9.26
56 47 0.60
56 48 1.54
56 49 2.56
56 50 3.56
56 51 4.55
56 52 5.53
56 53 6.53
56 54 7.68
56 55 8.66
56 56 0.00
56 57 1.11
56 58 2.12
56 59 3.10
56 60 4.06
56 61 5.02
56 62 6.00
56 63 7.10
56 64 8.09
56 65 0.60
56 66 1.13
56 67 2.00
56 68 2.90
56 69 3.80
56 70 4.71
56 71 5.64
56 72 6.66
56 73 7.65
56 74 1.18
56 75 1.58
56 76 2.27
56 77 3.04
56 78 3.86
56 79 4.69
56 80 5.54
56 81 6.44
56 82 7.44
56 83 1.71
56 84 2.17
56 85 2.78
56 86 3.47
56 87 4.20
56 88 4.96
56 89 5.72
56 90 6.50
56 91 7.50
56 92 2.18
56 93 2.76
56 94 3.38
56 95 4.04
56 96 4.73
56 97 5.44
56 98 6.15
56 99 6.82
56 100 7.81
56 101 2.58
56 102 3.28
56 103 3.95
56 104 4.64
56 105 5.33
56 106 6.03
56 107 6.71
56 108 7.33
56 109 8.31
56 110 2.87
56 111 3.70
56 112 4.45
56 113 5.18
56 114 5.90
56 115 6.62
56 116 7.31
56 117 7.92
56 118 8.90
56 119 3.06
56 120 4.00
56 121 4.83
56 122 5.61
56 123 6.38
56 124 7.14
56 125 7.86
56 126 8.51
56 127 9.49
56 128 3.14
56 129 4.16
56 130 5.06
56 131 5.91
56 132 6.73
56 133 7.53
56 134 8.30
56 135 9.00
56 136 10.00
56 137 3.11
56 138 4.19
56 139 5.14
56 140 6.04
56 141 6.91
56 142 7.75
56 143 8.58
56 144 9.36
56 145 10.36
56 146 3.64
57 1 4.01
57 2 3.70
57 3 4.79
57 4 5.82
57 5 6.80
57 6 7.76
57 7 8.70
57 8 9.64
57 9 10.60
57 10 11.60
57 11 3.28
57 12 4.30
57 13 5.32
57 14 6.32
57 15 7.30
57 16 8.29
57 17 9.28
57 18 10.36
57 19 11.35
57 20 2.76
57 21 3.64
57 22 4.63
57 23 5.63
57 24 6.63
57 25 7.63
57 26 8.67
57 27 9.84
57 28 10.82
57 29 2.17
57 30 2.86
57 31 3.78
57 32 4.76
57 33 5.77
57 34 6.79
57 35 7.85
57 36 9.09
57 37 10.06
57 38 1.58
57 39 1.97
57 40 2.82
57 41 3.79
57 42 4.79
57 43 5.81
57 44 6.88
57 45 8.17
57 46 9.12
57 47 1.13
57 48 1.00
57 49 1.82
57 50 2.80
57 51 3.80
57 52 4.82
57 53 5.89
57 54 7.17
57 55 8.12
57 56 1.11
57 57 0.00
57 58 1.03
57 59 2.02
57 60 3.01
57 61 4.00
57 62 5.02
57 63 6.24
57 64 7.20
57 65 1.54
57 66 1.00
57 67 1.22
57 68 1.91
57 69 2.74
57 70 3.62
57 71 4.53
57 72 5.57
57 73 6.56
57 74 2.13
57 75 1.96
57 76 2.13
57 77 2.57
57 78 3.17
57 79 3.86
57 80 4.60
57 81 5.39
57 82 6.39
57 83 2.72
57 84 2.86
57 85 3.13
57 86 3.54
57 87 4.04
57 88 4.61
57 89 5.20
57 90 5.75
57 91 6.73
57 92 3.24
57 93 3.64
57 94 4.06
57 95 4.53
57 96 5.04
57 97 5.58
57 98 6.11
57 99 6.53
57 100 7.49
57 101 3.67
57 102 4.30
57 103 4.86
57 104 5.43
57 105 6.00
57 106 6.57
57 107 7.11
57 108 7.50
57 109 8.46
57 110 3.98
57 111 4.79
57 112 5.49
57 113 6.16
57 114 6.82
57 115 7.45
57 116 8.05
57 117 8.49
57 118 9.45
57 119 4.16
57 120 5.11
57 121 5.93
57 122 6.70
57 123 7.44
57 124 8.16
57 125 8.83
57 126 9.37
57 127 10.34
57 128 4.19
57 129 5.24
57 130 6.16
57 131 7.02
57 132 7.84
57 133 8.63
57 134 9.38
57 135 10.04
57 136 11.03
57 137 4.08
57 138 5.18
57 139 6.16
57 140 7.09
57 141 7.98
57 142 8.85
57 143 9.68
57 144 10.47
57 145 11.47
57 146 4.48
58 1 4.23
58 2 4.45
58 3 5.49
58 4 6.52
58 5 7.52
58 6 8.50
58 7 9.47
58 8 10.44
58 9 11.48
58 10 12.48
58 11 3.95
58 12 4.86
58 13 5.84
58 14 6.84
58 15 7.84
58 16 8.85
58 17 9.88
58 18 11.05
58 19 12.03
58 20 3.38
58 21 4.06
58 22 4.95
58 23 5.92
58 24 6.92
58 25 7.94
58 26 9.02
58 27 10.29
58 28 11.25
58 29 2.78
58 30 3.13
58 31 3.88
58 32 4.79
58 33 5.77
58 34 6.79
58 35 7.89
58 36 9.24
58 37 10.17
58 38 2.27
58 39 2.13
58 40 2.67
58 41 3.51
58 42 4.46
58 43 5.48
58 44 6.58
58 45 7.98
58 46 8.89
58 47 2.00
58 48 1.22
58 49 1.36
58 50 2.14
58 51 3.10
58 52 4.12
58 53 5.22
58 54 6.62
58 55 7.53
58 56 2.12
58 57 1.03
58 58 0.00
58 59 1.00
58 60 2.00
58 61 3.01
58 62 4.06
58 63 5.36
58 64 6.30
58 65 2.56
58 66 1.82
58 67 1.36
58 68 1.42
58 69 1.96
58 70 2.70
58 71 3.54
58 72 4.54
58 73 5.54
58 74 3.15
58 75 2.82
58 76 2.67
58 77 2.74
58 78 3.02
58 79 3.46
58 80 3.99
58 81 4.56
58 82 5.55
58 83 3.74
58 84 3.78
58 85 3.88
58 86 4.08
58 87 4.38
58 88 4.74
58 89 5.12
58 90 5.39
58 91 6.33
58 92 4.27
58 93 4.63
58 94 4.96
58 95 5.31
58 96 5.69
58 97 6.10
58 98 6.47
58 99 6.65
58 100 7.56
58 101 4.70
58 102 5.32
58 103 5.84
58 104 6.35
58 105 6.86
58 106 7.35
58 107 7.79
58 108 8.01
58 109 8.92
58 110 4.99
58 111 5.82
58 112 6.52
58 113 7.17
58 114 7.79
58 115 8.39
58 116 8.93
58 117 9.27
58 118 10.20
58 119 5.13
58 120 6.11
58 121 6.95
58 122 7.73
58 123 8.47
58 124 9.17
58 125 9.82
58 126 10.31
58 127 11.27
58 128 5.11
58 129 6.19
58 130 7.13
58 131 8.01
58 132 8.85
58 133 9.65
58 134 10.41
58 135 11.07
58 136 12.05
58 137 4.93
58 138 6.04
58 139 7.05
58 140 8.00
58 141 8.91
58 142 9.80
58 143 10.66
58 144 11.49
58 145 12.48
58 146 5.44
59 1 4.51
59 2 5.18
59 3 6.16
59 4 7.17
59 5 8.17
59 6 9.17
59 7 10.16
59 8 11.17
59 9 12.27
59 10 13.26
59 11 4.64
59 12 5.43
59 13 6.35
59 14 7.33
59 15 8.33
59 16 9.35
59 17 10.42
59 18 11.66
59 19 12.63
59 20 4.04
59 21 4.53
59 22 5.31
59 23 6.21
59 24 7.19
59 25 8.21
59 26 9.31
59 27 10.67
59 28 11.60
59 29 3.47
59 30 3.54
59 31 4.09
59 32 4.87
59 33 5.79
59 34 6.79
59 35 7.90
59 36 9.34
59 37 10.23
59 38 3.04
59 39 2.57
59 40 2.74
59 41 3.35
59 42 4.19
59 43 5.17
59 44 6.28
59 45 7.76
59 46 8.62
59 47 2.90
59 48 1.91
59 49 1.43
59 50 1.71
59 51 2.49
59 52 3.46
59 53 4.57
59 54 6.05
59 55 6.91
59 56 3.10
59 57 2.02
59 58 1.00
59 59 0.00
59 60 1.00
59 61 2.02
59 62 3.10
59 63 4.47
59 64 5.39
59 65 3.56
59 66 2.80
59 67 2.14
59 68 1.71
59 69 1.66
59 70 2.04
59 71 2.68
59 72 3.56
59 73 4.56
59 74 4.15
59 75 3.79
59 76 3.51
59 77 3.35
59 78 3.35
59 79 3.50
59 80 3.74
59 81 3.97
59 82 4.92
59 83 4.74
59 84 4.76
59 85 4.79
59 86 4.87
59 87 5.01
59 88 5.20
59 89 5.39
59 90 5.36
59 91 6.23
59 92 5.27
59 93 5.63
59 94 5.92
59 95 6.21
59 96 6.52
59 97 6.82
59 98 7.08
59 99 7.06
59 100 7.91
59 101 5.68
59 102 6.32
59 103 6.84
59 104 7.33
59 105 7.79
59 106 8.23
59 107 8.61
59 108 8.71
59 109 9.58
59 110 5.94
59 111 6.80
59 112 7.52
59 113 8.17
59 114 8.79
59 115 9.37
59 116 9.88
59 117 10.15
59 118 11.06
59 119 6.04
59 120 7.06
59 121 7.92
59 122 8.72
59 123 9.47
59 124 10.18
59 125 10.82
59 126 11.29
59 127 12.24
59 128 5.97
59 129 7.07
59 130 8.04
59 131 8.94
59 132 9.80
59 133 10.62
59 134 11.40
59 135 12.07
59 136 13.05
59 137 5.74
59 138 6.84
59 139 7.86
59 140 8.83
59 141 9.77
59 142 10.69
59 143 11.58
59 144 12.44
59 145 13.44
59 146 6.43
60 1 4.85
60 2 5.90
60 3 6.82
60 4 7.79
60 5 8.79
60 6 9.79
60 7 10.80
60 8 11.84
60 9 13.01
60 10 13.99
60 11 5.33
60 12 6.00
60 13 6.86
60 14 7.79
60 15 8.78
60 16 9.81
60 17 10.90
60 18 12.21
60 19 13.16
60 20 4.73
60 21 5.04
60 22 5.69
60 23 6.52
60 24 7.45
60 25 8.45
60 26 9.56
60 27 10.99
60 28 11.89
60 29 4.20
60 30 4.04
60 31 4.38
60 32 5.01
60 33 5.84
60 34 6.80
60 35 7.90
60 36 9.40
60 37 10.24
60 38 3.86
60 39 3.18
60 40 3.02
60 41 3.35
60 42 4.02
60 43 4.90
60 44 5.98
60 45 7.52
60 46 8.31
60 47 3.81
60 48 2.74
60 49 1.96
60 50 1.66
60 51 2.05
60 52 2.87
60 53 3.94
60 54 5.49
60 55 6.27
60 56 4.06
60 57 3.01
60 58 2.00
60 59 1.00
60 60 0.00
60 61 1.03
60 62 2.12
60 63 3.57
60 64 4.44
60 65 4.55
60 66 3.80
60 67 3.10
60 68 2.49
60 69 2.04
60 70 1.89
60 71 2.09
60 72 2.64
60 73 3.64
60 74 5.14
60 75 4.79
60 76 4.46
60 77 4.19
60 78 4.01
60 79 3.93
60 80 3.89
60 81 3.71
60 82 4.57
60 83 5.73
60 84 5.77
60 85 5.77
60 86 5.79
60 87 5.84
60 88 5.91
60 89 5.94
60 90 5.66
60 91 6.43
60 92 6.24
60 93 6.63
60 94 6.92
60 95 7.18
60 96 7.44
60 97 7.69
60 98 7.86
60 99 7.69
60 100 8.48
60 101 6.63
60 102 7.31
60 103 7.84
60 104 8.33
60 105 8.78
60 106 9.19
60 107 9.53
60 108 9.54
60 109 10.39
60 110 6.87
60 111 7.76
60 112 8.50
60 113 9.17
60 114 9.79
60 115 10.37
60 116 10.87
60 117 11.10
60 118 12.01
60 119 6.93
60 120 7.97
60 121 8.86
60 122 9.68
60 123 10.44
60 124 11.17
60 125 11.82
60 126 12.29
60 127 13.24
60 128 6.81
60 129 7.92
60 130 8.91
60 131 9.83
60 132 10.71
60 133 11.56
60 134 12.36
60 135 13.05
60 136 14.04
60 137 6.53
60 138 7.61
60 139 8.64
60 140 9.63
60 141 10.59
60 142 11.52
60 143 12.44
60 144 13.35
60 145 14.35
60 146 7.44
61 1 5.24
61 2 6.62
61 3 7.45
61 4 8.39
61 5 9.37
61 6 10.37
61 7 11.39
61 8 12.46
61 9 13.68
61 10 14.66
61 11 6.03
61 12 6.57
61 13 7.35
61 14 8.24
61 15 9.19
61 16 10.22
61 17 11.32
61 18 12.70
61 19 13.62
61 20 5.44
61 21 5.58
61 22 6.09
61 23 6.82
61 24 7.69
61 25 8.66
61 26 9.77
61 27 11.25
61 28 12.11
61 29 4.96
61 30 4.61
61 31 4.74
61 32 5.20
61 33 5.91
61 34 6.79
61 35 7.87
61 36 9.41
61 37 10.19
61 38 4.69
61 39 3.86
61 40 3.46
61 41 3.50
61 42 3.93
61 43 4.67
61 44 5.69
61 45 7.26
61 46 7.96
61 47 4.71
61 48 3.62
61 49 2.70
61 50 2.04
61 51 1.89
61 52 2.38
61 53 3.33
61 54 4.90
61 55 5.58
61 56 5.02
61 57 4.00
61 58 3.01
61 59 2.02
61 60 1.03
61 61 0.00
61 62 1.11
61 63 2.62
61 64 3.45
61 65 5.53
61 66 4.82
61 67 4.12
61 68 3.46
61 69 2.87
61 70 2.38
61 71 2.05
61 72 1.92
61 73 2.88
61 74 6.13
61 75 5.81
61 76 5.48
61 77 5.17
61 78 4.90
61 79 4.67
61 80 4.43
61 81 3.87
61 82 4.58
61 83 6.71
61 84 6.79
61 85 6.79
61 86 6.79
61 87 6.80
61 88 6.79
61 89 6.72
61 90 6.25
61 91 6.93
61 92 7.21
61 93 7.63
61 94 7.94
61 95 8.21
61 96 8.45
61 97 8.66
61 98 8.78
61 99 8.51
61 100 9.25
61 101 7.57
61 102 8.29
61 103 8.85
61 104 9.35
61 105 9.81
61 106 10.22
61 107 10.53
61 108 10.50
61 109 11.32
61 110 7.77
61 111 8.70
61 112 9.47
61 113 10.16
61 114 10.80
61 115 11.39
61 116 11.89
61 117 12.12
61 118 13.02
61 119 7.79
61 120 8.86
61 121 9.77
61 122 10.62
61 123 11.41
61 124 12.15
61 125 12.83
61 126 13.31
61 127 14.27
61 128 7.63
61 129 8.74
61 130 9.74
61 131 10.69
61 132 11.59
61 133 12.46
61 134 13.29
61 135 14.03
61 136 15.02
61 137 7.30
61 138 8.36
61 139 9.38
61 140 10.38
61 141 11.36
61 142 12.32
61 143 13.27
61 144 14.23
61 145 15.23
61 146 8.45
62 1 5.63
62 2 7.31
62 3 8.05
62 4 8.93
62 5 9.88
62 6 10.87
62 7 11.90
62 8 12.98
62 9 14.28
62 10 15.23
62 11 6.71
62 12 7.11
62 13 7.79
62 14 8.61
62 15 9.53
62 16 10.53
62 17 11.64
62 18 13.08
62 19 13.97
62 20 6.15
62 21 6.11
62 22 6.47
62 23 7.08
62 24 7.86
62 25 8.78
62 26 9.87
62 27 11.40
62 28 12.20
62 29 5.72
62 30 5.20
62 31 5.12
62 32 5.39
62 33 5.94
62 34 6.72
62 35 7.74
62 36 9.31
62 37 10.01
62 38 5.54
62 39 4.60
62 40 3.99
62 41 3.74
62 42 3.89
62 43 4.43
62 44 5.32
62 45 6.88
62 46 7.48
62 47 5.64
62 48 4.53
62 49 3.54
62 50 2.68
62 51 2.09
62 52 2.05
62 53 2.71
62 54 4.23
62 55 4.78
62 56 6.00
62 57 5.02
62 58 4.06
62 59 3.10
62 60 2.12
62 61 1.11
62 62 0.00
62 63 1.57
62 64 2.34
62 65 6.53
62 66 5.89
62 67 5.22
62 68 4.57
62 69 3.94
62 70 3.33
62 71 2.71
62 72 1.83
62 73 2.54
62 74 7.13
62 75 6.88
62 76 6.58
62 77 6.28
62 78 5.98
62 79 5.69
62 80 5.32
62 81 4.52
62 82 5.07
62 83 7.70
62 84 7.85
62 85 7.89
62 86 7.90
62 87 7.90
62 88 7.87
62 89 7.74
62 90 7.15
62 91 7.76
62 92 8.18
62 93 8.67
62 94 9.02
62 95 9.31
62 96 9.56
62 97 9.77
62 98 9.87
62 99 9.55
62 100 10.26
62 101 8.51
62 102 9.28
62 103 9.88
62 104 10.42
62 105 10.89
62 106 11.32
62 107 11.64
62 108 11.60
62 109 12.41
62 110 8.67
62 111 9.64
62 112 10.44
62 113 11.17
62 114 11.84
62 115 12.46
62 116 12.98
62 117 13.23
62 118 14.13
62 119 8.63
62 120 9.72
62 121 10.67
62 122 11.54
62 123 12.36
62 124 13.14
62 125 13.84
62 126 14.37
62 127 15.33
62 128 8.42
62 129 9.52
62 130 10.54
62 131 11.51
62 132 12.44
62 133 13.34
62 134 14.20
62 135 14.99
62 136 15.99
62 137 8.04
62 138 9.06
62 139 10.07
62 140 11.08
62 141 12.07
62 142 13.05
62 143 14.03
62 144 15.07
62 145 16.06
62 146 9.50
63 1 5.88
63 2 7.92
63 3 8.49
63 4 9.27
63 5 10.15
63 6 11.10
63 7 12.12
63 8 13.23
63 9 14.62
63 10 15.54
63 11 7.33
63 12 7.50
63 13 8.01
63 14 8.71
63 15 9.54
63 16 10.50
63 17 11.60
63 18 13.11
63 19 13.94
63 20 6.82
63 21 6.53
63 22 6.65
63 23 7.06
63 24 7.69
63 25 8.51
63 26 9.55
63 27 11.11
63 28 11.83
63 29 6.50
63 30 5.75
63 31 5.39
63 32 5.36
63 33 5.66
63 34 6.25
63 35 7.15
63 36 8.71
63 37 9.30
63 38 6.44
63 39 5.39
63 40 4.56
63 41 3.97
63 42 3.71
63 43 3.87
63 44 4.52
63 45 5.99
63 46 6.44
63 47 6.66
63 48 5.57
63 49 4.55
63 50 3.56
63 51 2.64
63 52 1.92
63 53 1.83
63 54 3.05
63 55 3.39
63 56 7.10
63 57 6.24
63 58 5.36
63 59 4.47
63 60 3.57
63 61 2.62
63 62 1.57
63 63 0.00
63 64 1.00
63 65 7.67
63 66 7.17
63 67 6.62
63 68 6.05
63 69 5.49
63 70 4.90
63 71 4.23
63 72 3.05
63 73 3.39
63 74 8.27
63 75 8.17
63 76 7.98
63 77 7.76
63 78 7.52
63 79 7.26
63 80 6.88
63 81 5.99
63 82 6.44
63 83 8.81
63 84 9.09
63 85 9.24
63 86 9.34
63 87 9.40
63 88 9.41
63 89 9.31
63 90 8.71
63 91 9.30
63 92 9.24
63 93 9.84
63 94 10.29
63 95 10.66
63 96 10.99
63 97 11.25
63 98 11.40
63 99 11.11
63 100 11.83
63 101 9.50
63 102 10.36
63 103 11.05
63 104 11.66
63 105 12.21
63 106 12.70
63 107 13.08
63 108 13.11
63 109 13.94
63 110 9.57
63 111 10.60
63 112 11.48
63 113 12.27
63 114 13.01
63 115 13.68
63 116 14.28
63 117 14.62
63 118 15.54
63 119 9.45
63 120 10.56
63 121 11.55
63 122 12.47
63 123 13.35
63 124 14.18
63 125 14.95
63 126 15.59
63 127 16.57
63 128 9.15
63 129 10.23
63 130 11.26
63 131 12.25
63 132 13.22
63 133 14.16
63 134 15.08
63 135 15.99
63 136 16.99
63 137 8.70
63 138 9.64
63 139 10.62
63 140 11.62
63 141 12.62
63 142 13.63
63 143 14.66
63 144 15.80
63 145 16.79
63 146 10.70
64 1 6.81
64 2 8.90
64 3 9.45
64 4 10.20
64 5 11.06
64 6 12.01
64 7 13.02
64 8 14.13
64 9 15.54
64 10 16.44
64 11 8.31
64 12 8.46
64 13 8.92
64 14 9.58
64 15 10.39
64 16 11.32
64 17 12.41
64 18 13.94
64 19 14.74
64 20 7.81
64 21 7.49
64 22 7.56
64 23 7.91
64 24 8.48
64 25 9.25
64 26 10.26
64 27 11.83
64 28 12.50
64 29 7.50
64 30 6.73
64 31 6.33
64 32 6.23
64 33 6.43
64 34 6.93
64 35 7.76
64 36 9.30
64 37 9.80
64 38 7.44
64 39 6.39
64 40 5.55
64 41 4.92
64 42 4.57
64 43 4.58
64 44 5.07
64 45 6.44
64 46 6.74
64 47 7.65
64 48 6.56
64 49 5.54
64 50 4.56
64 51 3.64
64 52 2.88
64 53 2.54
64 54 3.39
64 55 3.43
64 56 8.09
64 57 7.20
64 58 6.30
64 59 5.39
64 60 4.44
64 61 3.45
64 62 2.34
64 63 1.00
64 64 0.00
64 65 8.66
64 66 8.12
64 67 7.53
64 68 6.91
64 69 6.27
64 70 5.58
64 71 4.78
64 72 3.39
64 73 3.43
64 74 9.26
64 75 9.12
64 76 8.89
64 77 8.61
64 78 8.31
64 79 7.96
64 80 7.48
64 81 6.44
64 82 6.74
64 83 9.80
64 84 10.06
64 85 10.17
64 86 10.23
64 87 10.24
64 88 10.19
64 89 10.01
64 90 9.30
64 91 9.80
64 92 10.23
64 93 10.82
64 94 11.25
64 95 11.60
64 96 11.89
64 97 12.11
64 98 12.20
64 99 11.83
64 100 12.50
64 101 10.50
64 102 11.35
64 103 12.03
64 104 12.63
64 105 13.16
64 106 13.62
64 107 13.97
64 108 13.94
64 109 14.74
64 110 10.57
64 111 11.60
64 112 12.48
64 113 13.26
64 114 13.99
64 115 14.66
64 116 15.23
64 117 15.54
64 118 16.44
64 119 10.45
64 120 11.56
64 121 12.55
64 122 13.47
64 123 14.35
64 124 15.18
64 125 15.95
64 126 16.57
64 127 17.54
64 128 10.15
64 129 11.22
64 130 12.25
64 131 13.24
64 132 14.21
64 133 15.16
64 134 16.08
64 135 16.99
64 136 17.99
64 137 9.69
64 138 10.61
64 139 11.59
64 140 12.58
64 141 13.59
64 142 14.60
64 143 15.64
64 144 16.79
64 145 17.78
64 146 11.68
65 1 4.32
65 2 3.06
65 3 4.16
65 4 5.13
65 5 6.04
65 6 6.93
65 7 7.79
65 8 8.63
65 9 9.45
65 10 10.45
65 11 2.87
65 12 3.98
65 13 4.99
65 14 5.94
65 15 6.87
65 16 7.77
65 17 8.67
65 18 9.57
65 19 10.57
65 20 2.58
65 21 3.67
65 22 4.70
65 23 5.68
65 24 6.63
65 25 7.57
65 26 8.51
65 27 9.50
65 28 10.50
65 29 2.18
65 30 3.24
65 31 4.27
65 32 5.27
65 33 6.24
65 34 7.21
65 35 8.18
65 36 9.24
65 37 10.23
65 38 1.71
65 39 2.72
65 40 3.74
65 41 4.74
65 42 5.73
65 43 6.71
65 44 7.70
65 45 8.81
65 46 9.80
65 47 1.18
65 48 2.13
65 49 3.14
65 50 4.15
65 51 5.14
65 52 6.12
65 53 7.13
65 54 8.27
65 55 9.26
65 56 0.60
65 57 1.54
65 58 2.56
65 59 3.56
65 60 4.55
65 61 5.53
65 62 6.53
65 63 7.67
65 64 8.66
65 65 0.00
65 66 1.11
65 67 2.12
65 68 3.10
65 69 4.06
65 70 5.02
65 71 6.00
65 72 7.10
65 73 8.09
65 74 0.60
65 75 1.13
65 76 2.00
65 77 2.90
65 78 3.80
65 79 4.71
65 80 5.64
65 81 6.66
65 82 7.65
65 83 1.18
65 84 1.58
65 85 2.26
65 86 3.04
65 87 3.86
65 88 4.69
65 89 5.53
65 90 6.44
65 91 7.44
65 92 1.71
65 93 2.17
65 94 2.78
65 95 3.47
65 96 4.20
65 97 4.96
65 98 5.72
65 99 6.50
65 100 7.50
65 101 2.19
65 102 2.76
65 103 3.38
65 104 4.04
65 105 4.73
65 106 5.44
65 107 6.15
65 108 6.82
65 109 7.81
65 110 2.58
65 111 3.28
65 112 3.95
65 113 4.64
65 114 5.33
65 115 6.03
65 116 6.71
65 117 7.33
65 118 8.31
65 119 2.87
65 120 3.70
65 121 4.45
65 122 5.18
65 123 5.91
65 124 6.62
65 125 7.31
65 126 7.92
65 127 8.90
65 128 3.06
65 129 4.00
65 130 4.83
65 131 5.62
65 132 6.38
65 133 7.14
65 134 7.86
65 135 8.51
65 136 9.49
65 137 3.14
65 138 4.16
65 139 5.06
65 140 5.91
65 141 6.73
65 142 7.53
65 143 8.30
65 144 9.00
65 145 10.00
65 146 3.04
66 1 4.80
66 2 4.00
66 3 5.11
66 4 6.11
66 5 7.06
66 6 7.97
66 7 8.86
66 8 9.72
66 9 10.56
66 10 11.56
66 11 3.70
66 12 4.79
66 13 5.82
66 14 6.80
66 15 7.76
66 16 8.70
66 17 9.64
66 18 10.60
66 19 11.60
66 20 3.28
66 21 4.30
66 22 5.31
66 23 6.32
66 24 7.31
66 25 8.29
66 26 9.28
66 27 10.36
66 28 11.35
66 29 2.76
66 30 3.64
66 31 4.63
66 32 5.63
66 33 6.63
66 34 7.63
66 35 8.67
66 36 9.84
66 37 10.82
66 38 2.17
66 39 2.86
66 40 3.78
66 41 4.76
66 42 5.77
66 43 6.79
66 44 7.85
66 45 9.09
66 46 10.06
66 47 1.58
66 48 1.96
66 49 2.82
66 50 3.79
66 51 4.79
66 52 5.81
66 53 6.88
66 54 8.17
66 55 9.12
66 56 1.13
66 57 1.00
66 58 1.82
66 59 2.80
66 60 3.80
66 61 4.82
66 62 5.89
66 63 7.17
66 64 8.12
66 65 1.11
66 66 0.00
66 67 1.03
66 68 2.02
66 69 3.01
66 70 4.00
66 71 5.02
66 72 6.24
66 73 7.20
66 74 1.54
66 75 1.00
66 76 1.22
66 77 1.91
66 78 2.74
66 79 3.62
66 80 4.53
66 81 5.57
66 82 6.56
66 83 2.13
66 84 1.96
66 85 2.13
66 86 2.57
66 87 3.17
66 88 3.86
66 89 4.60
66 90 5.39
66 91 6.39
66 92 2.72
66 93 2.86
66 94 3.13
66 95 3.54
66 96 4.04
66 97 4.61
66 98 5.20
66 99 5.75
66 100 6.73
66 101 3.24
66 102 3.64
66 103 4.06
66 104 4.53
66 105 5.04
66 106 5.58
66 107 6.11
66 108 6.53
66 109 7.49
66 110 3.67
66 111 4.30
66 112 4.86
66 113 5.43
66 114 6.00
66 115 6.57
66 116 7.11
66 117 7.50
66 118 8.46
66 119 3.98
66 120 4.79
66 121 5.49
66 122 6.16
66 123 6.82
66 124 7.45
66 125 8.05
66 126 8.49
66 127 9.45
66 128 4.16
66 129 5.11
66 130 5.93
66 131 6.70
66 132 7.44
66 133 8.16
66 134 8.83
66 135 9.37
66 136 10.34
66 137 4.19
66 138 5.24
66 139 6.16
66 140 7.02
66 141 7.84
66 142 8.63
66 143 9.38
66 144 10.04
66 145 11.03
66 146 3.64
67 1 5.21
67 2 4.83
67 3 5.93
67 4 6.95
67 5 7.92
67 6 8.86
67 7 9.77
67 8 10.67
67 9 11.55
67 10 12.55
67 11 4.45
67 12 5.49
67 13 6.52
67 14 7.52
67 15 8.50
67 16 9.47
67 17 10.44
67 18 11.48
67 19 12.48
67 20 3.95
67 21 4.86
67 22 5.84
67 23 6.84
67 24 7.84
67 25 8.85
67 26 9.88
67 27 11.05
67 28 12.03
67 29 3.38
67 30 4.06
67 31 4.95
67 32 5.92
67 33 6.92
67 34 7.94
67 35 9.01
67 36 10.29
67 37 11.25
67 38 2.78
67 39 3.13
67 40 3.88
67 41 4.79
67 42 5.77
67 43 6.79
67 44 7.89
67 45 9.24
67 46 10.17
67 47 2.27
67 48 2.13
67 49 2.67
67 50 3.51
67 51 4.46
67 52 5.48
67 53 6.58
67 54 7.98
67 55 8.89
67 56 2.00
67 57 1.22
67 58 1.36
67 59 2.14
67 60 3.10
67 61 4.12
67 62 5.22
67 63 6.62
67 64 7.53
67 65 2.12
67 66 1.03
67 67 0.00
67 68 1.00
67 69 2.00
67 70 3.01
67 71 4.06
67 72 5.36
67 73 6.30
67 74 2.56
67 75 1.82
67 76 1.36
67 77 1.42
67 78 1.96
67 79 2.70
67 80 3.54
67 81 4.55
67 82 5.54
67 83 3.14
67 84 2.82
67 85 2.67
67 86 2.74
67 87 3.02
67 88 3.46
67 89 3.99
67 90 4.56
67 91 5.55
67 92 3.74
67 93 3.78
67 94 3.89
67 95 4.09
67 96 4.38
67 97 4.74
67 98 5.12
67 99 5.39
67 100 6.33
67 101 4.27
67 102 4.63
67 103 4.95
67 104 5.31
67 105 5.69
67 106 6.10
67 107 6.47
67 108 6.65
67 109 7.56
67 110 4.70
67 111 5.32
67 112 5.84
67 113 6.35
67 114 6.86
67 115 7.35
67 116 7.79
67 117 8.01
67 118 8.92
67 119 4.99
67 120 5.82
67 121 6.52
67 122 7.17
67 123 7.80
67 124 8.39
67 125 8.93
67 126 9.27
67 127 10.20
67 128 5.13
67 129 6.11
67 130 6.95
67 131 7.73
67 132 8.47
67 133 9.17
67 134 9.82
67 135 10.31
67 136 11.27
67 137 5.11
67 138 6.19
67 139 7.13
67 140 8.01
67 141 8.85
67 142 9.65
67 143 10.41
67 144 11.07
67 145 12.05
67 146 4.50
68 1 5.64
68 2 5.61
68 3 6.70
68 4 7.73
68 5 8.72
68 6 9.68
68 7 10.62
68 8 11.54
68 9 12.47
68 10 13.47
68 11 5.18
68 12 6.16
68 13 7.17
68 14 8.17
68 15 9.17
68 16 10.16
68 17 11.17
68 18 12.27
68 19 13.26
68 20 4.64
68 21 5.43
68 22 6.35
68 23 7.33
68 24 8.33
68 25 9.35
68 26 10.42
68 27 11.66
68 28 12.63
68 29 4.04
68 30 4.53
68 31 5.31
68 32 6.21
68 33 7.18
68 34 8.21
68 35 9.31
68 36 10.67
68 37 11.60
68 38 3.47
68 39 3.54
68 40 4.08
68 41 4.87
68 42 5.79
68 43 6.79
68 44 7.90
68 45 9.34
68 46 10.23
68 47 3.04
68 48 2.57
68 49 2.74
68 50 3.35
68 51 4.19
68 52 5.17
68 53 6.28
68 54 7.76
68 55 8.61
68 56 2.90
68 57 1.91
68 58 1.42
68 59 1.71
68 60 2.49
68 61 3.46
68 62 4.57
68 63 6.05
68 64 6.91
68 65 3.10
68 66 2.02
68 67 1.00
68 68 0.00
68 69 1.00
68 70 2.02
68 71 3.10
68 72 4.47
68 73 5.38
68 74 3.56
68 75 2.80
68 76 2.15
68 77 1.71
68 78 1.66
68 79 2.04
68 80 2.68
68 81 3.56
68 82 4.56
68 83 4.15
68 84 3.79
68 85 3.51
68 86 3.35
68 87 3.35
68 88 3.50
68 89 3.74
68 90 3.97
68 91 4.92
68 92 4.74
68 93 4.76
68 94 4.79
68 95 4.87
68 96 5.01
68 97 5.20
68 98 5.39
68 99 5.36
68 100 6.23
68 101 5.27
68 102 5.63
68 103 5.92
68 104 6.21
68 105 6.52
68 106 6.82
68 107 7.08
68 108 7.06
68 109 7.91
68 110 5.68
68 111 6.32
68 112 6.84
68 113 7.33
68 114 7.79
68 115 8.23
68 116 8.61
68 117 8.71
68 118 9.58
68 119 5.94
68 120 6.80
68 121 7.52
68 122 8.17
68 123 8.79
68 124 9.37
68 125 9.88
68 126 10.15
68 127 11.06
68 128 6.04
68 129 7.06
68 130 7.92
68 131 8.72
68 132 9.47
68 133 10.18
68 134 10.82
68 135 11.29
68 136 12.24
68 137 5.97
68 138 7.07
68 139 8.04
68 140 8.94
68 141 9.80
68 142 10.62
68 143 11.40
68 144 12.07
68 145 13.05
68 146 5.45
69 1 6.09
69 2 6.38
69 3 7.44
69 4 8.47
69 5 9.47
69 6 10.44
69 7 11.41
69 8 12.36
69 9 13.35
69 10 14.35
69 11 5.90
69 12 6.82
69 13 7.79
69 14 8.79
69 15 9.79
69 16 10.80
69 17 11.84
69 18 13.01
69 19 13.99
69 20 5.33
69 21 6.00
69 22 6.85
69 23 7.79
69 24 8.78
69 25 9.81
69 26 10.89
69 27 12.21
69 28 13.16
69 29 4.73
69 30 5.04
69 31 5.69
69 32 6.52
69 33 7.44
69 34 8.45
69 35 9.56
69 36 10.99
69 37 11.89
69 38 4.20
69 39 4.04
69 40 4.38
69 41 5.01
69 42 5.84
69 43 6.79
69 44 7.90
69 45 9.40
69 46 10.24
69 47 3.86
69 48 3.17
69 49 3.02
69 50 3.35
69 51 4.01
69 52 4.90
69 53 5.98
69 54 7.52
69 55 8.31
69 56 3.80
69 57 2.74
69 58 1.96
69 59 1.66
69 60 2.04
69 61 2.87
69 62 3.94
69 63 5.49
69 64 6.27
69 65 4.06
69 66 3.01
69 67 2.00
69 68 1.00
69 69 0.00
69 70 1.03
69 71 2.12
69 72 3.57
69 73 4.44
69 74 4.55
69 75 3.80
69 76 3.10
69 77 2.49
69 78 2.05
69 79 1.89
69 80 2.09
69 81 2.64
69 82 3.64
69 83 5.14
69 84 4.79
69 85 4.46
69 86 4.19
69 87 4.02
69 88 3.93
69 89 3.89
69 90 3.71
69 91 4.57
69 92 5.73
69 93 5.77
69 94 5.77
69 95 5.79
69 96 5.84
69 97 5.91
69 98 5.94
69 99 5.66
69 100 6.43
69 101 6.24
69 102 6.63
69 103 6.92
69 104 7.19
69 105 7.45
69 106 7.69
69 107 7.86
69 108 7.69
69 109 8.48
69 110 6.63
69 111 7.30
69 112 7.84
69 113 8.33
69 114 8.78
69 115 9.19
69 116 9.53
69 117 9.54
69 118 10.39
69 119 6.87
69 120 7.76
69 121 8.50
69 122 9.17
69 123 9.79
69 124 10.37
69 125 10.87
69 126 11.10
69 127 12.01
69 128 6.93
69 129 7.97
69 130 8.86
69 131 9.68
69 132 10.44
69 133 11.17
69 134 11.82
69 135 12.29
69 136 13.24
69 137 6.81
69 138 7.92
69 139 8.91
69 140 9.83
69 141 10.71
69 142 11.56
69 143 12.36
69 144 13.05
69 145 14.04
69 146 6.45
70 1 6.53
70 2 7.14
70 3 8.16
70 4 9.17
70 5 10.18
70 6 11.17
70 7 12.15
70 8 13.14
70 9 14.18
70 10 15.18
70 11 6.62
70 12 7.45
70 13 8.39
70 14 9.37
70 15 10.37
70 16 11.39
70 17 12.46
70 18 13.68
70 19 14.66
70 20 6.03
70 21 6.57
70 22 7.35
70 23 8.23
70 24 9.19
70 25 10.21
70 26 11.32
70 27 12.70
70 28 13.62
70 29 5.44
70 30 5.58
70 31 6.09
70 32 6.82
70 33 7.69
70 34 8.66
70 35 9.77
70 36 11.25
70 37 12.11
70 38 4.96
70 39 4.61
70 40 4.74
70 41 5.20
70 42 5.91
70 43 6.79
70 44 7.87
70 45 9.41
70 46 10.19
70 47 4.69
70 48 3.86
70 49 3.46
70 50 3.50
70 51 3.93
70 52 4.67
70 53 5.69
70 54 7.26
70 55 7.96
70 56 4.71
70 57 3.62
70 58 2.70
70 59 2.04
70 60 1.89
70 61 2.38
70 62 3.33
70 63 4.90
70 64 5.58
70 65 5.02
70 66 4.00
70 67 3.01
70 68 2.02
70 69 1.03
70 70 0.00
70 71 1.11
70 72 2.62
70 73 3.45
70 74 5.53
70 75 4.82
70 76 4.12
70 77 3.46
70 78 2.87
70 79 2.38
70 80 2.05
70 81 1.92
70 82 2.88
70 83 6.12
70 84 5.81
70 85 5.48
70 86 5.17
70 87 4.90
70 88 4.67
70 89 4.43
70 90 3.87
70 91 4.58
70 92 6.71
70 93 6.79
70 94 6.79
70 95 6.79
70 96 6.80
70 97 6.79
70 98 6.72
70 99 6.25
70 100 6.93
70 101 7.21
70 102 7.63
70 103 7.94
70 104 8.21
70 105 8.45
70 106 8.66
70 107 8.78
70 108 8.51
70 109 9.25
70 110 7.57
70 111 8.29
70 112 8.85
70 113 9.35
70 114 9.81
70 115 10.21
70 116 10.53
70 117 10.50
70 118 11.32
70 119 7.77
70 120 8.70
70 121 9.47
70 122 10.16
70 123 10.80
70 124 11.39
70 125 11.89
70 126 12.12
70 127 13.02
70 128 7.79
70 129 8.86
70 130 9.77
70 131 10.62
70 132 11.41
70 133 12.15
70 134 12.83
70 135 13.31
70 136 14.27
70 137 7.63
70 138 8.74
70 139 9.74
70 140 10.69
70 141 11.59
70 142 12.46
70 143 13.29
70 144 14.03
70 145 15.02
70 146 7.47
71 1 6.95
71 2 7.86
71 3 8.83
71 4 9.82
71 5 10.82
71 6 11.82
71 7 12.83
71 8 13.84
71 9 14.95
71 10 15.95
71 11 7.31
71 12 8.05
71 13 8.93
71 14 9.88
71 15 10.87
71 16 11.89
71 17 12.98
71 18 14.28
71 19 15.23
71 20 6.71
71 21 7.11
71 22 7.79
71 23 8.61
71 24 9.53
71 25 10.53
71 26 11.64
71 27 13.08
71 28 13.97
71 29 6.15
71 30 6.11
71 31 6.47
71 32 7.08
71 33 7.86
71 34 8.78
71 35 9.87
71 36 11.40
71 37 12.20
71 38 5.72
71 39 5.20
71 40 5.12
71 41 5.39
71 42 5.94
71 43 6.72
71 44 7.74
71 45 9.31
71 46 10.01
71 47 5.54
71 48 4.60
71 49 3.99
71 50 3.74
71 51 3.89
71 52 4.42
71 53 5.32
71 54 6.88
71 55 7.48
71 56 5.64
71 57 4.53
71 58 3.54
71 59 2.68
71 60 2.09
71 61 2.05
71 62 2.71
71 63 4.23
71 64 4.78
71 65 6.00
71 66 5.02
71 67 4.06
71 68 3.10
71 69 2.12
71 70 1.11
71 71 0.00
71 72 1.57
71 73 2.34
71 74 6.53
71 75 5.89
71 76 5.22
71 77 4.57
71 78 3.94
71 79 3.33
71 80 2.71
71 81 1.83
71 82 2.54
71 83 7.13
71 84 6.88
71 85 6.58
71 86 6.28
71 87 5.98
71 88 5.69
71 89 5.32
71 90 4.52
71 91 5.07
71 92 7.70
71 93 7.84
71 94 7.89
71 95 7.90
71 96 7.90
71 97 7.87
71 98 7.74
71 99 7.15
71 100 7.76
71 101 8.18
71 102 8.67
71 103 9.01
71 104 9.31
71 105 9.56
71 106 9.77
71 107 9.87
71 108 9.55
71 109 10.26
71 110 8.51
71 111 9.28
71 112 9.88
71 113 10.41
71 114 10.89
71 115 11.32
71 116 11.64
71 117 11.60
71 118 12.41
71 119 8.67
71 120 9.64
71 121 10.44
71 122 11.17
71 123 11.84
71 124 12.45
71 125 12.98
71 126 13.23
71 127 14.13
71 128 8.63
71 129 9.72
71 130 10.67
71 131 11.54
71 132 12.36
71 133 13.14
71 134 13.84
71 135 14.37
71 136 15.33
71 137 8.42
71 138 9.52
71 139 10.54
71 140 11.51
71 141 12.44
71 142 13.34
71 143 14.20
71 144 14.99
71 145 15.99
71 146 8.55
72 1 7.16
72 2 8.51
72 3 9.37
72 4 10.31
72 5 11.29
72 6 12.29
72 7 13.31
72 8 14.37
72 9 15.59
72 10 16.57
72 11 7.92
72 12 8.49
72 13 9.27
72 14 10.15
72 15 11.10
72 16 12.12
72 17 13.23
72 18 14.62
72 19 15.54
72 20 7.33
72 21 7.50
72 22 8.01
72 23 8.71
72 24 9.54
72 25 10.50
72 26 11.60
72 27 13.11
72 28 13.94
72 29 6.82
72 30 6.53
72 31 6.65
72 32 7.06
72 33 7.69
72 34 8.51
72 35 9.55
72 36 11.11
72 37 11.83
72 38 6.50
72 39 5.75
72 40 5.39
72 41 5.36
72 42 5.66
72 43 6.25
72 44 7.15
72 45 8.71
72 46 9.30
72 47 6.44
72 48 5.39
72 49 4.56
72 50 3.97
72 51 3.71
72 52 3.87
72 53 4.52
72 54 5.99
72 55 6.44
72 56 6.66
72 57 5.57
72 58 4.54
72 59 3.56
72 60 2.64
72 61 1.92
72 62 1.83
72 63 3.05
72 64 3.39
72 65 7.10
72 66 6.24
72 67 5.36
72 68 4.47
72 69 3.57
72 70 2.62
72 71 1.57
72 72 0.00
72 73 1.00
72 74 7.68
72 75 7.17
72 76 6.62
72 77 6.05
72 78 5.49
72 79 4.90
72 80 4.23
72 81 3.05
72 82 3.39
72 83 8.27
72 84 8.17
72 85 7.98
72 86 7.76
72 87 7.52
72 88 7.26
72 89 6.88
72 90 5.99
72 91 6.44
72 92 8.81
72 93 9.09
72 94 9.24
72 95 9.34
72 96 9.40
72 97 9.41
72 98 9.31
72 99 8.71
72 100 9.30
72 101 9.24
72 102 9.84
72 103 10.29
72 104 10.67
72 105 10.99
72 106 11.25
72 107 11.40
72 108 11.11
72 109 11.83
72 110 9.50
72 111 10.36
72 112 11.05
72 113 11.66
72 114 12.21
72 115 12.70
72 116 13.08
72 117 13.11
72 118 13.94
72 119 9.57
72 120 10.60
72 121 11.48
72 122 12.27
72 123 13.01
72 124 13.68
72 125 14.28
72 126 14.62
72 127 15.54
72 128 9.45
72 129 10.56
72 130 11.55
72 131 12.47
72 132 13.35
72 133 14.18
72 134 14.95
72 135 15.59
72 136 16.57
72 137 9.15
72 138 10.23
72 139 11.26
72 140 12.25
72 141 13.22
72 142 14.16
72 143 15.08
72 144 15.99
72 145 16.99
72 146 9.85
73 1 8.07
73 2 9.49
73 3 10.34
73 4 11.27
73 5 12.24
73 6 13.24
73 7 14.27
73 8 15.33
73 9 16.57
73 10 17.54
73 11 8.90
73 12 9.45
73 13 10.20
73 14 11.06
73 15 12.01
73 16 13.02
73 17 14.13
73 18 15.53
73 19 16.44
73 20 8.31
73 21 8.46
73 22 8.92
73 23 9.58
73 24 10.39
73 25 11.32
73 26 12.41
73 27 13.94
73 28 14.74
73 29 7.81
73 30 7.49
73 31 7.56
73 32 7.91
73 33 8.48
73 34 9.25
73 35 10.26
73 36 11.83
73 37 12.50
73 38 7.50
73 39 6.73
73 40 6.33
73 41 6.23
73 42 6.43
73 43 6.93
73 44 7.76
73 45 9.30
73 46 9.80
73 47 7.44
73 48 6.39
73 49 5.55
73 50 4.92
73 51 4.57
73 52 4.58
73 53 5.07
73 54 6.44
73 55 6.74
73 56 7.65
73 57 6.56
73 58 5.54
73 59 4.56
73 60 3.64
73 61 2.88
73 62 2.54
73 63 3.39
73 64 3.43
73 65 8.09
73 66 7.20
73 67 6.30
73 68 5.38
73 69 4.44
73 70 3.45
73 71 2.34
73 72 1.00
73 73 0.00
73 74 8.66
73 75 8.12
73 76 7.53
73 77 6.91
73 78 6.27
73 79 5.58
73 80 4.78
73 81 3.39
73 82 3.43
73 83 9.26
73 84 9.12
73 85 8.89
73 86 8.61
73 87 8.31
73 88 7.96
73 89 7.48
73 90 6.44
73 91 6.74
73 92 9.80
73 93 10.06
73 94 10.17
73 95 10.23
73 96 10.24
73 97 10.19
73 98 10.01
73 99 9.30
73 100 9.80
73 101 10.23
73 102 10.82
73 103 11.25
73 104 11.60
73 105 11.89
73 106 12.11
73 107 12.20
73 108 11.83
73 109 12.50
73 110 10.49
73 111 11.35
73 112 12.03
73 113 12.63
73 114 13.16
73 115 13.62
73 116 13.97
73 117 13.94
73 118 14.74
73 119 10.57
73 120 11.60
73 121 12.48
73 122 13.26
73 123 13.99
73 124 14.66
73 125 15.23
73 126 15.54
73 127 16.44
73 128 10.45
73 129 11.56
73 130 12.55
73 131 13.47
73 132 14.35
73 133 15.18
73 134 15.95
73 135 16.57
73 136 17.54
73 137 10.15
73 138 11.22
73 139 12.25
73 140 13.24
73 141 14.21
73 142 15.16
73 143 16.08
73 144 16.99
73 145 17.99
73 146 10.80
74 1 4.70
74 2 3.14
74 3 4.19
74 4 5.11
74 5 5.97
74 6 6.81
74 7 7.63
74 8 8.42
74 9 9.15
74 10 10.15
74 11 3.06
74 12 4.16
74 13 5.13
74 14 6.04
74 15 6.93
74 16 7.79
74 17 8.63
74 18 9.45
74 19 10.45
74 20 2.87
74 21 3.98
74 22 4.99
74 23 5.94
74 24 6.87
74 25 7.77
74 26 8.67
74 27 9.57
74 28 10.57
74 29 2.58
74 30 3.67
74 31 4.70
74 32 5.68
74 33 6.63
74 34 7.57
74 35 8.51
74 36 9.50
74 37 10.50
74 38 2.19
74 39 3.24
74 40 4.27
74 41 5.27
74 42 6.24
74 43 7.21
74 44 8.18
74 45 9.24
74 46 10.23
74 47 1.71
74 48 2.72
74 49 3.74
74 50 4.74
74 51 5.73
74 52 6.71
74 53 7.70
74 54 8.82
74 55 9.80
74 56 1.18
74 57 2.13
74 58 3.15
74 59 4.15
74 60 5.14
74 61 6.13
74 62 7.13
74 63 8.27
74 64 9.26
74 65 0.60
74 66 1.54
74 67 2.56
74 68 3.56
74 69 4.55
74 70 5.53
74 71 6.53
74 72 7.68
74 73 8.66
74 74 0.00
74 75 1.11
74 76 2.12
74 77 3.10
74 78 4.06
74 79 5.02
74 80 6.00
74 81 7.11
74 82 8.09
74 83 0.60
74 84 1.13
74 85 2.00
74 86 2.90
74 87 3.80
74 88 4.71
74 89 5.64
74 90 6.66
74 91 7.66
74 92 1.18
74 93 1.58
74 94 2.27
74 95 3.04
74 96 3.86
74 97 4.69
74 98 5.54
74 99 6.44
74 100 7.44
74 101 1.71
74 102 2.17
74 103 2.78
74 104 3.47
74 105 4.20
74 106 4.96
74 107 5.72
74 108 6.50
74 109 7.50
74 110 2.18
74 111 2.76
74 112 3.38
74 113 4.04
74 114 4.73
74 115 5.44
74 116 6.15
74 117 6.82
74 118 7.81
74 119 2.58
74 120 3.28
74 121 3.95
74 122 4.64
74 123 5.33
74 124 6.03
74 125 6.71
74 126 7.33
74 127 8.31
74 128 2.87
74 129 3.70
74 130 4.45
74 131 5.18
74 132 5.90
74 133 6.62
74 134 7.31
74 135 7.92
74 136 8.90
74 137 3.06
74 138 4.00
74 139 4.83
74 140 5.61
74 141 6.38
74 142 7.14
74 143 7.86
74 144 8.50
74 145 9.49
74 146 2.46
75 1 5.41
75 2 4.16
75 3 5.24
75 4 6.18
75 5 7.07
75 6 7.92
75 7 8.74
75 8 9.52
75 9 10.23
75 10 11.22
75 11 4.00
75 12 5.11
75 13 6.11
75 14 7.06
75 15 7.97
75 16 8.86
75 17 9.72
75 18 10.56
75 19 11.56
75 20 3.70
75 21 4.79
75 22 5.82
75 23 6.80
75 24 7.76
75 25 8.70
75 26 9.64
75 27 10.60
75 28 11.60
75 29 3.28
75 30 4.30
75 31 5.31
75 32 6.32
75 33 7.30
75 34 8.29
75 35 9.28
75 36 10.36
75 37 11.35
75 38 2.76
75 39 3.64
75 40 4.63
75 41 5.62
75 42 6.63
75 43 7.63
75 44 8.67
75 45 9.84
75 46 10.82
75 47 2.17
75 48 2.86
75 49 3.78
75 50 4.76
75 51 5.77
75 52 6.79
75 53 7.84
75 54 9.09
75 55 10.06
75 56 1.58
75 57 1.96
75 58 2.82
75 59 3.79
75 60 4.79
75 61 5.81
75 62 6.88
75 63 8.17
75 64 9.12
75 65 1.13
75 66 1.00
75 67 1.82
75 68 2.80
75 69 3.80
75 70 4.82
75 71 5.89
75 72 7.17
75 73 8.12
75 74 1.11
75 75 0.00
75 76 1.03
75 77 2.02
75 78 3.01
75 79 4.00
75 80 5.02
75 81 6.24
75 82 7.20
75 83 1.54
75 84 1.00
75 85 1.22
75 86 1.91
75 87 2.74
75 88 3.62
75 89 4.53
75 90 5.57
75 91 6.56
75 92 2.13
75 93 1.96
75 94 2.13
75 95 2.57
75 96 3.18
75 97 3.86
75 98 4.60
75 99 5.39
75 100 6.39
75 101 2.72
75 102 2.86
75 103 3.13
75 104 3.54
75 105 4.04
75 106 4.61
75 107 5.20
75 108 5.75
75 109 6.73
75 110 3.24
75 111 3.64
75 112 4.06
75 113 4.53
75 114 5.04
75 115 5.58
75 116 6.11
75 117 6.53
75 118 7.49
75 119 3.67
75 120 4.30
75 121 4.86
75 122 5.43
75 123 6.00
75 124 6.57
75 125 7.11
75 126 7.50
75 127 8.46
75 128 3.98
75 129 4.79
75 130 5.49
75 131 6.16
75 132 6.82
75 133 7.45
75 134 8.05
75 135 8.49
75 136 9.45
75 137 4.16
75 138 5.11
75 139 5.93
75 140 6.70
75 141 7.44
75 142 8.16
75 143 8.83
75 144 9.37
75 145 10.34
75 146 2.68
76 1 6.01
76 2 5.06
76 3 6.16
76 4 7.13
76 5 8.04
76 6 8.91
76 7 9.74
76 8 10.54
76 9 11.26
76 10 12.25
76 11 4.83
76 12 5.93
76 13 6.95
76 14 7.92
76 15 8.86
76 16 9.77
76 17 10.67
76 18 11.55
76 19 12.55
76 20 4.45
76 21 5.49
76 22 6.52
76 23 7.52
76 24 8.50
76 25 9.47
76 26 10.44
76 27 11.48
76 28 12.48
76 29 3.95
76 30 4.86
76 31 5.84
76 32 6.84
76 33 7.84
76 34 8.85
76 35 9.88
76 36 11.05
76 37 12.03
76 38 3.38
76 39 4.06
76 40 4.95
76 41 5.92
76 42 6.92
76 43 7.94
76 44 9.02
76 45 10.29
76 46 11.25
76 47 2.78
76 48 3.13
76 49 3.88
76 50 4.79
76 51 5.77
76 52 6.79
76 53 7.89
76 54 9.24
76 55 10.17
76 56 2.27
76 57 2.13
76 58 2.67
76 59 3.51
76 60 4.46
76 61 5.48
76 62 6.58
76 63 7.98
76 64 8.89
76 65 2.00
76 66 1.22
76 67 1.36
76 68 2.15
76 69 3.10
76 70 4.12
76 71 5.22
76 72 6.62
76 73 7.53
76 74 2.12
76 75 1.03
76 76 0.00
76 77 1.00
76 78 2.00
76 79 3.01
76 80 4.06
76 81 5.36
76 82 6.30
76 83 2.56
76 84 1.82
76 85 1.36
76 86 1.42
76 87 1.96
76 88 2.70
76 89 3.54
76 90 4.54
76 91 5.54
76 92 3.14
76 93 2.82
76 94 2.67
76 95 2.74
76 96 3.02
76 97 3.46
76 98 3.99
76 99 4.56
76 100 5.55
76 101 3.74
76 102 3.78
76 103 3.88
76 104 4.08
76 105 4.38
76 106 4.74
76 107 5.12
76 108 5.39
76 109 6.33
76 110 4.27
76 111 4.63
76 112 4.95
76 113 5.31
76 114 5.69
76 115 6.09
76 116 6.47
76 117 6.65
76 118 7.56
76 119 4.70
76 120 5.32
76 121 5.84
76 122 6.35
76 123 6.85
76 124 7.35
76 125 7.79
76 126 8.01
76 127 8.92
76 128 4.99
76 129 5.82
76 130 6.52
76 131 7.17
76 132 7.79
76 133 8.39
76 134 8.93
76 135 9.27
76 136 10.20
76 137 5.13
76 138 6.11
76 139 6.95
76 140 7.73
76 141 8.47
76 142 9.17
76 143 9.82
76 144 10.31
76 145 11.27
76 146 3.39
77 1 6.58
77 2 5.91
77 3 7.02
77 4 8.01
77 5 8.94
77 6 9.83
77 7 10.69
77 8 11.51
77 9 12.25
77 10 13.24
77 11 5.61
77 12 6.70
77 13 7.73
77 14 8.72
77 15 9.67
77 16 10.62
77 17 11.54
77 18 12.47
77 19 13.47
77 20 5.18
77 21 6.16
77 22 7.17
77 23 8.17
77 24 9.17
77 25 10.16
77 26 11.17
77 27 12.27
77 28 13.26
77 29 4.64
77 30 5.43
77 31 6.35
77 32 7.33
77 33 8.33
77 34 9.35
77 35 10.42
77 36 11.66
77 37 12.63
77 38 4.04
77 39 4.53
77 40 5.31
77 41 6.21
77 42 7.18
77 43 8.21
77 44 9.31
77 45 10.67
77 46 11.60
77 47 3.47
77 48 3.54
77 49 4.08
77 50 4.87
77 51 5.79
77 52 6.79
77 53 7.90
77 54 9.34
77 55 10.23
77 56 3.04
77 57 2.57
77 58 2.74
77 59 3.35
77 60 4.19
77 61 5.17
77 62 6.28
77 63 7.76
77 64 8.61
77 65 2.90
77 66 1.91
77 67 1.42
77 68 1.71
77 69 2.49
77 70 3.46
77 71 4.57
77 72 6.05
77 73 6.91
77 74 3.10
77 75 2.02
77 76 1.00
77 77 0.00
77 78 1.00
77 79 2.02
77 80 3.10
77 81 4.47
77 82 5.38
77 83 3.56
77 84 2.80
77 85 2.14
77 86 1.71
77 87 1.66
77 88 2.04
77 89 2.68
77 90 3.56
77 91 4.56
77 92 4.15
77 93 3.79
77 94 3.51
77 95 3.35
77 96 3.35
77 97 3.50
77 98 3.74
77 99 3.97
77 100 4.92
77 101 4.74
77 102 4.76
77 103 4.79
77 104 4.87
77 105 5.01
77 106 5.20
77 107 5.39
77 108 5.36
77 109 6.23
77 110 5.27
77 111 5.63
77 112 5.92
77 113 6.21
77 114 6.52
77 115 6.82
77 116 7.08
77 117 7.06
77 118 7.91
77 119 5.68
77 120 6.32
77 121 6.84
77 122 7.33
77 123 7.79
77 124 8.23
77 125 8.61
77 126 8.71
77 127 9.58
77 128 5.94
77 129 6.80
77 130 7.52
77 131 8.17
77 132 8.79
77 133 9.37
77 134 9.88
77 135 10.15
77 136 11.06
77 137 6.04
77 138 7.06
77 139 7.92
77 140 8.72
77 141 9.47
77 142 10.18
77 143 10.82
77 144 11.29
77 145 12.24
77 146 4.29
78 1 7.14
78 2 6.73
78 3 7.84
78 4 8.85
78 5 9.80
78 6 10.71
78 7 11.59
78 8 12.44
78 9 13.22
78 10 14.21
78 11 6.38
78 12 7.44
78 13 8.47
78 14 9.47
78 15 10.44
78 16 11.41
78 17 12.36
78 18 13.35
78 19 14.35
78 20 5.90
78 21 6.82
78 22 7.79
78 23 8.79
78 24 9.79
78 25 10.80
78 26 11.84
78 27 13.01
78 28 13.99
78 29 5.33
78 30 6.00
78 31 6.85
78 32 7.79
78 33 8.78
78 34 9.81
78 35 10.89
78 36 12.21
78 37 13.16
78 38 4.73
78 39 5.04
78 40 5.69
78 41 6.52
78 42 7.44
78 43 8.45
78 44 9.56
78 45 10.99
78 46 11.89
78 47 4.20
78 48 4.04
78 49 4.38
78 50 5.01
78 51 5.84
78 52 6.80
78 53 7.90
78 54 9.40
78 55 10.24
78 56 3.86
78 57 3.17
78 58 3.02
78 59 3.35
78 60 4.01
78 61 4.90
78 62 5.98
78 63 7.52
78 64 8.31
78 65 3.80
78 66 2.74
78 67 1.96
78 68 1.66
78 69 2.05
78 70 2.87
78 71 3.94
78 72 5.49
78 73 6.27
78 74 4.06
78 75 3.01
78 76 2.00
78 77 1.00
78 78 0.00
78 79 1.03
78 80 2.12
78 81 3.57
78 82 4.44
78 83 4.55
78 84 3.80
78 85 3.10
78 86 2.49
78 87 2.04
78 88 1.89
78 89 2.09
78 90 2.64
78 91 3.64
78 92 5.14
78 93 4.79
78 94 4.46
78 95 4.19
78 96 4.01
78 97 3.93
78 98 3.89
78 99 3.71
78 100 4.57
78 101 5.73
78 102 5.77
78 103 5.77
78 104 5.79
78 105 5.84
78 106 5.91
78 107 5.94
78 108 5.66
78 109 6.43
78 110 6.24
78 111 6.63
78 112 6.92
78 113 7.18
78 114 7.44
78 115 7.69
78 116 7.86
78 117 7.69
78 118 8.48
78 119 6.63
78 120 7.30
78 121 7.84
78 122 8.33
78 123 8.78
78 124 9.19
78 125 9.53
78 126 9.54
78 127 10.39
78 128 6.87
78 129 7.76
78 130 8.50
78 131 9.17
78 132 9.79
78 133 10.37
78 134 10.87
78 135 11.10
78 136 12.01
78 137 6.93
78 138 7.97
78 139 8.86
78 140 9.67
78 141 10.44
78 142 11.17
78 143 11.82
78 144 12.29
78 145 13.24
78 146 5.26
79 1 7.69
79 2 7.53
79 3 8.63
79 4 9.65
79 5 10.62
79 6 11.56
79 7 12.46
79 8 13.34
79 9 14.16
79 10 15.16
79 11 7.14
79 12 8.16
79 13 9.17
79 14 10.18
79 15 11.17
79 16 12.15
79 17 13.14
79 18 14.18
79 19 15.18
79 20 6.62
79 21 7.46
79 22 8.39
79 23 9.37
79 24 10.37
79 25 11.39
79 26 12.46
79 27 13.69
79 28 14.66
79 29 6.03
79 30 6.57
79 31 7.35
79 32 8.24
79 33 9.19
79 34 10.21
79 35 11.32
79 36 12.70
79 37 13.62
79 38 5.44
79 39 5.58
79 40 6.09
79 41 6.82
79 42 7.69
79 43 8.66
79 44 9.77
79 45 11.25
79 46 12.11
79 47 4.96
79 48 4.61
79 49 4.74
79 50 5.20
79 51 5.91
79 52 6.79
79 53 7.87
79 54 9.41
79 55 10.19
79 56 4.69
79 57 3.86
79 58 3.46
79 59 3.50
79 60 3.93
79 61 4.67
79 62 5.69
79 63 7.26
79 64 7.96
79 65 4.71
79 66 3.62
79 67 2.70
79 68 2.04
79 69 1.89
79 70 2.38
79 71 3.33
79 72 4.90
79 73 5.58
79 74 5.02
79 75 4.00
79 76 3.01
79 77 2.02
79 78 1.03
79 79 0.00
79 80 1.11
79 81 2.62
79 82 3.45
79 83 5.53
79 84 4.82
79 85 4.12
79 86 3.46
79 87 2.87
79 88 2.38
79 89 2.05
79 90 1.92
79 91 2.88
79 92 6.13
79 93 5.81
79 94 5.48
79 95 5.17
79 96 4.90
79 97 4.67
79 98 4.43
79 99 3.87
79 100 4.58
79 101 6.71
79 102 6.79
79 103 6.79
79 104 6.79
79 105 6.80
79 106 6.79
79 107 6.72
79 108 6.25
79 109 6.93
79 110 7.21
79 111 7.63
79 112 7.94
79 113 8.21
79 114 8.45
79 115 8.66
79 116 8.78
79 117 8.51
79 118 9.25
79 119 7.57
79 120 8.29
79 121 8.85
79 122 9.35
79 123 9.81
79 124 10.22
79 125 10.53
79 126 10.50
79 127 11.32
79 128 7.77
79 129 8.70
79 130 9.47
79 131 10.16
79 132 10.80
79 133 11.39
79 134 11.90
79 135 12.12
79 136 13.02
79 137 7.79
79 138 8.86
79 139 9.77
79 140 10.62
79 141 11.41
79 142 12.15
79 143 12.83
79 144 13.31
79 145 14.27
79 146 6.29
80 1 8.17
80 2 8.30
80 3 9.38
80 4 10.41
80 5 11.40
80 6 12.36
80 7 13.29
80 8 14.20
80 9 15.09
80 10 16.08
80 11 7.86
80 12 8.83
80 13 9.82
80 14 10.82
80 15 11.82
80 16 12.83
80 17 13.85
80 18 14.95
80 19 15.95
80 20 7.31
80 21 8.05
80 22 8.93
80 23 9.88
80 24 10.87
80 25 11.90
80 26 12.98
80 27 14.28
80 28 15.23
80 29 6.71
80 30 7.11
80 31 7.79
80 32 8.61
80 33 9.53
80 34 10.53
80 35 11.64
80 36 13.08
80 37 13.97
80 38 6.15
80 39 6.11
80 40 6.47
80 41 7.08
80 42 7.86
80 43 8.78
80 44 9.87
80 45 11.40
80 46 12.20
80 47 5.72
80 48 5.20
80 49 5.12
80 50 5.39
80 51 5.94
80 52 6.72
80 53 7.74
80 54 9.31
80 55 10.01
80 56 5.54
80 57 4.60
80 58 3.99
80 59 3.74
80 60 3.89
80 61 4.43
80 62 5.32
80 63 6.88
80 64 7.48
80 65 5.64
80 66 4.53
80 67 3.54
80 68 2.68
80 69 2.09
80 70 2.05
80 71 2.71
80 72 4.23
80 73 4.78
80 74 6.00
80 75 5.02
80 76 4.06
80 77 3.10
80 78 2.12
80 79 1.11
80 80 0.00
80 81 1.57
80 82 2.34
80 83 6.53
80 84 5.89
80 85 5.23
80 86 4.57
80 87 3.94
80 88 3.33
80 89 2.71
80 90 1.83
80 91 2.54
80 92 7.13
80 93 6.88
80 94 6.58
80 95 6.28
80 96 5.98
80 97 5.69
80 98 5.32
80 99 4.52
80 100 5.07
80 101 7.70
80 102 7.85
80 103 7.89
80 104 7.90
80 105 7.90
80 106 7.87
80 107 7.74
80 108 7.15
80 109 7.76
80 110 8.18
80 111 8.67
80 112 9.01
80 113 9.31
80 114 9.56
80 115 9.77
80 116 9.87
80 117 9.55
80 118 10.26
80 119 8.51
80 120 9.28
80 121 9.88
80 122 10.42
80 123 10.90
80 124 11.32
80 125 11.64
80 126 11.60
80 127 12.41
80 128 8.67
80 129 9.64
80 130 10.44
80 131 11.17
80 132 11.84
80 133 12.46
80 134 12.98
80 135 13.23
80 136 14.13
80 137 8.64
80 138 9.72
80 139 10.67
80 140 11.54
80 141 12.36
80 142 13.14
80 143 13.85
80 144 14.37
80 145 15.33
80 146 7.38
81 1 8.45
81 2 9.00
81 3 10.05
81 4 11.07
81 5 12.07
81 6 13.05
81 7 14.03
81 8 15.00
81 9 15.99
81 10 16.99
81 11 8.51
81 12 9.37
81 13 10.31
81 14 11.29
81 15 12.29
81 16 13.31
81 17 14.38
81 18 15.59
81 19 16.57
81 20 7.92
81 21 8.49
81 22 9.27
81 23 10.15
81 24 11.11
81 25 12.12
81 26 13.23
81 27 14.62
81 28 15.54
81 29 7.33
81 30 7.51
81 31 8.01
81 32 8.71
81 33 9.54
81 34 10.50
81 35 11.60
81 36 13.11
81 37 13.94
81 38 6.82
81 39 6.53
81 40 6.65
81 41 7.06
81 42 7.69
81 43 8.51
81 44 9.55
81 45 11.11
81 46 11.83
81 47 6.50
81 48 5.75
81 49 5.39
81 50 5.36
81 51 5.66
81 52 6.25
81 53 7.15
81 54 8.72
81 55 9.30
81 56 6.44
81 57 5.39
81 58 4.56
81 59 3.97
81 60 3.71
81 61 3.87
81 62 4.52
81 63 5.99
81 64 6.44
81 65 6.66
81 66 5.57
81 67 4.55
81 68 3.56
81 69 2.64
81 70 1.92
81 71 1.83
81 72 3.05
81 73 3.39
81 74 7.11
81 75 6.24
81 76 5.36
81 77 4.47
81 78 3.57
81 79 2.62
81 80 1.57
81 81 0.00
81 82 1.00
81 83 7.68
81 84 7.17
81 85 6.62
81 86 6.05
81 87 5.49
81 88 4.90
81 89 4.23
81 90 3.05
81 91 3.39
81 92 8.27
81 93 8.17
81 94 7.98
81 95 7.76
81 96 7.52
81 97 7.26
81 98 6.88
81 99 5.99
81 100 6.44
81 101 8.82
81 102 9.09
81 103 9.24
81 104 9.34
81 105 9.40
81 106 9.41
81 107 9.31
81 108 8.71
81 109 9.30
81 110 9.24
81 111 9.84
81 112 10.29
81 113 10.67
81 114 10.99
81 115 11.25
81 116 11.40
81 117 11.11
81 118 11.83
81 119 9.50
81 120 10.36
81 121 11.05
81 122 11.66
81 123 12.21
81 124 12.70
81 125 13.08
81 126 13.11
81 127 13.94
81 128 9.57
81 129 10.61
81 130 11.48
81 131 12.27
81 132 13.01
81 133 13.69
81 134 14.28
81 135 14.62
81 136 15.54
81 137 9.45
81 138 10.56
81 139 11.55
81 140 12.47
81 141 13.35
81 142 14.18
81 143 14.96
81 144 15.59
81 145 16.57
81 146 8.74
82 1 9.38
82 2 10.00
82 3 11.03
82 4 12.05
82 5 13.05
82 6 14.04
82 7 15.02
82 8 15.99
82 9 16.99
82 10 17.99
82 11 9.49
82 12 10.34
82 13 11.27
82 14 12.25
82 15 13.24
82 16 14.27
82 17 15.33
82 18 16.57
82 19 17.54
82 20 8.90
82 21 9.45
82 22 10.20
82 23 11.06
82 24 12.01
82 25 13.02
82 26 14.13
82 27 15.54
82 28 16.44
82 29 8.31
82 30 8.46
82 31 8.92
82 32 9.58
82 33 10.39
82 34 11.32
82 35 12.41
82 36 13.94
82 37 14.74
82 38 7.81
82 39 7.49
82 40 7.56
82 41 7.91
82 42 8.48
82 43 9.25
82 44 10.26
82 45 11.83
82 46 12.50
82 47 7.50
82 48 6.73
82 49 6.33
82 50 6.23
82 51 6.43
82 52 6.93
82 53 7.76
82 54 9.30
82 55 9.80
82 56 7.44
82 57 6.39
82 58 5.55
82 59 4.92
82 60 4.57
82 61 4.58
82 62 5.07
82 63 6.44
82 64 6.74
82 65 7.65
82 66 6.56
82 67 5.54
82 68 4.56
82 69 3.64
82 70 2.88
82 71 2.54
82 72 3.39
82 73 3.43
82 74 8.09
82 75 7.20
82 76 6.30
82 77 5.38
82 78 4.44
82 79 3.45
82 80 2.34
82 81 1.00
82 82 0.00
82 83 8.66
82 84 8.12
82 85 7.53
82 86 6.91
82 87 6.27
82 88 5.58
82 89 4.78
82 90 3.39
82 91 3.43
82 92 9.26
82 93 9.12
82 94 8.89
82 95 8.61
82 96 8.31
82 97 7.96
82 98 7.48
82 99 6.44
82 100 6.74
82 101 9.80
82 102 10.06
82 103 10.17
82 104 10.23
82 105 10.24
82 106 10.19
82 107 10.01
82 108 9.30
82 109 9.80
82 110 10.23
82 111 10.82
82 112 11.25
82 113 11.60
82 114 11.89
82 115 12.11
82 116 12.20
82 117 11.83
82 118 12.50
82 119 10.50
82 120 11.35
82 121 12.03
82 122 12.63
82 123 13.16
82 124 13.62
82 125 13.97
82 126 13.94
82 127 14.74
82 128 10.57
82 129 11.60
82 130 12.48
82 131 13.26
82 132 13.99
82 133 14.66
82 134 15.23
82 135 15.54
82 136 16.44
82 137 10.45
82 138 11.56
82 139 12.55
82 140 13.47
82 141 14.35
82 142 15.18
82 143 15.95
82 144 16.57
82 145 17.54
82 146 9.67
83 1 4.93
83 2 3.11
83 3 4.08
83 4 4.93
83 5 5.74
83 6 6.53
83 7 7.30
83 8 8.03
83 9 8.70
83 10 9.69
83 11 3.14
83 12 4.19
83 13 5.11
83 14 5.97
83 15 6.81
83 16 7.63
83 17 8.42
83 18 9.15
83 19 10.15
83 20 3.06
83 21 4.16
83 22 5.13
83 23 6.04
83 24 6.93
83 25 7.79
83 26 8.63
83 27 9.45
83 28 10.45
83 29 2.87
83 30 3.98
83 31 4.99
83 32 5.94
83 33 6.87
83 34 7.77
83 35 8.67
83 36 9.57
83 37 10.57
83 38 2.58
83 39 3.67
83 40 4.70
83 41 5.68
83 42 6.63
83 43 7.57
83 44 8.51
83 45 9.50
83 46 10.50
83 47 2.18
83 48 3.24
83 49 4.27
83 50 5.27
83 51 6.24
83 52 7.21
83 53 8.18
83 54 9.24
83 55 10.23
83 56 1.71
83 57 2.72
83 58 3.74
83 59 4.74
83 60 5.73
83 61 6.71
83 62 7.70
83 63 8.81
83 64 9.80
83 65 1.18
83 66 2.13
83 67 3.14
83 68 4.15
83 69 5.14
83 70 6.12
83 71 7.13
83 72 8.27
83 73 9.26
83 74 0.60
83 75 1.54
83 76 2.56
83 77 3.56
83 78 4.55
83 79 5.53
83 80 6.53
83 81 7.68
83 82 8.66
83 83 0.00
83 84 1.11
83 85 2.12
83 86 3.10
83 87 4.06
83 88 5.02
83 89 6.00
83 90 7.10
83 91 8.09
83 92 0.60
83 93 1.13
83 94 2.00
83 95 2.90
83 96 3.81
83 97 4.71
83 98 5.64
83 99 6.66
83 100 7.65
83 101 1.18
83 102 1.58
83 103 2.26
83 104 3.04
83 105 3.86
83 106 4.69
83 107 5.54
83 108 6.44
83 109 7.44
83 110 1.71
83 111 2.17
83 112 2.78
83 113 3.47
83 114 4.20
83 115 4.96
83 116 5.72
83 117 6.50
83 118 7.50
83 119 2.18
83 120 2.76
83 121 3.38
83 122 4.04
83 123 4.73
83 124 5.44
83 125 6.15
83 126 6.82
83 127 7.81
83 128 2.58
83 129 3.28
83 130 3.95
83 131 4.64
83 132 5.33
83 133 6.03
83 134 6.71
83 135 7.33
83 136 8.31
83 137 2.87
83 138 3.70
83 139 4.45
83 140 5.18
83 141 5.90
83 142 6.62
83 143 7.31
83 144 7.92
83 145 8.90
83 146 2.01
84 1 5.83
84 2 4.19
84 3 5.18
84 4 6.04
84 5 6.84
84 6 7.61
84 7 8.36
84 8 9.06
84 9 9.64
84 10 10.62
84 11 4.16
84 12 5.24
84 13 6.19
84 14 7.07
84 15 7.92
84 16 8.74
84 17 9.52
84 18 10.23
84 19 11.22
84 20 4.00
84 21 5.11
84 22 6.11
84 23 7.06
84 24 7.97
84 25 8.86
84 26 9.72
84 27 10.56
84 28 11.56
84 29 3.70
84 30 4.79
84 31 5.82
84 32 6.80
84 33 7.76
84 34 8.70
84 35 9.64
84 36 10.60
84 37 11.60
84 38 3.28
84 39 4.30
84 40 5.31
84 41 6.32
84 42 7.30
84 43 8.29
84 44 9.28
84 45 10.36
84 46 11.35
84 47 2.76
84 48 3.64
84 49 4.63
84 50 5.63
84 51 6.63
84 52 7.63
84 53 8.67
84 54 9.84
84 55 10.82
84 56 2.17
84 57 2.86
84 58 3.78
84 59 4.76
84 60 5.77
84 61 6.79
84 62 7.85
84 63 9.09
84 64 10.06
84 65 1.58
84 66 1.96
84 67 2.82
84 68 3.79
84 69 4.79
84 70 5.81
84 71 6.88
84 72 8.17
84 73 9.12
84 74 1.13
84 75 1.00
84 76 1.82
84 77 2.80
84 78 3.80
84 79 4.82
84 80 5.89
84 81 7.17
84 82 8.12
84 83 1.11
84 84 0.00
84 85 1.03
84 86 2.02
84 87 3.01
84 88 4.00
84 89 5.02
84 90 6.23
84 91 7.20
84 92 1.54
84 93 1.00
84 94 1.22
84 95 1.91
84 96 2.74
84 97 3.62
84 98 4.53
84 99 5.57
84 100 6.56
84 101 2.13
84 102 1.97
84 103 2.13
84 104 2.57
84 105 3.17
84 106 3.86
84 107 4.60
84 108 5.39
84 109 6.39
84 110 2.72
84 111 2.86
84 112 3.13
84 113 3.54
84 114 4.04
84 115 4.61
84 116 5.20
84 117 5.75
84 118 6.73
84 119 3.24
84 120 3.64
84 121 4.06
84 122 4.53
84 123 5.04
84 124 5.58
84 125 6.11
84 126 6.53
84 127 7.49
84 128 3.67
84 129 4.30
84 130 4.86
84 131 5.43
84 132 6.00
84 133 6.57
84 134 7.11
84 135 7.50
84 136 8.46
84 137 3.98
84 138 4.79
84 139 5.49
84 140 6.16
84 141 6.82
84 142 7.45
84 143 8.05
84 144 8.49
84 145 9.45
84 146 1.68
85 1 6.59
85 2 5.14
85 3 6.16
85 4 7.04
85 5 7.86
85 6 8.64
85 7 9.38
85 8 10.07
85 9 10.62
85 10 11.59
85 11 5.06
85 12 6.16
85 13 7.13
85 14 8.04
85 15 8.91
85 16 9.74
85 17 10.54
85 18 11.26
85 19 12.25
85 20 4.83
85 21 5.93
85 22 6.95
85 23 7.92
85 24 8.86
85 25 9.77
85 26 10.67
85 27 11.55
85 28 12.55
85 29 4.45
85 30 5.49
85 31 6.52
85 32 7.52
85 33 8.50
85 34 9.47
85 35 10.44
85 36 11.48
85 37 12.48
85 38 3.95
85 39 4.86
85 40 5.84
85 41 6.84
85 42 7.84
85 43 8.85
85 44 9.88
85 45 11.05
85 46 12.03
85 47 3.38
85 48 4.06
85 49 4.95
85 50 5.92
85 51 6.92
85 52 7.94
85 53 9.01
85 54 10.29
85 55 11.25
85 56 2.78
85 57 3.13
85 58 3.88
85 59 4.79
85 60 5.77
85 61 6.79
85 62 7.89
85 63 9.24
85 64 10.17
85 65 2.26
85 66 2.13
85 67 2.67
85 68 3.51
85 69 4.46
85 70 5.48
85 71 6.58
85 72 7.98
85 73 8.89
85 74 2.00
85 75 1.22
85 76 1.36
85 77 2.14
85 78 3.10
85 79 4.12
85 80 5.23
85 81 6.62
85 82 7.53
85 83 2.12
85 84 1.03
85 85 0.00
85 86 1.00
85 87 2.00
85 88 3.01
85 89 4.06
85 90 5.36
85 91 6.30
85 92 2.56
85 93 1.82
85 94 1.36
85 95 1.42
85 96 1.96
85 97 2.70
85 98 3.54
85 99 4.54
85 100 5.54
85 101 3.14
85 102 2.82
85 103 2.67
85 104 2.74
85 105 3.02
85 106 3.46
85 107 3.99
85 108 4.56
85 109 5.55
85 110 3.74
85 111 3.78
85 112 3.88
85 113 4.08
85 114 4.38
85 115 4.74
85 116 5.12
85 117 5.39
85 118 6.33
85 119 4.27
85 120 4.63
85 121 4.95
85 122 5.31
85 123 5.69
85 124 6.10
85 125 6.47
85 126 6.65
85 127 7.56
85 128 4.70
85 129 5.31
85 130 5.84
85 131 6.35
85 132 6.86
85 133 7.35
85 134 7.79
85 135 8.01
85 136 8.92
85 137 4.99
85 138 5.82
85 139 6.52
85 140 7.17
85 141 7.79
85 142 8.39
85 143 8.93
85 144 9.27
85 145 10.20
85 146 2.16
86 1 7.29
86 2 6.04
86 3 7.09
86 4 8.00
86 5 8.83
86 6 9.63
86 7 10.38
86 8 11.08
86 9 11.62
86 10 12.58
86 11 5.91
86 12 7.02
86 13 8.01
86 14 8.94
86 15 9.83
86 16 10.69
86 17 11.51
86 18 12.25
86 19 13.24
86 20 5.61
86 21 6.70
86 22 7.73
86 23 8.71
86 24 9.68
86 25 10.62
86 26 11.54
86 27 12.47
86 28 13.47
86 29 5.18
86 30 6.16
86 31 7.17
86 32 8.17
86 33 9.17
86 34 10.16
86 35 11.17
86 36 12.27
86 37 13.26
86 38 4.64
86 39 5.43
86 40 6.35
86 41 7.33
86 42 8.33
86 43 9.35
86 44 10.41
86 45 11.66
86 46 12.63
86 47 4.04
86 48 4.53
86 49 5.31
86 50 6.21
86 51 7.18
86 52 8.21
86 53 9.31
86 54 10.67
86 55 11.60
86 56 3.47
86 57 3.54
86 58 4.08
86 59 4.87
86 60 5.79
86 61 6.79
86 62 7.90
86 63 9.34
86 64 10.23
86 65 3.04
86 66 2.57
86 67 2.74
86 68 3.35
86 69 4.19
86 70 5.17
86 71 6.28
86 72 7.76
86 73 8.61
86 74 2.90
86 75 1.91
86 76 1.42
86 77 1.71
86 78 2.49
86 79 3.46
86 80 4.57
86 81 6.05
86 82 6.91
86 83 3.10
86 84 2.02
86 85 1.00
86 86 0.00
86 87 1.00
86 88 2.02
86 89 3.10
86 90 4.47
86 91 5.39
86 92 3.56
86 93 2.80
86 94 2.14
86 95 1.71
86 96 1.66
86 97 2.04
86 98 2.68
86 99 3.56
86 100 4.56
86 101 4.15
86 102 3.79
86 103 3.50
86 104 3.35
86 105 3.35
86 106 3.50
86 107 3.74
86 108 3.97
86 109 4.92
86 110 4.74
86 111 4.76
86 112 4.79
86 113 4.87
86 114 5.01
86 115 5.20
86 116 5.39
86 117 5.36
86 118 6.23
86 119 5.27
86 120 5.63
86 121 5.92
86 122 6.21
86 123 6.52
86 124 6.82
86 125 7.08
86 126 7.06
86 127 7.91
86 128 5.68
86 129 6.32
86 130 6.84
86 131 7.33
86 132 7.79
86 133 8.23
86 134 8.61
86 135 8.71
86 136 9.58
86 137 5.94
86 138 6.80
86 139 7.52
86 140 8.17
86 141 8.79
86 142 9.37
86 143 9.88
86 144 10.15
86 145 11.06
86 146 3.00
87 1 7.97
87 2 6.91
87 3 7.98
87 4 8.91
87 5 9.77
87 6 10.59
87 7 11.36
87 8 12.07
87 9 12.62
87 10 13.59
87 11 6.73
87 12 7.84
87 13 8.85
87 14 9.80
87 15 10.71
87 16 11.59
87 17 12.44
87 18 13.22
87 19 14.21
87 20 6.38
87 21 7.44
87 22 8.47
87 23 9.47
87 24 10.44
87 25 11.41
87 26 12.36
87 27 13.35
87 28 14.35
87 29 5.90
87 30 6.82
87 31 7.79
87 32 8.79
87 33 9.79
87 34 10.80
87 35 11.84
87 36 13.01
87 37 13.99
87 38 5.33
87 39 6.00
87 40 6.85
87 41 7.79
87 42 8.78
87 43 9.81
87 44 10.89
87 45 12.21
87 46 13.16
87 47 4.73
87 48 5.04
87 49 5.69
87 50 6.52
87 51 7.45
87 52 8.45
87 53 9.56
87 54 10.99
87 55 11.89
87 56 4.20
87 57 4.04
87 58 4.38
87 59 5.01
87 60 5.84
87 61 6.80
87 62 7.90
87 63 9.40
87 64 10.24
87 65 3.86
87 66 3.17
87 67 3.02
87 68 3.35
87 69 4.02
87 70 4.90
87 71 5.98
87 72 7.52
87 73 8.31
87 74 3.80
87 75 2.74
87 76 1.96
87 77 1.66
87 78 2.04
87 79 2.87
87 80 3.94
87 81 5.49
87 82 6.27
87 83 4.06
87 84 3.01
87 85 2.00
87 86 1.00
87 87 0.00
87 88 1.03
87 89 2.12
87 90 3.57
87 91 4.44
87 92 4.55
87 93 3.80
87 94 3.10
87 95 2.49
87 96 2.04
87 97 1.89
87 98 2.09
87 99 2.64
87 100 3.64
87 101 5.14
87 102 4.79
87 103 4.46
87 104 4.19
87 105 4.01
87 106 3.93
87 107 3.89
87 108 3.71
87 109 4.57
87 110 5.73
87 111 5.77
87 112 5.77
87 113 5.79
87 114 5.84
87 115 5.91
87 116 5.94
87 117 5.66
87 118 6.43
87 119 6.24
87 120 6.63
87 121 6.92
87 122 7.18
87 123 7.45
87 124 7.69
87 125 7.86
87 126 7.69
87 127 8.48
87 128 6.63
87 129 7.30
87 130 7.84
87 131 8.33
87 132 8.78
87 133 9.19
87 134 9.53
87 135 9.54
87 136 10.39
87 137 6.87
87 138 7.76
87 139 8.50
87 140 9.17
87 141 9.79
87 142 10.37
87 143 10.87
87 144 11.10
87 145 12.01
87 146 3.96
88 1 8.61
88 2 7.75
88 3 8.85
88 4 9.80
88 5 10.69
88 6 11.52
88 7 12.32
88 8 13.05
88 9 13.63
88 10 14.60
88 11 7.53
88 12 8.63
88 13 9.65
88 14 10.62
88 15 11.56
88 16 12.46
88 17 13.34
88 18 14.16
88 19 15.16
88 20 7.14
88 21 8.16
88 22 9.17
88 23 10.18
88 24 11.17
88 25 12.15
88 26 13.14
88 27 14.18
88 28 15.18
88 29 6.62
88 30 7.45
88 31 8.39
88 32 9.37
88 33 10.37
88 34 11.39
88 35 12.45
88 36 13.68
88 37 14.66
88 38 6.03
88 39 6.57
88 40 7.35
88 41 8.23
88 42 9.19
88 43 10.22
88 44 11.32
88 45 12.70
88 46 13.62
88 47 5.44
88 48 5.58
88 49 6.09
88 50 6.82
88 51 7.69
88 52 8.66
88 53 9.77
88 54 11.25
88 55 12.11
88 56 4.96
88 57 4.61
88 58 4.74
88 59 5.20
88 60 5.91
88 61 6.79
88 62 7.87
88 63 9.41
88 64 10.19
88 65 4.69
88 66 3.86
88 67 3.46
88 68 3.50
88 69 3.93
88 70 4.67
88 71 5.69
88 72 7.26
88 73 7.96
88 74 4.71
88 75 3.62
88 76 2.70
88 77 2.04
88 78 1.89
88 79 2.38
88 80 3.33
88 81 4.90
88 82 5.58
88 83 5.02
88 84 4.00
88 85 3.01
88 86 2.02
88 87 1.03
88 88 0.00
88 89 1.11
88 90 2.62
88 91 3.45
88 92 5.53
88 93 4.82
88 94 4.12
88 95 3.46
88 96 2.87
88 97 2.38
88 98 2.05
88 99 1.92
88 100 2.88
88 101 6.12
88 102 5.81
88 103 5.48
88 104 5.17
88 105 4.90
88 106 4.67
88 107 4.43
88 108 3.87
88 109 4.58
88 110 6.71
88 111 6.79
88 112 6.79
88 113 6.79
88 114 6.79
88 115 6.79
88 116 6.72
88 117 6.25
88 118 6.93
88 119 7.21
88 120 7.63
88 121 7.94
88 122 8.21
88 123 8.45
88 124 8.66
88 125 8.78
88 126 8.51
88 127 9.25
88 128 7.57
88 129 8.29
88 130 8.85
88 131 9.35
88 132 9.81
88 133 10.21
88 134 10.53
88 135 10.50
88 136 11.32
88 137 7.77
88 138 8.70
88 139 9.47
88 140 10.16
88 141 10.80
88 142 11.39
88 143 11.89
88 144 12.12
88 145 13.02
88 146 4.98
89 1 9.20
89 2 8.58
89 3 9.68
89 4 10.66
89 5 11.58
89 6 12.44
89 7 13.27
89 8 14.03
89 9 14.66
89 10 15.64
89 11 8.30
89 12 9.38
89 13 10.41
89 14 11.40
89 15 12.35
89 16 13.29
89 17 14.20
89 18 15.08
89 19 16.08
89 20 7.86
89 21 8.83
89 22 9.82
89 23 10.82
89 24 11.82
89 25 12.83
89 26 13.84
89 27 14.95
89 28 15.95
89 29 7.31
89 30 8.05
89 31 8.93
89 32 9.88
89 33 10.87
89 34 11.89
89 35 12.98
89 36 14.28
89 37 15.23
89 38 6.71
89 39 7.11
89 40 7.79
89 41 8.61
89 42 9.53
89 43 10.53
89 44 11.64
89 45 13.08
89 46 13.97
89 47 6.15
89 48 6.11
89 49 6.47
89 50 7.08
89 51 7.86
89 52 8.78
89 53 9.87
89 54 11.40
89 55 12.20
89 56 5.72
89 57 5.20
89 58 5.12
89 59 5.39
89 60 5.94
89 61 6.72
89 62 7.74
89 63 9.31
89 64 10.01
89 65 5.53
89 66 4.60
89 67 3.99
89 68 3.74
89 69 3.89
89 70 4.43
89 71 5.32
89 72 6.88
89 73 7.48
89 74 5.64
89 75 4.53
89 76 3.54
89 77 2.68
89 78 2.09
89 79 2.05
89 80 2.71
89 81 4.23
89 82 4.78
89 83 6.00
89 84 5.02
89 85 4.06
89 86 3.10
89 87 2.12
89 88 1.11
89 89 0.00
89 90 1.57
89 91 2.34
89 92 6.53
89 93 5.89
89 94 5.22
89 95 4.57
89 96 3.94
89 97 3.33
89 98 2.71
89 99 1.83
89 100 2.54
89 101 7.13
89 102 6.88
89 103 6.58
89 104 6.28
89 105 5.98
89 106 5.69
89 107 5.32
89 108 4.52
89 109 5.07
89 110 7.70
89 111 7.84
89 112 7.89
89 113 7.90
89 114 7.90
89 115 7.87
89 116 7.74
89 117 7.15
89 118 7.76
89 119 8.18
89 120 8.67
89 121 9.01
89 122 9.31
89 123 9.56
89 124 9.77
89 125 9.87
89 126 9.55
89 127 10.26
89 128 8.51
89 129 9.28
89 130 9.88
89 131 10.41
89 132 10.89
89 133 11.32
89 134 11.64
89 135 11.60
89 136 12.41
89 137 8.67
89 138 9.64
89 139 10.44
89 140 11.17
89 141 11.84
89 142 12.45
89 143 12.98
89 144 13.23
89 145 14.13
89 146 6.08
90 1 9.61
90 2 9.36
90 3 10.47
90 4 11.48
90 5 12.44
90 6 13.35
90 7 14.23
90 8 15.07
90 9 15.80
90 10 16.79
90 11 9.00
90 12 10.04
90 13 11.07
90 14 12.07
90 15 13.05
90 16 14.03
90 17 14.99
90 18 15.99
90 19 16.99
90 20 8.51
90 21 9.37
90 22 10.31
90 23 11.29
90 24 12.29
90 25 13.31
90 26 14.37
90 27 15.59
90 28 16.57
90 29 7.92
90 30 8.49
90 31 9.27
90 32 10.15
90 33 11.10
90 34 12.12
90 35 13.23
90 36 14.62
90 37 15.54
90 38 7.33
90 39 7.50
90 40 8.01
90 41 8.71
90 42 9.54
90 43 10.50
90 44 11.60
90 45 13.11
90 46 13.94
90 47 6.82
90 48 6.53
90 49 6.65
90 50 7.06
90 51 7.69
90 52 8.51
90 53 9.55
90 54 11.11
90 55 11.83
90 56 6.50
90 57 5.75
90 58 5.39
90 59 5.36
90 60 5.66
90 61 6.25
90 62 7.15
90 63 8.71
90 64 9.30
90 65 6.44
90 66 5.39
90 67 4.56
90 68 3.97
90 69 3.71
90 70 3.87
90 71 4.52
90 72 5.99
90 73 6.44
90 74 6.66
90 75 5.57
90 76 4.54
90 77 3.56
90 78 2.64
90 79 1.92
90 80 1.83
90 81 3.05
90 82 3.39
90 83 7.10
90 84 6.23
90 85 5.36
90 86 4.47
90 87 3.57
90 88 2.62
90 89 1.57
90 90 0.00
90 91 1.00
90 92 7.67
90 93 7.17
90 94 6.62
90 95 6.05
90 96 5.49
90 97 4.90
90 98 4.23
90 99 3.05
90 100 3.39
90 101 8.27
90 102 8.17
90 103 7.98
90 104 7.76
90 105 7.52
90 106 7.26
90 107 6.88
90 108 5.99
90 109 6.44
90 110 8.81
90 111 9.09
90 112 9.24
90 113 9.34
90 114 9.40
90 115 9.41
90 116 9.31
90 117 8.71
90 118 9.30
90 119 9.24
90 120 9.84
90 121 10.29
90 122 10.66
90 123 10.99
90 124 11.25
90 125 11.40
90 126 11.11
90 127 11.83
90 128 9.50
90 129 10.36
90 130 11.05
90 131 11.66
90 132 12.21
90 133 12.70
90 134 13.08
90 135 13.11
90 136 13.94
90 137 9.57
90 138 10.60
90 139 11.48
90 140 12.27
90 141 13.01
90 142 13.68
90 143 14.28
90 144 14.62
90 145 15.53
90 146 7.47
91 1 10.55
91 2 10.36
91 3 11.47
91 4 12.48
91 5 13.44
91 6 14.35
91 7 15.23
91 8 16.06
91 9 16.79
91 10 17.78
91 11 10.00
91 12 11.03
91 13 12.05
91 14 13.05
91 15 14.04
91 16 15.02
91 17 15.99
91 18 16.99
91 19 17.99
91 20 9.49
91 21 10.34
91 22 11.27
91 23 12.24
91 24 13.24
91 25 14.27
91 26 15.33
91 27 16.57
91 28 17.54
91 29 8.90
91 30 9.45
91 31 10.20
91 32 11.07
91 33 12.01
91 34 13.02
91 35 14.13
91 36 15.54
91 37 16.44
91 38 8.31
91 39 8.46
91 40 8.92
91 41 9.58
91 42 10.39
91 43 11.32
91 44 12.41
91 45 13.94
91 46 14.75
91 47 7.81
91 48 7.49
91 49 7.56
91 50 7.91
91 51 8.48
91 52 9.25
91 53 10.26
91 54 11.83
91 55 12.50
91 56 7.50
91 57 6.73
91 58 6.33
91 59 6.23
91 60 6.43
91 61 6.93
91 62 7.76
91 63 9.30
91 64 9.80
91 65 7.44
91 66 6.39
91 67 5.55
91 68 4.92
91 69 4.57
91 70 4.58
91 71 5.07
91 72 6.44
91 73 6.74
91 74 7.66
91 75 6.56
91 76 5.54
91 77 4.56
91 78 3.64
91 79 2.88
91 80 2.54
91 81 3.39
91 82 3.43
91 83 8.09
91 84 7.20
91 85 6.30
91 86 5.39
91 87 4.44
91 88 3.45
91 89 2.34
91 90 1.00
91 91 0.00
91 92 8.66
91 93 8.12
91 94 7.53
91 95 6.91
91 96 6.27
91 97 5.58
91 98 4.78
91 99 3.39
91 100 3.44
91 101 9.26
91 102 9.12
91 103 8.89
91 104 8.62
91 105 8.31
91 106 7.96
91 107 7.48
91 108 6.44
91 109 6.74
91 110 9.80
91 111 10.06
91 112 10.17
91 113 10.23
91 114 10.24
91 115 10.19
91 116 10.01
91 117 9.30
91 118 9.80
91 119 10.23
91 120 10.82
91 121 11.25
91 122 11.60
91 123 11.89
91 124 12.11
91 125 12.20
91 126 11.83
91 127 12.50
91 128 10.50
91 129 11.35
91 130 12.03
91 131 12.63
91 132 13.16
91 133 13.62
91 134 13.97
91 135 13.94
91 136 14.75
91 137 10.57
91 138 11.60
91 139 12.48
91 140 13.26
91 141 13.99
91 142 14.66
91 143 15.23
91 144 15.54
91 145 16.44
91 146 8.38
92 1 5.01
92 2 2.95
92 3 3.82
92 4 4.60
92 5 5.35
92 6 6.09
92 7 6.82
92 8 7.52
92 9 8.14
92 10 9.12
92 11 3.11
92 12 4.08
92 13 4.93
92 14 5.74
92 15 6.53
92 16 7.30
92 17 8.03
92 18 8.70
92 19 9.69
92 20 3.14
92 21 4.19
92 22 5.11
92 23 5.97
92 24 6.81
92 25 7.63
92 26 8.42
92 27 9.15
92 28 10.15
92 29 3.06
92 30 4.16
92 31 5.13
92 32 6.04
92 33 6.93
92 34 7.79
92 35 8.63
92 36 9.45
92 37 10.45
92 38 2.87
92 39 3.98
92 40 4.99
92 41 5.94
92 42 6.87
92 43 7.77
92 44 8.67
92 45 9.57
92 46 10.57
92 47 2.58
92 48 3.67
92 49 4.70
92 50 5.68
92 51 6.63
92 52 7.57
92 53 8.51
92 54 9.50
92 55 10.49
92 56 2.18
92 57 3.24
92 58 4.27
92 59 5.27
92 60 6.24
92 61 7.21
92 62 8.18
92 63 9.24
92 64 10.23
92 65 1.71
92 66 2.72
92 67 3.74
92 68 4.74
92 69 5.73
92 70 6.71
92 71 7.70
92 72 8.81
92 73 9.80
92 74 1.18
92 75 2.13
92 76 3.14
92 77 4.15
92 78 5.14
92 79 6.13
92 80 7.13
92 81 8.27
92 82 9.26
92 83 0.60
92 84 1.54
92 85 2.56
92 86 3.56
92 87 4.55
92 88 5.53
92 89 6.53
92 90 7.67
92 91 8.66
92 92 0.00
92 93 1.11
92 94 2.12
92 95 3.10
92 96 4.06
92 97 5.02
92 98 6.00
92 99 7.10
92 100 8.09
92 101 0.60
92 102 1.13
92 103 2.00
92 104 2.90
92 105 3.81
92 106 4.71
92 107 5.64
92 108 6.66
92 109 7.66
92 110 1.18
92 111 1.58
92 112 2.26
92 113 3.04
92 114 3.86
92 115 4.69
92 116 5.54
92 117 6.44
92 118 7.44
92 119 1.71
92 120 2.17
92 121 2.78
92 122 3.47
92 123 4.20
92 124 4.96
92 125 5.72
92 126 6.50
92 127 7.50
92 128 2.18
92 129 2.76
92 130 3.38
92 131 4.04
92 132 4.73
92 133 5.44
92 134 6.15
92 135 6.82
92 136 7.81
92 137 2.58
92 138 3.28
92 139 3.95
92 140 4.64
92 141 5.33
92 142 6.03
92 143 6.71
92 144 7.33
92 145 8.31
92 146 1.88
93 1 6.04
93 2 4.06
93 3 4.93
93 4 5.68
93 5 6.38
93 6 7.07
93 7 7.73
93 8 8.36
93 9 8.83
93 10 9.79
93 11 4.19
93 12 5.18
93 13 6.04
93 14 6.84
93 15 7.61
93 16 8.36
93 17 9.06
93 18 9.64
93 19 10.62
93 20 4.16
93 21 5.24
93 22 6.19
93 23 7.07
93 24 7.92
93 25 8.74
93 26 9.52
93 27 10.23
93 28 11.22
93 29 4.00
93 30 5.11
93 31 6.11
93 32 7.06
93 33 7.97
93 34 8.86
93 35 9.72
93 36 10.56
93 37 11.56
93 38 3.70
93 39 4.79
93 40 5.82
93 41 6.80
93 42 7.76
93 43 8.70
93 44 9.64
93 45 10.60
93 46 11.60
93 47 3.28
93 48 4.30
93 49 5.31
93 50 6.32
93 51 7.31
93 52 8.29
93 53 9.28
93 54 10.36
93 55 11.35
93 56 2.76
93 57 3.64
93 58 4.63
93 59 5.63
93 60 6.63
93 61 7.63
93 62 8.67
93 63 9.84
93 64 10.82
93 65 2.17
93 66 2.86
93 67 3.78
93 68 4.76
93 69 5.77
93 70 6.79
93 71 7.84
93 72 9.09
93 73 10.06
93 74 1.58
93 75 1.96
93 76 2.82
93 77 3.79
93 78 4.79
93 79 5.81
93 80 6.88
93 81 8.17
93 82 9.12
93 83 1.13
93 84 1.00
93 85 1.82
93 86 2.80
93 87 3.80
93 88 4.82
93 89 5.89
93 90 7.17
93 91 8.12
93 92 1.11
93 93 0.00
93 94 1.03
93 95 2.02
93 96 3.01
93 97 4.00
93 98 5.02
93 99 6.23
93 100 7.20
93 101 1.54
93 102 1.00
93 103 1.22
93 104 1.91
93 105 2.74
93 106 3.62
93 107 4.53
93 108 5.57
93 109 6.56
93 110 2.13
93 111 1.97
93 112 2.13
93 113 2.57
93 114 3.17
93 115 3.86
93 116 4.60
93 117 5.39
93 118 6.39
93 119 2.72
93 120 2.86
93 121 3.13
93 122 3.54
93 123 4.04
93 124 4.61
93 125 5.20
93 126 5.75
93 127 6.73
93 128 3.24
93 129 3.64
93 130 4.06
93 131 4.53
93 132 5.04
93 133 5.58
93 134 6.11
93 135 6.53
93 136 7.49
93 137 3.67
93 138 4.30
93 139 4.86
93 140 5.43
93 141 6.00
93 142 6.57
93 143 7.11
93 144 7.50
93 145 8.46
93 146 0.88
94 1 6.92
94 2 5.06
94 3 5.95
94 4 6.70
94 5 7.40
94 6 8.07
94 7 8.71
94 8 9.29
94 9 9.68
94 10 10.62
94 11 5.14
94 12 6.16
94 13 7.05
94 14 7.86
94 15 8.64
94 16 9.38
94 17 10.07
94 18 10.62
94 19 11.59
94 20 5.06
94 21 6.16
94 22 7.13
94 23 8.04
94 24 8.91
94 25 9.74
94 26 10.54
94 27 11.26
94 28 12.25
94 29 4.83
94 30 5.93
94 31 6.95
94 32 7.92
94 33 8.86
94 34 9.77
94 35 10.67
94 36 11.55
94 37 12.55
94 38 4.45
94 39 5.49
94 40 6.52
94 41 7.52
94 42 8.50
94 43 9.47
94 44 10.44
94 45 11.48
94 46 12.48
94 47 3.95
94 48 4.86
94 49 5.84
94 50 6.84
94 51 7.84
94 52 8.85
94 53 9.88
94 54 11.05
94 55 12.03
94 56 3.38
94 57 4.06
94 58 4.96
94 59 5.92
94 60 6.92
94 61 7.94
94 62 9.02
94 63 10.29
94 64 11.25
94 65 2.78
94 66 3.13
94 67 3.89
94 68 4.79
94 69 5.77
94 70 6.79
94 71 7.89
94 72 9.24
94 73 10.17
94 74 2.27
94 75 2.13
94 76 2.67
94 77 3.51
94 78 4.46
94 79 5.48
94 80 6.58
94 81 7.98
94 82 8.89
94 83 2.00
94 84 1.22
94 85 1.36
94 86 2.14
94 87 3.10
94 88 4.12
94 89 5.22
94 90 6.62
94 91 7.53
94 92 2.12
94 93 1.03
94 94 0.00
94 95 1.00
94 96 2.00
94 97 3.01
94 98 4.06
94 99 5.36
94 100 6.30
94 101 2.56
94 102 1.82
94 103 1.36
94 104 1.43
94 105 1.96
94 106 2.70
94 107 3.54
94 108 4.54
94 109 5.54
94 110 3.15
94 111 2.82
94 112 2.67
94 113 2.74
94 114 3.02
94 115 3.46
94 116 3.99
94 117 4.56
94 118 5.55
94 119 3.74
94 120 3.78
94 121 3.89
94 122 4.09
94 123 4.38
94 124 4.74
94 125 5.12
94 126 5.39
94 127 6.33
94 128 4.27
94 129 4.63
94 130 4.96
94 131 5.31
94 132 5.69
94 133 6.10
94 134 6.47
94 135 6.65
94 136 7.56
94 137 4.70
94 138 5.32
94 139 5.84
94 140 6.35
94 141 6.86
94 142 7.35
94 143 7.79
94 144 8.01
94 145 8.92
94 146 0.86
95 1 7.74
95 2 6.00
95 3 6.92
95 4 7.69
95 5 8.40
95 6 9.07
95 7 9.70
95 8 10.26
95 9 10.60
95 10 11.53
95 11 6.04
95 12 7.09
95 13 8.00
95 14 8.83
95 15 9.63
95 16 10.38
95 17 11.08
95 18 11.62
95 19 12.58
95 20 5.91
95 21 7.02
95 22 8.01
95 23 8.94
95 24 9.83
95 25 10.69
95 26 11.51
95 27 12.25
95 28 13.24
95 29 5.61
95 30 6.70
95 31 7.73
95 32 8.72
95 33 9.67
95 34 10.62
95 35 11.54
95 36 12.47
95 37 13.47
95 38 5.18
95 39 6.16
95 40 7.17
95 41 8.17
95 42 9.17
95 43 10.16
95 44 11.17
95 45 12.27
95 46 13.26
95 47 4.64
95 48 5.42
95 49 6.35
95 50 7.33
95 51 8.33
95 52 9.35
95 53 10.41
95 54 11.66
95 55 12.63
95 56 4.04
95 57 4.53
95 58 5.31
95 59 6.21
95 60 7.18
95 61 8.21
95 62 9.31
95 63 10.66
95 64 11.60
95 65 3.47
95 66 3.54
95 67 4.09
95 68 4.87
95 69 5.79
95 70 6.79
95 71 7.90
95 72 9.34
95 73 10.23
95 74 3.04
95 75 2.57
95 76 2.74
95 77 3.35
95 78 4.19
95 79 5.17
95 80 6.28
95 81 7.76
95 82 8.61
95 83 2.90
95 84 1.91
95 85 1.42
95 86 1.71
95 87 2.49
95 88 3.46
95 89 4.57
95 90 6.05
95 91 6.91
95 92 3.10
95 93 2.02
95 94 1.00
95 95 0.00
95 96 1.00
95 97 2.02
95 98 3.10
95 99 4.47
95 100 5.38
95 101 3.56
95 102 2.80
95 103 2.14
95 104 1.71
95 105 1.66
95 106 2.04
95 107 2.68
95 108 3.56
95 109 4.56
95 110 4.15
95 111 3.79
95 112 3.51
95 113 3.35
95 114 3.35
95 115 3.50
95 116 3.74
95 117 3.97
95 118 4.92
95 119 4.74
95 120 4.76
95 121 4.79
95 122 4.87
95 123 5.01
95 124 5.20
95 125 5.39
95 126 5.36
95 127 6.23
95 128 5.27
95 129 5.63
95 130 5.92
95 131 6.21
95 132 6.52
95 133 6.82
95 134 7.08
95 135 7.06
95 136 7.91
95 137 5.68
95 138 6.32
95 139 6.84
95 140 7.33
95 141 7.79
95 142 8.23
95 143 8.61
95 144 8.71
95 145 9.58
95 146 1.71
96 1 8.52
96 2 6.91
96 3 7.87
96 4 8.66
96 5 9.39
96 6 10.07
96 7 10.71
96 8 11.26
96 9 11.58
96 10 12.50
96 11 6.91
96 12 7.98
96 13 8.91
96 14 9.77
96 15 10.59
96 16 11.36
96 17 12.07
96 18 12.62
96 19 13.59
96 20 6.73
96 21 7.84
96 22 8.85
96 23 9.80
96 24 10.71
96 25 11.59
96 26 12.44
96 27 13.22
96 28 14.21
96 29 6.38
96 30 7.44
96 31 8.47
96 32 9.47
96 33 10.44
96 34 11.41
96 35 12.36
96 36 13.35
96 37 14.35
96 38 5.90
96 39 6.82
96 40 7.79
96 41 8.79
96 42 9.79
96 43 10.80
96 44 11.84
96 45 13.01
96 46 13.99
96 47 5.33
96 48 6.00
96 49 6.85
96 50 7.79
96 51 8.78
96 52 9.81
96 53 10.89
96 54 12.21
96 55 13.16
96 56 4.73
96 57 5.04
96 58 5.69
96 59 6.52
96 60 7.44
96 61 8.45
96 62 9.56
96 63 10.99
96 64 11.89
96 65 4.20
96 66 4.04
96 67 4.38
96 68 5.01
96 69 5.84
96 70 6.80
96 71 7.90
96 72 9.40
96 73 10.24
96 74 3.86
96 75 3.18
96 76 3.02
96 77 3.35
96 78 4.01
96 79 4.90
96 80 5.98
96 81 7.52
96 82 8.31
96 83 3.81
96 84 2.74
96 85 1.96
96 86 1.66
96 87 2.04
96 88 2.87
96 89 3.94
96 90 5.49
96 91 6.27
96 92 4.06
96 93 3.01
96 94 2.00
96 95 1.00
96 96 0.00
96 97 1.03
96 98 2.12
96 99 3.57
96 100 4.44
96 101 4.55
96 102 3.80
96 103 3.10
96 104 2.49
96 105 2.05
96 106 1.89
96 107 2.09
96 108 2.64
96 109 3.64
96 110 5.14
96 111 4.79
96 112 4.46
96 113 4.19
96 114 4.02
96 115 3.93
96 116 3.89
96 117 3.71
96 118 4.57
96 119 5.73
96 120 5.77
96 121 5.77
96 122 5.79
96 123 5.84
96 124 5.91
96 125 5.94
96 126 5.66
96 127 6.43
96 128 6.24
96 129 6.63
96 130 6.92
96 131 7.19
96 132 7.45
96 133 7.69
96 134 7.86
96 135 7.69
96 136 8.48
96 137 6.63
96 138 7.31
96 139 7.84
96 140 8.33
96 141 8.78
96 142 9.20
96 143 9.53
96 144 9.54
96 145 10.39
96 146 2.70
97 1 9.27
97 2 7.80
97 3 8.79
97 4 9.62
97 5 10.37
97 6 11.07
97 7 11.72
97 8 12.29
97 9 12.61
97 10 13.53
97 11 7.75
97 12 8.85
97 13 9.80
97 14 10.69
97 15 11.52
97 16 12.32
97 17 13.05
97 18 13.63
97 19 14.60
97 20 7.53
97 21 8.63
97 22 9.65
97 23 10.62
97 24 11.56
97 25 12.46
97 26 13.34
97 27 14.16
97 28 15.16
97 29 7.14
97 30 8.16
97 31 9.17
97 32 10.18
97 33 11.17
97 34 12.15
97 35 13.14
97 36 14.18
97 37 15.18
97 38 6.62
97 39 7.46
97 40 8.39
97 41 9.37
97 42 10.37
97 43 11.39
97 44 12.46
97 45 13.68
97 46 14.66
97 47 6.03
97 48 6.57
97 49 7.35
97 50 8.24
97 51 9.20
97 52 10.21
97 53 11.32
97 54 12.70
97 55 13.62
97 56 5.44
97 57 5.58
97 58 6.10
97 59 6.82
97 60 7.69
97 61 8.66
97 62 9.77
97 63 11.25
97 64 12.11
97 65 4.96
97 66 4.61
97 67 4.74
97 68 5.20
97 69 5.91
97 70 6.79
97 71 7.87
97 72 9.41
97 73 10.19
97 74 4.69
97 75 3.86
97 76 3.46
97 77 3.50
97 78 3.93
97 79 4.67
97 80 5.69
97 81 7.26
97 82 7.96
97 83 4.71
97 84 3.62
97 85 2.70
97 86 2.04
97 87 1.89
97 88 2.38
97 89 3.33
97 90 4.90
97 91 5.58
97 92 5.02
97 93 4.00
97 94 3.01
97 95 2.02
97 96 1.03
97 97 0.00
97 98 1.11
97 99 2.62
97 100 3.45
97 101 5.53
97 102 4.82
97 103 4.12
97 104 3.46
97 105 2.87
97 106 2.38
97 107 2.05
97 108 1.92
97 109 2.88
97 110 6.12
97 111 5.81
97 112 5.48
97 113 5.17
97 114 4.90
97 115 4.67
97 116 4.43
97 117 3.87
97 118 4.58
97 119 6.71
97 120 6.79
97 121 6.79
97 122 6.79
97 123 6.80
97 124 6.79
97 125 6.72
97 126 6.25
97 127 6.93
97 128 7.21
97 129 7.63
97 130 7.94
97 131 8.21
97 132 8.45
97 133 8.66
97 134 8.78
97 135 8.51
97 136 9.25
97 137 7.57
97 138 8.29
97 139 8.85
97 140 9.35
97 141 9.81
97 142 10.21
97 143 10.53
97 144 10.50
97 145 11.32
97 146 3.72
98 1 9.97
98 2 8.68
98 3 9.70
98 4 10.56
98 5 11.35
98 6 12.08
98 7 12.76
98 8 13.35
98 9 13.70
98 10 14.63
98 11 8.58
98 12 9.68
98 13 10.66
98 14 11.58
98 15 12.44
98 16 13.27
98 17 14.03
98 18 14.66
98 19 15.64
98 20 8.30
98 21 9.38
98 22 10.41
98 23 11.40
98 24 12.36
98 25 13.29
98 26 14.20
98 27 15.08
98 28 16.08
98 29 7.86
98 30 8.83
98 31 9.82
98 32 10.82
98 33 11.82
98 34 12.83
98 35 13.84
98 36 14.95
98 37 15.95
98 38 7.31
98 39 8.05
98 40 8.93
98 41 9.88
98 42 10.87
98 43 11.89
98 44 12.98
98 45 14.28
98 46 15.23
98 47 6.71
98 48 7.11
98 49 7.79
98 50 8.61
98 51 9.53
98 52 10.53
98 53 11.64
98 54 13.08
98 55 13.97
98 56 6.15
98 57 6.11
98 58 6.47
98 59 7.08
98 60 7.86
98 61 8.78
98 62 9.87
98 63 11.40
98 64 12.20
98 65 5.72
98 66 5.20
98 67 5.12
98 68 5.39
98 69 5.94
98 70 6.72
98 71 7.74
98 72 9.31
98 73 10.01
98 74 5.54
98 75 4.60
98 76 3.99
98 77 3.74
98 78 3.89
98 79 4.43
98 80 5.32
98 81 6.88
98 82 7.48
98 83 5.64
98 84 4.53
98 85 3.54
98 86 2.68
98 87 2.09
98 88 2.05
98 89 2.71
98 90 4.23
98 91 4.78
98 92 6.00
98 93 5.02
98 94 4.06
98 95 3.10
98 96 2.12
98 97 1.11
98 98 0.00
98 99 1.57
98 100 2.34
98 101 6.53
98 102 5.89
98 103 5.22
98 104 4.57
98 105 3.94
98 106 3.33
98 107 2.71
98 108 1.83
98 109 2.54
98 110 7.13
98 111 6.88
98 112 6.58
98 113 6.28
98 114 5.98
98 115 5.69
98 116 5.32
98 117 4.52
98 118 5.07
98 119 7.70
98 120 7.85
98 121 7.89
98 122 7.90
98 123 7.90
98 124 7.87
98 125 7.74
98 126 7.15
98 127 7.76
98 128 8.18
98 129 8.67
98 130 9.01
98 131 9.31
98 132 9.56
98 133 9.77
98 134 9.87
98 135 9.55
98 136 10.26
98 137 8.51
98 138 9.28
98 139 9.88
98 140 10.41
98 141 10.89
98 142 11.32
98 143 11.64
98 144 11.60
98 145 12.41
98 146 4.81
99 1 10.53
99 2 9.55
99 3 10.62
99 4 11.55
99 5 12.39
99 6 13.18
99 7 13.92
99 8 14.59
99 9 15.03
99 10 15.98
99 11 9.36
99 12 10.47
99 13 11.48
99 14 12.44
99 15 13.35
99 16 14.23
99 17 15.07
99 18 15.80
99 19 16.79
99 20 9.00
99 21 10.04
99 22 11.06
99 23 12.07
99 24 13.05
99 25 14.03
99 26 14.99
99 27 15.99
99 28 16.99
99 29 8.50
99 30 9.37
99 31 10.31
99 32 11.29
99 33 12.29
99 34 13.31
99 35 14.37
99 36 15.59
99 37 16.57
99 38 7.92
99 39 8.49
99 40 9.27
99 41 10.15
99 42 11.10
99 43 12.12
99 44 13.23
99 45 14.62
99 46 15.54
99 47 7.33
99 48 7.50
99 49 8.01
99 50 8.71
99 51 9.54
99 52 10.50
99 53 11.60
99 54 13.11
99 55 13.94
99 56 6.82
99 57 6.53
99 58 6.65
99 59 7.06
99 60 7.69
99 61 8.51
99 62 9.55
99 63 11.11
99 64 11.83
99 65 6.50
99 66 5.75
99 67 5.39
99 68 5.36
99 69 5.66
99 70 6.25
99 71 7.15
99 72 8.71
99 73 9.30
99 74 6.44
99 75 5.39
99 76 4.56
99 77 3.97
99 78 3.71
99 79 3.87
99 80 4.52
99 81 5.99
99 82 6.44
99 83 6.66
99 84 5.57
99 85 4.54
99 86 3.56
99 87 2.64
99 88 1.92
99 89 1.83
99 90 3.05
99 91 3.39
99 92 7.10
99 93 6.23
99 94 5.36
99 95 4.47
99 96 3.57
99 97 2.62
99 98 1.57
99 99 0.00
99 100 1.00
99 101 7.67
99 102 7.17
99 103 6.62
99 104 6.05
99 105 5.49
99 106 4.90
99 107 4.23
99 108 3.05
99 109 3.39
99 110 8.27
99 111 8.17
99 112 7.98
99 113 7.76
99 114 7.52
99 115 7.26
99 116 6.88
99 117 5.99
99 118 6.44
99 119 8.81
99 120 9.09
99 121 9.24
99 122 9.34
99 123 9.40
99 124 9.41
99 125 9.31
99 126 8.71
99 127 9.30
99 128 9.24
99 129 9.84
99 130 10.29
99 131 10.67
99 132 10.99
99 133 11.25
99 134 11.40
99 135 11.11
99 136 11.83
99 137 9.50
99 138 10.36
99 139 11.05
99 140 11.66
99 141 12.21
99 142 12.70
99 143 13.08
99 144 13.11
99 145 13.94
99 146 6.17
100 1 11.50
100 2 10.55
100 3 11.62
100 4 12.55
100 5 13.39
100 6 14.18
100 7 14.91
100 8 15.56
100 9 15.98
100 10 16.91
100 11 10.36
100 12 11.47
100 13 12.48
100 14 13.44
100 15 14.35
100 16 15.23
100 17 16.06
100 18 16.79
100 19 17.78
100 20 9.99
100 21 11.03
100 22 12.05
100 23 13.05
100 24 14.04
100 25 15.02
100 26 15.99
100 27 16.99
100 28 17.99
100 29 9.49
100 30 10.34
100 31 11.27
100 32 12.24
100 33 13.24
100 34 14.27
100 35 15.33
100 36 16.57
100 37 17.54
100 38 8.90
100 39 9.45
100 40 10.20
100 41 11.06
100 42 12.01
100 43 13.02
100 44 14.13
100 45 15.54
100 46 16.44
100 47 8.31
100 48 8.46
100 49 8.92
100 50 9.58
100 51 10.39
100 52 11.32
100 53 12.41
100 54 13.94
100 55 14.74
100 56 7.81
100 57 7.49
100 58 7.56
100 59 7.91
100 60 8.48
100 61 9.25
100 62 10.26
100 63 11.83
100 64 12.50
100 65 7.50
100 66 6.73
100 67 6.33
100 68 6.23
100 69 6.43
100 70 6.93
100 71 7.76
100 72 9.30
100 73 9.80
100 74 7.44
100 75 6.39
100 76 5.55
100 77 4.92
100 78 4.57
100 79 4.58
100 80 5.07
100 81 6.44
100 82 6.74
100 83 7.65
100 84 6.56
100 85 5.54
100 86 4.56
100 87 3.64
100 88 2.88
100 89 2.54
100 90 3.39
100 91 3.44
100 92 8.09
100 93 7.20
100 94 6.30
100 95 5.38
100 96 4.44
100 97 3.45
100 98 2.34
100 99 1.00
100 100 0.00
100 101 8.66
100 102 8.12
100 103 7.53
100 104 6.91
100 105 6.27
100 106 5.58
100 107 4.78
100 108 3.39
100 109 3.43
100 110 9.26
100 111 9.12
100 112 8.89
100 113 8.61
100 114 8.31
100 115 7.96
100 116 7.48
100 117 6.44
100 118 6.74
100 119 9.80
100 120 10.06
100 121 10.17
100 122 10.23
100 123 10.24
100 124 10.19
100 125 10.01
100 126 9.30
100 127 9.80
100 128 10.23
100 129 10.82
100 130 11.25
100 131 11.60
100 132 11.89
100 133 12.11
100 134 12.20
100 135 11.83
100 136 12.50
100 137 10.50
100 138 11.35
100 139 12.03
100 140 12.63
100 141 13.16
100 142 13.62
100 143 13.97
100 144 13.94
100 145 14.74
100 146 7.09
101 1 4.93
101 2 2.70
101 3 3.45
101 4 4.15
101 5 4.84
101 6 5.55
101 7 6.25
101 8 6.93
101 9 7.54
101 10 8.52
101 11 2.95
101 12 3.83
101 13 4.60
101 14 5.35
101 15 6.09
101 16 6.82
101 17 7.52
101 18 8.14
101 19 9.12
101 20 3.11
101 21 4.08
101 22 4.93
101 23 5.74
101 24 6.53
101 25 7.30
101 26 8.04
101 27 8.70
101 28 9.69
101 29 3.14
101 30 4.19
101 31 5.11
101 32 5.98
101 33 6.81
101 34 7.63
101 35 8.42
101 36 9.15
101 37 10.15
101 38 3.06
101 39 4.16
101 40 5.13
101 41 6.04
101 42 6.93
101 43 7.79
101 44 8.63
101 45 9.45
101 46 10.45
101 47 2.87
101 48 3.98
101 49 4.99
101 50 5.94
101 51 6.87
101 52 7.77
101 53 8.67
101 54 9.57
101 55 10.57
101 56 2.58
101 57 3.67
101 58 4.70
101 59 5.68
101 60 6.63
101 61 7.57
101 62 8.51
101 63 9.50
101 64 10.50
101 65 2.19
101 66 3.24
101 67 4.27
101 68 5.27
101 69 6.24
101 70 7.21
101 71 8.18
101 72 9.24
101 73 10.23
101 74 1.71
101 75 2.72
101 76 3.74
101 77 4.74
101 78 5.73
101 79 6.71
101 80 7.70
101 81 8.82
101 82 9.80
101 83 1.18
101 84 2.13
101 85 3.14
101 86 4.15
101 87 5.14
101 88 6.12
101 89 7.13
101 90 8.27
101 91 9.26
101 92 0.60
101 93 1.54
101 94 2.56
101 95 3.56
101 96 4.55
101 97 5.53
101 98 6.53
101 99 7.67
101 100 8.66
101 101 0.00
101 102 1.11
101 103 2.12
101 104 3.10
101 105 4.06
101 106 5.02
101 107 6.00
101 108 7.10
101 109 8.09
101 110 0.60
101 111 1.13
101 112 2.00
101 113 2.90
101 114 3.80
101 115 4.71
101 116 5.64
101 117 6.66
101 118 7.66
101 119 1.18
101 120 1.58
101 121 2.27
101 122 3.04
101 123 3.86
101 124 4.69
101 125 5.53
101 126 6.44
101 127 7.44
101 128 1.71
101 129 2.17
101 130 2.78
101 131 3.47
101 132 4.20
101 133 4.96
101 134 5.72
101 135 6.50
101 136 7.50
101 137 2.19
101 138 2.76
101 139 3.38
101 140 4.04
101 141 4.73
101 142 5.44
101 143 6.15
101 144 6.82
101 145 7.81
101 146 2.14
102 1 6.03
102 2 3.80
102 3 4.50
102 4 5.11
102 5 5.71
102 6 6.32
102 7 6.91
102 8 7.47
102 9 7.87
102 10 8.82
102 11 4.06
102 12 4.93
102 13 5.68
102 14 6.38
102 15 7.07
102 16 7.73
102 17 8.35
102 18 8.83
102 19 9.79
102 20 4.18
102 21 5.18
102 22 6.04
102 23 6.84
102 24 7.61
102 25 8.36
102 26 9.06
102 27 9.64
102 28 10.61
102 29 4.16
102 30 5.24
102 31 6.19
102 32 7.07
102 33 7.92
102 34 8.74
102 35 9.52
102 36 10.23
102 37 11.22
102 38 4.00
102 39 5.11
102 40 6.11
102 41 7.06
102 42 7.97
102 43 8.86
102 44 9.72
102 45 10.56
102 46 11.56
102 47 3.70
102 48 4.79
102 49 5.82
102 50 6.80
102 51 7.76
102 52 8.70
102 53 9.64
102 54 10.60
102 55 11.60
102 56 3.28
102 57 4.30
102 58 5.32
102 59 6.32
102 60 7.31
102 61 8.29
102 62 9.28
102 63 10.36
102 64 11.35
102 65 2.76
102 66 3.64
102 67 4.63
102 68 5.63
102 69 6.63
102 70 7.63
102 71 8.67
102 72 9.84
102 73 10.82
102 74 2.17
102 75 2.86
102 76 3.78
102 77 4.76
102 78 5.77
102 79 6.79
102 80 7.85
102 81 9.09
102 82 10.06
102 83 1.58
102 84 1.97
102 85 2.82
102 86 3.79
102 87 4.79
102 88 5.81
102 89 6.88
102 90 8.17
102 91 9.12
102 92 1.13
102 93 1.00
102 94 1.82
102 95 2.80
102 96 3.80
102 97 4.82
102 98 5.89
102 99 7.17
102 100 8.12
102 101 1.11
102 102 0.00
102 103 1.03
102 104 2.02
102 105 3.01
102 106 4.00
102 107 5.02
102 108 6.24
102 109 7.20
102 110 1.54
102 111 1.00
102 112 1.22
102 113 1.91
102 114 2.74
102 115 3.62
102 116 4.53
102 117 5.57
102 118 6.56
102 119 2.13
102 120 1.96
102 121 2.13
102 122 2.57
102 123 3.17
102 124 3.86
102 125 4.60
102 126 5.39
102 127 6.39
102 128 2.72
102 129 2.86
102 130 3.13
102 131 3.54
102 132 4.04
102 133 4.61
102 134 5.20
102 135 5.75
102 136 6.73
102 137 3.24
102 138 3.64
102 139 4.06
102 140 4.53
102 141 5.04
102 142 5.58
102 143 6.11
102 144 6.53
102 145 7.49
102 146 1.16
103 1 7.00
103 2 4.82
103 3 5.52
103 4 6.11
103 5 6.68
103 6 7.22
103 7 7.75
103 8 8.23
103 9 8.49
103 10 9.40
103 11 5.06
103 12 5.95
103 13 6.70
103 14 7.40
103 15 8.07
103 16 8.71
103 17 9.29
103 18 9.68
103 19 10.62
103 20 5.14
103 21 6.16
103 22 7.04
103 23 7.86
103 24 8.64
103 25 9.38
103 26 10.07
103 27 10.62
103 28 11.59
103 29 5.06
103 30 6.16
103 31 7.13
103 32 8.04
103 33 8.91
103 34 9.74
103 35 10.54
103 36 11.26
103 37 12.25
103 38 4.83
103 39 5.93
103 40 6.95
103 41 7.92
103 42 8.86
103 43 9.77
103 44 10.67
103 45 11.55
103 46 12.55
103 47 4.45
103 48 5.49
103 49 6.52
103 50 7.52
103 51 8.50
103 52 9.47
103 53 10.44
103 54 11.48
103 55 12.48
103 56 3.95
103 57 4.86
103 58 5.84
103 59 6.84
103 60 7.84
103 61 8.85
103 62 9.88
103 63 11.05
103 64 12.03
103 65 3.38
103 66 4.06
103 67 4.95
103 68 5.92
103 69 6.92
103 70 7.94
103 71 9.01
103 72 10.29
103 73 11.25
103 74 2.78
103 75 3.13
103 76 3.88
103 77 4.79
103 78 5.77
103 79 6.79
103 80 7.89
103 81 9.24
103 82 10.17
103 83 2.26
103 84 2.13
103 85 2.67
103 86 3.50
103 87 4.46
103 88 5.48
103 89 6.58
103 90 7.98
103 91 8.89
103 92 2.00
103 93 1.22
103 94 1.36
103 95 2.14
103 96 3.10
103 97 4.12
103 98 5.22
103 99 6.62
103 100 7.53
103 101 2.12
103 102 1.03
103 103 0.00
103 104 1.00
103 105 2.00
103 106 3.01
103 107 4.06
103 108 5.36
103 109 6.30
103 110 2.56
103 111 1.82
103 112 1.36
103 113 1.43
103 114 1.96
103 115 2.70
103 116 3.54
103 117 4.54
103 118 5.54
103 119 3.14
103 120 2.82
103 121 2.67
103 122 2.74
103 123 3.03
103 124 3.46
103 125 3.99
103 126 4.56
103 127 5.55
103 128 3.74
103 129 3.78
103 130 3.89
103 131 4.09
103 132 4.38
103 133 4.74
103 134 5.12
103 135 5.39
103 136 6.33
103 137 4.27
103 138 4.63
103 139 4.95
103 140 5.31
103 141 5.69
103 142 6.10
103 143 6.47
103 144 6.65
103 145 7.56
103 146 0.51
104 1 7.91
104 2 5.79
104 3 6.52
104 4 7.12
104 5 7.67
104 6 8.19
104 7 8.68
104 8 9.10
104 9 9.26
104 10 10.15
104 11 6.00
104 12 6.92
104 13 7.70
104 14 8.41
104 15 9.07
104 16 9.70
104 17 10.26
104 18 10.60
104 19 11.53
104 20 6.04
104 21 7.09
104 22 8.00
104 23 8.83
104 24 9.63
104 25 10.38
104 26 11.08
104 27 11.62
104 28 12.58
104 29 5.91
104 30 7.02
104 31 8.01
104 32 8.94
104 33 9.83
104 34 10.69
104 35 11.51
104 36 12.25
104 37 13.24
104 38 5.62
104 39 6.70
104 40 7.73
104 41 8.71
104 42 9.68
104 43 10.62
104 44 11.54
104 45 12.47
104 46 13.47
104 47 5.18
104 48 6.16
104 49 7.17
104 50 8.17
104 51 9.17
104 52 10.16
104 53 11.17
104 54 12.27
104 55 13.26
104 56 4.64
104 57 5.43
104 58 6.35
104 59 7.33
104 60 8.33
104 61 9.35
104 62 10.42
104 63 11.66
104 64 12.63
104 65 4.04
104 66 4.53
104 67 5.31
104 68 6.21
104 69 7.19
104 70 8.21
104 71 9.31
104 72 10.67
104 73 11.60
104 74 3.47
104 75 3.54
104 76 4.08
104 77 4.87
104 78 5.79
104 79 6.79
104 80 7.90
104 81 9.34
104 82 10.23
104 83 3.04
104 84 2.57
104 85 2.74
104 86 3.35
104 87 4.19
104 88 5.17
104 89 6.28
104 90 7.76
104 91 8.62
104 92 2.90
104 93 1.91
104 94 1.43
104 95 1.71
104 96 2.49
104 97 3.46
104 98 4.57
104 99 6.05
104 100 6.91
104 101 3.10
104 102 2.02
104 103 1.00
104 104 0.00
104 105 1.00
104 106 2.02
104 107 3.10
104 108 4.47
104 109 5.39
104 110 3.56
104 111 2.80
104 112 2.14
104 113 1.71
104 114 1.66
104 115 2.04
104 116 2.68
104 117 3.56
104 118 4.56
104 119 4.15
104 120 3.79
104 121 3.51
104 122 3.35
104 123 3.35
104 124 3.50
104 125 3.74
104 126 3.97
104 127 4.92
104 128 4.74
104 129 4.76
104 130 4.79
104 131 4.87
104 132 5.01
104 133 5.20
104 134 5.39
104 135 5.36
104 136 6.23
104 137 5.27
104 138 5.63
104 139 5.92
104 140 6.21
104 141 6.52
104 142 6.82
104 143 7.08
104 144 7.06
104 145 7.91
104 146 1.04
105 1 8.78
105 2 6.74
105 3 7.50
105 4 8.11
105 5 8.67
105 6 9.19
105 7 9.66
105 8 10.06
105 9 10.15
105 10 11.01
105 11 6.91
105 12 7.87
105 13 8.66
105 14 9.39
105 15 10.07
105 16 10.71
105 17 11.26
105 18 11.58
105 19 12.50
105 20 6.91
105 21 7.98
105 22 8.91
105 23 9.77
105 24 10.59
105 25 11.36
105 26 12.07
105 27 12.62
105 28 13.59
105 29 6.73
105 30 7.84
105 31 8.85
105 32 9.80
105 33 10.71
105 34 11.59
105 35 12.44
105 36 13.22
105 37 14.21
105 38 6.38
105 39 7.44
105 40 8.47
105 41 9.47
105 42 10.44
105 43 11.41
105 44 12.36
105 45 13.35
105 46 14.35
105 47 5.90
105 48 6.82
105 49 7.79
105 50 8.79
105 51 9.79
105 52 10.80
105 53 11.84
105 54 13.01
105 55 13.99
105 56 5.33
105 57 6.00
105 58 6.86
105 59 7.79
105 60 8.78
105 61 9.81
105 62 10.89
105 63 12.21
105 64 13.16
105 65 4.73
105 66 5.04
105 67 5.69
105 68 6.52
105 69 7.45
105 70 8.45
105 71 9.56
105 72 10.99
105 73 11.89
105 74 4.20
105 75 4.04
105 76 4.38
105 77 5.01
105 78 5.84
105 79 6.80
105 80 7.90
105 81 9.40
105 82 10.24
105 83 3.86
105 84 3.17
105 85 3.02
105 86 3.35
105 87 4.01
105 88 4.90
105 89 5.98
105 90 7.52
105 91 8.31
105 92 3.81
105 93 2.74
105 94 1.96
105 95 1.66
105 96 2.05
105 97 2.87
105 98 3.94
105 99 5.49
105 100 6.27
105 101 4.06
105 102 3.01
105 103 2.00
105 104 1.00
105 105 0.00
105 106 1.03
105 107 2.12
105 108 3.57
105 109 4.44
105 110 4.55
105 111 3.80
105 112 3.10
105 113 2.49
105 114 2.05
105 115 1.89
105 116 2.09
105 117 2.64
105 118 3.64
105 119 5.14
105 120 4.79
105 121 4.46
105 122 4.19
105 123 4.02
105 124 3.93
105 125 3.89
105 126 3.71
105 127 4.57
105 128 5.73
105 129 5.77
105 130 5.77
105 131 5.79
105 132 5.84
105 133 5.91
105 134 5.94
105 135 5.66
105 136 6.43
105 137 6.24
105 138 6.63
105 139 6.92
105 140 7.19
105 141 7.45
105 142 7.69
105 143 7.86
105 144 7.69
105 145 8.48
105 146 1.93
106 1 9.62
106 2 7.67
106 3 8.47
106 4 9.11
106 5 9.69
106 6 10.21
106 7 10.69
106 8 11.07
106 9 11.13
106 10 11.98
106 11 7.80
106 12 8.79
106 13 9.62
106 14 10.37
106 15 11.07
106 16 11.72
106 17 12.29
106 18 12.61
106 19 13.53
106 20 7.75
106 21 8.85
106 22 9.80
106 23 10.69
106 24 11.52
106 25 12.32
106 26 13.05
106 27 13.63
106 28 14.60
106 29 7.53
106 30 8.63
106 31 9.65
106 32 10.62
106 33 11.56
106 34 12.46
106 35 13.34
106 36 14.16
106 37 15.16
106 38 7.14
106 39 8.16
106 40 9.17
106 41 10.18
106 42 11.17
106 43 12.15
106 44 13.14
106 45 14.18
106 46 15.18
106 47 6.62
106 48 7.45
106 49 8.39
106 50 9.37
106 51 10.37
106 52 11.39
106 53 12.46
106 54 13.69
106 55 14.66
106 56 6.03
106 57 6.57
106 58 7.35
106 59 8.23
106 60 9.19
106 61 10.22
106 62 11.32
106 63 12.70
106 64 13.62
106 65 5.44
106 66 5.58
106 67 6.10
106 68 6.82
106 69 7.69
106 70 8.66
106 71 9.77
106 72 11.25
106 73 12.11
106 74 4.96
106 75 4.61
106 76 4.74
106 77 5.20
106 78 5.91
106 79 6.79
106 80 7.87
106 81 9.41
106 82 10.19
106 83 4.69
106 84 3.86
106 85 3.46
106 86 3.50
106 87 3.93
106 88 4.67
106 89 5.69
106 90 7.26
106 91 7.96
106 92 4.71
106 93 3.62
106 94 2.70
106 95 2.04
106 96 1.89
106 97 2.38
106 98 3.33
106 99 4.90
106 100 5.58
106 101 5.02
106 102 4.00
106 103 3.01
106 104 2.02
106 105 1.03
106 106 0.00
106 107 1.11
106 108 2.62
106 109 3.45
106 110 5.53
106 111 4.82
106 112 4.12
106 113 3.46
106 114 2.87
106 115 2.38
106 116 2.05
106 117 1.92
106 118 2.88
106 119 6.12
106 120 5.81
106 121 5.48
106 122 5.17
106 123 4.90
106 124 4.67
106 125 4.43
106 126 3.87
106 127 4.58
106 128 6.71
106 129 6.79
106 130 6.79
106 131 6.79
106 132 6.80
106 133 6.79
106 134 6.72
106 135 6.25
106 136 6.93
106 137 7.21
106 138 7.63
106 139 7.94
106 140 8.21
106 141 8.45
106 142 8.66
106 143 8.78
106 144 8.51
106 145 9.25
106 146 2.88
107 1 10.42
107 2 8.59
107 3 9.44
107 4 10.12
107 5 10.73
107 6 11.29
107 7 11.78
107 8 12.18
107 9 12.24
107 10 13.09
107 11 8.68
107 12 9.70
107 13 10.57
107 14 11.35
107 15 12.08
107 16 12.76
107 17 13.35
107 18 13.70
107 19 14.63
107 20 8.58
107 21 9.68
107 22 10.66
107 23 11.58
107 24 12.44
107 25 13.27
107 26 14.03
107 27 14.66
107 28 15.64
107 29 8.30
107 30 9.38
107 31 10.41
107 32 11.40
107 33 12.35
107 34 13.29
107 35 14.20
107 36 15.08
107 37 16.08
107 38 7.86
107 39 8.83
107 40 9.82
107 41 10.82
107 42 11.82
107 43 12.83
107 44 13.84
107 45 14.95
107 46 15.95
107 47 7.31
107 48 8.05
107 49 8.93
107 50 9.88
107 51 10.87
107 52 11.89
107 53 12.98
107 54 14.28
107 55 15.23
107 56 6.71
107 57 7.11
107 58 7.79
107 59 8.61
107 60 9.53
107 61 10.53
107 62 11.64
107 63 13.08
107 64 13.97
107 65 6.15
107 66 6.11
107 67 6.47
107 68 7.08
107 69 7.86
107 70 8.78
107 71 9.87
107 72 11.40
107 73 12.20
107 74 5.72
107 75 5.20
107 76 5.12
107 77 5.39
107 78 5.94
107 79 6.72
107 80 7.74
107 81 9.31
107 82 10.01
107 83 5.54
107 84 4.60
107 85 3.99
107 86 3.74
107 87 3.89
107 88 4.43
107 89 5.32
107 90 6.88
107 91 7.48
107 92 5.64
107 93 4.53
107 94 3.54
107 95 2.68
107 96 2.09
107 97 2.05
107 98 2.71
107 99 4.23
107 100 4.78
107 101 6.00
107 102 5.02
107 103 4.06
107 104 3.10
107 105 2.12
107 106 1.11
107 107 0.00
107 108 1.57
107 109 2.34
107 110 6.53
107 111 5.89
107 112 5.22
107 113 4.57
107 114 3.94
107 115 3.33
107 116 2.71
107 117 1.83
107 118 2.54
107 119 7.13
107 120 6.88
107 121 6.58
107 122 6.28
107 123 5.98
107 124 5.69
107 125 5.32
107 126 4.52
107 127 5.07
107 128 7.70
107 129 7.84
107 130 7.89
107 131 7.90
107 132 7.90
107 133 7.87
107 134 7.74
107 135 7.15
107 136 7.76
107 137 8.18
107 138 8.67
107 139 9.01
107 140 9.31
107 141 9.56
107 142 9.77
107 143 9.87
107 144 9.55
107 145 10.26
107 146 3.88
108 1 11.14
108 2 9.55
108 3 10.48
108 4 11.25
108 5 11.93
108 6 12.55
108 7 13.11
108 8 13.57
108 9 13.72
108 10 14.58
108 11 9.55
108 12 10.62
108 13 11.55
108 14 12.39
108 15 13.18
108 16 13.92
108 17 14.59
108 18 15.04
108 19 15.98
108 20 9.36
108 21 10.47
108 22 11.49
108 23 12.44
108 24 13.36
108 25 14.23
108 26 15.07
108 27 15.80
108 28 16.79
108 29 9.00
108 30 10.05
108 31 11.07
108 32 12.07
108 33 13.05
108 34 14.03
108 35 15.00
108 36 15.99
108 37 16.99
108 38 8.51
108 39 9.37
108 40 10.31
108 41 11.29
108 42 12.29
108 43 13.31
108 44 14.37
108 45 15.59
108 46 16.57
108 47 7.92
108 48 8.49
108 49 9.27
108 50 10.15
108 51 11.11
108 52 12.12
108 53 13.23
108 54 14.62
108 55 15.54
108 56 7.33
108 57 7.50
108 58 8.01
108 59 8.71
108 60 9.54
108 61 10.50
108 62 11.60
108 63 13.11
108 64 13.94
108 65 6.82
108 66 6.53
108 67 6.65
108 68 7.06
108 69 7.69
108 70 8.51
108 71 9.55
108 72 11.11
108 73 11.83
108 74 6.50
108 75 5.75
108 76 5.39
108 77 5.36
108 78 5.66
108 79 6.25
108 80 7.15
108 81 8.71
108 82 9.30
108 83 6.44
108 84 5.39
108 85 4.56
108 86 3.97
108 87 3.71
108 88 3.87
108 89 4.52
108 90 5.99
108 91 6.44
108 92 6.66
108 93 5.57
108 94 4.54
108 95 3.56
108 96 2.64
108 97 1.92
108 98 1.83
108 99 3.05
108 100 3.39
108 101 7.10
108 102 6.24
108 103 5.36
108 104 4.47
108 105 3.57
108 106 2.62
108 107 1.57
108 108 0.00
108 109 1.00
108 110 7.68
108 111 7.17
108 112 6.62
108 113 6.05
108 114 5.49
108 115 4.90
108 116 4.23
108 117 3.05
108 118 3.39
108 119 8.27
108 120 8.17
108 121 7.98
108 122 7.76
108 123 7.52
108 124 7.26
108 125 6.88
108 126 5.99
108 127 6.44
108 128 8.82
108 129 9.09
108 130 9.24
108 131 9.34
108 132 9.40
108 133 9.41
108 134 9.31
108 135 8.71
108 136 9.30
108 137 9.24
108 138 9.84
108 139 10.29
108 140 10.67
108 141 10.99
108 142 11.25
108 143 11.40
108 144 11.11
108 145 11.83
108 146 5.08
109 1 12.13
109 2 10.55
109 3 11.48
109 4 12.24
109 5 12.91
109 6 13.51
109 7 14.05
109 8 14.49
109 9 14.58
109 10 15.43
109 11 10.55
109 12 11.62
109 13 12.55
109 14 13.39
109 15 14.18
109 16 14.91
109 17 15.56
109 18 15.98
109 19 16.91
109 20 10.36
109 21 11.47
109 22 12.48
109 23 13.44
109 24 14.35
109 25 15.23
109 26 16.06
109 27 16.79
109 28 17.78
109 29 10.00
109 30 11.03
109 31 12.05
109 32 13.05
109 33 14.04
109 34 15.02
109 35 15.99
109 36 16.99
109 37 17.99
109 38 9.49
109 39 10.34
109 40 11.27
109 41 12.24
109 42 13.24
109 43 14.27
109 44 15.33
109 45 16.57
109 46 17.54
109 47 8.90
109 48 9.45
109 49 10.20
109 50 11.07
109 51 12.01
109 52 13.02
109 53 14.13
109 54 15.54
109 55 16.44
109 56 8.31
109 57 8.46
109 58 8.92
109 59 9.58
109 60 10.39
109 61 11.32
109 62 12.41
109 63 13.94
109 64 14.74
109 65 7.81
109 66 7.49
109 67 7.56
109 68 7.91
109 69 8.48
109 70 9.25
109 71 10.26
109 72 11.83
109 73 12.50
109 74 7.50
109 75 6.73
109 76 6.33
109 77 6.23
109 78 6.43
109 79 6.93
109 80 7.76
109 81 9.30
109 82 9.80
109 83 7.44
109 84 6.39
109 85 5.55
109 86 4.92
109 87 4.57
109 88 4.58
109 89 5.07
109 90 6.44
109 91 6.74
109 92 7.66
109 93 6.56
109 94 5.54
109 95 4.56
109 96 3.64
109 97 2.88
109 98 2.54
109 99 3.39
109 100 3.43
109 101 8.09
109 102 7.20
109 103 6.30
109 104 5.39
109 105 4.44
109 106 3.45
109 107 2.34
109 108 1.00
109 109 0.00
109 110 8.66
109 111 8.12
109 112 7.53
109 113 6.91
109 114 6.27
109 115 5.58
109 116 4.78
109 117 3.39
109 118 3.43
109 119 9.26
109 120 9.12
109 121 8.89
109 122 8.61
109 123 8.31
109 124 7.96
109 125 7.48
109 126 6.44
109 127 6.74
109 128 9.80
109 129 10.06
109 130 10.17
109 131 10.23
109 132 10.24
109 133 10.19
109 134 10.01
109 135 9.30
109 136 9.80
109 137 10.23
109 138 10.82
109 139 11.25
109 140 11.60
109 141 11.89
109 142 12.11
109 143 12.20
109 144 11.83
109 145 12.50
109 146 6.04
110 1 4.70
110 2 2.34
110 3 2.96
110 4 3.59
110 5 4.26
110 6 4.95
110 7 5.65
110 8 6.34
110 9 6.99
110 10 7.98
110 11 2.69
110 12 3.44
110 13 4.14
110 14 4.84
110 15 5.55
110 16 6.25
110 17 6.93
110 18 7.54
110 19 8.52
110 20 2.95
110 21 3.82
110 22 4.60
110 23 5.35
110 24 6.09
110 25 6.82
110 26 7.52
110 27 8.14
110 28 9.12
110 29 3.11
110 30 4.08
110 31 4.93
110 32 5.74
110 33 6.53
110 34 7.30
110 35 8.03
110 36 8.70
110 37 9.69
110 38 3.14
110 39 4.19
110 40 5.11
110 41 5.97
110 42 6.81
110 43 7.63
110 44 8.42
110 45 9.15
110 46 10.15
110 47 3.06
110 48 4.16
110 49 5.13
110 50 6.04
110 51 6.93
110 52 7.79
110 53 8.63
110 54 9.45
110 55 10.45
110 56 2.87
110 57 3.98
110 58 4.99
110 59 5.94
110 60 6.87
110 61 7.77
110 62 8.67
110 63 9.57
110 64 10.57
110 65 2.58
110 66 3.67
110 67 4.70
110 68 5.68
110 69 6.63
110 70 7.57
110 71 8.51
110 72 9.50
110 73 10.49
110 74 2.18
110 75 3.24
110 76 4.27
110 77 5.27
110 78 6.24
110 79 7.21
110 80 8.18
110 81 9.24
110 82 10.23
110 83 1.71
110 84 2.72
110 85 3.74
110 86 4.74
110 87 5.73
110 88 6.71
110 89 7.70
110 90 8.81
110 91 9.80
110 92 1.18
110 93 2.13
110 94 3.15
110 95 4.15
110 96 5.14
110 97 6.12
110 98 7.13
110 99 8.27
110 100 9.26
110 101 0.60
110 102 1.54
110 103 2.56
110 104 3.56
110 105 4.55
110 106 5.53
110 107 6.53
110 108 7.68
110 109 8.66
110 110 0.00
110 111 1.11
110 112 2.12
110 113 3.10
110 114 4.06
110 115 5.02
110 116 6.00
110 117 7.10
110 118 8.09
110 119 0.60
110 120 1.13
110 121 2.00
110 122 2.90
110 123 3.81
110 124 4.71
110 125 5.64
110 126 6.66
110 127 7.66
110 128 1.18
110 129 1.58
110 130 2.27
110 131 3.04
110 132 3.86
110 133 4.69
110 134 5.54
110 135 6.44
110 136 7.44
110 137 1.71
110 138 2.17
110 139 2.78
110 140 3.47
110 141 4.20
110 142 4.96
110 143 5.72
110 144 6.50
110 145 7.50
110 146 2.66
111 1 5.81
111 2 3.41
111 3 3.90
111 4 4.37
111 5 4.87
111 6 5.40
111 7 5.95
111 8 6.47
111 9 6.87
111 10 7.83
111 11 3.80
111 12 4.50
111 13 5.11
111 14 5.71
111 15 6.32
111 16 6.91
111 17 7.47
111 18 7.87
111 19 8.82
111 20 4.06
111 21 4.93
111 22 5.68
111 23 6.38
111 24 7.07
111 25 7.73
111 26 8.35
111 27 8.83
111 28 9.79
111 29 4.19
111 30 5.18
111 31 6.04
111 32 6.84
111 33 7.61
111 34 8.36
111 35 9.06
111 36 9.64
111 37 10.61
111 38 4.16
111 39 5.24
111 40 6.19
111 41 7.07
111 42 7.92
111 43 8.74
111 44 9.52
111 45 10.23
111 46 11.22
111 47 4.00
111 48 5.11
111 49 6.11
111 50 7.06
111 51 7.97
111 52 8.86
111 53 9.72
111 54 10.56
111 55 11.56
111 56 3.70
111 57 4.79
111 58 5.82
111 59 6.80
111 60 7.76
111 61 8.70
111 62 9.64
111 63 10.60
111 64 11.60
111 65 3.28
111 66 4.30
111 67 5.32
111 68 6.32
111 69 7.30
111 70 8.29
111 71 9.28
111 72 10.36
111 73 11.35
111 74 2.76
111 75 3.64
111 76 4.63
111 77 5.63
111 78 6.63
111 79 7.63
111 80 8.67
111 81 9.84
111 82 10.82
111 83 2.17
111 84 2.86
111 85 3.78
111 86 4.76
111 87 5.77
111 88 6.79
111 89 7.84
111 90 9.09
111 91 10.06
111 92 1.58
111 93 1.97
111 94 2.82
111 95 3.79
111 96 4.79
111 97 5.81
111 98 6.88
111 99 8.17
111 100 9.12
111 101 1.13
111 102 1.00
111 103 1.82
111 104 2.80
111 105 3.80
111 106 4.82
111 107 5.89
111 108 7.17
111 109 8.12
111 110 1.11
111 111 0.00
111 112 1.03
111 113 2.02
111 114 3.01
111 115 4.00
111 116 5.02
111 117 6.24
111 118 7.20
111 119 1.54
111 120 1.00
111 121 1.22
111 122 1.91
111 123 2.74
111 124 3.62
111 125 4.53
111 126 5.57
111 127 6.56
111 128 2.13
111 129 1.96
111 130 2.13
111 131 2.57
111 132 3.17
111 133 3.86
111 134 4.60
111 135 5.39
111 136 6.39
111 137 2.72
111 138 2.86
111 139 3.13
111 140 3.54
111 141 4.04
111 142 4.61
111 143 5.20
111 144 5.75
111 145 6.73
111 146 2.11
112 1 6.82
112 2 4.44
112 3 4.90
112 4 5.30
112 5 5.71
112 6 6.14
112 7 6.57
112 8 6.96
112 9 7.15
112 10 8.05
112 11 4.82
112 12 5.52
112 13 6.11
112 14 6.68
112 15 7.22
112 16 7.75
112 17 8.23
112 18 8.49
112 19 9.40
112 20 5.06
112 21 5.95
112 22 6.70
112 23 7.40
112 24 8.07
112 25 8.71
112 26 9.29
112 27 9.68
112 28 10.62
112 29 5.14
112 30 6.16
112 31 7.04
112 32 7.86
112 33 8.64
112 34 9.38
112 35 10.07
112 36 10.62
112 37 11.59
112 38 5.06
112 39 6.16
112 40 7.13
112 41 8.04
112 42 8.91
112 43 9.74
112 44 10.54
112 45 11.26
112 46 12.25
112 47 4.83
112 48 5.93
112 49 6.95
112 50 7.92
112 51 8.86
112 52 9.77
112 53 10.67
112 54 11.55
112 55 12.55
112 56 4.45
112 57 5.49
112 58 6.52
112 59 7.52
112 60 8.50
112 61 9.47
112 62 10.44
112 63 11.48
112 64 12.48
112 65 3.95
112 66 4.86
112 67 5.84
112 68 6.84
112 69 7.84
112 70 8.85
112 71 9.88
112 72 11.05
112 73 12.03
112 74 3.38
112 75 4.06
112 76 4.95
112 77 5.92
112 78 6.92
112 79 7.94
112 80 9.01
112 81 10.29
112 82 11.25
112 83 2.78
112 84 3.13
112 85 3.88
112 86 4.79
112 87 5.77
112 88 6.79
112 89 7.89
112 90 9.24
112 91 10.17
112 92 2.26
112 93 2.13
112 94 2.67
112 95 3.51
112 96 4.46
112 97 5.48
112 98 6.58
112 99 7.98
112 100 8.89
112 101 2.00
112 102 1.22
112 103 1.36
112 104 2.14
112 105 3.10
112 106 4.12
112 107 5.22
112 108 6.62
112 109 7.53
112 110 2.12
112 111 1.03
112 112 0.00
112 113 1.00
112 114 2.00
112 115 3.01
112 116 4.06
112 117 5.36
112 118 6.30
112 119 2.56
112 120 1.82
112 121 1.36
112 122 1.43
112 123 1.96
112 124 2.70
112 125 3.54
112 126 4.54
112 127 5.54
112 128 3.14
112 129 2.82
112 130 2.67
112 131 2.74
112 132 3.03
112 133 3.46
112 134 3.99
112 135 4.56
112 136 5.55
112 137 3.74
112 138 3.78
112 139 3.88
112 140 4.09
112 141 4.38
112 142 4.74
112 143 5.12
112 144 5.39
112 145 6.33
112 146 1.82
113 1 7.79
113 2 5.43
113 3 5.90
113 4 6.28
113 5 6.65
113 6 7.01
113 7 7.36
113 8 7.66
113 9 7.67
113 10 8.53
113 11 5.79
113 12 6.52
113 13 7.12
113 14 7.67
113 15 8.19
113 16 8.68
113 17 9.10
113 18 9.26
113 19 10.15
113 20 6.00
113 21 6.92
113 22 7.69
113 23 8.40
113 24 9.07
113 25 9.70
113 26 10.26
113 27 10.60
113 28 11.53
113 29 6.04
113 30 7.09
113 31 8.00
113 32 8.83
113 33 9.63
113 34 10.38
113 35 11.08
113 36 11.62
113 37 12.58
113 38 5.91
113 39 7.02
113 40 8.01
113 41 8.94
113 42 9.83
113 43 10.69
113 44 11.51
113 45 12.25
113 46 13.24
113 47 5.61
113 48 6.70
113 49 7.73
113 50 8.71
113 51 9.68
113 52 10.62
113 53 11.54
113 54 12.47
113 55 13.47
113 56 5.18
113 57 6.16
113 58 7.17
113 59 8.17
113 60 9.17
113 61 10.16
113 62 11.17
113 63 12.27
113 64 13.26
113 65 4.64
113 66 5.43
113 67 6.35
113 68 7.33
113 69 8.33
113 70 9.35
113 71 10.41
113 72 11.66
113 73 12.63
113 74 4.04
113 75 4.53
113 76 5.31
113 77 6.21
113 78 7.18
113 79 8.21
113 80 9.31
113 81 10.67
113 82 11.60
113 83 3.47
113 84 3.54
113 85 4.08
113 86 4.87
113 87 5.79
113 88 6.79
113 89 7.90
113 90 9.34
113 91 10.23
113 92 3.04
113 93 2.57
113 94 2.74
113 95 3.35
113 96 4.19
113 97 5.17
113 98 6.28
113 99 7.76
113 100 8.61
113 101 2.90
113 102 1.91
113 103 1.43
113 104 1.71
113 105 2.49
113 106 3.46
113 107 4.57
113 108 6.05
113 109 6.91
113 110 3.10
113 111 2.02
113 112 1.00
113 113 0.00
113 114 1.00
113 115 2.02
113 116 3.10
113 117 4.47
113 118 5.39
113 119 3.56
113 120 2.80
113 121 2.14
113 122 1.71
113 123 1.66
113 124 2.04
113 125 2.68
113 126 3.56
113 127 4.56
113 128 4.15
113 129 3.79
113 130 3.51
113 131 3.35
113 132 3.35
113 133 3.50
113 134 3.74
113 135 3.97
113 136 4.92
113 137 4.74
113 138 4.76
113 139 4.79
113 140 4.87
113 141 5.01
113 142 5.20
113 143 5.39
113 144 5.36
113 145 6.23
113 146 1.93
114 1 8.73
114 2 6.40
114 3 6.90
114 4 7.28
114 5 7.63
114 6 7.96
114 7 8.27
114 8 8.50
114 9 8.39
114 10 9.20
114 11 6.74
114 12 7.50
114 13 8.11
114 14 8.67
114 15 9.19
114 16 9.66
114 17 10.06
114 18 10.15
114 19 11.01
114 20 6.91
114 21 7.87
114 22 8.66
114 23 9.39
114 24 10.07
114 25 10.70
114 26 11.26
114 27 11.58
114 28 12.50
114 29 6.91
114 30 7.98
114 31 8.91
114 32 9.77
114 33 10.59
114 34 11.36
114 35 12.07
114 36 12.62
114 37 13.59
114 38 6.73
114 39 7.84
114 40 8.85
114 41 9.80
114 42 10.71
114 43 11.59
114 44 12.44
114 45 13.22
114 46 14.21
114 47 6.38
114 48 7.44
114 49 8.47
114 50 9.47
114 51 10.44
114 52 11.41
114 53 12.36
114 54 13.35
114 55 14.35
114 56 5.90
114 57 6.82
114 58 7.79
114 59 8.79
114 60 9.79
114 61 10.80
114 62 11.84
114 63 13.01
114 64 13.99
114 65 5.33
114 66 6.00
114 67 6.86
114 68 7.79
114 69 8.78
114 70 9.81
114 71 10.89
114 72 12.21
114 73 13.16
114 74 4.73
114 75 5.04
114 76 5.69
114 77 6.52
114 78 7.44
114 79 8.45
114 80 9.56
114 81 10.99
114 82 11.89
114 83 4.20
114 84 4.04
114 85 4.38
114 86 5.01
114 87 5.84
114 88 6.79
114 89 7.90
114 90 9.40
114 91 10.24
114 92 3.86
114 93 3.17
114 94 3.02
114 95 3.35
114 96 4.02
114 97 4.90
114 98 5.98
114 99 7.52
114 100 8.31
114 101 3.80
114 102 2.74
114 103 1.96
114 104 1.66
114 105 2.05
114 106 2.87
114 107 3.94
114 108 5.49
114 109 6.27
114 110 4.06
114 111 3.01
114 112 2.00
114 113 1.00
114 114 0.00
114 115 1.03
114 116 2.12
114 117 3.57
114 118 4.44
114 119 4.55
114 120 3.80
114 121 3.10
114 122 2.49
114 123 2.05
114 124 1.89
114 125 2.09
114 126 2.64
114 127 3.64
114 128 5.14
114 129 4.79
114 130 4.46
114 131 4.19
114 132 4.02
114 133 3.93
114 134 3.89
114 135 3.71
114 136 4.57
114 137 5.73
114 138 5.77
114 139 5.77
114 140 5.79
114 141 5.84
114 142 5.91
114 143 5.94
114 144 5.66
114 145 6.43
114 146 2.36
115 1 9.65
115 2 7.36
115 3 7.90
115 4 8.30
115 5 8.66
115 6 8.98
115 7 9.27
115 8 9.46
115 9 9.27
115 10 10.04
115 11 7.67
115 12 8.47
115 13 9.11
115 14 9.69
115 15 10.21
115 16 10.69
115 17 11.07
115 18 11.13
115 19 11.98
115 20 7.80
115 21 8.79
115 22 9.62
115 23 10.37
115 24 11.07
115 25 11.72
115 26 12.29
115 27 12.61
115 28 13.53
115 29 7.75
115 30 8.85
115 31 9.80
115 32 10.69
115 33 11.52
115 34 12.32
115 35 13.05
115 36 13.63
115 37 14.60
115 38 7.53
115 39 8.63
115 40 9.65
115 41 10.62
115 42 11.56
115 43 12.46
115 44 13.34
115 45 14.16
115 46 15.16
115 47 7.14
115 48 8.16
115 49 9.17
115 50 10.18
115 51 11.17
115 52 12.15
115 53 13.14
115 54 14.18
115 55 15.18
115 56 6.62
115 57 7.45
115 58 8.39
115 59 9.37
115 60 10.37
115 61 11.39
115 62 12.46
115 63 13.68
115 64 14.66
115 65 6.03
115 66 6.57
115 67 7.35
115 68 8.23
115 69 9.19
115 70 10.21
115 71 11.32
115 72 12.70
115 73 13.62
115 74 5.44
115 75 5.58
115 76 6.09
115 77 6.82
115 78 7.69
115 79 8.66
115 80 9.77
115 81 11.25
115 82 12.11
115 83 4.96
115 84 4.61
115 85 4.74
115 86 5.20
115 87 5.91
115 88 6.79
115 89 7.87
115 90 9.41
115 91 10.19
115 92 4.69
115 93 3.86
115 94 3.46
115 95 3.50
115 96 3.93
115 97 4.67
115 98 5.69
115 99 7.26
115 100 7.96
115 101 4.71
115 102 3.62
115 103 2.70
115 104 2.04
115 105 1.89
115 106 2.38
115 107 3.33
115 108 4.90
115 109 5.58
115 110 5.02
115 111 4.00
115 112 3.01
115 113 2.02
115 114 1.03
115 115 0.00
115 116 1.11
115 117 2.62
115 118 3.45
115 119 5.53
115 120 4.82
115 121 4.12
115 122 3.46
115 123 2.87
115 124 2.38
115 125 2.05
115 126 1.92
115 127 2.88
115 128 6.12
115 129 5.81
115 130 5.48
115 131 5.17
115 132 4.90
115 133 4.67
115 134 4.43
115 135 3.87
115 136 4.58
115 137 6.71
115 138 6.79
115 139 6.79
115 140 6.79
115 141 6.79
115 142 6.79
115 143 6.72
115 144 6.25
115 145 6.93
115 146 2.99
116 1 10.54
116 2 8.32
116 3 8.92
116 4 9.36
116 5 9.75
116 6 10.09
116 7 10.38
116 8 10.56
116 9 10.34
116 10 11.09
116 11 8.59
116 12 9.44
116 13 10.12
116 14 10.73
116 15 11.29
116 16 11.78
116 17 12.18
116 18 12.24
116 19 13.09
116 20 8.68
116 21 9.70
116 22 10.56
116 23 11.35
116 24 12.08
116 25 12.76
116 26 13.35
116 27 13.70
116 28 14.63
116 29 8.58
116 30 9.68
116 31 10.66
116 32 11.58
116 33 12.44
116 34 13.27
116 35 14.03
116 36 14.66
116 37 15.64
116 38 8.30
116 39 9.38
116 40 10.41
116 41 11.40
116 42 12.35
116 43 13.29
116 44 14.20
116 45 15.08
116 46 16.08
116 47 7.86
116 48 8.83
116 49 9.82
116 50 10.82
116 51 11.82
116 52 12.83
116 53 13.84
116 54 14.95
116 55 15.95
116 56 7.31
116 57 8.05
116 58 8.93
116 59 9.88
116 60 10.87
116 61 11.89
116 62 12.98
116 63 14.28
116 64 15.23
116 65 6.71
116 66 7.11
116 67 7.79
116 68 8.61
116 69 9.53
116 70 10.53
116 71 11.64
116 72 13.08
116 73 13.97
116 74 6.15
116 75 6.11
116 76 6.47
116 77 7.08
116 78 7.86
116 79 8.78
116 80 9.87
116 81 11.40
116 82 12.20
116 83 5.72
116 84 5.20
116 85 5.12
116 86 5.39
116 87 5.94
116 88 6.72
116 89 7.74
116 90 9.31
116 91 10.01
116 92 5.54
116 93 4.60
116 94 3.99
116 95 3.74
116 96 3.89
116 97 4.43
116 98 5.32
116 99 6.88
116 100 7.48
116 101 5.64
116 102 4.53
116 103 3.54
116 104 2.68
116 105 2.09
116 106 2.05
116 107 2.71
116 108 4.23
116 109 4.78
116 110 6.00
116 111 5.02
116 112 4.06
116 113 3.10
116 114 2.12
116 115 1.11
116 116 0.00
116 117 1.57
116 118 2.34
116 119 6.53
116 120 5.89
116 121 5.22
116 122 4.57
116 123 3.94
116 124 3.33
116 125 2.71
116 126 1.83
116 127 2.54
116 128 7.13
116 129 6.88
116 130 6.58
116 131 6.28
116 132 5.98
116 133 5.69
116 134 5.32
116 135 4.52
116 136 5.07
116 137 7.70
116 138 7.84
116 139 7.89
116 140 7.90
116 141 7.90
116 142 7.87
116 143 7.74
116 144 7.15
116 145 7.76
116 146 3.71
117 1 11.42
117 2 9.35
117 3 10.06
117 4 10.60
117 5 11.07
117 6 11.48
117 7 11.83
117 8 12.06
117 9 11.89
117 10 12.65
117 11 9.55
117 12 10.48
117 13 11.25
117 14 11.93
117 15 12.55
117 16 13.11
117 17 13.57
117 18 13.71
117 19 14.58
117 20 9.55
117 21 10.62
117 22 11.55
117 23 12.39
117 24 13.18
117 25 13.92
117 26 14.59
117 27 15.03
117 28 15.98
117 29 9.36
117 30 10.47
117 31 11.48
117 32 12.44
117 33 13.35
117 34 14.23
117 35 15.07
117 36 15.80
117 37 16.79
117 38 9.00
117 39 10.05
117 40 11.07
117 41 12.07
117 42 13.05
117 43 14.03
117 44 14.99
117 45 15.99
117 46 16.99
117 47 8.51
117 48 9.37
117 49 10.31
117 50 11.29
117 51 12.29
117 52 13.31
117 53 14.37
117 54 15.59
117 55 16.57
117 56 7.92
117 57 8.49
117 58 9.27
117 59 10.15
117 60 11.10
117 61 12.12
117 62 13.23
117 63 14.62
117 64 15.54
117 65 7.33
117 66 7.50
117 67 8.01
117 68 8.71
117 69 9.54
117 70 10.50
117 71 11.60
117 72 13.11
117 73 13.94
117 74 6.82
117 75 6.53
117 76 6.65
117 77 7.06
117 78 7.69
117 79 8.51
117 80 9.55
117 81 11.11
117 82 11.83
117 83 6.50
117 84 5.75
117 85 5.39
117 86 5.36
117 87 5.66
117 88 6.25
117 89 7.15
117 90 8.71
117 91 9.30
117 92 6.44
117 93 5.39
117 94 4.56
117 95 3.97
117 96 3.71
117 97 3.87
117 98 4.52
117 99 5.99
117 100 6.44
117 101 6.66
117 102 5.57
117 103 4.54
117 104 3.56
117 105 2.64
117 106 1.92
117 107 1.83
117 108 3.05
117 109 3.39
117 110 7.10
117 111 6.24
117 112 5.36
117 113 4.47
117 114 3.57
117 115 2.62
117 116 1.57
117 117 0.00
117 118 1.00
117 119 7.67
117 120 7.17
117 121 6.62
117 122 6.05
117 123 5.49
117 124 4.90
117 125 4.23
117 126 3.05
117 127 3.39
117 128 8.27
117 129 8.17
117 130 7.98
117 131 7.76
117 132 7.52
117 133 7.26
117 134 6.88
117 135 5.99
117 136 6.44
117 137 8.81
117 138 9.09
117 139 9.24
117 140 9.34
117 141 9.40
117 142 9.41
117 143 9.31
117 144 8.71
117 145 9.30
117 146 4.56
118 1 12.42
118 2 10.35
118 3 11.05
118 4 11.57
118 5 12.01
118 6 12.40
118 7 12.71
118 8 12.90
118 9 12.65
118 10 13.38
118 11 10.55
118 12 11.48
118 13 12.24
118 14 12.91
118 15 13.51
118 16 14.06
118 17 14.49
118 18 14.58
118 19 15.43
118 20 10.55
118 21 11.62
118 22 12.55
118 23 13.39
118 24 14.18
118 25 14.91
118 26 15.56
118 27 15.98
118 28 16.91
118 29 10.36
118 30 11.47
118 31 12.48
118 32 13.44
118 33 14.35
118 34 15.23
118 35 16.06
118 36 16.79
118 37 17.78
118 38 10.00
118 39 11.03
118 40 12.05
118 41 13.05
118 42 14.04
118 43 15.02
118 44 15.99
118 45 16.99
118 46 17.99
118 47 9.49
118 48 10.34
118 49 11.27
118 50 12.25
118 51 13.24
118 52 14.27
118 53 15.33
118 54 16.57
118 55 17.54
118 56 8.90
118 57 9.45
118 58 10.20
118 59 11.06
118 60 12.01
118 61 13.02
118 62 14.13
118 63 15.54
118 64 16.44
118 65 8.31
118 66 8.46
118 67 8.92
118 68 9.58
118 69 10.39
118 70 11.32
118 71 12.41
118 72 13.94
118 73 14.74
118 74 7.81
118 75 7.49
118 76 7.56
118 77 7.91
118 78 8.48
118 79 9.25
118 80 10.26
118 81 11.83
118 82 12.50
118 83 7.50
118 84 6.73
118 85 6.33
118 86 6.23
118 87 6.43
118 88 6.93
118 89 7.76
118 90 9.30
118 91 9.80
118 92 7.44
118 93 6.39
118 94 5.55
118 95 4.92
118 96 4.57
118 97 4.58
118 98 5.07
118 99 6.44
118 100 6.74
118 101 7.66
118 102 6.56
118 103 5.54
118 104 4.56
118 105 3.64
118 106 2.88
118 107 2.54
118 108 3.39
118 109 3.43
118 110 8.09
118 111 7.20
118 112 6.30
118 113 5.39
118 114 4.44
118 115 3.45
118 116 2.34
118 117 1.00
118 118 0.00
118 119 8.66
118 120 8.12
118 121 7.53
118 122 6.91
118 123 6.27
118 124 5.58
118 125 4.78
118 126 3.39
118 127 3.44
118 128 9.26
118 129 9.12
118 130 8.89
118 131 8.62
118 132 8.31
118 133 7.96
118 134 7.48
118 135 6.44
118 136 6.74
118 137 9.80
118 138 10.06
118 139 10.17
118 140 10.23
118 141 10.24
118 142 10.19
118 143 10.01
118 144 9.30
118 145 9.80
118 146 5.56
119 1 4.33
119 2 1.89
119 3 2.39
119 4 2.99
119 5 3.67
119 6 4.38
119 7 5.12
119 8 5.85
119 9 6.59
119 10 7.58
119 11 2.34
119 12 2.96
119 13 3.59
119 14 4.26
119 15 4.95
119 16 5.65
119 17 6.34
119 18 6.99
119 19 7.98
119 20 2.69
119 21 3.44
119 22 4.15
119 23 4.84
119 24 5.55
119 25 6.25
119 26 6.93
119 27 7.54
119 28 8.52
119 29 2.96
119 30 3.82
119 31 4.60
119 32 5.35
119 33 6.09
119 34 6.82
119 35 7.52
119 36 8.14
119 37 9.12
119 38 3.11
119 39 4.08
119 40 4.93
119 41 5.74
119 42 6.53
119 43 7.30
119 44 8.03
119 45 8.70
119 46 9.69
119 47 3.14
119 48 4.19
119 49 5.11
119 50 5.97
119 51 6.81
119 52 7.63
119 53 8.42
119 54 9.15
119 55 10.15
119 56 3.06
119 57 4.16
119 58 5.13
119 59 6.04
119 60 6.93
119 61 7.79
119 62 8.63
119 63 9.45
119 64 10.45
119 65 2.87
119 66 3.98
119 67 4.99
119 68 5.94
119 69 6.87
119 70 7.77
119 71 8.67
119 72 9.57
119 73 10.57
119 74 2.58
119 75 3.67
119 76 4.70
119 77 5.68
119 78 6.63
119 79 7.57
119 80 8.51
119 81 9.50
119 82 10.50
119 83 2.18
119 84 3.24
119 85 4.27
119 86 5.27
119 87 6.24
119 88 7.21
119 89 8.18
119 90 9.24
119 91 10.23
119 92 1.71
119 93 2.72
119 94 3.74
119 95 4.74
119 96 5.73
119 97 6.71
119 98 7.70
119 99 8.81
119 100 9.80
119 101 1.18
119 102 2.13
119 103 3.14
119 104 4.15
119 105 5.14
119 106 6.12
119 107 7.13
119 108 8.27
119 109 9.26
119 110 0.60
119 111 1.54
119 112 2.56
119 113 3.56
119 114 4.55
119 115 5.53
119 116 6.53
119 117 7.67
119 118 8.66
119 119 0.00
119 120 1.11
119 121 2.12
119 122 3.10
119 123 4.06
119 124 5.02
119 125 6.00
119 126 7.10
119 127 8.09
119 128 0.60
119 129 1.13
119 130 2.00
119 131 2.90
119 132 3.81
119 133 4.71
119 134 5.64
119 135 6.66
119 136 7.65
119 137 1.18
119 138 1.58
119 139 2.26
119 140 3.04
119 141 3.86
119 142 4.69
119 143 5.54
119 144 6.44
119 145 7.44
119 146 3.26
120 1 5.37
120 2 2.92
120 3 3.16
120 4 3.48
120 5 3.90
120 6 4.40
120 7 4.95
120 8 5.51
120 9 6.00
120 10 6.97
120 11 3.41
120 12 3.90
120 13 4.37
120 14 4.87
120 15 5.40
120 16 5.95
120 17 6.47
120 18 6.87
120 19 7.83
120 20 3.80
120 21 4.50
120 22 5.11
120 23 5.71
120 24 6.32
120 25 6.91
120 26 7.47
120 27 7.87
120 28 8.82
120 29 4.06
120 30 4.93
120 31 5.68
120 32 6.38
120 33 7.07
120 34 7.73
120 35 8.35
120 36 8.83
120 37 9.79
120 38 4.19
120 39 5.18
120 40 6.04
120 41 6.84
120 42 7.61
120 43 8.36
120 44 9.06
120 45 9.64
120 46 10.62
120 47 4.16
120 48 5.24
120 49 6.19
120 50 7.07
120 51 7.92
120 52 8.74
120 53 9.52
120 54 10.23
120 55 11.22
120 56 4.00
120 57 5.11
120 58 6.11
120 59 7.06
120 60 7.97
120 61 8.86
120 62 9.72
120 63 10.56
120 64 11.56
120 65 3.70
120 66 4.79
120 67 5.82
120 68 6.80
120 69 7.76
120 70 8.70
120 71 9.64
120 72 10.60
120 73 11.60
120 74 3.28
120 75 4.30
120 76 5.32
120 77 6.32
120 78 7.30
120 79 8.29
120 80 9.28
120 81 10.36
120 82 11.35
120 83 2.76
120 84 3.64
120 85 4.63
120 86 5.63
120 87 6.63
120 88 7.63
120 89 8.67
120 90 9.84
120 91 10.82
120 92 2.17
120 93 2.86
120 94 3.78
120 95 4.76
120 96 5.77
120 97 6.79
120 98 7.85
120 99 9.09
120 100 10.06
120 101 1.58
120 102 1.96
120 103 2.82
120 104 3.79
120 105 4.79
120 106 5.81
120 107 6.88
120 108 8.17
120 109 9.12
120 110 1.13
120 111 1.00
120 112 1.82
120 113 2.80
120 114 3.80
120 115 4.82
120 116 5.89
120 117 7.17
120 118 8.12
120 119 1.11
120 120 0.00
120 121 1.03
120 122 2.02
120 123 3.01
120 124 4.00
120 125 5.02
120 126 6.24
120 127 7.20
120 128 1.54
120 129 1.00
120 130 1.22
120 131 1.91
120 132 2.74
120 133 3.62
120 134 4.53
120 135 5.57
120 136 6.56
120 137 2.13
120 138 1.96
120 139 2.13
120 140 2.57
120 141 3.17
120 142 3.86
120 143 4.60
120 144 5.39
120 145 6.38
120 146 3.10
121 1 6.40
121 2 3.94
121 3 4.10
121 4 4.29
121 5 4.55
121 6 4.87
121 7 5.23
121 8 5.60
121 9 5.82
121 10 6.74
121 11 4.44
121 12 4.90
121 13 5.30
121 14 5.71
121 15 6.14
121 16 6.57
121 17 6.96
121 18 7.14
121 19 8.05
121 20 4.82
121 21 5.52
121 22 6.11
121 23 6.68
121 24 7.23
121 25 7.75
121 26 8.23
121 27 8.49
121 28 9.40
121 29 5.06
121 30 5.95
121 31 6.70
121 32 7.40
121 33 8.07
121 34 8.71
121 35 9.29
121 36 9.68
121 37 10.62
121 38 5.14
121 39 6.16
121 40 7.04
121 41 7.86
121 42 8.64
121 43 9.38
121 44 10.07
121 45 10.62
121 46 11.59
121 47 5.06
121 48 6.16
121 49 7.13
121 50 8.04
121 51 8.91
121 52 9.74
121 53 10.54
121 54 11.26
121 55 12.25
121 56 4.83
121 57 5.93
121 58 6.95
121 59 7.92
121 60 8.86
121 61 9.77
121 62 10.67
121 63 11.55
121 64 12.55
121 65 4.45
121 66 5.49
121 67 6.52
121 68 7.52
121 69 8.50
121 70 9.47
121 71 10.44
121 72 11.48
121 73 12.48
121 74 3.95
121 75 4.86
121 76 5.84
121 77 6.84
121 78 7.84
121 79 8.85
121 80 9.88
121 81 11.05
121 82 12.03
121 83 3.38
121 84 4.06
121 85 4.95
121 86 5.92
121 87 6.92
121 88 7.94
121 89 9.01
121 90 10.29
121 91 11.25
121 92 2.78
121 93 3.13
121 94 3.89
121 95 4.79
121 96 5.77
121 97 6.79
121 98 7.89
121 99 9.24
121 100 10.17
121 101 2.27
121 102 2.13
121 103 2.67
121 104 3.51
121 105 4.46
121 106 5.48
121 107 6.58
121 108 7.98
121 109 8.89
121 110 2.00
121 111 1.22
121 112 1.36
121 113 2.14
121 114 3.10
121 115 4.12
121 116 5.22
121 117 6.62
121 118 7.53
121 119 2.12
121 120 1.03
121 121 0.00
121 122 1.00
121 123 2.00
121 124 3.01
121 125 4.06
121 126 5.36
121 127 6.30
121 128 2.56
121 129 1.82
121 130 1.36
121 131 1.42
121 132 1.96
121 133 2.70
121 134 3.54
121 135 4.54
121 136 5.54
121 137 3.14
121 138 2.82
121 139 2.67
121 140 2.74
121 141 3.02
121 142 3.46
121 143 3.99
121 144 4.56
121 145 5.55
121 146 3.08
122 1 7.39
122 2 4.94
122 3 5.09
122 4 5.22
122 5 5.38
122 6 5.58
122 7 5.81
122 8 6.01
122 9 5.97
122 10 6.82
122 11 5.43
122 12 5.90
122 13 6.28
122 14 6.65
122 15 7.01
122 16 7.36
122 17 7.66
122 18 7.67
122 19 8.53
122 20 5.79
122 21 6.52
122 22 7.12
122 23 7.67
122 24 8.19
122 25 8.68
122 26 9.10
122 27 9.26
122 28 10.15
122 29 6.00
122 30 6.92
122 31 7.70
122 32 8.41
122 33 9.07
122 34 9.70
122 35 10.26
122 36 10.60
122 37 11.53
122 38 6.04
122 39 7.09
122 40 8.00
122 41 8.83
122 42 9.63
122 43 10.38
122 44 11.08
122 45 11.62
122 46 12.58
122 47 5.91
122 48 7.02
122 49 8.01
122 50 8.94
122 51 9.83
122 52 10.69
122 53 11.51
122 54 12.25
122 55 13.24
122 56 5.61
122 57 6.70
122 58 7.73
122 59 8.72
122 60 9.68
122 61 10.62
122 62 11.54
122 63 12.47
122 64 13.47
122 65 5.18
122 66 6.16
122 67 7.17
122 68 8.17
122 69 9.17
122 70 10.16
122 71 11.17
122 72 12.27
122 73 13.26
122 74 4.64
122 75 5.43
122 76 6.35
122 77 7.33
122 78 8.33
122 79 9.35
122 80 10.42
122 81 11.66
122 82 12.63
122 83 4.04
122 84 4.53
122 85 5.31
122 86 6.21
122 87 7.18
122 88 8.21
122 89 9.31
122 90 10.66
122 91 11.60
122 92 3.47
122 93 3.54
122 94 4.09
122 95 4.87
122 96 5.79
122 97 6.79
122 98 7.90
122 99 9.34
122 100 10.23
122 101 3.04
122 102 2.57
122 103 2.74
122 104 3.35
122 105 4.19
122 106 5.17
122 107 6.28
122 108 7.76
122 109 8.61
122 110 2.90
122 111 1.91
122 112 1.43
122 113 1.71
122 114 2.49
122 115 3.46
122 116 4.57
122 117 6.05
122 118 6.91
122 119 3.10
122 120 2.02
122 121 1.00
122 122 0.00
122 123 1.00
122 124 2.02
122 125 3.10
122 126 4.47
122 127 5.38
122 128 3.56
122 129 2.80
122 130 2.14
122 131 1.71
122 132 1.66
122 133 2.04
122 134 2.68
122 135 3.56
122 136 4.56
122 137 4.15
122 138 3.79
122 139 3.51
122 140 3.35
122 141 3.35
122 142 3.50
122 143 3.74
122 144 3.97
122 145 4.92
122 146 3.23
123 1 8.38
123 2 5.92
123 3 6.10
123 4 6.21
123 5 6.32
123 6 6.45
123 7 6.58
123 8 6.66
123 9 6.40
123 10 7.18
123 11 6.40
123 12 6.90
123 13 7.28
123 14 7.63
123 15 7.97
123 16 8.27
123 17 8.50
123 18 8.39
123 19 9.20
123 20 6.74
123 21 7.50
123 22 8.11
123 23 8.67
123 24 9.19
123 25 9.66
123 26 10.06
123 27 10.15
123 28 11.01
123 29 6.91
123 30 7.87
123 31 8.67
123 32 9.39
123 33 10.07
123 34 10.71
123 35 11.26
123 36 11.58
123 37 12.50
123 38 6.91
123 39 7.98
123 40 8.91
123 41 9.77
123 42 10.59
123 43 11.36
123 44 12.07
123 45 12.62
123 46 13.59
123 47 6.73
123 48 7.84
123 49 8.85
123 50 9.80
123 51 10.71
123 52 11.59
123 53 12.44
123 54 13.22
123 55 14.21
123 56 6.38
123 57 7.44
123 58 8.47
123 59 9.47
123 60 10.44
123 61 11.41
123 62 12.36
123 63 13.35
123 64 14.35
123 65 5.91
123 66 6.82
123 67 7.80
123 68 8.79
123 69 9.79
123 70 10.80
123 71 11.84
123 72 13.01
123 73 13.99
123 74 5.33
123 75 6.00
123 76 6.85
123 77 7.79
123 78 8.78
123 79 9.81
123 80 10.90
123 81 12.21
123 82 13.16
123 83 4.73
123 84 5.04
123 85 5.69
123 86 6.52
123 87 7.45
123 88 8.45
123 89 9.56
123 90 10.99
123 91 11.89
123 92 4.20
123 93 4.04
123 94 4.38
123 95 5.01
123 96 5.84
123 97 6.80
123 98 7.90
123 99 9.40
123 100 10.24
123 101 3.86
123 102 3.17
123 103 3.03
123 104 3.35
123 105 4.02
123 106 4.90
123 107 5.98
123 108 7.52
123 109 8.31
123 110 3.81
123 111 2.74
123 112 1.96
123 113 1.66
123 114 2.05
123 115 2.87
123 116 3.94
123 117 5.49
123 118 6.27
123 119 4.06
123 120 3.01
123 121 2.00
123 122 1.00
123 123 0.00
123 124 1.03
123 125 2.12
123 126 3.57
123 127 4.44
123 128 4.55
123 129 3.80
123 130 3.10
123 131 2.49
123 132 2.05
123 133 1.89
123 134 2.09
123 135 2.64
123 136 3.64
123 137 5.14
123 138 4.79
123 139 4.46
123 140 4.19
123 141 4.01
123 142 3.93
123 143 3.89
123 144 3.71
123 145 4.57
123 146 3.54
124 1 9.35
124 2 6.90
124 3 7.11
124 4 7.23
124 5 7.34
124 6 7.43
124 7 7.50
124 8 7.50
124 9 7.09
124 10 7.80
124 11 7.36
124 12 7.90
124 13 8.30
124 14 8.66
124 15 8.98
124 16 9.27
124 17 9.46
124 18 9.27
124 19 10.04
124 20 7.67
124 21 8.47
124 22 9.11
124 23 9.68
124 24 10.21
124 25 10.69
124 26 11.07
124 27 11.13
124 28 11.98
124 29 7.80
124 30 8.79
124 31 9.62
124 32 10.37
124 33 11.07
124 34 11.72
124 35 12.29
124 36 12.61
124 37 13.53
124 38 7.75
124 39 8.85
124 40 9.80
124 41 10.69
124 42 11.52
124 43 12.32
124 44 13.05
124 45 13.63
124 46 14.60
124 47 7.53
124 48 8.63
124 49 9.65
124 50 10.62
124 51 11.56
124 52 12.46
124 53 13.34
124 54 14.16
124 55 15.16
124 56 7.14
124 57 8.16
124 58 9.17
124 59 10.18
124 60 11.17
124 61 12.15
124 62 13.14
124 63 14.18
124 64 15.18
124 65 6.62
124 66 7.45
124 67 8.39
124 68 9.37
124 69 10.37
124 70 11.39
124 71 12.45
124 72 13.68
124 73 14.66
124 74 6.03
124 75 6.57
124 76 7.35
124 77 8.23
124 78 9.19
124 79 10.22
124 80 11.32
124 81 12.70
124 82 13.62
124 83 5.44
124 84 5.58
124 85 6.10
124 86 6.82
124 87 7.69
124 88 8.66
124 89 9.77
124 90 11.25
124 91 12.11
124 92 4.96
124 93 4.61
124 94 4.74
124 95 5.20
124 96 5.91
124 97 6.79
124 98 7.87
124 99 9.41
124 100 10.19
124 101 4.69
124 102 3.86
124 103 3.46
124 104 3.50
124 105 3.93
124 106 4.67
124 107 5.69
124 108 7.26
124 109 7.96
124 110 4.71
124 111 3.62
124 112 2.70
124 113 2.04
124 114 1.89
124 115 2.38
124 116 3.33
124 117 4.90
124 118 5.58
124 119 5.02
124 120 4.00
124 121 3.01
124 122 2.02
124 123 1.03
124 124 0.00
124 125 1.11
124 126 2.62
124 127 3.45
124 128 5.53
124 129 4.82
124 130 4.12
124 131 3.46
124 132 2.87
124 133 2.38
124 134 2.05
124 135 1.92
124 136 2.88
124 137 6.12
124 138 5.81
124 139 5.48
124 140 5.17
124 141 4.90
124 142 4.67
124 143 4.43
124 144 3.87
124 145 4.58
124 146 3.95
125 1 10.32
125 2 7.89
125 3 8.16
125 4 8.32
125 5 8.44
125 6 8.54
125 7 8.60
125 8 8.55
125 9 8.06
125 10 8.70
125 11 8.32
125 12 8.92
125 13 9.36
125 14 9.75
125 15 10.09
125 16 10.38
125 17 10.56
125 18 10.34
125 19 11.09
125 20 8.59
125 21 9.44
125 22 10.12
125 23 10.73
125 24 11.29
125 25 11.78
125 26 12.18
125 27 12.24
125 28 13.09
125 29 8.68
125 30 9.70
125 31 10.57
125 32 11.35
125 33 12.08
125 34 12.76
125 35 13.35
125 36 13.70
125 37 14.63
125 38 8.58
125 39 9.68
125 40 10.66
125 41 11.58
125 42 12.44
125 43 13.27
125 44 14.03
125 45 14.66
125 46 15.64
125 47 8.30
125 48 9.38
125 49 10.41
125 50 11.40
125 51 12.35
125 52 13.29
125 53 14.20
125 54 15.08
125 55 16.08
125 56 7.86
125 57 8.83
125 58 9.82
125 59 10.82
125 60 11.82
125 61 12.83
125 62 13.84
125 63 14.95
125 64 15.95
125 65 7.31
125 66 8.05
125 67 8.93
125 68 9.88
125 69 10.87
125 70 11.89
125 71 12.98
125 72 14.28
125 73 15.23
125 74 6.71
125 75 7.11
125 76 7.79
125 77 8.61
125 78 9.53
125 79 10.53
125 80 11.64
125 81 13.08
125 82 13.97
125 83 6.15
125 84 6.11
125 85 6.47
125 86 7.08
125 87 7.86
125 88 8.78
125 89 9.87
125 90 11.40
125 91 12.20
125 92 5.72
125 93 5.20
125 94 5.12
125 95 5.39
125 96 5.94
125 97 6.72
125 98 7.74
125 99 9.31
125 100 10.01
125 101 5.53
125 102 4.60
125 103 3.99
125 104 3.74
125 105 3.89
125 106 4.43
125 107 5.32
125 108 6.88
125 109 7.48
125 110 5.64
125 111 4.53
125 112 3.54
125 113 2.68
125 114 2.09
125 115 2.05
125 116 2.71
125 117 4.23
125 118 4.78
125 119 6.00
125 120 5.02
125 121 4.06
125 122 3.10
125 123 2.12
125 124 1.11
125 125 0.00
125 126 1.57
125 127 2.34
125 128 6.53
125 129 5.89
125 130 5.22
125 131 4.57
125 132 3.94
125 133 3.33
125 134 2.71
125 135 1.83
125 136 2.54
125 137 7.13
125 138 6.88
125 139 6.58
125 140 6.28
125 141 5.98
125 142 5.69
125 143 5.32
125 144 4.52
125 145 5.07
125 146 4.43
126 1 11.35
126 2 8.98
126 3 9.39
126 4 9.65
126 5 9.85
126 6 10.02
126 7 10.12
126 8 10.11
126 9 9.63
126 10 10.26
126 11 9.35
126 12 10.06
126 13 10.60
126 14 11.07
126 15 11.48
126 16 11.83
126 17 12.06
126 18 11.89
126 19 12.65
126 20 9.55
126 21 10.48
126 22 11.25
126 23 11.93
126 24 12.55
126 25 13.11
126 26 13.57
126 27 13.71
126 28 14.58
126 29 9.55
126 30 10.62
126 31 11.55
126 32 12.39
126 33 13.18
126 34 13.92
126 35 14.59
126 36 15.03
126 37 15.98
126 38 9.36
126 39 10.47
126 40 11.48
126 41 12.44
126 42 13.35
126 43 14.23
126 44 15.07
126 45 15.80
126 46 16.79
126 47 9.00
126 48 10.04
126 49 11.07
126 50 12.07
126 51 13.05
126 52 14.03
126 53 14.99
126 54 15.99
126 55 16.99
126 56 8.51
126 57 9.37
126 58 10.31
126 59 11.29
126 60 12.29
126 61 13.31
126 62 14.37
126 63 15.59
126 64 16.57
126 65 7.92
126 66 8.49
126 67 9.27
126 68 10.15
126 69 11.10
126 70 12.12
126 71 13.23
126 72 14.62
126 73 15.54
126 74 7.33
126 75 7.50
126 76 8.01
126 77 8.71
126 78 9.54
126 79 10.50
126 80 11.60
126 81 13.11
126 82 13.94
126 83 6.82
126 84 6.53
126 85 6.65
126 86 7.06
126 87 7.69
126 88 8.51
126 89 9.55
126 90 11.11
126 91 11.83
126 92 6.50
126 93 5.75
126 94 5.39
126 95 5.36
126 96 5.66
126 97 6.25
126 98 7.15
126 99 8.71
126 100 9.30
126 101 6.44
126 102 5.39
126 103 4.56
126 104 3.97
126 105 3.71
126 106 3.87
126 107 4.52
126 108 5.99
126 109 6.44
126 110 6.66
126 111 5.57
126 112 4.54
126 113 3.56
126 114 2.64
126 115 1.92
126 116 1.83
126 117 3.05
126 118 3.39
126 119 7.10
126 120 6.24
126 121 5.36
126 122 4.47
126 123 3.57
126 124 2.62
126 125 1.57
126 126 0.00
126 127 1.00
126 128 7.68
126 129 7.17
126 130 6.62
126 131 6.05
126 132 5.49
126 133 4.90
126 134 4.23
126 135 3.05
126 136 3.39
126 137 8.27
126 138 8.17
126 139 7.98
126 140 7.76
126 141 7.52
126 142 7.26
126 143 6.88
126 144 5.99
126 145 6.44
126 146 4.89
127 1 12.35
127 2 9.97
127 3 10.36
127 4 10.59
127 5 10.76
127 6 10.87
127 7 10.93
127 8 10.85
127 9 10.26
127 10 10.83
127 11 10.35
127 12 11.05
127 13 11.57
127 14 12.01
127 15 12.39
127 16 12.71
127 17 12.90
127 18 12.65
127 19 13.38
127 20 10.54
127 21 11.48
127 22 12.24
127 23 12.91
127 24 13.51
127 25 14.05
127 26 14.49
127 27 14.58
127 28 15.43
127 29 10.55
127 30 11.62
127 31 12.55
127 32 13.39
127 33 14.18
127 34 14.91
127 35 15.56
127 36 15.98
127 37 16.91
127 38 10.36
127 39 11.47
127 40 12.48
127 41 13.44
127 42 14.35
127 43 15.23
127 44 16.06
127 45 16.79
127 46 17.78
127 47 10.00
127 48 11.03
127 49 12.05
127 50 13.05
127 51 14.04
127 52 15.02
127 53 15.99
127 54 16.99
127 55 17.99
127 56 9.49
127 57 10.34
127 58 11.27
127 59 12.24
127 60 13.24
127 61 14.27
127 62 15.33
127 63 16.57
127 64 17.54
127 65 8.90
127 66 9.45
127 67 10.20
127 68 11.06
127 69 12.01
127 70 13.02
127 71 14.13
127 72 15.54
127 73 16.44
127 74 8.31
127 75 8.46
127 76 8.92
127 77 9.58
127 78 10.39
127 79 11.32
127 80 12.41
127 81 13.94
127 82 14.74
127 83 7.81
127 84 7.49
127 85 7.56
127 86 7.91
127 87 8.48
127 88 9.25
127 89 10.26
127 90 11.83
127 91 12.50
127 92 7.50
127 93 6.73
127 94 6.33
127 95 6.23
127 96 6.43
127 97 6.93
127 98 7.76
127 99 9.30
127 100 9.80
127 101 7.44
127 102 6.39
127 103 5.55
127 104 4.92
127 105 4.57
127 106 4.58
127 107 5.07
127 108 6.44
127 109 6.74
127 110 7.66
127 111 6.56
127 112 5.54
127 113 4.56
127 114 3.64
127 115 2.88
127 116 2.54
127 117 3.39
127 118 3.44
127 119 8.09
127 120 7.20
127 121 6.30
127 122 5.38
127 123 4.44
127 124 3.45
127 125 2.34
127 126 1.00
127 127 0.00
127 128 8.66
127 129 8.12
127 130 7.53
127 131 6.91
127 132 6.27
127 133 5.58
127 134 4.78
127 135 3.39
127 136 3.43
127 137 9.26
127 138 9.12
127 139 8.89
127 140 8.61
127 141 8.31
127 142 7.96
127 143 7.48
127 144 6.43
127 145 6.74
127 146 5.86
128 1 3.83
128 2 1.38
128 3 1.79
128 4 2.43
128 5 3.17
128 6 3.95
128 7 4.76
128 8 5.57
128 9 6.43
128 10 7.43
128 11 1.89
128 12 2.39
128 13 2.99
128 14 3.67
128 15 4.38
128 16 5.12
128 17 5.85
128 18 6.59
128 19 7.58
128 20 2.34
128 21 2.96
128 22 3.59
128 23 4.26
128 24 4.95
128 25 5.65
128 26 6.34
128 27 6.99
128 28 7.98
128 29 2.70
128 30 3.45
128 31 4.15
128 32 4.84
128 33 5.55
128 34 6.25
128 35 6.93
128 36 7.54
128 37 8.52
128 38 2.96
128 39 3.82
128 40 4.60
128 41 5.35
128 42 6.09
128 43 6.82
128 44 7.52
128 45 8.14
128 46 9.12
128 47 3.11
128 48 4.08
128 49 4.93
128 50 5.74
128 51 6.53
128 52 7.30
128 53 8.03
128 54 8.70
128 55 9.69
128 56 3.14
128 57 4.19
128 58 5.11
128 59 5.97
128 60 6.81
128 61 7.63
128 62 8.42
128 63 9.15
128 64 10.15
128 65 3.06
128 66 4.16
128 67 5.13
128 68 6.04
128 69 6.93
128 70 7.79
128 71 8.63
128 72 9.45
128 73 10.45
128 74 2.87
128 75 3.98
128 76 4.99
128 77 5.94
128 78 6.87
128 79 7.77
128 80 8.67
128 81 9.57
128 82 10.57
128 83 2.58
128 84 3.67
128 85 4.70
128 86 5.68
128 87 6.63
128 88 7.57
128 89 8.51
128 90 9.50
128 91 10.50
128 92 2.18
128 93 3.24
128 94 4.27
128 95 5.27
128 96 6.24
128 97 7.21
128 98 8.18
128 99 9.24
128 100 10.23
128 101 1.71
128 102 2.72
128 103 3.74
128 104 4.74
128 105 5.73
128 106 6.71
128 107 7.70
128 108 8.82
128 109 9.80
128 110 1.18
128 111 2.13
128 112 3.14
128 113 4.15
128 114 5.14
128 115 6.12
128 116 7.13
128 117 8.27
128 118 9.26
128 119 0.60
128 120 1.54
128 121 2.56
128 122 3.56
128 123 4.55
128 124 5.53
128 125 6.53
128 126 7.68
128 127 8.66
128 128 0.00
128 129 1.11
128 130 2.12
128 131 3.10
128 132 4.06
128 133 5.02
128 134 6.00
128 135 7.10
128 136 8.09
128 137 0.60
128 138 1.13
128 139 2.00
128 140 2.90
128 141 3.80
128 142 4.71
128 143 5.64
128 144 6.66
128 145 7.65
128 146 3.83
129 1 4.75
129 2 2.35
129 3 2.30
129 4 2.50
129 5 2.91
129 6 3.46
129 7 4.09
129 8 4.76
129 9 5.46
129 10 6.45
129 11 2.92
129 12 3.16
129 13 3.48
129 14 3.90
129 15 4.40
129 16 4.95
129 17 5.51
129 18 6.00
129 19 6.97
129 20 3.41
129 21 3.90
129 22 4.37
129 23 4.87
129 24 5.40
129 25 5.95
129 26 6.47
129 27 6.87
129 28 7.83
129 29 3.80
129 30 4.50
129 31 5.11
129 32 5.72
129 33 6.32
129 34 6.91
129 35 7.47
129 36 7.87
129 37 8.82
129 38 4.06
129 39 4.93
129 40 5.68
129 41 6.38
129 42 7.07
129 43 7.74
129 44 8.36
129 45 8.83
129 46 9.79
129 47 4.19
129 48 5.18
129 49 6.04
129 50 6.84
129 51 7.61
129 52 8.36
129 53 9.06
129 54 9.64
129 55 10.62
129 56 4.16
129 57 5.24
129 58 6.19
129 59 7.07
129 60 7.92
129 61 8.74
129 62 9.52
129 63 10.23
129 64 11.22
129 65 4.00
129 66 5.11
129 67 6.11
129 68 7.06
129 69 7.97
129 70 8.86
129 71 9.72
129 72 10.56
129 73 11.56
129 74 3.70
129 75 4.79
129 76 5.82
129 77 6.80
129 78 7.76
129 79 8.70
129 80 9.64
129 81 10.61
129 82 11.60
129 83 3.28
129 84 4.30
129 85 5.31
129 86 6.32
129 87 7.30
129 88 8.29
129 89 9.28
129 90 10.36
129 91 11.35
129 92 2.76
129 93 3.64
129 94 4.63
129 95 5.63
129 96 6.63
129 97 7.63
129 98 8.67
129 99 9.84
129 100 10.82
129 101 2.17
129 102 2.86
129 103 3.78
129 104 4.76
129 105 5.77
129 106 6.79
129 107 7.84
129 108 9.09
129 109 10.06
129 110 1.58
129 111 1.96
129 112 2.82
129 113 3.79
129 114 4.79
129 115 5.81
129 116 6.88
129 117 8.17
129 118 9.12
129 119 1.13
129 120 1.00
129 121 1.82
129 122 2.80
129 123 3.80
129 124 4.82
129 125 5.89
129 126 7.17
129 127 8.12
129 128 1.11
129 129 0.00
129 130 1.03
129 131 2.02
129 132 3.01
129 133 4.00
129 134 5.02
129 135 6.23
129 136 7.20
129 137 1.54
129 138 1.00
129 139 1.22
129 140 1.91
129 141 2.74
129 142 3.62
129 143 4.53
129 144 5.57
129 145 6.56
129 146 4.01
130 1 5.73
130 2 3.36
130 3 3.18
130 4 3.13
130 5 3.24
130 6 3.51
130 7 3.90
130 8 4.35
130 9 4.78
130 10 5.75
130 11 3.94
130 12 4.11
130 13 4.29
130 14 4.55
130 15 4.87
130 16 5.24
130 17 5.60
130 18 5.82
130 19 6.74
130 20 4.44
130 21 4.90
130 22 5.30
130 23 5.71
130 24 6.14
130 25 6.57
130 26 6.96
130 27 7.14
130 28 8.05
130 29 4.82
130 30 5.52
130 31 6.11
130 32 6.68
130 33 7.23
130 34 7.75
130 35 8.23
130 36 8.49
130 37 9.40
130 38 5.06
130 39 5.95
130 40 6.70
130 41 7.40
130 42 8.07
130 43 8.71
130 44 9.29
130 45 9.68
130 46 10.62
130 47 5.14
130 48 6.16
130 49 7.04
130 50 7.86
130 51 8.64
130 52 9.38
130 53 10.07
130 54 10.62
130 55 11.59
130 56 5.06
130 57 6.16
130 58 7.13
130 59 8.04
130 60 8.91
130 61 9.74
130 62 10.54
130 63 11.26
130 64 12.25
130 65 4.83
130 66 5.93
130 67 6.95
130 68 7.92
130 69 8.86
130 70 9.77
130 71 10.67
130 72 11.55
130 73 12.55
130 74 4.45
130 75 5.49
130 76 6.52
130 77 7.52
130 78 8.50
130 79 9.47
130 80 10.44
130 81 11.48
130 82 12.48
130 83 3.95
130 84 4.86
130 85 5.84
130 86 6.84
130 87 7.84
130 88 8.85
130 89 9.88
130 90 11.05
130 91 12.03
130 92 3.38
130 93 4.06
130 94 4.96
130 95 5.92
130 96 6.92
130 97 7.94
130 98 9.01
130 99 10.29
130 100 11.25
130 101 2.78
130 102 3.13
130 103 3.89
130 104 4.79
130 105 5.77
130 106 6.79
130 107 7.89
130 108 9.24
130 109 10.17
130 110 2.27
130 111 2.13
130 112 2.67
130 113 3.51
130 114 4.46
130 115 5.48
130 116 6.58
130 117 7.98
130 118 8.89
130 119 2.00
130 120 1.22
130 121 1.36
130 122 2.14
130 123 3.10
130 124 4.12
130 125 5.22
130 126 6.62
130 127 7.53
130 128 2.12
130 129 1.03
130 130 0.00
130 131 1.00
130 132 2.00
130 133 3.01
130 134 4.06
130 135 5.36
130 136 6.30
130 137 2.56
130 138 1.82
130 139 1.36
130 140 1.42
130 141 1.96
130 142 2.70
130 143 3.54
130 144 4.54
130 145 5.54
130 146 4.23
131 1 6.73
131 2 4.37
131 3 4.15
131 4 3.99
131 5 3.92
131 6 3.97
131 7 4.11
131 8 4.31
131 9 4.40
131 10 5.32
131 11 4.94
131 12 5.09
131 13 5.22
131 14 5.38
131 15 5.58
131 16 5.81
131 17 6.01
131 18 5.97
131 19 6.82
131 20 5.43
131 21 5.90
131 22 6.28
131 23 6.65
131 24 7.01
131 25 7.36
131 26 7.66
131 27 7.67
131 28 8.53
131 29 5.79
131 30 6.52
131 31 7.12
131 32 7.67
131 33 8.19
131 34 8.68
131 35 9.10
131 36 9.26
131 37 10.15
131 38 6.00
131 39 6.92
131 40 7.70
131 41 8.40
131 42 9.07
131 43 9.70
131 44 10.26
131 45 10.60
131 46 11.53
131 47 6.04
131 48 7.09
131 49 8.00
131 50 8.83
131 51 9.63
131 52 10.38
131 53 11.08
131 54 11.62
131 55 12.58
131 56 5.91
131 57 7.02
131 58 8.01
131 59 8.94
131 60 9.83
131 61 10.69
131 62 11.51
131 63 12.25
131 64 13.24
131 65 5.62
131 66 6.70
131 67 7.73
131 68 8.72
131 69 9.68
131 70 10.62
131 71 11.54
131 72 12.47
131 73 13.47
131 74 5.18
131 75 6.16
131 76 7.17
131 77 8.17
131 78 9.17
131 79 10.16
131 80 11.17
131 81 12.27
131 82 13.26
131 83 4.64
131 84 5.43
131 85 6.35
131 86 7.33
131 87 8.33
131 88 9.35
131 89 10.41
131 90 11.66
131 91 12.63
131 92 4.04
131 93 4.53
131 94 5.31
131 95 6.21
131 96 7.19
131 97 8.21
131 98 9.31
131 99 10.67
131 100 11.60
131 101 3.47
131 102 3.54
131 103 4.09
131 104 4.87
131 105 5.79
131 106 6.79
131 107 7.90
131 108 9.34
131 109 10.23
131 110 3.04
131 111 2.57
131 112 2.74
131 113 3.35
131 114 4.19
131 115 5.17
131 116 6.28
131 117 7.76
131 118 8.62
131 119 2.90
131 120 1.91
131 121 1.42
131 122 1.71
131 123 2.49
131 124 3.46
131 125 4.57
131 126 6.05
131 127 6.91
131 128 3.10
131 129 2.02
131 130 1.00
131 131 0.00
131 132 1.00
131 133 2.02
131 134 3.10
131 135 4.47
131 136 5.38
131 137 3.56
131 138 2.80
131 139 2.14
131 140 1.71
131 141 1.66
131 142 2.04
131 143 2.68
131 144 3.56
131 145 4.56
131 146 4.50
132 1 7.73
132 2 5.35
132 3 5.15
132 4 4.95
132 5 4.79
132 6 4.70
132 7 4.66
132 8 4.64
132 9 4.38
132 10 5.19
132 11 5.92
132 12 6.10
132 13 6.21
132 14 6.32
132 15 6.45
132 16 6.58
132 17 6.66
132 18 6.40
132 19 7.18
132 20 6.40
132 21 6.90
132 22 7.28
132 23 7.63
132 24 7.97
132 25 8.27
132 26 8.50
132 27 8.39
132 28 9.20
132 29 6.74
132 30 7.50
132 31 8.11
132 32 8.67
132 33 9.19
132 34 9.66
132 35 10.06
132 36 10.15
132 37 11.01
132 38 6.91
132 39 7.87
132 40 8.66
132 41 9.39
132 42 10.07
132 43 10.71
132 44 11.26
132 45 11.58
132 46 12.50
132 47 6.91
132 48 7.98
132 49 8.91
132 50 9.77
132 51 10.59
132 52 11.36
132 53 12.07
132 54 12.62
132 55 13.59
132 56 6.73
132 57 7.84
132 58 8.85
132 59 9.80
132 60 10.71
132 61 11.59
132 62 12.44
132 63 13.22
132 64 14.21
132 65 6.38
132 66 7.44
132 67 8.47
132 68 9.47
132 69 10.44
132 70 11.41
132 71 12.36
132 72 13.35
132 73 14.35
132 74 5.90
132 75 6.82
132 76 7.79
132 77 8.79
132 78 9.79
132 79 10.80
132 80 11.84
132 81 13.01
132 82 13.99
132 83 5.33
132 84 6.00
132 85 6.86
132 86 7.79
132 87 8.78
132 88 9.81
132 89 10.89
132 90 12.21
132 91 13.16
132 92 4.73
132 93 5.04
132 94 5.69
132 95 6.52
132 96 7.45
132 97 8.45
132 98 9.56
132 99 10.99
132 100 11.89
132 101 4.20
132 102 4.04
132 103 4.38
132 104 5.01
132 105 5.84
132 106 6.80
132 107 7.90
132 108 9.40
132 109 10.24
132 110 3.86
132 111 3.17
132 112 3.03
132 113 3.35
132 114 4.02
132 115 4.90
132 116 5.98
132 117 7.52
132 118 8.31
132 119 3.81
132 120 2.74
132 121 1.96
132 122 1.66
132 123 2.05
132 124 2.87
132 125 3.94
132 126 5.49
132 127 6.27
132 128 4.06
132 129 3.01
132 130 2.00
132 131 1.00
132 132 0.00
132 133 1.03
132 134 2.12
132 135 3.57
132 136 4.44
132 137 4.55
132 138 3.80
132 139 3.10
132 140 2.49
132 141 2.05
132 142 1.89
132 143 2.09
132 144 2.64
132 145 3.64
132 146 4.85
133 1 8.74
133 2 6.34
133 3 6.17
133 4 5.97
133 5 5.78
133 6 5.61
133 7 5.47
133 8 5.28
133 9 4.73
133 10 5.42
133 11 6.90
133 12 7.11
133 13 7.23
133 14 7.34
133 15 7.43
133 16 7.50
133 17 7.50
133 18 7.09
133 19 7.80
133 20 7.36
133 21 7.90
133 22 8.30
133 23 8.66
133 24 8.98
133 25 9.27
133 26 9.46
133 27 9.27
133 28 10.04
133 29 7.67
133 30 8.47
133 31 9.11
133 32 9.69
133 33 10.21
133 34 10.69
133 35 11.07
133 36 11.13
133 37 11.98
133 38 7.80
133 39 8.79
133 40 9.62
133 41 10.37
133 42 11.07
133 43 11.72
133 44 12.29
133 45 12.61
133 46 13.53
133 47 7.75
133 48 8.85
133 49 9.80
133 50 10.69
133 51 11.52
133 52 12.32
133 53 13.05
133 54 13.63
133 55 14.60
133 56 7.53
133 57 8.63
133 58 9.65
133 59 10.62
133 60 11.56
133 61 12.46
133 62 13.34
133 63 14.16
133 64 15.16
133 65 7.14
133 66 8.16
133 67 9.17
133 68 10.18
133 69 11.17
133 70 12.15
133 71 13.14
133 72 14.18
133 73 15.18
133 74 6.62
133 75 7.45
133 76 8.39
133 77 9.37
133 78 10.37
133 79 11.39
133 80 12.46
133 81 13.69
133 82 14.66
133 83 6.03
133 84 6.57
133 85 7.35
133 86 8.23
133 87 9.19
133 88 10.21
133 89 11.32
133 90 12.70
133 91 13.62
133 92 5.44
133 93 5.58
133 94 6.10
133 95 6.82
133 96 7.69
133 97 8.66
133 98 9.77
133 99 11.25
133 100 12.11
133 101 4.96
133 102 4.61
133 103 4.74
133 104 5.20
133 105 5.91
133 106 6.79
133 107 7.87
133 108 9.41
133 109 10.19
133 110 4.69
133 111 3.86
133 112 3.46
133 113 3.50
133 114 3.93
133 115 4.67
133 116 5.69
133 117 7.26
133 118 7.96
133 119 4.71
133 120 3.62
133 121 2.70
133 122 2.04
133 123 1.89
133 124 2.38
133 125 3.33
133 126 4.90
133 127 5.58
133 128 5.02
133 129 4.00
133 130 3.01
133 131 2.02
133 132 1.03
133 133 0.00
133 134 1.11
133 135 2.62
133 136 3.45
133 137 5.53
133 138 4.82
133 139 4.12
133 140 3.46
133 141 2.87
133 142 2.38
133 143 2.05
133 144 1.92
133 145 2.88
133 146 5.24
134 1 9.77
134 2 7.35
134 3 7.24
134 4 7.07
134 5 6.89
134 6 6.70
134 7 6.51
134 8 6.23
134 9 5.50
134 10 6.06
134 11 7.89
134 12 8.16
134 13 8.32
134 14 8.44
134 15 8.54
134 16 8.60
134 17 8.55
134 18 8.06
134 19 8.70
134 20 8.32
134 21 8.92
134 22 9.36
134 23 9.75
134 24 10.09
134 25 10.38
134 26 10.56
134 27 10.34
134 28 11.09
134 29 8.59
134 30 9.44
134 31 10.13
134 32 10.73
134 33 11.29
134 34 11.78
134 35 12.18
134 36 12.24
134 37 13.09
134 38 8.68
134 39 9.70
134 40 10.57
134 41 11.35
134 42 12.08
134 43 12.76
134 44 13.35
134 45 13.70
134 46 14.63
134 47 8.58
134 48 9.68
134 49 10.66
134 50 11.58
134 51 12.44
134 52 13.27
134 53 14.03
134 54 14.66
134 55 15.64
134 56 8.30
134 57 9.38
134 58 10.41
134 59 11.40
134 60 12.36
134 61 13.29
134 62 14.20
134 63 15.08
134 64 16.08
134 65 7.86
134 66 8.83
134 67 9.82
134 68 10.82
134 69 11.82
134 70 12.83
134 71 13.84
134 72 14.95
134 73 15.95
134 74 7.31
134 75 8.05
134 76 8.93
134 77 9.88
134 78 10.87
134 79 11.90
134 80 12.98
134 81 14.28
134 82 15.23
134 83 6.71
134 84 7.11
134 85 7.79
134 86 8.61
134 87 9.53
134 88 10.53
134 89 11.64
134 90 13.08
134 91 13.97
134 92 6.15
134 93 6.11
134 94 6.47
134 95 7.08
134 96 7.86
134 97 8.78
134 98 9.87
134 99 11.40
134 100 12.20
134 101 5.72
134 102 5.20
134 103 5.12
134 104 5.39
134 105 5.94
134 106 6.72
134 107 7.74
134 108 9.31
134 109 10.01
134 110 5.54
134 111 4.60
134 112 3.99
134 113 3.74
134 114 3.89
134 115 4.43
134 116 5.32
134 117 6.88
134 118 7.48
134 119 5.64
134 120 4.53
134 121 3.54
134 122 2.68
134 123 2.09
134 124 2.05
134 125 2.71
134 126 4.23
134 127 4.78
134 128 6.00
134 129 5.02
134 130 4.06
134 131 3.10
134 132 2.12
134 133 1.11
134 134 0.00
134 135 1.57
134 136 2.34
134 137 6.53
134 138 5.89
134 139 5.22
134 140 4.57
134 141 3.94
134 142 3.33
134 143 2.71
134 144 1.83
134 145 2.54
134 146 5.63
135 1 10.93
135 2 8.48
135 3 8.52
135 4 8.45
135 5 8.36
135 6 8.23
135 7 8.07
135 8 7.80
135 9 7.01
135 10 7.51
135 11 8.98
135 12 9.39
135 13 9.65
135 14 9.85
135 15 10.02
135 16 10.12
135 17 10.11
135 18 9.63
135 19 10.26
135 20 9.35
135 21 10.06
135 22 10.60
135 23 11.07
135 24 11.48
135 25 11.83
135 26 12.06
135 27 11.89
135 28 12.65
135 29 9.55
135 30 10.48
135 31 11.25
135 32 11.93
135 33 12.55
135 34 13.11
135 35 13.57
135 36 13.71
135 37 14.58
135 38 9.55
135 39 10.62
135 40 11.55
135 41 12.39
135 42 13.18
135 43 13.92
135 44 14.59
135 45 15.03
135 46 15.98
135 47 9.36
135 48 10.47
135 49 11.48
135 50 12.44
135 51 13.35
135 52 14.23
135 53 15.07
135 54 15.80
135 55 16.79
135 56 9.00
135 57 10.04
135 58 11.07
135 59 12.07
135 60 13.05
135 61 14.03
135 62 14.99
135 63 15.99
135 64 16.99
135 65 8.51
135 66 9.37
135 67 10.31
135 68 11.29
135 69 12.29
135 70 13.31
135 71 14.37
135 72 15.59
135 73 16.57
135 74 7.92
135 75 8.49
135 76 9.27
135 77 10.15
135 78 11.10
135 79 12.12
135 80 13.23
135 81 14.62
135 82 15.54
135 83 7.33
135 84 7.50
135 85 8.01
135 86 8.71
135 87 9.54
135 88 10.50
135 89 11.60
135 90 13.11
135 91 13.94
135 92 6.82
135 93 6.53
135 94 6.65
135 95 7.06
135 96 7.69
135 97 8.51
135 98 9.55
135 99 11.11
135 100 11.83
135 101 6.50
135 102 5.75
135 103 5.39
135 104 5.36
135 105 5.66
135 106 6.25
135 107 7.15
135 108 8.71
135 109 9.30
135 110 6.44
135 111 5.39
135 112 4.56
135 113 3.97
135 114 3.71
135 115 3.87
135 116 4.52
135 117 5.99
135 118 6.44
135 119 6.66
135 120 5.57
135 121 4.54
135 122 3.56
135 123 2.64
135 124 1.92
135 125 1.83
135 126 3.05
135 127 3.39
135 128 7.10
135 129 6.23
135 130 5.36
135 131 4.47
135 132 3.57
135 133 2.62
135 134 1.57
135 135 0.00
135 136 1.00
135 137 7.68
135 138 7.17
135 139 6.62
135 140 6.05
135 141 5.49
135 142 4.90
135 143 4.23
135 144 3.05
135 145 3.39
135 146 5.88
136 1 11.92
136 2 9.47
136 3 9.47
136 4 9.37
136 5 9.22
136 6 9.04
136 7 8.80
136 8 8.43
136 9 7.51
136 10 7.89
136 11 9.97
136 12 10.36
136 13 10.59
136 14 10.76
136 15 10.88
136 16 10.93
136 17 10.85
136 18 10.26
136 19 10.83
136 20 10.35
136 21 11.04
136 22 11.57
136 23 12.01
136 24 12.40
136 25 12.71
136 26 12.90
136 27 12.65
136 28 13.38
136 29 10.55
136 30 11.48
136 31 12.24
136 32 12.91
136 33 13.51
136 34 14.05
136 35 14.49
136 36 14.58
136 37 15.43
136 38 10.55
136 39 11.62
136 40 12.55
136 41 13.39
136 42 14.18
136 43 14.91
136 44 15.56
136 45 15.98
136 46 16.91
136 47 10.36
136 48 11.47
136 49 12.48
136 50 13.44
136 51 14.35
136 52 15.23
136 53 16.06
136 54 16.79
136 55 17.78
136 56 10.00
136 57 11.03
136 58 12.05
136 59 13.05
136 60 14.04
136 61 15.02
136 62 15.99
136 63 16.99
136 64 17.99
136 65 9.49
136 66 10.34
136 67 11.27
136 68 12.24
136 69 13.24
136 70 14.27
136 71 15.33
136 72 16.57
136 73 17.54
136 74 8.90
136 75 9.45
136 76 10.20
136 77 11.06
136 78 12.01
136 79 13.02
136 80 14.13
136 81 15.54
136 82 16.44
136 83 8.31
136 84 8.46
136 85 8.92
136 86 9.58
136 87 10.39
136 88 11.32
136 89 12.41
136 90 13.94
136 91 14.75
136 92 7.81
136 93 7.49
136 94 7.56
136 95 7.91
136 96 8.48
136 97 9.25
136 98 10.26
136 99 11.83
136 100 12.50
136 101 7.50
136 102 6.73
136 103 6.33
136 104 6.23
136 105 6.43
136 106 6.93
136 107 7.76
136 108 9.30
136 109 9.80
136 110 7.44
136 111 6.39
136 112 5.55
136 113 4.92
136 114 4.57
136 115 4.58
136 116 5.07
136 117 6.44
136 118 6.74
136 119 7.65
136 120 6.56
136 121 5.54
136 122 4.56
136 123 3.64
136 124 2.88
136 125 2.54
136 126 3.39
136 127 3.43
136 128 8.09
136 129 7.20
136 130 6.30
136 131 5.38
136 132 4.44
136 133 3.45
136 134 2.34
136 135 1.00
136 136 0.00
136 137 8.66
136 138 8.12
136 139 7.53
136 140 6.91
136 141 6.27
136 142 5.58
136 143 4.78
136 144 3.39
136 145 3.43
136 146 6.81
137 1 3.26
137 2 0.81
137 3 1.26
137 4 2.06
137 5 2.91
137 6 3.79
137 7 4.67
137 8 5.57
137 9 6.55
137 10 7.55
137 11 1.38
137 12 1.79
137 13 2.43
137 14 3.17
137 15 3.95
137 16 4.76
137 17 5.57
137 18 6.43
137 19 7.43
137 20 1.89
137 21 2.39
137 22 2.99
137 23 3.67
137 24 4.38
137 25 5.12
137 26 5.85
137 27 6.59
137 28 7.58
137 29 2.34
137 30 2.96
137 31 3.59
137 32 4.26
137 33 4.95
137 34 5.65
137 35 6.34
137 36 6.99
137 37 7.98
137 38 2.70
137 39 3.45
137 40 4.15
137 41 4.84
137 42 5.55
137 43 6.25
137 44 6.93
137 45 7.54
137 46 8.52
137 47 2.96
137 48 3.82
137 49 4.60
137 50 5.35
137 51 6.09
137 52 6.82
137 53 7.52
137 54 8.14
137 55 9.12
137 56 3.11
137 57 4.08
137 58 4.93
137 59 5.74
137 60 6.53
137 61 7.30
137 62 8.04
137 63 8.70
137 64 9.69
137 65 3.14
137 66 4.19
137 67 5.11
137 68 5.97
137 69 6.81
137 70 7.63
137 71 8.42
137 72 9.15
137 73 10.15
137 74 3.06
137 75 4.16
137 76 5.13
137 77 6.04
137 78 6.93
137 79 7.79
137 80 8.64
137 81 9.45
137 82 10.45
137 83 2.87
137 84 3.98
137 85 4.99
137 86 5.94
137 87 6.87
137 88 7.77
137 89 8.67
137 90 9.57
137 91 10.57
137 92 2.58
137 93 3.67
137 94 4.70
137 95 5.68
137 96 6.63
137 97 7.57
137 98 8.51
137 99 9.50
137 100 10.50
137 101 2.19
137 102 3.24
137 103 4.27
137 104 5.27
137 105 6.24
137 106 7.21
137 107 8.18
137 108 9.24
137 109 10.23
137 110 1.71
137 111 2.72
137 112 3.74
137 113 4.74
137 114 5.73
137 115 6.71
137 116 7.70
137 117 8.81
137 118 9.80
137 119 1.18
137 120 2.13
137 121 3.14
137 122 4.15
137 123 5.14
137 124 6.12
137 125 7.13
137 126 8.27
137 127 9.26
137 128 0.60
137 129 1.54
137 130 2.56
137 131 3.56
137 132 4.55
137 133 5.53
137 134 6.53
137 135 7.68
137 136 8.66
137 137 0.00
137 138 1.11
137 139 2.12
137 140 3.10
137 141 4.06
137 142 5.02
137 143 6.00
137 144 7.10
137 145 8.09
137 146 4.33
138 1 3.96
138 2 1.75
138 3 1.36
138 4 1.52
138 5 2.09
138 6 2.83
138 7 3.63
138 8 4.48
138 9 5.44
138 10 6.44
138 11 2.35
138 12 2.30
138 13 2.50
138 14 2.91
138 15 3.46
138 16 4.09
138 17 4.76
138 18 5.46
138 19 6.45
138 20 2.92
138 21 3.16
138 22 3.48
138 23 3.90
138 24 4.40
138 25 4.95
138 26 5.51
138 27 6.00
138 28 6.97
138 29 3.41
138 30 3.90
138 31 4.37
138 32 4.87
138 33 5.40
138 34 5.95
138 35 6.47
138 36 6.87
138 37 7.83
138 38 3.80
138 39 4.50
138 40 5.11
138 41 5.71
138 42 6.32
138 43 6.91
138 44 7.47
138 45 7.87
138 46 8.82
138 47 4.06
138 48 4.93
138 49 5.68
138 50 6.38
138 51 7.07
138 52 7.73
138 53 8.35
138 54 8.83
138 55 9.79
138 56 4.19
138 57 5.18
138 58 6.04
138 59 6.84
138 60 7.61
138 61 8.36
138 62 9.06
138 63 9.64
138 64 10.61
138 65 4.16
138 66 5.24
138 67 6.19
138 68 7.07
138 69 7.92
138 70 8.74
138 71 9.52
138 72 10.23
138 73 11.22
138 74 4.00
138 75 5.11
138 76 6.11
138 77 7.06
138 78 7.97
138 79 8.86
138 80 9.72
138 81 10.56
138 82 11.56
138 83 3.70
138 84 4.79
138 85 5.82
138 86 6.80
138 87 7.76
138 88 8.70
138 89 9.64
138 90 10.60
138 91 11.60
138 92 3.28
138 93 4.30
138 94 5.32
138 95 6.32
138 96 7.31
138 97 8.29
138 98 9.28
138 99 10.36
138 100 11.35
138 101 2.76
138 102 3.64
138 103 4.63
138 104 5.63
138 105 6.63
138 106 7.63
138 107 8.67
138 108 9.84
138 109 10.82
138 110 2.17
138 111 2.86
138 112 3.78
138 113 4.76
138 114 5.77
138 115 6.79
138 116 7.84
138 117 9.09
138 118 10.06
138 119 1.58
138 120 1.96
138 121 2.82
138 122 3.79
138 123 4.79
138 124 5.81
138 125 6.88
138 126 8.17
138 127 9.12
138 128 1.13
138 129 1.00
138 130 1.82
138 131 2.80
138 132 3.80
138 133 4.82
138 134 5.89
138 135 7.17
138 136 8.12
138 137 1.11
138 138 0.00
138 139 1.03
138 140 2.02
138 141 3.01
138 142 4.00
138 143 5.02
138 144 6.24
138 145 7.20
138 146 4.80
139 1 4.86
139 2 2.77
139 3 2.18
139 4 1.85
139 5 1.88
139 6 2.27
139 7 2.88
139 8 3.59
139 9 4.44
139 10 5.44
139 11 3.36
139 12 3.18
139 13 3.13
139 14 3.24
139 15 3.51
139 16 3.90
139 17 4.35
139 18 4.78
139 19 5.76
139 20 3.94
139 21 4.10
139 22 4.29
139 23 4.55
139 24 4.87
139 25 5.24
139 26 5.60
139 27 5.82
139 28 6.74
139 29 4.44
139 30 4.90
139 31 5.30
139 32 5.71
139 33 6.14
139 34 6.57
139 35 6.96
139 36 7.14
139 37 8.05
139 38 4.82
139 39 5.52
139 40 6.11
139 41 6.68
139 42 7.22
139 43 7.75
139 44 8.23
139 45 8.49
139 46 9.40
139 47 5.06
139 48 5.95
139 49 6.70
139 50 7.40
139 51 8.07
139 52 8.71
139 53 9.29
139 54 9.68
139 55 10.62
139 56 5.14
139 57 6.16
139 58 7.05
139 59 7.86
139 60 8.64
139 61 9.38
139 62 10.07
139 63 10.62
139 64 11.59
139 65 5.06
139 66 6.16
139 67 7.13
139 68 8.04
139 69 8.91
139 70 9.74
139 71 10.54
139 72 11.26
139 73 12.25
139 74 4.83
139 75 5.93
139 76 6.95
139 77 7.92
139 78 8.86
139 79 9.77
139 80 10.67
139 81 11.55
139 82 12.55
139 83 4.45
139 84 5.49
139 85 6.52
139 86 7.52
139 87 8.50
139 88 9.47
139 89 10.44
139 90 11.48
139 91 12.48
139 92 3.95
139 93 4.86
139 94 5.84
139 95 6.84
139 96 7.84
139 97 8.85
139 98 9.88
139 99 11.05
139 100 12.03
139 101 3.38
139 102 4.06
139 103 4.95
139 104 5.92
139 105 6.92
139 106 7.94
139 107 9.01
139 108 10.29
139 109 11.25
139 110 2.78
139 111 3.13
139 112 3.88
139 113 4.79
139 114 5.77
139 115 6.79
139 116 7.89
139 117 9.24
139 118 10.17
139 119 2.26
139 120 2.13
139 121 2.67
139 122 3.51
139 123 4.46
139 124 5.48
139 125 6.58
139 126 7.98
139 127 8.89
139 128 2.00
139 129 1.22
139 130 1.36
139 131 2.14
139 132 3.10
139 133 4.12
139 134 5.22
139 135 6.62
139 136 7.53
139 137 2.12
139 138 1.03
139 139 0.00
139 140 1.00
139 141 2.00
139 142 3.01
139 143 4.06
139 144 5.36
139 145 6.30
139 146 5.21
140 1 5.83
140 2 3.77
140 3 3.15
140 4 2.64
140 5 2.31
140 6 2.26
140 7 2.49
140 8 2.94
140 9 3.55
140 10 4.54
140 11 4.36
140 12 4.15
140 13 3.99
140 14 3.92
140 15 3.97
140 16 4.11
140 17 4.31
140 18 4.40
140 19 5.32
140 20 4.94
140 21 5.09
140 22 5.22
140 23 5.38
140 24 5.58
140 25 5.81
140 26 6.01
140 27 5.97
140 28 6.82
140 29 5.43
140 30 5.90
140 31 6.28
140 32 6.65
140 33 7.01
140 34 7.36
140 35 7.66
140 36 7.67
140 37 8.53
140 38 5.79
140 39 6.52
140 40 7.12
140 41 7.67
140 42 8.19
140 43 8.68
140 44 9.10
140 45 9.26
140 46 10.15
140 47 6.00
140 48 6.92
140 49 7.69
140 50 8.40
140 51 9.07
140 52 9.70
140 53 10.26
140 54 10.60
140 55 11.53
140 56 6.04
140 57 7.09
140 58 8.00
140 59 8.83
140 60 9.63
140 61 10.38
140 62 11.08
140 63 11.62
140 64 12.58
140 65 5.91
140 66 7.02
140 67 8.01
140 68 8.94
140 69 9.83
140 70 10.69
140 71 11.51
140 72 12.25
140 73 13.24
140 74 5.61
140 75 6.70
140 76 7.73
140 77 8.72
140 78 9.67
140 79 10.62
140 80 11.54
140 81 12.47
140 82 13.47
140 83 5.18
140 84 6.16
140 85 7.17
140 86 8.17
140 87 9.17
140 88 10.16
140 89 11.17
140 90 12.27
140 91 13.26
140 92 4.64
140 93 5.43
140 94 6.35
140 95 7.33
140 96 8.33
140 97 9.35
140 98 10.41
140 99 11.66
140 100 12.63
140 101 4.04
140 102 4.53
140 103 5.31
140 104 6.21
140 105 7.19
140 106 8.21
140 107 9.31
140 108 10.67
140 109 11.60
140 110 3.47
140 111 3.54
140 112 4.09
140 113 4.87
140 114 5.79
140 115 6.79
140 116 7.90
140 117 9.34
140 118 10.23
140 119 3.04
140 120 2.57
140 121 2.74
140 122 3.35
140 123 4.19
140 124 5.17
140 125 6.28
140 126 7.76
140 127 8.61
140 128 2.90
140 129 1.91
140 130 1.42
140 131 1.71
140 132 2.49
140 133 3.46
140 134 4.57
140 135 6.05
140 136 6.91
140 137 3.10
140 138 2.02
140 139 1.00
140 140 0.00
140 141 1.00
140 142 2.02
140 143 3.10
140 144 4.47
140 145 5.39
140 146 5.64
141 1 6.83
141 2 4.76
141 3 4.15
141 4 3.59
141 5 3.11
141 6 2.77
141 7 2.62
141 8 2.66
141 9 2.83
141 10 3.80
141 11 5.35
141 12 5.15
141 13 4.95
141 14 4.79
141 15 4.70
141 16 4.66
141 17 4.64
141 18 4.38
141 19 5.19
141 20 5.92
141 21 6.10
141 22 6.21
141 23 6.32
141 24 6.45
141 25 6.58
141 26 6.66
141 27 6.40
141 28 7.18
141 29 6.40
141 30 6.90
141 31 7.28
141 32 7.63
141 33 7.96
141 34 8.27
141 35 8.50
141 36 8.39
141 37 9.20
141 38 6.74
141 39 7.50
141 40 8.11
141 41 8.67
141 42 9.19
141 43 9.66
141 44 10.06
141 45 10.15
141 46 11.02
141 47 6.91
141 48 7.87
141 49 8.66
141 50 9.39
141 51 10.07
141 52 10.70
141 53 11.26
141 54 11.58
141 55 12.50
141 56 6.91
141 57 7.98
141 58 8.91
141 59 9.77
141 60 10.59
141 61 11.36
141 62 12.07
141 63 12.62
141 64 13.59
141 65 6.73
141 66 7.84
141 67 8.85
141 68 9.80
141 69 10.71
141 70 11.59
141 71 12.44
141 72 13.22
141 73 14.21
141 74 6.38
141 75 7.44
141 76 8.47
141 77 9.47
141 78 10.44
141 79 11.41
141 80 12.36
141 81 13.35
141 82 14.35
141 83 5.90
141 84 6.82
141 85 7.79
141 86 8.79
141 87 9.79
141 88 10.80
141 89 11.84
141 90 13.01
141 91 13.99
141 92 5.33
141 93 6.00
141 94 6.86
141 95 7.79
141 96 8.78
141 97 9.81
141 98 10.89
141 99 12.21
141 100 13.16
141 101 4.73
141 102 5.04
141 103 5.69
141 104 6.52
141 105 7.45
141 106 8.45
141 107 9.56
141 108 10.99
141 109 11.89
141 110 4.20
141 111 4.04
141 112 4.38
141 113 5.01
141 114 5.84
141 115 6.79
141 116 7.90
141 117 9.40
141 118 10.24
141 119 3.86
141 120 3.17
141 121 3.02
141 122 3.35
141 123 4.01
141 124 4.90
141 125 5.98
141 126 7.52
141 127 8.31
141 128 3.80
141 129 2.74
141 130 1.96
141 131 1.66
141 132 2.05
141 133 2.87
141 134 3.94
141 135 5.49
141 136 6.27
141 137 4.06
141 138 3.01
141 139 2.00
141 140 1.00
141 141 0.00
141 142 1.03
141 143 2.12
141 144 3.57
141 145 4.44
141 146 6.08
142 1 7.85
142 2 5.74
142 3 5.17
142 4 4.61
142 5 4.08
142 6 3.61
142 7 3.23
142 8 2.91
142 9 2.48
142 10 3.33
142 11 6.34
142 12 6.17
142 13 5.97
142 14 5.78
142 15 5.61
142 16 5.47
142 17 5.28
142 18 4.73
142 19 5.42
142 20 6.90
142 21 7.11
142 22 7.23
142 23 7.33
142 24 7.43
142 25 7.50
142 26 7.50
142 27 7.09
142 28 7.79
142 29 7.36
142 30 7.90
142 31 8.30
142 32 8.66
142 33 8.98
142 34 9.27
142 35 9.46
142 36 9.27
142 37 10.04
142 38 7.67
142 39 8.47
142 40 9.11
142 41 9.68
142 42 10.21
142 43 10.69
142 44 11.07
142 45 11.13
142 46 11.98
142 47 7.80
142 48 8.79
142 49 9.62
142 50 10.37
142 51 11.07
142 52 11.72
142 53 12.29
142 54 12.61
142 55 13.53
142 56 7.75
142 57 8.85
142 58 9.80
142 59 10.69
142 60 11.52
142 61 12.32
142 62 13.05
142 63 13.63
142 64 14.60
142 65 7.53
142 66 8.63
142 67 9.65
142 68 10.62
142 69 11.56
142 70 12.46
142 71 13.34
142 72 14.16
142 73 15.16
142 74 7.14
142 75 8.16
142 76 9.17
142 77 10.18
142 78 11.17
142 79 12.15
142 80 13.14
142 81 14.18
142 82 15.18
142 83 6.62
142 84 7.45
142 85 8.39
142 86 9.37
142 87 10.37
142 88 11.39
142 89 12.45
142 90 13.68
142 91 14.66
142 92 6.03
142 93 6.57
142 94 7.35
142 95 8.23
142 96 9.20
142 97 10.21
142 98 11.32
142 99 12.70
142 100 13.62
142 101 5.44
142 102 5.58
142 103 6.10
142 104 6.82
142 105 7.69
142 106 8.66
142 107 9.77
142 108 11.25
142 109 12.11
142 110 4.96
142 111 4.61
142 112 4.74
142 113 5.20
142 114 5.91
142 115 6.79
142 116 7.87
142 117 9.41
142 118 10.19
142 119 4.69
142 120 3.86
142 121 3.46
142 122 3.50
142 123 3.93
142 124 4.67
142 125 5.69
142 126 7.26
142 127 7.96
142 128 4.71
142 129 3.62
142 130 2.70
142 131 2.04
142 132 1.89
142 133 2.38
142 134 3.33
142 135 4.90
142 136 5.58
142 137 5.02
142 138 4.00
142 139 3.01
142 140 2.02
142 141 1.03
142 142 0.00
142 143 1.11
142 144 2.62
142 145 3.45
142 146 6.53
143 1 8.92
143 2 6.75
143 3 6.24
143 4 5.71
143 5 5.19
143 6 4.68
143 7 4.20
143 8 3.68
143 9 2.79
143 10 3.38
143 11 7.35
143 12 7.24
143 13 7.07
143 14 6.89
143 15 6.70
143 16 6.51
143 17 6.23
143 18 5.50
143 19 6.06
143 20 7.89
143 21 8.16
143 22 8.32
143 23 8.44
143 24 8.54
143 25 8.60
143 26 8.55
143 27 8.06
143 28 8.70
143 29 8.32
143 30 8.92
143 31 9.36
143 32 9.75
143 33 10.09
143 34 10.38
143 35 10.56
143 36 10.34
143 37 11.09
143 38 8.59
143 39 9.44
143 40 10.13
143 41 10.73
143 42 11.29
143 43 11.78
143 44 12.18
143 45 12.24
143 46 13.09
143 47 8.68
143 48 9.70
143 49 10.56
143 50 11.35
143 51 12.08
143 52 12.76
143 53 13.35
143 54 13.70
143 55 14.63
143 56 8.58
143 57 9.68
143 58 10.66
143 59 11.58
143 60 12.44
143 61 13.27
143 62 14.03
143 63 14.66
143 64 15.64
143 65 8.30
143 66 9.38
143 67 10.41
143 68 11.40
143 69 12.36
143 70 13.29
143 71 14.20
143 72 15.08
143 73 16.08
143 74 7.86
143 75 8.83
143 76 9.82
143 77 10.82
143 78 11.82
143 79 12.83
143 80 13.85
143 81 14.96
143 82 15.95
143 83 7.31
143 84 8.05
143 85 8.93
143 86 9.88
143 87 10.87
143 88 11.89
143 89 12.98
143 90 14.28
143 91 15.23
143 92 6.71
143 93 7.11
143 94 7.79
143 95 8.61
143 96 9.53
143 97 10.53
143 98 11.64
143 99 13.08
143 100 13.97
143 101 6.15
143 102 6.11
143 103 6.47
143 104 7.08
143 105 7.86
143 106 8.78
143 107 9.87
143 108 11.40
143 109 12.20
143 110 5.72
143 111 5.20
143 112 5.12
143 113 5.39
143 114 5.94
143 115 6.72
143 116 7.74
143 117 9.31
143 118 10.01
143 119 5.54
143 120 4.60
143 121 3.99
143 122 3.74
143 123 3.89
143 124 4.43
143 125 5.32
143 126 6.88
143 127 7.48
143 128 5.64
143 129 4.53
143 130 3.54
143 131 2.68
143 132 2.09
143 133 2.05
143 134 2.71
143 135 4.23
143 136 4.78
143 137 6.00
143 138 5.02
143 139 4.06
143 140 3.10
143 141 2.12
143 142 1.11
143 143 0.00
143 144 1.57
143 145 2.34
143 146 6.94
144 1 10.19
144 2 7.89
144 3 7.53
144 4 7.11
144 5 6.68
144 6 6.23
144 7 5.77
144 8 5.21
144 9 4.14
144 10 4.50
144 11 8.48
144 12 8.52
144 13 8.45
144 14 8.36
144 15 8.23
144 16 8.07
144 17 7.80
144 18 7.01
144 19 7.51
144 20 8.98
144 21 9.39
144 22 9.65
144 23 9.85
144 24 10.02
144 25 10.12
144 26 10.11
144 27 9.63
144 28 10.26
144 29 9.35
144 30 10.06
144 31 10.60
144 32 11.07
144 33 11.48
144 34 11.83
144 35 12.06
144 36 11.89
144 37 12.65
144 38 9.55
144 39 10.48
144 40 11.25
144 41 11.93
144 42 12.55
144 43 13.11
144 44 13.57
144 45 13.71
144 46 14.58
144 47 9.55
144 48 10.62
144 49 11.55
144 50 12.39
144 51 13.18
144 52 13.92
144 53 14.59
144 54 15.04
144 55 15.98
144 56 9.36
144 57 10.47
144 58 11.49
144 59 12.44
144 60 13.35
144 61 14.23
144 62 15.07
144 63 15.80
144 64 16.79
144 65 9.00
144 66 10.04
144 67 11.07
144 68 12.07
144 69 13.05
144 70 14.03
144 71 14.99
144 72 15.99
144 73 16.99
144 74 8.50
144 75 9.37
144 76 10.31
144 77 11.29
144 78 12.29
144 79 13.31
144 80 14.37
144 81 15.59
144 82 16.57
144 83 7.92
144 84 8.49
144 85 9.27
144 86 10.15
144 87 11.10
144 88 12.12
144 89 13.23
144 90 14.62
144 91 15.54
144 92 7.33
144 93 7.50
144 94 8.01
144 95 8.71
144 96 9.54
144 97 10.50
144 98 11.60
144 99 13.11
144 100 13.94
144 101 6.82
144 102 6.53
144 103 6.65
144 104 7.06
144 105 7.69
144 106 8.51
144 107 9.55
144 108 11.11
144 109 11.83
144 110 6.50
144 111 5.75
144 112 5.39
144 113 5.36
144 114 5.66
144 115 6.25
144 116 7.15
144 117 8.71
144 118 9.30
144 119 6.44
144 120 5.39
144 121 4.56
144 122 3.97
144 123 3.71
144 124 3.87
144 125 4.52
144 126 5.99
144 127 6.43
144 128 6.66
144 129 5.57
144 130 4.54
144 131 3.56
144 132 2.64
144 133 1.92
144 134 1.83
144 135 3.05
144 136 3.39
144 137 7.10
144 138 6.24
144 139 5.36
144 140 4.47
144 141 3.57
144 142 2.62
144 143 1.57
144 144 0.00
144 145 1.00
144 146 7.15
145 1 11.15
145 2 8.88
145 3 8.48
145 4 8.02
145 5 7.53
145 6 7.01
145 7 6.45
145 8 5.77
145 9 4.50
145 10 4.66
145 11 9.46
145 12 9.47
145 13 9.37
145 14 9.22
145 15 9.04
145 16 8.80
145 17 8.43
145 18 7.51
145 19 7.89
145 20 9.97
145 21 10.36
145 22 10.59
145 23 10.76
145 24 10.88
145 25 10.93
145 26 10.85
145 27 10.26
145 28 10.83
145 29 10.35
145 30 11.05
145 31 11.57
145 32 12.01
145 33 12.40
145 34 12.71
145 35 12.90
145 36 12.65
145 37 13.38
145 38 10.55
145 39 11.48
145 40 12.24
145 41 12.91
145 42 13.51
145 43 14.06
145 44 14.49
145 45 14.58
145 46 15.43
145 47 10.55
145 48 11.62
145 49 12.55
145 50 13.39
145 51 14.18
145 52 14.91
145 53 15.56
145 54 15.98
145 55 16.91
145 56 10.36
145 57 11.47
145 58 12.48
145 59 13.44
145 60 14.35
145 61 15.23
145 62 16.06
145 63 16.79
145 64 17.78
145 65 10.00
145 66 11.03
145 67 12.05
145 68 13.05
145 69 14.04
145 70 15.02
145 71 15.99
145 72 16.99
145 73 17.99
145 74 9.49
145 75 10.34
145 76 11.27
145 77 12.24
145 78 13.24
145 79 14.27
145 80 15.33
145 81 16.57
145 82 17.54
145 83 8.90
145 84 9.45
145 85 10.20
145 86 11.06
145 87 12.01
145 88 13.02
145 89 14.13
145 90 15.53
145 91 16.44
145 92 8.31
145 93 8.46
145 94 8.92
145 95 9.58
145 96 10.39
145 97 11.32
145 98 12.41
145 99 13.94
145 100 14.74
145 101 7.81
145 102 7.49
145 103 7.56
145 104 7.91
145 105 8.48
145 106 9.25
145 107 10.26
145 108 11.83
145 109 12.50
145 110 7.50
145 111 6.73
145 112 6.33
145 113 6.23
145 114 6.43
145 115 6.93
145 116 7.76
145 117 9.30
145 118 9.80
145 119 7.44
145 120 6.38
145 121 5.55
145 122 4.92
145 123 4.57
145 124 4.58
145 125 5.07
145 126 6.44
145 127 6.74
145 128 7.65
145 129 6.56
145 130 5.54
145 131 4.56
145 132 3.64
145 133 2.88
145 134 2.54
145 135 3.39
145 136 3.43
145 137 8.09
145 138 7.20
145 139 6.30
145 140 5.39
145 141 4.44
145 142 3.45
145 143 2.34
145 144 1.00
145 145 0.00
145 146 8.07
146 1 6.88
146 2 4.80
146 3 5.59
146 4 6.25
146 5 6.87
146 6 7.47
146 7 8.05
146 8 8.57
146 9 8.89
146 10 9.82
146 11 4.98
146 12 5.93
146 13 6.74
146 14 7.49
146 15 8.21
146 16 8.89
146 17 9.51
146 18 9.97
146 19 10.93
146 20 5.00
146 21 6.06
146 22 6.98
146 23 7.84
146 24 8.65
146 25 9.44
146 26 10.17
146 27 10.79
146 28 11.77
146 29 4.87
146 30 5.98
146 31 6.97
146 32 7.91
146 33 8.80
146 34 9.67
146 35 10.51
146 36 11.29
146 37 12.28
146 38 4.58
146 39 5.68
146 40 6.70
146 41 7.68
146 42 8.64
146 43 9.58
146 44 10.50
146 45 11.44
146 46 12.44
146 47 4.16
146 48 5.17
146 49 6.19
146 50 7.19
146 51 8.18
146 52 9.17
146 53 10.16
146 54 11.24
146 55 12.24
146 56 3.64
146 57 4.48
146 58 5.44
146 59 6.43
146 60 7.44
146 61 8.45
146 62 9.50
146 63 10.70
146 64 11.68
146 65 3.04
146 66 3.64
146 67 4.50
146 68 5.45
146 69 6.45
146 70 7.47
146 71 8.55
146 72 9.85
146 73 10.80
146 74 2.46
146 75 2.68
146 76 3.39
146 77 4.29
146 78 5.26
146 79 6.29
146 80 7.38
146 81 8.74
146 82 9.67
146 83 2.01
146 84 1.68
146 85 2.16
146 86 3.00
146 87 3.96
146 88 4.98
146 89 6.08
146 90 7.47
146 91 8.38
146 92 1.88
146 93 0.88
146 94 0.86
146 95 1.71
146 96 2.70
146 97 3.72
146 98 4.81
146 99 6.17
146 100 7.09
146 101 2.14
146 102 1.16
146 103 0.51
146 104 1.04
146 105 1.93
146 106 2.88
146 107 3.88
146 108 5.08
146 109 6.04
146 110 2.66
146 111 2.11
146 112 1.82
146 113 1.93
146 114 2.36
146 115 2.99
146 116 3.71
146 117 4.56
146 118 5.56
146 119 3.26
146 120 3.10
146 121 3.08
146 122 3.23
146 123 3.54
146 124 3.95
146 125 4.43
146 126 4.89
146 127 5.86
146 128 3.83
146 129 4.01
146 130 4.23
146 131 4.50
146 132 4.85
146 133 5.24
146 134 5.63
146 135 5.88
146 136 6.81
146 137 4.33
146 138 4.80
146 139 5.21
146 140 5.64
146 141 6.08
146 142 6.53
146 143 6.94
146 144 7.15
146 145 8.07
146 146 0.00
;
param v :=
1 1 0
1 2 48
1 3 59
1 4 38
1 5 45
1 6 37
1 7 45
1 8 55
1 9 37
1 10 53
1 11 37
1 12 60
1 13 42
1 14 51
1 15 42
1 16 60
1 17 53
1 18 55
1 19 49
1 20 55
1 21 41
1 22 51
1 23 41
1 24 43
1 25 54
1 26 51
1 27 39
1 28 37
1 29 41
1 30 53
1 31 39
1 32 56
1 33 58
1 34 51
1 35 41
1 36 56
1 37 46
1 38 55
1 39 45
1 40 43
1 41 52
1 42 50
1 43 35
1 44 51
1 45 55
1 46 59
1 47 42
1 48 49
1 49 41
1 50 59
1 51 40
1 52 40
1 53 52
1 54 48
1 55 50
1 56 43
1 57 51
1 58 37
1 59 48
1 60 43
1 61 41
1 62 46
1 63 46
1 64 48
1 65 47
1 66 56
1 67 59
1 68 53
1 69 48
1 70 50
1 71 56
1 72 38
1 73 41
1 74 41
1 75 49
1 76 51
1 77 52
1 78 44
1 79 37
1 80 42
1 81 55
1 82 39
1 83 38
1 84 46
1 85 35
1 86 36
1 87 36
1 88 48
1 89 57
1 90 42
1 91 47
1 92 38
1 93 46
1 94 60
1 95 42
1 96 52
1 97 53
1 98 43
1 99 57
1 100 39
1 101 49
1 102 56
1 103 44
1 104 35
1 105 35
1 106 41
1 107 36
1 108 40
1 109 49
1 110 44
1 111 49
1 112 45
1 113 38
1 114 35
1 115 51
1 116 58
1 117 60
1 118 53
1 119 41
1 120 39
1 121 49
1 122 44
1 123 35
1 124 54
1 125 60
1 126 60
1 127 38
1 128 35
1 129 46
1 130 40
1 131 53
1 132 57
1 133 38
1 134 43
1 135 37
1 136 52
1 137 38
1 138 41
1 139 43
1 140 48
1 141 58
1 142 38
1 143 42
1 144 47
1 145 38
1 146 45
2 1 56
2 2 0
2 3 43
2 4 43
2 5 43
2 6 43
2 7 45
2 8 48
2 9 37
2 10 49
2 11 35
2 12 45
2 13 48
2 14 41
2 15 43
2 16 47
2 17 36
2 18 52
2 19 52
2 20 49
2 21 47
2 22 46
2 23 55
2 24 59
2 25 49
2 26 36
2 27 38
2 28 41
2 29 39
2 30 46
2 31 41
2 32 56
2 33 45
2 34 57
2 35 52
2 36 54
2 37 58
2 38 36
2 39 40
2 40 54
2 41 43
2 42 36
2 43 36
2 44 55
2 45 49
2 46 40
2 47 47
2 48 53
2 49 56
2 50 37
2 51 58
2 52 54
2 53 40
2 54 52
2 55 50
2 56 36
2 57 45
2 58 35
2 59 35
2 60 49
2 61 51
2 62 48
2 63 36
2 64 44
2 65 51
2 66 43
2 67 35
2 68 43
2 69 52
2 70 45
2 71 41
2 72 55
2 73 35
2 74 55
2 75 47
2 76 54
2 77 36
2 78 35
2 79 55
2 80 44
2 81 56
2 82 42
2 83 47
2 84 38
2 85 35
2 86 40
2 87 59
2 88 41
2 89 36
2 90 49
2 91 43
2 92 58
2 93 39
2 94 55
2 95 40
2 96 39
2 97 57
2 98 53
2 99 57
2 100 49
2 101 54
2 102 40
2 103 57
2 104 60
2 105 47
2 106 57
2 107 44
2 108 57
2 109 44
2 110 36
2 111 46
2 112 35
2 113 36
2 114 52
2 115 56
2 116 40
2 117 39
2 118 48
2 119 52
2 120 47
2 121 59
2 122 58
2 123 42
2 124 41
2 125 48
2 126 39
2 127 50
2 128 56
2 129 58
2 130 48
2 131 58
2 132 38
2 133 60
2 134 38
2 135 39
2 136 54
2 137 55
2 138 35
2 139 59
2 140 45
2 141 55
2 142 60
2 143 54
2 144 60
2 145 37
2 146 38
3 1 57
3 2 54
3 3 0
3 4 50
3 5 59
3 6 40
3 7 37
3 8 51
3 9 41
3 10 46
3 11 42
3 12 58
3 13 47
3 14 52
3 15 47
3 16 58
3 17 46
3 18 41
3 19 39
3 20 38
3 21 56
3 22 48
3 23 47
3 24 51
3 25 38
3 26 48
3 27 47
3 28 39
3 29 46
3 30 56
3 31 53
3 32 50
3 33 36
3 34 47
3 35 35
3 36 53
3 37 54
3 38 53
3 39 55
3 40 39
3 41 47
3 42 57
3 43 59
3 44 35
3 45 42
3 46 44
3 47 54
3 48 38
3 49 41
3 50 48
3 51 39
3 52 47
3 53 44
3 54 43
3 55 54
3 56 41
3 57 54
3 58 51
3 59 51
3 60 52
3 61 54
3 62 35
3 63 42
3 64 51
3 65 42
3 66 45
3 67 47
3 68 35
3 69 43
3 70 48
3 71 41
3 72 53
3 73 53
3 74 35
3 75 39
3 76 39
3 77 42
3 78 43
3 79 55
3 80 59
3 81 45
3 82 59
3 83 54
3 84 37
3 85 38
3 86 54
3 87 40
3 88 56
3 89 54
3 90 43
3 91 35
3 92 58
3 93 56
3 94 41
3 95 57
3 96 44
3 97 49
3 98 59
3 99 54
3 100 56
3 101 40
3 102 57
3 103 47
3 104 48
3 105 57
3 106 36
3 107 41
3 108 35
3 109 55
3 110 50
3 111 35
3 112 45
3 113 56
3 114 37
3 115 35
3 116 50
3 117 36
3 118 48
3 119 58
3 120 60
3 121 51
3 122 58
3 123 42
3 124 48
3 125 57
3 126 53
3 127 40
3 128 43
3 129 58
3 130 37
3 131 50
3 132 58
3 133 50
3 134 44
3 135 49
3 136 50
3 137 46
3 138 54
3 139 44
3 140 46
3 141 38
3 142 37
3 143 35
3 144 55
3 145 54
3 146 53
4 1 38
4 2 39
4 3 49
4 4 0
4 5 43
4 6 38
4 7 55
4 8 53
4 9 59
4 10 56
4 11 58
4 12 46
4 13 55
4 14 55
4 15 43
4 16 49
4 17 45
4 18 39
4 19 44
4 20 47
4 21 46
4 22 41
4 23 52
4 24 57
4 25 40
4 26 41
4 27 36
4 28 52
4 29 46
4 30 42
4 31 48
4 32 44
4 33 41
4 34 36
4 35 39
4 36 49
4 37 46
4 38 35
4 39 44
4 40 39
4 41 44
4 42 36
4 43 59
4 44 56
4 45 54
4 46 51
4 47 54
4 48 49
4 49 40
4 50 50
4 51 43
4 52 56
4 53 35
4 54 40
4 55 49
4 56 57
4 57 45
4 58 38
4 59 44
4 60 43
4 61 59
4 62 43
4 63 45
4 64 48
4 65 41
4 66 53
4 67 58
4 68 50
4 69 40
4 70 45
4 71 60
4 72 52
4 73 56
4 74 55
4 75 47
4 76 41
4 77 45
4 78 52
4 79 54
4 80 35
4 81 58
4 82 58
4 83 38
4 84 52
4 85 45
4 86 55
4 87 57
4 88 55
4 89 42
4 90 55
4 91 59
4 92 38
4 93 36
4 94 56
4 95 43
4 96 42
4 97 51
4 98 37
4 99 58
4 100 36
4 101 57
4 102 42
4 103 43
4 104 58
4 105 38
4 106 37
4 107 41
4 108 56
4 109 56
4 110 44
4 111 50
4 112 53
4 113 41
4 114 35
4 115 56
4 116 55
4 117 39
4 118 35
4 119 43
4 120 45
4 121 55
4 122 59
4 123 51
4 124 42
4 125 56
4 126 46
4 127 35
4 128 40
4 129 45
4 130 51
4 131 54
4 132 59
4 133 44
4 134 48
4 135 60
4 136 49
4 137 43
4 138 42
4 139 40
4 140 54
4 141 48
4 142 49
4 143 54
4 144 52
4 145 37
4 146 55
5 1 49
5 2 60
5 3 46
5 4 51
5 5 0
5 6 35
5 7 40
5 8 44
5 9 43
5 10 37
5 11 52
5 12 44
5 13 37
5 14 58
5 15 39
5 16 59
5 17 35
5 18 54
5 19 43
5 20 39
5 21 43
5 22 44
5 23 39
5 24 53
5 25 56
5 26 52
5 27 53
5 28 43
5 29 53
5 30 42
5 31 41
5 32 42
5 33 53
5 34 39
5 35 50
5 36 41
5 37 42
5 38 42
5 39 57
5 40 60
5 41 41
5 42 43
5 43 35
5 44 41
5 45 37
5 46 56
5 47 60
5 48 35
5 49 43
5 50 57
5 51 55
5 52 60
5 53 42
5 54 54
5 55 49
5 56 43
5 57 51
5 58 37
5 59 42
5 60 53
5 61 51
5 62 48
5 63 40
5 64 48
5 65 35
5 66 44
5 67 35
5 68 48
5 69 54
5 70 39
5 71 56
5 72 59
5 73 60
5 74 43
5 75 58
5 76 56
5 77 36
5 78 45
5 79 57
5 80 51
5 81 59
5 82 39
5 83 51
5 84 38
5 85 54
5 86 57
5 87 58
5 88 40
5 89 45
5 90 36
5 91 48
5 92 38
5 93 43
5 94 54
5 95 35
5 96 58
5 97 43
5 98 40
5 99 50
5 100 48
5 101 56
5 102 36
5 103 35
5 104 55
5 105 47
5 106 54
5 107 48
5 108 59
5 109 49
5 110 59
5 111 41
5 112 55
5 113 45
5 114 35
5 115 49
5 116 35
5 117 52
5 118 42
5 119 38
5 120 38
5 121 41
5 122 39
5 123 60
5 124 43
5 125 51
5 126 36
5 127 48
5 128 37
5 129 57
5 130 40
5 131 53
5 132 60
5 133 41
5 134 57
5 135 38
5 136 48
5 137 48
5 138 49
5 139 56
5 140 43
5 141 60
5 142 38
5 143 51
5 144 43
5 145 48
5 146 36
6 1 55
6 2 44
6 3 45
6 4 55
6 5 51
6 6 0
6 7 38
6 8 40
6 9 43
6 10 60
6 11 55
6 12 51
6 13 47
6 14 38
6 15 43
6 16 43
6 17 45
6 18 47
6 19 41
6 20 38
6 21 56
6 22 48
6 23 57
6 24 56
6 25 56
6 26 37
6 27 50
6 28 35
6 29 53
6 30 58
6 31 57
6 32 54
6 33 43
6 34 51
6 35 44
6 36 49
6 37 56
6 38 40
6 39 53
6 40 51
6 41 46
6 42 35
6 43 36
6 44 43
6 45 48
6 46 40
6 47 48
6 48 43
6 49 38
6 50 41
6 51 60
6 52 55
6 53 38
6 54 41
6 55 37
6 56 49
6 57 42
6 58 44
6 59 37
6 60 45
6 61 58
6 62 53
6 63 49
6 64 51
6 65 39
6 66 49
6 67 45
6 68 35
6 69 43
6 70 45
6 71 53
6 72 48
6 73 55
6 74 42
6 75 45
6 76 54
6 77 49
6 78 35
6 79 54
6 80 56
6 81 54
6 82 60
6 83 48
6 84 36
6 85 55
6 86 54
6 87 38
6 88 37
6 89 51
6 90 41
6 91 45
6 92 55
6 93 59
6 94 38
6 95 39
6 96 35
6 97 38
6 98 36
6 99 50
6 100 56
6 101 50
6 102 40
6 103 46
6 104 47
6 105 40
6 106 52
6 107 35
6 108 39
6 109 45
6 110 46
6 111 36
6 112 43
6 113 57
6 114 43
6 115 58
6 116 38
6 117 36
6 118 50
6 119 40
6 120 46
6 121 60
6 122 55
6 123 44
6 124 53
6 125 49
6 126 57
6 127 36
6 128 40
6 129 52
6 130 51
6 131 46
6 132 37
6 133 36
6 134 41
6 135 43
6 136 43
6 137 43
6 138 52
6 139 36
6 140 50
6 141 38
6 142 37
6 143 52
6 144 40
6 145 56
6 146 41
7 1 42
7 2 44
7 3 45
7 4 58
7 5 58
7 6 35
7 7 0
7 8 60
7 9 54
7 10 44
7 11 37
7 12 52
7 13 38
7 14 46
7 15 35
7 16 49
7 17 49
7 18 41
7 19 36
7 20 43
7 21 40
7 22 37
7 23 37
7 24 53
7 25 45
7 26 36
7 27 45
7 28 38
7 29 53
7 30 56
7 31 47
7 32 43
7 33 56
7 34 35
7 35 35
7 36 60
7 37 41
7 38 39
7 39 45
7 40 39
7 41 57
7 42 57
7 43 39
7 44 44
7 45 49
7 46 44
7 47 42
7 48 42
7 49 50
7 50 45
7 51 37
7 52 60
7 53 47
7 54 38
7 55 47
7 56 58
7 57 56
7 58 57
7 59 50
7 60 45
7 61 58
7 62 52
7 63 58
7 64 58
7 65 59
7 66 49
7 67 52
7 68 37
7 69 42
7 70 60
7 71 53
7 72 60
7 73 41
7 74 59
7 75 51
7 76 46
7 77 57
7 78 42
7 79 60
7 80 49
7 81 37
7 82 39
7 83 50
7 84 60
7 85 40
7 86 57
7 87 36
7 88 56
7 89 55
7 90 52
7 91 36
7 92 41
7 93 41
7 94 45
7 95 46
7 96 60
7 97 37
7 98 52
7 99 56
7 100 54
7 101 45
7 102 51
7 103 43
7 104 60
7 105 41
7 106 46
7 107 58
7 108 40
7 109 40
7 110 42
7 111 53
7 112 35
7 113 55
7 114 46
7 115 35
7 116 58
7 117 42
7 118 43
7 119 59
7 120 46
7 121 55
7 122 59
7 123 51
7 124 57
7 125 46
7 126 56
7 127 60
7 128 46
7 129 53
7 130 58
7 131 44
7 132 57
7 133 60
7 134 56
7 135 56
7 136 36
7 137 40
7 138 60
7 139 38
7 140 58
7 141 59
7 142 58
7 143 58
7 144 35
7 145 50
7 146 42
8 1 50
8 2 60
8 3 56
8 4 41
8 5 58
8 6 41
8 7 37
8 8 0
8 9 38
8 10 46
8 11 54
8 12 41
8 13 39
8 14 57
8 15 39
8 16 39
8 17 57
8 18 50
8 19 36
8 20 46
8 21 60
8 22 46
8 23 48
8 24 36
8 25 60
8 26 53
8 27 40
8 28 35
8 29 36
8 30 50
8 31 54
8 32 52
8 33 41
8 34 58
8 35 46
8 36 46
8 37 49
8 38 48
8 39 36
8 40 51
8 41 56
8 42 35
8 43 58
8 44 35
8 45 51
8 46 54
8 47 59
8 48 40
8 49 58
8 50 60
8 51 42
8 52 46
8 53 48
8 54 36
8 55 39
8 56 60
8 57 51
8 58 55
8 59 36
8 60 46
8 61 41
8 62 52
8 63 50
8 64 49
8 65 42
8 66 58
8 67 36
8 68 49
8 69 52
8 70 43
8 71 53
8 72 45
8 73 44
8 74 36
8 75 42
8 76 39
8 77 59
8 78 44
8 79 38
8 80 44
8 81 36
8 82 39
8 83 53
8 84 46
8 85 56
8 86 50
8 87 39
8 88 37
8 89 59
8 90 46
8 91 60
8 92 35
8 93 41
8 94 49
8 95 59
8 96 39
8 97 41
8 98 56
8 99 41
8 100 49
8 101 52
8 102 55
8 103 37
8 104 59
8 105 46
8 106 37
8 107 43
8 108 41
8 109 55
8 110 51
8 111 60
8 112 57
8 113 46
8 114 60
8 115 49
8 116 53
8 117 38
8 118 53
8 119 47
8 120 51
8 121 36
8 122 47
8 123 35
8 124 41
8 125 53
8 126 50
8 127 38
8 128 39
8 129 38
8 130 42
8 131 54
8 132 54
8 133 36
8 134 43
8 135 40
8 136 52
8 137 51
8 138 49
8 139 40
8 140 57
8 141 35
8 142 39
8 143 57
8 144 44
8 145 58
8 146 56
9 1 49
9 2 54
9 3 49
9 4 53
9 5 60
9 6 53
9 7 48
9 8 59
9 9 0
9 10 42
9 11 58
9 12 36
9 13 46
9 14 49
9 15 60
9 16 45
9 17 44
9 18 53
9 19 56
9 20 54
9 21 55
9 22 46
9 23 35
9 24 57
9 25 56
9 26 45
9 27 55
9 28 37
9 29 37
9 30 56
9 31 37
9 32 47
9 33 53
9 34 54
9 35 47
9 36 54
9 37 49
9 38 52
9 39 48
9 40 36
9 41 60
9 42 48
9 43 52
9 44 45
9 45 47
9 46 38
9 47 45
9 48 56
9 49 37
9 50 52
9 51 42
9 52 59
9 53 44
9 54 40
9 55 55
9 56 52
9 57 49
9 58 53
9 59 40
9 60 51
9 61 54
9 62 52
9 63 58
9 64 47
9 65 56
9 66 48
9 67 59
9 68 53
9 69 53
9 70 49
9 71 42
9 72 54
9 73 55
9 74 45
9 75 59
9 76 36
9 77 37
9 78 56
9 79 38
9 80 49
9 81 43
9 82 39
9 83 40
9 84 35
9 85 60
9 86 59
9 87 43
9 88 37
9 89 42
9 90 47
9 91 48
9 92 44
9 93 46
9 94 36
9 95 51
9 96 59
9 97 58
9 98 54
9 99 56
9 100 59
9 101 35
9 102 44
9 103 47
9 104 47
9 105 56
9 106 44
9 107 40
9 108 42
9 109 56
9 110 53
9 111 60
9 112 38
9 113 38
9 114 47
9 115 46
9 116 56
9 117 43
9 118 39
9 119 37
9 120 45
9 121 48
9 122 49
9 123 41
9 124 43
9 125 55
9 126 41
9 127 46
9 128 42
9 129 35
9 130 52
9 131 39
9 132 60
9 133 48
9 134 54
9 135 46
9 136 60
9 137 51
9 138 54
9 139 35
9 140 51
9 141 43
9 142 57
9 143 36
9 144 57
9 145 49
9 146 41
10 1 50
10 2 39
10 3 55
10 4 43
10 5 48
10 6 59
10 7 52
10 8 55
10 9 43
10 10 0
10 11 45
10 12 56
10 13 60
10 14 59
10 15 46
10 16 50
10 17 42
10 18 35
10 19 35
10 20 42
10 21 51
10 22 47
10 23 60
10 24 57
10 25 60
10 26 35
10 27 54
10 28 45
10 29 43
10 30 43
10 31 37
10 32 47
10 33 55
10 34 50
10 35 60
10 36 51
10 37 49
10 38 37
10 39 41
10 40 47
10 41 50
10 42 36
10 43 46
10 44 57
10 45 43
10 46 44
10 47 59
10 48 46
10 49 57
10 50 40
10 51 39
10 52 54
10 53 44
10 54 44
10 55 36
10 56 45
10 57 38
10 58 39
10 59 50
10 60 37
10 61 50
10 62 36
10 63 57
10 64 49
10 65 37
10 66 57
10 67 54
10 68 55
10 69 47
10 70 43
10 71 35
10 72 38
10 73 44
10 74 35
10 75 55
10 76 50
10 77 39
10 78 60
10 79 35
10 80 37
10 81 50
10 82 54
10 83 54
10 84 54
10 85 47
10 86 49
10 87 58
10 88 40
10 89 54
10 90 49
10 91 51
10 92 57
10 93 52
10 94 37
10 95 51
10 96 49
10 97 36
10 98 57
10 99 54
10 100 40
10 101 60
10 102 48
10 103 55
10 104 41
10 105 44
10 106 46
10 107 60
10 108 50
10 109 59
10 110 38
10 111 40
10 112 35
10 113 36
10 114 60
10 115 39
10 116 36
10 117 56
10 118 57
10 119 39
10 120 52
10 121 51
10 122 49
10 123 49
10 124 44
10 125 42
10 126 36
10 127 58
10 128 40
10 129 39
10 130 38
10 131 42
10 132 36
10 133 57
10 134 48
10 135 38
10 136 43
10 137 54
10 138 41
10 139 56
10 140 47
10 141 40
10 142 40
10 143 36
10 144 56
10 145 50
10 146 48
11 1 36
11 2 41
11 3 35
11 4 38
11 5 37
11 6 40
11 7 51
11 8 36
11 9 57
11 10 41
11 11 0
11 12 44
11 13 36
11 14 45
11 15 50
11 16 41
11 17 44
11 18 59
11 19 39
11 20 58
11 21 59
11 22 44
11 23 39
11 24 57
11 25 58
11 26 54
11 27 60
11 28 35
11 29 58
11 30 54
11 31 39
11 32 40
11 33 52
11 34 51
11 35 52
11 36 49
11 37 53
11 38 47
11 39 50
11 40 42
11 41 43
11 42 50
11 43 49
11 44 54
11 45 46
11 46 43
11 47 47
11 48 45
11 49 42
11 50 50
11 51 47
11 52 48
11 53 43
11 54 52
11 55 42
11 56 48
11 57 53
11 58 44
11 59 58
11 60 43
11 61 43
11 62 47
11 63 50
11 64 56
11 65 58
11 66 52
11 67 38
11 68 46
11 69 44
11 70 36
11 71 36
11 72 56
11 73 50
11 74 58
11 75 53
11 76 60
11 77 45
11 78 56
11 79 42
11 80 49
11 81 49
11 82 47
11 83 40
11 84 45
11 85 53
11 86 40
11 87 54
11 88 50
11 89 38
11 90 39
11 91 42
11 92 41
11 93 44
11 94 58
11 95 55
11 96 43
11 97 42
11 98 58
11 99 43
11 100 36
11 101 56
11 102 56
11 103 39
11 104 42
11 105 55
11 106 43
11 107 42
11 108 48
11 109 50
11 110 59
11 111 38
11 112 43
11 113 37
11 114 51
11 115 38
11 116 58
11 117 38
11 118 47
11 119 59
11 120 42
11 121 35
11 122 52
11 123 47
11 124 58
11 125 52
11 126 43
11 127 36
11 128 40
11 129 51
11 130 58
11 131 60
11 132 36
11 133 43
11 134 37
11 135 39
11 136 47
11 137 49
11 138 39
11 139 51
11 140 46
11 141 53
11 142 37
11 143 56
11 144 51
11 145 35
11 146 36
12 1 56
12 2 47
12 3 35
12 4 52
12 5 45
12 6 60
12 7 57
12 8 35
12 9 47
12 10 36
12 11 60
12 12 0
12 13 35
12 14 57
12 15 50
12 16 51
12 17 57
12 18 57
12 19 37
12 20 55
12 21 47
12 22 43
12 23 36
12 24 40
12 25 55
12 26 46
12 27 51
12 28 42
12 29 36
12 30 45
12 31 52
12 32 49
12 33 46
12 34 46
12 35 38
12 36 44
12 37 59
12 38 57
12 39 44
12 40 60
12 41 57
12 42 52
12 43 47
12 44 44
12 45 59
12 46 36
12 47 44
12 48 40
12 49 36
12 50 40
12 51 45
12 52 43
12 53 56
12 54 57
12 55 54
12 56 46
12 57 59
12 58 55
12 59 54
12 60 37
12 61 46
12 62 46
12 63 46
12 64 42
12 65 42
12 66 54
12 67 54
12 68 37
12 69 41
12 70 35
12 71 49
12 72 52
12 73 48
12 74 52
12 75 53
12 76 49
12 77 49
12 78 35
12 79 60
12 80 56
12 81 40
12 82 42
12 83 56
12 84 56
12 85 41
12 86 47
12 87 39
12 88 57
12 89 46
12 90 55
12 91 40
12 92 55
12 93 49
12 94 38
12 95 38
12 96 43
12 97 35
12 98 56
12 99 40
12 100 57
12 101 50
12 102 52
12 103 58
12 104 41
12 105 58
12 106 45
12 107 56
12 108 57
12 109 36
12 110 60
12 111 44
12 112 44
12 113 48
12 114 41
12 115 36
12 116 43
12 117 53
12 118 36
12 119 43
12 120 55
12 121 36
12 122 55
12 123 48
12 124 36
12 125 57
12 126 46
12 127 50
12 128 60
12 129 55
12 130 45
12 131 50
12 132 35
12 133 55
12 134 47
12 135 45
12 136 43
12 137 35
12 138 41
12 139 51
12 140 54
12 141 41
12 142 41
12 143 53
12 144 52
12 145 35
12 146 37
13 1 50
13 2 58
13 3 51
13 4 37
13 5 41
13 6 57
13 7 36
13 8 37
13 9 43
13 10 37
13 11 35
13 12 42
13 13 0
13 14 43
13 15 60
13 16 39
13 17 43
13 18 43
13 19 42
13 20 50
13 21 56
13 22 59
13 23 39
13 24 55
13 25 40
13 26 46
13 27 60
13 28 47
13 29 59
13 30 55
13 31 49
13 32 54
13 33 57
13 34 57
13 35 53
13 36 36
13 37 37
13 38 41
13 39 44
13 40 56
13 41 38
13 42 59
13 43 52
13 44 48
13 45 57
13 46 49
13 47 48
13 48 52
13 49 58
13 50 47
13 51 40
13 52 50
13 53 48
13 54 49
13 55 50
13 56 54
13 57 48
13 58 52
13 59 56
13 60 39
13 61 50
13 62 52
13 63 36
13 64 36
13 65 41
13 66 45
13 67 46
13 68 43
13 69 60
13 70 44
13 71 36
13 72 52
13 73 35
13 74 44
13 75 44
13 76 60
13 77 52
13 78 39
13 79 35
13 80 55
13 81 37
13 82 49
13 83 58
13 84 45
13 85 49
13 86 40
13 87 47
13 88 58
13 89 46
13 90 37
13 91 51
13 92 37
13 93 50
13 94 46
13 95 48
13 96 35
13 97 59
13 98 49
13 99 60
13 100 50
13 101 38
13 102 54
13 103 49
13 104 54
13 105 47
13 106 57
13 107 49
13 108 38
13 109 53
13 110 46
13 111 58
13 112 38
13 113 52
13 114 55
13 115 41
13 116 53
13 117 46
13 118 35
13 119 37
13 120 47
13 121 57
13 122 45
13 123 44
13 124 44
13 125 39
13 126 44
13 127 60
13 128 42
13 129 38
13 130 58
13 131 60
13 132 46
13 133 46
13 134 54
13 135 40
13 136 57
13 137 52
13 138 58
13 139 46
13 140 45
13 141 37
13 142 39
13 143 48
13 144 43
13 145 60
13 146 44
14 1 35
14 2 50
14 3 46
14 4 49
14 5 44
14 6 50
14 7 54
14 8 53
14 9 40
14 10 60
14 11 49
14 12 36
14 13 56
14 14 0
14 15 51
14 16 37
14 17 47
14 18 57
14 19 48
14 20 54
14 21 47
14 22 40
14 23 43
14 24 36
14 25 56
14 26 38
14 27 60
14 28 59
14 29 35
14 30 39
14 31 37
14 32 42
14 33 36
14 34 36
14 35 58
14 36 50
14 37 37
14 38 50
14 39 47
14 40 37
14 41 54
14 42 40
14 43 43
14 44 57
14 45 45
14 46 36
14 47 36
14 48 43
14 49 50
14 50 55
14 51 50
14 52 57
14 53 49
14 54 60
14 55 40
14 56 57
14 57 48
14 58 46
14 59 48
14 60 52
14 61 37
14 62 54
14 63 54
14 64 45
14 65 55
14 66 44
14 67 40
14 68 52
14 69 57
14 70 48
14 71 49
14 72 45
14 73 55
14 74 46
14 75 48
14 76 42
14 77 37
14 78 51
14 79 35
14 80 45
14 81 43
14 82 54
14 83 47
14 84 51
14 85 60
14 86 36
14 87 59
14 88 35
14 89 44
14 90 58
14 91 37
14 92 40
14 93 50
14 94 50
14 95 43
14 96 52
14 97 40
14 98 40
14 99 56
14 100 50
14 101 59
14 102 59
14 103 40
14 104 48
14 105 41
14 106 41
14 107 42
14 108 44
14 109 57
14 110 52
14 111 37
14 112 41
14 113 38
14 114 41
14 115 45
14 116 54
14 117 57
14 118 59
14 119 57
14 120 48
14 121 36
14 122 40
14 123 52
14 124 36
14 125 60
14 126 41
14 127 35
14 128 41
14 129 57
14 130 35
14 131 42
14 132 40
14 133 50
14 134 35
14 135 37
14 136 41
14 137 41
14 138 53
14 139 45
14 140 42
14 141 45
14 142 44
14 143 57
14 144 45
14 145 53
14 146 47
15 1 56
15 2 53
15 3 44
15 4 45
15 5 48
15 6 49
15 7 37
15 8 47
15 9 54
15 10 44
15 11 51
15 12 46
15 13 59
15 14 43
15 15 0
15 16 49
15 17 44
15 18 51
15 19 36
15 20 50
15 21 47
15 22 55
15 23 47
15 24 55
15 25 40
15 26 53
15 27 41
15 28 43
15 29 48
15 30 56
15 31 44
15 32 46
15 33 38
15 34 58
15 35 40
15 36 56
15 37 49
15 38 53
15 39 50
15 40 47
15 41 58
15 42 48
15 43 51
15 44 60
15 45 48
15 46 47
15 47 54
15 48 59
15 49 42
15 50 40
15 51 38
15 52 37
15 53 43
15 54 58
15 55 55
15 56 56
15 57 37
15 58 37
15 59 37
15 60 37
15 61 48
15 62 57
15 63 58
15 64 36
15 65 42
15 66 38
15 67 41
15 68 48
15 69 40
15 70 56
15 71 55
15 72 38
15 73 41
15 74 36
15 75 51
15 76 59
15 77 45
15 78 54
15 79 43
15 80 57
15 81 43
15 82 38
15 83 50
15 84 53
15 85 35
15 86 55
15 87 42
15 88 42
15 89 53
15 90 39
15 91 47
15 92 59
15 93 56
15 94 38
15 95 44
15 96 44
15 97 56
15 98 35
15 99 35
15 100 39
15 101 49
15 102 39
15 103 48
15 104 55
15 105 59
15 106 39
15 107 51
15 108 50
15 109 38
15 110 60
15 111 57
15 112 50
15 113 51
15 114 54
15 115 54
15 116 36
15 117 46
15 118 50
15 119 48
15 120 41
15 121 52
15 122 38
15 123 53
15 124 57
15 125 46
15 126 38
15 127 58
15 128 51
15 129 55
15 130 60
15 131 43
15 132 36
15 133 45
15 134 54
15 135 57
15 136 44
15 137 55
15 138 45
15 139 46
15 140 55
15 141 44
15 142 53
15 143 36
15 144 54
15 145 53
15 146 56
16 1 45
16 2 44
16 3 54
16 4 36
16 5 49
16 6 52
16 7 40
16 8 44
16 9 57
16 10 57
16 11 35
16 12 36
16 13 45
16 14 58
16 15 39
16 16 0
16 17 36
16 18 46
16 19 60
16 20 39
16 21 37
16 22 52
16 23 57
16 24 56
16 25 54
16 26 59
16 27 47
16 28 58
16 29 47
16 30 48
16 31 35
16 32 35
16 33 49
16 34 52
16 35 42
16 36 54
16 37 50
16 38 43
16 39 48
16 40 60
16 41 41
16 42 59
16 43 42
16 44 42
16 45 42
16 46 53
16 47 38
16 48 46
16 49 54
16 50 54
16 51 37
16 52 46
16 53 39
16 54 50
16 55 35
16 56 54
16 57 54
16 58 39
16 59 37
16 60 36
16 61 38
16 62 53
16 63 36
16 64 45
16 65 40
16 66 47
16 67 38
16 68 37
16 69 42
16 70 35
16 71 41
16 72 43
16 73 42
16 74 53
16 75 37
16 76 35
16 77 43
16 78 36
16 79 45
16 80 57
16 81 55
16 82 52
16 83 36
16 84 41
16 85 56
16 86 51
16 87 59
16 88 60
16 89 49
16 90 45
16 91 54
16 92 48
16 93 58
16 94 41
16 95 42
16 96 56
16 97 36
16 98 54
16 99 42
16 100 48
16 101 54
16 102 46
16 103 59
16 104 49
16 105 41
16 106 48
16 107 57
16 108 52
16 109 53
16 110 49
16 111 45
16 112 40
16 113 47
16 114 44
16 115 59
16 116 55
16 117 55
16 118 47
16 119 41
16 120 55
16 121 50
16 122 54
16 123 47
16 124 59
16 125 52
16 126 56
16 127 38
16 128 36
16 129 46
16 130 51
16 131 43
16 132 51
16 133 37
16 134 38
16 135 40
16 136 58
16 137 46
16 138 46
16 139 52
16 140 58
16 141 35
16 142 45
16 143 56
16 144 37
16 145 55
16 146 42
17 1 43
17 2 51
17 3 44
17 4 44
17 5 41
17 6 43
17 7 58
17 8 47
17 9 56
17 10 39
17 11 60
17 12 41
17 13 50
17 14 55
17 15 52
17 16 50
17 17 0
17 18 55
17 19 54
17 20 35
17 21 45
17 22 38
17 23 56
17 24 56
17 25 59
17 26 54
17 27 58
17 28 42
17 29 54
17 30 54
17 31 51
17 32 36
17 33 60
17 34 52
17 35 56
17 36 49
17 37 41
17 38 57
17 39 42
17 40 60
17 41 50
17 42 41
17 43 40
17 44 52
17 45 56
17 46 47
17 47 50
17 48 52
17 49 55
17 50 52
17 51 58
17 52 49
17 53 60
17 54 55
17 55 48
17 56 45
17 57 60
17 58 46
17 59 45
17 60 41
17 61 42
17 62 48
17 63 50
17 64 39
17 65 48
17 66 45
17 67 54
17 68 48
17 69 52
17 70 43
17 71 48
17 72 42
17 73 38
17 74 58
17 75 60
17 76 53
17 77 51
17 78 39
17 79 53
17 80 56
17 81 52
17 82 53
17 83 58
17 84 37
17 85 51
17 86 59
17 87 39
17 88 43
17 89 41
17 90 46
17 91 38
17 92 46
17 93 46
17 94 59
17 95 46
17 96 46
17 97 47
17 98 60
17 99 54
17 100 48
17 101 59
17 102 57
17 103 39
17 104 49
17 105 37
17 106 47
17 107 37
17 108 39
17 109 46
17 110 55
17 111 47
17 112 37
17 113 51
17 114 42
17 115 57
17 116 59
17 117 48
17 118 50
17 119 50
17 120 41
17 121 59
17 122 51
17 123 36
17 124 57
17 125 36
17 126 57
17 127 47
17 128 45
17 129 38
17 130 57
17 131 40
17 132 37
17 133 57
17 134 57
17 135 51
17 136 35
17 137 53
17 138 47
17 139 39
17 140 60
17 141 51
17 142 48
17 143 44
17 144 42
17 145 59
17 146 44
18 1 41
18 2 40
18 3 53
18 4 49
18 5 45
18 6 47
18 7 51
18 8 60
18 9 54
18 10 40
18 11 58
18 12 43
18 13 49
18 14 41
18 15 59
18 16 49
18 17 53
18 18 0
18 19 54
18 20 36
18 21 46
18 22 55
18 23 48
18 24 39
18 25 51
18 26 47
18 27 54
18 28 45
18 29 42
18 30 55
18 31 42
18 32 60
18 33 39
18 34 42
18 35 42
18 36 57
18 37 48
18 38 49
18 39 60
18 40 36
18 41 47
18 42 60
18 43 35
18 44 37
18 45 56
18 46 53
18 47 60
18 48 60
18 49 38
18 50 41
18 51 53
18 52 41
18 53 39
18 54 36
18 55 44
18 56 54
18 57 50
18 58 56
18 59 37
18 60 57
18 61 43
18 62 41
18 63 59
18 64 37
18 65 44
18 66 55
18 67 52
18 68 58
18 69 58
18 70 56
18 71 44
18 72 58
18 73 50
18 74 48
18 75 40
18 76 54
18 77 54
18 78 58
18 79 56
18 80 48
18 81 36
18 82 57
18 83 43
18 84 49
18 85 58
18 86 38
18 87 44
18 88 38
18 89 47
18 90 44
18 91 42
18 92 44
18 93 55
18 94 45
18 95 39
18 96 38
18 97 35
18 98 53
18 99 49
18 100 42
18 101 46
18 102 52
18 103 54
18 104 55
18 105 53
18 106 51
18 107 43
18 108 46
18 109 39
18 110 42
18 111 37
18 112 49
18 113 41
18 114 56
18 115 46
18 116 60
18 117 60
18 118 47
18 119 38
18 120 38
18 121 59
18 122 52
18 123 44
18 124 60
18 125 50
18 126 37
18 127 37
18 128 43
18 129 51
18 130 35
18 131 42
18 132 59
18 133 50
18 134 39
18 135 46
18 136 53
18 137 52
18 138 35
18 139 35
18 140 47
18 141 53
18 142 36
18 143 48
18 144 60
18 145 50
18 146 42
19 1 47
19 2 56
19 3 39
19 4 52
19 5 37
19 6 39
19 7 43
19 8 48
19 9 52
19 10 36
19 11 53
19 12 52
19 13 39
19 14 58
19 15 48
19 16 57
19 17 48
19 18 54
19 19 0
19 20 43
19 21 48
19 22 36
19 23 43
19 24 44
19 25 40
19 26 39
19 27 37
19 28 43
19 29 37
19 30 40
19 31 53
19 32 45
19 33 47
19 34 57
19 35 56
19 36 52
19 37 45
19 38 40
19 39 48
19 40 52
19 41 60
19 42 38
19 43 44
19 44 35
19 45 56
19 46 47
19 47 58
19 48 46
19 49 38
19 50 40
19 51 59
19 52 44
19 53 39
19 54 59
19 55 53
19 56 37
19 57 45
19 58 58
19 59 42
19 60 38
19 61 46
19 62 48
19 63 56
19 64 36
19 65 42
19 66 56
19 67 45
19 68 53
19 69 49
19 70 45
19 71 35
19 72 44
19 73 49
19 74 41
19 75 47
19 76 48
19 77 54
19 78 59
19 79 57
19 80 36
19 81 53
19 82 52
19 83 56
19 84 38
19 85 50
19 86 59
19 87 44
19 88 48
19 89 36
19 90 60
19 91 40
19 92 46
19 93 38
19 94 36
19 95 56
19 96 47
19 97 57
19 98 37
19 99 58
19 100 55
19 101 52
19 102 49
19 103 52
19 104 53
19 105 43
19 106 48
19 107 56
19 108 43
19 109 44
19 110 37
19 111 56
19 112 57
19 113 56
19 114 40
19 115 58
19 116 41
19 117 55
19 118 60
19 119 41
19 120 46
19 121 56
19 122 46
19 123 44
19 124 41
19 125 49
19 126 57
19 127 41
19 128 43
19 129 46
19 130 57
19 131 39
19 132 47
19 133 49
19 134 35
19 135 60
19 136 55
19 137 41
19 138 49
19 139 52
19 140 57
19 141 44
19 142 43
19 143 51
19 144 44
19 145 46
19 146 52
20 1 53
20 2 51
20 3 54
20 4 53
20 5 56
20 6 44
20 7 41
20 8 35
20 9 36
20 10 57
20 11 54
20 12 38
20 13 46
20 14 42
20 15 39
20 16 38
20 17 47
20 18 51
20 19 44
20 20 0
20 21 39
20 22 37
20 23 52
20 24 37
20 25 36
20 26 41
20 27 52
20 28 40
20 29 39
20 30 38
20 31 53
20 32 55
20 33 53
20 34 40
20 35 52
20 36 35
20 37 41
20 38 52
20 39 41
20 40 44
20 41 59
20 42 53
20 43 51
20 44 37
20 45 37
20 46 35
20 47 58
20 48 59
20 49 39
20 50 37
20 51 56
20 52 53
20 53 45
20 54 38
20 55 49
20 56 45
20 57 42
20 58 45
20 59 37
20 60 52
20 61 54
20 62 43
20 63 49
20 64 60
20 65 37
20 66 58
20 67 55
20 68 43
20 69 49
20 70 53
20 71 50
20 72 57
20 73 60
20 74 59
20 75 58
20 76 47
20 77 59
20 78 35
20 79 48
20 80 39
20 81 56
20 82 55
20 83 46
20 84 48
20 85 49
20 86 51
20 87 57
20 88 41
20 89 36
20 90 49
20 91 53
20 92 38
20 93 52
20 94 44
20 95 59
20 96 54
20 97 54
20 98 36
20 99 43
20 100 59
20 101 54
20 102 42
20 103 51
20 104 57
20 105 54
20 106 54
20 107 55
20 108 36
20 109 35
20 110 58
20 111 46
20 112 55
20 113 45
20 114 36
20 115 53
20 116 48
20 117 53
20 118 57
20 119 44
20 120 53
20 121 58
20 122 40
20 123 53
20 124 48
20 125 55
20 126 46
20 127 39
20 128 57
20 129 36
20 130 56
20 131 58
20 132 52
20 133 57
20 134 51
20 135 57
20 136 46
20 137 56
20 138 42
20 139 54
20 140 48
20 141 44
20 142 53
20 143 55
20 144 47
20 145 48
20 146 54
21 1 43
21 2 35
21 3 57
21 4 53
21 5 35
21 6 56
21 7 36
21 8 52
21 9 44
21 10 38
21 11 48
21 12 50
21 13 42
21 14 55
21 15 53
21 16 54
21 17 55
21 18 54
21 19 55
21 20 60
21 21 0
21 22 35
21 23 53
21 24 41
21 25 46
21 26 48
21 27 35
21 28 51
21 29 51
21 30 36
21 31 52
21 32 51
21 33 47
21 34 38
21 35 44
21 36 56
21 37 44
21 38 35
21 39 38
21 40 43
21 41 50
21 42 37
21 43 36
21 44 50
21 45 49
21 46 37
21 47 57
21 48 50
21 49 50
21 50 47
21 51 45
21 52 47
21 53 35
21 54 54
21 55 40
21 56 39
21 57 45
21 58 47
21 59 39
21 60 45
21 61 39
21 62 47
21 63 42
21 64 54
21 65 51
21 66 54
21 67 47
21 68 57
21 69 36
21 70 55
21 71 55
21 72 44
21 73 48
21 74 40
21 75 45
21 76 60
21 77 54
21 78 50
21 79 38
21 80 53
21 81 43
21 82 58
21 83 38
21 84 53
21 85 36
21 86 46
21 87 39
21 88 60
21 89 58
21 90 36
21 91 38
21 92 48
21 93 42
21 94 40
21 95 47
21 96 49
21 97 37
21 98 60
21 99 53
21 100 40
21 101 60
21 102 51
21 103 47
21 104 42
21 105 40
21 106 35
21 107 59
21 108 41
21 109 45
21 110 60
21 111 47
21 112 57
21 113 52
21 114 41
21 115 54
21 116 46
21 117 51
21 118 46
21 119 51
21 120 53
21 121 45
21 122 39
21 123 48
21 124 54
21 125 60
21 126 51
21 127 39
21 128 48
21 129 51
21 130 58
21 131 39
21 132 55
21 133 45
21 134 42
21 135 37
21 136 39
21 137 56
21 138 59
21 139 52
21 140 52
21 141 40
21 142 56
21 143 58
21 144 52
21 145 48
21 146 46
22 1 49
22 2 50
22 3 47
22 4 57
22 5 56
22 6 60
22 7 39
22 8 37
22 9 39
22 10 44
22 11 55
22 12 56
22 13 38
22 14 43
22 15 55
22 16 48
22 17 48
22 18 39
22 19 49
22 20 37
22 21 54
22 22 0
22 23 58
22 24 39
22 25 54
22 26 55
22 27 35
22 28 54
22 29 41
22 30 52
22 31 57
22 32 59
22 33 55
22 34 59
22 35 49
22 36 39
22 37 47
22 38 42
22 39 51
22 40 49
22 41 48
22 42 42
22 43 35
22 44 49
22 45 37
22 46 57
22 47 37
22 48 59
22 49 47
22 50 41
22 51 59
22 52 42
22 53 60
22 54 37
22 55 41
22 56 35
22 57 55
22 58 56
22 59 41
22 60 51
22 61 54
22 62 60
22 63 55
22 64 56
22 65 48
22 66 59
22 67 50
22 68 48
22 69 37
22 70 54
22 71 59
22 72 44
22 73 56
22 74 53
22 75 49
22 76 46
22 77 35
22 78 53
22 79 41
22 80 53
22 81 56
22 82 40
22 83 43
22 84 54
22 85 58
22 86 38
22 87 55
22 88 50
22 89 58
22 90 53
22 91 54
22 92 43
22 93 60
22 94 38
22 95 49
22 96 36
22 97 41
22 98 56
22 99 38
22 100 40
22 101 55
22 102 52
22 103 45
22 104 50
22 105 46
22 106 43
22 107 60
22 108 42
22 109 41
22 110 51
22 111 55
22 112 43
22 113 42
22 114 49
22 115 37
22 116 40
22 117 35
22 118 51
22 119 53
22 120 35
22 121 46
22 122 48
22 123 53
22 124 47
22 125 59
22 126 52
22 127 50
22 128 40
22 129 36
22 130 44
22 131 42
22 132 57
22 133 53
22 134 49
22 135 44
22 136 41
22 137 58
22 138 42
22 139 42
22 140 59
22 141 49
22 142 38
22 143 37
22 144 59
22 145 51
22 146 55
23 1 41
23 2 53
23 3 47
23 4 36
23 5 36
23 6 40
23 7 59
23 8 60
23 9 43
23 10 43
23 11 41
23 12 58
23 13 42
23 14 48
23 15 55
23 16 46
23 17 49
23 18 60
23 19 44
23 20 41
23 21 45
23 22 36
23 23 0
23 24 44
23 25 55
23 26 55
23 27 50
23 28 42
23 29 37
23 30 55
23 31 35
23 32 48
23 33 43
23 34 48
23 35 49
23 36 52
23 37 42
23 38 52
23 39 50
23 40 51
23 41 58
23 42 57
23 43 57
23 44 56
23 45 35
23 46 41
23 47 49
23 48 49
23 49 50
23 50 41
23 51 47
23 52 40
23 53 40
23 54 52
23 55 52
23 56 45
23 57 60
23 58 59
23 59 39
23 60 35
23 61 44
23 62 37
23 63 60
23 64 55
23 65 60
23 66 55
23 67 57
23 68 50
23 69 40
23 70 51
23 71 55
23 72 35
23 73 41
23 74 59
23 75 41
23 76 48
23 77 57
23 78 47
23 79 55
23 80 42
23 81 49
23 82 36
23 83 41
23 84 47
23 85 54
23 86 37
23 87 49
23 88 39
23 89 40
23 90 45
23 91 40
23 92 36
23 93 38
23 94 55
23 95 46
23 96 54
23 97 44
23 98 40
23 99 40
23 100 53
23 101 51
23 102 39
23 103 42
23 104 50
23 105 57
23 106 38
23 107 57
23 108 54
23 109 57
23 110 53
23 111 60
23 112 45
23 113 45
23 114 48
23 115 60
23 116 36
23 117 58
23 118 55
23 119 39
23 120 42
23 121 37
23 122 41
23 123 54
23 124 39
23 125 58
23 126 56
23 127 53
23 128 58
23 129 52
23 130 53
23 131 49
23 132 59
23 133 55
23 134 55
23 135 58
23 136 42
23 137 47
23 138 50
23 139 59
23 140 45
23 141 45
23 142 35
23 143 51
23 144 55
23 145 59
23 146 39
24 1 42
24 2 56
24 3 51
24 4 52
24 5 42
24 6 53
24 7 59
24 8 54
24 9 54
24 10 47
24 11 46
24 12 50
24 13 45
24 14 46
24 15 50
24 16 56
24 17 56
24 18 51
24 19 35
24 20 60
24 21 42
24 22 47
24 23 40
24 24 0
24 25 37
24 26 55
24 27 36
24 28 44
24 29 57
24 30 42
24 31 50
24 32 44
24 33 55
24 34 47
24 35 44
24 36 59
24 37 39
24 38 51
24 39 48
24 40 39
24 41 37
24 42 42
24 43 54
24 44 50
24 45 41
24 46 56
24 47 48
24 48 60
24 49 58
24 50 45
24 51 48
24 52 36
24 53 60
24 54 36
24 55 48
24 56 37
24 57 51
24 58 50
24 59 55
24 60 55
24 61 41
24 62 50
24 63 55
24 64 53
24 65 47
24 66 58
24 67 49
24 68 43
24 69 51
24 70 51
24 71 41
24 72 42
24 73 57
24 74 59
24 75 50
24 76 47
24 77 45
24 78 40
24 79 58
24 80 47
24 81 57
24 82 59
24 83 45
24 84 46
24 85 53
24 86 56
24 87 56
24 88 39
24 89 40
24 90 51
24 91 49
24 92 59
24 93 48
24 94 54
24 95 49
24 96 37
24 97 42
24 98 60
24 99 39
24 100 60
24 101 47
24 102 36
24 103 47
24 104 51
24 105 53
24 106 44
24 107 60
24 108 39
24 109 55
24 110 60
24 111 38
24 112 51
24 113 42
24 114 41
24 115 41
24 116 50
24 117 46
24 118 43
24 119 40
24 120 55
24 121 43
24 122 56
24 123 53
24 124 49
24 125 43
24 126 47
24 127 50
24 128 46
24 129 51
24 130 51
24 131 44
24 132 47
24 133 36
24 134 37
24 135 40
24 136 43
24 137 42
24 138 57
24 139 38
24 140 40
24 141 58
24 142 59
24 143 43
24 144 47
24 145 42
24 146 60
25 1 53
25 2 46
25 3 51
25 4 60
25 5 45
25 6 46
25 7 48
25 8 55
25 9 55
25 10 49
25 11 53
25 12 53
25 13 51
25 14 46
25 15 47
25 16 43
25 17 44
25 18 51
25 19 36
25 20 36
25 21 40
25 22 40
25 23 41
25 24 40
25 25 0
25 26 35
25 27 42
25 28 39
25 29 55
25 30 43
25 31 59
25 32 41
25 33 52
25 34 39
25 35 45
25 36 39
25 37 48
25 38 54
25 39 51
25 40 60
25 41 36
25 42 44
25 43 48
25 44 50
25 45 50
25 46 40
25 47 41
25 48 55
25 49 42
25 50 54
25 51 36
25 52 54
25 53 45
25 54 42
25 55 51
25 56 41
25 57 50
25 58 58
25 59 58
25 60 42
25 61 47
25 62 55
25 63 48
25 64 49
25 65 51
25 66 39
25 67 40
25 68 42
25 69 39
25 70 37
25 71 58
25 72 46
25 73 39
25 74 47
25 75 38
25 76 45
25 77 54
25 78 35
25 79 35
25 80 44
25 81 40
25 82 47
25 83 39
25 84 59
25 85 57
25 86 49
25 87 54
25 88 52
25 89 44
25 90 37
25 91 59
25 92 37
25 93 58
25 94 44
25 95 41
25 96 38
25 97 35
25 98 42
25 99 47
25 100 51
25 101 51
25 102 56
25 103 49
25 104 57
25 105 41
25 106 52
25 107 43
25 108 51
25 109 53
25 110 38
25 111 57
25 112 48
25 113 39
25 114 59
25 115 39
25 116 48
25 117 49
25 118 51
25 119 53
25 120 49
25 121 53
25 122 59
25 123 59
25 124 60
25 125 46
25 126 40
25 127 58
25 128 45
25 129 56
25 130 60
25 131 38
25 132 58
25 133 44
25 134 37
25 135 51
25 136 40
25 137 44
25 138 48
25 139 58
25 140 44
25 141 42
25 142 36
25 143 50
25 144 36
25 145 49
25 146 50
26 1 50
26 2 40
26 3 50
26 4 41
26 5 43
26 6 45
26 7 58
26 8 59
26 9 40
26 10 38
26 11 59
26 12 46
26 13 54
26 14 47
26 15 37
26 16 37
26 17 60
26 18 40
26 19 44
26 20 50
26 21 56
26 22 40
26 23 41
26 24 49
26 25 43
26 26 0
26 27 45
26 28 45
26 29 42
26 30 52
26 31 55
26 32 59
26 33 45
26 34 43
26 35 50
26 36 54
26 37 45
26 38 48
26 39 42
26 40 54
26 41 42
26 42 36
26 43 49
26 44 39
26 45 36
26 46 38
26 47 59
26 48 47
26 49 35
26 50 54
26 51 39
26 52 60
26 53 52
26 54 37
26 55 41
26 56 42
26 57 51
26 58 41
26 59 49
26 60 43
26 61 45
26 62 52
26 63 41
26 64 36
26 65 41
26 66 48
26 67 54
26 68 40
26 69 51
26 70 52
26 71 41
26 72 57
26 73 51
26 74 51
26 75 42
26 76 40
26 77 53
26 78 53
26 79 38
26 80 41
26 81 35
26 82 41
26 83 45
26 84 41
26 85 56
26 86 42
26 87 52
26 88 37
26 89 49
26 90 41
26 91 38
26 92 45
26 93 55
26 94 57
26 95 47
26 96 59
26 97 57
26 98 44
26 99 59
26 100 59
26 101 43
26 102 59
26 103 38
26 104 50
26 105 45
26 106 46
26 107 43
26 108 47
26 109 36
26 110 52
26 111 35
26 112 55
26 113 38
26 114 58
26 115 39
26 116 57
26 117 55
26 118 36
26 119 50
26 120 57
26 121 46
26 122 46
26 123 52
26 124 38
26 125 54
26 126 45
26 127 48
26 128 44
26 129 53
26 130 50
26 131 57
26 132 49
26 133 53
26 134 52
26 135 44
26 136 52
26 137 38
26 138 58
26 139 39
26 140 55
26 141 59
26 142 44
26 143 59
26 144 50
26 145 56
26 146 57
27 1 59
27 2 37
27 3 44
27 4 43
27 5 45
27 6 57
27 7 57
27 8 53
27 9 55
27 10 55
27 11 38
27 12 38
27 13 35
27 14 37
27 15 43
27 16 42
27 17 39
27 18 50
27 19 35
27 20 49
27 21 41
27 22 36
27 23 43
27 24 37
27 25 42
27 26 55
27 27 0
27 28 48
27 29 38
27 30 49
27 31 55
27 32 35
27 33 51
27 34 59
27 35 54
27 36 37
27 37 44
27 38 41
27 39 55
27 40 46
27 41 56
27 42 55
27 43 42
27 44 56
27 45 37
27 46 35
27 47 37
27 48 38
27 49 52
27 50 55
27 51 51
27 52 60
27 53 54
27 54 56
27 55 53
27 56 42
27 57 49
27 58 40
27 59 36
27 60 56
27 61 43
27 62 37
27 63 35
27 64 58
27 65 38
27 66 36
27 67 49
27 68 49
27 69 47
27 70 60
27 71 52
27 72 35
27 73 38
27 74 56
27 75 39
27 76 47
27 77 43
27 78 44
27 79 46
27 80 52
27 81 44
27 82 39
27 83 58
27 84 46
27 85 36
27 86 37
27 87 43
27 88 59
27 89 50
27 90 43
27 91 55
27 92 51
27 93 46
27 94 59
27 95 53
27 96 51
27 97 40
27 98 42
27 99 43
27 100 47
27 101 45
27 102 36
27 103 58
27 104 46
27 105 39
27 106 55
27 107 49
27 108 37
27 109 44
27 110 44
27 111 41
27 112 46
27 113 53
27 114 55
27 115 56
27 116 36
27 117 40
27 118 39
27 119 45
27 120 37
27 121 58
27 122 58
27 123 60
27 124 53
27 125 47
27 126 41
27 127 46
27 128 42
27 129 47
27 130 57
27 131 55
27 132 57
27 133 45
27 134 35
27 135 55
27 136 55
27 137 46
27 138 60
27 139 42
27 140 45
27 141 59
27 142 59
27 143 48
27 144 45
27 145 57
27 146 49
28 1 43
28 2 42
28 3 40
28 4 43
28 5 56
28 6 44
28 7 44
28 8 39
28 9 44
28 10 39
28 11 53
28 12 58
28 13 43
28 14 58
28 15 41
28 16 46
28 17 56
28 18 38
28 19 38
28 20 50
28 21 45
28 22 43
28 23 41
28 24 46
28 25 48
28 26 44
28 27 40
28 28 0
28 29 46
28 30 55
28 31 35
28 32 46
28 33 56
28 34 44
28 35 47
28 36 47
28 37 53
28 38 43
28 39 38
28 40 35
28 41 40
28 42 48
28 43 57
28 44 59
28 45 58
28 46 55
28 47 43
28 48 50
28 49 37
28 50 41
28 51 39
28 52 42
28 53 36
28 54 54
28 55 38
28 56 56
28 57 45
28 58 57
28 59 37
28 60 35
28 61 45
28 62 39
28 63 58
28 64 44
28 65 57
28 66 55
28 67 42
28 68 55
28 69 53
28 70 47
28 71 43
28 72 41
28 73 60
28 74 60
28 75 48
28 76 44
28 77 51
28 78 49
28 79 50
28 80 40
28 81 37
28 82 55
28 83 36
28 84 57
28 85 49
28 86 38
28 87 36
28 88 44
28 89 59
28 90 46
28 91 42
28 92 45
28 93 46
28 94 44
28 95 57
28 96 59
28 97 36
28 98 59
28 99 59
28 100 50
28 101 59
28 102 59
28 103 58
28 104 42
28 105 40
28 106 41
28 107 48
28 108 50
28 109 47
28 110 58
28 111 41
28 112 51
28 113 48
28 114 53
28 115 58
28 116 50
28 117 59
28 118 35
28 119 46
28 120 51
28 121 58
28 122 42
28 123 50
28 124 40
28 125 44
28 126 41
28 127 57
28 128 52
28 129 50
28 130 48
28 131 41
28 132 48
28 133 35
28 134 45
28 135 41
28 136 41
28 137 57
28 138 57
28 139 49
28 140 60
28 141 49
28 142 60
28 143 38
28 144 37
28 145 43
28 146 53
29 1 49
29 2 44
29 3 49
29 4 56
29 5 46
29 6 52
29 7 49
29 8 46
29 9 44
29 10 57
29 11 51
29 12 54
29 13 60
29 14 57
29 15 57
29 16 39
29 17 42
29 18 45
29 19 43
29 20 57
29 21 55
29 22 58
29 23 47
29 24 35
29 25 59
29 26 59
29 27 46
29 28 38
29 29 0
29 30 48
29 31 60
29 32 55
29 33 45
29 34 56
29 35 60
29 36 52
29 37 49
29 38 40
29 39 52
29 40 49
29 41 59
29 42 47
29 43 46
29 44 36
29 45 48
29 46 53
29 47 36
29 48 54
29 49 42
29 50 39
29 51 45
29 52 52
29 53 36
29 54 50
29 55 37
29 56 45
29 57 44
29 58 58
29 59 36
29 60 41
29 61 40
29 62 40
29 63 39
29 64 55
29 65 55
29 66 37
29 67 47
29 68 40
29 69 52
29 70 48
29 71 50
29 72 45
29 73 58
29 74 55
29 75 39
29 76 52
29 77 43
29 78 59
29 79 36
29 80 58
29 81 49
29 82 56
29 83 53
29 84 54
29 85 59
29 86 58
29 87 38
29 88 52
29 89 42
29 90 53
29 91 53
29 92 48
29 93 39
29 94 50
29 95 41
29 96 36
29 97 50
29 98 50
29 99 39
29 100 54
29 101 43
29 102 57
29 103 53
29 104 57
29 105 37
29 106 38
29 107 52
29 108 46
29 109 49
29 110 46
29 111 59
29 112 52
29 113 39
29 114 46
29 115 56
29 116 36
29 117 39
29 118 42
29 119 49
29 120 50
29 121 49
29 122 54
29 123 35
29 124 38
29 125 58
29 126 44
29 127 47
29 128 60
29 129 37
29 130 38
29 131 56
29 132 47
29 133 40
29 134 54
29 135 59
29 136 41
29 137 36
29 138 47
29 139 47
29 140 55
29 141 53
29 142 35
29 143 37
29 144 54
29 145 53
29 146 40
30 1 41
30 2 44
30 3 39
30 4 56
30 5 44
30 6 48
30 7 53
30 8 36
30 9 46
30 10 60
30 11 46
30 12 58
30 13 50
30 14 56
30 15 52
30 16 35
30 17 59
30 18 48
30 19 41
30 20 58
30 21 36
30 22 40
30 23 51
30 24 57
30 25 56
30 26 55
30 27 46
30 28 58
30 29 37
30 30 0
30 31 55
30 32 56
30 33 38
30 34 50
30 35 42
30 36 56
30 37 41
30 38 45
30 39 56
30 40 49
30 41 38
30 42 54
30 43 43
30 44 53
30 45 57
30 46 60
30 47 54
30 48 39
30 49 55
30 50 48
30 51 54
30 52 44
30 53 52
30 54 45
30 55 55
30 56 36
30 57 49
30 58 56
30 59 35
30 60 41
30 61 60
30 62 37
30 63 48
30 64 54
30 65 56
30 66 35
30 67 48
30 68 45
30 69 57
30 70 49
30 71 58
30 72 36
30 73 51
30 74 57
30 75 60
30 76 53
30 77 60
30 78 41
30 79 60
30 80 35
30 81 40
30 82 43
30 83 48
30 84 60
30 85 37
30 86 56
30 87 52
30 88 48
30 89 49
30 90 50
30 91 45
30 92 49
30 93 40
30 94 40
30 95 55
30 96 40
30 97 37
30 98 45
30 99 38
30 100 36
30 101 40
30 102 46
30 103 56
30 104 59
30 105 43
30 106 49
30 107 56
30 108 52
30 109 36
30 110 57
30 111 58
30 112 37
30 113 52
30 114 44
30 115 55
30 116 59
30 117 51
30 118 57
30 119 55
30 120 36
30 121 43
30 122 53
30 123 40
30 124 59
30 125 53
30 126 37
30 127 55
30 128 45
30 129 42
30 130 40
30 131 56
30 132 59
30 133 44
30 134 49
30 135 57
30 136 57
30 137 41
30 138 41
30 139 44
30 140 47
30 141 52
30 142 52
30 143 55
30 144 50
30 145 42
30 146 60
31 1 42
31 2 60
31 3 57
31 4 47
31 5 52
31 6 43
31 7 50
31 8 58
31 9 48
31 10 44
31 11 53
31 12 36
31 13 51
31 14 37
31 15 49
31 16 49
31 17 53
31 18 48
31 19 38
31 20 41
31 21 53
31 22 43
31 23 58
31 24 51
31 25 56
31 26 52
31 27 43
31 28 43
31 29 55
31 30 47
31 31 0
31 32 47
31 33 52
31 34 41
31 35 51
31 36 45
31 37 46
31 38 53
31 39 60
31 40 44
31 41 42
31 42 55
31 43 46
31 44 60
31 45 52
31 46 43
31 47 39
31 48 45
31 49 47
31 50 48
31 51 44
31 52 60
31 53 58
31 54 55
31 55 43
31 56 43
31 57 42
31 58 47
31 59 59
31 60 50
31 61 55
31 62 47
31 63 45
31 64 48
31 65 37
31 66 41
31 67 44
31 68 46
31 69 38
31 70 42
31 71 37
31 72 40
31 73 46
31 74 53
31 75 57
31 76 47
31 77 57
31 78 60
31 79 60
31 80 42
31 81 58
31 82 37
31 83 52
31 84 55
31 85 53
31 86 60
31 87 53
31 88 47
31 89 47
31 90 37
31 91 54
31 92 55
31 93 54
31 94 48
31 95 50
31 96 51
31 97 35
31 98 59
31 99 51
31 100 52
31 101 49
31 102 43
31 103 42
31 104 52
31 105 56
31 106 60
31 107 39
31 108 38
31 109 54
31 110 37
31 111 46
31 112 40
31 113 37
31 114 47
31 115 35
31 116 36
31 117 40
31 118 45
31 119 59
31 120 40
31 121 45
31 122 37
31 123 42
31 124 48
31 125 38
31 126 52
31 127 60
31 128 40
31 129 48
31 130 53
31 131 47
31 132 51
31 133 37
31 134 43
31 135 37
31 136 38
31 137 59
31 138 40
31 139 47
31 140 55
31 141 47
31 142 45
31 143 55
31 144 57
31 145 52
31 146 41
32 1 48
32 2 43
32 3 45
32 4 41
32 5 41
32 6 56
32 7 43
32 8 36
32 9 37
32 10 56
32 11 47
32 12 56
32 13 46
32 14 38
32 15 59
32 16 59
32 17 36
32 18 49
32 19 36
32 20 54
32 21 44
32 22 57
32 23 47
32 24 35
32 25 40
32 26 41
32 27 36
32 28 38
32 29 38
32 30 59
32 31 35
32 32 0
32 33 49
32 34 55
32 35 53
32 36 37
32 37 54
32 38 56
32 39 41
32 40 46
32 41 55
32 42 58
32 43 35
32 44 53
32 45 53
32 46 47
32 47 60
32 48 48
32 49 54
32 50 35
32 51 38
32 52 48
32 53 59
32 54 41
32 55 42
32 56 53
32 57 44
32 58 60
32 59 48
32 60 59
32 61 49
32 62 42
32 63 52
32 64 51
32 65 51
32 66 38
32 67 46
32 68 59
32 69 56
32 70 44
32 71 40
32 72 53
32 73 42
32 74 46
32 75 40
32 76 55
32 77 56
32 78 35
32 79 49
32 80 45
32 81 60
32 82 42
32 83 35
32 84 57
32 85 36
32 86 38
32 87 59
32 88 40
32 89 50
32 90 52
32 91 52
32 92 40
32 93 40
32 94 51
32 95 39
32 96 45
32 97 47
32 98 60
32 99 58
32 100 49
32 101 59
32 102 43
32 103 55
32 104 35
32 105 57
32 106 43
32 107 55
32 108 56
32 109 57
32 110 45
32 111 47
32 112 55
32 113 43
32 114 52
32 115 47
32 116 41
32 117 41
32 118 49
32 119 46
32 120 51
32 121 50
32 122 52
32 123 59
32 124 47
32 125 46
32 126 42
32 127 45
32 128 57
32 129 52
32 130 48
32 131 35
32 132 37
32 133 58
32 134 45
32 135 53
32 136 40
32 137 49
32 138 55
32 139 51
32 140 49
32 141 47
32 142 35
32 143 58
32 144 55
32 145 54
32 146 44
33 1 53
33 2 38
33 3 41
33 4 48
33 5 42
33 6 35
33 7 49
33 8 38
33 9 44
33 10 35
33 11 40
33 12 50
33 13 60
33 14 44
33 15 52
33 16 35
33 17 55
33 18 49
33 19 58
33 20 35
33 21 37
33 22 48
33 23 42
33 24 38
33 25 52
33 26 37
33 27 50
33 28 44
33 29 38
33 30 55
33 31 55
33 32 40
33 33 0
33 34 53
33 35 39
33 36 39
33 37 40
33 38 53
33 39 46
33 40 35
33 41 40
33 42 55
33 43 57
33 44 39
33 45 55
33 46 48
33 47 50
33 48 46
33 49 40
33 50 57
33 51 39
33 52 53
33 53 58
33 54 36
33 55 41
33 56 53
33 57 54
33 58 52
33 59 39
33 60 36
33 61 45
33 62 51
33 63 54
33 64 48
33 65 55
33 66 45
33 67 59
33 68 50
33 69 46
33 70 43
33 71 46
33 72 47
33 73 47
33 74 45
33 75 52
33 76 48
33 77 51
33 78 44
33 79 58
33 80 40
33 81 40
33 82 60
33 83 42
33 84 47
33 85 57
33 86 54
33 87 40
33 88 52
33 89 40
33 90 38
33 91 46
33 92 42
33 93 60
33 94 50
33 95 50
33 96 55
33 97 42
33 98 60
33 99 51
33 100 58
33 101 58
33 102 49
33 103 35
33 104 55
33 105 46
33 106 36
33 107 58
33 108 60
33 109 60
33 110 38
33 111 59
33 112 36
33 113 58
33 114 42
33 115 50
33 116 51
33 117 59
33 118 56
33 119 54
33 120 45
33 121 41
33 122 47
33 123 40
33 124 46
33 125 38
33 126 38
33 127 40
33 128 48
33 129 43
33 130 45
33 131 36
33 132 42
33 133 60
33 134 48
33 135 38
33 136 49
33 137 48
33 138 40
33 139 44
33 140 36
33 141 35
33 142 39
33 143 37
33 144 43
33 145 47
33 146 51
34 1 59
34 2 52
34 3 49
34 4 42
34 5 43
34 6 49
34 7 59
34 8 37
34 9 54
34 10 39
34 11 43
34 12 39
34 13 57
34 14 55
34 15 52
34 16 44
34 17 58
34 18 39
34 19 41
34 20 36
34 21 55
34 22 44
34 23 55
34 24 41
34 25 60
34 26 47
34 27 35
34 28 57
34 29 53
34 30 54
34 31 53
34 32 45
34 33 40
34 34 0
34 35 58
34 36 57
34 37 53
34 38 48
34 39 51
34 40 53
34 41 35
34 42 35
34 43 42
34 44 43
34 45 51
34 46 40
34 47 60
34 48 52
34 49 43
34 50 46
34 51 54
34 52 46
34 53 41
34 54 58
34 55 40
34 56 55
34 57 57
34 58 56
34 59 50
34 60 53
34 61 44
34 62 58
34 63 40
34 64 53
34 65 52
34 66 47
34 67 56
34 68 39
34 69 50
34 70 47
34 71 38
34 72 38
34 73 57
34 74 37
34 75 54
34 76 38
34 77 46
34 78 52
34 79 55
34 80 40
34 81 43
34 82 40
34 83 51
34 84 58
34 85 49
34 86 51
34 87 41
34 88 36
34 89 37
34 90 37
34 91 58
34 92 36
34 93 56
34 94 59
34 95 42
34 96 56
34 97 36
34 98 38
34 99 42
34 100 45
34 101 37
34 102 42
34 103 45
34 104 35
34 105 59
34 106 48
34 107 60
34 108 37
34 109 39
34 110 43
34 111 56
34 112 36
34 113 45
34 114 51
34 115 54
34 116 40
34 117 45
34 118 59
34 119 49
34 120 36
34 121 55
34 122 37
34 123 35
34 124 60
34 125 48
34 126 40
34 127 55
34 128 53
34 129 41
34 130 56
34 131 36
34 132 41
34 133 54
34 134 36
34 135 58
34 136 55
34 137 59
34 138 40
34 139 59
34 140 35
34 141 39
34 142 47
34 143 43
34 144 52
34 145 36
34 146 56
35 1 42
35 2 46
35 3 44
35 4 51
35 5 37
35 6 50
35 7 57
35 8 59
35 9 46
35 10 42
35 11 55
35 12 43
35 13 45
35 14 44
35 15 55
35 16 58
35 17 53
35 18 48
35 19 43
35 20 46
35 21 42
35 22 58
35 23 51
35 24 54
35 25 52
35 26 52
35 27 59
35 28 36
35 29 50
35 30 57
35 31 58
35 32 56
35 33 53
35 34 43
35 35 0
35 36 60
35 37 55
35 38 53
35 39 58
35 40 56
35 41 54
35 42 36
35 43 49
35 44 50
35 45 58
35 46 37
35 47 50
35 48 39
35 49 59
35 50 59
35 51 60
35 52 39
35 53 54
35 54 43
35 55 40
35 56 35
35 57 36
35 58 59
35 59 40
35 60 37
35 61 42
35 62 58
35 63 51
35 64 37
35 65 55
35 66 50
35 67 54
35 68 50
35 69 45
35 70 53
35 71 56
35 72 37
35 73 48
35 74 45
35 75 60
35 76 37
35 77 58
35 78 46
35 79 41
35 80 57
35 81 36
35 82 38
35 83 54
35 84 49
35 85 55
35 86 54
35 87 48
35 88 40
35 89 53
35 90 48
35 91 41
35 92 50
35 93 52
35 94 37
35 95 44
35 96 59
35 97 54
35 98 56
35 99 46
35 100 45
35 101 37
35 102 37
35 103 41
35 104 38
35 105 49
35 106 49
35 107 45
35 108 52
35 109 50
35 110 57
35 111 40
35 112 54
35 113 46
35 114 56
35 115 59
35 116 44
35 117 38
35 118 36
35 119 35
35 120 41
35 121 41
35 122 46
35 123 36
35 124 59
35 125 45
35 126 59
35 127 38
35 128 41
35 129 59
35 130 57
35 131 60
35 132 38
35 133 60
35 134 39
35 135 42
35 136 52
35 137 56
35 138 60
35 139 51
35 140 48
35 141 46
35 142 45
35 143 40
35 144 57
35 145 42
35 146 57
36 1 56
36 2 48
36 3 45
36 4 40
36 5 56
36 6 55
36 7 53
36 8 43
36 9 44
36 10 57
36 11 59
36 12 55
36 13 44
36 14 36
36 15 49
36 16 60
36 17 39
36 18 46
36 19 37
36 20 45
36 21 50
36 22 52
36 23 42
36 24 59
36 25 48
36 26 54
36 27 49
36 28 47
36 29 39
36 30 51
36 31 53
36 32 55
36 33 51
36 34 46
36 35 56
36 36 0
36 37 39
36 38 37
36 39 38
36 40 46
36 41 55
36 42 59
36 43 51
36 44 58
36 45 40
36 46 57
36 47 52
36 48 37
36 49 43
36 50 35
36 51 50
36 52 48
36 53 39
36 54 47
36 55 41
36 56 37
36 57 43
36 58 57
36 59 53
36 60 56
36 61 52
36 62 51
36 63 35
36 64 51
36 65 45
36 66 51
36 67 60
36 68 38
36 69 42
36 70 50
36 71 51
36 72 37
36 73 54
36 74 42
36 75 47
36 76 37
36 77 40
36 78 51
36 79 57
36 80 60
36 81 44
36 82 58
36 83 58
36 84 60
36 85 52
36 86 38
36 87 60
36 88 38
36 89 59
36 90 56
36 91 46
36 92 50
36 93 46
36 94 55
36 95 38
36 96 40
36 97 44
36 98 59
36 99 56
36 100 39
36 101 50
36 102 60
36 103 55
36 104 41
36 105 53
36 106 38
36 107 57
36 108 48
36 109 52
36 110 39
36 111 41
36 112 41
36 113 51
36 114 43
36 115 55
36 116 43
36 117 46
36 118 42
36 119 38
36 120 55
36 121 40
36 122 49
36 123 57
36 124 57
36 125 59
36 126 60
36 127 50
36 128 56
36 129 37
36 130 58
36 131 35
36 132 37
36 133 40
36 134 52
36 135 60
36 136 52
36 137 58
36 138 59
36 139 35
36 140 52
36 141 37
36 142 52
36 143 53
36 144 59
36 145 36
36 146 43
37 1 45
37 2 41
37 3 41
37 4 53
37 5 56
37 6 36
37 7 47
37 8 59
37 9 53
37 10 58
37 11 48
37 12 39
37 13 53
37 14 55
37 15 57
37 16 36
37 17 48
37 18 47
37 19 60
37 20 51
37 21 42
37 22 42
37 23 46
37 24 45
37 25 40
37 26 60
37 27 52
37 28 60
37 29 44
37 30 55
37 31 46
37 32 49
37 33 53
37 34 37
37 35 47
37 36 42
37 37 0
37 38 38
37 39 52
37 40 37
37 41 36
37 42 51
37 43 43
37 44 57
37 45 57
37 46 55
37 47 40
37 48 50
37 49 56
37 50 46
37 51 45
37 52 57
37 53 52
37 54 55
37 55 51
37 56 36
37 57 41
37 58 55
37 59 39
37 60 39
37 61 43
37 62 60
37 63 47
37 64 35
37 65 59
37 66 43
37 67 45
37 68 38
37 69 35
37 70 40
37 71 35
37 72 53
37 73 53
37 74 59
37 75 35
37 76 40
37 77 38
37 78 48
37 79 39
37 80 51
37 81 49
37 82 47
37 83 49
37 84 38
37 85 39
37 86 44
37 87 45
37 88 48
37 89 60
37 90 55
37 91 47
37 92 54
37 93 43
37 94 47
37 95 54
37 96 41
37 97 54
37 98 43
37 99 39
37 100 43
37 101 35
37 102 43
37 103 38
37 104 46
37 105 46
37 106 35
37 107 60
37 108 54
37 109 49
37 110 38
37 111 53
37 112 53
37 113 36
37 114 41
37 115 43
37 116 58
37 117 60
37 118 59
37 119 59
37 120 53
37 121 54
37 122 57
37 123 36
37 124 37
37 125 41
37 126 45
37 127 39
37 128 38
37 129 54
37 130 35
37 131 60
37 132 47
37 133 46
37 134 60
37 135 39
37 136 35
37 137 42
37 138 54
37 139 54
37 140 49
37 141 54
37 142 58
37 143 50
37 144 60
37 145 54
37 146 43
38 1 59
38 2 39
38 3 42
38 4 40
38 5 58
38 6 53
38 7 53
38 8 54
38 9 47
38 10 50
38 11 54
38 12 60
38 13 43
38 14 37
38 15 52
38 16 59
38 17 38
38 18 60
38 19 43
38 20 35
38 21 57
38 22 56
38 23 35
38 24 42
38 25 42
38 26 36
38 27 47
38 28 39
38 29 47
38 30 44
38 31 37
38 32 44
38 33 57
38 34 50
38 35 49
38 36 39
38 37 52
38 38 0
38 39 57
38 40 40
38 41 48
38 42 38
38 43 55
38 44 58
38 45 50
38 46 56
38 47 39
38 48 35
38 49 59
38 50 52
38 51 47
38 52 42
38 53 46
38 54 36
38 55 56
38 56 56
38 57 38
38 58 58
38 59 53
38 60 37
38 61 57
38 62 54
38 63 45
38 64 44
38 65 50
38 66 59
38 67 60
38 68 59
38 69 56
38 70 59
38 71 46
38 72 42
38 73 51
38 74 37
38 75 42
38 76 46
38 77 37
38 78 50
38 79 41
38 80 42
38 81 39
38 82 57
38 83 52
38 84 39
38 85 55
38 86 42
38 87 49
38 88 43
38 89 37
38 90 58
38 91 55
38 92 54
38 93 54
38 94 39
38 95 53
38 96 40
38 97 46
38 98 42
38 99 58
38 100 48
38 101 37
38 102 38
38 103 52
38 104 59
38 105 54
38 106 60
38 107 40
38 108 60
38 109 56
38 110 56
38 111 58
38 112 35
38 113 36
38 114 51
38 115 42
38 116 57
38 117 58
38 118 57
38 119 38
38 120 57
38 121 53
38 122 47
38 123 45
38 124 40
38 125 37
38 126 46
38 127 43
38 128 53
38 129 43
38 130 46
38 131 46
38 132 39
38 133 46
38 134 43
38 135 37
38 136 52
38 137 57
38 138 36
38 139 51
38 140 51
38 141 38
38 142 59
38 143 47
38 144 54
38 145 54
38 146 53
39 1 47
39 2 36
39 3 54
39 4 55
39 5 36
39 6 53
39 7 56
39 8 43
39 9 50
39 10 41
39 11 50
39 12 51
39 13 40
39 14 40
39 15 59
39 16 60
39 17 45
39 18 44
39 19 41
39 20 46
39 21 60
39 22 52
39 23 60
39 24 41
39 25 35
39 26 54
39 27 37
39 28 42
39 29 59
39 30 51
39 31 39
39 32 60
39 33 60
39 34 45
39 35 59
39 36 36
39 37 51
39 38 43
39 39 0
39 40 46
39 41 53
39 42 45
39 43 58
39 44 48
39 45 51
39 46 48
39 47 59
39 48 45
39 49 39
39 50 48
39 51 46
39 52 50
39 53 56
39 54 39
39 55 45
39 56 40
39 57 52
39 58 50
39 59 36
39 60 40
39 61 48
39 62 52
39 63 60
39 64 41
39 65 38
39 66 45
39 67 51
39 68 59
39 69 47
39 70 50
39 71 47
39 72 52
39 73 60
39 74 40
39 75 58
39 76 44
39 77 50
39 78 38
39 79 52
39 80 48
39 81 47
39 82 51
39 83 35
39 84 58
39 85 60
39 86 37
39 87 40
39 88 42
39 89 58
39 90 60
39 91 60
39 92 48
39 93 48
39 94 36
39 95 54
39 96 49
39 97 58
39 98 57
39 99 57
39 100 38
39 101 51
39 102 44
39 103 57
39 104 54
39 105 52
39 106 47
39 107 60
39 108 47
39 109 58
39 110 56
39 111 51
39 112 55
39 113 55
39 114 56
39 115 50
39 116 42
39 117 57
39 118 57
39 119 52
39 120 41
39 121 50
39 122 56
39 123 35
39 124 45
39 125 54
39 126 37
39 127 54
39 128 41
39 129 46
39 130 44
39 131 52
39 132 50
39 133 37
39 134 38
39 135 53
39 136 54
39 137 43
39 138 48
39 139 43
39 140 52
39 141 43
39 142 55
39 143 52
39 144 35
39 145 50
39 146 57
40 1 60
40 2 50
40 3 37
40 4 59
40 5 48
40 6 57
40 7 45
40 8 53
40 9 44
40 10 49
40 11 44
40 12 49
40 13 40
40 14 37
40 15 45
40 16 51
40 17 42
40 18 41
40 19 46
40 20 40
40 21 49
40 22 37
40 23 56
40 24 56
40 25 44
40 26 51
40 27 41
40 28 37
40 29 60
40 30 43
40 31 45
40 32 40
40 33 48
40 34 50
40 35 47
40 36 57
40 37 53
40 38 58
40 39 56
40 40 0
40 41 39
40 42 40
40 43 49
40 44 58
40 45 46
40 46 48
40 47 54
40 48 41
40 49 57
40 50 36
40 51 38
40 52 60
40 53 57
40 54 59
40 55 60
40 56 59
40 57 49
40 58 60
40 59 49
40 60 47
40 61 59
40 62 59
40 63 56
40 64 56
40 65 37
40 66 60
40 67 40
40 68 44
40 69 60
40 70 54
40 71 60
40 72 35
40 73 42
40 74 41
40 75 57
40 76 55
40 77 58
40 78 50
40 79 42
40 80 40
40 81 44
40 82 46
40 83 38
40 84 42
40 85 40
40 86 43
40 87 46
40 88 37
40 89 39
40 90 42
40 91 48
40 92 52
40 93 44
40 94 50
40 95 46
40 96 41
40 97 38
40 98 58
40 99 42
40 100 40
40 101 37
40 102 43
40 103 44
40 104 52
40 105 47
40 106 47
40 107 43
40 108 45
40 109 44
40 110 36
40 111 53
40 112 41
40 113 55
40 114 60
40 115 41
40 116 49
40 117 38
40 118 59
40 119 46
40 120 51
40 121 56
40 122 47
40 123 56
40 124 46
40 125 60
40 126 38
40 127 43
40 128 56
40 129 45
40 130 36
40 131 36
40 132 37
40 133 38
40 134 54
40 135 48
40 136 44
40 137 39
40 138 54
40 139 54
40 140 56
40 141 56
40 142 51
40 143 42
40 144 57
40 145 52
40 146 51
41 1 59
41 2 50
41 3 40
41 4 43
41 5 47
41 6 56
41 7 38
41 8 39
41 9 53
41 10 37
41 11 45
41 12 36
41 13 52
41 14 40
41 15 38
41 16 42
41 17 50
41 18 53
41 19 52
41 20 42
41 21 35
41 22 57
41 23 48
41 24 36
41 25 40
41 26 36
41 27 35
41 28 42
41 29 50
41 30 53
41 31 52
41 32 59
41 33 47
41 34 54
41 35 49
41 36 49
41 37 45
41 38 48
41 39 59
41 40 42
41 41 0
41 42 48
41 43 55
41 44 52
41 45 54
41 46 53
41 47 45
41 48 49
41 49 47
41 50 48
41 51 59
41 52 43
41 53 49
41 54 39
41 55 37
41 56 52
41 57 45
41 58 49
41 59 38
41 60 39
41 61 39
41 62 39
41 63 44
41 64 57
41 65 39
41 66 43
41 67 49
41 68 39
41 69 49
41 70 46
41 71 58
41 72 47
41 73 36
41 74 53
41 75 58
41 76 60
41 77 49
41 78 50
41 79 47
41 80 39
41 81 55
41 82 51
41 83 56
41 84 53
41 85 59
41 86 35
41 87 39
41 88 35
41 89 58
41 90 42
41 91 46
41 92 52
41 93 35
41 94 44
41 95 50
41 96 53
41 97 52
41 98 59
41 99 48
41 100 48
41 101 45
41 102 35
41 103 42
41 104 55
41 105 39
41 106 42
41 107 45
41 108 52
41 109 58
41 110 38
41 111 45
41 112 49
41 113 52
41 114 41
41 115 49
41 116 58
41 117 57
41 118 56
41 119 45
41 120 46
41 121 40
41 122 36
41 123 49
41 124 39
41 125 54
41 126 44
41 127 57
41 128 57
41 129 55
41 130 45
41 131 42
41 132 48
41 133 55
41 134 42
41 135 38
41 136 44
41 137 54
41 138 48
41 139 43
41 140 56
41 141 37
41 142 48
41 143 51
41 144 53
41 145 37
41 146 40
42 1 52
42 2 55
42 3 44
42 4 53
42 5 54
42 6 49
42 7 50
42 8 38
42 9 58
42 10 54
42 11 51
42 12 41
42 13 45
42 14 49
42 15 47
42 16 59
42 17 43
42 18 47
42 19 39
42 20 54
42 21 57
42 22 56
42 23 38
42 24 48
42 25 60
42 26 53
42 27 42
42 28 54
42 29 51
42 30 48
42 31 52
42 32 49
42 33 45
42 34 37
42 35 40
42 36 50
42 37 43
42 38 48
42 39 57
42 40 38
42 41 41
42 42 0
42 43 45
42 44 40
42 45 52
42 46 36
42 47 48
42 48 48
42 49 47
42 50 53
42 51 43
42 52 46
42 53 40
42 54 39
42 55 56
42 56 50
42 57 39
42 58 56
42 59 60
42 60 54
42 61 39
42 62 50
42 63 55
42 64 56
42 65 43
42 66 55
42 67 41
42 68 56
42 69 51
42 70 40
42 71 59
42 72 45
42 73 57
42 74 54
42 75 36
42 76 39
42 77 56
42 78 36
42 79 46
42 80 45
42 81 49
42 82 50
42 83 48
42 84 45
42 85 43
42 86 38
42 87 60
42 88 48
42 89 41
42 90 52
42 91 39
42 92 55
42 93 39
42 94 54
42 95 35
42 96 50
42 97 60
42 98 37
42 99 48
42 100 54
42 101 48
42 102 42
42 103 48
42 104 46
42 105 49
42 106 39
42 107 60
42 108 58
42 109 37
42 110 37
42 111 49
42 112 48
42 113 40
42 114 51
42 115 42
42 116 60
42 117 37
42 118 46
42 119 42
42 120 44
42 121 44
42 122 52
42 123 35
42 124 56
42 125 57
42 126 40
42 127 52
42 128 42
42 129 37
42 130 55
42 131 43
42 132 40
42 133 37
42 134 57
42 135 42
42 136 39
42 137 54
42 138 40
42 139 53
42 140 52
42 141 59
42 142 60
42 143 49
42 144 48
42 145 40
42 146 60
43 1 54
43 2 55
43 3 40
43 4 60
43 5 36
43 6 52
43 7 42
43 8 57
43 9 42
43 10 37
43 11 51
43 12 37
43 13 36
43 14 35
43 15 53
43 16 55
43 17 49
43 18 53
43 19 42
43 20 40
43 21 36
43 22 52
43 23 36
43 24 51
43 25 58
43 26 48
43 27 40
43 28 59
43 29 48
43 30 38
43 31 44
43 32 44
43 33 52
43 34 56
43 35 42
43 36 40
43 37 38
43 38 58
43 39 45
43 40 39
43 41 55
43 42 44
43 43 0
43 44 57
43 45 54
43 46 47
43 47 39
43 48 42
43 49 43
43 50 58
43 51 55
43 52 59
43 53 43
43 54 58
43 55 39
43 56 54
43 57 43
43 58 53
43 59 53
43 60 59
43 61 60
43 62 40
43 63 35
43 64 58
43 65 43
43 66 48
43 67 59
43 68 56
43 69 58
43 70 55
43 71 43
43 72 37
43 73 49
43 74 53
43 75 52
43 76 54
43 77 47
43 78 37
43 79 54
43 80 38
43 81 37
43 82 42
43 83 56
43 84 56
43 85 37
43 86 50
43 87 40
43 88 46
43 89 43
43 90 50
43 91 57
43 92 45
43 93 57
43 94 59
43 95 41
43 96 52
43 97 36
43 98 51
43 99 55
43 100 36
43 101 54
43 102 47
43 103 37
43 104 57
43 105 44
43 106 47
43 107 49
43 108 42
43 109 48
43 110 49
43 111 39
43 112 50
43 113 41
43 114 44
43 115 50
43 116 56
43 117 53
43 118 59
43 119 55
43 120 56
43 121 36
43 122 53
43 123 49
43 124 48
43 125 53
43 126 47
43 127 47
43 128 42
43 129 46
43 130 40
43 131 43
43 132 41
43 133 37
43 134 60
43 135 35
43 136 35
43 137 57
43 138 58
43 139 52
43 140 42
43 141 40
43 142 45
43 143 49
43 144 56
43 145 47
43 146 49
44 1 51
44 2 57
44 3 57
44 4 40
44 5 44
44 6 41
44 7 45
44 8 56
44 9 36
44 10 50
44 11 35
44 12 60
44 13 40
44 14 46
44 15 40
44 16 36
44 17 45
44 18 51
44 19 37
44 20 45
44 21 43
44 22 58
44 23 49
44 24 38
44 25 57
44 26 43
44 27 36
44 28 42
44 29 49
44 30 38
44 31 48
44 32 35
44 33 35
44 34 35
44 35 42
44 36 53
44 37 54
44 38 45
44 39 46
44 40 43
44 41 42
44 42 36
44 43 48
44 44 0
44 45 60
44 46 39
44 47 53
44 48 59
44 49 58
44 50 46
44 51 48
44 52 44
44 53 37
44 54 44
44 55 49
44 56 41
44 57 35
44 58 38
44 59 60
44 60 37
44 61 58
44 62 50
44 63 56
44 64 50
44 65 37
44 66 56
44 67 39
44 68 52
44 69 38
44 70 57
44 71 54
44 72 51
44 73 60
44 74 60
44 75 51
44 76 46
44 77 58
44 78 41
44 79 49
44 80 46
44 81 48
44 82 54
44 83 56
44 84 55
44 85 59
44 86 52
44 87 39
44 88 35
44 89 52
44 90 37
44 91 47
44 92 41
44 93 53
44 94 48
44 95 41
44 96 44
44 97 55
44 98 36
44 99 35
44 100 45
44 101 60
44 102 51
44 103 55
44 104 42
44 105 41
44 106 48
44 107 53
44 108 59
44 109 57
44 110 42
44 111 36
44 112 38
44 113 39
44 114 60
44 115 52
44 116 43
44 117 39
44 118 43
44 119 60
44 120 52
44 121 60
44 122 58
44 123 36
44 124 57
44 125 50
44 126 46
44 127 57
44 128 50
44 129 48
44 130 51
44 131 57
44 132 52
44 133 52
44 134 52
44 135 36
44 136 35
44 137 36
44 138 55
44 139 41
44 140 45
44 141 59
44 142 53
44 143 59
44 144 41
44 145 49
44 146 57
45 1 41
45 2 39
45 3 50
45 4 60
45 5 55
45 6 55
45 7 51
45 8 46
45 9 46
45 10 51
45 11 54
45 12 43
45 13 35
45 14 46
45 15 42
45 16 41
45 17 41
45 18 46
45 19 38
45 20 51
45 21 38
45 22 55
45 23 60
45 24 40
45 25 51
45 26 41
45 27 47
45 28 60
45 29 51
45 30 37
45 31 50
45 32 44
45 33 43
45 34 35
45 35 36
45 36 60
45 37 59
45 38 47
45 39 50
45 40 59
45 41 41
45 42 48
45 43 37
45 44 49
45 45 0
45 46 47
45 47 52
45 48 49
45 49 40
45 50 39
45 51 54
45 52 59
45 53 44
45 54 56
45 55 37
45 56 47
45 57 59
45 58 45
45 59 48
45 60 45
45 61 46
45 62 48
45 63 36
45 64 59
45 65 51
45 66 40
45 67 58
45 68 35
45 69 42
45 70 44
45 71 41
45 72 52
45 73 38
45 74 58
45 75 39
45 76 50
45 77 37
45 78 51
45 79 46
45 80 56
45 81 37
45 82 57
45 83 57
45 84 52
45 85 52
45 86 46
45 87 39
45 88 38
45 89 47
45 90 36
45 91 39
45 92 46
45 93 56
45 94 44
45 95 40
45 96 53
45 97 38
45 98 37
45 99 60
45 100 47
45 101 36
45 102 59
45 103 45
45 104 49
45 105 41
45 106 38
45 107 37
45 108 38
45 109 47
45 110 35
45 111 36
45 112 49
45 113 42
45 114 60
45 115 35
45 116 52
45 117 43
45 118 51
45 119 37
45 120 59
45 121 35
45 122 46
45 123 52
45 124 46
45 125 40
45 126 41
45 127 46
45 128 40
45 129 40
45 130 49
45 131 43
45 132 47
45 133 41
45 134 38
45 135 47
45 136 59
45 137 56
45 138 55
45 139 44
45 140 51
45 141 45
45 142 35
45 143 39
45 144 53
45 145 43
45 146 60
46 1 36
46 2 46
46 3 51
46 4 43
46 5 38
46 6 48
46 7 50
46 8 37
46 9 46
46 10 50
46 11 60
46 12 42
46 13 47
46 14 44
46 15 38
46 16 41
46 17 38
46 18 39
46 19 52
46 20 35
46 21 35
46 22 48
46 23 48
46 24 39
46 25 36
46 26 54
46 27 38
46 28 54
46 29 55
46 30 38
46 31 44
46 32 59
46 33 48
46 34 38
46 35 54
46 36 57
46 37 49
46 38 58
46 39 45
46 40 39
46 41 57
46 42 46
46 43 39
46 44 46
46 45 51
46 46 0
46 47 43
46 48 54
46 49 35
46 50 48
46 51 41
46 52 48
46 53 36
46 54 48
46 55 55
46 56 46
46 57 51
46 58 43
46 59 41
46 60 48
46 61 53
46 62 37
46 63 37
46 64 44
46 65 43
46 66 51
46 67 55
46 68 43
46 69 56
46 70 55
46 71 58
46 72 56
46 73 50
46 74 57
46 75 56
46 76 40
46 77 60
46 78 52
46 79 37
46 80 41
46 81 50
46 82 36
46 83 47
46 84 40
46 85 58
46 86 53
46 87 35
46 88 56
46 89 37
46 90 58
46 91 54
46 92 43
46 93 44
46 94 47
46 95 50
46 96 38
46 97 36
46 98 41
46 99 60
46 100 52
46 101 46
46 102 53
46 103 42
46 104 42
46 105 48
46 106 56
46 107 45
46 108 39
46 109 51
46 110 56
46 111 42
46 112 57
46 113 58
46 114 38
46 115 39
46 116 41
46 117 57
46 118 42
46 119 46
46 120 60
46 121 56
46 122 57
46 123 45
46 124 35
46 125 59
46 126 37
46 127 47
46 128 58
46 129 47
46 130 60
46 131 60
46 132 54
46 133 36
46 134 40
46 135 52
46 136 58
46 137 57
46 138 51
46 139 43
46 140 39
46 141 55
46 142 49
46 143 54
46 144 42
46 145 52
46 146 52
47 1 42
47 2 38
47 3 46
47 4 49
47 5 58
47 6 36
47 7 52
47 8 55
47 9 44
47 10 42
47 11 40
47 12 55
47 13 50
47 14 38
47 15 51
47 16 53
47 17 47
47 18 40
47 19 47
47 20 54
47 21 36
47 22 52
47 23 56
47 24 57
47 25 60
47 26 41
47 27 35
47 28 60
47 29 36
47 30 41
47 31 42
47 32 55
47 33 53
47 34 58
47 35 41
47 36 42
47 37 38
47 38 56
47 39 42
47 40 43
47 41 59
47 42 47
47 43 46
47 44 52
47 45 45
47 46 53
47 47 0
47 48 57
47 49 39
47 50 51
47 51 46
47 52 60
47 53 43
47 54 55
47 55 40
47 56 42
47 57 38
47 58 60
47 59 58
47 60 35
47 61 44
47 62 48
47 63 44
47 64 42
47 65 42
47 66 54
47 67 56
47 68 60
47 69 42
47 70 50
47 71 44
47 72 41
47 73 53
47 74 59
47 75 54
47 76 49
47 77 46
47 78 59
47 79 54
47 80 45
47 81 35
47 82 39
47 83 60
47 84 41
47 85 37
47 86 52
47 87 52
47 88 44
47 89 55
47 90 43
47 91 50
47 92 56
47 93 46
47 94 41
47 95 43
47 96 47
47 97 43
47 98 49
47 99 41
47 100 38
47 101 35
47 102 51
47 103 35
47 104 55
47 105 56
47 106 60
47 107 40
47 108 41
47 109 50
47 110 43
47 111 53
47 112 42
47 113 41
47 114 59
47 115 42
47 116 59
47 117 54
47 118 44
47 119 56
47 120 47
47 121 37
47 122 59
47 123 50
47 124 55
47 125 36
47 126 41
47 127 55
47 128 54
47 129 38
47 130 39
47 131 54
47 132 38
47 133 40
47 134 49
47 135 46
47 136 42
47 137 44
47 138 53
47 139 39
47 140 40
47 141 47
47 142 42
47 143 50
47 144 39
47 145 51
47 146 41
48 1 46
48 2 35
48 3 49
48 4 60
48 5 55
48 6 49
48 7 60
48 8 39
48 9 38
48 10 41
48 11 52
48 12 44
48 13 49
48 14 41
48 15 39
48 16 50
48 17 36
48 18 51
48 19 45
48 20 43
48 21 52
48 22 43
48 23 49
48 24 37
48 25 55
48 26 46
48 27 54
48 28 46
48 29 59
48 30 59
48 31 59
48 32 56
48 33 44
48 34 51
48 35 45
48 36 40
48 37 45
48 38 35
48 39 43
48 40 43
48 41 51
48 42 48
48 43 52
48 44 43
48 45 48
48 46 46
48 47 60
48 48 0
48 49 56
48 50 59
48 51 54
48 52 49
48 53 51
48 54 45
48 55 36
48 56 39
48 57 49
48 58 54
48 59 54
48 60 48
48 61 45
48 62 48
48 63 35
48 64 46
48 65 40
48 66 46
48 67 42
48 68 56
48 69 49
48 70 48
48 71 55
48 72 39
48 73 51
48 74 60
48 75 50
48 76 39
48 77 38
48 78 36
48 79 37
48 80 50
48 81 56
48 82 54
48 83 42
48 84 47
48 85 35
48 86 42
48 87 49
48 88 42
48 89 40
48 90 60
48 91 46
48 92 49
48 93 42
48 94 46
48 95 41
48 96 43
48 97 54
48 98 56
48 99 50
48 100 35
48 101 55
48 102 54
48 103 45
48 104 42
48 105 46
48 106 36
48 107 57
48 108 57
48 109 44
48 110 48
48 111 39
48 112 46
48 113 52
48 114 60
48 115 60
48 116 60
48 117 41
48 118 51
48 119 44
48 120 42
48 121 45
48 122 39
48 123 44
48 124 41
48 125 56
48 126 37
48 127 60
48 128 41
48 129 44
48 130 54
48 131 41
48 132 53
48 133 51
48 134 39
48 135 40
48 136 46
48 137 45
48 138 46
48 139 54
48 140 44
48 141 48
48 142 44
48 143 44
48 144 59
48 145 36
48 146 42
49 1 49
49 2 39
49 3 54
49 4 52
49 5 57
49 6 56
49 7 39
49 8 53
49 9 59
49 10 56
49 11 57
49 12 40
49 13 43
49 14 58
49 15 39
49 16 60
49 17 46
49 18 58
49 19 53
49 20 60
49 21 38
49 22 50
49 23 38
49 24 46
49 25 37
49 26 45
49 27 43
49 28 59
49 29 40
49 30 59
49 31 37
49 32 46
49 33 57
49 34 36
49 35 52
49 36 58
49 37 42
49 38 40
49 39 47
49 40 51
49 41 46
49 42 46
49 43 53
49 44 42
49 45 47
49 46 52
49 47 57
49 48 50
49 49 0
49 50 56
49 51 47
49 52 38
49 53 52
49 54 58
49 55 41
49 56 46
49 57 58
49 58 42
49 59 38
49 60 50
49 61 59
49 62 41
49 63 43
49 64 40
49 65 52
49 66 44
49 67 56
49 68 43
49 69 56
49 70 57
49 71 58
49 72 41
49 73 46
49 74 41
49 75 58
49 76 35
49 77 36
49 78 54
49 79 37
49 80 54
49 81 40
49 82 56
49 83 38
49 84 49
49 85 59
49 86 52
49 87 57
49 88 44
49 89 55
49 90 43
49 91 36
49 92 38
49 93 58
49 94 48
49 95 60
49 96 40
49 97 49
49 98 46
49 99 58
49 100 41
49 101 42
49 102 41
49 103 38
49 104 44
49 105 55
49 106 57
49 107 37
49 108 52
49 109 41
49 110 49
49 111 57
49 112 50
49 113 53
49 114 38
49 115 51
49 116 45
49 117 48
49 118 47
49 119 60
49 120 55
49 121 47
49 122 46
49 123 52
49 124 56
49 125 36
49 126 60
49 127 58
49 128 57
49 129 50
49 130 55
49 131 54
49 132 35
49 133 59
49 134 43
49 135 50
49 136 43
49 137 56
49 138 45
49 139 49
49 140 38
49 141 52
49 142 56
49 143 49
49 144 45
49 145 60
49 146 42
50 1 46
50 2 56
50 3 37
50 4 40
50 5 40
50 6 57
50 7 42
50 8 47
50 9 41
50 10 46
50 11 45
50 12 44
50 13 41
50 14 35
50 15 43
50 16 50
50 17 56
50 18 43
50 19 55
50 20 44
50 21 37
50 22 60
50 23 42
50 24 55
50 25 56
50 26 42
50 27 38
50 28 43
50 29 54
50 30 43
50 31 47
50 32 47
50 33 55
50 34 47
50 35 38
50 36 42
50 37 60
50 38 40
50 39 58
50 40 36
50 41 42
50 42 59
50 43 57
50 44 59
50 45 36
50 46 51
50 47 41
50 48 51
50 49 37
50 50 0
50 51 38
50 52 57
50 53 37
50 54 42
50 55 46
50 56 46
50 57 37
50 58 36
50 59 45
50 60 59
50 61 48
50 62 40
50 63 60
50 64 40
50 65 46
50 66 38
50 67 47
50 68 37
50 69 60
50 70 60
50 71 39
50 72 37
50 73 38
50 74 55
50 75 50
50 76 49
50 77 40
50 78 48
50 79 54
50 80 47
50 81 56
50 82 49
50 83 49
50 84 46
50 85 57
50 86 47
50 87 37
50 88 36
50 89 47
50 90 58
50 91 47
50 92 48
50 93 55
50 94 60
50 95 35
50 96 52
50 97 36
50 98 60
50 99 41
50 100 46
50 101 59
50 102 36
50 103 37
50 104 42
50 105 38
50 106 49
50 107 60
50 108 42
50 109 37
50 110 42
50 111 35
50 112 50
50 113 40
50 114 60
50 115 50
50 116 52
50 117 44
50 118 52
50 119 56
50 120 40
50 121 52
50 122 37
50 123 35
50 124 38
50 125 35
50 126 37
50 127 54
50 128 59
50 129 57
50 130 56
50 131 47
50 132 51
50 133 51
50 134 38
50 135 38
50 136 46
50 137 57
50 138 42
50 139 60
50 140 41
50 141 37
50 142 58
50 143 40
50 144 41
50 145 52
50 146 39
51 1 47
51 2 40
51 3 47
51 4 48
51 5 45
51 6 50
51 7 56
51 8 43
51 9 51
51 10 39
51 11 60
51 12 39
51 13 47
51 14 59
51 15 37
51 16 58
51 17 58
51 18 55
51 19 60
51 20 47
51 21 58
51 22 45
51 23 48
51 24 53
51 25 50
51 26 37
51 27 40
51 28 54
51 29 45
51 30 44
51 31 51
51 32 49
51 33 37
51 34 40
51 35 35
51 36 51
51 37 52
51 38 46
51 39 46
51 40 57
51 41 36
51 42 52
51 43 52
51 44 58
51 45 49
51 46 56
51 47 58
51 48 60
51 49 46
51 50 53
51 51 0
51 52 58
51 53 42
51 54 47
51 55 49
51 56 48
51 57 60
51 58 57
51 59 60
51 60 58
51 61 38
51 62 45
51 63 45
51 64 50
51 65 57
51 66 59
51 67 58
51 68 57
51 69 60
51 70 35
51 71 56
51 72 35
51 73 58
51 74 52
51 75 44
51 76 58
51 77 45
51 78 57
51 79 40
51 80 42
51 81 44
51 82 53
51 83 41
51 84 60
51 85 37
51 86 56
51 87 60
51 88 58
51 89 48
51 90 38
51 91 60
51 92 49
51 93 45
51 94 37
51 95 42
51 96 57
51 97 46
51 98 35
51 99 57
51 100 53
51 101 36
51 102 42
51 103 47
51 104 39
51 105 35
51 106 44
51 107 38
51 108 55
51 109 42
51 110 37
51 111 49
51 112 41
51 113 47
51 114 37
51 115 50
51 116 43
51 117 47
51 118 54
51 119 60
51 120 59
51 121 45
51 122 43
51 123 54
51 124 50
51 125 47
51 126 58
51 127 48
51 128 36
51 129 42
51 130 41
51 131 55
51 132 36
51 133 57
51 134 53
51 135 38
51 136 41
51 137 60
51 138 35
51 139 36
51 140 49
51 141 42
51 142 53
51 143 36
51 144 44
51 145 43
51 146 44
52 1 37
52 2 57
52 3 37
52 4 59
52 5 52
52 6 36
52 7 59
52 8 60
52 9 45
52 10 41
52 11 36
52 12 37
52 13 40
52 14 38
52 15 44
52 16 56
52 17 45
52 18 59
52 19 53
52 20 48
52 21 52
52 22 50
52 23 52
52 24 51
52 25 49
52 26 44
52 27 52
52 28 59
52 29 57
52 30 56
52 31 58
52 32 58
52 33 40
52 34 49
52 35 37
52 36 44
52 37 42
52 38 60
52 39 38
52 40 51
52 41 47
52 42 44
52 43 40
52 44 57
52 45 37
52 46 54
52 47 56
52 48 46
52 49 43
52 50 46
52 51 41
52 52 0
52 53 47
52 54 47
52 55 45
52 56 44
52 57 40
52 58 50
52 59 54
52 60 35
52 61 58
52 62 56
52 63 43
52 64 47
52 65 40
52 66 57
52 67 39
52 68 42
52 69 60
52 70 45
52 71 56
52 72 58
52 73 37
52 74 42
52 75 40
52 76 51
52 77 57
52 78 60
52 79 45
52 80 55
52 81 36
52 82 46
52 83 58
52 84 46
52 85 50
52 86 55
52 87 52
52 88 57
52 89 59
52 90 56
52 91 52
52 92 56
52 93 45
52 94 45
52 95 59
52 96 46
52 97 49
52 98 44
52 99 42
52 100 45
52 101 57
52 102 40
52 103 48
52 104 35
52 105 58
52 106 60
52 107 56
52 108 51
52 109 59
52 110 52
52 111 44
52 112 53
52 113 52
52 114 35
52 115 48
52 116 53
52 117 37
52 118 55
52 119 55
52 120 53
52 121 38
52 122 36
52 123 36
52 124 40
52 125 58
52 126 43
52 127 58
52 128 42
52 129 53
52 130 59
52 131 49
52 132 55
52 133 36
52 134 58
52 135 41
52 136 44
52 137 42
52 138 54
52 139 53
52 140 54
52 141 60
52 142 35
52 143 60
52 144 56
52 145 56
52 146 55
53 1 47
53 2 39
53 3 56
53 4 60
53 5 35
53 6 44
53 7 44
53 8 47
53 9 57
53 10 43
53 11 35
53 12 43
53 13 35
53 14 48
53 15 44
53 16 52
53 17 59
53 18 59
53 19 46
53 20 47
53 21 54
53 22 44
53 23 47
53 24 47
53 25 48
53 26 54
53 27 59
53 28 43
53 29 46
53 30 35
53 31 45
53 32 54
53 33 44
53 34 47
53 35 43
53 36 56
53 37 46
53 38 41
53 39 43
53 40 56
53 41 39
53 42 35
53 43 49
53 44 50
53 45 38
53 46 44
53 47 54
53 48 52
53 49 45
53 50 60
53 51 44
53 52 48
53 53 0
53 54 51
53 55 37
53 56 46
53 57 47
53 58 60
53 59 59
53 60 48
53 61 52
53 62 50
53 63 50
53 64 53
53 65 49
53 66 37
53 67 57
53 68 40
53 69 36
53 70 51
53 71 37
53 72 37
53 73 59
53 74 60
53 75 53
53 76 47
53 77 44
53 78 38
53 79 59
53 80 37
53 81 37
53 82 42
53 83 43
53 84 59
53 85 38
53 86 37
53 87 49
53 88 35
53 89 54
53 90 45
53 91 60
53 92 37
53 93 55
53 94 41
53 95 60
53 96 44
53 97 42
53 98 46
53 99 53
53 100 43
53 101 50
53 102 59
53 103 38
53 104 43
53 105 38
53 106 55
53 107 53
53 108 44
53 109 54
53 110 41
53 111 46
53 112 57
53 113 35
53 114 48
53 115 36
53 116 48
53 117 42
53 118 47
53 119 36
53 120 54
53 121 48
53 122 56
53 123 51
53 124 48
53 125 45
53 126 60
53 127 42
53 128 40
53 129 43
53 130 42
53 131 43
53 132 47
53 133 47
53 134 50
53 135 47
53 136 51
53 137 55
53 138 38
53 139 42
53 140 54
53 141 39
53 142 54
53 143 39
53 144 44
53 145 44
53 146 55
54 1 35
54 2 53
54 3 51
54 4 60
54 5 56
54 6 55
54 7 51
54 8 57
54 9 59
54 10 44
54 11 46
54 12 37
54 13 41
54 14 40
54 15 44
54 16 53
54 17 44
54 18 54
54 19 37
54 20 35
54 21 55
54 22 40
54 23 51
54 24 53
54 25 58
54 26 56
54 27 54
54 28 54
54 29 45
54 30 37
54 31 54
54 32 40
54 33 41
54 34 38
54 35 48
54 36 35
54 37 38
54 38 53
54 39 39
54 40 45
54 41 52
54 42 46
54 43 35
54 44 58
54 45 56
54 46 45
54 47 40
54 48 43
54 49 56
54 50 50
54 51 37
54 52 58
54 53 56
54 54 0
54 55 49
54 56 48
54 57 44
54 58 56
54 59 37
54 60 36
54 61 36
54 62 55
54 63 47
54 64 35
54 65 58
54 66 46
54 67 54
54 68 45
54 69 60
54 70 55
54 71 49
54 72 59
54 73 35
54 74 43
54 75 47
54 76 35
54 77 36
54 78 41
54 79 47
54 80 42
54 81 52
54 82 35
54 83 59
54 84 58
54 85 37
54 86 37
54 87 57
54 88 40
54 89 57
54 90 60
54 91 57
54 92 57
54 93 42
54 94 46
54 95 44
54 96 47
54 97 41
54 98 36
54 99 57
54 100 56
54 101 53
54 102 53
54 103 56
54 104 35
54 105 39
54 106 55
54 107 44
54 108 36
54 109 53
54 110 38
54 111 40
54 112 58
54 113 50
54 114 50
54 115 59
54 116 37
54 117 51
54 118 45
54 119 56
54 120 49
54 121 59
54 122 42
54 123 60
54 124 36
54 125 58
54 126 45
54 127 48
54 128 38
54 129 47
54 130 37
54 131 39
54 132 45
54 133 53
54 134 39
54 135 45
54 136 47
54 137 38
54 138 55
54 139 52
54 140 50
54 141 58
54 142 48
54 143 58
54 144 57
54 145 48
54 146 51
55 1 52
55 2 41
55 3 40
55 4 56
55 5 55
55 6 49
55 7 36
55 8 38
55 9 45
55 10 59
55 11 48
55 12 53
55 13 40
55 14 60
55 15 46
55 16 40
55 17 49
55 18 50
55 19 48
55 20 48
55 21 44
55 22 43
55 23 40
55 24 38
55 25 45
55 26 60
55 27 54
55 28 42
55 29 41
55 30 53
55 31 37
55 32 49
55 33 53
55 34 36
55 35 45
55 36 60
55 37 44
55 38 54
55 39 60
55 40 44
55 41 58
55 42 59
55 43 47
55 44 55
55 45 47
55 46 45
55 47 52
55 48 55
55 49 51
55 50 42
55 51 36
55 52 49
55 53 47
55 54 60
55 55 0
55 56 58
55 57 54
55 58 56
55 59 50
55 60 38
55 61 44
55 62 52
55 63 38
55 64 40
55 65 52
55 66 50
55 67 50
55 68 55
55 69 53
55 70 37
55 71 42
55 72 58
55 73 54
55 74 38
55 75 42
55 76 59
55 77 58
55 78 55
55 79 47
55 80 37
55 81 52
55 82 47
55 83 56
55 84 38
55 85 59
55 86 36
55 87 44
55 88 36
55 89 53
55 90 57
55 91 38
55 92 50
55 93 57
55 94 56
55 95 54
55 96 46
55 97 39
55 98 35
55 99 50
55 100 38
55 101 45
55 102 45
55 103 36
55 104 53
55 105 56
55 106 40
55 107 55
55 108 57
55 109 37
55 110 43
55 111 35
55 112 40
55 113 41
55 114 57
55 115 52
55 116 55
55 117 56
55 118 41
55 119 58
55 120 50
55 121 51
55 122 54
55 123 40
55 124 57
55 125 49
55 126 49
55 127 37
55 128 38
55 129 58
55 130 35
55 131 45
55 132 49
55 133 49
55 134 57
55 135 46
55 136 35
55 137 46
55 138 36
55 139 37
55 140 53
55 141 60
55 142 49
55 143 42
55 144 45
55 145 55
55 146 50
56 1 37
56 2 55
56 3 37
56 4 55
56 5 41
56 6 43
56 7 53
56 8 46
56 9 44
56 10 39
56 11 47
56 12 40
56 13 55
56 14 52
56 15 40
56 16 39
56 17 46
56 18 55
56 19 54
56 20 43
56 21 42
56 22 40
56 23 57
56 24 48
56 25 56
56 26 37
56 27 45
56 28 53
56 29 35
56 30 43
56 31 35
56 32 41
56 33 43
56 34 50
56 35 38
56 36 51
56 37 35
56 38 58
56 39 51
56 40 50
56 41 42
56 42 55
56 43 38
56 44 47
56 45 52
56 46 56
56 47 37
56 48 43
56 49 48
56 50 49
56 51 46
56 52 38
56 53 53
56 54 43
56 55 50
56 56 0
56 57 38
56 58 55
56 59 48
56 60 48
56 61 56
56 62 51
56 63 60
56 64 48
56 65 43
56 66 40
56 67 57
56 68 40
56 69 60
56 70 37
56 71 38
56 72 51
56 73 37
56 74 39
56 75 54
56 76 46
56 77 56
56 78 35
56 79 36
56 80 41
56 81 46
56 82 48
56 83 51
56 84 48
56 85 51
56 86 44
56 87 59
56 88 54
56 89 58
56 90 60
56 91 58
56 92 50
56 93 51
56 94 59
56 95 53
56 96 57
56 97 59
56 98 59
56 99 46
56 100 48
56 101 45
56 102 42
56 103 58
56 104 36
56 105 47
56 106 52
56 107 38
56 108 46
56 109 37
56 110 41
56 111 57
56 112 39
56 113 41
56 114 45
56 115 36
56 116 39
56 117 46
56 118 38
56 119 46
56 120 47
56 121 57
56 122 44
56 123 38
56 124 52
56 125 58
56 126 47
56 127 54
56 128 39
56 129 58
56 130 38
56 131 39
56 132 40
56 133 39
56 134 37
56 135 39
56 136 35
56 137 42
56 138 50
56 139 42
56 140 40
56 141 51
56 142 51
56 143 43
56 144 51
56 145 59
56 146 50
57 1 56
57 2 45
57 3 49
57 4 51
57 5 55
57 6 52
57 7 58
57 8 41
57 9 47
57 10 50
57 11 39
57 12 59
57 13 50
57 14 59
57 15 43
57 16 38
57 17 45
57 18 59
57 19 43
57 20 36
57 21 35
57 22 43
57 23 53
57 24 57
57 25 40
57 26 40
57 27 49
57 28 48
57 29 60
57 30 35
57 31 49
57 32 49
57 33 45
57 34 37
57 35 52
57 36 55
57 37 51
57 38 49
57 39 45
57 40 44
57 41 49
57 42 50
57 43 49
57 44 60
57 45 59
57 46 40
57 47 52
57 48 56
57 49 42
57 50 42
57 51 39
57 52 55
57 53 42
57 54 44
57 55 43
57 56 41
57 57 0
57 58 57
57 59 52
57 60 38
57 61 58
57 62 40
57 63 43
57 64 56
57 65 40
57 66 36
57 67 45
57 68 54
57 69 35
57 70 39
57 71 41
57 72 37
57 73 38
57 74 46
57 75 52
57 76 52
57 77 51
57 78 55
57 79 41
57 80 46
57 81 46
57 82 48
57 83 54
57 84 36
57 85 55
57 86 36
57 87 40
57 88 46
57 89 43
57 90 48
57 91 48
57 92 45
57 93 39
57 94 58
57 95 35
57 96 40
57 97 44
57 98 60
57 99 44
57 100 57
57 101 46
57 102 60
57 103 50
57 104 53
57 105 48
57 106 47
57 107 37
57 108 56
57 109 50
57 110 51
57 111 43
57 112 59
57 113 55
57 114 55
57 115 47
57 116 35
57 117 44
57 118 37
57 119 53
57 120 41
57 121 44
57 122 52
57 123 35
57 124 36
57 125 48
57 126 41
57 127 54
57 128 45
57 129 36
57 130 60
57 131 50
57 132 43
57 133 58
57 134 45
57 135 54
57 136 53
57 137 43
57 138 52
57 139 40
57 140 35
57 141 47
57 142 37
57 143 37
57 144 58
57 145 56
57 146 46
58 1 41
58 2 56
58 3 40
58 4 37
58 5 40
58 6 38
58 7 58
58 8 38
58 9 38
58 10 59
58 11 37
58 12 58
58 13 54
58 14 40
58 15 55
58 16 53
58 17 44
58 18 53
58 19 59
58 20 42
58 21 38
58 22 41
58 23 51
58 24 52
58 25 42
58 26 49
58 27 53
58 28 38
58 29 40
58 30 49
58 31 58
58 32 50
58 33 43
58 34 59
58 35 44
58 36 37
58 37 37
58 38 53
58 39 38
58 40 50
58 41 52
58 42 45
58 43 40
58 44 50
58 45 60
58 46 46
58 47 43
58 48 50
58 49 59
58 50 37
58 51 48
58 52 54
58 53 46
58 54 52
58 55 39
58 56 51
58 57 44
58 58 0
58 59 43
58 60 51
58 61 41
58 62 36
58 63 47
58 64 55
58 65 53
58 66 57
58 67 52
58 68 50
58 69 43
58 70 54
58 71 38
58 72 43
58 73 54
58 74 41
58 75 59
58 76 57
58 77 45
58 78 43
58 79 43
58 80 60
58 81 52
58 82 36
58 83 38
58 84 40
58 85 57
58 86 58
58 87 58
58 88 41
58 89 45
58 90 52
58 91 41
58 92 49
58 93 40
58 94 40
58 95 40
58 96 57
58 97 39
58 98 45
58 99 43
58 100 38
58 101 35
58 102 36
58 103 39
58 104 54
58 105 36
58 106 58
58 107 51
58 108 49
58 109 50
58 110 53
58 111 42
58 112 43
58 113 44
58 114 37
58 115 56
58 116 56
58 117 45
58 118 35
58 119 52
58 120 38
58 121 55
58 122 40
58 123 42
58 124 51
58 125 55
58 126 38
58 127 59
58 128 42
58 129 43
58 130 43
58 131 42
58 132 55
58 133 40
58 134 54
58 135 50
58 136 56
58 137 58
58 138 39
58 139 45
58 140 50
58 141 36
58 142 36
58 143 56
58 144 60
58 145 47
58 146 47
59 1 50
59 2 40
59 3 51
59 4 58
59 5 47
59 6 42
59 7 39
59 8 39
59 9 44
59 10 52
59 11 40
59 12 53
59 13 51
59 14 42
59 15 51
59 16 44
59 17 47
59 18 37
59 19 54
59 20 51
59 21 46
59 22 35
59 23 46
59 24 57
59 25 59
59 26 53
59 27 42
59 28 45
59 29 48
59 30 46
59 31 40
59 32 35
59 33 43
59 34 58
59 35 57
59 36 42
59 37 58
59 38 40
59 39 49
59 40 57
59 41 55
59 42 41
59 43 47
59 44 49
59 45 48
59 46 35
59 47 36
59 48 41
59 49 41
59 50 49
59 51 44
59 52 50
59 53 55
59 54 55
59 55 54
59 56 52
59 57 44
59 58 39
59 59 0
59 60 50
59 61 51
59 62 43
59 63 42
59 64 50
59 65 56
59 66 37
59 67 44
59 68 45
59 69 45
59 70 42
59 71 37
59 72 60
59 73 42
59 74 36
59 75 57
59 76 42
59 77 43
59 78 42
59 79 36
59 80 50
59 81 47
59 82 50
59 83 59
59 84 36
59 85 36
59 86 42
59 87 53
59 88 48
59 89 57
59 90 51
59 91 45
59 92 35
59 93 47
59 94 45
59 95 55
59 96 41
59 97 47
59 98 54
59 99 49
59 100 50
59 101 53
59 102 44
59 103 49
59 104 43
59 105 40
59 106 40
59 107 38
59 108 47
59 109 43
59 110 51
59 111 59
59 112 54
59 113 53
59 114 37
59 115 37
59 116 35
59 117 44
59 118 50
59 119 53
59 120 48
59 121 54
59 122 48
59 123 39
59 124 50
59 125 42
59 126 46
59 127 42
59 128 47
59 129 52
59 130 39
59 131 59
59 132 47
59 133 40
59 134 60
59 135 37
59 136 39
59 137 52
59 138 46
59 139 49
59 140 43
59 141 55
59 142 48
59 143 39
59 144 46
59 145 48
59 146 42
60 1 40
60 2 37
60 3 51
60 4 40
60 5 47
60 6 50
60 7 44
60 8 59
60 9 43
60 10 45
60 11 36
60 12 48
60 13 36
60 14 39
60 15 35
60 16 55
60 17 56
60 18 46
60 19 40
60 20 52
60 21 41
60 22 41
60 23 49
60 24 38
60 25 43
60 26 60
60 27 51
60 28 41
60 29 50
60 30 56
60 31 48
60 32 52
60 33 45
60 34 41
60 35 60
60 36 35
60 37 54
60 38 53
60 39 51
60 40 52
60 41 58
60 42 45
60 43 49
60 44 37
60 45 49
60 46 35
60 47 55
60 48 35
60 49 49
60 50 51
60 51 51
60 52 47
60 53 36
60 54 59
60 55 44
60 56 53
60 57 58
60 58 54
60 59 59
60 60 0
60 61 38
60 62 53
60 63 54
60 64 43
60 65 47
60 66 39
60 67 58
60 68 46
60 69 52
60 70 50
60 71 48
60 72 49
60 73 52
60 74 56
60 75 45
60 76 43
60 77 48
60 78 49
60 79 52
60 80 40
60 81 51
60 82 59
60 83 42
60 84 38
60 85 49
60 86 58
60 87 56
60 88 50
60 89 39
60 90 50
60 91 49
60 92 48
60 93 48
60 94 54
60 95 36
60 96 45
60 97 56
60 98 56
60 99 59
60 100 39
60 101 47
60 102 42
60 103 47
60 104 54
60 105 43
60 106 56
60 107 36
60 108 38
60 109 45
60 110 43
60 111 49
60 112 59
60 113 50
60 114 40
60 115 36
60 116 53
60 117 48
60 118 38
60 119 55
60 120 60
60 121 49
60 122 55
60 123 36
60 124 53
60 125 52
60 126 42
60 127 39
60 128 60
60 129 47
60 130 57
60 131 42
60 132 39
60 133 60
60 134 59
60 135 52
60 136 51
60 137 37
60 138 39
60 139 53
60 140 57
60 141 59
60 142 36
60 143 47
60 144 56
60 145 37
60 146 49
61 1 36
61 2 41
61 3 37
61 4 36
61 5 59
61 6 42
61 7 37
61 8 44
61 9 56
61 10 57
61 11 41
61 12 55
61 13 56
61 14 57
61 15 41
61 16 51
61 17 43
61 18 42
61 19 44
61 20 42
61 21 49
61 22 36
61 23 50
61 24 55
61 25 39
61 26 47
61 27 45
61 28 53
61 29 35
61 30 50
61 31 60
61 32 43
61 33 35
61 34 51
61 35 39
61 36 50
61 37 39
61 38 39
61 39 60
61 40 43
61 41 59
61 42 47
61 43 39
61 44 57
61 45 60
61 46 42
61 47 42
61 48 60
61 49 60
61 50 56
61 51 56
61 52 54
61 53 37
61 54 60
61 55 56
61 56 57
61 57 35
61 58 51
61 59 36
61 60 46
61 61 0
61 62 38
61 63 53
61 64 35
61 65 51
61 66 59
61 67 37
61 68 39
61 69 39
61 70 45
61 71 56
61 72 51
61 73 41
61 74 48
61 75 43
61 76 39
61 77 57
61 78 55
61 79 39
61 80 54
61 81 54
61 82 59
61 83 58
61 84 47
61 85 35
61 86 35
61 87 43
61 88 59
61 89 47
61 90 46
61 91 35
61 92 56
61 93 47
61 94 48
61 95 53
61 96 59
61 97 47
61 98 50
61 99 37
61 100 56
61 101 58
61 102 59
61 103 35
61 104 41
61 105 57
61 106 39
61 107 54
61 108 45
61 109 54
61 110 39
61 111 40
61 112 50
61 113 51
61 114 40
61 115 43
61 116 36
61 117 35
61 118 51
61 119 54
61 120 44
61 121 54
61 122 55
61 123 46
61 124 55
61 125 41
61 126 49
61 127 40
61 128 53
61 129 47
61 130 37
61 131 45
61 132 48
61 133 50
61 134 39
61 135 36
61 136 41
61 137 35
61 138 53
61 139 57
61 140 46
61 141 36
61 142 48
61 143 35
61 144 56
61 145 36
61 146 40
62 1 49
62 2 51
62 3 51
62 4 51
62 5 56
62 6 47
62 7 38
62 8 55
62 9 54
62 10 46
62 11 41
62 12 52
62 13 42
62 14 53
62 15 58
62 16 56
62 17 58
62 18 39
62 19 56
62 20 55
62 21 54
62 22 50
62 23 49
62 24 45
62 25 54
62 26 59
62 27 41
62 28 37
62 29 39
62 30 45
62 31 43
62 32 57
62 33 55
62 34 59
62 35 45
62 36 45
62 37 56
62 38 40
62 39 47
62 40 58
62 41 53
62 42 58
62 43 37
62 44 43
62 45 36
62 46 39
62 47 52
62 48 54
62 49 41
62 50 55
62 51 49
62 52 37
62 53 35
62 54 50
62 55 56
62 56 49
62 57 56
62 58 60
62 59 38
62 60 54
62 61 38
62 62 0
62 63 54
62 64 47
62 65 59
62 66 56
62 67 60
62 68 38
62 69 52
62 70 35
62 71 37
62 72 60
62 73 60
62 74 47
62 75 55
62 76 37
62 77 37
62 78 52
62 79 57
62 80 57
62 81 59
62 82 47
62 83 50
62 84 42
62 85 58
62 86 38
62 87 39
62 88 52
62 89 36
62 90 47
62 91 60
62 92 47
62 93 36
62 94 43
62 95 50
62 96 60
62 97 45
62 98 37
62 99 57
62 100 37
62 101 55
62 102 45
62 103 37
62 104 44
62 105 35
62 106 51
62 107 56
62 108 40
62 109 60
62 110 36
62 111 41
62 112 50
62 113 46
62 114 56
62 115 48
62 116 38
62 117 50
62 118 40
62 119 50
62 120 49
62 121 59
62 122 56
62 123 35
62 124 48
62 125 36
62 126 35
62 127 40
62 128 37
62 129 46
62 130 45
62 131 38
62 132 60
62 133 50
62 134 53
62 135 40
62 136 45
62 137 47
62 138 58
62 139 44
62 140 50
62 141 57
62 142 44
62 143 55
62 144 42
62 145 43
62 146 57
63 1 42
63 2 60
63 3 49
63 4 52
63 5 41
63 6 43
63 7 35
63 8 48
63 9 47
63 10 47
63 11 45
63 12 47
63 13 57
63 14 38
63 15 45
63 16 57
63 17 53
63 18 42
63 19 59
63 20 57
63 21 55
63 22 52
63 23 42
63 24 35
63 25 44
63 26 46
63 27 42
63 28 43
63 29 44
63 30 55
63 31 47
63 32 46
63 33 48
63 34 41
63 35 39
63 36 37
63 37 53
63 38 51
63 39 60
63 40 45
63 41 45
63 42 54
63 43 36
63 44 53
63 45 54
63 46 59
63 47 36
63 48 41
63 49 41
63 50 39
63 51 57
63 52 51
63 53 38
63 54 36
63 55 60
63 56 59
63 57 56
63 58 51
63 59 39
63 60 56
63 61 50
63 62 37
63 63 0
63 64 50
63 65 35
63 66 42
63 67 36
63 68 52
63 69 42
63 70 60
63 71 55
63 72 41
63 73 60
63 74 40
63 75 54
63 76 60
63 77 58
63 78 43
63 79 51
63 80 59
63 81 50
63 82 36
63 83 44
63 84 51
63 85 47
63 86 36
63 87 50
63 88 37
63 89 39
63 90 38
63 91 51
63 92 45
63 93 42
63 94 48
63 95 45
63 96 49
63 97 46
63 98 47
63 99 49
63 100 44
63 101 37
63 102 37
63 103 44
63 104 39
63 105 54
63 106 45
63 107 47
63 108 51
63 109 53
63 110 58
63 111 55
63 112 55
63 113 39
63 114 52
63 115 35
63 116 41
63 117 38
63 118 38
63 119 42
63 120 55
63 121 53
63 122 54
63 123 56
63 124 35
63 125 56
63 126 36
63 127 43
63 128 44
63 129 52
63 130 44
63 131 53
63 132 51
63 133 60
63 134 58
63 135 50
63 136 46
63 137 43
63 138 56
63 139 35
63 140 58
63 141 42
63 142 48
63 143 36
63 144 50
63 145 36
63 146 54
64 1 50
64 2 52
64 3 52
64 4 41
64 5 51
64 6 35
64 7 39
64 8 55
64 9 43
64 10 48
64 11 47
64 12 50
64 13 39
64 14 39
64 15 37
64 16 38
64 17 53
64 18 35
64 19 36
64 20 48
64 21 43
64 22 51
64 23 52
64 24 41
64 25 47
64 26 46
64 27 38
64 28 42
64 29 46
64 30 40
64 31 47
64 32 40
64 33 50
64 34 54
64 35 58
64 36 36
64 37 43
64 38 48
64 39 57
64 40 46
64 41 55
64 42 41
64 43 43
64 44 35
64 45 51
64 46 58
64 47 39
64 48 51
64 49 57
64 50 47
64 51 38
64 52 59
64 53 38
64 54 55
64 55 55
64 56 36
64 57 41
64 58 47
64 59 58
64 60 37
64 61 51
64 62 54
64 63 55
64 64 0
64 65 39
64 66 39
64 67 38
64 68 51
64 69 46
64 70 55
64 71 38
64 72 37
64 73 41
64 74 38
64 75 40
64 76 60
64 77 35
64 78 40
64 79 46
64 80 60
64 81 44
64 82 54
64 83 40
64 84 59
64 85 41
64 86 55
64 87 35
64 88 53
64 89 42
64 90 45
64 91 38
64 92 56
64 93 49
64 94 56
64 95 36
64 96 47
64 97 41
64 98 50
64 99 39
64 100 46
64 101 48
64 102 47
64 103 48
64 104 55
64 105 53
64 106 55
64 107 41
64 108 57
64 109 60
64 110 60
64 111 46
64 112 53
64 113 38
64 114 57
64 115 40
64 116 60
64 117 49
64 118 47
64 119 48
64 120 60
64 121 55
64 122 53
64 123 55
64 124 46
64 125 49
64 126 48
64 127 58
64 128 60
64 129 39
64 130 45
64 131 46
64 132 50
64 133 38
64 134 47
64 135 58
64 136 52
64 137 36
64 138 46
64 139 47
64 140 45
64 141 60
64 142 52
64 143 56
64 144 47
64 145 41
64 146 50
65 1 53
65 2 46
65 3 59
65 4 40
65 5 36
65 6 59
65 7 45
65 8 46
65 9 47
65 10 49
65 11 48
65 12 42
65 13 56
65 14 44
65 15 36
65 16 48
65 17 48
65 18 42
65 19 49
65 20 43
65 21 35
65 22 54
65 23 39
65 24 55
65 25 55
65 26 51
65 27 52
65 28 52
65 29 37
65 30 46
65 31 41
65 32 59
65 33 59
65 34 53
65 35 59
65 36 35
65 37 37
65 38 38
65 39 56
65 40 48
65 41 40
65 42 48
65 43 37
65 44 42
65 45 48
65 46 54
65 47 57
65 48 37
65 49 44
65 50 45
65 51 36
65 52 59
65 53 48
65 54 57
65 55 42
65 56 39
65 57 37
65 58 58
65 59 57
65 60 52
65 61 57
65 62 44
65 63 44
65 64 56
65 65 0
65 66 57
65 67 47
65 68 46
65 69 38
65 70 51
65 71 52
65 72 37
65 73 60
65 74 52
65 75 55
65 76 48
65 77 55
65 78 49
65 79 42
65 80 51
65 81 40
65 82 42
65 83 55
65 84 35
65 85 55
65 86 51
65 87 53
65 88 49
65 89 40
65 90 49
65 91 45
65 92 38
65 93 45
65 94 52
65 95 40
65 96 56
65 97 52
65 98 55
65 99 51
65 100 46
65 101 60
65 102 42
65 103 46
65 104 59
65 105 53
65 106 51
65 107 46
65 108 52
65 109 47
65 110 35
65 111 43
65 112 47
65 113 46
65 114 54
65 115 38
65 116 47
65 117 49
65 118 55
65 119 43
65 120 37
65 121 59
65 122 52
65 123 40
65 124 46
65 125 53
65 126 57
65 127 35
65 128 60
65 129 57
65 130 51
65 131 50
65 132 57
65 133 46
65 134 39
65 135 41
65 136 44
65 137 39
65 138 57
65 139 52
65 140 38
65 141 41
65 142 50
65 143 46
65 144 54
65 145 41
65 146 59
66 1 40
66 2 49
66 3 42
66 4 48
66 5 45
66 6 44
66 7 49
66 8 41
66 9 50
66 10 53
66 11 35
66 12 46
66 13 54
66 14 54
66 15 48
66 16 49
66 17 42
66 18 59
66 19 51
66 20 52
66 21 59
66 22 44
66 23 58
66 24 36
66 25 58
66 26 39
66 27 41
66 28 59
66 29 42
66 30 35
66 31 47
66 32 56
66 33 40
66 34 43
66 35 52
66 36 44
66 37 36
66 38 55
66 39 39
66 40 53
66 41 38
66 42 55
66 43 52
66 44 60
66 45 36
66 46 36
66 47 35
66 48 36
66 49 51
66 50 44
66 51 36
66 52 60
66 53 54
66 54 59
66 55 39
66 56 40
66 57 45
66 58 47
66 59 47
66 60 43
66 61 60
66 62 35
66 63 46
66 64 35
66 65 44
66 66 0
66 67 45
66 68 44
66 69 60
66 70 49
66 71 51
66 72 36
66 73 41
66 74 46
66 75 55
66 76 35
66 77 46
66 78 37
66 79 44
66 80 40
66 81 49
66 82 44
66 83 56
66 84 50
66 85 35
66 86 50
66 87 60
66 88 41
66 89 50
66 90 47
66 91 54
66 92 51
66 93 41
66 94 48
66 95 57
66 96 49
66 97 46
66 98 60
66 99 38
66 100 38
66 101 53
66 102 48
66 103 44
66 104 58
66 105 59
66 106 36
66 107 41
66 108 41
66 109 43
66 110 59
66 111 38
66 112 35
66 113 47
66 114 44
66 115 39
66 116 41
66 117 58
66 118 40
66 119 57
66 120 46
66 121 45
66 122 53
66 123 47
66 124 43
66 125 50
66 126 38
66 127 49
66 128 49
66 129 38
66 130 60
66 131 46
66 132 53
66 133 44
66 134 49
66 135 55
66 136 37
66 137 35
66 138 41
66 139 45
66 140 57
66 141 43
66 142 48
66 143 57
66 144 57
66 145 48
66 146 45
67 1 45
67 2 46
67 3 47
67 4 49
67 5 44
67 6 59
67 7 58
67 8 50
67 9 35
67 10 51
67 11 45
67 12 57
67 13 49
67 14 37
67 15 58
67 16 47
67 17 42
67 18 54
67 19 43
67 20 43
67 21 56
67 22 46
67 23 47
67 24 55
67 25 49
67 26 56
67 27 35
67 28 47
67 29 38
67 30 44
67 31 44
67 32 60
67 33 40
67 34 58
67 35 52
67 36 57
67 37 58
67 38 44
67 39 44
67 40 56
67 41 54
67 42 48
67 43 59
67 44 44
67 45 47
67 46 45
67 47 49
67 48 46
67 49 54
67 50 54
67 51 47
67 52 49
67 53 58
67 54 36
67 55 42
67 56 47
67 57 44
67 58 36
67 59 52
67 60 47
67 61 39
67 62 36
67 63 53
67 64 58
67 65 52
67 66 50
67 67 0
67 68 51
67 69 48
67 70 45
67 71 43
67 72 37
67 73 48
67 74 53
67 75 35
67 76 60
67 77 54
67 78 40
67 79 41
67 80 47
67 81 54
67 82 55
67 83 45
67 84 48
67 85 51
67 86 47
67 87 46
67 88 45
67 89 45
67 90 49
67 91 47
67 92 46
67 93 44
67 94 35
67 95 42
67 96 53
67 97 51
67 98 44
67 99 52
67 100 56
67 101 54
67 102 58
67 103 35
67 104 41
67 105 60
67 106 47
67 107 60
67 108 52
67 109 60
67 110 41
67 111 42
67 112 35
67 113 41
67 114 59
67 115 44
67 116 57
67 117 47
67 118 50
67 119 42
67 120 40
67 121 46
67 122 51
67 123 52
67 124 37
67 125 45
67 126 38
67 127 38
67 128 42
67 129 36
67 130 59
67 131 36
67 132 42
67 133 59
67 134 39
67 135 57
67 136 53
67 137 52
67 138 50
67 139 51
67 140 54
67 141 52
67 142 55
67 143 52
67 144 45
67 145 36
67 146 36
68 1 58
68 2 57
68 3 49
68 4 42
68 5 48
68 6 47
68 7 47
68 8 37
68 9 54
68 10 43
68 11 55
68 12 57
68 13 46
68 14 54
68 15 36
68 16 45
68 17 35
68 18 60
68 19 45
68 20 43
68 21 47
68 22 56
68 23 57
68 24 41
68 25 43
68 26 37
68 27 47
68 28 54
68 29 50
68 30 43
68 31 50
68 32 37
68 33 57
68 34 59
68 35 60
68 36 59
68 37 40
68 38 50
68 39 35
68 40 52
68 41 55
68 42 37
68 43 43
68 44 45
68 45 44
68 46 46
68 47 55
68 48 55
68 49 58
68 50 56
68 51 40
68 52 49
68 53 47
68 54 58
68 55 36
68 56 52
68 57 41
68 58 39
68 59 46
68 60 53
68 61 56
68 62 59
68 63 35
68 64 41
68 65 60
68 66 52
68 67 51
68 68 0
68 69 54
68 70 49
68 71 36
68 72 35
68 73 48
68 74 38
68 75 46
68 76 47
68 77 58
68 78 48
68 79 36
68 80 42
68 81 59
68 82 42
68 83 54
68 84 59
68 85 50
68 86 50
68 87 59
68 88 54
68 89 50
68 90 60
68 91 50
68 92 59
68 93 44
68 94 39
68 95 39
68 96 46
68 97 58
68 98 43
68 99 57
68 100 47
68 101 54
68 102 48
68 103 58
68 104 41
68 105 42
68 106 49
68 107 38
68 108 48
68 109 43
68 110 54
68 111 59
68 112 52
68 113 39
68 114 59
68 115 47
68 116 49
68 117 39
68 118 49
68 119 60
68 120 37
68 121 59
68 122 36
68 123 43
68 124 36
68 125 45
68 126 49
68 127 49
68 128 50
68 129 53
68 130 46
68 131 49
68 132 37
68 133 49
68 134 53
68 135 57
68 136 38
68 137 45
68 138 50
68 139 58
68 140 52
68 141 59
68 142 35
68 143 44
68 144 54
68 145 56
68 146 37
69 1 54
69 2 38
69 3 55
69 4 38
69 5 37
69 6 59
69 7 43
69 8 57
69 9 45
69 10 35
69 11 36
69 12 52
69 13 58
69 14 40
69 15 50
69 16 47
69 17 53
69 18 38
69 19 43
69 20 51
69 21 46
69 22 58
69 23 52
69 24 40
69 25 38
69 26 52
69 27 41
69 28 39
69 29 47
69 30 40
69 31 51
69 32 45
69 33 57
69 34 56
69 35 47
69 36 37
69 37 56
69 38 38
69 39 43
69 40 40
69 41 47
69 42 48
69 43 41
69 44 49
69 45 37
69 46 39
69 47 42
69 48 42
69 49 55
69 50 37
69 51 58
69 52 55
69 53 44
69 54 38
69 55 52
69 56 42
69 57 52
69 58 45
69 59 41
69 60 60
69 61 39
69 62 52
69 63 60
69 64 54
69 65 40
69 66 36
69 67 41
69 68 45
69 69 0
69 70 49
69 71 46
69 72 42
69 73 53
69 74 39
69 75 37
69 76 52
69 77 42
69 78 44
69 79 35
69 80 59
69 81 54
69 82 47
69 83 44
69 84 58
69 85 49
69 86 43
69 87 55
69 88 46
69 89 53
69 90 53
69 91 38
69 92 43
69 93 38
69 94 49
69 95 46
69 96 40
69 97 39
69 98 37
69 99 48
69 100 49
69 101 55
69 102 36
69 103 53
69 104 36
69 105 35
69 106 49
69 107 59
69 108 51
69 109 39
69 110 57
69 111 35
69 112 46
69 113 55
69 114 35
69 115 37
69 116 45
69 117 49
69 118 54
69 119 41
69 120 41
69 121 56
69 122 48
69 123 42
69 124 47
69 125 54
69 126 48
69 127 46
69 128 51
69 129 47
69 130 47
69 131 52
69 132 47
69 133 60
69 134 57
69 135 45
69 136 53
69 137 60
69 138 40
69 139 40
69 140 36
69 141 48
69 142 55
69 143 46
69 144 41
69 145 52
69 146 60
70 1 55
70 2 58
70 3 49
70 4 56
70 5 53
70 6 49
70 7 49
70 8 60
70 9 38
70 10 42
70 11 55
70 12 55
70 13 58
70 14 60
70 15 46
70 16 60
70 17 52
70 18 36
70 19 36
70 20 53
70 21 52
70 22 46
70 23 54
70 24 51
70 25 38
70 26 42
70 27 40
70 28 41
70 29 54
70 30 52
70 31 54
70 32 52
70 33 55
70 34 57
70 35 49
70 36 60
70 37 41
70 38 36
70 39 43
70 40 44
70 41 57
70 42 48
70 43 44
70 44 43
70 45 39
70 46 40
70 47 57
70 48 55
70 49 42
70 50 53
70 51 46
70 52 46
70 53 35
70 54 45
70 55 45
70 56 42
70 57 60
70 58 35
70 59 56
70 60 58
70 61 37
70 62 38
70 63 51
70 64 56
70 65 50
70 66 51
70 67 36
70 68 55
70 69 54
70 70 0
70 71 47
70 72 59
70 73 59
70 74 41
70 75 50
70 76 44
70 77 37
70 78 36
70 79 57
70 80 35
70 81 53
70 82 52
70 83 58
70 84 37
70 85 42
70 86 37
70 87 39
70 88 52
70 89 60
70 90 35
70 91 37
70 92 50
70 93 45
70 94 41
70 95 36
70 96 46
70 97 53
70 98 45
70 99 60
70 100 56
70 101 45
70 102 57
70 103 51
70 104 49
70 105 52
70 106 53
70 107 49
70 108 45
70 109 49
70 110 58
70 111 53
70 112 49
70 113 56
70 114 56
70 115 48
70 116 41
70 117 43
70 118 45
70 119 54
70 120 37
70 121 52
70 122 42
70 123 55
70 124 56
70 125 45
70 126 40
70 127 49
70 128 43
70 129 48
70 130 42
70 131 42
70 132 35
70 133 47
70 134 45
70 135 44
70 136 36
70 137 45
70 138 40
70 139 48
70 140 41
70 141 56
70 142 51
70 143 59
70 144 53
70 145 57
70 146 46
71 1 56
71 2 45
71 3 51
71 4 59
71 5 45
71 6 60
71 7 46
71 8 45
71 9 38
71 10 53
71 11 38
71 12 55
71 13 55
71 14 40
71 15 46
71 16 38
71 17 51
71 18 47
71 19 60
71 20 47
71 21 44
71 22 57
71 23 40
71 24 36
71 25 47
71 26 50
71 27 44
71 28 35
71 29 51
71 30 55
71 31 44
71 32 41
71 33 60
71 34 39
71 35 59
71 36 60
71 37 44
71 38 50
71 39 55
71 40 55
71 41 51
71 42 53
71 43 44
71 44 43
71 45 55
71 46 41
71 47 40
71 48 57
71 49 58
71 50 60
71 51 46
71 52 42
71 53 41
71 54 45
71 55 37
71 56 36
71 57 52
71 58 60
71 59 36
71 60 57
71 61 43
71 62 37
71 63 43
71 64 57
71 65 44
71 66 50
71 67 40
71 68 56
71 69 41
71 70 50
71 71 0
71 72 38
71 73 36
71 74 52
71 75 58
71 76 57
71 77 60
71 78 38
71 79 56
71 80 46
71 81 42
71 82 36
71 83 44
71 84 47
71 85 49
71 86 39
71 87 60
71 88 45
71 89 58
71 90 40
71 91 60
71 92 53
71 93 40
71 94 60
71 95 36
71 96 55
71 97 51
71 98 43
71 99 47
71 100 42
71 101 40
71 102 38
71 103 47
71 104 54
71 105 41
71 106 51
71 107 41
71 108 39
71 109 60
71 110 43
71 111 39
71 112 42
71 113 60
71 114 55
71 115 44
71 116 47
71 117 37
71 118 55
71 119 56
71 120 52
71 121 47
71 122 55
71 123 54
71 124 57
71 125 35
71 126 47
71 127 46
71 128 51
71 129 38
71 130 55
71 131 59
71 132 53
71 133 43
71 134 41
71 135 50
71 136 56
71 137 49
71 138 51
71 139 52
71 140 38
71 141 59
71 142 45
71 143 60
71 144 47
71 145 35
71 146 38
72 1 56
72 2 48
72 3 48
72 4 56
72 5 50
72 6 46
72 7 45
72 8 45
72 9 45
72 10 41
72 11 49
72 12 60
72 13 58
72 14 43
72 15 45
72 16 55
72 17 55
72 18 57
72 19 40
72 20 42
72 21 50
72 22 46
72 23 38
72 24 52
72 25 53
72 26 49
72 27 47
72 28 43
72 29 56
72 30 60
72 31 56
72 32 51
72 33 56
72 34 39
72 35 49
72 36 40
72 37 38
72 38 44
72 39 55
72 40 38
72 41 47
72 42 53
72 43 42
72 44 54
72 45 46
72 46 55
72 47 36
72 48 40
72 49 55
72 50 53
72 51 41
72 52 38
72 53 47
72 54 39
72 55 37
72 56 48
72 57 46
72 58 38
72 59 46
72 60 53
72 61 59
72 62 49
72 63 49
72 64 59
72 65 56
72 66 60
72 67 38
72 68 45
72 69 42
72 70 40
72 71 47
72 72 0
72 73 57
72 74 42
72 75 57
72 76 60
72 77 36
72 78 40
72 79 40
72 80 47
72 81 50
72 82 59
72 83 52
72 84 41
72 85 50
72 86 40
72 87 39
72 88 46
72 89 44
72 90 54
72 91 38
72 92 36
72 93 41
72 94 59
72 95 46
72 96 37
72 97 40
72 98 51
72 99 60
72 100 43
72 101 50
72 102 39
72 103 52
72 104 55
72 105 50
72 106 50
72 107 49
72 108 59
72 109 37
72 110 49
72 111 54
72 112 57
72 113 49
72 114 56
72 115 52
72 116 37
72 117 40
72 118 51
72 119 58
72 120 59
72 121 46
72 122 48
72 123 53
72 124 53
72 125 60
72 126 49
72 127 37
72 128 39
72 129 42
72 130 49
72 131 48
72 132 52
72 133 55
72 134 41
72 135 48
72 136 35
72 137 60
72 138 56
72 139 46
72 140 35
72 141 40
72 142 45
72 143 49
72 144 55
72 145 56
72 146 35
73 1 55
73 2 58
73 3 46
73 4 48
73 5 43
73 6 48
73 7 55
73 8 45
73 9 55
73 10 60
73 11 54
73 12 50
73 13 43
73 14 51
73 15 38
73 16 52
73 17 54
73 18 47
73 19 50
73 20 40
73 21 54
73 22 53
73 23 42
73 24 60
73 25 46
73 26 56
73 27 57
73 28 58
73 29 38
73 30 49
73 31 49
73 32 51
73 33 54
73 34 41
73 35 52
73 36 58
73 37 38
73 38 57
73 39 49
73 40 51
73 41 36
73 42 45
73 43 55
73 44 56
73 45 50
73 46 43
73 47 42
73 48 55
73 49 50
73 50 55
73 51 45
73 52 39
73 53 39
73 54 45
73 55 56
73 56 42
73 57 60
73 58 49
73 59 53
73 60 49
73 61 52
73 62 42
73 63 42
73 64 53
73 65 56
73 66 39
73 67 42
73 68 36
73 69 42
73 70 53
73 71 39
73 72 41
73 73 0
73 74 35
73 75 36
73 76 48
73 77 47
73 78 43
73 79 53
73 80 55
73 81 38
73 82 49
73 83 38
73 84 49
73 85 58
73 86 56
73 87 47
73 88 59
73 89 46
73 90 47
73 91 48
73 92 57
73 93 37
73 94 55
73 95 56
73 96 42
73 97 60
73 98 57
73 99 56
73 100 53
73 101 59
73 102 58
73 103 50
73 104 57
73 105 48
73 106 58
73 107 51
73 108 47
73 109 43
73 110 36
73 111 45
73 112 41
73 113 54
73 114 39
73 115 47
73 116 53
73 117 51
73 118 37
73 119 49
73 120 45
73 121 53
73 122 60
73 123 52
73 124 40
73 125 47
73 126 57
73 127 45
73 128 48
73 129 43
73 130 46
73 131 48
73 132 60
73 133 46
73 134 52
73 135 37
73 136 45
73 137 55
73 138 38
73 139 60
73 140 40
73 141 41
73 142 51
73 143 56
73 144 48
73 145 59
73 146 39
74 1 48
74 2 45
74 3 53
74 4 44
74 5 41
74 6 45
74 7 40
74 8 40
74 9 42
74 10 46
74 11 39
74 12 37
74 13 41
74 14 48
74 15 44
74 16 43
74 17 35
74 18 59
74 19 57
74 20 44
74 21 48
74 22 54
74 23 60
74 24 54
74 25 41
74 26 50
74 27 49
74 28 49
74 29 36
74 30 55
74 31 60
74 32 60
74 33 41
74 34 38
74 35 56
74 36 58
74 37 49
74 38 51
74 39 41
74 40 59
74 41 48
74 42 44
74 43 57
74 44 46
74 45 43
74 46 35
74 47 39
74 48 42
74 49 51
74 50 52
74 51 52
74 52 47
74 53 55
74 54 60
74 55 48
74 56 56
74 57 57
74 58 53
74 59 49
74 60 47
74 61 47
74 62 55
74 63 51
74 64 42
74 65 44
74 66 43
74 67 60
74 68 35
74 69 54
74 70 43
74 71 57
74 72 38
74 73 59
74 74 0
74 75 52
74 76 47
74 77 37
74 78 44
74 79 54
74 80 57
74 81 47
74 82 56
74 83 59
74 84 52
74 85 42
74 86 55
74 87 49
74 88 47
74 89 55
74 90 39
74 91 51
74 92 35
74 93 37
74 94 38
74 95 50
74 96 54
74 97 52
74 98 52
74 99 37
74 100 49
74 101 48
74 102 39
74 103 53
74 104 46
74 105 47
74 106 37
74 107 48
74 108 48
74 109 59
74 110 44
74 111 53
74 112 42
74 113 38
74 114 46
74 115 52
74 116 38
74 117 58
74 118 36
74 119 36
74 120 55
74 121 43
74 122 59
74 123 47
74 124 44
74 125 54
74 126 38
74 127 60
74 128 40
74 129 46
74 130 39
74 131 47
74 132 36
74 133 37
74 134 51
74 135 42
74 136 38
74 137 47
74 138 53
74 139 56
74 140 46
74 141 36
74 142 56
74 143 52
74 144 45
74 145 35
74 146 41
75 1 36
75 2 47
75 3 46
75 4 38
75 5 36
75 6 51
75 7 45
75 8 39
75 9 44
75 10 45
75 11 56
75 12 43
75 13 55
75 14 49
75 15 56
75 16 56
75 17 56
75 18 59
75 19 54
75 20 48
75 21 42
75 22 54
75 23 50
75 24 37
75 25 46
75 26 58
75 27 49
75 28 45
75 29 57
75 30 51
75 31 45
75 32 43
75 33 54
75 34 51
75 35 55
75 36 56
75 37 52
75 38 51
75 39 59
75 40 48
75 41 51
75 42 42
75 43 53
75 44 51
75 45 36
75 46 54
75 47 37
75 48 42
75 49 45
75 50 46
75 51 36
75 52 46
75 53 38
75 54 46
75 55 48
75 56 47
75 57 47
75 58 43
75 59 48
75 60 52
75 61 37
75 62 58
75 63 38
75 64 60
75 65 57
75 66 58
75 67 55
75 68 35
75 69 60
75 70 40
75 71 50
75 72 46
75 73 46
75 74 58
75 75 0
75 76 52
75 77 56
75 78 35
75 79 40
75 80 46
75 81 47
75 82 39
75 83 45
75 84 57
75 85 40
75 86 46
75 87 60
75 88 41
75 89 45
75 90 37
75 91 39
75 92 37
75 93 49
75 94 53
75 95 54
75 96 48
75 97 57
75 98 51
75 99 36
75 100 35
75 101 37
75 102 50
75 103 50
75 104 37
75 105 39
75 106 40
75 107 55
75 108 39
75 109 57
75 110 48
75 111 57
75 112 49
75 113 46
75 114 37
75 115 46
75 116 51
75 117 59
75 118 54
75 119 44
75 120 48
75 121 38
75 122 58
75 123 42
75 124 46
75 125 55
75 126 52
75 127 57
75 128 56
75 129 55
75 130 42
75 131 58
75 132 55
75 133 38
75 134 52
75 135 47
75 136 52
75 137 38
75 138 42
75 139 56
75 140 57
75 141 53
75 142 56
75 143 41
75 144 36
75 145 39
75 146 54
76 1 44
76 2 40
76 3 41
76 4 43
76 5 52
76 6 51
76 7 53
76 8 39
76 9 42
76 10 56
76 11 58
76 12 45
76 13 58
76 14 35
76 15 55
76 16 42
76 17 43
76 18 48
76 19 58
76 20 40
76 21 47
76 22 59
76 23 36
76 24 51
76 25 57
76 26 45
76 27 49
76 28 51
76 29 57
76 30 56
76 31 35
76 32 37
76 33 45
76 34 50
76 35 48
76 36 52
76 37 54
76 38 47
76 39 56
76 40 51
76 41 58
76 42 56
76 43 37
76 44 52
76 45 43
76 46 50
76 47 55
76 48 59
76 49 54
76 50 40
76 51 56
76 52 35
76 53 59
76 54 43
76 55 37
76 56 48
76 57 45
76 58 46
76 59 38
76 60 59
76 61 56
76 62 56
76 63 58
76 64 54
76 65 59
76 66 52
76 67 57
76 68 43
76 69 60
76 70 53
76 71 41
76 72 54
76 73 38
76 74 52
76 75 55
76 76 0
76 77 38
76 78 49
76 79 60
76 80 46
76 81 53
76 82 38
76 83 50
76 84 48
76 85 44
76 86 46
76 87 54
76 88 52
76 89 55
76 90 37
76 91 57
76 92 44
76 93 55
76 94 55
76 95 59
76 96 43
76 97 49
76 98 60
76 99 55
76 100 36
76 101 39
76 102 45
76 103 60
76 104 37
76 105 45
76 106 58
76 107 53
76 108 55
76 109 46
76 110 59
76 111 58
76 112 54
76 113 54
76 114 52
76 115 36
76 116 57
76 117 42
76 118 57
76 119 46
76 120 59
76 121 48
76 122 55
76 123 55
76 124 51
76 125 56
76 126 54
76 127 48
76 128 54
76 129 52
76 130 38
76 131 49
76 132 47
76 133 50
76 134 60
76 135 57
76 136 39
76 137 52
76 138 51
76 139 54
76 140 50
76 141 53
76 142 51
76 143 52
76 144 42
76 145 52
76 146 35
77 1 44
77 2 47
77 3 50
77 4 55
77 5 47
77 6 37
77 7 56
77 8 60
77 9 38
77 10 44
77 11 37
77 12 45
77 13 40
77 14 52
77 15 35
77 16 58
77 17 57
77 18 35
77 19 46
77 20 49
77 21 49
77 22 37
77 23 47
77 24 36
77 25 48
77 26 54
77 27 41
77 28 54
77 29 37
77 30 54
77 31 50
77 32 52
77 33 57
77 34 41
77 35 36
77 36 46
77 37 57
77 38 44
77 39 58
77 40 44
77 41 42
77 42 60
77 43 53
77 44 52
77 45 50
77 46 44
77 47 49
77 48 60
77 49 41
77 50 45
77 51 58
77 52 53
77 53 49
77 54 57
77 55 57
77 56 54
77 57 46
77 58 38
77 59 53
77 60 42
77 61 49
77 62 59
77 63 57
77 64 56
77 65 44
77 66 36
77 67 45
77 68 41
77 69 41
77 70 58
77 71 47
77 72 58
77 73 46
77 74 38
77 75 59
77 76 40
77 77 0
77 78 38
77 79 45
77 80 42
77 81 48
77 82 49
77 83 35
77 84 55
77 85 59
77 86 46
77 87 37
77 88 51
77 89 56
77 90 49
77 91 37
77 92 35
77 93 38
77 94 53
77 95 48
77 96 37
77 97 43
77 98 43
77 99 54
77 100 46
77 101 35
77 102 45
77 103 55
77 104 47
77 105 44
77 106 53
77 107 41
77 108 50
77 109 45
77 110 47
77 111 56
77 112 52
77 113 60
77 114 36
77 115 56
77 116 43
77 117 44
77 118 55
77 119 44
77 120 45
77 121 58
77 122 47
77 123 53
77 124 36
77 125 57
77 126 46
77 127 42
77 128 59
77 129 44
77 130 39
77 131 38
77 132 44
77 133 53
77 134 57
77 135 53
77 136 41
77 137 44
77 138 40
77 139 57
77 140 51
77 141 49
77 142 39
77 143 56
77 144 52
77 145 55
77 146 55
78 1 39
78 2 53
78 3 47
78 4 35
78 5 43
78 6 36
78 7 40
78 8 60
78 9 58
78 10 50
78 11 58
78 12 57
78 13 44
78 14 42
78 15 44
78 16 49
78 17 42
78 18 42
78 19 44
78 20 55
78 21 44
78 22 51
78 23 43
78 24 37
78 25 38
78 26 58
78 27 45
78 28 43
78 29 42
78 30 51
78 31 59
78 32 35
78 33 49
78 34 40
78 35 38
78 36 59
78 37 39
78 38 60
78 39 59
78 40 56
78 41 58
78 42 60
78 43 58
78 44 35
78 45 41
78 46 45
78 47 37
78 48 49
78 49 49
78 50 35
78 51 56
78 52 43
78 53 55
78 54 47
78 55 60
78 56 57
78 57 42
78 58 36
78 59 35
78 60 60
78 61 44
78 62 47
78 63 51
78 64 57
78 65 54
78 66 54
78 67 48
78 68 45
78 69 37
78 70 60
78 71 47
78 72 57
78 73 42
78 74 43
78 75 57
78 76 51
78 77 60
78 78 0
78 79 60
78 80 57
78 81 51
78 82 49
78 83 53
78 84 59
78 85 48
78 86 56
78 87 41
78 88 48
78 89 53
78 90 49
78 91 48
78 92 40
78 93 53
78 94 45
78 95 55
78 96 40
78 97 56
78 98 56
78 99 46
78 100 43
78 101 40
78 102 52
78 103 48
78 104 41
78 105 39
78 106 51
78 107 41
78 108 47
78 109 58
78 110 57
78 111 39
78 112 41
78 113 55
78 114 48
78 115 36
78 116 49
78 117 41
78 118 39
78 119 45
78 120 44
78 121 40
78 122 44
78 123 54
78 124 51
78 125 45
78 126 39
78 127 57
78 128 57
78 129 60
78 130 57
78 131 52
78 132 55
78 133 54
78 134 54
78 135 51
78 136 54
78 137 46
78 138 56
78 139 40
78 140 48
78 141 51
78 142 44
78 143 58
78 144 58
78 145 57
78 146 59
79 1 56
79 2 44
79 3 44
79 4 51
79 5 51
79 6 54
79 7 37
79 8 51
79 9 54
79 10 41
79 11 35
79 12 56
79 13 49
79 14 59
79 15 58
79 16 51
79 17 44
79 18 53
79 19 41
79 20 36
79 21 51
79 22 50
79 23 47
79 24 42
79 25 47
79 26 42
79 27 35
79 28 48
79 29 46
79 30 50
79 31 36
79 32 57
79 33 38
79 34 54
79 35 46
79 36 43
79 37 38
79 38 50
79 39 51
79 40 35
79 41 49
79 42 43
79 43 56
79 44 44
79 45 41
79 46 38
79 47 46
79 48 43
79 49 41
79 50 39
79 51 56
79 52 47
79 53 42
79 54 51
79 55 49
79 56 39
79 57 60
79 58 50
79 59 57
79 60 39
79 61 52
79 62 57
79 63 35
79 64 40
79 65 56
79 66 41
79 67 58
79 68 48
79 69 51
79 70 56
79 71 49
79 72 38
79 73 45
79 74 52
79 75 43
79 76 51
79 77 38
79 78 57
79 79 0
79 80 54
79 81 44
79 82 44
79 83 42
79 84 50
79 85 42
79 86 53
79 87 42
79 88 51
79 89 50
79 90 37
79 91 55
79 92 36
79 93 45
79 94 47
79 95 55
79 96 60
79 97 58
79 98 51
79 99 52
79 100 53
79 101 59
79 102 47
79 103 44
79 104 45
79 105 45
79 106 60
79 107 47
79 108 58
79 109 57
79 110 44
79 111 54
79 112 44
79 113 40
79 114 56
79 115 43
79 116 47
79 117 38
79 118 58
79 119 56
79 120 49
79 121 39
79 122 58
79 123 38
79 124 45
79 125 47
79 126 53
79 127 43
79 128 47
79 129 54
79 130 36
79 131 54
79 132 49
79 133 54
79 134 52
79 135 57
79 136 46
79 137 45
79 138 59
79 139 41
79 140 55
79 141 45
79 142 55
79 143 43
79 144 47
79 145 51
79 146 56
80 1 37
80 2 46
80 3 47
80 4 37
80 5 59
80 6 44
80 7 40
80 8 59
80 9 49
80 10 43
80 11 50
80 12 59
80 13 49
80 14 56
80 15 41
80 16 47
80 17 52
80 18 43
80 19 51
80 20 58
80 21 37
80 22 36
80 23 58
80 24 43
80 25 57
80 26 43
80 27 39
80 28 36
80 29 40
80 30 50
80 31 47
80 32 59
80 33 37
80 34 36
80 35 49
80 36 43
80 37 59
80 38 58
80 39 41
80 40 53
80 41 45
80 42 47
80 43 40
80 44 50
80 45 56
80 46 44
80 47 37
80 48 56
80 49 47
80 50 38
80 51 42
80 52 36
80 53 56
80 54 51
80 55 56
80 56 53
80 57 50
80 58 54
80 59 53
80 60 39
80 61 46
80 62 52
80 63 35
80 64 36
80 65 49
80 66 40
80 67 39
80 68 47
80 69 54
80 70 35
80 71 51
80 72 43
80 73 43
80 74 56
80 75 47
80 76 53
80 77 41
80 78 40
80 79 40
80 80 0
80 81 42
80 82 44
80 83 43
80 84 45
80 85 46
80 86 51
80 87 55
80 88 54
80 89 51
80 90 41
80 91 51
80 92 58
80 93 42
80 94 57
80 95 46
80 96 42
80 97 35
80 98 41
80 99 58
80 100 55
80 101 38
80 102 47
80 103 46
80 104 53
80 105 37
80 106 49
80 107 55
80 108 35
80 109 39
80 110 60
80 111 41
80 112 36
80 113 56
80 114 41
80 115 52
80 116 59
80 117 47
80 118 42
80 119 52
80 120 45
80 121 35
80 122 52
80 123 54
80 124 55
80 125 37
80 126 49
80 127 58
80 128 45
80 129 55
80 130 39
80 131 59
80 132 55
80 133 36
80 134 51
80 135 41
80 136 52
80 137 56
80 138 45
80 139 53
80 140 48
80 141 42
80 142 57
80 143 40
80 144 44
80 145 52
80 146 43
81 1 42
81 2 41
81 3 41
81 4 52
81 5 51
81 6 47
81 7 47
81 8 54
81 9 44
81 10 44
81 11 50
81 12 56
81 13 48
81 14 35
81 15 53
81 16 39
81 17 48
81 18 60
81 19 47
81 20 41
81 21 55
81 22 51
81 23 47
81 24 48
81 25 46
81 26 43
81 27 44
81 28 38
81 29 50
81 30 54
81 31 58
81 32 43
81 33 52
81 34 37
81 35 57
81 36 38
81 37 44
81 38 46
81 39 54
81 40 43
81 41 43
81 42 42
81 43 51
81 44 60
81 45 37
81 46 43
81 47 60
81 48 45
81 49 40
81 50 36
81 51 56
81 52 49
81 53 50
81 54 49
81 55 45
81 56 42
81 57 45
81 58 36
81 59 58
81 60 41
81 61 60
81 62 35
81 63 37
81 64 40
81 65 54
81 66 41
81 67 55
81 68 52
81 69 40
81 70 54
81 71 48
81 72 38
81 73 57
81 74 46
81 75 41
81 76 43
81 77 38
81 78 47
81 79 49
81 80 44
81 81 0
81 82 52
81 83 53
81 84 38
81 85 39
81 86 60
81 87 56
81 88 39
81 89 46
81 90 49
81 91 48
81 92 52
81 93 41
81 94 47
81 95 43
81 96 47
81 97 53
81 98 49
81 99 50
81 100 40
81 101 53
81 102 41
81 103 53
81 104 60
81 105 39
81 106 41
81 107 35
81 108 41
81 109 57
81 110 50
81 111 38
81 112 36
81 113 44
81 114 37
81 115 51
81 116 40
81 117 51
81 118 55
81 119 48
81 120 50
81 121 46
81 122 43
81 123 58
81 124 60
81 125 52
81 126 42
81 127 35
81 128 53
81 129 43
81 130 47
81 131 58
81 132 43
81 133 41
81 134 39
81 135 44
81 136 45
81 137 40
81 138 36
81 139 45
81 140 50
81 141 41
81 142 45
81 143 39
81 144 53
81 145 41
81 146 50
82 1 48
82 2 50
82 3 39
82 4 54
82 5 44
82 6 43
82 7 50
82 8 44
82 9 57
82 10 42
82 11 41
82 12 38
82 13 60
82 14 57
82 15 48
82 16 51
82 17 45
82 18 49
82 19 38
82 20 59
82 21 46
82 22 44
82 23 45
82 24 59
82 25 38
82 26 51
82 27 53
82 28 38
82 29 55
82 30 40
82 31 56
82 32 43
82 33 41
82 34 41
82 35 36
82 36 50
82 37 50
82 38 48
82 39 36
82 40 48
82 41 59
82 42 58
82 43 54
82 44 59
82 45 40
82 46 58
82 47 35
82 48 58
82 49 37
82 50 54
82 51 41
82 52 36
82 53 52
82 54 57
82 55 59
82 56 44
82 57 39
82 58 60
82 59 38
82 60 58
82 61 42
82 62 47
82 63 54
82 64 50
82 65 54
82 66 60
82 67 50
82 68 45
82 69 35
82 70 39
82 71 58
82 72 60
82 73 37
82 74 45
82 75 52
82 76 51
82 77 35
82 78 49
82 79 41
82 80 49
82 81 40
82 82 0
82 83 50
82 84 58
82 85 56
82 86 44
82 87 60
82 88 58
82 89 38
82 90 48
82 91 58
82 92 47
82 93 40
82 94 55
82 95 35
82 96 47
82 97 46
82 98 38
82 99 48
82 100 59
82 101 41
82 102 52
82 103 40
82 104 59
82 105 43
82 106 41
82 107 59
82 108 39
82 109 58
82 110 53
82 111 47
82 112 50
82 113 52
82 114 39
82 115 40
82 116 59
82 117 50
82 118 39
82 119 39
82 120 43
82 121 42
82 122 51
82 123 52
82 124 52
82 125 58
82 126 54
82 127 59
82 128 60
82 129 43
82 130 43
82 131 47
82 132 54
82 133 55
82 134 40
82 135 59
82 136 47
82 137 59
82 138 44
82 139 59
82 140 37
82 141 42
82 142 54
82 143 35
82 144 43
82 145 53
82 146 57
83 1 46
83 2 42
83 3 56
83 4 45
83 5 35
83 6 35
83 7 46
83 8 53
83 9 49
83 10 41
83 11 40
83 12 43
83 13 56
83 14 36
83 15 47
83 16 58
83 17 43
83 18 48
83 19 59
83 20 41
83 21 46
83 22 52
83 23 52
83 24 43
83 25 37
83 26 58
83 27 59
83 28 49
83 29 57
83 30 38
83 31 36
83 32 43
83 33 52
83 34 57
83 35 37
83 36 54
83 37 37
83 38 56
83 39 49
83 40 53
83 41 55
83 42 52
83 43 54
83 44 38
83 45 41
83 46 56
83 47 57
83 48 53
83 49 53
83 50 40
83 51 49
83 52 48
83 53 58
83 54 35
83 55 53
83 56 58
83 57 38
83 58 54
83 59 56
83 60 39
83 61 54
83 62 52
83 63 41
83 64 45
83 65 43
83 66 44
83 67 60
83 68 45
83 69 39
83 70 39
83 71 45
83 72 55
83 73 37
83 74 52
83 75 40
83 76 44
83 77 36
83 78 41
83 79 36
83 80 58
83 81 43
83 82 42
83 83 0
83 84 59
83 85 37
83 86 51
83 87 52
83 88 55
83 89 38
83 90 35
83 91 44
83 92 38
83 93 55
83 94 53
83 95 56
83 96 42
83 97 40
83 98 41
83 99 36
83 100 60
83 101 51
83 102 57
83 103 35
83 104 42
83 105 48
83 106 60
83 107 38
83 108 56
83 109 56
83 110 60
83 111 57
83 112 58
83 113 49
83 114 57
83 115 42
83 116 46
83 117 45
83 118 51
83 119 44
83 120 37
83 121 47
83 122 35
83 123 44
83 124 45
83 125 43
83 126 43
83 127 53
83 128 48
83 129 54
83 130 60
83 131 47
83 132 51
83 133 49
83 134 36
83 135 57
83 136 44
83 137 52
83 138 51
83 139 48
83 140 57
83 141 42
83 142 50
83 143 44
83 144 55
83 145 53
83 146 53
84 1 59
84 2 36
84 3 48
84 4 53
84 5 54
84 6 57
84 7 45
84 8 40
84 9 59
84 10 41
84 11 50
84 12 50
84 13 48
84 14 49
84 15 36
84 16 52
84 17 43
84 18 38
84 19 49
84 20 57
84 21 58
84 22 49
84 23 40
84 24 41
84 25 44
84 26 41
84 27 54
84 28 40
84 29 52
84 30 46
84 31 45
84 32 56
84 33 47
84 34 46
84 35 41
84 36 51
84 37 39
84 38 41
84 39 52
84 40 39
84 41 58
84 42 37
84 43 45
84 44 43
84 45 39
84 46 56
84 47 36
84 48 38
84 49 51
84 50 40
84 51 60
84 52 39
84 53 38
84 54 47
84 55 52
84 56 42
84 57 53
84 58 52
84 59 60
84 60 37
84 61 40
84 62 51
84 63 57
84 64 44
84 65 41
84 66 60
84 67 39
84 68 56
84 69 42
84 70 55
84 71 57
84 72 42
84 73 42
84 74 42
84 75 51
84 76 39
84 77 53
84 78 54
84 79 40
84 80 39
84 81 35
84 82 51
84 83 43
84 84 0
84 85 55
84 86 45
84 87 43
84 88 46
84 89 53
84 90 36
84 91 43
84 92 46
84 93 37
84 94 53
84 95 42
84 96 50
84 97 57
84 98 47
84 99 38
84 100 38
84 101 58
84 102 44
84 103 47
84 104 55
84 105 40
84 106 47
84 107 40
84 108 50
84 109 54
84 110 60
84 111 50
84 112 38
84 113 42
84 114 54
84 115 47
84 116 60
84 117 46
84 118 52
84 119 44
84 120 56
84 121 44
84 122 48
84 123 41
84 124 56
84 125 60
84 126 56
84 127 59
84 128 59
84 129 38
84 130 39
84 131 35
84 132 52
84 133 43
84 134 52
84 135 43
84 136 53
84 137 40
84 138 54
84 139 60
84 140 40
84 141 40
84 142 44
84 143 45
84 144 54
84 145 47
84 146 59
85 1 50
85 2 35
85 3 44
85 4 38
85 5 44
85 6 41
85 7 58
85 8 45
85 9 58
85 10 41
85 11 59
85 12 45
85 13 56
85 14 54
85 15 55
85 16 51
85 17 52
85 18 56
85 19 55
85 20 59
85 21 50
85 22 57
85 23 36
85 24 55
85 25 59
85 26 48
85 27 53
85 28 43
85 29 57
85 30 36
85 31 42
85 32 53
85 33 51
85 34 49
85 35 43
85 36 60
85 37 43
85 38 53
85 39 42
85 40 48
85 41 38
85 42 40
85 43 40
85 44 54
85 45 50
85 46 51
85 47 57
85 48 56
85 49 51
85 50 42
85 51 41
85 52 49
85 53 45
85 54 35
85 55 38
85 56 39
85 57 45
85 58 58
85 59 57
85 60 43
85 61 52
85 62 46
85 63 41
85 64 55
85 65 48
85 66 60
85 67 44
85 68 51
85 69 46
85 70 59
85 71 57
85 72 40
85 73 42
85 74 39
85 75 36
85 76 54
85 77 39
85 78 58
85 79 58
85 80 37
85 81 60
85 82 42
85 83 57
85 84 43
85 85 0
85 86 60
85 87 45
85 88 50
85 89 57
85 90 38
85 91 49
85 92 54
85 93 37
85 94 49
85 95 38
85 96 46
85 97 48
85 98 38
85 99 41
85 100 57
85 101 36
85 102 57
85 103 40
85 104 35
85 105 47
85 106 44
85 107 55
85 108 43
85 109 49
85 110 54
85 111 50
85 112 57
85 113 53
85 114 41
85 115 35
85 116 45
85 117 46
85 118 35
85 119 43
85 120 40
85 121 35
85 122 38
85 123 51
85 124 50
85 125 36
85 126 39
85 127 44
85 128 59
85 129 56
85 130 51
85 131 46
85 132 45
85 133 37
85 134 56
85 135 56
85 136 36
85 137 56
85 138 47
85 139 49
85 140 51
85 141 46
85 142 45
85 143 38
85 144 48
85 145 52
85 146 56
86 1 51
86 2 46
86 3 51
86 4 46
86 5 44
86 6 58
86 7 40
86 8 58
86 9 38
86 10 52
86 11 44
86 12 57
86 13 44
86 14 46
86 15 47
86 16 35
86 17 39
86 18 36
86 19 43
86 20 54
86 21 45
86 22 51
86 23 60
86 24 55
86 25 44
86 26 58
86 27 36
86 28 39
86 29 43
86 30 44
86 31 42
86 32 43
86 33 42
86 34 50
86 35 40
86 36 58
86 37 43
86 38 56
86 39 45
86 40 45
86 41 58
86 42 56
86 43 46
86 44 58
86 45 57
86 46 52
86 47 48
86 48 46
86 49 55
86 50 35
86 51 45
86 52 51
86 53 60
86 54 54
86 55 47
86 56 41
86 57 35
86 58 39
86 59 56
86 60 44
86 61 57
86 62 38
86 63 39
86 64 44
86 65 44
86 66 38
86 67 35
86 68 44
86 69 50
86 70 43
86 71 55
86 72 41
86 73 37
86 74 53
86 75 49
86 76 40
86 77 58
86 78 52
86 79 52
86 80 45
86 81 51
86 82 43
86 83 59
86 84 42
86 85 57
86 86 0
86 87 39
86 88 35
86 89 50
86 90 52
86 91 41
86 92 38
86 93 48
86 94 40
86 95 53
86 96 44
86 97 54
86 98 51
86 99 44
86 100 42
86 101 41
86 102 54
86 103 39
86 104 37
86 105 50
86 106 58
86 107 35
86 108 37
86 109 40
86 110 54
86 111 44
86 112 39
86 113 38
86 114 53
86 115 43
86 116 52
86 117 46
86 118 54
86 119 55
86 120 36
86 121 54
86 122 36
86 123 53
86 124 45
86 125 54
86 126 50
86 127 36
86 128 59
86 129 45
86 130 56
86 131 52
86 132 51
86 133 58
86 134 55
86 135 57
86 136 35
86 137 58
86 138 51
86 139 40
86 140 48
86 141 47
86 142 43
86 143 38
86 144 44
86 145 40
86 146 59
87 1 41
87 2 49
87 3 45
87 4 59
87 5 35
87 6 40
87 7 58
87 8 40
87 9 42
87 10 47
87 11 49
87 12 49
87 13 40
87 14 43
87 15 44
87 16 59
87 17 60
87 18 35
87 19 40
87 20 59
87 21 55
87 22 39
87 23 59
87 24 45
87 25 40
87 26 36
87 27 55
87 28 47
87 29 46
87 30 37
87 31 43
87 32 50
87 33 35
87 34 51
87 35 53
87 36 55
87 37 58
87 38 42
87 39 38
87 40 48
87 41 41
87 42 40
87 43 47
87 44 43
87 45 39
87 46 55
87 47 45
87 48 49
87 49 49
87 50 36
87 51 58
87 52 54
87 53 37
87 54 38
87 55 50
87 56 50
87 57 58
87 58 38
87 59 50
87 60 45
87 61 40
87 62 55
87 63 38
87 64 37
87 65 47
87 66 45
87 67 52
87 68 58
87 69 60
87 70 46
87 71 57
87 72 37
87 73 37
87 74 54
87 75 52
87 76 54
87 77 43
87 78 49
87 79 44
87 80 42
87 81 51
87 82 39
87 83 42
87 84 53
87 85 54
87 86 43
87 87 0
87 88 35
87 89 39
87 90 50
87 91 40
87 92 54
87 93 44
87 94 58
87 95 52
87 96 60
87 97 45
87 98 38
87 99 43
87 100 38
87 101 47
87 102 49
87 103 38
87 104 37
87 105 49
87 106 35
87 107 44
87 108 48
87 109 36
87 110 52
87 111 39
87 112 59
87 113 48
87 114 40
87 115 46
87 116 55
87 117 45
87 118 60
87 119 60
87 120 52
87 121 43
87 122 51
87 123 40
87 124 48
87 125 50
87 126 51
87 127 39
87 128 49
87 129 49
87 130 41
87 131 41
87 132 45
87 133 47
87 134 46
87 135 45
87 136 46
87 137 36
87 138 59
87 139 58
87 140 58
87 141 60
87 142 43
87 143 55
87 144 40
87 145 55
87 146 36
88 1 47
88 2 53
88 3 57
88 4 51
88 5 51
88 6 54
88 7 55
88 8 47
88 9 57
88 10 42
88 11 51
88 12 57
88 13 53
88 14 48
88 15 44
88 16 56
88 17 57
88 18 39
88 19 57
88 20 39
88 21 42
88 22 59
88 23 40
88 24 44
88 25 60
88 26 41
88 27 40
88 28 52
88 29 36
88 30 56
88 31 46
88 32 60
88 33 51
88 34 41
88 35 59
88 36 58
88 37 39
88 38 54
88 39 48
88 40 37
88 41 38
88 42 44
88 43 50
88 44 50
88 45 38
88 46 59
88 47 39
88 48 40
88 49 45
88 50 43
88 51 47
88 52 37
88 53 60
88 54 45
88 55 40
88 56 52
88 57 45
88 58 35
88 59 52
88 60 58
88 61 41
88 62 58
88 63 59
88 64 58
88 65 48
88 66 42
88 67 52
88 68 56
88 69 40
88 70 45
88 71 37
88 72 47
88 73 45
88 74 46
88 75 58
88 76 59
88 77 37
88 78 37
88 79 36
88 80 60
88 81 50
88 82 41
88 83 50
88 84 50
88 85 35
88 86 47
88 87 43
88 88 0
88 89 45
88 90 58
88 91 56
88 92 44
88 93 48
88 94 52
88 95 35
88 96 45
88 97 38
88 98 38
88 99 47
88 100 36
88 101 51
88 102 53
88 103 55
88 104 42
88 105 50
88 106 47
88 107 40
88 108 57
88 109 54
88 110 57
88 111 36
88 112 43
88 113 35
88 114 49
88 115 56
88 116 53
88 117 50
88 118 35
88 119 42
88 120 35
88 121 41
88 122 50
88 123 43
88 124 45
88 125 48
88 126 42
88 127 46
88 128 60
88 129 60
88 130 42
88 131 47
88 132 48
88 133 43
88 134 40
88 135 46
88 136 50
88 137 47
88 138 53
88 139 49
88 140 50
88 141 44
88 142 44
88 143 38
88 144 36
88 145 37
88 146 42
89 1 53
89 2 51
89 3 58
89 4 48
89 5 58
89 6 48
89 7 59
89 8 56
89 9 53
89 10 53
89 11 41
89 12 37
89 13 51
89 14 47
89 15 41
89 16 58
89 17 58
89 18 59
89 19 43
89 20 44
89 21 39
89 22 55
89 23 57
89 24 44
89 25 38
89 26 39
89 27 39
89 28 54
89 29 57
89 30 45
89 31 48
89 32 58
89 33 59
89 34 45
89 35 38
89 36 37
89 37 49
89 38 50
89 39 45
89 40 49
89 41 40
89 42 56
89 43 57
89 44 41
89 45 48
89 46 39
89 47 45
89 48 52
89 49 54
89 50 51
89 51 59
89 52 40
89 53 56
89 54 59
89 55 40
89 56 41
89 57 54
89 58 45
89 59 53
89 60 38
89 61 39
89 62 47
89 63 48
89 64 51
89 65 38
89 66 39
89 67 55
89 68 37
89 69 55
89 70 58
89 71 51
89 72 59
89 73 36
89 74 48
89 75 42
89 76 40
89 77 43
89 78 36
89 79 54
89 80 45
89 81 45
89 82 47
89 83 35
89 84 49
89 85 42
89 86 53
89 87 42
89 88 44
89 89 0
89 90 44
89 91 49
89 92 58
89 93 54
89 94 47
89 95 55
89 96 43
89 97 42
89 98 46
89 99 51
89 100 43
89 101 54
89 102 36
89 103 40
89 104 58
89 105 38
89 106 51
89 107 53
89 108 48
89 109 41
89 110 56
89 111 59
89 112 38
89 113 54
89 114 49
89 115 36
89 116 48
89 117 48
89 118 55
89 119 59
89 120 41
89 121 49
89 122 40
89 123 52
89 124 57
89 125 48
89 126 44
89 127 48
89 128 37
89 129 35
89 130 52
89 131 52
89 132 55
89 133 51
89 134 47
89 135 42
89 136 35
89 137 38
89 138 40
89 139 37
89 140 45
89 141 38
89 142 51
89 143 52
89 144 47
89 145 56
89 146 59
90 1 51
90 2 41
90 3 40
90 4 49
90 5 57
90 6 48
90 7 48
90 8 35
90 9 38
90 10 50
90 11 43
90 12 55
90 13 57
90 14 51
90 15 44
90 16 37
90 17 42
90 18 45
90 19 59
90 20 48
90 21 48
90 22 40
90 23 54
90 24 46
90 25 48
90 26 37
90 27 46
90 28 47
90 29 43
90 30 38
90 31 49
90 32 44
90 33 51
90 34 41
90 35 42
90 36 51
90 37 48
90 38 44
90 39 38
90 40 54
90 41 41
90 42 45
90 43 39
90 44 38
90 45 56
90 46 50
90 47 52
90 48 59
90 49 53
90 50 51
90 51 50
90 52 60
90 53 52
90 54 49
90 55 59
90 56 59
90 57 40
90 58 49
90 59 46
90 60 39
90 61 39
90 62 46
90 63 52
90 64 39
90 65 59
90 66 38
90 67 42
90 68 40
90 69 50
90 70 40
90 71 58
90 72 55
90 73 48
90 74 47
90 75 60
90 76 43
90 77 48
90 78 42
90 79 56
90 80 43
90 81 35
90 82 58
90 83 51
90 84 42
90 85 60
90 86 53
90 87 59
90 88 58
90 89 56
90 90 0
90 91 47
90 92 48
90 93 60
90 94 48
90 95 48
90 96 51
90 97 53
90 98 37
90 99 39
90 100 46
90 101 43
90 102 42
90 103 60
90 104 36
90 105 59
90 106 57
90 107 42
90 108 56
90 109 47
90 110 37
90 111 53
90 112 36
90 113 52
90 114 45
90 115 45
90 116 47
90 117 60
90 118 59
90 119 51
90 120 50
90 121 45
90 122 42
90 123 51
90 124 45
90 125 40
90 126 46
90 127 52
90 128 53
90 129 57
90 130 38
90 131 35
90 132 56
90 133 39
90 134 52
90 135 53
90 136 60
90 137 42
90 138 57
90 139 52
90 140 55
90 141 46
90 142 41
90 143 52
90 144 42
90 145 42
90 146 41
91 1 44
91 2 49
91 3 43
91 4 49
91 5 45
91 6 54
91 7 47
91 8 58
91 9 53
91 10 58
91 11 38
91 12 47
91 13 50
91 14 57
91 15 47
91 16 59
91 17 48
91 18 40
91 19 60
91 20 57
91 21 37
91 22 35
91 23 39
91 24 42
91 25 49
91 26 46
91 27 54
91 28 58
91 29 56
91 30 54
91 31 41
91 32 37
91 33 56
91 34 56
91 35 37
91 36 54
91 37 40
91 38 59
91 39 47
91 40 54
91 41 40
91 42 48
91 43 48
91 44 51
91 45 38
91 46 38
91 47 41
91 48 58
91 49 56
91 50 37
91 51 59
91 52 36
91 53 46
91 54 48
91 55 49
91 56 60
91 57 37
91 58 37
91 59 37
91 60 49
91 61 51
91 62 60
91 63 60
91 64 48
91 65 35
91 66 57
91 67 50
91 68 52
91 69 52
91 70 46
91 71 57
91 72 47
91 73 54
91 74 53
91 75 54
91 76 60
91 77 58
91 78 38
91 79 53
91 80 45
91 81 40
91 82 54
91 83 50
91 84 42
91 85 58
91 86 57
91 87 40
91 88 48
91 89 41
91 90 58
91 91 0
91 92 53
91 93 53
91 94 45
91 95 36
91 96 45
91 97 42
91 98 35
91 99 45
91 100 52
91 101 58
91 102 35
91 103 50
91 104 47
91 105 37
91 106 57
91 107 54
91 108 58
91 109 37
91 110 52
91 111 60
91 112 50
91 113 39
91 114 40
91 115 54
91 116 37
91 117 53
91 118 35
91 119 49
91 120 54
91 121 44
91 122 60
91 123 59
91 124 36
91 125 59
91 126 52
91 127 52
91 128 39
91 129 44
91 130 42
91 131 42
91 132 58
91 133 57
91 134 51
91 135 53
91 136 53
91 137 58
91 138 39
91 139 52
91 140 52
91 141 39
91 142 58
91 143 50
91 144 54
91 145 55
91 146 46
92 1 58
92 2 44
92 3 41
92 4 50
92 5 42
92 6 50
92 7 37
92 8 35
92 9 42
92 10 55
92 11 58
92 12 57
92 13 41
92 14 50
92 15 50
92 16 59
92 17 44
92 18 35
92 19 56
92 20 56
92 21 46
92 22 52
92 23 52
92 24 46
92 25 36
92 26 52
92 27 47
92 28 45
92 29 59
92 30 52
92 31 60
92 32 39
92 33 42
92 34 53
92 35 57
92 36 55
92 37 59
92 38 53
92 39 49
92 40 49
92 41 56
92 42 41
92 43 46
92 44 45
92 45 46
92 46 37
92 47 43
92 48 49
92 49 41
92 50 35
92 51 42
92 52 56
92 53 36
92 54 57
92 55 36
92 56 47
92 57 41
92 58 53
92 59 58
92 60 60
92 61 52
92 62 42
92 63 52
92 64 48
92 65 43
92 66 42
92 67 59
92 68 59
92 69 43
92 70 40
92 71 45
92 72 53
92 73 53
92 74 53
92 75 46
92 76 43
92 77 46
92 78 36
92 79 58
92 80 50
92 81 42
92 82 43
92 83 46
92 84 44
92 85 52
92 86 41
92 87 46
92 88 45
92 89 43
92 90 45
92 91 48
92 92 0
92 93 36
92 94 59
92 95 49
92 96 37
92 97 58
92 98 54
92 99 42
92 100 35
92 101 53
92 102 54
92 103 47
92 104 51
92 105 51
92 106 52
92 107 60
92 108 39
92 109 58
92 110 43
92 111 58
92 112 45
92 113 48
92 114 52
92 115 56
92 116 56
92 117 51
92 118 44
92 119 55
92 120 41
92 121 36
92 122 38
92 123 56
92 124 40
92 125 60
92 126 49
92 127 58
92 128 47
92 129 35
92 130 53
92 131 53
92 132 57
92 133 58
92 134 55
92 135 59
92 136 48
92 137 36
92 138 49
92 139 59
92 140 54
92 141 58
92 142 49
92 143 48
92 144 39
92 145 44
92 146 36
93 1 37
93 2 55
93 3 37
93 4 53
93 5 50
93 6 39
93 7 35
93 8 46
93 9 39
93 10 54
93 11 46
93 12 39
93 13 41
93 14 53
93 15 38
93 16 52
93 17 60
93 18 46
93 19 54
93 20 59
93 21 42
93 22 60
93 23 45
93 24 35
93 25 35
93 26 60
93 27 40
93 28 49
93 29 48
93 30 39
93 31 35
93 32 55
93 33 37
93 34 47
93 35 35
93 36 58
93 37 53
93 38 37
93 39 54
93 40 54
93 41 46
93 42 37
93 43 45
93 44 36
93 45 51
93 46 43
93 47 38
93 48 41
93 49 40
93 50 59
93 51 37
93 52 55
93 53 35
93 54 41
93 55 47
93 56 54
93 57 42
93 58 46
93 59 37
93 60 56
93 61 51
93 62 57
93 63 43
93 64 59
93 65 57
93 66 37
93 67 52
93 68 35
93 69 38
93 70 38
93 71 50
93 72 59
93 73 54
93 74 36
93 75 48
93 76 38
93 77 50
93 78 52
93 79 46
93 80 53
93 81 40
93 82 41
93 83 36
93 84 47
93 85 60
93 86 42
93 87 55
93 88 36
93 89 54
93 90 52
93 91 42
93 92 37
93 93 0
93 94 49
93 95 45
93 96 48
93 97 40
93 98 35
93 99 47
93 100 56
93 101 43
93 102 40
93 103 37
93 104 39
93 105 41
93 106 58
93 107 38
93 108 53
93 109 50
93 110 36
93 111 51
93 112 44
93 113 57
93 114 47
93 115 38
93 116 43
93 117 40
93 118 50
93 119 35
93 120 53
93 121 44
93 122 49
93 123 43
93 124 48
93 125 51
93 126 46
93 127 41
93 128 36
93 129 52
93 130 56
93 131 52
93 132 35
93 133 54
93 134 47
93 135 46
93 136 47
93 137 52
93 138 58
93 139 45
93 140 39
93 141 58
93 142 58
93 143 37
93 144 60
93 145 60
93 146 60
94 1 46
94 2 56
94 3 50
94 4 47
94 5 46
94 6 52
94 7 47
94 8 44
94 9 57
94 10 56
94 11 40
94 12 39
94 13 39
94 14 47
94 15 54
94 16 60
94 17 54
94 18 57
94 19 50
94 20 60
94 21 40
94 22 46
94 23 52
94 24 50
94 25 60
94 26 57
94 27 47
94 28 46
94 29 57
94 30 58
94 31 58
94 32 40
94 33 49
94 34 49
94 35 41
94 36 51
94 37 36
94 38 59
94 39 47
94 40 41
94 41 38
94 42 58
94 43 36
94 44 55
94 45 42
94 46 42
94 47 60
94 48 60
94 49 56
94 50 41
94 51 41
94 52 35
94 53 37
94 54 56
94 55 44
94 56 40
94 57 48
94 58 45
94 59 41
94 60 42
94 61 41
94 62 56
94 63 36
94 64 52
94 65 53
94 66 56
94 67 58
94 68 45
94 69 50
94 70 42
94 71 53
94 72 57
94 73 54
94 74 41
94 75 52
94 76 49
94 77 36
94 78 59
94 79 37
94 80 40
94 81 53
94 82 60
94 83 52
94 84 40
94 85 46
94 86 44
94 87 54
94 88 60
94 89 57
94 90 44
94 91 59
94 92 58
94 93 52
94 94 0
94 95 35
94 96 35
94 97 47
94 98 39
94 99 35
94 100 56
94 101 47
94 102 43
94 103 45
94 104 51
94 105 47
94 106 41
94 107 49
94 108 57
94 109 52
94 110 55
94 111 55
94 112 36
94 113 56
94 114 47
94 115 59
94 116 41
94 117 58
94 118 54
94 119 58
94 120 46
94 121 56
94 122 48
94 123 35
94 124 48
94 125 39
94 126 41
94 127 38
94 128 36
94 129 57
94 130 43
94 131 40
94 132 38
94 133 47
94 134 58
94 135 48
94 136 54
94 137 45
94 138 54
94 139 44
94 140 60
94 141 43
94 142 51
94 143 57
94 144 44
94 145 35
94 146 53
95 1 40
95 2 59
95 3 51
95 4 51
95 5 50
95 6 40
95 7 43
95 8 44
95 9 49
95 10 45
95 11 46
95 12 37
95 13 59
95 14 39
95 15 46
95 16 60
95 17 50
95 18 56
95 19 60
95 20 58
95 21 55
95 22 47
95 23 50
95 24 55
95 25 47
95 26 43
95 27 39
95 28 37
95 29 43
95 30 35
95 31 44
95 32 41
95 33 52
95 34 45
95 35 58
95 36 49
95 37 60
95 38 47
95 39 35
95 40 52
95 41 35
95 42 46
95 43 56
95 44 59
95 45 42
95 46 49
95 47 38
95 48 35
95 49 49
95 50 49
95 51 39
95 52 38
95 53 44
95 54 59
95 55 49
95 56 50
95 57 45
95 58 37
95 59 52
95 60 56
95 61 37
95 62 54
95 63 47
95 64 41
95 65 52
95 66 56
95 67 56
95 68 53
95 69 47
95 70 55
95 71 52
95 72 38
95 73 35
95 74 53
95 75 38
95 76 35
95 77 40
95 78 39
95 79 44
95 80 50
95 81 53
95 82 38
95 83 39
95 84 45
95 85 36
95 86 44
95 87 51
95 88 41
95 89 57
95 90 42
95 91 45
95 92 45
95 93 38
95 94 35
95 95 0
95 96 52
95 97 57
95 98 50
95 99 50
95 100 37
95 101 41
95 102 37
95 103 46
95 104 56
95 105 45
95 106 45
95 107 39
95 108 46
95 109 47
95 110 59
95 111 59
95 112 59
95 113 60
95 114 37
95 115 38
95 116 47
95 117 44
95 118 56
95 119 46
95 120 42
95 121 47
95 122 60
95 123 49
95 124 53
95 125 52
95 126 43
95 127 58
95 128 55
95 129 38
95 130 50
95 131 59
95 132 43
95 133 53
95 134 39
95 135 56
95 136 47
95 137 38
95 138 46
95 139 60
95 140 49
95 141 59
95 142 57
95 143 46
95 144 55
95 145 37
95 146 48
96 1 52
96 2 57
96 3 40
96 4 51
96 5 58
96 6 41
96 7 48
96 8 39
96 9 54
96 10 49
96 11 41
96 12 43
96 13 39
96 14 46
96 15 54
96 16 43
96 17 56
96 18 60
96 19 43
96 20 45
96 21 52
96 22 50
96 23 55
96 24 39
96 25 39
96 26 49
96 27 60
96 28 53
96 29 56
96 30 50
96 31 51
96 32 45
96 33 48
96 34 52
96 35 49
96 36 51
96 37 48
96 38 40
96 39 38
96 40 58
96 41 45
96 42 48
96 43 36
96 44 58
96 45 41
96 46 46
96 47 43
96 48 57
96 49 43
96 50 54
96 51 59
96 52 36
96 53 35
96 54 55
96 55 56
96 56 38
96 57 60
96 58 37
96 59 37
96 60 50
96 61 49
96 62 37
96 63 57
96 64 42
96 65 35
96 66 59
96 67 45
96 68 55
96 69 39
96 70 42
96 71 37
96 72 39
96 73 48
96 74 41
96 75 54
96 76 45
96 77 50
96 78 47
96 79 44
96 80 54
96 81 44
96 82 38
96 83 42
96 84 41
96 85 59
96 86 41
96 87 42
96 88 48
96 89 42
96 90 37
96 91 35
96 92 40
96 93 51
96 94 55
96 95 45
96 96 0
96 97 52
96 98 56
96 99 49
96 100 48
96 101 48
96 102 58
96 103 47
96 104 37
96 105 48
96 106 50
96 107 39
96 108 54
96 109 41
96 110 50
96 111 52
96 112 55
96 113 35
96 114 60
96 115 40
96 116 51
96 117 54
96 118 60
96 119 43
96 120 60
96 121 57
96 122 58
96 123 41
96 124 59
96 125 56
96 126 57
96 127 42
96 128 47
96 129 58
96 130 53
96 131 42
96 132 45
96 133 41
96 134 40
96 135 43
96 136 48
96 137 54
96 138 50
96 139 52
96 140 53
96 141 49
96 142 38
96 143 60
96 144 42
96 145 57
96 146 56
97 1 55
97 2 47
97 3 43
97 4 56
97 5 44
97 6 53
97 7 56
97 8 51
97 9 55
97 10 42
97 11 37
97 12 40
97 13 56
97 14 53
97 15 48
97 16 56
97 17 47
97 18 35
97 19 57
97 20 52
97 21 58
97 22 55
97 23 55
97 24 37
97 25 60
97 26 58
97 27 39
97 28 38
97 29 48
97 30 57
97 31 52
97 32 47
97 33 47
97 34 40
97 35 35
97 36 52
97 37 51
97 38 40
97 39 44
97 40 39
97 41 53
97 42 51
97 43 52
97 44 42
97 45 38
97 46 43
97 47 45
97 48 45
97 49 49
97 50 56
97 51 36
97 52 40
97 53 57
97 54 53
97 55 57
97 56 36
97 57 42
97 58 38
97 59 60
97 60 48
97 61 41
97 62 36
97 63 49
97 64 50
97 65 48
97 66 54
97 67 38
97 68 43
97 69 52
97 70 57
97 71 53
97 72 48
97 73 57
97 74 35
97 75 42
97 76 44
97 77 49
97 78 43
97 79 44
97 80 50
97 81 53
97 82 45
97 83 58
97 84 53
97 85 43
97 86 37
97 87 56
97 88 35
97 89 53
97 90 53
97 91 39
97 92 43
97 93 37
97 94 37
97 95 51
97 96 60
97 97 0
97 98 53
97 99 42
97 100 49
97 101 54
97 102 55
97 103 55
97 104 58
97 105 39
97 106 41
97 107 45
97 108 37
97 109 40
97 110 38
97 111 54
97 112 55
97 113 44
97 114 43
97 115 52
97 116 36
97 117 60
97 118 37
97 119 52
97 120 42
97 121 57
97 122 57
97 123 46
97 124 40
97 125 46
97 126 49
97 127 42
97 128 49
97 129 40
97 130 44
97 131 59
97 132 51
97 133 54
97 134 36
97 135 49
97 136 51
97 137 51
97 138 54
97 139 53
97 140 53
97 141 43
97 142 47
97 143 38
97 144 44
97 145 47
97 146 44
98 1 50
98 2 45
98 3 43
98 4 54
98 5 51
98 6 47
98 7 54
98 8 44
98 9 59
98 10 45
98 11 50
98 12 48
98 13 38
98 14 60
98 15 35
98 16 42
98 17 46
98 18 57
98 19 57
98 20 38
98 21 56
98 22 58
98 23 53
98 24 50
98 25 37
98 26 45
98 27 54
98 28 58
98 29 52
98 30 56
98 31 60
98 32 39
98 33 60
98 34 41
98 35 53
98 36 49
98 37 46
98 38 42
98 39 41
98 40 58
98 41 53
98 42 58
98 43 49
98 44 37
98 45 58
98 46 36
98 47 51
98 48 40
98 49 50
98 50 45
98 51 60
98 52 56
98 53 40
98 54 60
98 55 56
98 56 47
98 57 38
98 58 59
98 59 43
98 60 57
98 61 56
98 62 59
98 63 44
98 64 43
98 65 60
98 66 47
98 67 55
98 68 58
98 69 41
98 70 35
98 71 41
98 72 54
98 73 60
98 74 40
98 75 37
98 76 39
98 77 38
98 78 37
98 79 44
98 80 50
98 81 36
98 82 47
98 83 50
98 84 36
98 85 54
98 86 55
98 87 47
98 88 47
98 89 41
98 90 35
98 91 53
98 92 55
98 93 50
98 94 41
98 95 54
98 96 58
98 97 43
98 98 0
98 99 45
98 100 41
98 101 58
98 102 37
98 103 53
98 104 46
98 105 42
98 106 43
98 107 46
98 108 58
98 109 47
98 110 57
98 111 40
98 112 37
98 113 44
98 114 48
98 115 49
98 116 41
98 117 36
98 118 40
98 119 49
98 120 54
98 121 46
98 122 52
98 123 38
98 124 52
98 125 42
98 126 50
98 127 54
98 128 42
98 129 56
98 130 40
98 131 42
98 132 59
98 133 51
98 134 49
98 135 52
98 136 56
98 137 52
98 138 49
98 139 35
98 140 46
98 141 53
98 142 48
98 143 43
98 144 48
98 145 41
98 146 54
99 1 49
99 2 36
99 3 38
99 4 55
99 5 60
99 6 43
99 7 59
99 8 52
99 9 47
99 10 38
99 11 39
99 12 51
99 13 58
99 14 50
99 15 37
99 16 46
99 17 37
99 18 54
99 19 49
99 20 54
99 21 52
99 22 38
99 23 51
99 24 53
99 25 38
99 26 48
99 27 37
99 28 38
99 29 46
99 30 59
99 31 45
99 32 60
99 33 47
99 34 37
99 35 49
99 36 46
99 37 43
99 38 39
99 39 48
99 40 40
99 41 38
99 42 51
99 43 58
99 44 58
99 45 38
99 46 53
99 47 35
99 48 60
99 49 36
99 50 48
99 51 39
99 52 59
99 53 58
99 54 57
99 55 52
99 56 41
99 57 51
99 58 50
99 59 40
99 60 45
99 61 60
99 62 57
99 63 56
99 64 49
99 65 36
99 66 45
99 67 47
99 68 37
99 69 43
99 70 44
99 71 52
99 72 59
99 73 51
99 74 42
99 75 43
99 76 44
99 77 37
99 78 58
99 79 44
99 80 44
99 81 35
99 82 55
99 83 41
99 84 58
99 85 48
99 86 54
99 87 46
99 88 59
99 89 57
99 90 46
99 91 39
99 92 47
99 93 54
99 94 39
99 95 48
99 96 55
99 97 54
99 98 52
99 99 0
99 100 44
99 101 53
99 102 40
99 103 52
99 104 46
99 105 59
99 106 37
99 107 47
99 108 60
99 109 44
99 110 58
99 111 53
99 112 58
99 113 54
99 114 48
99 115 60
99 116 44
99 117 44
99 118 43
99 119 52
99 120 47
99 121 37
99 122 57
99 123 43
99 124 49
99 125 48
99 126 56
99 127 38
99 128 58
99 129 51
99 130 58
99 131 54
99 132 55
99 133 52
99 134 54
99 135 53
99 136 55
99 137 35
99 138 43
99 139 39
99 140 43
99 141 43
99 142 39
99 143 47
99 144 39
99 145 58
99 146 47
100 1 47
100 2 55
100 3 41
100 4 41
100 5 49
100 6 54
100 7 59
100 8 52
100 9 39
100 10 51
100 11 40
100 12 48
100 13 57
100 14 51
100 15 42
100 16 37
100 17 48
100 18 57
100 19 42
100 20 57
100 21 39
100 22 43
100 23 44
100 24 48
100 25 43
100 26 46
100 27 59
100 28 43
100 29 41
100 30 59
100 31 45
100 32 47
100 33 38
100 34 39
100 35 40
100 36 57
100 37 45
100 38 43
100 39 55
100 40 53
100 41 49
100 42 53
100 43 56
100 44 51
100 45 36
100 46 37
100 47 49
100 48 54
100 49 40
100 50 59
100 51 41
100 52 50
100 53 38
100 54 41
100 55 48
100 56 39
100 57 42
100 58 47
100 59 48
100 60 58
100 61 60
100 62 35
100 63 42
100 64 56
100 65 49
100 66 52
100 67 45
100 68 52
100 69 45
100 70 53
100 71 58
100 72 36
100 73 36
100 74 45
100 75 41
100 76 37
100 77 52
100 78 39
100 79 47
100 80 42
100 81 41
100 82 52
100 83 46
100 84 38
100 85 50
100 86 42
100 87 42
100 88 53
100 89 36
100 90 36
100 91 44
100 92 44
100 93 42
100 94 54
100 95 47
100 96 60
100 97 56
100 98 40
100 99 57
100 100 0
100 101 57
100 102 37
100 103 58
100 104 50
100 105 52
100 106 53
100 107 43
100 108 38
100 109 54
100 110 39
100 111 37
100 112 51
100 113 47
100 114 40
100 115 39
100 116 55
100 117 39
100 118 38
100 119 60
100 120 50
100 121 49
100 122 36
100 123 37
100 124 54
100 125 49
100 126 57
100 127 54
100 128 44
100 129 35
100 130 45
100 131 57
100 132 42
100 133 59
100 134 56
100 135 56
100 136 60
100 137 36
100 138 55
100 139 47
100 140 60
100 141 47
100 142 56
100 143 39
100 144 56
100 145 58
100 146 37
101 1 50
101 2 44
101 3 37
101 4 49
101 5 45
101 6 51
101 7 44
101 8 56
101 9 55
101 10 51
101 11 49
101 12 47
101 13 37
101 14 45
101 15 39
101 16 40
101 17 58
101 18 50
101 19 44
101 20 57
101 21 56
101 22 45
101 23 54
101 24 57
101 25 55
101 26 59
101 27 36
101 28 55
101 29 40
101 30 47
101 31 37
101 32 43
101 33 40
101 34 55
101 35 50
101 36 39
101 37 35
101 38 44
101 39 54
101 40 55
101 41 56
101 42 53
101 43 35
101 44 52
101 45 60
101 46 59
101 47 43
101 48 51
101 49 54
101 50 41
101 51 54
101 52 52
101 53 35
101 54 38
101 55 57
101 56 57
101 57 41
101 58 42
101 59 38
101 60 57
101 61 47
101 62 55
101 63 41
101 64 54
101 65 54
101 66 50
101 67 57
101 68 45
101 69 39
101 70 47
101 71 44
101 72 35
101 73 53
101 74 58
101 75 56
101 76 43
101 77 37
101 78 38
101 79 43
101 80 52
101 81 40
101 82 36
101 83 39
101 84 58
101 85 57
101 86 46
101 87 56
101 88 58
101 89 40
101 90 50
101 91 42
101 92 42
101 93 49
101 94 55
101 95 43
101 96 35
101 97 56
101 98 36
101 99 40
101 100 53
101 101 0
101 102 60
101 103 51
101 104 48
101 105 54
101 106 49
101 107 40
101 108 56
101 109 36
101 110 48
101 111 38
101 112 54
101 113 45
101 114 36
101 115 53
101 116 35
101 117 57
101 118 43
101 119 45
101 120 48
101 121 46
101 122 57
101 123 49
101 124 48
101 125 41
101 126 54
101 127 47
101 128 51
101 129 36
101 130 48
101 131 46
101 132 44
101 133 54
101 134 50
101 135 46
101 136 50
101 137 38
101 138 38
101 139 45
101 140 60
101 141 40
101 142 51
101 143 40
101 144 38
101 145 43
101 146 37
102 1 35
102 2 49
102 3 44
102 4 35
102 5 59
102 6 56
102 7 59
102 8 35
102 9 55
102 10 56
102 11 40
102 12 53
102 13 51
102 14 53
102 15 54
102 16 46
102 17 52
102 18 44
102 19 53
102 20 54
102 21 49
102 22 49
102 23 44
102 24 43
102 25 42
102 26 60
102 27 58
102 28 47
102 29 57
102 30 44
102 31 42
102 32 36
102 33 36
102 34 47
102 35 47
102 36 47
102 37 53
102 38 51
102 39 43
102 40 48
102 41 60
102 42 37
102 43 48
102 44 41
102 45 60
102 46 60
102 47 39
102 48 40
102 49 42
102 50 55
102 51 41
102 52 43
102 53 49
102 54 37
102 55 48
102 56 56
102 57 60
102 58 50
102 59 39
102 60 52
102 61 41
102 62 55
102 63 36
102 64 47
102 65 36
102 66 59
102 67 46
102 68 57
102 69 42
102 70 53
102 71 45
102 72 60
102 73 44
102 74 39
102 75 55
102 76 41
102 77 39
102 78 51
102 79 44
102 80 43
102 81 46
102 82 39
102 83 39
102 84 36
102 85 35
102 86 60
102 87 40
102 88 49
102 89 47
102 90 35
102 91 58
102 92 39
102 93 59
102 94 55
102 95 41
102 96 57
102 97 40
102 98 58
102 99 60
102 100 39
102 101 56
102 102 0
102 103 47
102 104 54
102 105 38
102 106 56
102 107 56
102 108 56
102 109 49
102 110 54
102 111 51
102 112 39
102 113 44
102 114 39
102 115 42
102 116 60
102 117 60
102 118 36
102 119 37
102 120 40
102 121 36
102 122 47
102 123 50
102 124 60
102 125 58
102 126 41
102 127 38
102 128 56
102 129 53
102 130 38
102 131 45
102 132 36
102 133 48
102 134 44
102 135 47
102 136 38
102 137 60
102 138 60
102 139 60
102 140 45
102 141 60
102 142 38
102 143 42
102 144 60
102 145 42
102 146 36
103 1 60
103 2 42
103 3 47
103 4 40
103 5 40
103 6 45
103 7 36
103 8 43
103 9 47
103 10 47
103 11 39
103 12 35
103 13 48
103 14 48
103 15 58
103 16 45
103 17 36
103 18 60
103 19 40
103 20 52
103 21 54
103 22 51
103 23 44
103 24 38
103 25 40
103 26 38
103 27 60
103 28 43
103 29 35
103 30 41
103 31 53
103 32 45
103 33 46
103 34 46
103 35 49
103 36 38
103 37 47
103 38 39
103 39 43
103 40 42
103 41 55
103 42 37
103 43 57
103 44 37
103 45 49
103 46 41
103 47 48
103 48 40
103 49 40
103 50 44
103 51 58
103 52 37
103 53 47
103 54 43
103 55 48
103 56 37
103 57 37
103 58 58
103 59 53
103 60 47
103 61 54
103 62 42
103 63 35
103 64 36
103 65 56
103 66 55
103 67 50
103 68 37
103 69 36
103 70 50
103 71 47
103 72 38
103 73 40
103 74 38
103 75 59
103 76 41
103 77 48
103 78 44
103 79 44
103 80 43
103 81 42
103 82 43
103 83 58
103 84 41
103 85 45
103 86 36
103 87 44
103 88 58
103 89 45
103 90 55
103 91 43
103 92 43
103 93 38
103 94 43
103 95 40
103 96 57
103 97 39
103 98 36
103 99 36
103 100 47
103 101 57
103 102 53
103 103 0
103 104 59
103 105 60
103 106 60
103 107 59
103 108 38
103 109 39
103 110 55
103 111 53
103 112 59
103 113 49
103 114 40
103 115 40
103 116 60
103 117 57
103 118 47
103 119 47
103 120 58
103 121 53
103 122 51
103 123 58
103 124 45
103 125 49
103 126 57
103 127 41
103 128 44
103 129 56
103 130 43
103 131 51
103 132 42
103 133 58
103 134 57
103 135 43
103 136 48
103 137 53
103 138 53
103 139 51
103 140 56
103 141 38
103 142 51
103 143 45
103 144 48
103 145 40
103 146 51
104 1 54
104 2 38
104 3 56
104 4 41
104 5 50
104 6 46
104 7 41
104 8 60
104 9 54
104 10 58
104 11 58
104 12 52
104 13 58
104 14 46
104 15 57
104 16 52
104 17 36
104 18 38
104 19 53
104 20 60
104 21 49
104 22 52
104 23 53
104 24 36
104 25 41
104 26 55
104 27 38
104 28 47
104 29 55
104 30 35
104 31 47
104 32 37
104 33 47
104 34 38
104 35 35
104 36 41
104 37 36
104 38 41
104 39 55
104 40 56
104 41 37
104 42 41
104 43 48
104 44 47
104 45 49
104 46 48
104 47 53
104 48 37
104 49 38
104 50 37
104 51 39
104 52 41
104 53 56
104 54 42
104 55 50
104 56 42
104 57 55
104 58 49
104 59 40
104 60 36
104 61 36
104 62 53
104 63 48
104 64 57
104 65 51
104 66 43
104 67 38
104 68 37
104 69 45
104 70 37
104 71 41
104 72 42
104 73 36
104 74 46
104 75 48
104 76 41
104 77 51
104 78 52
104 79 41
104 80 40
104 81 60
104 82 42
104 83 48
104 84 56
104 85 37
104 86 46
104 87 41
104 88 60
104 89 50
104 90 59
104 91 35
104 92 56
104 93 50
104 94 36
104 95 37
104 96 43
104 97 42
104 98 50
104 99 41
104 100 45
104 101 37
104 102 44
104 103 38
104 104 0
104 105 44
104 106 50
104 107 46
104 108 52
104 109 58
104 110 46
104 111 53
104 112 49
104 113 57
104 114 58
104 115 36
104 116 59
104 117 60
104 118 53
104 119 51
104 120 41
104 121 56
104 122 57
104 123 49
104 124 41
104 125 54
104 126 41
104 127 50
104 128 39
104 129 48
104 130 55
104 131 55
104 132 57
104 133 42
104 134 38
104 135 42
104 136 59
104 137 38
104 138 56
104 139 35
104 140 45
104 141 35
104 142 36
104 143 38
104 144 48
104 145 37
104 146 51
105 1 49
105 2 39
105 3 41
105 4 59
105 5 39
105 6 41
105 7 36
105 8 40
105 9 35
105 10 38
105 11 60
105 12 37
105 13 38
105 14 36
105 15 43
105 16 58
105 17 39
105 18 43
105 19 47
105 20 51
105 21 40
105 22 57
105 23 42
105 24 38
105 25 57
105 26 37
105 27 36
105 28 47
105 29 48
105 30 39
105 31 59
105 32 46
105 33 40
105 34 49
105 35 55
105 36 41
105 37 39
105 38 35
105 39 35
105 40 46
105 41 46
105 42 58
105 43 40
105 44 39
105 45 55
105 46 54
105 47 40
105 48 44
105 49 42
105 50 36
105 51 35
105 52 55
105 53 35
105 54 52
105 55 54
105 56 45
105 57 39
105 58 47
105 59 57
105 60 59
105 61 36
105 62 43
105 63 51
105 64 38
105 65 37
105 66 59
105 67 42
105 68 41
105 69 44
105 70 36
105 71 55
105 72 42
105 73 40
105 74 36
105 75 49
105 76 52
105 77 46
105 78 47
105 79 55
105 80 58
105 81 45
105 82 39
105 83 43
105 84 52
105 85 40
105 86 54
105 87 56
105 88 42
105 89 59
105 90 38
105 91 38
105 92 48
105 93 51
105 94 53
105 95 54
105 96 39
105 97 45
105 98 47
105 99 40
105 100 47
105 101 53
105 102 37
105 103 53
105 104 57
105 105 0
105 106 59
105 107 52
105 108 47
105 109 38
105 110 55
105 111 54
105 112 37
105 113 54
105 114 39
105 115 42
105 116 48
105 117 52
105 118 47
105 119 53
105 120 56
105 121 45
105 122 41
105 123 51
105 124 57
105 125 44
105 126 39
105 127 42
105 128 41
105 129 46
105 130 41
105 131 50
105 132 60
105 133 49
105 134 39
105 135 37
105 136 52
105 137 55
105 138 55
105 139 36
105 140 37
105 141 42
105 142 50
105 143 44
105 144 57
105 145 37
105 146 57
106 1 36
106 2 50
106 3 36
106 4 53
106 5 59
106 6 44
106 7 58
106 8 56
106 9 37
106 10 56
106 11 54
106 12 37
106 13 36
106 14 50
106 15 52
106 16 39
106 17 45
106 18 44
106 19 59
106 20 53
106 21 38
106 22 48
106 23 47
106 24 35
106 25 46
106 26 35
106 27 52
106 28 35
106 29 37
106 30 52
106 31 48
106 32 41
106 33 38
106 34 56
106 35 49
106 36 38
106 37 43
106 38 45
106 39 42
106 40 39
106 41 45
106 42 46
106 43 54
106 44 58
106 45 58
106 46 57
106 47 35
106 48 49
106 49 59
106 50 51
106 51 44
106 52 55
106 53 59
106 54 47
106 55 57
106 56 51
106 57 40
106 58 58
106 59 57
106 60 44
106 61 58
106 62 45
106 63 48
106 64 55
106 65 55
106 66 37
106 67 44
106 68 54
106 69 39
106 70 38
106 71 54
106 72 43
106 73 56
106 74 46
106 75 49
106 76 51
106 77 60
106 78 48
106 79 42
106 80 37
106 81 58
106 82 36
106 83 40
106 84 42
106 85 58
106 86 43
106 87 51
106 88 39
106 89 52
106 90 50
106 91 49
106 92 36
106 93 50
106 94 48
106 95 39
106 96 45
106 97 42
106 98 59
106 99 58
106 100 35
106 101 44
106 102 51
106 103 53
106 104 53
106 105 58
106 106 0
106 107 47
106 108 51
106 109 58
106 110 55
106 111 41
106 112 41
106 113 49
106 114 58
106 115 45
106 116 55
106 117 48
106 118 39
106 119 48
106 120 59
106 121 41
106 122 54
106 123 54
106 124 40
106 125 58
106 126 51
106 127 52
106 128 47
106 129 55
106 130 39
106 131 49
106 132 60
106 133 37
106 134 47
106 135 46
106 136 36
106 137 55
106 138 48
106 139 54
106 140 56
106 141 54
106 142 48
106 143 42
106 144 43
106 145 40
106 146 42
107 1 56
107 2 42
107 3 47
107 4 45
107 5 44
107 6 59
107 7 56
107 8 42
107 9 52
107 10 44
107 11 47
107 12 51
107 13 55
107 14 59
107 15 47
107 16 35
107 17 57
107 18 51
107 19 43
107 20 47
107 21 57
107 22 58
107 23 53
107 24 50
107 25 35
107 26 41
107 27 50
107 28 46
107 29 39
107 30 42
107 31 39
107 32 38
107 33 35
107 34 49
107 35 52
107 36 39
107 37 54
107 38 51
107 39 54
107 40 59
107 41 57
107 42 46
107 43 58
107 44 57
107 45 36
107 46 52
107 47 50
107 48 58
107 49 45
107 50 56
107 51 44
107 52 45
107 53 41
107 54 35
107 55 39
107 56 51
107 57 46
107 58 51
107 59 52
107 60 47
107 61 54
107 62 48
107 63 38
107 64 45
107 65 51
107 66 45
107 67 60
107 68 37
107 69 50
107 70 42
107 71 49
107 72 41
107 73 55
107 74 43
107 75 37
107 76 59
107 77 52
107 78 54
107 79 36
107 80 42
107 81 45
107 82 42
107 83 39
107 84 59
107 85 54
107 86 51
107 87 56
107 88 40
107 89 47
107 90 53
107 91 56
107 92 49
107 93 47
107 94 44
107 95 60
107 96 49
107 97 55
107 98 44
107 99 35
107 100 48
107 101 54
107 102 36
107 103 58
107 104 41
107 105 49
107 106 45
107 107 0
107 108 50
107 109 35
107 110 56
107 111 36
107 112 40
107 113 50
107 114 35
107 115 38
107 116 57
107 117 49
107 118 35
107 119 47
107 120 43
107 121 39
107 122 59
107 123 46
107 124 58
107 125 46
107 126 55
107 127 49
107 128 42
107 129 52
107 130 38
107 131 41
107 132 40
107 133 43
107 134 38
107 135 44
107 136 36
107 137 44
107 138 58
107 139 54
107 140 41
107 141 50
107 142 41
107 143 57
107 144 35
107 145 40
107 146 49
108 1 35
108 2 45
108 3 51
108 4 47
108 5 54
108 6 35
108 7 47
108 8 59
108 9 53
108 10 38
108 11 43
108 12 47
108 13 47
108 14 40
108 15 45
108 16 35
108 17 47
108 18 55
108 19 39
108 20 52
108 21 51
108 22 41
108 23 42
108 24 57
108 25 43
108 26 48
108 27 46
108 28 48
108 29 48
108 30 35
108 31 44
108 32 56
108 33 41
108 34 58
108 35 44
108 36 51
108 37 44
108 38 35
108 39 45
108 40 57
108 41 39
108 42 55
108 43 51
108 44 44
108 45 46
108 46 47
108 47 51
108 48 45
108 49 37
108 50 49
108 51 54
108 52 36
108 53 51
108 54 38
108 55 44
108 56 36
108 57 48
108 58 48
108 59 47
108 60 55
108 61 39
108 62 53
108 63 39
108 64 53
108 65 35
108 66 45
108 67 57
108 68 59
108 69 45
108 70 58
108 71 38
108 72 53
108 73 45
108 74 39
108 75 50
108 76 60
108 77 52
108 78 37
108 79 48
108 80 46
108 81 49
108 82 52
108 83 41
108 84 45
108 85 58
108 86 36
108 87 47
108 88 41
108 89 51
108 90 59
108 91 60
108 92 42
108 93 43
108 94 57
108 95 35
108 96 43
108 97 60
108 98 41
108 99 43
108 100 39
108 101 45
108 102 59
108 103 43
108 104 38
108 105 41
108 106 46
108 107 35
108 108 0
108 109 59
108 110 57
108 111 44
108 112 60
108 113 41
108 114 48
108 115 53
108 116 56
108 117 52
108 118 45
108 119 39
108 120 49
108 121 59
108 122 43
108 123 40
108 124 54
108 125 38
108 126 37
108 127 60
108 128 42
108 129 41
108 130 56
108 131 49
108 132 52
108 133 36
108 134 39
108 135 55
108 136 54
108 137 46
108 138 47
108 139 56
108 140 51
108 141 36
108 142 49
108 143 52
108 144 47
108 145 40
108 146 53
109 1 52
109 2 35
109 3 50
109 4 60
109 5 57
109 6 42
109 7 38
109 8 42
109 9 59
109 10 50
109 11 46
109 12 42
109 13 44
109 14 40
109 15 54
109 16 52
109 17 60
109 18 57
109 19 40
109 20 36
109 21 35
109 22 50
109 23 46
109 24 47
109 25 37
109 26 59
109 27 40
109 28 46
109 29 48
109 30 40
109 31 45
109 32 52
109 33 39
109 34 56
109 35 46
109 36 36
109 37 54
109 38 42
109 39 35
109 40 54
109 41 47
109 42 53
109 43 52
109 44 48
109 45 49
109 46 58
109 47 50
109 48 53
109 49 39
109 50 51
109 51 60
109 52 55
109 53 37
109 54 38
109 55 37
109 56 44
109 57 45
109 58 47
109 59 40
109 60 59
109 61 44
109 62 48
109 63 50
109 64 56
109 65 43
109 66 58
109 67 59
109 68 43
109 69 39
109 70 47
109 71 37
109 72 49
109 73 60
109 74 46
109 75 40
109 76 50
109 77 60
109 78 56
109 79 37
109 80 48
109 81 51
109 82 35
109 83 51
109 84 56
109 85 35
109 86 45
109 87 48
109 88 44
109 89 51
109 90 40
109 91 37
109 92 55
109 93 35
109 94 43
109 95 48
109 96 53
109 97 37
109 98 56
109 99 44
109 100 51
109 101 51
109 102 57
109 103 54
109 104 56
109 105 58
109 106 60
109 107 56
109 108 39
109 109 0
109 110 58
109 111 43
109 112 55
109 113 43
109 114 54
109 115 40
109 116 58
109 117 56
109 118 40
109 119 45
109 120 53
109 121 60
109 122 60
109 123 39
109 124 37
109 125 39
109 126 35
109 127 51
109 128 42
109 129 50
109 130 44
109 131 58
109 132 57
109 133 35
109 134 47
109 135 53
109 136 35
109 137 36
109 138 54
109 139 46
109 140 53
109 141 47
109 142 44
109 143 48
109 144 51
109 145 54
109 146 58
110 1 52
110 2 56
110 3 57
110 4 49
110 5 54
110 6 44
110 7 39
110 8 49
110 9 47
110 10 50
110 11 44
110 12 52
110 13 36
110 14 54
110 15 57
110 16 58
110 17 52
110 18 60
110 19 36
110 20 46
110 21 55
110 22 44
110 23 36
110 24 50
110 25 51
110 26 37
110 27 44
110 28 52
110 29 59
110 30 43
110 31 54
110 32 51
110 33 45
110 34 47
110 35 49
110 36 60
110 37 38
110 38 40
110 39 51
110 40 40
110 41 35
110 42 58
110 43 38
110 44 41
110 45 39
110 46 53
110 47 45
110 48 53
110 49 48
110 50 42
110 51 58
110 52 37
110 53 50
110 54 56
110 55 48
110 56 57
110 57 46
110 58 55
110 59 51
110 60 41
110 61 37
110 62 47
110 63 41
110 64 44
110 65 54
110 66 55
110 67 58
110 68 59
110 69 52
110 70 35
110 71 36
110 72 51
110 73 54
110 74 57
110 75 56
110 76 49
110 77 40
110 78 60
110 79 55
110 80 45
110 81 41
110 82 56
110 83 57
110 84 38
110 85 47
110 86 44
110 87 48
110 88 48
110 89 51
110 90 48
110 91 44
110 92 44
110 93 51
110 94 43
110 95 43
110 96 45
110 97 37
110 98 39
110 99 41
110 100 60
110 101 59
110 102 60
110 103 49
110 104 45
110 105 48
110 106 35
110 107 47
110 108 38
110 109 43
110 110 0
110 111 46
110 112 49
110 113 46
110 114 39
110 115 56
110 116 38
110 117 51
110 118 57
110 119 36
110 120 48
110 121 36
110 122 38
110 123 59
110 124 54
110 125 53
110 126 43
110 127 58
110 128 58
110 129 55
110 130 60
110 131 35
110 132 54
110 133 48
110 134 38
110 135 56
110 136 39
110 137 39
110 138 36
110 139 54
110 140 43
110 141 39
110 142 42
110 143 40
110 144 40
110 145 58
110 146 56
111 1 53
111 2 42
111 3 37
111 4 48
111 5 56
111 6 43
111 7 53
111 8 39
111 9 46
111 10 47
111 11 36
111 12 35
111 13 50
111 14 48
111 15 43
111 16 46
111 17 58
111 18 45
111 19 49
111 20 37
111 21 37
111 22 44
111 23 46
111 24 58
111 25 51
111 26 38
111 27 39
111 28 56
111 29 41
111 30 46
111 31 55
111 32 44
111 33 53
111 34 48
111 35 47
111 36 38
111 37 57
111 38 50
111 39 52
111 40 48
111 41 41
111 42 38
111 43 44
111 44 41
111 45 59
111 46 44
111 47 38
111 48 49
111 49 58
111 50 49
111 51 38
111 52 55
111 53 40
111 54 58
111 55 50
111 56 38
111 57 44
111 58 49
111 59 58
111 60 36
111 61 37
111 62 50
111 63 39
111 64 46
111 65 48
111 66 36
111 67 39
111 68 48
111 69 44
111 70 48
111 71 55
111 72 60
111 73 36
111 74 53
111 75 49
111 76 53
111 77 43
111 78 41
111 79 60
111 80 54
111 81 35
111 82 35
111 83 40
111 84 42
111 85 42
111 86 45
111 87 51
111 88 50
111 89 38
111 90 52
111 91 43
111 92 42
111 93 59
111 94 37
111 95 36
111 96 52
111 97 53
111 98 38
111 99 57
111 100 37
111 101 35
111 102 39
111 103 41
111 104 49
111 105 42
111 106 58
111 107 40
111 108 35
111 109 48
111 110 38
111 111 0
111 112 41
111 113 43
111 114 57
111 115 60
111 116 60
111 117 52
111 118 47
111 119 35
111 120 43
111 121 58
111 122 51
111 123 40
111 124 43
111 125 40
111 126 43
111 127 40
111 128 43
111 129 58
111 130 59
111 131 48
111 132 53
111 133 54
111 134 37
111 135 40
111 136 43
111 137 53
111 138 43
111 139 44
111 140 50
111 141 42
111 142 41
111 143 55
111 144 49
111 145 36
111 146 58
112 1 42
112 2 43
112 3 42
112 4 39
112 5 39
112 6 36
112 7 41
112 8 60
112 9 43
112 10 43
112 11 48
112 12 51
112 13 51
112 14 60
112 15 39
112 16 46
112 17 39
112 18 48
112 19 49
112 20 35
112 21 42
112 22 37
112 23 46
112 24 41
112 25 40
112 26 57
112 27 49
112 28 57
112 29 53
112 30 49
112 31 41
112 32 44
112 33 47
112 34 50
112 35 54
112 36 37
112 37 39
112 38 58
112 39 55
112 40 50
112 41 42
112 42 60
112 43 39
112 44 49
112 45 38
112 46 51
112 47 42
112 48 55
112 49 35
112 50 53
112 51 50
112 52 47
112 53 46
112 54 50
112 55 50
112 56 40
112 57 52
112 58 58
112 59 45
112 60 59
112 61 52
112 62 40
112 63 50
112 64 52
112 65 58
112 66 55
112 67 47
112 68 53
112 69 51
112 70 45
112 71 35
112 72 50
112 73 44
112 74 45
112 75 53
112 76 51
112 77 42
112 78 43
112 79 35
112 80 37
112 81 54
112 82 51
112 83 38
112 84 43
112 85 51
112 86 54
112 87 58
112 88 47
112 89 55
112 90 42
112 91 45
112 92 43
112 93 46
112 94 54
112 95 48
112 96 36
112 97 38
112 98 60
112 99 39
112 100 48
112 101 39
112 102 55
112 103 40
112 104 40
112 105 37
112 106 41
112 107 44
112 108 55
112 109 42
112 110 59
112 111 60
112 112 0
112 113 37
112 114 36
112 115 50
112 116 37
112 117 60
112 118 42
112 119 56
112 120 59
112 121 48
112 122 60
112 123 54
112 124 36
112 125 43
112 126 35
112 127 40
112 128 60
112 129 41
112 130 45
112 131 38
112 132 44
112 133 40
112 134 49
112 135 46
112 136 55
112 137 49
112 138 49
112 139 46
112 140 45
112 141 42
112 142 41
112 143 39
112 144 50
112 145 55
112 146 55
113 1 42
113 2 51
113 3 59
113 4 38
113 5 53
113 6 58
113 7 59
113 8 60
113 9 48
113 10 50
113 11 56
113 12 37
113 13 39
113 14 37
113 15 51
113 16 41
113 17 46
113 18 43
113 19 55
113 20 53
113 21 51
113 22 39
113 23 56
113 24 40
113 25 43
113 26 50
113 27 55
113 28 41
113 29 60
113 30 38
113 31 37
113 32 52
113 33 48
113 34 52
113 35 55
113 36 57
113 37 37
113 38 53
113 39 51
113 40 46
113 41 46
113 42 41
113 43 55
113 44 50
113 45 50
113 46 55
113 47 36
113 48 52
113 49 50
113 50 49
113 51 56
113 52 54
113 53 51
113 54 41
113 55 36
113 56 43
113 57 52
113 58 58
113 59 37
113 60 58
113 61 40
113 62 55
113 63 52
113 64 47
113 65 55
113 66 43
113 67 36
113 68 49
113 69 60
113 70 38
113 71 46
113 72 41
113 73 48
113 74 59
113 75 59
113 76 38
113 77 45
113 78 50
113 79 57
113 80 39
113 81 52
113 82 51
113 83 57
113 84 52
113 85 43
113 86 42
113 87 50
113 88 47
113 89 52
113 90 55
113 91 35
113 92 45
113 93 49
113 94 56
113 95 37
113 96 53
113 97 53
113 98 50
113 99 55
113 100 44
113 101 39
113 102 59
113 103 46
113 104 43
113 105 51
113 106 49
113 107 52
113 108 36
113 109 41
113 110 40
113 111 60
113 112 43
113 113 0
113 114 51
113 115 41
113 116 59
113 117 51
113 118 53
113 119 60
113 120 50
113 121 47
113 122 59
113 123 50
113 124 44
113 125 46
113 126 40
113 127 56
113 128 36
113 129 60
113 130 38
113 131 58
113 132 60
113 133 58
113 134 59
113 135 58
113 136 35
113 137 36
113 138 52
113 139 35
113 140 48
113 141 51
113 142 42
113 143 51
113 144 40
113 145 37
113 146 47
114 1 47
114 2 36
114 3 58
114 4 55
114 5 52
114 6 46
114 7 39
114 8 51
114 9 57
114 10 47
114 11 49
114 12 53
114 13 59
114 14 53
114 15 38
114 16 41
114 17 58
114 18 51
114 19 52
114 20 52
114 21 56
114 22 56
114 23 52
114 24 42
114 25 59
114 26 53
114 27 49
114 28 49
114 29 52
114 30 39
114 31 37
114 32 48
114 33 45
114 34 50
114 35 35
114 36 35
114 37 35
114 38 38
114 39 54
114 40 51
114 41 51
114 42 44
114 43 46
114 44 43
114 45 52
114 46 60
114 47 40
114 48 37
114 49 38
114 50 54
114 51 47
114 52 50
114 53 45
114 54 50
114 55 43
114 56 52
114 57 45
114 58 56
114 59 45
114 60 58
114 61 58
114 62 51
114 63 45
114 64 47
114 65 57
114 66 50
114 67 60
114 68 38
114 69 48
114 70 37
114 71 49
114 72 48
114 73 40
114 74 36
114 75 57
114 76 42
114 77 42
114 78 48
114 79 37
114 80 42
114 81 57
114 82 50
114 83 48
114 84 59
114 85 47
114 86 40
114 87 43
114 88 48
114 89 49
114 90 48
114 91 49
114 92 51
114 93 42
114 94 57
114 95 37
114 96 59
114 97 55
114 98 55
114 99 43
114 100 59
114 101 46
114 102 39
114 103 58
114 104 48
114 105 42
114 106 52
114 107 41
114 108 50
114 109 55
114 110 56
114 111 50
114 112 47
114 113 35
114 114 0
114 115 54
114 116 40
114 117 42
114 118 42
114 119 58
114 120 55
114 121 49
114 122 35
114 123 53
114 124 49
114 125 52
114 126 48
114 127 42
114 128 42
114 129 54
114 130 44
114 131 49
114 132 35
114 133 46
114 134 37
114 135 48
114 136 43
114 137 40
114 138 50
114 139 56
114 140 55
114 141 55
114 142 41
114 143 59
114 144 37
114 145 50
114 146 59
115 1 59
115 2 53
115 3 40
115 4 40
115 5 57
115 6 45
115 7 38
115 8 48
115 9 40
115 10 55
115 11 35
115 12 44
115 13 38
115 14 40
115 15 56
115 16 37
115 17 58
115 18 47
115 19 47
115 20 53
115 21 48
115 22 41
115 23 54
115 24 44
115 25 59
115 26 56
115 27 55
115 28 35
115 29 51
115 30 48
115 31 59
115 32 40
115 33 46
115 34 58
115 35 43
115 36 55
115 37 39
115 38 55
115 39 47
115 40 37
115 41 43
115 42 40
115 43 55
115 44 42
115 45 56
115 46 49
115 47 57
115 48 36
115 49 56
115 50 43
115 51 40
115 52 42
115 53 53
115 54 59
115 55 59
115 56 48
115 57 54
115 58 43
115 59 47
115 60 56
115 61 45
115 62 55
115 63 47
115 64 51
115 65 49
115 66 58
115 67 47
115 68 57
115 69 48
115 70 60
115 71 45
115 72 55
115 73 56
115 74 38
115 75 51
115 76 37
115 77 50
115 78 52
115 79 36
115 80 44
115 81 38
115 82 37
115 83 46
115 84 44
115 85 46
115 86 52
115 87 57
115 88 59
115 89 48
115 90 41
115 91 50
115 92 39
115 93 59
115 94 42
115 95 50
115 96 39
115 97 55
115 98 35
115 99 49
115 100 42
115 101 52
115 102 58
115 103 53
115 104 41
115 105 37
115 106 46
115 107 39
115 108 56
115 109 50
115 110 49
115 111 55
115 112 43
115 113 45
115 114 40
115 115 0
115 116 39
115 117 58
115 118 47
115 119 60
115 120 37
115 121 59
115 122 42
115 123 37
115 124 37
115 125 37
115 126 42
115 127 58
115 128 55
115 129 53
115 130 40
115 131 50
115 132 53
115 133 37
115 134 48
115 135 41
115 136 53
115 137 56
115 138 46
115 139 46
115 140 47
115 141 59
115 142 53
115 143 52
115 144 45
115 145 53
115 146 42
116 1 44
116 2 38
116 3 35
116 4 41
116 5 41
116 6 58
116 7 57
116 8 49
116 9 46
116 10 56
116 11 51
116 12 59
116 13 48
116 14 47
116 15 54
116 16 54
116 17 50
116 18 44
116 19 45
116 20 43
116 21 49
116 22 54
116 23 57
116 24 55
116 25 46
116 26 56
116 27 54
116 28 45
116 29 58
116 30 48
116 31 47
116 32 50
116 33 53
116 34 44
116 35 45
116 36 54
116 37 54
116 38 52
116 39 39
116 40 42
116 41 55
116 42 55
116 43 47
116 44 42
116 45 43
116 46 49
116 47 51
116 48 43
116 49 60
116 50 46
116 51 44
116 52 55
116 53 48
116 54 53
116 55 43
116 56 50
116 57 52
116 58 40
116 59 50
116 60 49
116 61 46
116 62 46
116 63 53
116 64 55
116 65 51
116 66 53
116 67 45
116 68 57
116 69 54
116 70 35
116 71 59
116 72 40
116 73 57
116 74 45
116 75 45
116 76 38
116 77 37
116 78 58
116 79 50
116 80 48
116 81 51
116 82 49
116 83 60
116 84 59
116 85 39
116 86 60
116 87 43
116 88 36
116 89 57
116 90 54
116 91 36
116 92 42
116 93 40
116 94 38
116 95 53
116 96 36
116 97 42
116 98 47
116 99 47
116 100 60
116 101 50
116 102 47
116 103 53
116 104 57
116 105 59
116 106 59
116 107 60
116 108 43
116 109 48
116 110 45
116 111 57
116 112 41
116 113 45
116 114 56
116 115 41
116 116 0
116 117 41
116 118 37
116 119 48
116 120 49
116 121 59
116 122 50
116 123 41
116 124 58
116 125 56
116 126 58
116 127 44
116 128 43
116 129 41
116 130 46
116 131 58
116 132 44
116 133 59
116 134 41
116 135 42
116 136 40
116 137 49
116 138 59
116 139 44
116 140 43
116 141 51
116 142 41
116 143 52
116 144 54
116 145 59
116 146 50
117 1 47
117 2 57
117 3 58
117 4 47
117 5 40
117 6 36
117 7 35
117 8 37
117 9 59
117 10 37
117 11 51
117 12 55
117 13 43
117 14 39
117 15 42
117 16 35
117 17 51
117 18 35
117 19 50
117 20 50
117 21 37
117 22 38
117 23 51
117 24 44
117 25 59
117 26 38
117 27 43
117 28 55
117 29 56
117 30 38
117 31 41
117 32 51
117 33 37
117 34 56
117 35 35
117 36 41
117 37 54
117 38 57
117 39 37
117 40 55
117 41 59
117 42 59
117 43 59
117 44 40
117 45 37
117 46 60
117 47 50
117 48 55
117 49 44
117 50 40
117 51 48
117 52 60
117 53 45
117 54 52
117 55 60
117 56 42
117 57 45
117 58 44
117 59 56
117 60 44
117 61 43
117 62 42
117 63 36
117 64 44
117 65 43
117 66 42
117 67 59
117 68 49
117 69 49
117 70 35
117 71 56
117 72 40
117 73 41
117 74 57
117 75 37
117 76 47
117 77 52
117 78 39
117 79 54
117 80 48
117 81 42
117 82 59
117 83 55
117 84 36
117 85 37
117 86 55
117 87 51
117 88 39
117 89 39
117 90 60
117 91 36
117 92 49
117 93 54
117 94 38
117 95 57
117 96 42
117 97 38
117 98 39
117 99 51
117 100 51
117 101 57
117 102 35
117 103 55
117 104 52
117 105 39
117 106 43
117 107 35
117 108 44
117 109 59
117 110 39
117 111 42
117 112 55
117 113 48
117 114 46
117 115 53
117 116 50
117 117 0
117 118 36
117 119 38
117 120 51
117 121 46
117 122 37
117 123 39
117 124 56
117 125 49
117 126 48
117 127 53
117 128 37
117 129 50
117 130 44
117 131 59
117 132 48
117 133 39
117 134 59
117 135 40
117 136 49
117 137 42
117 138 48
117 139 40
117 140 39
117 141 60
117 142 44
117 143 47
117 144 50
117 145 55
117 146 56
118 1 36
118 2 54
118 3 60
118 4 60
118 5 51
118 6 45
118 7 49
118 8 45
118 9 35
118 10 51
118 11 51
118 12 48
118 13 46
118 14 53
118 15 52
118 16 38
118 17 45
118 18 38
118 19 36
118 20 40
118 21 54
118 22 60
118 23 42
118 24 51
118 25 54
118 26 58
118 27 42
118 28 49
118 29 55
118 30 59
118 31 38
118 32 41
118 33 37
118 34 43
118 35 56
118 36 58
118 37 55
118 38 35
118 39 59
118 40 58
118 41 36
118 42 42
118 43 38
118 44 47
118 45 49
118 46 45
118 47 46
118 48 38
118 49 47
118 50 54
118 51 46
118 52 45
118 53 55
118 54 42
118 55 51
118 56 52
118 57 48
118 58 40
118 59 59
118 60 37
118 61 55
118 62 57
118 63 43
118 64 58
118 65 37
118 66 37
118 67 53
118 68 60
118 69 58
118 70 45
118 71 57
118 72 57
118 73 52
118 74 36
118 75 53
118 76 52
118 77 54
118 78 38
118 79 48
118 80 43
118 81 54
118 82 55
118 83 42
118 84 48
118 85 41
118 86 41
118 87 39
118 88 45
118 89 52
118 90 41
118 91 56
118 92 35
118 93 57
118 94 59
118 95 53
118 96 40
118 97 39
118 98 42
118 99 50
118 100 51
118 101 40
118 102 37
118 103 39
118 104 59
118 105 38
118 106 59
118 107 44
118 108 57
118 109 58
118 110 50
118 111 51
118 112 47
118 113 60
118 114 58
118 115 58
118 116 38
118 117 60
118 118 0
118 119 54
118 120 59
118 121 49
118 122 58
118 123 39
118 124 38
118 125 35
118 126 46
118 127 43
118 128 43
118 129 40
118 130 45
118 131 47
118 132 60
118 133 42
118 134 49
118 135 42
118 136 56
118 137 48
118 138 45
118 139 35
118 140 45
118 141 40
118 142 35
118 143 41
118 144 56
118 145 51
118 146 51
119 1 39
119 2 44
119 3 52
119 4 59
119 5 43
119 6 48
119 7 35
119 8 59
119 9 41
119 10 36
119 11 47
119 12 58
119 13 43
119 14 35
119 15 41
119 16 45
119 17 39
119 18 42
119 19 53
119 20 55
119 21 40
119 22 36
119 23 40
119 24 53
119 25 56
119 26 42
119 27 43
119 28 41
119 29 57
119 30 37
119 31 39
119 32 56
119 33 58
119 34 52
119 35 35
119 36 55
119 37 46
119 38 50
119 39 49
119 40 38
119 41 36
119 42 52
119 43 53
119 44 49
119 45 48
119 46 40
119 47 36
119 48 42
119 49 53
119 50 59
119 51 50
119 52 40
119 53 54
119 54 56
119 55 40
119 56 37
119 57 60
119 58 37
119 59 50
119 60 38
119 61 55
119 62 35
119 63 42
119 64 36
119 65 49
119 66 48
119 67 42
119 68 43
119 69 41
119 70 48
119 71 39
119 72 42
119 73 55
119 74 36
119 75 37
119 76 51
119 77 51
119 78 56
119 79 40
119 80 44
119 81 50
119 82 47
119 83 58
119 84 46
119 85 42
119 86 54
119 87 45
119 88 55
119 89 60
119 90 56
119 91 59
119 92 47
119 93 43
119 94 45
119 95 58
119 96 37
119 97 37
119 98 59
119 99 56
119 100 54
119 101 59
119 102 43
119 103 39
119 104 38
119 105 56
119 106 43
119 107 48
119 108 42
119 109 36
119 110 36
119 111 35
119 112 51
119 113 59
119 114 50
119 115 59
119 116 45
119 117 46
119 118 41
119 119 0
119 120 57
119 121 56
119 122 59
119 123 51
119 124 51
119 125 60
119 126 40
119 127 51
119 128 57
119 129 36
119 130 43
119 131 45
119 132 39
119 133 51
119 134 49
119 135 38
119 136 37
119 137 42
119 138 39
119 139 43
119 140 37
119 141 44
119 142 42
119 143 49
119 144 53
119 145 44
119 146 54
120 1 40
120 2 54
120 3 46
120 4 51
120 5 46
120 6 60
120 7 58
120 8 51
120 9 52
120 10 58
120 11 40
120 12 42
120 13 44
120 14 50
120 15 48
120 16 57
120 17 36
120 18 58
120 19 43
120 20 39
120 21 49
120 22 37
120 23 58
120 24 53
120 25 60
120 26 50
120 27 52
120 28 45
120 29 40
120 30 54
120 31 48
120 32 35
120 33 50
120 34 54
120 35 43
120 36 57
120 37 46
120 38 46
120 39 35
120 40 48
120 41 43
120 42 49
120 43 42
120 44 58
120 45 50
120 46 56
120 47 42
120 48 38
120 49 49
120 50 48
120 51 54
120 52 48
120 53 51
120 54 39
120 55 39
120 56 40
120 57 38
120 58 52
120 59 47
120 60 36
120 61 46
120 62 58
120 63 39
120 64 45
120 65 59
120 66 48
120 67 47
120 68 41
120 69 60
120 70 41
120 71 60
120 72 44
120 73 50
120 74 41
120 75 58
120 76 51
120 77 60
120 78 59
120 79 59
120 80 38
120 81 47
120 82 38
120 83 55
120 84 49
120 85 60
120 86 60
120 87 42
120 88 45
120 89 59
120 90 42
120 91 40
120 92 39
120 93 52
120 94 59
120 95 41
120 96 43
120 97 35
120 98 37
120 99 54
120 100 47
120 101 39
120 102 46
120 103 47
120 104 53
120 105 52
120 106 48
120 107 57
120 108 41
120 109 48
120 110 53
120 111 57
120 112 41
120 113 40
120 114 47
120 115 37
120 116 55
120 117 37
120 118 54
120 119 52
120 120 0
120 121 50
120 122 55
120 123 39
120 124 45
120 125 36
120 126 47
120 127 48
120 128 59
120 129 47
120 130 37
120 131 39
120 132 50
120 133 50
120 134 53
120 135 36
120 136 56
120 137 52
120 138 40
120 139 54
120 140 44
120 141 37
120 142 40
120 143 57
120 144 47
120 145 42
120 146 35
121 1 46
121 2 36
121 3 49
121 4 52
121 5 58
121 6 50
121 7 57
121 8 55
121 9 43
121 10 58
121 11 51
121 12 53
121 13 43
121 14 52
121 15 52
121 16 58
121 17 53
121 18 58
121 19 55
121 20 59
121 21 37
121 22 39
121 23 39
121 24 60
121 25 44
121 26 52
121 27 38
121 28 42
121 29 39
121 30 35
121 31 47
121 32 55
121 33 42
121 34 57
121 35 54
121 36 55
121 37 58
121 38 48
121 39 38
121 40 47
121 41 36
121 42 55
121 43 49
121 44 38
121 45 37
121 46 45
121 47 44
121 48 60
121 49 53
121 50 51
121 51 40
121 52 38
121 53 41
121 54 37
121 55 58
121 56 47
121 57 38
121 58 47
121 59 47
121 60 43
121 61 46
121 62 41
121 63 35
121 64 51
121 65 35
121 66 37
121 67 49
121 68 51
121 69 35
121 70 58
121 71 39
121 72 36
121 73 41
121 74 52
121 75 60
121 76 44
121 77 59
121 78 41
121 79 42
121 80 55
121 81 37
121 82 37
121 83 46
121 84 36
121 85 37
121 86 41
121 87 43
121 88 55
121 89 39
121 90 57
121 91 42
121 92 47
121 93 35
121 94 45
121 95 36
121 96 43
121 97 35
121 98 39
121 99 43
121 100 35
121 101 54
121 102 53
121 103 39
121 104 38
121 105 55
121 106 60
121 107 46
121 108 57
121 109 43
121 110 55
121 111 36
121 112 54
121 113 35
121 114 51
121 115 56
121 116 50
121 117 43
121 118 47
121 119 41
121 120 60
121 121 0
121 122 43
121 123 48
121 124 48
121 125 56
121 126 50
121 127 36
121 128 40
121 129 39
121 130 53
121 131 53
121 132 39
121 133 50
121 134 35
121 135 53
121 136 35
121 137 58
121 138 50
121 139 35
121 140 36
121 141 38
121 142 54
121 143 51
121 144 59
121 145 50
121 146 57
122 1 38
122 2 42
122 3 52
122 4 48
122 5 46
122 6 59
122 7 60
122 8 58
122 9 41
122 10 52
122 11 35
122 12 59
122 13 54
122 14 47
122 15 49
122 16 35
122 17 60
122 18 52
122 19 40
122 20 52
122 21 60
122 22 37
122 23 39
122 24 40
122 25 49
122 26 42
122 27 46
122 28 52
122 29 55
122 30 43
122 31 51
122 32 56
122 33 44
122 34 46
122 35 55
122 36 39
122 37 45
122 38 45
122 39 50
122 40 47
122 41 52
122 42 42
122 43 43
122 44 53
122 45 60
122 46 37
122 47 39
122 48 48
122 49 55
122 50 36
122 51 46
122 52 40
122 53 37
122 54 37
122 55 37
122 56 48
122 57 48
122 58 38
122 59 49
122 60 38
122 61 45
122 62 47
122 63 40
122 64 48
122 65 37
122 66 50
122 67 45
122 68 50
122 69 55
122 70 57
122 71 53
122 72 60
122 73 59
122 74 43
122 75 52
122 76 59
122 77 58
122 78 55
122 79 53
122 80 51
122 81 36
122 82 36
122 83 56
122 84 60
122 85 35
122 86 37
122 87 60
122 88 54
122 89 49
122 90 45
122 91 53
122 92 51
122 93 49
122 94 52
122 95 48
122 96 46
122 97 55
122 98 38
122 99 51
122 100 41
122 101 48
122 102 55
122 103 38
122 104 38
122 105 38
122 106 41
122 107 48
122 108 36
122 109 49
122 110 48
122 111 45
122 112 44
122 113 53
122 114 43
122 115 59
122 116 52
122 117 53
122 118 51
122 119 48
122 120 44
122 121 55
122 122 0
122 123 38
122 124 56
122 125 48
122 126 39
122 127 45
122 128 58
122 129 39
122 130 35
122 131 54
122 132 38
122 133 37
122 134 46
122 135 53
122 136 45
122 137 45
122 138 40
122 139 49
122 140 43
122 141 60
122 142 50
122 143 37
122 144 44
122 145 44
122 146 53
123 1 49
123 2 59
123 3 35
123 4 50
123 5 47
123 6 35
123 7 60
123 8 55
123 9 57
123 10 38
123 11 60
123 12 37
123 13 42
123 14 36
123 15 36
123 16 56
123 17 49
123 18 38
123 19 40
123 20 39
123 21 42
123 22 52
123 23 42
123 24 52
123 25 55
123 26 52
123 27 45
123 28 36
123 29 60
123 30 44
123 31 39
123 32 47
123 33 41
123 34 38
123 35 49
123 36 46
123 37 52
123 38 52
123 39 58
123 40 51
123 41 50
123 42 51
123 43 43
123 44 46
123 45 46
123 46 41
123 47 59
123 48 60
123 49 51
123 50 38
123 51 39
123 52 41
123 53 54
123 54 59
123 55 57
123 56 50
123 57 49
123 58 46
123 59 44
123 60 51
123 61 35
123 62 45
123 63 57
123 64 37
123 65 36
123 66 58
123 67 53
123 68 41
123 69 38
123 70 59
123 71 51
123 72 60
123 73 56
123 74 44
123 75 43
123 76 56
123 77 41
123 78 55
123 79 35
123 80 57
123 81 39
123 82 50
123 83 59
123 84 57
123 85 60
123 86 56
123 87 60
123 88 45
123 89 39
123 90 37
123 91 39
123 92 43
123 93 53
123 94 42
123 95 38
123 96 53
123 97 52
123 98 38
123 99 53
123 100 54
123 101 39
123 102 54
123 103 45
123 104 49
123 105 55
123 106 52
123 107 52
123 108 35
123 109 57
123 110 38
123 111 58
123 112 37
123 113 45
123 114 45
123 115 48
123 116 46
123 117 38
123 118 51
123 119 43
123 120 60
123 121 54
123 122 57
123 123 0
123 124 53
123 125 54
123 126 52
123 127 56
123 128 55
123 129 46
123 130 52
123 131 59
123 132 60
123 133 48
123 134 37
123 135 36
123 136 50
123 137 50
123 138 52
123 139 37
123 140 58
123 141 45
123 142 44
123 143 49
123 144 45
123 145 60
123 146 48
124 1 45
124 2 55
124 3 50
124 4 57
124 5 37
124 6 42
124 7 56
124 8 57
124 9 44
124 10 46
124 11 42
124 12 60
124 13 50
124 14 38
124 15 46
124 16 57
124 17 41
124 18 53
124 19 50
124 20 38
124 21 57
124 22 51
124 23 37
124 24 36
124 25 47
124 26 56
124 27 35
124 28 53
124 29 36
124 30 39
124 31 55
124 32 37
124 33 38
124 34 54
124 35 43
124 36 48
124 37 46
124 38 47
124 39 53
124 40 37
124 41 48
124 42 50
124 43 47
124 44 50
124 45 50
124 46 35
124 47 41
124 48 51
124 49 47
124 50 47
124 51 49
124 52 37
124 53 44
124 54 60
124 55 56
124 56 51
124 57 49
124 58 48
124 59 36
124 60 36
124 61 51
124 62 35
124 63 45
124 64 41
124 65 38
124 66 42
124 67 40
124 68 55
124 69 44
124 70 55
124 71 56
124 72 46
124 73 37
124 74 38
124 75 53
124 76 35
124 77 59
124 78 55
124 79 55
124 80 41
124 81 45
124 82 57
124 83 52
124 84 53
124 85 38
124 86 46
124 87 49
124 88 54
124 89 58
124 90 49
124 91 37
124 92 41
124 93 48
124 94 48
124 95 56
124 96 49
124 97 52
124 98 45
124 99 35
124 100 40
124 101 44
124 102 47
124 103 52
124 104 49
124 105 53
124 106 52
124 107 49
124 108 52
124 109 54
124 110 35
124 111 59
124 112 41
124 113 41
124 114 38
124 115 51
124 116 58
124 117 49
124 118 48
124 119 47
124 120 41
124 121 47
124 122 57
124 123 57
124 124 0
124 125 36
124 126 44
124 127 46
124 128 40
124 129 56
124 130 50
124 131 51
124 132 40
124 133 42
124 134 48
124 135 57
124 136 56
124 137 47
124 138 60
124 139 39
124 140 46
124 141 43
124 142 48
124 143 47
124 144 58
124 145 37
124 146 48
125 1 58
125 2 54
125 3 56
125 4 49
125 5 57
125 6 59
125 7 36
125 8 52
125 9 57
125 10 38
125 11 47
125 12 60
125 13 59
125 14 35
125 15 36
125 16 45
125 17 59
125 18 55
125 19 52
125 20 57
125 21 57
125 22 60
125 23 53
125 24 40
125 25 37
125 26 50
125 27 49
125 28 56
125 29 59
125 30 42
125 31 45
125 32 60
125 33 56
125 34 56
125 35 56
125 36 44
125 37 38
125 38 35
125 39 59
125 40 45
125 41 60
125 42 59
125 43 47
125 44 60
125 45 35
125 46 46
125 47 55
125 48 58
125 49 54
125 50 45
125 51 52
125 52 43
125 53 42
125 54 55
125 55 60
125 56 41
125 57 40
125 58 57
125 59 58
125 60 47
125 61 49
125 62 41
125 63 42
125 64 48
125 65 38
125 66 37
125 67 54
125 68 40
125 69 39
125 70 56
125 71 52
125 72 40
125 73 48
125 74 54
125 75 40
125 76 55
125 77 56
125 78 56
125 79 37
125 80 44
125 81 54
125 82 38
125 83 54
125 84 57
125 85 42
125 86 55
125 87 47
125 88 58
125 89 36
125 90 38
125 91 45
125 92 55
125 93 39
125 94 59
125 95 48
125 96 57
125 97 46
125 98 36
125 99 52
125 100 57
125 101 49
125 102 43
125 103 51
125 104 51
125 105 46
125 106 52
125 107 39
125 108 41
125 109 56
125 110 59
125 111 50
125 112 50
125 113 35
125 114 52
125 115 42
125 116 55
125 117 58
125 118 42
125 119 55
125 120 44
125 121 47
125 122 46
125 123 56
125 124 59
125 125 0
125 126 39
125 127 58
125 128 59
125 129 57
125 130 50
125 131 53
125 132 60
125 133 56
125 134 55
125 135 51
125 136 39
125 137 58
125 138 50
125 139 41
125 140 49
125 141 56
125 142 39
125 143 42
125 144 36
125 145 40
125 146 46
126 1 49
126 2 35
126 3 57
126 4 56
126 5 48
126 6 55
126 7 54
126 8 58
126 9 45
126 10 52
126 11 47
126 12 59
126 13 46
126 14 38
126 15 51
126 16 56
126 17 56
126 18 48
126 19 50
126 20 35
126 21 50
126 22 41
126 23 60
126 24 53
126 25 35
126 26 38
126 27 41
126 28 51
126 29 45
126 30 41
126 31 35
126 32 37
126 33 50
126 34 44
126 35 54
126 36 42
126 37 44
126 38 40
126 39 51
126 40 56
126 41 58
126 42 54
126 43 51
126 44 35
126 45 37
126 46 50
126 47 38
126 48 40
126 49 51
126 50 41
126 51 50
126 52 36
126 53 44
126 54 47
126 55 54
126 56 37
126 57 44
126 58 41
126 59 44
126 60 58
126 61 38
126 62 46
126 63 38
126 64 40
126 65 42
126 66 57
126 67 39
126 68 36
126 69 36
126 70 39
126 71 51
126 72 48
126 73 60
126 74 51
126 75 51
126 76 52
126 77 56
126 78 55
126 79 51
126 80 59
126 81 45
126 82 45
126 83 39
126 84 36
126 85 35
126 86 49
126 87 60
126 88 35
126 89 35
126 90 49
126 91 57
126 92 53
126 93 48
126 94 56
126 95 51
126 96 45
126 97 36
126 98 40
126 99 55
126 100 56
126 101 37
126 102 51
126 103 44
126 104 45
126 105 52
126 106 39
126 107 56
126 108 53
126 109 55
126 110 36
126 111 39
126 112 45
126 113 55
126 114 54
126 115 39
126 116 50
126 117 56
126 118 47
126 119 55
126 120 40
126 121 54
126 122 50
126 123 44
126 124 59
126 125 44
126 126 0
126 127 60
126 128 57
126 129 36
126 130 39
126 131 45
126 132 37
126 133 57
126 134 35
126 135 57
126 136 59
126 137 59
126 138 47
126 139 57
126 140 56
126 141 55
126 142 38
126 143 35
126 144 43
126 145 39
126 146 51
127 1 39
127 2 45
127 3 53
127 4 49
127 5 53
127 6 35
127 7 57
127 8 39
127 9 36
127 10 35
127 11 58
127 12 53
127 13 40
127 14 60
127 15 45
127 16 48
127 17 37
127 18 38
127 19 46
127 20 47
127 21 59
127 22 54
127 23 50
127 24 37
127 25 38
127 26 52
127 27 43
127 28 46
127 29 35
127 30 60
127 31 46
127 32 36
127 33 37
127 34 42
127 35 35
127 36 59
127 37 53
127 38 42
127 39 36
127 40 37
127 41 43
127 42 57
127 43 56
127 44 46
127 45 57
127 46 48
127 47 56
127 48 56
127 49 51
127 50 48
127 51 59
127 52 54
127 53 57
127 54 46
127 55 46
127 56 37
127 57 43
127 58 36
127 59 39
127 60 44
127 61 51
127 62 44
127 63 42
127 64 51
127 65 42
127 66 50
127 67 42
127 68 55
127 69 48
127 70 49
127 71 44
127 72 45
127 73 44
127 74 59
127 75 51
127 76 58
127 77 50
127 78 60
127 79 60
127 80 53
127 81 57
127 82 55
127 83 53
127 84 51
127 85 40
127 86 59
127 87 36
127 88 45
127 89 54
127 90 55
127 91 55
127 92 36
127 93 35
127 94 46
127 95 42
127 96 52
127 97 47
127 98 58
127 99 52
127 100 53
127 101 38
127 102 56
127 103 41
127 104 58
127 105 50
127 106 54
127 107 35
127 108 51
127 109 37
127 110 42
127 111 39
127 112 44
127 113 52
127 114 52
127 115 55
127 116 52
127 117 52
127 118 50
127 119 56
127 120 39
127 121 38
127 122 51
127 123 47
127 124 52
127 125 42
127 126 38
127 127 0
127 128 46
127 129 51
127 130 48
127 131 43
127 132 39
127 133 60
127 134 43
127 135 41
127 136 48
127 137 55
127 138 47
127 139 37
127 140 38
127 141 54
127 142 60
127 143 56
127 144 41
127 145 38
127 146 40
128 1 50
128 2 51
128 3 43
128 4 58
128 5 53
128 6 53
128 7 48
128 8 55
128 9 37
128 10 52
128 11 40
128 12 39
128 13 43
128 14 53
128 15 39
128 16 37
128 17 44
128 18 35
128 19 58
128 20 45
128 21 58
128 22 35
128 23 55
128 24 44
128 25 58
128 26 50
128 27 50
128 28 55
128 29 60
128 30 36
128 31 44
128 32 38
128 33 57
128 34 60
128 35 47
128 36 45
128 37 47
128 38 48
128 39 42
128 40 49
128 41 44
128 42 60
128 43 43
128 44 35
128 45 55
128 46 46
128 47 43
128 48 36
128 49 37
128 50 60
128 51 46
128 52 58
128 53 52
128 54 52
128 55 52
128 56 42
128 57 41
128 58 52
128 59 35
128 60 51
128 61 37
128 62 58
128 63 59
128 64 52
128 65 60
128 66 36
128 67 49
128 68 48
128 69 35
128 70 47
128 71 51
128 72 37
128 73 46
128 74 56
128 75 48
128 76 54
128 77 35
128 78 54
128 79 46
128 80 49
128 81 51
128 82 35
128 83 52
128 84 50
128 85 48
128 86 57
128 87 37
128 88 56
128 89 47
128 90 51
128 91 57
128 92 41
128 93 60
128 94 48
128 95 37
128 96 55
128 97 47
128 98 59
128 99 49
128 100 51
128 101 54
128 102 57
128 103 42
128 104 51
128 105 35
128 106 37
128 107 42
128 108 58
128 109 45
128 110 47
128 111 44
128 112 42
128 113 42
128 114 37
128 115 35
128 116 36
128 117 38
128 118 46
128 119 39
128 120 39
128 121 44
128 122 36
128 123 51
128 124 57
128 125 58
128 126 35
128 127 53
128 128 0
128 129 38
128 130 49
128 131 36
128 132 56
128 133 39
128 134 53
128 135 53
128 136 38
128 137 45
128 138 44
128 139 55
128 140 46
128 141 37
128 142 53
128 143 41
128 144 44
128 145 36
128 146 55
129 1 55
129 2 37
129 3 57
129 4 54
129 5 38
129 6 39
129 7 40
129 8 44
129 9 51
129 10 43
129 11 60
129 12 46
129 13 60
129 14 52
129 15 57
129 16 54
129 17 55
129 18 38
129 19 46
129 20 52
129 21 51
129 22 53
129 23 56
129 24 40
129 25 41
129 26 35
129 27 45
129 28 36
129 29 60
129 30 49
129 31 60
129 32 46
129 33 53
129 34 59
129 35 47
129 36 37
129 37 37
129 38 50
129 39 45
129 40 41
129 41 41
129 42 59
129 43 58
129 44 44
129 45 44
129 46 38
129 47 45
129 48 35
129 49 55
129 50 59
129 51 38
129 52 38
129 53 41
129 54 57
129 55 50
129 56 40
129 57 52
129 58 54
129 59 44
129 60 51
129 61 55
129 62 42
129 63 50
129 64 50
129 65 59
129 66 53
129 67 41
129 68 37
129 69 45
129 70 36
129 71 45
129 72 44
129 73 58
129 74 48
129 75 48
129 76 54
129 77 47
129 78 43
129 79 49
129 80 54
129 81 37
129 82 43
129 83 36
129 84 42
129 85 48
129 86 38
129 87 49
129 88 48
129 89 56
129 90 40
129 91 57
129 92 59
129 93 58
129 94 59
129 95 36
129 96 52
129 97 37
129 98 42
129 99 37
129 100 49
129 101 55
129 102 49
129 103 59
129 104 55
129 105 42
129 106 38
129 107 59
129 108 35
129 109 44
129 110 58
129 111 58
129 112 45
129 113 58
129 114 40
129 115 48
129 116 51
129 117 44
129 118 56
129 119 39
129 120 60
129 121 58
129 122 48
129 123 44
129 124 58
129 125 51
129 126 51
129 127 37
129 128 43
129 129 0
129 130 48
129 131 38
129 132 53
129 133 36
129 134 48
129 135 50
129 136 37
129 137 41
129 138 45
129 139 50
129 140 44
129 141 38
129 142 53
129 143 44
129 144 49
129 145 51
129 146 53
130 1 43
130 2 41
130 3 47
130 4 49
130 5 39
130 6 54
130 7 41
130 8 46
130 9 37
130 10 60
130 11 52
130 12 49
130 13 38
130 14 54
130 15 54
130 16 60
130 17 46
130 18 45
130 19 54
130 20 49
130 21 57
130 22 50
130 23 43
130 24 40
130 25 50
130 26 41
130 27 36
130 28 53
130 29 60
130 30 35
130 31 41
130 32 50
130 33 48
130 34 45
130 35 47
130 36 55
130 37 56
130 38 51
130 39 41
130 40 44
130 41 53
130 42 57
130 43 57
130 44 39
130 45 51
130 46 57
130 47 44
130 48 44
130 49 51
130 50 56
130 51 36
130 52 50
130 53 44
130 54 58
130 55 44
130 56 40
130 57 35
130 58 47
130 59 37
130 60 54
130 61 54
130 62 59
130 63 46
130 64 48
130 65 50
130 66 54
130 67 37
130 68 55
130 69 59
130 70 52
130 71 36
130 72 40
130 73 42
130 74 60
130 75 41
130 76 37
130 77 52
130 78 56
130 79 50
130 80 48
130 81 59
130 82 53
130 83 52
130 84 54
130 85 50
130 86 42
130 87 57
130 88 50
130 89 52
130 90 55
130 91 35
130 92 57
130 93 44
130 94 42
130 95 48
130 96 51
130 97 51
130 98 50
130 99 52
130 100 60
130 101 46
130 102 54
130 103 36
130 104 38
130 105 46
130 106 39
130 107 48
130 108 35
130 109 39
130 110 56
130 111 38
130 112 59
130 113 55
130 114 45
130 115 55
130 116 39
130 117 37
130 118 42
130 119 41
130 120 50
130 121 59
130 122 58
130 123 58
130 124 53
130 125 49
130 126 46
130 127 46
130 128 45
130 129 45
130 130 0
130 131 50
130 132 42
130 133 41
130 134 43
130 135 56
130 136 43
130 137 55
130 138 36
130 139 57
130 140 58
130 141 59
130 142 50
130 143 37
130 144 53
130 145 60
130 146 57
131 1 60
131 2 40
131 3 59
131 4 53
131 5 55
131 6 56
131 7 49
131 8 55
131 9 42
131 10 57
131 11 41
131 12 53
131 13 41
131 14 59
131 15 52
131 16 44
131 17 48
131 18 44
131 19 49
131 20 37
131 21 37
131 22 35
131 23 46
131 24 58
131 25 52
131 26 54
131 27 50
131 28 39
131 29 49
131 30 49
131 31 37
131 32 37
131 33 56
131 34 57
131 35 35
131 36 39
131 37 51
131 38 39
131 39 54
131 40 49
131 41 47
131 42 48
131 43 59
131 44 40
131 45 51
131 46 57
131 47 35
131 48 43
131 49 42
131 50 41
131 51 42
131 52 45
131 53 40
131 54 52
131 55 59
131 56 46
131 57 40
131 58 44
131 59 50
131 60 53
131 61 48
131 62 42
131 63 57
131 64 56
131 65 39
131 66 43
131 67 35
131 68 44
131 69 38
131 70 54
131 71 59
131 72 48
131 73 43
131 74 35
131 75 58
131 76 60
131 77 46
131 78 37
131 79 53
131 80 55
131 81 43
131 82 57
131 83 35
131 84 35
131 85 37
131 86 51
131 87 47
131 88 46
131 89 37
131 90 55
131 91 47
131 92 56
131 93 58
131 94 46
131 95 38
131 96 38
131 97 39
131 98 43
131 99 55
131 100 46
131 101 40
131 102 49
131 103 48
131 104 49
131 105 52
131 106 37
131 107 45
131 108 40
131 109 42
131 110 42
131 111 49
131 112 36
131 113 54
131 114 52
131 115 39
131 116 57
131 117 49
131 118 53
131 119 53
131 120 52
131 121 43
131 122 38
131 123 58
131 124 38
131 125 39
131 126 43
131 127 44
131 128 43
131 129 42
131 130 37
131 131 0
131 132 36
131 133 43
131 134 38
131 135 41
131 136 53
131 137 52
131 138 36
131 139 46
131 140 48
131 141 50
131 142 47
131 143 35
131 144 51
131 145 55
131 146 60
132 1 39
132 2 38
132 3 52
132 4 57
132 5 59
132 6 38
132 7 49
132 8 40
132 9 35
132 10 59
132 11 45
132 12 43
132 13 56
132 14 54
132 15 36
132 16 59
132 17 36
132 18 42
132 19 58
132 20 47
132 21 51
132 22 58
132 23 37
132 24 55
132 25 58
132 26 55
132 27 44
132 28 59
132 29 49
132 30 35
132 31 35
132 32 48
132 33 40
132 34 41
132 35 59
132 36 36
132 37 50
132 38 40
132 39 44
132 40 36
132 41 59
132 42 49
132 43 38
132 44 50
132 45 52
132 46 55
132 47 58
132 48 39
132 49 46
132 50 53
132 51 56
132 52 38
132 53 36
132 54 46
132 55 59
132 56 53
132 57 38
132 58 44
132 59 42
132 60 40
132 61 41
132 62 37
132 63 51
132 64 43
132 65 47
132 66 51
132 67 42
132 68 49
132 69 37
132 70 51
132 71 40
132 72 37
132 73 38
132 74 48
132 75 41
132 76 47
132 77 35
132 78 42
132 79 42
132 80 51
132 81 52
132 82 52
132 83 52
132 84 58
132 85 51
132 86 54
132 87 40
132 88 44
132 89 52
132 90 35
132 91 38
132 92 44
132 93 58
132 94 50
132 95 48
132 96 51
132 97 43
132 98 44
132 99 40
132 100 41
132 101 43
132 102 53
132 103 49
132 104 55
132 105 54
132 106 50
132 107 55
132 108 55
132 109 37
132 110 42
132 111 37
132 112 58
132 113 38
132 114 50
132 115 39
132 116 43
132 117 41
132 118 37
132 119 45
132 120 48
132 121 46
132 122 49
132 123 56
132 124 44
132 125 59
132 126 48
132 127 47
132 128 39
132 129 44
132 130 35
132 131 39
132 132 0
132 133 40
132 134 53
132 135 37
132 136 56
132 137 49
132 138 38
132 139 56
132 140 52
132 141 57
132 142 60
132 143 51
132 144 40
132 145 50
132 146 40
133 1 44
133 2 44
133 3 37
133 4 51
133 5 38
133 6 53
133 7 43
133 8 39
133 9 35
133 10 57
133 11 41
133 12 49
133 13 53
133 14 36
133 15 53
133 16 51
133 17 58
133 18 50
133 19 36
133 20 59
133 21 43
133 22 60
133 23 47
133 24 60
133 25 52
133 26 41
133 27 45
133 28 44
133 29 47
133 30 43
133 31 39
133 32 35
133 33 35
133 34 39
133 35 43
133 36 37
133 37 48
133 38 52
133 39 35
133 40 55
133 41 44
133 42 40
133 43 43
133 44 40
133 45 52
133 46 49
133 47 41
133 48 53
133 49 57
133 50 41
133 51 59
133 52 37
133 53 58
133 54 44
133 55 51
133 56 51
133 57 57
133 58 60
133 59 50
133 60 48
133 61 44
133 62 58
133 63 59
133 64 40
133 65 47
133 66 38
133 67 60
133 68 43
133 69 51
133 70 46
133 71 57
133 72 52
133 73 60
133 74 48
133 75 43
133 76 49
133 77 47
133 78 36
133 79 59
133 80 41
133 81 59
133 82 60
133 83 56
133 84 51
133 85 47
133 86 54
133 87 58
133 88 50
133 89 37
133 90 37
133 91 43
133 92 49
133 93 37
133 94 50
133 95 42
133 96 58
133 97 56
133 98 42
133 99 40
133 100 58
133 101 43
133 102 60
133 103 42
133 104 44
133 105 38
133 106 36
133 107 57
133 108 44
133 109 42
133 110 57
133 111 51
133 112 40
133 113 60
133 114 40
133 115 54
133 116 37
133 117 54
133 118 44
133 119 46
133 120 56
133 121 57
133 122 43
133 123 46
133 124 54
133 125 56
133 126 54
133 127 50
133 128 58
133 129 59
133 130 36
133 131 58
133 132 42
133 133 0
133 134 51
133 135 49
133 136 43
133 137 49
133 138 50
133 139 57
133 140 41
133 141 47
133 142 47
133 143 42
133 144 47
133 145 43
133 146 60
134 1 48
134 2 49
134 3 51
134 4 36
134 5 39
134 6 44
134 7 44
134 8 48
134 9 44
134 10 52
134 11 50
134 12 49
134 13 46
134 14 52
134 15 36
134 16 45
134 17 51
134 18 49
134 19 50
134 20 58
134 21 48
134 22 47
134 23 36
134 24 35
134 25 49
134 26 43
134 27 39
134 28 37
134 29 49
134 30 58
134 31 42
134 32 42
134 33 56
134 34 39
134 35 43
134 36 53
134 37 55
134 38 53
134 39 44
134 40 49
134 41 35
134 42 49
134 43 43
134 44 40
134 45 45
134 46 53
134 47 45
134 48 37
134 49 60
134 50 43
134 51 46
134 52 53
134 53 51
134 54 50
134 55 35
134 56 38
134 57 35
134 58 41
134 59 50
134 60 40
134 61 40
134 62 36
134 63 39
134 64 35
134 65 57
134 66 40
134 67 43
134 68 45
134 69 52
134 70 48
134 71 44
134 72 51
134 73 56
134 74 38
134 75 58
134 76 58
134 77 44
134 78 52
134 79 53
134 80 59
134 81 59
134 82 43
134 83 42
134 84 48
134 85 38
134 86 60
134 87 36
134 88 36
134 89 36
134 90 57
134 91 55
134 92 47
134 93 60
134 94 56
134 95 53
134 96 40
134 97 40
134 98 52
134 99 44
134 100 53
134 101 46
134 102 43
134 103 47
134 104 46
134 105 46
134 106 54
134 107 46
134 108 37
134 109 54
134 110 54
134 111 59
134 112 35
134 113 36
134 114 39
134 115 37
134 116 35
134 117 55
134 118 57
134 119 59
134 120 58
134 121 35
134 122 41
134 123 47
134 124 50
134 125 45
134 126 47
134 127 54
134 128 36
134 129 39
134 130 58
134 131 49
134 132 39
134 133 45
134 134 0
134 135 43
134 136 44
134 137 42
134 138 48
134 139 49
134 140 41
134 141 38
134 142 48
134 143 43
134 144 35
134 145 52
134 146 56
135 1 35
135 2 44
135 3 36
135 4 48
135 5 35
135 6 37
135 7 55
135 8 41
135 9 56
135 10 50
135 11 60
135 12 53
135 13 53
135 14 47
135 15 44
135 16 51
135 17 54
135 18 56
135 19 49
135 20 36
135 21 46
135 22 58
135 23 47
135 24 41
135 25 44
135 26 36
135 27 58
135 28 43
135 29 53
135 30 38
135 31 50
135 32 48
135 33 55
135 34 56
135 35 49
135 36 36
135 37 37
135 38 52
135 39 39
135 40 46
135 41 42
135 42 40
135 43 38
135 44 43
135 45 58
135 46 52
135 47 42
135 48 52
135 49 36
135 50 55
135 51 45
135 52 60
135 53 47
135 54 40
135 55 58
135 56 35
135 57 51
135 58 42
135 59 53
135 60 35
135 61 45
135 62 41
135 63 56
135 64 46
135 65 52
135 66 35
135 67 44
135 68 46
135 69 57
135 70 58
135 71 55
135 72 38
135 73 37
135 74 52
135 75 39
135 76 43
135 77 44
135 78 40
135 79 46
135 80 48
135 81 35
135 82 54
135 83 40
135 84 48
135 85 58
135 86 45
135 87 37
135 88 47
135 89 35
135 90 60
135 91 42
135 92 52
135 93 56
135 94 60
135 95 42
135 96 47
135 97 50
135 98 36
135 99 56
135 100 51
135 101 35
135 102 53
135 103 59
135 104 46
135 105 43
135 106 42
135 107 40
135 108 55
135 109 59
135 110 38
135 111 45
135 112 38
135 113 48
135 114 50
135 115 58
135 116 37
135 117 60
135 118 51
135 119 57
135 120 36
135 121 53
135 122 58
135 123 53
135 124 48
135 125 46
135 126 42
135 127 47
135 128 42
135 129 47
135 130 57
135 131 41
135 132 57
135 133 35
135 134 45
135 135 0
135 136 36
135 137 55
135 138 37
135 139 49
135 140 60
135 141 60
135 142 42
135 143 51
135 144 49
135 145 55
135 146 52
136 1 55
136 2 52
136 3 51
136 4 49
136 5 47
136 6 40
136 7 59
136 8 42
136 9 36
136 10 40
136 11 49
136 12 47
136 13 37
136 14 54
136 15 53
136 16 47
136 17 47
136 18 43
136 19 59
136 20 46
136 21 35
136 22 51
136 23 52
136 24 50
136 25 43
136 26 60
136 27 39
136 28 51
136 29 45
136 30 52
136 31 42
136 32 50
136 33 39
136 34 46
136 35 57
136 36 40
136 37 50
136 38 36
136 39 55
136 40 45
136 41 48
136 42 51
136 43 48
136 44 54
136 45 58
136 46 36
136 47 46
136 48 49
136 49 56
136 50 40
136 51 46
136 52 59
136 53 52
136 54 55
136 55 35
136 56 51
136 57 45
136 58 43
136 59 53
136 60 36
136 61 60
136 62 35
136 63 42
136 64 41
136 65 39
136 66 49
136 67 56
136 68 38
136 69 38
136 70 40
136 71 40
136 72 42
136 73 50
136 74 54
136 75 49
136 76 57
136 77 60
136 78 47
136 79 41
136 80 48
136 81 35
136 82 55
136 83 54
136 84 58
136 85 37
136 86 41
136 87 50
136 88 60
136 89 46
136 90 54
136 91 57
136 92 47
136 93 55
136 94 51
136 95 60
136 96 57
136 97 57
136 98 43
136 99 45
136 100 60
136 101 53
136 102 59
136 103 49
136 104 36
136 105 43
136 106 50
136 107 44
136 108 44
136 109 45
136 110 52
136 111 48
136 112 46
136 113 40
136 114 60
136 115 58
136 116 37
136 117 59
136 118 41
136 119 46
136 120 51
136 121 45
136 122 41
136 123 48
136 124 53
136 125 52
136 126 37
136 127 43
136 128 35
136 129 51
136 130 41
136 131 50
136 132 49
136 133 36
136 134 41
136 135 46
136 136 0
136 137 44
136 138 59
136 139 38
136 140 37
136 141 40
136 142 56
136 143 43
136 144 43
136 145 51
136 146 45
137 1 37
137 2 53
137 3 45
137 4 54
137 5 49
137 6 58
137 7 39
137 8 47
137 9 53
137 10 60
137 11 58
137 12 58
137 13 43
137 14 55
137 15 37
137 16 42
137 17 37
137 18 54
137 19 42
137 20 35
137 21 41
137 22 48
137 23 48
137 24 41
137 25 35
137 26 40
137 27 50
137 28 46
137 29 49
137 30 52
137 31 40
137 32 48
137 33 41
137 34 50
137 35 42
137 36 42
137 37 60
137 38 36
137 39 44
137 40 53
137 41 57
137 42 44
137 43 49
137 44 52
137 45 57
137 46 51
137 47 42
137 48 47
137 49 59
137 50 44
137 51 54
137 52 42
137 53 35
137 54 50
137 55 47
137 56 49
137 57 53
137 58 55
137 59 56
137 60 48
137 61 35
137 62 38
137 63 36
137 64 35
137 65 47
137 66 56
137 67 43
137 68 37
137 69 41
137 70 43
137 71 44
137 72 38
137 73 51
137 74 35
137 75 56
137 76 38
137 77 46
137 78 48
137 79 47
137 80 47
137 81 36
137 82 50
137 83 57
137 84 59
137 85 45
137 86 35
137 87 39
137 88 49
137 89 53
137 90 39
137 91 52
137 92 48
137 93 38
137 94 51
137 95 51
137 96 40
137 97 55
137 98 58
137 99 38
137 100 43
137 101 60
137 102 43
137 103 57
137 104 46
137 105 40
137 106 43
137 107 55
137 108 38
137 109 35
137 110 42
137 111 46
137 112 46
137 113 54
137 114 51
137 115 43
137 116 49
137 117 41
137 118 43
137 119 57
137 120 44
137 121 55
137 122 38
137 123 57
137 124 44
137 125 48
137 126 47
137 127 50
137 128 46
137 129 39
137 130 49
137 131 39
137 132 49
137 133 41
137 134 36
137 135 52
137 136 44
137 137 0
137 138 54
137 139 38
137 140 42
137 141 53
137 142 51
137 143 48
137 144 45
137 145 35
137 146 37
138 1 56
138 2 44
138 3 60
138 4 59
138 5 58
138 6 58
138 7 42
138 8 42
138 9 35
138 10 57
138 11 41
138 12 53
138 13 40
138 14 46
138 15 37
138 16 46
138 17 37
138 18 60
138 19 57
138 20 50
138 21 56
138 22 49
138 23 52
138 24 53
138 25 52
138 26 54
138 27 56
138 28 42
138 29 49
138 30 55
138 31 52
138 32 43
138 33 57
138 34 38
138 35 36
138 36 50
138 37 39
138 38 46
138 39 59
138 40 39
138 41 49
138 42 40
138 43 55
138 44 58
138 45 58
138 46 42
138 47 56
138 48 35
138 49 56
138 50 49
138 51 41
138 52 53
138 53 51
138 54 44
138 55 43
138 56 39
138 57 59
138 58 35
138 59 60
138 60 43
138 61 54
138 62 60
138 63 47
138 64 54
138 65 52
138 66 36
138 67 60
138 68 58
138 69 43
138 70 53
138 71 52
138 72 45
138 73 50
138 74 55
138 75 46
138 76 43
138 77 36
138 78 57
138 79 47
138 80 52
138 81 36
138 82 45
138 83 45
138 84 60
138 85 36
138 86 35
138 87 50
138 88 38
138 89 43
138 90 55
138 91 59
138 92 36
138 93 46
138 94 35
138 95 60
138 96 51
138 97 40
138 98 58
138 99 37
138 100 41
138 101 54
138 102 39
138 103 35
138 104 54
138 105 44
138 106 40
138 107 36
138 108 55
138 109 48
138 110 49
138 111 51
138 112 59
138 113 56
138 114 50
138 115 47
138 116 56
138 117 39
138 118 49
138 119 57
138 120 59
138 121 39
138 122 47
138 123 42
138 124 53
138 125 57
138 126 51
138 127 52
138 128 47
138 129 60
138 130 45
138 131 45
138 132 46
138 133 47
138 134 49
138 135 49
138 136 42
138 137 54
138 138 0
138 139 47
138 140 38
138 141 44
138 142 41
138 143 50
138 144 56
138 145 43
138 146 36
139 1 41
139 2 50
139 3 54
139 4 56
139 5 43
139 6 46
139 7 58
139 8 58
139 9 42
139 10 59
139 11 38
139 12 59
139 13 46
139 14 57
139 15 50
139 16 39
139 17 42
139 18 59
139 19 52
139 20 38
139 21 59
139 22 36
139 23 56
139 24 48
139 25 46
139 26 54
139 27 49
139 28 50
139 29 51
139 30 48
139 31 47
139 32 52
139 33 36
139 34 56
139 35 57
139 36 60
139 37 50
139 38 50
139 39 43
139 40 57
139 41 56
139 42 39
139 43 41
139 44 58
139 45 55
139 46 57
139 47 39
139 48 46
139 49 49
139 50 45
139 51 49
139 52 35
139 53 58
139 54 59
139 55 36
139 56 35
139 57 60
139 58 50
139 59 55
139 60 35
139 61 38
139 62 55
139 63 59
139 64 57
139 65 52
139 66 55
139 67 44
139 68 60
139 69 36
139 70 59
139 71 49
139 72 60
139 73 53
139 74 56
139 75 53
139 76 59
139 77 52
139 78 41
139 79 45
139 80 57
139 81 41
139 82 35
139 83 49
139 84 49
139 85 36
139 86 36
139 87 36
139 88 45
139 89 51
139 90 40
139 91 35
139 92 39
139 93 52
139 94 35
139 95 59
139 96 60
139 97 55
139 98 59
139 99 58
139 100 48
139 101 43
139 102 60
139 103 37
139 104 42
139 105 59
139 106 42
139 107 42
139 108 59
139 109 55
139 110 42
139 111 58
139 112 46
139 113 46
139 114 38
139 115 48
139 116 55
139 117 45
139 118 44
139 119 49
139 120 52
139 121 57
139 122 50
139 123 42
139 124 46
139 125 60
139 126 59
139 127 59
139 128 42
139 129 58
139 130 43
139 131 47
139 132 57
139 133 47
139 134 35
139 135 45
139 136 52
139 137 53
139 138 55
139 139 0
139 140 51
139 141 53
139 142 50
139 143 36
139 144 35
139 145 50
139 146 46
140 1 36
140 2 39
140 3 45
140 4 49
140 5 53
140 6 50
140 7 58
140 8 57
140 9 37
140 10 44
140 11 42
140 12 48
140 13 60
140 14 44
140 15 46
140 16 55
140 17 50
140 18 60
140 19 56
140 20 60
140 21 43
140 22 36
140 23 40
140 24 52
140 25 35
140 26 53
140 27 49
140 28 36
140 29 39
140 30 35
140 31 49
140 32 46
140 33 55
140 34 58
140 35 43
140 36 42
140 37 56
140 38 58
140 39 48
140 40 42
140 41 56
140 42 53
140 43 37
140 44 40
140 45 50
140 46 53
140 47 36
140 48 35
140 49 59
140 50 59
140 51 48
140 52 46
140 53 45
140 54 52
140 55 38
140 56 51
140 57 55
140 58 41
140 59 45
140 60 59
140 61 51
140 62 59
140 63 41
140 64 57
140 65 43
140 66 37
140 67 40
140 68 42
140 69 40
140 70 43
140 71 44
140 72 35
140 73 54
140 74 41
140 75 60
140 76 56
140 77 36
140 78 41
140 79 35
140 80 55
140 81 52
140 82 50
140 83 35
140 84 43
140 85 51
140 86 43
140 87 39
140 88 53
140 89 45
140 90 38
140 91 42
140 92 36
140 93 45
140 94 37
140 95 53
140 96 47
140 97 53
140 98 48
140 99 57
140 100 57
140 101 35
140 102 45
140 103 49
140 104 43
140 105 44
140 106 57
140 107 36
140 108 43
140 109 59
140 110 38
140 111 47
140 112 55
140 113 43
140 114 45
140 115 35
140 116 45
140 117 49
140 118 44
140 119 56
140 120 40
140 121 40
140 122 35
140 123 59
140 124 43
140 125 55
140 126 43
140 127 46
140 128 42
140 129 47
140 130 48
140 131 38
140 132 56
140 133 45
140 134 41
140 135 56
140 136 42
140 137 36
140 138 40
140 139 40
140 140 0
140 141 59
140 142 54
140 143 55
140 144 39
140 145 53
140 146 55
141 1 38
141 2 45
141 3 39
141 4 52
141 5 55
141 6 48
141 7 54
141 8 45
141 9 35
141 10 53
141 11 60
141 12 45
141 13 46
141 14 37
141 15 54
141 16 41
141 17 35
141 18 39
141 19 47
141 20 43
141 21 58
141 22 54
141 23 47
141 24 40
141 25 46
141 26 40
141 27 54
141 28 56
141 29 47
141 30 44
141 31 59
141 32 38
141 33 59
141 34 56
141 35 43
141 36 52
141 37 47
141 38 41
141 39 40
141 40 41
141 41 40
141 42 49
141 43 48
141 44 42
141 45 59
141 46 60
141 47 46
141 48 54
141 49 36
141 50 36
141 51 39
141 52 39
141 53 36
141 54 48
141 55 53
141 56 49
141 57 44
141 58 60
141 59 42
141 60 59
141 61 57
141 62 60
141 63 42
141 64 56
141 65 45
141 66 52
141 67 51
141 68 54
141 69 47
141 70 57
141 71 44
141 72 44
141 73 47
141 74 52
141 75 49
141 76 41
141 77 37
141 78 51
141 79 56
141 80 54
141 81 52
141 82 36
141 83 37
141 84 37
141 85 56
141 86 48
141 87 49
141 88 60
141 89 53
141 90 49
141 91 45
141 92 46
141 93 45
141 94 58
141 95 43
141 96 60
141 97 45
141 98 57
141 99 46
141 100 48
141 101 58
141 102 57
141 103 57
141 104 60
141 105 52
141 106 47
141 107 46
141 108 51
141 109 51
141 110 57
141 111 38
141 112 49
141 113 37
141 114 58
141 115 51
141 116 38
141 117 56
141 118 49
141 119 40
141 120 53
141 121 38
141 122 38
141 123 40
141 124 40
141 125 50
141 126 40
141 127 44
141 128 47
141 129 35
141 130 41
141 131 52
141 132 56
141 133 60
141 134 48
141 135 56
141 136 49
141 137 45
141 138 46
141 139 45
141 140 50
141 141 0
141 142 51
141 143 37
141 144 48
141 145 47
141 146 57
142 1 52
142 2 58
142 3 59
142 4 41
142 5 44
142 6 55
142 7 46
142 8 50
142 9 42
142 10 44
142 11 51
142 12 52
142 13 39
142 14 58
142 15 37
142 16 51
142 17 58
142 18 41
142 19 52
142 20 38
142 21 42
142 22 50
142 23 52
142 24 51
142 25 43
142 26 58
142 27 60
142 28 58
142 29 57
142 30 50
142 31 51
142 32 53
142 33 36
142 34 35
142 35 50
142 36 36
142 37 44
142 38 39
142 39 54
142 40 42
142 41 58
142 42 49
142 43 59
142 44 50
142 45 48
142 46 58
142 47 50
142 48 56
142 49 36
142 50 43
142 51 55
142 52 40
142 53 37
142 54 45
142 55 37
142 56 40
142 57 49
142 58 56
142 59 37
142 60 59
142 61 50
142 62 45
142 63 38
142 64 42
142 65 40
142 66 44
142 67 54
142 68 57
142 69 48
142 70 47
142 71 40
142 72 49
142 73 40
142 74 52
142 75 36
142 76 59
142 77 37
142 78 37
142 79 48
142 80 50
142 81 37
142 82 48
142 83 38
142 84 55
142 85 42
142 86 59
142 87 60
142 88 54
142 89 55
142 90 44
142 91 49
142 92 59
142 93 46
142 94 38
142 95 42
142 96 47
142 97 53
142 98 51
142 99 35
142 100 60
142 101 35
142 102 40
142 103 45
142 104 44
142 105 57
142 106 59
142 107 50
142 108 42
142 109 43
142 110 40
142 111 44
142 112 51
142 113 38
142 114 60
142 115 40
142 116 53
142 117 42
142 118 36
142 119 37
142 120 48
142 121 40
142 122 56
142 123 42
142 124 52
142 125 58
142 126 51
142 127 46
142 128 49
142 129 57
142 130 41
142 131 49
142 132 49
142 133 56
142 134 58
142 135 42
142 136 43
142 137 46
142 138 53
142 139 51
142 140 39
142 141 49
142 142 0
142 143 60
142 144 54
142 145 54
142 146 49
143 1 49
143 2 58
143 3 59
143 4 54
143 5 60
143 6 56
143 7 50
143 8 44
143 9 48
143 10 51
143 11 41
143 12 48
143 13 49
143 14 41
143 15 39
143 16 57
143 17 53
143 18 51
143 19 37
143 20 38
143 21 57
143 22 41
143 23 54
143 24 47
143 25 41
143 26 54
143 27 55
143 28 56
143 29 42
143 30 41
143 31 51
143 32 39
143 33 37
143 34 43
143 35 48
143 36 53
143 37 54
143 38 50
143 39 53
143 40 50
143 41 48
143 42 53
143 43 47
143 44 56
143 45 49
143 46 37
143 47 38
143 48 56
143 49 35
143 50 60
143 51 53
143 52 46
143 53 59
143 54 49
143 55 60
143 56 56
143 57 43
143 58 53
143 59 41
143 60 48
143 61 40
143 62 35
143 63 47
143 64 44
143 65 50
143 66 54
143 67 42
143 68 49
143 69 46
143 70 45
143 71 47
143 72 50
143 73 38
143 74 45
143 75 39
143 76 43
143 77 48
143 78 44
143 79 39
143 80 57
143 81 35
143 82 43
143 83 60
143 84 52
143 85 38
143 86 40
143 87 36
143 88 60
143 89 38
143 90 58
143 91 50
143 92 56
143 93 39
143 94 59
143 95 39
143 96 35
143 97 54
143 98 41
143 99 55
143 100 36
143 101 43
143 102 48
143 103 56
143 104 60
143 105 51
143 106 44
143 107 53
143 108 45
143 109 52
143 110 43
143 111 36
143 112 38
143 113 60
143 114 56
143 115 43
143 116 36
143 117 55
143 118 45
143 119 47
143 120 53
143 121 38
143 122 37
143 123 36
143 124 58
143 125 35
143 126 36
143 127 35
143 128 56
143 129 39
143 130 57
143 131 45
143 132 41
143 133 41
143 134 47
143 135 50
143 136 42
143 137 40
143 138 35
143 139 39
143 140 43
143 141 38
143 142 49
143 143 0
143 144 51
143 145 59
143 146 41
144 1 60
144 2 46
144 3 57
144 4 42
144 5 35
144 6 38
144 7 60
144 8 52
144 9 41
144 10 45
144 11 45
144 12 51
144 13 45
144 14 52
144 15 57
144 16 46
144 17 51
144 18 54
144 19 59
144 20 47
144 21 38
144 22 52
144 23 57
144 24 55
144 25 57
144 26 57
144 27 36
144 28 45
144 29 52
144 30 42
144 31 56
144 32 47
144 33 39
144 34 50
144 35 48
144 36 40
144 37 45
144 38 60
144 39 44
144 40 58
144 41 38
144 42 40
144 43 46
144 44 55
144 45 44
144 46 58
144 47 44
144 48 40
144 49 53
144 50 57
144 51 45
144 52 49
144 53 47
144 54 39
144 55 52
144 56 48
144 57 43
144 58 57
144 59 47
144 60 45
144 61 37
144 62 45
144 63 48
144 64 58
144 65 39
144 66 36
144 67 56
144 68 42
144 69 48
144 70 60
144 71 58
144 72 36
144 73 52
144 74 54
144 75 51
144 76 48
144 77 48
144 78 53
144 79 59
144 80 35
144 81 50
144 82 38
144 83 41
144 84 50
144 85 57
144 86 42
144 87 43
144 88 53
144 89 35
144 90 41
144 91 46
144 92 42
144 93 57
144 94 35
144 95 55
144 96 48
144 97 56
144 98 55
144 99 52
144 100 51
144 101 42
144 102 35
144 103 53
144 104 42
144 105 54
144 106 53
144 107 35
144 108 55
144 109 57
144 110 53
144 111 53
144 112 38
144 113 52
144 114 42
144 115 43
144 116 55
144 117 51
144 118 60
144 119 38
144 120 42
144 121 47
144 122 53
144 123 50
144 124 54
144 125 55
144 126 47
144 127 55
144 128 54
144 129 38
144 130 41
144 131 54
144 132 50
144 133 35
144 134 50
144 135 50
144 136 45
144 137 54
144 138 52
144 139 49
144 140 40
144 141 59
144 142 52
144 143 57
144 144 0
144 145 41
144 146 42
145 1 49
145 2 48
145 3 43
145 4 48
145 5 50
145 6 53
145 7 44
145 8 43
145 9 56
145 10 59
145 11 45
145 12 59
145 13 43
145 14 45
145 15 58
145 16 56
145 17 59
145 18 53
145 19 60
145 20 37
145 21 60
145 22 60
145 23 37
145 24 48
145 25 47
145 26 35
145 27 45
145 28 43
145 29 35
145 30 56
145 31 60
145 32 36
145 33 52
145 34 44
145 35 47
145 36 44
145 37 50
145 38 60
145 39 58
145 40 44
145 41 41
145 42 36
145 43 56
145 44 48
145 45 45
145 46 40
145 47 41
145 48 53
145 49 42
145 50 49
145 51 47
145 52 51
145 53 56
145 54 42
145 55 37
145 56 59
145 57 39
145 58 49
145 59 35
145 60 57
145 61 42
145 62 44
145 63 50
145 64 60
145 65 53
145 66 47
145 67 53
145 68 53
145 69 60
145 70 51
145 71 46
145 72 42
145 73 51
145 74 60
145 75 50
145 76 51
145 77 57
145 78 50
145 79 38
145 80 39
145 81 44
145 82 56
145 83 37
145 84 39
145 85 49
145 86 58
145 87 58
145 88 48
145 89 36
145 90 59
145 91 37
145 92 40
145 93 38
145 94 60
145 95 53
145 96 36
145 97 56
145 98 58
145 99 60
145 100 43
145 101 53
145 102 42
145 103 52
145 104 43
145 105 54
145 106 38
145 107 38
145 108 39
145 109 35
145 110 57
145 111 50
145 112 58
145 113 37
145 114 56
145 115 43
145 116 51
145 117 51
145 118 53
145 119 41
145 120 52
145 121 57
145 122 43
145 123 47
145 124 47
145 125 49
145 126 54
145 127 59
145 128 36
145 129 45
145 130 37
145 131 39
145 132 49
145 133 50
145 134 42
145 135 42
145 136 45
145 137 38
145 138 56
145 139 38
145 140 38
145 141 51
145 142 47
145 143 60
145 144 51
145 145 0
145 146 36
146 1 39
146 2 42
146 3 45
146 4 37
146 5 43
146 6 53
146 7 52
146 8 35
146 9 54
146 10 38
146 11 51
146 12 42
146 13 42
146 14 42
146 15 44
146 16 40
146 17 37
146 18 51
146 19 57
146 20 46
146 21 41
146 22 39
146 23 52
146 24 36
146 25 49
146 26 60
146 27 56
146 28 47
146 29 49
146 30 38
146 31 38
146 32 49
146 33 40
146 34 40
146 35 55
146 36 51
146 37 39
146 38 42
146 39 46
146 40 38
146 41 40
146 42 39
146 43 37
146 44 50
146 45 38
146 46 37
146 47 47
146 48 50
146 49 37
146 50 45
146 51 38
146 52 53
146 53 38
146 54 50
146 55 52
146 56 38
146 57 43
146 58 57
146 59 48
146 60 53
146 61 57
146 62 39
146 63 36
146 64 45
146 65 38
146 66 44
146 67 39
146 68 46
146 69 47
146 70 35
146 71 42
146 72 47
146 73 46
146 74 55
146 75 42
146 76 55
146 77 39
146 78 49
146 79 36
146 80 47
146 81 53
146 82 44
146 83 49
146 84 55
146 85 41
146 86 52
146 87 51
146 88 58
146 89 36
146 90 50
146 91 51
146 92 48
146 93 54
146 94 52
146 95 35
146 96 58
146 97 46
146 98 59
146 99 49
146 100 37
146 101 60
146 102 56
146 103 45
146 104 59
146 105 60
146 106 49
146 107 55
146 108 45
146 109 47
146 110 37
146 111 42
146 112 58
146 113 38
146 114 35
146 115 59
146 116 54
146 117 50
146 118 51
146 119 48
146 120 46
146 121 42
146 122 57
146 123 58
146 124 53
146 125 57
146 126 54
146 127 53
146 128 38
146 129 44
146 130 43
146 131 45
146 132 37
146 133 43
146 134 40
146 135 52
146 136 55
146 137 52
146 138 48
146 139 56
146 140 43
146 141 53
146 142 50
146 143 53
146 144 45
146 145 37
146 146 0
;