param sigma
: 1 2 :=
1	1e-05	0.99999
2	0.1	0.9
3	0.2	0.8
4	0.3	0.7
5	0.4	0.6
6	0.5	0.5
7	0.6	0.4
8	0.7	0.3
9	0.8	0.2
10	0.9	0.1
11	0.99999	1e-05
;

set O := 1 95;
set R := 2 3 4 5 6 7 8 9 10 11 12 13 14 15 16 17 18 19 20 21 22 23 24 25 26 27 28 29 30 31 32 33 34 35 36 37 38 39 40 41 42 43 44 45 46 47 48 49 50 51 52 53 54 55 56 57 58 59 60 61 62 63 64 65 66 67 68 69 70 71 72 73 74 75 76 77 78 79 80 81 82 83 84 85 86 87 88 89 90 91 92 93 94;
set S := 1 95;
set K := 1 2 3 4 5 6 7 8 9 10 11 12 13 14 15 16 17 18 19;
param b := 91;
param theta := 11909.0;
param peso_vacio := 3500;
param alpha :=
0 0
1 0
2 0
3 0
4 0
;
param beta :=
0 0.2
1 -0.1
2 0
3 0
4 0
;
param gamma :=
0 16.4
1 2.2
2 2.2
3 0.6
4 0.4
;
param delta :=
0 0
1 0
2 0
3 0
4 0
;
param epsilon :=
0 0.3
1 0
2 0
3 0
4 0
;
param zeta :=
0 2.4
1 2.5
2 1.3
3 4.5
4 3.3
;
param hta :=
0 1
1 1
2 1
3 1
4 1
;
param dm :=
1 0
2 31
3 30
4 29
5 28
6 27
7 26
8 25
9 24
10 23
11 22
12 21
13 20
14 19
15 18
16 17
17 16
18 15
19 14
20 13
21 12
22 11
23 10
24 9
25 8
26 7
27 6
28 5
29 4
30 3
31 2
32 1
33 31
34 30
35 29
36 28
37 27
38 26
39 25
40 24
41 23
42 22
43 21
44 20
45 19
46 18
47 17
48 16
49 15
50 14
51 13
52 12
53 11
54 10
55 9
56 8
57 7
58 6
59 5
60 4
61 3
62 2
63 1
64 31
65 30
66 29
67 28
68 27
69 26
70 25
71 24
72 23
73 22
74 21
75 20
76 19
77 18
78 17
79 16
80 15
81 14
82 13
83 12
84 11
85 10
86 9
87 8
88 7
89 6
90 5
91 4
92 3
93 2
94 1
95 0
;
param d :=
1 1 0.00
1 2 7.77
1 3 6.32
1 4 5.50
1 5 5.18
1 6 5.28
1 7 5.70
1 8 6.34
1 9 7.12
1 10 7.99
1 11 8.91
1 12 9.85
1 13 10.82
1 14 11.80
1 15 12.79
1 16 13.79
1 17 14.78
1 18 15.79
1 19 16.79
1 20 17.80
1 21 18.82
1 22 19.84
1 23 20.87
1 24 21.91
1 25 22.96
1 26 24.03
1 27 25.13
1 28 26.26
1 29 27.47
1 30 28.81
1 31 30.82
1 32 31.75
1 33 12.82
1 34 13.47
1 35 13.92
1 36 14.29
1 37 14.61
1 38 14.92
1 39 15.21
1 40 15.51
1 41 15.80
1 42 16.10
1 43 16.41
1 44 16.72
1 45 17.04
1 46 17.37
1 47 17.70
1 48 18.04
1 49 18.39
1 50 18.75
1 51 19.11
1 52 19.47
1 53 19.84
1 54 20.21
1 55 20.58
1 56 20.94
1 57 21.29
1 58 21.63
1 59 21.94
1 60 22.21
1 61 22.36
1 62 22.03
1 63 22.98
1 64 13.72
1 65 15.40
1 66 16.84
1 67 18.13
1 68 19.34
1 69 20.47
1 70 21.55
1 71 22.59
1 72 23.59
1 73 24.57
1 74 25.52
1 75 26.44
1 76 27.35
1 77 28.24
1 78 29.11
1 79 29.98
1 80 30.82
1 81 31.66
1 82 32.48
1 83 33.30
1 84 34.10
1 85 34.90
1 86 35.68
1 87 36.45
1 88 37.21
1 89 37.95
1 90 38.68
1 91 39.38
1 92 40.04
1 93 40.51
1 94 41.51
1 95 22.63
2 1 7.77
2 2 0.00
2 3 1.79
2 4 3.23
2 5 4.51
2 6 5.68
2 7 6.79
2 8 7.85
2 9 8.88
2 10 9.87
2 11 10.85
2 12 11.80
2 13 12.74
2 14 13.67
2 15 14.59
2 16 15.49
2 17 16.39
2 18 17.29
2 19 18.18
2 20 19.06
2 21 19.94
2 22 20.82
2 23 21.70
2 24 22.58
2 25 23.45
2 26 24.34
2 27 25.23
2 28 26.12
2 29 27.04
2 30 28.00
2 31 29.19
2 32 30.19
2 33 6.08
2 34 7.41
2 35 8.47
2 36 9.41
2 37 10.28
2 38 11.10
2 39 11.90
2 40 12.67
2 41 13.42
2 42 14.17
2 43 14.90
2 44 15.63
2 45 16.35
2 46 17.06
2 47 17.77
2 48 18.48
2 49 19.18
2 50 19.88
2 51 20.58
2 52 21.27
2 53 21.96
2 54 22.65
2 55 23.33
2 56 24.01
2 57 24.68
2 58 25.35
2 59 26.00
2 60 26.64
2 61 27.24
2 62 27.71
2 63 28.70
2 64 6.08
2 65 7.84
2 66 9.29
2 67 10.57
2 68 11.76
2 69 12.87
2 70 13.92
2 71 14.94
2 72 15.92
2 73 16.87
2 74 17.80
2 75 18.71
2 76 19.61
2 77 20.49
2 78 21.35
2 79 22.21
2 80 23.06
2 81 23.90
2 82 24.73
2 83 25.55
2 84 26.37
2 85 27.18
2 86 27.98
2 87 28.78
2 88 29.58
2 89 30.36
2 90 31.15
2 91 31.92
2 92 32.68
2 93 33.42
2 94 34.42
2 95 14.91
3 1 6.32
3 2 1.79
3 3 0.00
3 4 1.45
3 5 2.74
3 6 3.94
3 7 5.07
3 8 6.15
3 9 7.20
3 10 8.21
3 11 9.21
3 12 10.19
3 13 11.15
3 14 12.11
3 15 13.05
3 16 13.98
3 17 14.91
3 18 15.83
3 19 16.75
3 20 17.66
3 21 18.57
3 22 19.48
3 23 20.39
3 24 21.30
3 25 22.22
3 26 23.14
3 27 24.07
3 28 25.02
3 29 26.00
3 30 27.04
3 31 28.42
3 32 29.40
3 33 7.84
3 34 9.09
3 35 10.06
3 36 10.91
3 37 11.70
3 38 12.44
3 39 13.15
3 40 13.84
3 41 14.52
3 42 15.18
3 43 15.84
3 44 16.49
3 45 17.14
3 46 17.79
3 47 18.43
3 48 19.07
3 49 19.71
3 50 20.34
3 51 20.97
3 52 21.60
3 53 22.22
3 54 22.84
3 55 23.46
3 56 24.07
3 57 24.67
3 58 25.26
3 59 25.84
3 60 26.38
3 61 26.87
3 62 27.12
3 63 28.11
3 64 7.41
3 65 9.09
3 66 10.52
3 67 11.82
3 68 13.02
3 69 14.15
3 70 15.23
3 71 16.27
3 72 17.28
3 73 18.26
3 74 19.21
3 75 20.15
3 76 21.06
3 77 21.97
3 78 22.86
3 79 23.73
3 80 24.60
3 81 25.46
3 82 26.31
3 83 27.15
3 84 27.99
3 85 28.82
3 86 29.64
3 87 30.46
3 88 31.27
3 89 32.07
3 90 32.87
3 91 33.66
3 92 34.44
3 93 35.21
3 94 36.21
3 95 16.55
4 1 5.50
4 2 3.23
4 3 1.45
4 4 0.00
4 5 1.30
4 6 2.50
4 7 3.64
4 8 4.73
4 9 5.79
4 10 6.82
4 11 7.83
4 12 8.83
4 13 9.81
4 14 10.77
4 15 11.73
4 16 12.68
4 17 13.62
4 18 14.56
4 19 15.50
4 20 16.43
4 21 17.36
4 22 18.29
4 23 19.22
4 24 20.16
4 25 21.10
4 26 22.05
4 27 23.01
4 28 24.00
4 29 25.02
4 30 26.12
4 31 27.64
4 32 28.62
4 33 9.29
4 34 10.52
4 35 11.47
4 36 12.28
4 37 13.02
4 38 13.72
4 39 14.38
4 40 15.03
4 41 15.66
4 42 16.27
4 43 16.88
4 44 17.49
4 45 18.09
4 46 18.68
4 47 19.27
4 48 19.86
4 49 20.45
4 50 21.03
4 51 21.62
4 52 22.19
4 53 22.77
4 54 23.34
4 55 23.90
4 56 24.46
4 57 25.00
4 58 25.53
4 59 26.04
4 60 26.51
4 61 26.91
4 62 26.97
4 63 27.94
4 64 8.47
4 65 10.06
4 66 11.47
4 67 12.76
4 68 13.96
4 69 15.11
4 70 16.20
4 71 17.25
4 72 18.28
4 73 19.27
4 74 20.25
4 75 21.20
4 76 22.14
4 77 23.06
4 78 23.96
4 79 24.86
4 80 25.75
4 81 26.62
4 82 27.49
4 83 28.35
4 84 29.20
4 85 30.05
4 86 30.89
4 87 31.72
4 88 32.55
4 89 33.37
4 90 34.19
4 91 35.00
4 92 35.81
4 93 36.61
4 94 37.61
4 95 17.79
5 1 5.18
5 2 4.51
5 3 2.74
5 4 1.30
5 5 0.00
5 6 1.20
5 7 2.35
5 8 3.45
5 9 4.52
5 10 5.56
5 11 6.58
5 12 7.58
5 13 8.57
5 14 9.55
5 15 10.51
5 16 11.48
5 17 12.43
5 18 13.38
5 19 14.33
5 20 15.28
5 21 16.22
5 22 17.17
5 23 18.12
5 24 19.08
5 25 20.04
5 26 21.01
5 27 22.00
5 28 23.01
5 29 24.07
5 30 25.23
5 31 26.86
5 32 27.83
5 33 10.58
5 34 11.82
5 35 12.76
5 36 13.56
5 37 14.28
5 38 14.95
5 39 15.58
5 40 16.20
5 41 16.79
5 42 17.38
5 43 17.95
5 44 18.52
5 45 19.09
5 46 19.65
5 47 20.20
5 48 20.75
5 49 21.30
5 50 21.84
5 51 22.39
5 52 22.92
5 53 23.46
5 54 23.98
5 55 24.50
5 56 25.01
5 57 25.51
5 58 25.99
5 59 26.44
5 60 26.85
5 61 27.16
5 62 27.05
5 63 28.02
5 64 9.41
5 65 10.91
5 66 12.28
5 67 13.56
5 68 14.76
5 69 15.90
5 70 17.00
5 71 18.07
5 72 19.10
5 73 20.11
5 74 21.10
5 75 22.07
5 76 23.02
5 77 23.96
5 78 24.88
5 79 25.79
5 80 26.69
5 81 27.59
5 82 28.47
5 83 29.34
5 84 30.21
5 85 31.08
5 86 31.93
5 87 32.78
5 88 33.63
5 89 34.47
5 90 35.31
5 91 36.14
5 92 36.97
5 93 37.83
5 94 38.83
5 95 18.85
6 1 5.28
6 2 5.68
6 3 3.94
6 4 2.50
6 5 1.20
6 6 0.00
6 7 1.15
6 8 2.25
6 9 3.32
6 10 4.37
6 11 5.39
6 12 6.40
6 13 7.40
6 14 8.38
6 15 9.36
6 16 10.33
6 17 11.30
6 18 12.26
6 19 13.22
6 20 14.18
6 21 15.14
6 22 16.10
6 23 17.06
6 24 18.03
6 25 19.01
6 26 20.00
6 27 21.01
6 28 22.05
6 29 23.14
6 30 24.34
6 31 26.07
6 32 27.03
6 33 11.76
6 34 13.02
6 35 13.96
6 36 14.76
6 37 15.47
6 38 16.13
6 39 16.75
6 40 17.34
6 41 17.92
6 42 18.48
6 43 19.03
6 44 19.57
6 45 20.11
6 46 20.64
6 47 21.17
6 48 21.69
6 49 22.21
6 50 22.72
6 51 23.23
6 52 23.74
6 53 24.23
6 54 24.72
6 55 25.21
6 56 25.68
6 57 26.13
6 58 26.57
6 59 26.97
6 60 27.32
6 61 27.56
6 62 27.30
6 63 28.26
6 64 10.28
6 65 11.70
6 66 13.02
6 67 14.27
6 68 15.47
6 69 16.61
6 70 17.72
6 71 18.79
6 72 19.83
6 73 20.85
6 74 21.85
6 75 22.83
6 76 23.79
6 77 24.74
6 78 25.68
6 79 26.60
6 80 27.52
6 81 28.43
6 82 29.32
6 83 30.21
6 84 31.10
6 85 31.98
6 86 32.85
6 87 33.71
6 88 34.58
6 89 35.44
6 90 36.29
6 91 37.15
6 92 38.01
6 93 38.91
6 94 39.91
6 95 19.79
7 1 5.70
7 2 6.79
7 3 5.07
7 4 3.64
7 5 2.35
7 6 1.15
7 7 0.00
7 8 1.10
7 9 2.18
7 10 3.23
7 11 4.26
7 12 5.27
7 13 6.27
7 14 7.27
7 15 8.25
7 16 9.23
7 17 10.20
7 18 11.17
7 19 12.14
7 20 13.11
7 21 14.08
7 22 15.05
7 23 16.02
7 24 17.01
7 25 18.00
7 26 19.01
7 27 20.04
7 28 21.10
7 29 22.22
7 30 23.45
7 31 25.29
7 32 26.24
7 33 12.87
7 34 14.15
7 35 15.10
7 36 15.90
7 37 16.61
7 38 17.26
7 39 17.88
7 40 18.46
7 41 19.02
7 42 19.57
7 43 20.11
7 44 20.63
7 45 21.15
7 46 21.66
7 47 22.16
7 48 22.66
7 49 23.15
7 50 23.64
7 51 24.12
7 52 24.60
7 53 25.07
7 54 25.53
7 55 25.98
7 56 26.42
7 57 26.84
7 58 27.23
7 59 27.59
7 60 27.89
7 61 28.06
7 62 27.67
7 63 28.62
7 64 11.10
7 65 12.44
7 66 13.72
7 67 14.94
7 68 16.13
7 69 17.26
7 70 18.37
7 71 19.44
7 72 20.49
7 73 21.52
7 74 22.52
7 75 23.51
7 76 24.49
7 77 25.45
7 78 26.40
7 79 27.33
7 80 28.26
7 81 29.18
7 82 30.09
7 83 31.00
7 84 31.89
7 85 32.79
7 86 33.67
7 87 34.56
7 88 35.44
7 89 36.31
7 90 37.19
7 91 38.07
7 92 38.95
7 93 39.91
7 94 40.91
7 95 20.65
8 1 6.34
8 2 7.85
8 3 6.15
8 4 4.73
8 5 3.45
8 6 2.25
8 7 1.10
8 8 0.00
8 9 1.07
8 10 2.13
8 11 3.16
8 12 4.18
8 13 5.18
8 14 6.18
8 15 7.17
8 16 8.15
8 17 9.13
8 18 10.11
8 19 11.08
8 20 12.06
8 21 13.04
8 22 14.02
8 23 15.01
8 24 16.00
8 25 17.01
8 26 18.03
8 27 19.08
8 28 20.16
8 29 21.30
8 30 22.58
8 31 24.50
8 32 25.44
8 33 13.92
8 34 15.23
8 35 16.20
8 36 17.00
8 37 17.72
8 38 18.37
8 39 18.98
8 40 19.56
8 41 20.11
8 42 20.65
8 43 21.17
8 44 21.68
8 45 22.18
8 46 22.68
8 47 23.16
8 48 23.65
8 49 24.12
8 50 24.59
8 51 25.05
8 52 25.50
8 53 25.95
8 54 26.38
8 55 26.81
8 56 27.21
8 57 27.60
8 58 27.96
8 59 28.28
8 60 28.54
8 61 28.66
8 62 28.14
8 63 29.08
8 64 11.90
8 65 13.15
8 66 14.38
8 67 15.58
8 68 16.75
8 69 17.88
8 70 18.98
8 71 20.05
8 72 21.10
8 73 22.13
8 74 23.15
8 75 24.14
8 76 25.13
8 77 26.10
8 78 27.06
8 79 28.01
8 80 28.94
8 81 29.88
8 82 30.80
8 83 31.72
8 84 32.63
8 85 33.53
8 86 34.43
8 87 35.33
8 88 36.23
8 89 37.12
8 90 38.02
8 91 38.92
8 92 39.83
8 93 40.84
8 94 41.84
8 95 21.46
9 1 7.12
9 2 8.88
9 3 7.20
9 4 5.79
9 5 4.52
9 6 3.32
9 7 2.18
9 8 1.07
9 9 0.00
9 10 1.05
9 11 2.09
9 12 3.11
9 13 4.12
9 14 5.12
9 15 6.11
9 16 7.10
9 17 8.08
9 18 9.07
9 19 10.05
9 20 11.03
9 21 12.01
9 22 13.00
9 23 14.00
9 24 15.01
9 25 16.02
9 26 17.06
9 27 18.12
9 28 19.22
9 29 20.39
9 30 21.70
9 31 23.70
9 32 24.63
9 33 14.94
9 34 16.27
9 35 17.25
9 36 18.07
9 37 18.79
9 38 19.44
9 39 20.05
9 40 20.63
9 41 21.18
9 42 21.71
9 43 22.22
9 44 22.73
9 45 23.22
9 46 23.70
9 47 24.17
9 48 24.64
9 49 25.10
9 50 25.55
9 51 25.99
9 52 26.43
9 53 26.85
9 54 27.27
9 55 27.67
9 56 28.05
9 57 28.41
9 58 28.75
9 59 29.03
9 60 29.25
9 61 29.31
9 62 28.70
9 63 29.62
9 64 12.67
9 65 13.84
9 66 15.03
9 67 16.20
9 68 17.34
9 69 18.46
9 70 19.55
9 71 20.63
9 72 21.68
9 73 22.71
9 74 23.73
9 75 24.73
9 76 25.72
9 77 26.70
9 78 27.67
9 79 28.63
9 80 29.58
9 81 30.52
9 82 31.45
9 83 32.38
9 84 33.31
9 85 34.23
9 86 35.14
9 87 36.05
9 88 36.96
9 89 37.87
9 90 38.79
9 91 39.71
9 92 40.65
9 93 41.72
9 94 42.71
9 95 22.22
10 1 7.99
10 2 9.87
10 3 8.21
10 4 6.82
10 5 5.56
10 6 4.37
10 7 3.23
10 8 2.13
10 9 1.05
10 10 0.00
10 11 1.04
10 12 2.06
10 13 3.07
10 14 4.07
10 15 5.07
10 16 6.06
10 17 7.05
10 18 8.04
10 19 9.02
10 20 10.01
10 21 11.00
10 22 12.00
10 23 13.00
10 24 14.02
10 25 15.05
10 26 16.10
10 27 17.17
10 28 18.29
10 29 19.48
10 30 20.82
10 31 22.91
10 32 23.83
10 33 15.92
10 34 17.28
10 35 18.28
10 36 19.10
10 37 19.83
10 38 20.49
10 39 21.10
10 40 21.68
10 41 22.23
10 42 22.76
10 43 23.27
10 44 23.76
10 45 24.25
10 46 24.72
10 47 25.19
10 48 25.64
10 49 26.09
10 50 26.53
10 51 26.96
10 52 27.38
10 53 27.78
10 54 28.18
10 55 28.56
10 56 28.92
10 57 29.26
10 58 29.57
10 59 29.83
10 60 30.01
10 61 30.03
10 62 29.31
10 63 30.22
10 64 13.42
10 65 14.51
10 66 15.65
10 67 16.79
10 68 17.92
10 69 19.02
10 70 20.11
10 71 21.18
10 72 22.23
10 73 23.26
10 74 24.28
10 75 25.29
10 76 26.29
10 77 27.27
10 78 28.25
10 79 29.22
10 80 30.17
10 81 31.13
10 82 32.07
10 83 33.01
10 84 33.94
10 85 34.88
10 86 35.80
10 87 36.73
10 88 37.66
10 89 38.58
10 90 39.51
10 91 40.46
10 92 41.42
10 93 42.55
10 94 43.54
10 95 22.95
11 1 8.91
11 2 10.85
11 3 9.21
11 4 7.83
11 5 6.58
11 6 5.39
11 7 4.26
11 8 3.16
11 9 2.09
11 10 1.04
11 11 0.00
11 12 1.02
11 13 2.04
11 14 3.04
11 15 4.04
11 16 5.03
11 17 6.03
11 18 7.02
11 19 8.01
11 20 9.00
11 21 10.00
11 22 11.00
11 23 12.01
11 24 13.04
11 25 14.08
11 26 15.14
11 27 16.22
11 28 17.36
11 29 18.57
11 30 19.94
11 31 22.11
11 32 23.01
11 33 16.87
11 34 18.26
11 35 19.27
11 36 20.11
11 37 20.85
11 38 21.52
11 39 22.13
11 40 22.71
11 41 23.26
11 42 23.79
11 43 24.30
11 44 24.79
11 45 25.27
11 46 25.74
11 47 26.20
11 48 26.65
11 49 27.08
11 50 27.51
11 51 27.93
11 52 28.34
11 53 28.73
11 54 29.11
11 55 29.48
11 56 29.82
11 57 30.14
11 58 30.43
11 59 30.66
11 60 30.81
11 61 30.79
11 62 29.99
11 63 30.89
11 64 14.17
11 65 15.18
11 66 16.27
11 67 17.38
11 68 18.48
11 69 19.57
11 70 20.65
11 71 21.71
11 72 22.76
11 73 23.79
11 74 24.81
11 75 25.82
11 76 26.83
11 77 27.82
11 78 28.80
11 79 29.77
11 80 30.74
11 81 31.70
11 82 32.65
11 83 33.60
11 84 34.55
11 85 35.49
11 86 36.43
11 87 37.37
11 88 38.31
11 89 39.25
11 90 40.20
11 91 41.17
11 92 42.16
11 93 43.34
11 94 44.33
11 95 23.65
12 1 9.85
12 2 11.80
12 3 10.19
12 4 8.83
12 5 7.58
12 6 6.40
12 7 5.27
12 8 4.18
12 9 3.11
12 10 2.06
12 11 1.02
12 12 0.00
12 13 1.01
12 14 2.02
12 15 3.02
12 16 4.02
12 17 5.01
12 18 6.01
12 19 7.00
12 20 8.00
12 21 9.00
12 22 10.01
12 23 11.03
12 24 12.06
12 25 13.11
12 26 14.18
12 27 15.28
12 28 16.43
12 29 17.66
12 30 19.06
12 31 21.30
12 32 22.20
12 33 17.80
12 34 19.21
12 35 20.25
12 36 21.10
12 37 21.85
12 38 22.52
12 39 23.15
12 40 23.73
12 41 24.29
12 42 24.81
12 43 25.32
12 44 25.82
12 45 26.29
12 46 26.76
12 47 27.21
12 48 27.65
12 49 28.08
12 50 28.50
12 51 28.91
12 52 29.31
12 53 29.69
12 54 30.06
12 55 30.41
12 56 30.74
12 57 31.04
12 58 31.31
12 59 31.52
12 60 31.64
12 61 31.59
12 62 30.71
12 63 31.60
12 64 14.90
12 65 15.84
12 66 16.88
12 67 17.95
12 68 19.03
12 69 20.11
12 70 21.17
12 71 22.22
12 72 23.27
12 73 24.30
12 74 25.32
12 75 26.34
12 76 27.34
12 77 28.33
12 78 29.32
12 79 30.30
12 80 31.28
12 81 32.24
12 82 33.21
12 83 34.17
12 84 35.12
12 85 36.08
12 86 37.03
12 87 37.98
12 88 38.93
12 89 39.89
12 90 40.86
12 91 41.84
12 92 42.86
12 93 44.09
12 94 45.09
12 95 24.33
13 1 10.82
13 2 12.74
13 3 11.15
13 4 9.81
13 5 8.57
13 6 7.40
13 7 6.27
13 8 5.18
13 9 4.12
13 10 3.07
13 11 2.04
13 12 1.01
13 13 0.00
13 14 1.01
13 15 2.01
13 16 3.01
13 17 4.00
13 18 5.00
13 19 6.00
13 20 7.00
13 21 8.01
13 22 9.02
13 23 10.05
13 24 11.08
13 25 12.14
13 26 13.22
13 27 14.33
13 28 15.50
13 29 16.75
13 30 18.18
13 31 20.49
13 32 21.38
13 33 18.71
13 34 20.15
13 35 21.20
13 36 22.07
13 37 22.83
13 38 23.51
13 39 24.14
13 40 24.73
13 41 25.29
13 42 25.83
13 43 26.34
13 44 26.83
13 45 27.31
13 46 27.77
13 47 28.22
13 48 28.66
13 49 29.08
13 50 29.50
13 51 29.90
13 52 30.29
13 53 30.66
13 54 31.02
13 55 31.36
13 56 31.68
13 57 31.97
13 58 32.22
13 59 32.41
13 60 32.51
13 61 32.42
13 62 31.48
13 63 32.36
13 64 15.63
13 65 16.49
13 66 17.49
13 67 18.52
13 68 19.57
13 69 20.63
13 70 21.68
13 71 22.73
13 72 23.76
13 73 24.79
13 74 25.82
13 75 26.83
13 76 27.83
13 77 28.83
13 78 29.82
13 79 30.81
13 80 31.79
13 81 32.77
13 82 33.74
13 83 34.70
13 84 35.67
13 85 36.63
13 86 37.60
13 87 38.56
13 88 39.53
13 89 40.50
13 90 41.48
13 91 42.49
13 92 43.53
13 93 44.82
13 94 45.81
13 95 24.99
14 1 11.80
14 2 13.67
14 3 12.11
14 4 10.77
14 5 9.55
14 6 8.38
14 7 7.27
14 8 6.18
14 9 5.12
14 10 4.07
14 11 3.04
14 12 2.02
14 13 1.01
14 14 0.00
14 15 1.00
14 16 2.00
14 17 3.00
14 18 4.00
14 19 5.00
14 20 6.01
14 21 7.02
14 22 8.04
14 23 9.07
14 24 10.11
14 25 11.17
14 26 12.26
14 27 13.38
14 28 14.56
14 29 15.83
14 30 17.29
14 31 19.68
14 32 20.55
14 33 19.61
14 34 21.06
14 35 22.13
14 36 23.02
14 37 23.79
14 38 24.49
14 39 25.13
14 40 25.72
14 41 26.29
14 42 26.83
14 43 27.34
14 44 27.83
14 45 28.31
14 46 28.77
14 47 29.22
14 48 29.66
14 49 30.08
14 50 30.49
14 51 30.89
14 52 31.27
14 53 31.64
14 54 31.99
14 55 32.32
14 56 32.63
14 57 32.91
14 58 33.14
14 59 33.32
14 60 33.40
14 61 33.28
14 62 32.28
14 63 33.15
14 64 16.35
14 65 17.14
14 66 18.09
14 67 19.09
14 68 20.11
14 69 21.15
14 70 22.18
14 71 23.22
14 72 24.25
14 73 25.27
14 74 26.29
14 75 27.31
14 76 28.31
14 77 29.31
14 78 30.31
14 79 31.30
14 80 32.28
14 81 33.27
14 82 34.24
14 83 35.22
14 84 36.19
14 85 37.17
14 86 38.14
14 87 39.12
14 88 40.10
14 89 41.08
14 90 42.08
14 91 43.11
14 92 44.18
14 93 45.52
14 94 46.51
14 95 25.63
15 1 12.79
15 2 14.59
15 3 13.05
15 4 11.73
15 5 10.51
15 6 9.36
15 7 8.25
15 8 7.17
15 9 6.11
15 10 5.07
15 11 4.04
15 12 3.02
15 13 2.01
15 14 1.00
15 15 0.00
15 16 1.00
15 17 2.00
15 18 3.00
15 19 4.00
15 20 5.01
15 21 6.03
15 22 7.05
15 23 8.08
15 24 9.13
15 25 10.20
15 26 11.30
15 27 12.43
15 28 13.62
15 29 14.91
15 30 16.39
15 31 18.86
15 32 19.71
15 33 20.49
15 34 21.97
15 35 23.06
15 36 23.96
15 37 24.74
15 38 25.45
15 39 26.10
15 40 26.70
15 41 27.27
15 42 27.82
15 43 28.33
15 44 28.83
15 45 29.31
15 46 29.78
15 47 30.23
15 48 30.66
15 49 31.08
15 50 31.49
15 51 31.88
15 52 32.26
15 53 32.63
15 54 32.97
15 55 33.30
15 56 33.59
15 57 33.86
15 58 34.08
15 59 34.25
15 60 34.31
15 61 34.17
15 62 33.12
15 63 33.98
15 64 17.06
15 65 17.79
15 66 18.68
15 67 19.64
15 68 20.64
15 69 21.66
15 70 22.68
15 71 23.70
15 72 24.72
15 73 25.74
15 74 26.76
15 75 27.77
15 76 28.77
15 77 29.78
15 78 30.77
15 79 31.77
15 80 32.76
15 81 33.75
15 82 34.73
15 83 35.71
15 84 36.70
15 85 37.68
15 86 38.66
15 87 39.65
15 88 40.64
15 89 41.64
15 90 42.66
15 91 43.70
15 92 44.80
15 93 46.19
15 94 47.18
15 95 26.25
16 1 13.79
16 2 15.49
16 3 13.98
16 4 12.68
16 5 11.48
16 6 10.33
16 7 9.23
16 8 8.15
16 9 7.10
16 10 6.06
16 11 5.03
16 12 4.02
16 13 3.01
16 14 2.00
16 15 1.00
16 16 0.00
16 17 1.00
16 18 2.00
16 19 3.01
16 20 4.02
16 21 5.03
16 22 6.06
16 23 7.10
16 24 8.15
16 25 9.23
16 26 10.33
16 27 11.48
16 28 12.68
16 29 13.98
16 30 15.49
16 31 18.03
16 32 18.87
16 33 21.35
16 34 22.86
16 35 23.96
16 36 24.88
16 37 25.68
16 38 26.40
16 39 27.06
16 40 27.67
16 41 28.25
16 42 28.80
16 43 29.32
16 44 29.82
16 45 30.31
16 46 30.77
16 47 31.22
16 48 31.66
16 49 32.08
16 50 32.49
16 51 32.88
16 52 33.26
16 53 33.62
16 54 33.96
16 55 34.28
16 56 34.57
16 57 34.83
16 58 35.04
16 59 35.19
16 60 35.24
16 61 35.09
16 62 33.99
16 63 34.84
16 64 17.77
16 65 18.43
16 66 19.27
16 67 20.20
16 68 21.17
16 69 22.16
16 70 23.16
16 71 24.17
16 72 25.19
16 73 26.20
16 74 27.21
16 75 28.22
16 76 29.22
16 77 30.23
16 78 31.22
16 79 32.22
16 80 33.22
16 81 34.21
16 82 35.20
16 83 36.19
16 84 37.18
16 85 38.17
16 86 39.16
16 87 40.16
16 88 41.16
16 89 42.18
16 90 43.21
16 91 44.27
16 92 45.40
16 93 46.85
16 94 47.83
16 95 26.87
17 1 14.78
17 2 16.39
17 3 14.91
17 4 13.62
17 5 12.43
17 6 11.30
17 7 10.20
17 8 9.13
17 9 8.08
17 10 7.05
17 11 6.03
17 12 5.01
17 13 4.00
17 14 3.00
17 15 2.00
17 16 1.00
17 17 0.00
17 18 1.00
17 19 2.01
17 20 3.02
17 21 4.04
17 22 5.07
17 23 6.11
17 24 7.17
17 25 8.25
17 26 9.36
17 27 10.51
17 28 11.73
17 29 13.05
17 30 14.59
17 31 17.19
17 32 18.02
17 33 22.21
17 34 23.73
17 35 24.86
17 36 25.79
17 37 26.60
17 38 27.33
17 39 28.00
17 40 28.63
17 41 29.22
17 42 29.77
17 43 30.30
17 44 30.81
17 45 31.30
17 46 31.77
17 47 32.22
17 48 32.66
17 49 33.08
17 50 33.49
17 51 33.88
17 52 34.26
17 53 34.62
17 54 34.95
17 55 35.27
17 56 35.55
17 57 35.81
17 58 36.01
17 59 36.16
17 60 36.19
17 61 36.02
17 62 34.89
17 63 35.73
17 64 18.48
17 65 19.07
17 66 19.86
17 67 20.75
17 68 21.69
17 69 22.66
17 70 23.64
17 71 24.64
17 72 25.64
17 73 26.65
17 74 27.65
17 75 28.65
17 76 29.66
17 77 30.66
17 78 31.66
17 79 32.66
17 80 33.66
17 81 34.65
17 82 35.65
17 83 36.64
17 84 37.64
17 85 38.64
17 86 39.64
17 87 40.65
17 88 41.67
17 89 42.69
17 90 43.74
17 91 44.82
17 92 45.97
17 93 47.48
17 94 48.46
17 95 27.47
18 1 15.79
18 2 17.29
18 3 15.83
18 4 14.56
18 5 13.38
18 6 12.26
18 7 11.17
18 8 10.11
18 9 9.07
18 10 8.04
18 11 7.02
18 12 6.01
18 13 5.00
18 14 4.00
18 15 3.00
18 16 2.00
18 17 1.00
18 18 0.00
18 19 1.01
18 20 2.02
18 21 3.04
18 22 4.07
18 23 5.12
18 24 6.18
18 25 7.27
18 26 8.38
18 27 9.55
18 28 10.77
18 29 12.11
18 30 13.67
18 31 16.35
18 32 17.15
18 33 23.06
18 34 24.60
18 35 25.75
18 36 26.69
18 37 27.52
18 38 28.26
18 39 28.94
18 40 29.58
18 41 30.17
18 42 30.74
18 43 31.28
18 44 31.79
18 45 32.28
18 46 32.76
18 47 33.22
18 48 33.66
18 49 34.08
18 50 34.49
18 51 34.88
18 52 35.26
18 53 35.62
18 54 35.95
18 55 36.27
18 56 36.55
18 57 36.80
18 58 37.00
18 59 37.13
18 60 37.16
18 61 36.98
18 62 35.81
18 63 36.65
18 64 19.18
18 65 19.70
18 66 20.45
18 67 21.30
18 68 22.21
18 69 23.15
18 70 24.12
18 71 25.10
18 72 26.09
18 73 27.08
18 74 28.08
18 75 29.08
18 76 30.08
18 77 31.08
18 78 32.08
18 79 33.08
18 80 34.08
18 81 35.08
18 82 36.08
18 83 37.08
18 84 38.09
18 85 39.09
18 86 40.10
18 87 41.12
18 88 42.15
18 89 43.19
18 90 44.25
18 91 45.35
18 92 46.52
18 93 48.08
18 94 49.06
18 95 28.05
19 1 16.79
19 2 18.18
19 3 16.75
19 4 15.50
19 5 14.33
19 6 13.22
19 7 12.14
19 8 11.08
19 9 10.05
19 10 9.02
19 11 8.01
19 12 7.00
19 13 6.00
19 14 5.00
19 15 4.00
19 16 3.01
19 17 2.01
19 18 1.01
19 19 0.00
19 20 1.01
19 21 2.04
19 22 3.07
19 23 4.12
19 24 5.18
19 25 6.27
19 26 7.40
19 27 8.57
19 28 9.81
19 29 11.15
19 30 12.74
19 31 15.49
19 32 16.28
19 33 23.90
19 34 25.46
19 35 26.62
19 36 27.59
19 37 28.43
19 38 29.18
19 39 29.88
19 40 30.52
19 41 31.13
19 42 31.70
19 43 32.24
19 44 32.77
19 45 33.27
19 46 33.75
19 47 34.21
19 48 34.65
19 49 35.08
19 50 35.49
19 51 35.89
19 52 36.27
19 53 36.62
19 54 36.96
19 55 37.27
19 56 37.55
19 57 37.80
19 58 38.00
19 59 38.13
19 60 38.15
19 61 37.95
19 62 36.76
19 63 37.59
19 64 19.88
19 65 20.34
19 66 21.03
19 67 21.84
19 68 22.72
19 69 23.64
19 70 24.59
19 71 25.55
19 72 26.53
19 73 27.51
19 74 28.50
19 75 29.50
19 76 30.49
19 77 31.49
19 78 32.49
19 79 33.49
19 80 34.49
19 81 35.49
19 82 36.50
19 83 37.50
19 84 38.51
19 85 39.53
19 86 40.55
19 87 41.57
19 88 42.61
19 89 43.66
19 90 44.74
19 91 45.86
19 92 47.06
19 93 48.67
19 94 49.65
19 95 28.63
20 1 17.80
20 2 19.06
20 3 17.66
20 4 16.43
20 5 15.28
20 6 14.18
20 7 13.11
20 8 12.06
20 9 11.03
20 10 10.01
20 11 9.00
20 12 8.00
20 13 7.00
20 14 6.01
20 15 5.01
20 16 4.02
20 17 3.02
20 18 2.02
20 19 1.01
20 20 0.00
20 21 1.02
20 22 2.06
20 23 3.11
20 24 4.18
20 25 5.27
20 26 6.40
20 27 7.58
20 28 8.83
20 29 10.19
20 30 11.80
20 31 14.62
20 32 15.39
20 33 24.73
20 34 26.31
20 35 27.49
20 36 28.47
20 37 29.32
20 38 30.09
20 39 30.80
20 40 31.46
20 41 32.07
20 42 32.65
20 43 33.21
20 44 33.74
20 45 34.24
20 46 34.73
20 47 35.20
20 48 35.65
20 49 36.08
20 50 36.50
20 51 36.90
20 52 37.28
20 53 37.64
20 54 37.97
20 55 38.28
20 56 38.57
20 57 38.81
20 58 39.01
20 59 39.13
20 60 39.15
20 61 38.94
20 62 37.73
20 63 38.56
20 64 20.58
20 65 20.97
20 66 21.62
20 67 22.39
20 68 23.23
20 69 24.12
20 70 25.05
20 71 25.99
20 72 26.96
20 73 27.93
20 74 28.91
20 75 29.90
20 76 30.89
20 77 31.88
20 78 32.88
20 79 33.88
20 80 34.88
20 81 35.89
20 82 36.90
20 83 37.91
20 84 38.92
20 85 39.94
20 86 40.97
20 87 42.00
20 88 43.05
20 89 44.11
20 90 45.21
20 91 46.34
20 92 47.57
20 93 49.24
20 94 50.21
20 95 29.20
21 1 18.82
21 2 19.94
21 3 18.57
21 4 17.36
21 5 16.22
21 6 15.14
21 7 14.08
21 8 13.04
21 9 12.01
21 10 11.00
21 11 10.00
21 12 9.00
21 13 8.01
21 14 7.02
21 15 6.03
21 16 5.03
21 17 4.04
21 18 3.04
21 19 2.04
21 20 1.02
21 21 0.00
21 22 1.04
21 23 2.09
21 24 3.16
21 25 4.26
21 26 5.39
21 27 6.58
21 28 7.83
21 29 9.21
21 30 10.85
21 31 13.74
21 32 14.48
21 33 25.55
21 34 27.15
21 35 28.35
21 36 29.34
21 37 30.21
21 38 31.00
21 39 31.72
21 40 32.38
21 41 33.01
21 42 33.60
21 43 34.17
21 44 34.70
21 45 35.22
21 46 35.71
21 47 36.19
21 48 36.65
21 49 37.08
21 50 37.50
21 51 37.91
21 52 38.29
21 53 38.65
21 54 38.99
21 55 39.31
21 56 39.59
21 57 39.83
21 58 40.03
21 59 40.15
21 60 40.16
21 61 39.95
21 62 38.72
21 63 39.55
21 64 21.27
21 65 21.60
21 66 22.19
21 67 22.92
21 68 23.74
21 69 24.60
21 70 25.50
21 71 26.43
21 72 27.38
21 73 28.34
21 74 29.31
21 75 30.29
21 76 31.27
21 77 32.26
21 78 33.26
21 79 34.26
21 80 35.26
21 81 36.27
21 82 37.27
21 83 38.29
21 84 39.31
21 85 40.33
21 86 41.37
21 87 42.41
21 88 43.47
21 89 44.55
21 90 45.65
21 91 46.80
21 92 48.05
21 93 49.78
21 94 50.75
21 95 29.75
22 1 19.84
22 2 20.82
22 3 19.48
22 4 18.29
22 5 17.17
22 6 16.10
22 7 15.05
22 8 14.02
22 9 13.00
22 10 12.00
22 11 11.00
22 12 10.01
22 13 9.02
22 14 8.04
22 15 7.05
22 16 6.06
22 17 5.07
22 18 4.07
22 19 3.07
22 20 2.06
22 21 1.04
22 22 0.00
22 23 1.05
22 24 2.13
22 25 3.23
22 26 4.37
22 27 5.56
22 28 6.82
22 29 8.21
22 30 9.87
22 31 12.83
22 32 13.55
22 33 26.37
22 34 27.99
22 35 29.20
22 36 30.21
22 37 31.10
22 38 31.90
22 39 32.63
22 40 33.31
22 41 33.95
22 42 34.55
22 43 35.12
22 44 35.67
22 45 36.19
22 46 36.70
22 47 37.18
22 48 37.64
22 49 38.09
22 50 38.51
22 51 38.92
22 52 39.31
22 53 39.68
22 54 40.02
22 55 40.34
22 56 40.62
22 57 40.87
22 58 41.06
22 59 41.19
22 60 41.20
22 61 40.98
22 62 39.74
22 63 40.56
22 64 21.96
22 65 22.22
22 66 22.77
22 67 23.46
22 68 24.23
22 69 25.07
22 70 25.95
22 71 26.85
22 72 27.78
22 73 28.73
22 74 29.69
22 75 30.66
22 76 31.64
22 77 32.63
22 78 33.62
22 79 34.61
22 80 35.62
22 81 36.62
22 82 37.63
22 83 38.65
22 84 39.67
22 85 40.71
22 86 41.75
22 87 42.80
22 88 43.87
22 89 44.95
22 90 46.07
22 91 47.24
22 92 48.52
22 93 50.30
22 94 51.26
22 95 30.29
23 1 20.87
23 2 21.70
23 3 20.39
23 4 19.22
23 5 18.12
23 6 17.06
23 7 16.02
23 8 15.01
23 9 14.00
23 10 13.00
23 11 12.01
23 12 11.03
23 13 10.05
23 14 9.07
23 15 8.08
23 16 7.10
23 17 6.11
23 18 5.12
23 19 4.12
23 20 3.11
23 21 2.09
23 22 1.05
23 23 0.00
23 24 1.07
23 25 2.18
23 26 3.32
23 27 4.52
23 28 5.79
23 29 7.20
23 30 8.88
23 31 11.91
23 32 12.60
23 33 27.18
23 34 28.82
23 35 30.05
23 36 31.07
23 37 31.98
23 38 32.79
23 39 33.53
23 40 34.23
23 41 34.88
23 42 35.49
23 43 36.08
23 44 36.63
23 45 37.17
23 46 37.68
23 47 38.17
23 48 38.64
23 49 39.09
23 50 39.53
23 51 39.94
23 52 40.33
23 53 40.71
23 54 41.05
23 55 41.38
23 56 41.66
23 57 41.91
23 58 42.11
23 59 42.24
23 60 42.25
23 61 42.03
23 62 40.79
23 63 41.61
23 64 22.65
23 65 22.84
23 66 23.34
23 67 23.98
23 68 24.72
23 69 25.53
23 70 26.38
23 71 27.27
23 72 28.18
23 73 29.11
23 74 30.06
23 75 31.02
23 76 31.99
23 77 32.97
23 78 33.96
23 79 34.95
23 80 35.95
23 81 36.96
23 82 37.97
23 83 38.99
23 84 40.02
23 85 41.06
23 86 42.10
23 87 43.16
23 88 44.24
23 89 45.34
23 90 46.47
23 91 47.66
23 92 48.96
23 93 50.80
23 94 51.75
23 95 30.82
24 1 21.91
24 2 22.58
24 3 21.30
24 4 20.16
24 5 19.08
24 6 18.03
24 7 17.01
24 8 16.00
24 9 15.01
24 10 14.02
24 11 13.04
24 12 12.06
24 13 11.08
24 14 10.11
24 15 9.13
24 16 8.15
24 17 7.17
24 18 6.18
24 19 5.18
24 20 4.18
24 21 3.16
24 22 2.13
24 23 1.07
24 24 0.00
24 25 1.10
24 26 2.25
24 27 3.45
24 28 4.73
24 29 6.15
24 30 7.85
24 31 10.96
24 32 11.62
24 33 27.98
24 34 29.64
24 35 30.89
24 36 31.93
24 37 32.85
24 38 33.67
24 39 34.43
24 40 35.14
24 41 35.80
24 42 36.43
24 43 37.03
24 44 37.60
24 45 38.14
24 46 38.66
24 47 39.16
24 48 39.64
24 49 40.10
24 50 40.55
24 51 40.97
24 52 41.37
24 53 41.75
24 54 42.10
24 55 42.43
24 56 42.72
24 57 42.98
24 58 43.18
24 59 43.31
24 60 43.32
24 61 43.11
24 62 41.86
24 63 42.68
24 64 23.33
24 65 23.46
24 66 23.90
24 67 24.50
24 68 25.21
24 69 25.98
24 70 26.81
24 71 27.67
24 72 28.56
24 73 29.48
24 74 30.41
24 75 31.36
24 76 32.32
24 77 33.30
24 78 34.28
24 79 35.27
24 80 36.27
24 81 37.27
24 82 38.28
24 83 39.31
24 84 40.34
24 85 41.38
24 86 42.43
24 87 43.49
24 88 44.58
24 89 45.69
24 90 46.84
24 91 48.04
24 92 49.37
24 93 51.26
24 94 52.22
24 95 31.33
25 1 22.96
25 2 23.45
25 3 22.22
25 4 21.10
25 5 20.04
25 6 19.01
25 7 18.00
25 8 17.01
25 9 16.02
25 10 15.05
25 11 14.08
25 12 13.11
25 13 12.14
25 14 11.17
25 15 10.20
25 16 9.23
25 17 8.25
25 18 7.27
25 19 6.27
25 20 5.27
25 21 4.26
25 22 3.23
25 23 2.18
25 24 1.10
25 25 0.00
25 26 1.15
25 27 2.35
25 28 3.64
25 29 5.07
25 30 6.79
25 31 9.97
25 32 10.60
25 33 28.78
25 34 30.46
25 35 31.72
25 36 32.78
25 37 33.71
25 38 34.56
25 39 35.33
25 40 36.05
25 41 36.73
25 42 37.37
25 43 37.98
25 44 38.56
25 45 39.12
25 46 39.65
25 47 40.16
25 48 40.65
25 49 41.12
25 50 41.57
25 51 42.00
25 52 42.41
25 53 42.80
25 54 43.16
25 55 43.49
25 56 43.80
25 57 44.06
25 58 44.26
25 59 44.40
25 60 44.42
25 61 44.21
25 62 42.96
25 63 43.78
25 64 24.01
25 65 24.07
25 66 24.46
25 67 25.01
25 68 25.68
25 69 26.42
25 70 27.21
25 71 28.05
25 72 28.92
25 73 29.82
25 74 30.74
25 75 31.68
25 76 32.63
25 77 33.59
25 78 34.57
25 79 35.55
25 80 36.55
25 81 37.55
25 82 38.57
25 83 39.59
25 84 40.62
25 85 41.67
25 86 42.72
25 87 43.80
25 88 44.89
25 89 46.01
25 90 47.17
25 91 48.39
25 92 49.74
25 93 51.70
25 94 52.65
25 95 31.83
26 1 24.03
26 2 24.34
26 3 23.14
26 4 22.05
26 5 21.01
26 6 20.00
26 7 19.01
26 8 18.03
26 9 17.06
26 10 16.10
26 11 15.14
26 12 14.18
26 13 13.22
26 14 12.26
26 15 11.30
26 16 10.33
26 17 9.36
26 18 8.38
26 19 7.40
26 20 6.40
26 21 5.39
26 22 4.37
26 23 3.32
26 24 2.25
26 25 1.15
26 26 0.00
26 27 1.20
26 28 2.50
26 29 3.94
26 30 5.68
26 31 8.93
26 32 9.53
26 33 29.58
26 34 31.27
26 35 32.55
26 36 33.63
26 37 34.58
26 38 35.44
26 39 36.23
26 40 36.96
26 41 37.66
26 42 38.31
26 43 38.93
26 44 39.53
26 45 40.10
26 46 40.64
26 47 41.16
26 48 41.67
26 49 42.15
26 50 42.61
26 51 43.05
26 52 43.47
26 53 43.87
26 54 44.24
26 55 44.58
26 56 44.89
26 57 45.16
26 58 45.37
26 59 45.52
26 60 45.55
26 61 45.34
26 62 44.11
26 63 44.93
26 64 24.68
26 65 24.67
26 66 25.00
26 67 25.51
26 68 26.13
26 69 26.84
26 70 27.60
26 71 28.41
26 72 29.26
26 73 30.14
26 74 31.04
26 75 31.97
26 76 32.91
26 77 33.86
26 78 34.83
26 79 35.81
26 80 36.80
26 81 37.80
26 82 38.81
26 83 39.83
26 84 40.87
26 85 41.91
26 86 42.98
26 87 44.06
26 88 45.16
26 89 46.29
26 90 47.46
26 91 48.70
26 92 50.08
26 93 52.10
26 94 53.04
26 95 32.30
27 1 25.13
27 2 25.23
27 3 24.07
27 4 23.01
27 5 22.00
27 6 21.01
27 7 20.04
27 8 19.08
27 9 18.12
27 10 17.17
27 11 16.22
27 12 15.28
27 13 14.33
27 14 13.38
27 15 12.43
27 16 11.48
27 17 10.51
27 18 9.55
27 19 8.57
27 20 7.58
27 21 6.58
27 22 5.56
27 23 4.52
27 24 3.45
27 25 2.35
27 26 1.20
27 27 0.00
27 28 1.30
27 29 2.74
27 30 4.51
27 31 7.83
27 32 8.38
27 33 30.36
27 34 32.07
27 35 33.37
27 36 34.47
27 37 35.44
27 38 36.31
27 39 37.12
27 40 37.87
27 41 38.58
27 42 39.25
27 43 39.89
27 44 40.50
27 45 41.08
27 46 41.64
27 47 42.18
27 48 42.69
27 49 43.19
27 50 43.66
27 51 44.12
27 52 44.55
27 53 44.95
27 54 45.34
27 55 45.69
27 56 46.01
27 57 46.29
27 58 46.52
27 59 46.67
27 60 46.71
27 61 46.52
27 62 45.30
27 63 46.12
27 64 25.35
27 65 25.26
27 66 25.53
27 67 25.99
27 68 26.57
27 69 27.23
27 70 27.96
27 71 28.75
27 72 29.57
27 73 30.43
27 74 31.31
27 75 32.21
27 76 33.14
27 77 34.08
27 78 35.04
27 79 36.01
27 80 37.00
27 81 38.00
27 82 39.01
27 83 40.03
27 84 41.06
27 85 42.11
27 86 43.18
27 87 44.26
27 88 45.37
27 89 46.52
27 90 47.70
27 91 48.96
27 92 50.36
27 93 52.45
27 94 53.38
27 95 32.74
28 1 26.26
28 2 26.12
28 3 25.02
28 4 24.00
28 5 23.01
28 6 22.05
28 7 21.10
28 8 20.16
28 9 19.22
28 10 18.29
28 11 17.36
28 12 16.43
28 13 15.50
28 14 14.56
28 15 13.62
28 16 12.68
28 17 11.73
28 18 10.77
28 19 9.81
28 20 8.83
28 21 7.83
28 22 6.82
28 23 5.79
28 24 4.73
28 25 3.64
28 26 2.50
28 27 1.30
28 28 0.00
28 29 1.45
28 30 3.23
28 31 6.62
28 32 7.13
28 33 31.15
28 34 32.87
28 35 34.19
28 36 35.31
28 37 36.29
28 38 37.19
28 39 38.02
28 40 38.79
28 41 39.52
28 42 40.20
28 43 40.86
28 44 41.48
28 45 42.08
28 46 42.66
28 47 43.21
28 48 43.74
28 49 44.25
28 50 44.74
28 51 45.21
28 52 45.65
28 53 46.07
28 54 46.47
28 55 46.84
28 56 47.17
28 57 47.46
28 58 47.70
28 59 47.87
28 60 47.92
28 61 47.75
28 62 46.55
28 63 47.38
28 64 26.00
28 65 25.84
28 66 26.04
28 67 26.44
28 68 26.97
28 69 27.59
28 70 28.29
28 71 29.03
28 72 29.83
28 73 30.66
28 74 31.52
28 75 32.41
28 76 33.32
28 77 34.25
28 78 35.19
28 79 36.16
28 80 37.13
28 81 38.13
28 82 39.13
28 83 40.15
28 84 41.19
28 85 42.24
28 86 43.31
28 87 44.40
28 88 45.52
28 89 46.67
28 90 47.87
28 91 49.15
28 92 50.58
28 93 52.73
28 94 53.65
28 95 33.14
29 1 27.47
29 2 27.04
29 3 26.00
29 4 25.02
29 5 24.07
29 6 23.14
29 7 22.22
29 8 21.30
29 9 20.39
29 10 19.48
29 11 18.57
29 12 17.66
29 13 16.75
29 14 15.83
29 15 14.91
29 16 13.98
29 17 13.05
29 18 12.11
29 19 11.15
29 20 10.19
29 21 9.21
29 22 8.21
29 23 7.20
29 24 6.15
29 25 5.07
29 26 3.94
29 27 2.74
29 28 1.45
29 29 0.00
29 30 1.79
29 31 5.25
29 32 5.70
29 33 31.92
29 34 33.66
29 35 35.00
29 36 36.14
29 37 37.15
29 38 38.07
29 39 38.92
29 40 39.71
29 41 40.46
29 42 41.17
29 43 41.84
29 44 42.49
29 45 43.11
29 46 43.70
29 47 44.27
29 48 44.82
29 49 45.35
29 50 45.86
29 51 46.34
29 52 46.80
29 53 47.24
29 54 47.66
29 55 48.04
29 56 48.39
29 57 48.70
29 58 48.96
29 59 49.15
29 60 49.22
29 61 49.07
29 62 47.91
29 63 48.74
29 64 26.64
29 65 26.38
29 66 26.51
29 67 26.85
29 68 27.32
29 69 27.89
29 70 28.54
29 71 29.25
29 72 30.01
29 73 30.81
29 74 31.64
29 75 32.51
29 76 33.40
29 77 34.31
29 78 35.24
29 79 36.19
29 80 37.16
29 81 38.15
29 82 39.15
29 83 40.16
29 84 41.20
29 85 42.25
29 86 43.32
29 87 44.42
29 88 45.55
29 89 46.71
29 90 47.92
29 91 49.22
29 92 50.68
29 93 52.91
29 94 53.82
29 95 33.48
30 1 28.81
30 2 28.00
30 3 27.04
30 4 26.12
30 5 25.23
30 6 24.34
30 7 23.45
30 8 22.58
30 9 21.70
30 10 20.82
30 11 19.94
30 12 19.06
30 13 18.18
30 14 17.29
30 15 16.39
30 16 15.49
30 17 14.59
30 18 13.67
30 19 12.74
30 20 11.80
30 21 10.85
30 22 9.87
30 23 8.88
30 24 7.85
30 25 6.79
30 26 5.68
30 27 4.51
30 28 3.23
30 29 1.79
30 30 0.00
30 31 3.51
30 32 3.91
30 33 32.68
30 34 34.44
30 35 35.81
30 36 36.97
30 37 38.01
30 38 38.95
30 39 39.83
30 40 40.65
30 41 41.42
30 42 42.16
30 43 42.86
30 44 43.53
30 45 44.18
30 46 44.80
30 47 45.40
30 48 45.97
30 49 46.52
30 50 47.06
30 51 47.57
30 52 48.05
30 53 48.52
30 54 48.96
30 55 49.37
30 56 49.74
30 57 50.08
30 58 50.37
30 59 50.58
30 60 50.68
30 61 50.57
30 62 49.47
30 63 50.32
30 64 27.24
30 65 26.87
30 66 26.91
30 67 27.16
30 68 27.56
30 69 28.06
30 70 28.66
30 71 29.31
30 72 30.03
30 73 30.79
30 74 31.59
30 75 32.42
30 76 33.28
30 77 34.17
30 78 35.09
30 79 36.02
30 80 36.97
30 81 37.95
30 82 38.94
30 83 39.95
30 84 40.98
30 85 42.03
30 86 43.11
30 87 44.21
30 88 45.34
30 89 46.52
30 90 47.75
30 91 49.07
30 92 50.57
30 93 52.89
30 94 53.79
30 95 33.68
31 1 30.82
31 2 29.19
31 3 28.42
31 4 27.64
31 5 26.86
31 6 26.07
31 7 25.29
31 8 24.50
31 9 23.70
31 10 22.91
31 11 22.11
31 12 21.30
31 13 20.49
31 14 19.68
31 15 18.86
31 16 18.03
31 17 17.19
31 18 16.35
31 19 15.49
31 20 14.62
31 21 13.74
31 22 12.83
31 23 11.91
31 24 10.96
31 25 9.97
31 26 8.93
31 27 7.83
31 28 6.62
31 29 5.25
31 30 3.51
31 31 0.00
31 32 1.00
31 33 33.42
31 34 35.21
31 35 36.61
31 36 37.83
31 37 38.91
31 38 39.91
31 39 40.84
31 40 41.72
31 41 42.55
31 42 43.34
31 43 44.09
31 44 44.82
31 45 45.52
31 46 46.20
31 47 46.85
31 48 47.48
31 49 48.08
31 50 48.67
31 51 49.24
31 52 49.78
31 53 50.30
31 54 50.80
31 55 51.26
31 56 51.70
31 57 52.10
31 58 52.45
31 59 52.73
31 60 52.91
31 61 52.89
31 62 51.96
31 63 52.83
31 64 27.70
31 65 27.12
31 66 26.97
31 67 27.05
31 68 27.30
31 69 27.67
31 70 28.14
31 71 28.70
31 72 29.31
31 73 29.99
31 74 30.71
31 75 31.48
31 76 32.28
31 77 33.12
31 78 33.99
31 79 34.89
31 80 35.81
31 81 36.76
31 82 37.73
31 83 38.72
31 84 39.74
31 85 40.79
31 86 41.86
31 87 42.96
31 88 44.11
31 89 45.30
31 90 46.55
31 91 47.91
31 92 49.47
31 93 51.96
31 94 52.83
31 95 33.29
32 1 31.75
32 2 30.19
32 3 29.40
32 4 28.62
32 5 27.83
32 6 27.03
32 7 26.24
32 8 25.44
32 9 24.63
32 10 23.83
32 11 23.01
32 12 22.20
32 13 21.38
32 14 20.55
32 15 19.71
32 16 18.87
32 17 18.02
32 18 17.15
32 19 16.28
32 20 15.39
32 21 14.48
32 22 13.55
32 23 12.60
32 24 11.62
32 25 10.60
32 26 9.53
32 27 8.38
32 28 7.13
32 29 5.70
32 30 3.91
32 31 1.00
32 32 0.00
32 33 34.42
32 34 36.21
32 35 37.61
32 36 38.83
32 37 39.91
32 38 40.91
32 39 41.84
32 40 42.71
32 41 43.54
32 42 44.33
32 43 45.09
32 44 45.81
32 45 46.51
32 46 47.18
32 47 47.83
32 48 48.46
32 49 49.06
32 50 49.65
32 51 50.21
32 52 50.75
32 53 51.26
32 54 51.75
32 55 52.22
32 56 52.65
32 57 53.04
32 58 53.38
32 59 53.65
32 60 53.82
32 61 53.79
32 62 52.83
32 63 53.69
32 64 28.70
32 65 28.11
32 66 27.94
32 67 28.02
32 68 28.26
32 69 28.62
32 70 29.08
32 71 29.62
32 72 30.22
32 73 30.89
32 74 31.60
32 75 32.36
32 76 33.15
32 77 33.98
32 78 34.84
32 79 35.73
32 80 36.65
32 81 37.59
32 82 38.56
32 83 39.55
32 84 40.56
32 85 41.61
32 86 42.68
32 87 43.78
32 88 44.93
32 89 46.12
32 90 47.38
32 91 48.74
32 92 50.32
32 93 52.83
32 94 53.69
32 95 34.23
33 1 12.82
33 2 6.08
33 3 7.84
33 4 9.29
33 5 10.58
33 6 11.76
33 7 12.87
33 8 13.92
33 9 14.94
33 10 15.92
33 11 16.87
33 12 17.80
33 13 18.71
33 14 19.61
33 15 20.49
33 16 21.35
33 17 22.21
33 18 23.06
33 19 23.90
33 20 24.73
33 21 25.55
33 22 26.37
33 23 27.18
33 24 27.98
33 25 28.78
33 26 29.58
33 27 30.36
33 28 31.15
33 29 31.92
33 30 32.68
33 31 33.42
33 32 34.42
33 33 0.00
33 34 1.79
33 35 3.23
33 36 4.51
33 37 5.68
33 38 6.79
33 39 7.85
33 40 8.88
33 41 9.87
33 42 10.85
33 43 11.80
33 44 12.74
33 45 13.67
33 46 14.59
33 47 15.49
33 48 16.39
33 49 17.29
33 50 18.18
33 51 19.06
33 52 19.94
33 53 20.82
33 54 21.70
33 55 22.58
33 56 23.45
33 57 24.34
33 58 25.23
33 59 26.12
33 60 27.04
33 61 28.00
33 62 29.19
33 63 30.19
33 64 6.08
33 65 7.41
33 66 8.47
33 67 9.41
33 68 10.28
33 69 11.10
33 70 11.90
33 71 12.67
33 72 13.42
33 73 14.17
33 74 14.90
33 75 15.63
33 76 16.35
33 77 17.06
33 78 17.77
33 79 18.48
33 80 19.18
33 81 19.88
33 82 20.58
33 83 21.27
33 84 21.96
33 85 22.65
33 86 23.33
33 87 24.01
33 88 24.68
33 89 25.34
33 90 26.00
33 91 26.63
33 92 27.24
33 93 27.70
33 94 28.70
33 95 10.76
34 1 13.47
34 2 7.41
34 3 9.09
34 4 10.52
34 5 11.82
34 6 13.02
34 7 14.15
34 8 15.23
34 9 16.27
34 10 17.28
34 11 18.26
34 12 19.21
34 13 20.15
34 14 21.06
34 15 21.97
34 16 22.86
34 17 23.73
34 18 24.60
34 19 25.46
34 20 26.31
34 21 27.15
34 22 27.99
34 23 28.82
34 24 29.64
34 25 30.46
34 26 31.27
34 27 32.07
34 28 32.87
34 29 33.66
34 30 34.44
34 31 35.21
34 32 36.21
34 33 1.79
34 34 0.00
34 35 1.45
34 36 2.74
34 37 3.94
34 38 5.07
34 39 6.15
34 40 7.19
34 41 8.21
34 42 9.21
34 43 10.19
34 44 11.15
34 45 12.11
34 46 13.05
34 47 13.98
34 48 14.91
34 49 15.83
34 50 16.75
34 51 17.66
34 52 18.57
34 53 19.48
34 54 20.39
34 55 21.30
34 56 22.22
34 57 23.14
34 58 24.07
34 59 25.02
34 60 26.00
34 61 27.04
34 62 28.42
34 63 29.40
34 64 7.84
34 65 9.09
34 66 10.06
34 67 10.91
34 68 11.70
34 69 12.44
34 70 13.15
34 71 13.84
34 72 14.52
34 73 15.18
34 74 15.84
34 75 16.49
34 76 17.14
34 77 17.79
34 78 18.43
34 79 19.07
34 80 19.71
34 81 20.34
34 82 20.97
34 83 21.60
34 84 22.22
34 85 22.85
34 86 23.46
34 87 24.07
34 88 24.67
34 89 25.26
34 90 25.84
34 91 26.38
34 92 26.87
34 93 27.12
34 94 28.11
34 95 11.37
35 1 13.92
35 2 8.47
35 3 10.06
35 4 11.47
35 5 12.76
35 6 13.96
35 7 15.10
35 8 16.20
35 9 17.25
35 10 18.28
35 11 19.27
35 12 20.25
35 13 21.20
35 14 22.13
35 15 23.06
35 16 23.96
35 17 24.86
35 18 25.75
35 19 26.62
35 20 27.49
35 21 28.35
35 22 29.20
35 23 30.05
35 24 30.89
35 25 31.72
35 26 32.55
35 27 33.37
35 28 34.19
35 29 35.00
35 30 35.81
35 31 36.61
35 32 37.61
35 33 3.23
35 34 1.45
35 35 0.00
35 36 1.30
35 37 2.50
35 38 3.64
35 39 4.73
35 40 5.79
35 41 6.82
35 42 7.83
35 43 8.83
35 44 9.80
35 45 10.77
35 46 11.73
35 47 12.68
35 48 13.62
35 49 14.56
35 50 15.50
35 51 16.43
35 52 17.36
35 53 18.29
35 54 19.22
35 55 20.16
35 56 21.10
35 57 22.05
35 58 23.01
35 59 24.00
35 60 25.02
35 61 26.12
35 62 27.64
35 63 28.62
35 64 9.29
35 65 10.52
35 66 11.47
35 67 12.28
35 68 13.02
35 69 13.72
35 70 14.38
35 71 15.03
35 72 15.66
35 73 16.27
35 74 16.88
35 75 17.49
35 76 18.09
35 77 18.68
35 78 19.27
35 79 19.86
35 80 20.45
35 81 21.04
35 82 21.62
35 83 22.19
35 84 22.77
35 85 23.34
35 86 23.90
35 87 24.46
35 88 25.00
35 89 25.53
35 90 26.04
35 91 26.51
35 92 26.91
35 93 26.97
35 94 27.95
35 95 12.23
36 1 14.29
36 2 9.41
36 3 10.91
36 4 12.28
36 5 13.56
36 6 14.76
36 7 15.90
36 8 17.00
36 9 18.07
36 10 19.10
36 11 20.11
36 12 21.10
36 13 22.07
36 14 23.02
36 15 23.96
36 16 24.88
36 17 25.79
36 18 26.69
36 19 27.59
36 20 28.47
36 21 29.34
36 22 30.21
36 23 31.07
36 24 31.93
36 25 32.78
36 26 33.63
36 27 34.47
36 28 35.31
36 29 36.14
36 30 36.97
36 31 37.83
36 32 38.83
36 33 4.51
36 34 2.74
36 35 1.30
36 36 0.00
36 37 1.20
36 38 2.35
36 39 3.45
36 40 4.51
36 41 5.56
36 42 6.58
36 43 7.58
36 44 8.57
36 45 9.55
36 46 10.52
36 47 11.48
36 48 12.43
36 49 13.38
36 50 14.33
36 51 15.28
36 52 16.22
36 53 17.17
36 54 18.12
36 55 19.08
36 56 20.04
36 57 21.01
36 58 22.00
36 59 23.01
36 60 24.07
36 61 25.22
36 62 26.86
36 63 27.83
36 64 10.58
36 65 11.82
36 66 12.76
36 67 13.56
36 68 14.28
36 69 14.95
36 70 15.58
36 71 16.20
36 72 16.79
36 73 17.38
36 74 17.96
36 75 18.52
36 76 19.09
36 77 19.65
36 78 20.20
36 79 20.75
36 80 21.30
36 81 21.85
36 82 22.39
36 83 22.92
36 84 23.46
36 85 23.98
36 86 24.50
36 87 25.01
36 88 25.51
36 89 25.99
36 90 26.44
36 91 26.85
36 92 27.16
36 93 27.05
36 94 28.02
36 95 13.20
37 1 14.61
37 2 10.28
37 3 11.70
37 4 13.02
37 5 14.28
37 6 15.47
37 7 16.61
37 8 17.72
37 9 18.79
37 10 19.83
37 11 20.85
37 12 21.85
37 13 22.83
37 14 23.79
37 15 24.74
37 16 25.68
37 17 26.60
37 18 27.52
37 19 28.43
37 20 29.32
37 21 30.21
37 22 31.10
37 23 31.98
37 24 32.85
37 25 33.71
37 26 34.58
37 27 35.44
37 28 36.29
37 29 37.15
37 30 38.01
37 31 38.91
37 32 39.91
37 33 5.68
37 34 3.94
37 35 2.50
37 36 1.20
37 37 0.00
37 38 1.15
37 39 2.25
37 40 3.32
37 41 4.37
37 42 5.39
37 43 6.40
37 44 7.40
37 45 8.39
37 46 9.36
37 47 10.33
37 48 11.30
37 49 12.26
37 50 13.22
37 51 14.18
37 52 15.14
37 53 16.10
37 54 17.06
37 55 18.03
37 56 19.01
37 57 20.00
37 58 21.01
37 59 22.05
37 60 23.14
37 61 24.34
37 62 26.07
37 63 27.03
37 64 11.76
37 65 13.02
37 66 13.96
37 67 14.76
37 68 15.47
37 69 16.13
37 70 16.75
37 71 17.34
37 72 17.92
37 73 18.48
37 74 19.03
37 75 19.57
37 76 20.11
37 77 20.64
37 78 21.17
37 79 21.69
37 80 22.21
37 81 22.72
37 82 23.23
37 83 23.73
37 84 24.23
37 85 24.72
37 86 25.21
37 87 25.68
37 88 26.13
37 89 26.57
37 90 26.97
37 91 27.32
37 92 27.56
37 93 27.30
37 94 28.26
37 95 14.21
38 1 14.92
38 2 11.10
38 3 12.44
38 4 13.72
38 5 14.95
38 6 16.13
38 7 17.26
38 8 18.37
38 9 19.44
38 10 20.49
38 11 21.52
38 12 22.52
38 13 23.51
38 14 24.49
38 15 25.45
38 16 26.40
38 17 27.33
38 18 28.26
38 19 29.18
38 20 30.09
38 21 31.00
38 22 31.90
38 23 32.79
38 24 33.67
38 25 34.56
38 26 35.44
38 27 36.31
38 28 37.19
38 29 38.07
38 30 38.95
38 31 39.91
38 32 40.91
38 33 6.79
38 34 5.07
38 35 3.64
38 36 2.35
38 37 1.15
38 38 0.00
38 39 1.10
38 40 2.18
38 41 3.23
38 42 4.26
38 43 5.27
38 44 6.27
38 45 7.27
38 46 8.25
38 47 9.23
38 48 10.20
38 49 11.17
38 50 12.14
38 51 13.11
38 52 14.08
38 53 15.05
38 54 16.02
38 55 17.01
38 56 18.00
38 57 19.01
38 58 20.04
38 59 21.10
38 60 22.22
38 61 23.45
38 62 25.29
38 63 26.24
38 64 12.87
38 65 14.15
38 66 15.11
38 67 15.90
38 68 16.61
38 69 17.26
38 70 17.88
38 71 18.46
38 72 19.02
38 73 19.57
38 74 20.11
38 75 20.63
38 76 21.15
38 77 21.66
38 78 22.16
38 79 22.66
38 80 23.15
38 81 23.64
38 82 24.12
38 83 24.60
38 84 25.07
38 85 25.53
38 86 25.98
38 87 26.42
38 88 26.84
38 89 27.23
38 90 27.59
38 91 27.89
38 92 28.06
38 93 27.67
38 94 28.62
38 95 15.24
39 1 15.21
39 2 11.90
39 3 13.15
39 4 14.38
39 5 15.58
39 6 16.75
39 7 17.88
39 8 18.98
39 9 20.05
39 10 21.10
39 11 22.13
39 12 23.15
39 13 24.14
39 14 25.13
39 15 26.10
39 16 27.06
39 17 28.00
39 18 28.94
39 19 29.88
39 20 30.80
39 21 31.72
39 22 32.63
39 23 33.53
39 24 34.43
39 25 35.33
39 26 36.23
39 27 37.12
39 28 38.02
39 29 38.92
39 30 39.83
39 31 40.84
39 32 41.84
39 33 7.85
39 34 6.15
39 35 4.73
39 36 3.45
39 37 2.25
39 38 1.10
39 39 0.00
39 40 1.07
39 41 2.13
39 42 3.16
39 43 4.18
39 44 5.18
39 45 6.18
39 46 7.17
39 47 8.15
39 48 9.13
39 49 10.11
39 50 11.08
39 51 12.06
39 52 13.04
39 53 14.02
39 54 15.01
39 55 16.00
39 56 17.01
39 57 18.03
39 58 19.08
39 59 20.16
39 60 21.30
39 61 22.58
39 62 24.50
39 63 25.44
39 64 13.92
39 65 15.23
39 66 16.20
39 67 17.00
39 68 17.72
39 69 18.37
39 70 18.98
39 71 19.55
39 72 20.11
39 73 20.65
39 74 21.17
39 75 21.68
39 76 22.18
39 77 22.68
39 78 23.16
39 79 23.64
39 80 24.12
39 81 24.59
39 82 25.05
39 83 25.50
39 84 25.95
39 85 26.38
39 86 26.81
39 87 27.21
39 88 27.60
39 89 27.96
39 90 28.28
39 91 28.54
39 92 28.65
39 93 28.14
39 94 29.08
39 95 16.28
40 1 15.51
40 2 12.67
40 3 13.84
40 4 15.03
40 5 16.20
40 6 17.34
40 7 18.46
40 8 19.56
40 9 20.63
40 10 21.68
40 11 22.71
40 12 23.73
40 13 24.73
40 14 25.72
40 15 26.70
40 16 27.67
40 17 28.63
40 18 29.58
40 19 30.52
40 20 31.46
40 21 32.38
40 22 33.31
40 23 34.23
40 24 35.14
40 25 36.05
40 26 36.96
40 27 37.87
40 28 38.79
40 29 39.71
40 30 40.65
40 31 41.72
40 32 42.71
40 33 8.88
40 34 7.19
40 35 5.79
40 36 4.51
40 37 3.32
40 38 2.18
40 39 1.07
40 40 0.00
40 41 1.05
40 42 2.09
40 43 3.11
40 44 4.12
40 45 5.12
40 46 6.11
40 47 7.10
40 48 8.08
40 49 9.07
40 50 10.05
40 51 11.03
40 52 12.02
40 53 13.00
40 54 14.00
40 55 15.00
40 56 16.02
40 57 17.06
40 58 18.12
40 59 19.22
40 60 20.39
40 61 21.70
40 62 23.70
40 63 24.63
40 64 14.94
40 65 16.27
40 66 17.25
40 67 18.07
40 68 18.79
40 69 19.44
40 70 20.05
40 71 20.63
40 72 21.18
40 73 21.71
40 74 22.22
40 75 22.73
40 76 23.22
40 77 23.70
40 78 24.17
40 79 24.64
40 80 25.10
40 81 25.55
40 82 25.99
40 83 26.43
40 84 26.85
40 85 27.27
40 86 27.67
40 87 28.05
40 88 28.41
40 89 28.75
40 90 29.03
40 91 29.25
40 92 29.31
40 93 28.70
40 94 29.62
40 95 17.32
41 1 15.80
41 2 13.42
41 3 14.52
41 4 15.66
41 5 16.79
41 6 17.92
41 7 19.02
41 8 20.11
41 9 21.18
41 10 22.23
41 11 23.26
41 12 24.29
41 13 25.29
41 14 26.29
41 15 27.27
41 16 28.25
41 17 29.22
41 18 30.17
41 19 31.13
41 20 32.07
41 21 33.01
41 22 33.95
41 23 34.88
41 24 35.80
41 25 36.73
41 26 37.66
41 27 38.58
41 28 39.52
41 29 40.46
41 30 41.42
41 31 42.55
41 32 43.54
41 33 9.87
41 34 8.21
41 35 6.82
41 36 5.56
41 37 4.37
41 38 3.23
41 39 2.13
41 40 1.05
41 41 0.00
41 42 1.04
41 43 2.06
41 44 3.07
41 45 4.07
41 46 5.07
41 47 6.06
41 48 7.05
41 49 8.04
41 50 9.02
41 51 10.01
41 52 11.00
41 53 12.00
41 54 13.00
41 55 14.02
41 56 15.05
41 57 16.09
41 58 17.17
41 59 18.29
41 60 19.48
41 61 20.82
41 62 22.91
41 63 23.83
41 64 15.92
41 65 17.28
41 66 18.28
41 67 19.11
41 68 19.83
41 69 20.49
41 70 21.10
41 71 21.68
41 72 22.23
41 73 22.76
41 74 23.27
41 75 23.76
41 76 24.25
41 77 24.72
41 78 25.19
41 79 25.64
41 80 26.09
41 81 26.53
41 82 26.96
41 83 27.38
41 84 27.78
41 85 28.18
41 86 28.56
41 87 28.92
41 88 29.26
41 89 29.57
41 90 29.83
41 91 30.01
41 92 30.03
41 93 29.31
41 94 30.22
41 95 18.35
42 1 16.10
42 2 14.17
42 3 15.18
42 4 16.27
42 5 17.38
42 6 18.48
42 7 19.57
42 8 20.65
42 9 21.71
42 10 22.76
42 11 23.79
42 12 24.81
42 13 25.83
42 14 26.83
42 15 27.82
42 16 28.80
42 17 29.77
42 18 30.74
42 19 31.70
42 20 32.65
42 21 33.60
42 22 34.55
42 23 35.49
42 24 36.43
42 25 37.37
42 26 38.31
42 27 39.25
42 28 40.20
42 29 41.17
42 30 42.16
42 31 43.34
42 32 44.33
42 33 10.85
42 34 9.21
42 35 7.83
42 36 6.58
42 37 5.39
42 38 4.26
42 39 3.16
42 40 2.09
42 41 1.04
42 42 0.00
42 43 1.02
42 44 2.03
42 45 3.04
42 46 4.04
42 47 5.03
42 48 6.03
42 49 7.02
42 50 8.01
42 51 9.00
42 52 10.00
42 53 11.00
42 54 12.01
42 55 13.04
42 56 14.08
42 57 15.13
42 58 16.22
42 59 17.36
42 60 18.57
42 61 19.94
42 62 22.11
42 63 23.01
42 64 16.87
42 65 18.26
42 66 19.27
42 67 20.11
42 68 20.85
42 69 21.52
42 70 22.13
42 71 22.71
42 72 23.27
42 73 23.79
42 74 24.30
42 75 24.79
42 76 25.27
42 77 25.74
42 78 26.20
42 79 26.65
42 80 27.08
42 81 27.51
42 82 27.93
42 83 28.34
42 84 28.73
42 85 29.11
42 86 29.48
42 87 29.82
42 88 30.14
42 89 30.43
42 90 30.66
42 91 30.81
42 92 30.79
42 93 29.99
42 94 30.89
42 95 19.38
43 1 16.41
43 2 14.90
43 3 15.84
43 4 16.88
43 5 17.95
43 6 19.03
43 7 20.11
43 8 21.17
43 9 22.22
43 10 23.27
43 11 24.30
43 12 25.32
43 13 26.34
43 14 27.34
43 15 28.33
43 16 29.32
43 17 30.30
43 18 31.28
43 19 32.24
43 20 33.21
43 21 34.17
43 22 35.12
43 23 36.08
43 24 37.03
43 25 37.98
43 26 38.93
43 27 39.89
43 28 40.86
43 29 41.84
43 30 42.86
43 31 44.09
43 32 45.09
43 33 11.80
43 34 10.19
43 35 8.83
43 36 7.58
43 37 6.40
43 38 5.27
43 39 4.18
43 40 3.11
43 41 2.06
43 42 1.02
43 43 0.00
43 44 1.01
43 45 2.02
43 46 3.02
43 47 4.02
43 48 5.01
43 49 6.01
43 50 7.00
43 51 8.00
43 52 9.00
43 53 10.01
43 54 11.03
43 55 12.06
43 56 13.11
43 57 14.18
43 58 15.28
43 59 16.43
43 60 17.66
43 61 19.06
43 62 21.30
43 63 22.20
43 64 17.80
43 65 19.21
43 66 20.25
43 67 21.10
43 68 21.85
43 69 22.52
43 70 23.15
43 71 23.73
43 72 24.29
43 73 24.82
43 74 25.32
43 75 25.82
43 76 26.29
43 77 26.76
43 78 27.21
43 79 27.65
43 80 28.08
43 81 28.50
43 82 28.91
43 83 29.31
43 84 29.69
43 85 30.06
43 86 30.41
43 87 30.74
43 88 31.04
43 89 31.31
43 90 31.52
43 91 31.64
43 92 31.59
43 93 30.71
43 94 31.60
43 95 20.40
44 1 16.72
44 2 15.63
44 3 16.49
44 4 17.49
44 5 18.52
44 6 19.57
44 7 20.63
44 8 21.68
44 9 22.73
44 10 23.76
44 11 24.79
44 12 25.82
44 13 26.83
44 14 27.83
44 15 28.83
44 16 29.82
44 17 30.81
44 18 31.79
44 19 32.77
44 20 33.74
44 21 34.70
44 22 35.67
44 23 36.63
44 24 37.60
44 25 38.56
44 26 39.53
44 27 40.50
44 28 41.48
44 29 42.49
44 30 43.53
44 31 44.82
44 32 45.81
44 33 12.74
44 34 11.15
44 35 9.80
44 36 8.57
44 37 7.40
44 38 6.27
44 39 5.18
44 40 4.12
44 41 3.07
44 42 2.03
44 43 1.01
44 44 0.00
44 45 1.01
44 46 2.01
44 47 3.01
44 48 4.00
44 49 5.00
44 50 6.00
44 51 7.00
44 52 8.01
44 53 9.02
44 54 10.05
44 55 11.08
44 56 12.14
44 57 13.22
44 58 14.33
44 59 15.50
44 60 16.75
44 61 18.18
44 62 20.49
44 63 21.38
44 64 18.71
44 65 20.15
44 66 21.20
44 67 22.07
44 68 22.83
44 69 23.51
44 70 24.14
44 71 24.73
44 72 25.29
44 73 25.83
44 74 26.34
44 75 26.83
44 76 27.31
44 77 27.77
44 78 28.22
44 79 28.66
44 80 29.08
44 81 29.50
44 82 29.90
44 83 30.29
44 84 30.66
44 85 31.02
44 86 31.36
44 87 31.68
44 88 31.97
44 89 32.21
44 90 32.41
44 91 32.51
44 92 32.42
44 93 31.48
44 94 32.36
44 95 21.41
45 1 17.04
45 2 16.35
45 3 17.14
45 4 18.09
45 5 19.09
45 6 20.11
45 7 21.15
45 8 22.18
45 9 23.22
45 10 24.25
45 11 25.27
45 12 26.29
45 13 27.31
45 14 28.31
45 15 29.31
45 16 30.31
45 17 31.30
45 18 32.28
45 19 33.27
45 20 34.24
45 21 35.22
45 22 36.19
45 23 37.17
45 24 38.14
45 25 39.12
45 26 40.10
45 27 41.08
45 28 42.08
45 29 43.11
45 30 44.18
45 31 45.52
45 32 46.51
45 33 13.67
45 34 12.11
45 35 10.77
45 36 9.55
45 37 8.39
45 38 7.27
45 39 6.18
45 40 5.12
45 41 4.07
45 42 3.04
45 43 2.02
45 44 1.01
45 45 0.00
45 46 1.00
45 47 2.00
45 48 3.00
45 49 4.00
45 50 5.00
45 51 6.01
45 52 7.02
45 53 8.04
45 54 9.07
45 55 10.11
45 56 11.17
45 57 12.26
45 58 13.38
45 59 14.56
45 60 15.83
45 61 17.29
45 62 19.68
45 63 20.55
45 64 19.61
45 65 21.06
45 66 22.14
45 67 23.02
45 68 23.79
45 69 24.49
45 70 25.13
45 71 25.73
45 72 26.29
45 73 26.83
45 74 27.34
45 75 27.83
45 76 28.31
45 77 28.78
45 78 29.22
45 79 29.66
45 80 30.08
45 81 30.49
45 82 30.89
45 83 31.27
45 84 31.64
45 85 31.99
45 86 32.32
45 87 32.63
45 88 32.91
45 89 33.14
45 90 33.32
45 91 33.40
45 92 33.28
45 93 32.29
45 94 33.15
45 95 22.42
46 1 17.37
46 2 17.06
46 3 17.79
46 4 18.68
46 5 19.65
46 6 20.64
46 7 21.66
46 8 22.68
46 9 23.70
46 10 24.72
46 11 25.74
46 12 26.76
46 13 27.77
46 14 28.77
46 15 29.78
46 16 30.77
46 17 31.77
46 18 32.76
46 19 33.75
46 20 34.73
46 21 35.71
46 22 36.70
46 23 37.68
46 24 38.66
46 25 39.65
46 26 40.64
46 27 41.64
46 28 42.66
46 29 43.70
46 30 44.80
46 31 46.20
46 32 47.18
46 33 14.59
46 34 13.05
46 35 11.73
46 36 10.52
46 37 9.36
46 38 8.25
46 39 7.17
46 40 6.11
46 41 5.07
46 42 4.04
46 43 3.02
46 44 2.01
46 45 1.00
46 46 0.00
46 47 1.00
46 48 2.00
46 49 3.00
46 50 4.00
46 51 5.01
46 52 6.03
46 53 7.05
46 54 8.08
46 55 9.13
46 56 10.20
46 57 11.30
46 58 12.43
46 59 13.62
46 60 14.91
46 61 16.39
46 62 18.86
46 63 19.71
46 64 20.49
46 65 21.97
46 66 23.06
46 67 23.96
46 68 24.74
46 69 25.45
46 70 26.10
46 71 26.70
46 72 27.27
46 73 27.82
46 74 28.34
46 75 28.83
46 76 29.31
46 77 29.78
46 78 30.23
46 79 30.66
46 80 31.08
46 81 31.49
46 82 31.88
46 83 32.26
46 84 32.63
46 85 32.97
46 86 33.30
46 87 33.59
46 88 33.86
46 89 34.08
46 90 34.25
46 91 34.31
46 92 34.17
46 93 33.12
46 94 33.98
46 95 23.42
47 1 17.70
47 2 17.77
47 3 18.43
47 4 19.27
47 5 20.20
47 6 21.17
47 7 22.16
47 8 23.16
47 9 24.17
47 10 25.19
47 11 26.20
47 12 27.21
47 13 28.22
47 14 29.22
47 15 30.23
47 16 31.22
47 17 32.22
47 18 33.22
47 19 34.21
47 20 35.20
47 21 36.19
47 22 37.18
47 23 38.17
47 24 39.16
47 25 40.16
47 26 41.16
47 27 42.18
47 28 43.21
47 29 44.27
47 30 45.40
47 31 46.85
47 32 47.83
47 33 15.49
47 34 13.98
47 35 12.68
47 36 11.48
47 37 10.33
47 38 9.23
47 39 8.15
47 40 7.10
47 41 6.06
47 42 5.03
47 43 4.02
47 44 3.01
47 45 2.00
47 46 1.00
47 47 0.00
47 48 1.00
47 49 2.00
47 50 3.01
47 51 4.02
47 52 5.03
47 53 6.06
47 54 7.10
47 55 8.15
47 56 9.23
47 57 10.33
47 58 11.48
47 59 12.68
47 60 13.98
47 61 15.49
47 62 18.03
47 63 18.87
47 64 21.35
47 65 22.86
47 66 23.96
47 67 24.88
47 68 25.68
47 69 26.40
47 70 27.06
47 71 27.67
47 72 28.25
47 73 28.80
47 74 29.32
47 75 29.82
47 76 30.31
47 77 30.77
47 78 31.22
47 79 31.66
47 80 32.08
47 81 32.49
47 82 32.88
47 83 33.26
47 84 33.62
47 85 33.96
47 86 34.28
47 87 34.57
47 88 34.83
47 89 35.04
47 90 35.19
47 91 35.24
47 92 35.09
47 93 33.99
47 94 34.84
47 95 24.41
48 1 18.04
48 2 18.48
48 3 19.07
48 4 19.86
48 5 20.75
48 6 21.69
48 7 22.66
48 8 23.65
48 9 24.64
48 10 25.64
48 11 26.65
48 12 27.65
48 13 28.66
48 14 29.66
48 15 30.66
48 16 31.66
48 17 32.66
48 18 33.66
48 19 34.65
48 20 35.65
48 21 36.65
48 22 37.64
48 23 38.64
48 24 39.64
48 25 40.65
48 26 41.67
48 27 42.69
48 28 43.74
48 29 44.82
48 30 45.97
48 31 47.48
48 32 48.46
48 33 16.39
48 34 14.91
48 35 13.62
48 36 12.43
48 37 11.30
48 38 10.20
48 39 9.13
48 40 8.08
48 41 7.05
48 42 6.03
48 43 5.01
48 44 4.00
48 45 3.00
48 46 2.00
48 47 1.00
48 48 0.00
48 49 1.00
48 50 2.01
48 51 3.02
48 52 4.04
48 53 5.07
48 54 6.11
48 55 7.17
48 56 8.25
48 57 9.36
48 58 10.51
48 59 11.73
48 60 13.05
48 61 14.59
48 62 17.19
48 63 18.02
48 64 22.21
48 65 23.74
48 66 24.86
48 67 25.79
48 68 26.60
48 69 27.34
48 70 28.01
48 71 28.63
48 72 29.22
48 73 29.77
48 74 30.30
48 75 30.81
48 76 31.30
48 77 31.77
48 78 32.22
48 79 32.66
48 80 33.08
48 81 33.49
48 82 33.88
48 83 34.26
48 84 34.62
48 85 34.95
48 86 35.27
48 87 35.55
48 88 35.81
48 89 36.01
48 90 36.16
48 91 36.19
48 92 36.02
48 93 34.89
48 94 35.73
48 95 25.40
49 1 18.39
49 2 19.18
49 3 19.71
49 4 20.45
49 5 21.30
49 6 22.21
49 7 23.15
49 8 24.12
49 9 25.10
49 10 26.09
49 11 27.08
49 12 28.08
49 13 29.08
49 14 30.08
49 15 31.08
49 16 32.08
49 17 33.08
49 18 34.08
49 19 35.08
49 20 36.08
49 21 37.08
49 22 38.09
49 23 39.09
49 24 40.10
49 25 41.12
49 26 42.15
49 27 43.19
49 28 44.25
49 29 45.35
49 30 46.52
49 31 48.08
49 32 49.06
49 33 17.29
49 34 15.83
49 35 14.56
49 36 13.38
49 37 12.26
49 38 11.17
49 39 10.11
49 40 9.07
49 41 8.04
49 42 7.02
49 43 6.01
49 44 5.00
49 45 4.00
49 46 3.00
49 47 2.00
49 48 1.00
49 49 0.00
49 50 1.01
49 51 2.02
49 52 3.04
49 53 4.07
49 54 5.12
49 55 6.18
49 56 7.27
49 57 8.38
49 58 9.55
49 59 10.77
49 60 12.11
49 61 13.67
49 62 16.35
49 63 17.15
49 64 23.06
49 65 24.60
49 66 25.75
49 67 26.69
49 68 27.52
49 69 28.26
49 70 28.94
49 71 29.58
49 72 30.18
49 73 30.74
49 74 31.28
49 75 31.79
49 76 32.28
49 77 32.76
49 78 33.22
49 79 33.66
49 80 34.08
49 81 34.49
49 82 34.88
49 83 35.26
49 84 35.62
49 85 35.95
49 86 36.27
49 87 36.55
49 88 36.80
49 89 37.00
49 90 37.13
49 91 37.16
49 92 36.97
49 93 35.81
49 94 36.65
49 95 26.38
50 1 18.75
50 2 19.88
50 3 20.34
50 4 21.03
50 5 21.84
50 6 22.72
50 7 23.64
50 8 24.59
50 9 25.55
50 10 26.53
50 11 27.51
50 12 28.50
50 13 29.50
50 14 30.49
50 15 31.49
50 16 32.49
50 17 33.49
50 18 34.49
50 19 35.49
50 20 36.50
50 21 37.50
50 22 38.51
50 23 39.53
50 24 40.55
50 25 41.57
50 26 42.61
50 27 43.66
50 28 44.74
50 29 45.86
50 30 47.06
50 31 48.67
50 32 49.65
50 33 18.18
50 34 16.75
50 35 15.50
50 36 14.33
50 37 13.22
50 38 12.14
50 39 11.08
50 40 10.05
50 41 9.02
50 42 8.01
50 43 7.00
50 44 6.00
50 45 5.00
50 46 4.00
50 47 3.01
50 48 2.01
50 49 1.01
50 50 0.00
50 51 1.01
50 52 2.04
50 53 3.07
50 54 4.12
50 55 5.18
50 56 6.27
50 57 7.40
50 58 8.57
50 59 9.81
50 60 11.16
50 61 12.74
50 62 15.49
50 63 16.28
50 64 23.90
50 65 25.46
50 66 26.62
50 67 27.58
50 68 28.43
50 69 29.18
50 70 29.87
50 71 30.52
50 72 31.13
50 73 31.70
50 74 32.24
50 75 32.76
50 76 33.27
50 77 33.75
50 78 34.21
50 79 34.65
50 80 35.08
50 81 35.49
50 82 35.89
50 83 36.26
50 84 36.62
50 85 36.96
50 86 37.27
50 87 37.55
50 88 37.80
50 89 38.00
50 90 38.13
50 91 38.15
50 92 37.95
50 93 36.76
50 94 37.59
50 95 27.36
51 1 19.11
51 2 20.58
51 3 20.97
51 4 21.62
51 5 22.39
51 6 23.23
51 7 24.12
51 8 25.05
51 9 25.99
51 10 26.96
51 11 27.93
51 12 28.91
51 13 29.90
51 14 30.89
51 15 31.88
51 16 32.88
51 17 33.88
51 18 34.88
51 19 35.89
51 20 36.90
51 21 37.91
51 22 38.92
51 23 39.94
51 24 40.97
51 25 42.00
51 26 43.05
51 27 44.12
51 28 45.21
51 29 46.34
51 30 47.57
51 31 49.24
51 32 50.21
51 33 19.06
51 34 17.66
51 35 16.43
51 36 15.28
51 37 14.18
51 38 13.11
51 39 12.06
51 40 11.03
51 41 10.01
51 42 9.00
51 43 8.00
51 44 7.00
51 45 6.01
51 46 5.01
51 47 4.02
51 48 3.02
51 49 2.02
51 50 1.01
51 51 0.00
51 52 1.02
51 53 2.06
51 54 3.11
51 55 4.18
51 56 5.27
51 57 6.40
51 58 7.58
51 59 8.83
51 60 10.19
51 61 11.80
51 62 14.62
51 63 15.39
51 64 24.73
51 65 26.31
51 66 27.49
51 67 28.47
51 68 29.32
51 69 30.09
51 70 30.80
51 71 31.46
51 72 32.07
51 73 32.65
51 74 33.21
51 75 33.74
51 76 34.24
51 77 34.73
51 78 35.20
51 79 35.65
51 80 36.08
51 81 36.50
51 82 36.90
51 83 37.28
51 84 37.63
51 85 37.97
51 86 38.28
51 87 38.57
51 88 38.81
51 89 39.01
51 90 39.13
51 91 39.15
51 92 38.94
51 93 37.73
51 94 38.56
51 95 28.34
52 1 19.47
52 2 21.27
52 3 21.60
52 4 22.19
52 5 22.92
52 6 23.74
52 7 24.60
52 8 25.50
52 9 26.43
52 10 27.38
52 11 28.34
52 12 29.31
52 13 30.29
52 14 31.27
52 15 32.26
52 16 33.26
52 17 34.26
52 18 35.26
52 19 36.27
52 20 37.28
52 21 38.29
52 22 39.31
52 23 40.33
52 24 41.37
52 25 42.41
52 26 43.47
52 27 44.55
52 28 45.65
52 29 46.80
52 30 48.05
52 31 49.78
52 32 50.75
52 33 19.94
52 34 18.57
52 35 17.36
52 36 16.22
52 37 15.14
52 38 14.08
52 39 13.04
52 40 12.02
52 41 11.00
52 42 10.00
52 43 9.00
52 44 8.01
52 45 7.02
52 46 6.03
52 47 5.03
52 48 4.04
52 49 3.04
52 50 2.04
52 51 1.02
52 52 0.00
52 53 1.04
52 54 2.09
52 55 3.16
52 56 4.26
52 57 5.39
52 58 6.58
52 59 7.83
52 60 9.21
52 61 10.85
52 62 13.74
52 63 14.48
52 64 25.55
52 65 27.15
52 66 28.35
52 67 29.34
52 68 30.21
52 69 31.00
52 70 31.72
52 71 32.38
52 72 33.01
52 73 33.60
52 74 34.17
52 75 34.70
52 76 35.22
52 77 35.71
52 78 36.19
52 79 36.65
52 80 37.08
52 81 37.50
52 82 37.91
52 83 38.29
52 84 38.65
52 85 38.99
52 86 39.31
52 87 39.59
52 88 39.83
52 89 40.03
52 90 40.15
52 91 40.17
52 92 39.95
52 93 38.72
52 94 39.55
52 95 29.32
53 1 19.84
53 2 21.96
53 3 22.22
53 4 22.77
53 5 23.46
53 6 24.23
53 7 25.07
53 8 25.95
53 9 26.85
53 10 27.78
53 11 28.73
53 12 29.69
53 13 30.66
53 14 31.64
53 15 32.63
53 16 33.62
53 17 34.62
53 18 35.62
53 19 36.62
53 20 37.64
53 21 38.65
53 22 39.68
53 23 40.71
53 24 41.75
53 25 42.80
53 26 43.87
53 27 44.95
53 28 46.07
53 29 47.24
53 30 48.52
53 31 50.30
53 32 51.26
53 33 20.82
53 34 19.48
53 35 18.29
53 36 17.17
53 37 16.10
53 38 15.05
53 39 14.02
53 40 13.00
53 41 12.00
53 42 11.00
53 43 10.01
53 44 9.02
53 45 8.04
53 46 7.05
53 47 6.06
53 48 5.07
53 49 4.07
53 50 3.07
53 51 2.06
53 52 1.04
53 53 0.00
53 54 1.05
53 55 2.13
53 56 3.23
53 57 4.37
53 58 5.56
53 59 6.82
53 60 8.21
53 61 9.87
53 62 12.83
53 63 13.55
53 64 26.37
53 65 27.99
53 66 29.20
53 67 30.21
53 68 31.10
53 69 31.90
53 70 32.63
53 71 33.31
53 72 33.95
53 73 34.55
53 74 35.12
53 75 35.67
53 76 36.19
53 77 36.70
53 78 37.18
53 79 37.64
53 80 38.09
53 81 38.51
53 82 38.92
53 83 39.31
53 84 39.68
53 85 40.02
53 86 40.34
53 87 40.62
53 88 40.87
53 89 41.06
53 90 41.19
53 91 41.20
53 92 40.98
53 93 39.74
53 94 40.56
53 95 30.29
54 1 20.21
54 2 22.65
54 3 22.84
54 4 23.34
54 5 23.98
54 6 24.72
54 7 25.53
54 8 26.38
54 9 27.27
54 10 28.18
54 11 29.11
54 12 30.06
54 13 31.02
54 14 31.99
54 15 32.97
54 16 33.96
54 17 34.95
54 18 35.95
54 19 36.96
54 20 37.97
54 21 38.99
54 22 40.02
54 23 41.05
54 24 42.10
54 25 43.16
54 26 44.24
54 27 45.34
54 28 46.47
54 29 47.66
54 30 48.96
54 31 50.80
54 32 51.75
54 33 21.70
54 34 20.39
54 35 19.22
54 36 18.12
54 37 17.06
54 38 16.02
54 39 15.01
54 40 14.00
54 41 13.00
54 42 12.01
54 43 11.03
54 44 10.05
54 45 9.07
54 46 8.08
54 47 7.10
54 48 6.11
54 49 5.12
54 50 4.12
54 51 3.11
54 52 2.09
54 53 1.05
54 54 0.00
54 55 1.07
54 56 2.18
54 57 3.32
54 58 4.51
54 59 5.79
54 60 7.19
54 61 8.88
54 62 11.91
54 63 12.60
54 64 27.18
54 65 28.82
54 66 30.05
54 67 31.07
54 68 31.98
54 69 32.79
54 70 33.53
54 71 34.23
54 72 34.88
54 73 35.49
54 74 36.08
54 75 36.63
54 76 37.17
54 77 37.68
54 78 38.17
54 79 38.64
54 80 39.09
54 81 39.53
54 82 39.94
54 83 40.33
54 84 40.71
54 85 41.06
54 86 41.38
54 87 41.67
54 88 41.91
54 89 42.11
54 90 42.24
54 91 42.25
54 92 42.03
54 93 40.79
54 94 41.61
54 95 31.27
55 1 20.58
55 2 23.33
55 3 23.46
55 4 23.90
55 5 24.50
55 6 25.21
55 7 25.98
55 8 26.81
55 9 27.67
55 10 28.56
55 11 29.48
55 12 30.41
55 13 31.36
55 14 32.32
55 15 33.30
55 16 34.28
55 17 35.27
55 18 36.27
55 19 37.27
55 20 38.28
55 21 39.31
55 22 40.34
55 23 41.38
55 24 42.43
55 25 43.49
55 26 44.58
55 27 45.69
55 28 46.84
55 29 48.04
55 30 49.37
55 31 51.26
55 32 52.22
55 33 22.58
55 34 21.30
55 35 20.16
55 36 19.08
55 37 18.03
55 38 17.01
55 39 16.00
55 40 15.00
55 41 14.02
55 42 13.04
55 43 12.06
55 44 11.08
55 45 10.11
55 46 9.13
55 47 8.15
55 48 7.17
55 49 6.18
55 50 5.18
55 51 4.18
55 52 3.16
55 53 2.13
55 54 1.07
55 55 0.00
55 56 1.11
55 57 2.25
55 58 3.45
55 59 4.73
55 60 6.15
55 61 7.85
55 62 10.96
55 63 11.62
55 64 27.98
55 65 29.64
55 66 30.89
55 67 31.93
55 68 32.85
55 69 33.67
55 70 34.43
55 71 35.14
55 72 35.80
55 73 36.43
55 74 37.03
55 75 37.60
55 76 38.14
55 77 38.66
55 78 39.16
55 79 39.64
55 80 40.10
55 81 40.55
55 82 40.97
55 83 41.37
55 84 41.75
55 85 42.10
55 86 42.43
55 87 42.72
55 88 42.98
55 89 43.18
55 90 43.31
55 91 43.32
55 92 43.11
55 93 41.86
55 94 42.68
55 95 32.24
56 1 20.94
56 2 24.01
56 3 24.07
56 4 24.46
56 5 25.01
56 6 25.68
56 7 26.42
56 8 27.21
56 9 28.05
56 10 28.92
56 11 29.82
56 12 30.74
56 13 31.68
56 14 32.63
56 15 33.59
56 16 34.57
56 17 35.55
56 18 36.55
56 19 37.55
56 20 38.57
56 21 39.59
56 22 40.62
56 23 41.66
56 24 42.72
56 25 43.80
56 26 44.89
56 27 46.01
56 28 47.17
56 29 48.39
56 30 49.74
56 31 51.70
56 32 52.65
56 33 23.45
56 34 22.22
56 35 21.10
56 36 20.04
56 37 19.01
56 38 18.00
56 39 17.01
56 40 16.02
56 41 15.05
56 42 14.08
56 43 13.11
56 44 12.14
56 45 11.17
56 46 10.20
56 47 9.23
56 48 8.25
56 49 7.27
56 50 6.27
56 51 5.27
56 52 4.26
56 53 3.23
56 54 2.18
56 55 1.11
56 56 0.00
56 57 1.15
56 58 2.35
56 59 3.64
56 60 5.07
56 61 6.79
56 62 9.97
56 63 10.60
56 64 28.78
56 65 30.46
56 66 31.72
56 67 32.78
56 68 33.71
56 69 34.56
56 70 35.33
56 71 36.05
56 72 36.73
56 73 37.37
56 74 37.98
56 75 38.56
56 76 39.12
56 77 39.65
56 78 40.16
56 79 40.65
56 80 41.12
56 81 41.57
56 82 42.00
56 83 42.41
56 84 42.80
56 85 43.16
56 86 43.49
56 87 43.80
56 88 44.06
56 89 44.26
56 90 44.40
56 91 44.42
56 92 44.21
56 93 42.96
56 94 43.78
56 95 33.22
57 1 21.29
57 2 24.68
57 3 24.67
57 4 25.00
57 5 25.51
57 6 26.13
57 7 26.84
57 8 27.60
57 9 28.41
57 10 29.26
57 11 30.14
57 12 31.04
57 13 31.97
57 14 32.91
57 15 33.86
57 16 34.83
57 17 35.81
57 18 36.80
57 19 37.80
57 20 38.81
57 21 39.83
57 22 40.87
57 23 41.91
57 24 42.98
57 25 44.06
57 26 45.16
57 27 46.29
57 28 47.46
57 29 48.70
57 30 50.08
57 31 52.10
57 32 53.04
57 33 24.34
57 34 23.14
57 35 22.05
57 36 21.01
57 37 20.00
57 38 19.01
57 39 18.03
57 40 17.06
57 41 16.09
57 42 15.13
57 43 14.18
57 44 13.22
57 45 12.26
57 46 11.30
57 47 10.33
57 48 9.36
57 49 8.38
57 50 7.40
57 51 6.40
57 52 5.39
57 53 4.37
57 54 3.32
57 55 2.25
57 56 1.15
57 57 0.00
57 58 1.20
57 59 2.50
57 60 3.94
57 61 5.68
57 62 8.93
57 63 9.53
57 64 29.58
57 65 31.27
57 66 32.55
57 67 33.63
57 68 34.58
57 69 35.44
57 70 36.23
57 71 36.96
57 72 37.66
57 73 38.31
57 74 38.93
57 75 39.53
57 76 40.10
57 77 40.64
57 78 41.16
57 79 41.67
57 80 42.15
57 81 42.61
57 82 43.05
57 83 43.47
57 84 43.87
57 85 44.24
57 86 44.58
57 87 44.89
57 88 45.16
57 89 45.37
57 90 45.52
57 91 45.55
57 92 45.34
57 93 44.11
57 94 44.93
57 95 34.21
58 1 21.63
58 2 25.35
58 3 25.26
58 4 25.53
58 5 25.99
58 6 26.57
58 7 27.23
58 8 27.96
58 9 28.75
58 10 29.57
58 11 30.43
58 12 31.31
58 13 32.22
58 14 33.14
58 15 34.08
58 16 35.04
58 17 36.01
58 18 37.00
58 19 38.00
58 20 39.01
58 21 40.03
58 22 41.06
58 23 42.11
58 24 43.18
58 25 44.26
58 26 45.37
58 27 46.52
58 28 47.70
58 29 48.96
58 30 50.37
58 31 52.45
58 32 53.38
58 33 25.23
58 34 24.07
58 35 23.01
58 36 22.00
58 37 21.01
58 38 20.04
58 39 19.08
58 40 18.12
58 41 17.17
58 42 16.22
58 43 15.28
58 44 14.33
58 45 13.38
58 46 12.43
58 47 11.48
58 48 10.51
58 49 9.55
58 50 8.57
58 51 7.58
58 52 6.58
58 53 5.56
58 54 4.51
58 55 3.45
58 56 2.35
58 57 1.20
58 58 0.00
58 59 1.30
58 60 2.74
58 61 4.51
58 62 7.83
58 63 8.38
58 64 30.36
58 65 32.07
58 66 33.37
58 67 34.47
58 68 35.44
58 69 36.31
58 70 37.12
58 71 37.87
58 72 38.58
58 73 39.25
58 74 39.89
58 75 40.50
58 76 41.08
58 77 41.64
58 78 42.18
58 79 42.69
58 80 43.19
58 81 43.66
58 82 44.12
58 83 44.55
58 84 44.95
58 85 45.34
58 86 45.69
58 87 46.01
58 88 46.29
58 89 46.52
58 90 46.67
58 91 46.71
58 92 46.52
58 93 45.30
58 94 46.12
58 95 35.20
59 1 21.94
59 2 26.00
59 3 25.84
59 4 26.04
59 5 26.44
59 6 26.97
59 7 27.59
59 8 28.28
59 9 29.03
59 10 29.83
59 11 30.66
59 12 31.52
59 13 32.41
59 14 33.32
59 15 34.25
59 16 35.19
59 17 36.16
59 18 37.13
59 19 38.13
59 20 39.13
59 21 40.15
59 22 41.19
59 23 42.24
59 24 43.31
59 25 44.40
59 26 45.52
59 27 46.67
59 28 47.87
59 29 49.15
59 30 50.58
59 31 52.73
59 32 53.65
59 33 26.12
59 34 25.02
59 35 24.00
59 36 23.01
59 37 22.05
59 38 21.10
59 39 20.16
59 40 19.22
59 41 18.29
59 42 17.36
59 43 16.43
59 44 15.50
59 45 14.56
59 46 13.62
59 47 12.68
59 48 11.73
59 49 10.77
59 50 9.81
59 51 8.83
59 52 7.83
59 53 6.82
59 54 5.79
59 55 4.73
59 56 3.64
59 57 2.50
59 58 1.30
59 59 0.00
59 60 1.45
59 61 3.23
59 62 6.62
59 63 7.13
59 64 31.15
59 65 32.87
59 66 34.19
59 67 35.31
59 68 36.29
59 69 37.19
59 70 38.02
59 71 38.79
59 72 39.51
59 73 40.20
59 74 40.86
59 75 41.48
59 76 42.08
59 77 42.66
59 78 43.21
59 79 43.74
59 80 44.25
59 81 44.74
59 82 45.21
59 83 45.65
59 84 46.07
59 85 46.47
59 86 46.84
59 87 47.17
59 88 47.46
59 89 47.70
59 90 47.87
59 91 47.92
59 92 47.75
59 93 46.55
59 94 47.38
59 95 36.21
60 1 22.21
60 2 26.64
60 3 26.38
60 4 26.51
60 5 26.85
60 6 27.32
60 7 27.89
60 8 28.54
60 9 29.25
60 10 30.01
60 11 30.81
60 12 31.64
60 13 32.51
60 14 33.40
60 15 34.31
60 16 35.24
60 17 36.19
60 18 37.16
60 19 38.15
60 20 39.15
60 21 40.16
60 22 41.20
60 23 42.25
60 24 43.32
60 25 44.42
60 26 45.55
60 27 46.71
60 28 47.92
60 29 49.22
60 30 50.68
60 31 52.91
60 32 53.82
60 33 27.04
60 34 26.00
60 35 25.02
60 36 24.07
60 37 23.14
60 38 22.22
60 39 21.30
60 40 20.39
60 41 19.48
60 42 18.57
60 43 17.66
60 44 16.75
60 45 15.83
60 46 14.91
60 47 13.98
60 48 13.05
60 49 12.11
60 50 11.16
60 51 10.19
60 52 9.21
60 53 8.21
60 54 7.19
60 55 6.15
60 56 5.07
60 57 3.94
60 58 2.74
60 59 1.45
60 60 0.00
60 61 1.79
60 62 5.25
60 63 5.70
60 64 31.92
60 65 33.66
60 66 35.00
60 67 36.14
60 68 37.15
60 69 38.07
60 70 38.91
60 71 39.71
60 72 40.46
60 73 41.17
60 74 41.84
60 75 42.49
60 76 43.11
60 77 43.70
60 78 44.27
60 79 44.82
60 80 45.35
60 81 45.86
60 82 46.34
60 83 46.80
60 84 47.24
60 85 47.66
60 86 48.04
60 87 48.39
60 88 48.70
60 89 48.96
60 90 49.15
60 91 49.22
60 92 49.07
60 93 47.91
60 94 48.74
60 95 37.25
61 1 22.36
61 2 27.24
61 3 26.87
61 4 26.91
61 5 27.16
61 6 27.56
61 7 28.06
61 8 28.66
61 9 29.31
61 10 30.03
61 11 30.79
61 12 31.59
61 13 32.42
61 14 33.28
61 15 34.17
61 16 35.09
61 17 36.02
61 18 36.98
61 19 37.95
61 20 38.94
61 21 39.95
61 22 40.98
61 23 42.03
61 24 43.11
61 25 44.21
61 26 45.34
61 27 46.52
61 28 47.75
61 29 49.07
61 30 50.57
61 31 52.89
61 32 53.79
61 33 28.00
61 34 27.04
61 35 26.12
61 36 25.22
61 37 24.34
61 38 23.45
61 39 22.58
61 40 21.70
61 41 20.82
61 42 19.94
61 43 19.06
61 44 18.18
61 45 17.29
61 46 16.39
61 47 15.49
61 48 14.59
61 49 13.67
61 50 12.74
61 51 11.80
61 52 10.85
61 53 9.87
61 54 8.88
61 55 7.85
61 56 6.79
61 57 5.68
61 58 4.51
61 59 3.23
61 60 1.79
61 61 0.00
61 62 3.51
61 63 3.91
61 64 32.68
61 65 34.44
61 66 35.81
61 67 36.97
61 68 38.01
61 69 38.95
61 70 39.83
61 71 40.65
61 72 41.42
61 73 42.16
61 74 42.86
61 75 43.53
61 76 44.18
61 77 44.80
61 78 45.40
61 79 45.97
61 80 46.52
61 81 47.06
61 82 47.57
61 83 48.05
61 84 48.52
61 85 48.96
61 86 49.37
61 87 49.74
61 88 50.08
61 89 50.36
61 90 50.58
61 91 50.68
61 92 50.57
61 93 49.47
61 94 50.32
61 95 38.35
62 1 22.03
62 2 27.71
62 3 27.12
62 4 26.97
62 5 27.05
62 6 27.30
62 7 27.67
62 8 28.14
62 9 28.70
62 10 29.31
62 11 29.99
62 12 30.71
62 13 31.48
62 14 32.28
62 15 33.12
62 16 33.99
62 17 34.89
62 18 35.81
62 19 36.76
62 20 37.73
62 21 38.72
62 22 39.74
62 23 40.79
62 24 41.86
62 25 42.96
62 26 44.11
62 27 45.30
62 28 46.55
62 29 47.91
62 30 49.47
62 31 51.96
62 32 52.83
62 33 29.19
62 34 28.42
62 35 27.64
62 36 26.86
62 37 26.07
62 38 25.29
62 39 24.50
62 40 23.70
62 41 22.91
62 42 22.11
62 43 21.30
62 44 20.49
62 45 19.68
62 46 18.86
62 47 18.03
62 48 17.19
62 49 16.35
62 50 15.49
62 51 14.62
62 52 13.74
62 53 12.83
62 54 11.91
62 55 10.96
62 56 9.97
62 57 8.93
62 58 7.83
62 59 6.62
62 60 5.25
62 61 3.51
62 62 0.00
62 63 1.00
62 64 33.42
62 65 35.21
62 66 36.61
62 67 37.83
62 68 38.91
62 69 39.91
62 70 40.84
62 71 41.72
62 72 42.55
62 73 43.34
62 74 44.09
62 75 44.82
62 76 45.52
62 77 46.20
62 78 46.85
62 79 47.48
62 80 48.08
62 81 48.67
62 82 49.24
62 83 49.78
62 84 50.30
62 85 50.80
62 86 51.26
62 87 51.70
62 88 52.10
62 89 52.45
62 90 52.73
62 91 52.91
62 92 52.89
62 93 51.96
62 94 52.83
62 95 39.78
63 1 22.98
63 2 28.70
63 3 28.11
63 4 27.94
63 5 28.02
63 6 28.26
63 7 28.62
63 8 29.08
63 9 29.62
63 10 30.22
63 11 30.89
63 12 31.60
63 13 32.36
63 14 33.15
63 15 33.98
63 16 34.84
63 17 35.73
63 18 36.65
63 19 37.59
63 20 38.56
63 21 39.55
63 22 40.56
63 23 41.61
63 24 42.68
63 25 43.78
63 26 44.93
63 27 46.12
63 28 47.38
63 29 48.74
63 30 50.32
63 31 52.83
63 32 53.69
63 33 30.19
63 34 29.40
63 35 28.62
63 36 27.83
63 37 27.03
63 38 26.24
63 39 25.44
63 40 24.63
63 41 23.83
63 42 23.01
63 43 22.20
63 44 21.38
63 45 20.55
63 46 19.71
63 47 18.87
63 48 18.02
63 49 17.15
63 50 16.28
63 51 15.39
63 52 14.48
63 53 13.55
63 54 12.60
63 55 11.62
63 56 10.60
63 57 9.53
63 58 8.38
63 59 7.13
63 60 5.70
63 61 3.91
63 62 1.00
63 63 0.00
63 64 34.42
63 65 36.21
63 66 37.61
63 67 38.83
63 68 39.91
63 69 40.91
63 70 41.84
63 71 42.71
63 72 43.54
63 73 44.33
63 74 45.09
63 75 45.81
63 76 46.51
63 77 47.18
63 78 47.83
63 79 48.46
63 80 49.06
63 81 49.65
63 82 50.21
63 83 50.75
63 84 51.26
63 85 51.75
63 86 52.22
63 87 52.65
63 88 53.04
63 89 53.38
63 90 53.65
63 91 53.82
63 92 53.79
63 93 52.83
63 94 53.69
63 95 40.77
64 1 13.72
64 2 6.08
64 3 7.41
64 4 8.47
64 5 9.41
64 6 10.28
64 7 11.10
64 8 11.90
64 9 12.67
64 10 13.42
64 11 14.17
64 12 14.90
64 13 15.63
64 14 16.35
64 15 17.06
64 16 17.77
64 17 18.48
64 18 19.18
64 19 19.88
64 20 20.58
64 21 21.27
64 22 21.96
64 23 22.65
64 24 23.33
64 25 24.01
64 26 24.68
64 27 25.35
64 28 26.00
64 29 26.64
64 30 27.24
64 31 27.70
64 32 28.70
64 33 6.08
64 34 7.84
64 35 9.29
64 36 10.58
64 37 11.76
64 38 12.87
64 39 13.92
64 40 14.94
64 41 15.92
64 42 16.87
64 43 17.80
64 44 18.71
64 45 19.61
64 46 20.49
64 47 21.35
64 48 22.21
64 49 23.06
64 50 23.90
64 51 24.73
64 52 25.55
64 53 26.37
64 54 27.18
64 55 27.98
64 56 28.78
64 57 29.58
64 58 30.36
64 59 31.15
64 60 31.92
64 61 32.68
64 62 33.42
64 63 34.42
64 64 0.00
64 65 1.79
64 66 3.23
64 67 4.51
64 68 5.68
64 69 6.79
64 70 7.85
64 71 8.88
64 72 9.87
64 73 10.85
64 74 11.80
64 75 12.74
64 76 13.67
64 77 14.59
64 78 15.49
64 79 16.39
64 80 17.29
64 81 18.18
64 82 19.06
64 83 19.94
64 84 20.82
64 85 21.70
64 86 22.58
64 87 23.45
64 88 24.34
64 89 25.22
64 90 26.12
64 91 27.04
64 92 28.00
64 93 29.19
64 94 30.19
64 95 9.56
65 1 15.40
65 2 7.84
65 3 9.09
65 4 10.06
65 5 10.91
65 6 11.70
65 7 12.44
65 8 13.15
65 9 13.84
65 10 14.51
65 11 15.18
65 12 15.84
65 13 16.49
65 14 17.14
65 15 17.79
65 16 18.43
65 17 19.07
65 18 19.70
65 19 20.34
65 20 20.97
65 21 21.60
65 22 22.22
65 23 22.84
65 24 23.46
65 25 24.07
65 26 24.67
65 27 25.26
65 28 25.84
65 29 26.38
65 30 26.87
65 31 27.12
65 32 28.11
65 33 7.41
65 34 9.09
65 35 10.52
65 36 11.82
65 37 13.02
65 38 14.15
65 39 15.23
65 40 16.27
65 41 17.28
65 42 18.26
65 43 19.21
65 44 20.15
65 45 21.06
65 46 21.97
65 47 22.86
65 48 23.74
65 49 24.60
65 50 25.46
65 51 26.31
65 52 27.15
65 53 27.99
65 54 28.82
65 55 29.64
65 56 30.46
65 57 31.27
65 58 32.07
65 59 32.87
65 60 33.66
65 61 34.44
65 62 35.21
65 63 36.21
65 64 1.79
65 65 0.00
65 66 1.45
65 67 2.74
65 68 3.94
65 69 5.07
65 70 6.15
65 71 7.20
65 72 8.22
65 73 9.21
65 74 10.19
65 75 11.16
65 76 12.11
65 77 13.05
65 78 13.98
65 79 14.91
65 80 15.83
65 81 16.75
65 82 17.66
65 83 18.57
65 84 19.48
65 85 20.39
65 86 21.30
65 87 22.22
65 88 23.14
65 89 24.07
65 90 25.02
65 91 26.00
65 92 27.04
65 93 28.42
65 94 29.40
65 95 8.49
66 1 16.84
66 2 9.29
66 3 10.52
66 4 11.47
66 5 12.28
66 6 13.02
66 7 13.72
66 8 14.38
66 9 15.03
66 10 15.65
66 11 16.27
66 12 16.88
66 13 17.49
66 14 18.09
66 15 18.68
66 16 19.27
66 17 19.86
66 18 20.45
66 19 21.03
66 20 21.62
66 21 22.19
66 22 22.77
66 23 23.34
66 24 23.90
66 25 24.46
66 26 25.00
66 27 25.53
66 28 26.04
66 29 26.51
66 30 26.91
66 31 26.97
66 32 27.94
66 33 8.47
66 34 10.06
66 35 11.47
66 36 12.76
66 37 13.96
66 38 15.11
66 39 16.20
66 40 17.25
66 41 18.28
66 42 19.27
66 43 20.25
66 44 21.20
66 45 22.14
66 46 23.06
66 47 23.96
66 48 24.86
66 49 25.75
66 50 26.62
66 51 27.49
66 52 28.35
66 53 29.20
66 54 30.05
66 55 30.89
66 56 31.72
66 57 32.55
66 58 33.37
66 59 34.19
66 60 35.00
66 61 35.81
66 62 36.61
66 63 37.61
66 64 3.23
66 65 1.45
66 66 0.00
66 67 1.30
66 68 2.50
66 69 3.64
66 70 4.73
66 71 5.79
66 72 6.82
66 73 7.83
66 74 8.83
66 75 9.81
66 76 10.77
66 77 11.73
66 78 12.68
66 79 13.62
66 80 14.56
66 81 15.50
66 82 16.43
66 83 17.36
66 84 18.29
66 85 19.22
66 86 20.16
66 87 21.10
66 88 22.05
66 89 23.01
66 90 24.00
66 91 25.02
66 92 26.12
66 93 27.64
66 94 28.62
66 95 7.61
67 1 18.13
67 2 10.57
67 3 11.82
67 4 12.76
67 5 13.56
67 6 14.27
67 7 14.94
67 8 15.58
67 9 16.20
67 10 16.79
67 11 17.38
67 12 17.95
67 13 18.52
67 14 19.09
67 15 19.64
67 16 20.20
67 17 20.75
67 18 21.30
67 19 21.84
67 20 22.39
67 21 22.92
67 22 23.46
67 23 23.98
67 24 24.50
67 25 25.01
67 26 25.51
67 27 25.99
67 28 26.44
67 29 26.85
67 30 27.16
67 31 27.05
67 32 28.02
67 33 9.41
67 34 10.91
67 35 12.28
67 36 13.56
67 37 14.76
67 38 15.90
67 39 17.00
67 40 18.07
67 41 19.11
67 42 20.11
67 43 21.10
67 44 22.07
67 45 23.02
67 46 23.96
67 47 24.88
67 48 25.79
67 49 26.69
67 50 27.58
67 51 28.47
67 52 29.34
67 53 30.21
67 54 31.07
67 55 31.93
67 56 32.78
67 57 33.63
67 58 34.47
67 59 35.31
67 60 36.14
67 61 36.97
67 62 37.83
67 63 38.83
67 64 4.51
67 65 2.74
67 66 1.30
67 67 0.00
67 68 1.21
67 69 2.35
67 70 3.45
67 71 4.52
67 72 5.56
67 73 6.58
67 74 7.58
67 75 8.57
67 76 9.55
67 77 10.52
67 78 11.48
67 79 12.43
67 80 13.38
67 81 14.33
67 82 15.28
67 83 16.22
67 84 17.17
67 85 18.12
67 86 19.08
67 87 20.04
67 88 21.01
67 89 22.00
67 90 23.02
67 91 24.07
67 92 25.23
67 93 26.86
67 94 27.83
67 95 6.84
68 1 19.34
68 2 11.76
68 3 13.02
68 4 13.96
68 5 14.76
68 6 15.47
68 7 16.13
68 8 16.75
68 9 17.34
68 10 17.92
68 11 18.48
68 12 19.03
68 13 19.57
68 14 20.11
68 15 20.64
68 16 21.17
68 17 21.69
68 18 22.21
68 19 22.72
68 20 23.23
68 21 23.74
68 22 24.23
68 23 24.72
68 24 25.21
68 25 25.68
68 26 26.13
68 27 26.57
68 28 26.97
68 29 27.32
68 30 27.56
68 31 27.30
68 32 28.26
68 33 10.28
68 34 11.70
68 35 13.02
68 36 14.28
68 37 15.47
68 38 16.61
68 39 17.72
68 40 18.79
68 41 19.83
68 42 20.85
68 43 21.85
68 44 22.83
68 45 23.79
68 46 24.74
68 47 25.68
68 48 26.60
68 49 27.52
68 50 28.43
68 51 29.32
68 52 30.21
68 53 31.10
68 54 31.98
68 55 32.85
68 56 33.71
68 57 34.58
68 58 35.44
68 59 36.29
68 60 37.15
68 61 38.01
68 62 38.91
68 63 39.91
68 64 5.68
68 65 3.94
68 66 2.50
68 67 1.21
68 68 0.00
68 69 1.15
68 70 2.25
68 71 3.32
68 72 4.37
68 73 5.39
68 74 6.40
68 75 7.40
68 76 8.38
68 77 9.36
68 78 10.33
68 79 11.30
68 80 12.26
68 81 13.22
68 82 14.18
68 83 15.13
68 84 16.09
68 85 17.06
68 86 18.03
68 87 19.01
68 88 20.00
68 89 21.01
68 90 22.05
68 91 23.14
68 92 24.34
68 93 26.07
68 94 27.03
68 95 6.17
69 1 20.47
69 2 12.87
69 3 14.15
69 4 15.11
69 5 15.90
69 6 16.61
69 7 17.26
69 8 17.88
69 9 18.46
69 10 19.02
69 11 19.57
69 12 20.11
69 13 20.63
69 14 21.15
69 15 21.66
69 16 22.16
69 17 22.66
69 18 23.15
69 19 23.64
69 20 24.12
69 21 24.60
69 22 25.07
69 23 25.53
69 24 25.98
69 25 26.42
69 26 26.84
69 27 27.23
69 28 27.59
69 29 27.89
69 30 28.06
69 31 27.67
69 32 28.62
69 33 11.10
69 34 12.44
69 35 13.72
69 36 14.95
69 37 16.13
69 38 17.26
69 39 18.37
69 40 19.44
69 41 20.49
69 42 21.52
69 43 22.52
69 44 23.51
69 45 24.49
69 46 25.45
69 47 26.40
69 48 27.34
69 49 28.26
69 50 29.18
69 51 30.09
69 52 31.00
69 53 31.90
69 54 32.79
69 55 33.67
69 56 34.56
69 57 35.44
69 58 36.31
69 59 37.19
69 60 38.07
69 61 38.95
69 62 39.91
69 63 40.91
69 64 6.79
69 65 5.07
69 66 3.64
69 67 2.35
69 68 1.15
69 69 0.00
69 70 1.10
69 71 2.18
69 72 3.23
69 73 4.26
69 74 5.27
69 75 6.27
69 76 7.27
69 77 8.25
69 78 9.23
69 79 10.20
69 80 11.17
69 81 12.14
69 82 13.11
69 83 14.08
69 84 15.05
69 85 16.02
69 86 17.01
69 87 18.00
69 88 19.01
69 89 20.04
69 90 21.10
69 91 22.22
69 92 23.45
69 93 25.29
69 94 26.24
69 95 5.62
70 1 21.55
70 2 13.92
70 3 15.23
70 4 16.20
70 5 17.00
70 6 17.72
70 7 18.37
70 8 18.98
70 9 19.55
70 10 20.11
70 11 20.65
70 12 21.17
70 13 21.68
70 14 22.18
70 15 22.68
70 16 23.16
70 17 23.64
70 18 24.12
70 19 24.59
70 20 25.05
70 21 25.50
70 22 25.95
70 23 26.38
70 24 26.81
70 25 27.21
70 26 27.60
70 27 27.96
70 28 28.29
70 29 28.54
70 30 28.66
70 31 28.14
70 32 29.08
70 33 11.90
70 34 13.15
70 35 14.38
70 36 15.58
70 37 16.75
70 38 17.88
70 39 18.98
70 40 20.05
70 41 21.10
70 42 22.13
70 43 23.15
70 44 24.14
70 45 25.13
70 46 26.10
70 47 27.06
70 48 28.01
70 49 28.94
70 50 29.87
70 51 30.80
70 52 31.72
70 53 32.63
70 54 33.53
70 55 34.43
70 56 35.33
70 57 36.23
70 58 37.12
70 59 38.02
70 60 38.91
70 61 39.83
70 62 40.84
70 63 41.84
70 64 7.85
70 65 6.15
70 66 4.73
70 67 3.45
70 68 2.25
70 69 1.10
70 70 0.00
70 71 1.07
70 72 2.13
70 73 3.16
70 74 4.18
70 75 5.18
70 76 6.18
70 77 7.17
70 78 8.15
70 79 9.13
70 80 10.11
70 81 11.09
70 82 12.06
70 83 13.04
70 84 14.02
70 85 15.01
70 86 16.00
70 87 17.01
70 88 18.03
70 89 19.08
70 90 20.16
70 91 21.30
70 92 22.58
70 93 24.50
70 94 25.44
70 95 5.20
71 1 22.59
71 2 14.94
71 3 16.27
71 4 17.25
71 5 18.07
71 6 18.79
71 7 19.44
71 8 20.05
71 9 20.63
71 10 21.18
71 11 21.71
71 12 22.22
71 13 22.73
71 14 23.22
71 15 23.70
71 16 24.17
71 17 24.64
71 18 25.10
71 19 25.55
71 20 25.99
71 21 26.43
71 22 26.85
71 23 27.27
71 24 27.67
71 25 28.05
71 26 28.41
71 27 28.75
71 28 29.03
71 29 29.25
71 30 29.31
71 31 28.70
71 32 29.62
71 33 12.67
71 34 13.84
71 35 15.03
71 36 16.20
71 37 17.34
71 38 18.46
71 39 19.55
71 40 20.63
71 41 21.68
71 42 22.71
71 43 23.73
71 44 24.73
71 45 25.73
71 46 26.70
71 47 27.67
71 48 28.63
71 49 29.58
71 50 30.52
71 51 31.46
71 52 32.38
71 53 33.31
71 54 34.23
71 55 35.14
71 56 36.05
71 57 36.96
71 58 37.87
71 59 38.79
71 60 39.71
71 61 40.65
71 62 41.72
71 63 42.71
71 64 8.88
71 65 7.20
71 66 5.79
71 67 4.52
71 68 3.32
71 69 2.18
71 70 1.07
71 71 0.00
71 72 1.05
71 73 2.09
71 74 3.11
71 75 4.12
71 76 5.12
71 77 6.11
71 78 7.10
71 79 8.08
71 80 9.07
71 81 10.05
71 82 11.03
71 83 12.01
71 84 13.00
71 85 14.00
71 86 15.01
71 87 16.02
71 88 17.06
71 89 18.12
71 90 19.22
71 91 20.39
71 92 21.70
71 93 23.70
71 94 24.63
71 95 4.93
72 1 23.59
72 2 15.92
72 3 17.28
72 4 18.28
72 5 19.10
72 6 19.83
72 7 20.49
72 8 21.10
72 9 21.68
72 10 22.23
72 11 22.76
72 12 23.27
72 13 23.76
72 14 24.25
72 15 24.72
72 16 25.19
72 17 25.64
72 18 26.09
72 19 26.53
72 20 26.96
72 21 27.38
72 22 27.78
72 23 28.18
72 24 28.56
72 25 28.92
72 26 29.26
72 27 29.57
72 28 29.83
72 29 30.01
72 30 30.03
72 31 29.31
72 32 30.22
72 33 13.42
72 34 14.52
72 35 15.66
72 36 16.79
72 37 17.92
72 38 19.02
72 39 20.11
72 40 21.18
72 41 22.23
72 42 23.27
72 43 24.29
72 44 25.29
72 45 26.29
72 46 27.27
72 47 28.25
72 48 29.22
72 49 30.18
72 50 31.13
72 51 32.07
72 52 33.01
72 53 33.95
72 54 34.88
72 55 35.80
72 56 36.73
72 57 37.66
72 58 38.58
72 59 39.51
72 60 40.46
72 61 41.42
72 62 42.55
72 63 43.54
72 64 9.87
72 65 8.22
72 66 6.82
72 67 5.56
72 68 4.37
72 69 3.23
72 70 2.13
72 71 1.05
72 72 0.00
72 73 1.04
72 74 2.06
72 75 3.07
72 76 4.07
72 77 5.07
72 78 6.06
72 79 7.05
72 80 8.04
72 81 9.02
72 82 10.01
72 83 11.00
72 84 12.00
72 85 13.00
72 86 14.02
72 87 15.05
72 88 16.10
72 89 17.17
72 90 18.29
72 91 19.48
72 92 20.82
72 93 22.91
72 94 23.83
72 95 4.82
73 1 24.57
73 2 16.87
73 3 18.26
73 4 19.27
73 5 20.11
73 6 20.85
73 7 21.52
73 8 22.13
73 9 22.71
73 10 23.26
73 11 23.79
73 12 24.30
73 13 24.79
73 14 25.27
73 15 25.74
73 16 26.20
73 17 26.65
73 18 27.08
73 19 27.51
73 20 27.93
73 21 28.34
73 22 28.73
73 23 29.11
73 24 29.48
73 25 29.82
73 26 30.14
73 27 30.43
73 28 30.66
73 29 30.81
73 30 30.79
73 31 29.99
73 32 30.89
73 33 14.17
73 34 15.18
73 35 16.27
73 36 17.38
73 37 18.48
73 38 19.57
73 39 20.65
73 40 21.71
73 41 22.76
73 42 23.79
73 43 24.82
73 44 25.83
73 45 26.83
73 46 27.82
73 47 28.80
73 48 29.77
73 49 30.74
73 50 31.70
73 51 32.65
73 52 33.60
73 53 34.55
73 54 35.49
73 55 36.43
73 56 37.37
73 57 38.31
73 58 39.25
73 59 40.20
73 60 41.17
73 61 42.16
73 62 43.34
73 63 44.33
73 64 10.85
73 65 9.21
73 66 7.83
73 67 6.58
73 68 5.39
73 69 4.26
73 70 3.16
73 71 2.09
73 72 1.04
73 73 0.00
73 74 1.02
73 75 2.03
73 76 3.04
73 77 4.04
73 78 5.03
73 79 6.03
73 80 7.02
73 81 8.01
73 82 9.00
73 83 10.00
73 84 11.00
73 85 12.02
73 86 13.04
73 87 14.08
73 88 15.14
73 89 16.22
73 90 17.36
73 91 18.57
73 92 19.94
73 93 22.11
73 94 23.02
73 95 4.87
74 1 25.52
74 2 17.80
74 3 19.21
74 4 20.25
74 5 21.10
74 6 21.85
74 7 22.52
74 8 23.15
74 9 23.73
74 10 24.28
74 11 24.81
74 12 25.32
74 13 25.82
74 14 26.29
74 15 26.76
74 16 27.21
74 17 27.65
74 18 28.08
74 19 28.50
74 20 28.91
74 21 29.31
74 22 29.69
74 23 30.06
74 24 30.41
74 25 30.74
74 26 31.04
74 27 31.31
74 28 31.52
74 29 31.64
74 30 31.59
74 31 30.71
74 32 31.60
74 33 14.90
74 34 15.84
74 35 16.88
74 36 17.96
74 37 19.03
74 38 20.11
74 39 21.17
74 40 22.22
74 41 23.27
74 42 24.30
74 43 25.32
74 44 26.34
74 45 27.34
74 46 28.34
74 47 29.32
74 48 30.30
74 49 31.28
74 50 32.24
74 51 33.21
74 52 34.17
74 53 35.12
74 54 36.08
74 55 37.03
74 56 37.98
74 57 38.93
74 58 39.89
74 59 40.86
74 60 41.84
74 61 42.86
74 62 44.09
74 63 45.09
74 64 11.80
74 65 10.19
74 66 8.83
74 67 7.58
74 68 6.40
74 69 5.27
74 70 4.18
74 71 3.11
74 72 2.06
74 73 1.02
74 74 0.00
74 75 1.01
74 76 2.02
74 77 3.02
74 78 4.02
74 79 5.01
74 80 6.01
74 81 7.00
74 82 8.00
74 83 9.00
74 84 10.01
74 85 11.03
74 86 12.06
74 87 13.11
74 88 14.18
74 89 15.28
74 90 16.43
74 91 17.66
74 92 19.06
74 93 21.30
74 94 22.20
74 95 5.09
75 1 26.44
75 2 18.71
75 3 20.15
75 4 21.20
75 5 22.07
75 6 22.83
75 7 23.51
75 8 24.14
75 9 24.73
75 10 25.29
75 11 25.82
75 12 26.34
75 13 26.83
75 14 27.31
75 15 27.77
75 16 28.22
75 17 28.65
75 18 29.08
75 19 29.50
75 20 29.90
75 21 30.29
75 22 30.66
75 23 31.02
75 24 31.36
75 25 31.68
75 26 31.97
75 27 32.21
75 28 32.41
75 29 32.51
75 30 32.42
75 31 31.48
75 32 32.36
75 33 15.63
75 34 16.49
75 35 17.49
75 36 18.52
75 37 19.57
75 38 20.63
75 39 21.68
75 40 22.73
75 41 23.76
75 42 24.79
75 43 25.82
75 44 26.83
75 45 27.83
75 46 28.83
75 47 29.82
75 48 30.81
75 49 31.79
75 50 32.76
75 51 33.74
75 52 34.70
75 53 35.67
75 54 36.63
75 55 37.60
75 56 38.56
75 57 39.53
75 58 40.50
75 59 41.48
75 60 42.49
75 61 43.53
75 62 44.82
75 63 45.81
75 64 12.74
75 65 11.16
75 66 9.81
75 67 8.57
75 68 7.40
75 69 6.27
75 70 5.18
75 71 4.12
75 72 3.07
75 73 2.03
75 74 1.01
75 75 0.00
75 76 1.01
75 77 2.01
75 78 3.01
75 79 4.00
75 80 5.00
75 81 6.00
75 82 7.00
75 83 8.01
75 84 9.02
75 85 10.05
75 86 11.09
75 87 12.14
75 88 13.22
75 89 14.33
75 90 15.50
75 91 16.75
75 92 18.18
75 93 20.49
75 94 21.38
75 95 5.44
76 1 27.35
76 2 19.61
76 3 21.06
76 4 22.14
76 5 23.02
76 6 23.79
76 7 24.49
76 8 25.13
76 9 25.72
76 10 26.29
76 11 26.83
76 12 27.34
76 13 27.83
76 14 28.31
76 15 28.77
76 16 29.22
76 17 29.66
76 18 30.08
76 19 30.49
76 20 30.89
76 21 31.27
76 22 31.64
76 23 31.99
76 24 32.32
76 25 32.63
76 26 32.91
76 27 33.14
76 28 33.32
76 29 33.40
76 30 33.28
76 31 32.28
76 32 33.15
76 33 16.35
76 34 17.14
76 35 18.09
76 36 19.09
76 37 20.11
76 38 21.15
76 39 22.18
76 40 23.22
76 41 24.25
76 42 25.27
76 43 26.29
76 44 27.31
76 45 28.31
76 46 29.31
76 47 30.31
76 48 31.30
76 49 32.28
76 50 33.27
76 51 34.24
76 52 35.22
76 53 36.19
76 54 37.17
76 55 38.14
76 56 39.12
76 57 40.10
76 58 41.08
76 59 42.08
76 60 43.11
76 61 44.18
76 62 45.52
76 63 46.51
76 64 13.67
76 65 12.11
76 66 10.77
76 67 9.55
76 68 8.38
76 69 7.27
76 70 6.18
76 71 5.12
76 72 4.07
76 73 3.04
76 74 2.02
76 75 1.01
76 76 0.00
76 77 1.00
76 78 2.00
76 79 3.00
76 80 4.00
76 81 5.00
76 82 6.01
76 83 7.02
76 84 8.04
76 85 9.07
76 86 10.11
76 87 11.17
76 88 12.26
76 89 13.38
76 90 14.56
76 91 15.83
76 92 17.29
76 93 19.68
76 94 20.55
76 95 5.90
77 1 28.24
77 2 20.49
77 3 21.97
77 4 23.06
77 5 23.96
77 6 24.74
77 7 25.45
77 8 26.10
77 9 26.70
77 10 27.27
77 11 27.82
77 12 28.33
77 13 28.83
77 14 29.31
77 15 29.78
77 16 30.23
77 17 30.66
77 18 31.08
77 19 31.49
77 20 31.88
77 21 32.26
77 22 32.63
77 23 32.97
77 24 33.30
77 25 33.59
77 26 33.86
77 27 34.08
77 28 34.25
77 29 34.31
77 30 34.17
77 31 33.12
77 32 33.98
77 33 17.06
77 34 17.79
77 35 18.68
77 36 19.65
77 37 20.64
77 38 21.66
77 39 22.68
77 40 23.70
77 41 24.72
77 42 25.74
77 43 26.76
77 44 27.77
77 45 28.78
77 46 29.78
77 47 30.77
77 48 31.77
77 49 32.76
77 50 33.75
77 51 34.73
77 52 35.71
77 53 36.70
77 54 37.68
77 55 38.66
77 56 39.65
77 57 40.64
77 58 41.64
77 59 42.66
77 60 43.70
77 61 44.80
77 62 46.20
77 63 47.18
77 64 14.59
77 65 13.05
77 66 11.73
77 67 10.52
77 68 9.36
77 69 8.25
77 70 7.17
77 71 6.11
77 72 5.07
77 73 4.04
77 74 3.02
77 75 2.01
77 76 1.00
77 77 0.00
77 78 1.00
77 79 2.00
77 80 3.00
77 81 4.00
77 82 5.01
77 83 6.03
77 84 7.05
77 85 8.08
77 86 9.13
77 87 10.20
77 88 11.30
77 89 12.43
77 90 13.62
77 91 14.91
77 92 16.39
77 93 18.86
77 94 19.71
77 95 6.45
78 1 29.11
78 2 21.35
78 3 22.86
78 4 23.96
78 5 24.88
78 6 25.68
78 7 26.40
78 8 27.06
78 9 27.67
78 10 28.25
78 11 28.80
78 12 29.32
78 13 29.82
78 14 30.31
78 15 30.77
78 16 31.22
78 17 31.66
78 18 32.08
78 19 32.49
78 20 32.88
78 21 33.26
78 22 33.62
78 23 33.96
78 24 34.28
78 25 34.57
78 26 34.83
78 27 35.04
78 28 35.19
78 29 35.24
78 30 35.09
78 31 33.99
78 32 34.84
78 33 17.77
78 34 18.43
78 35 19.27
78 36 20.20
78 37 21.17
78 38 22.16
78 39 23.16
78 40 24.17
78 41 25.19
78 42 26.20
78 43 27.21
78 44 28.22
78 45 29.22
78 46 30.23
78 47 31.22
78 48 32.22
78 49 33.22
78 50 34.21
78 51 35.20
78 52 36.19
78 53 37.18
78 54 38.17
78 55 39.16
78 56 40.16
78 57 41.16
78 58 42.18
78 59 43.21
78 60 44.27
78 61 45.40
78 62 46.85
78 63 47.83
78 64 15.49
78 65 13.98
78 66 12.68
78 67 11.48
78 68 10.33
78 69 9.23
78 70 8.15
78 71 7.10
78 72 6.06
78 73 5.03
78 74 4.02
78 75 3.01
78 76 2.00
78 77 1.00
78 78 0.00
78 79 1.00
78 80 2.00
78 81 3.01
78 82 4.02
78 83 5.03
78 84 6.06
78 85 7.10
78 86 8.15
78 87 9.23
78 88 10.33
78 89 11.48
78 90 12.68
78 91 13.98
78 92 15.49
78 93 18.03
78 94 18.87
78 95 7.06
79 1 29.98
79 2 22.21
79 3 23.73
79 4 24.86
79 5 25.79
79 6 26.60
79 7 27.33
79 8 28.01
79 9 28.63
79 10 29.22
79 11 29.77
79 12 30.30
79 13 30.81
79 14 31.30
79 15 31.77
79 16 32.22
79 17 32.66
79 18 33.08
79 19 33.49
79 20 33.88
79 21 34.26
79 22 34.61
79 23 34.95
79 24 35.27
79 25 35.55
79 26 35.81
79 27 36.01
79 28 36.16
79 29 36.19
79 30 36.02
79 31 34.89
79 32 35.73
79 33 18.48
79 34 19.07
79 35 19.86
79 36 20.75
79 37 21.69
79 38 22.66
79 39 23.64
79 40 24.64
79 41 25.64
79 42 26.65
79 43 27.65
79 44 28.66
79 45 29.66
79 46 30.66
79 47 31.66
79 48 32.66
79 49 33.66
79 50 34.65
79 51 35.65
79 52 36.65
79 53 37.64
79 54 38.64
79 55 39.64
79 56 40.65
79 57 41.67
79 58 42.69
79 59 43.74
79 60 44.82
79 61 45.97
79 62 47.48
79 63 48.46
79 64 16.39
79 65 14.91
79 66 13.62
79 67 12.43
79 68 11.30
79 69 10.20
79 70 9.13
79 71 8.08
79 72 7.05
79 73 6.03
79 74 5.01
79 75 4.00
79 76 3.00
79 77 2.00
79 78 1.00
79 79 0.00
79 80 1.00
79 81 2.01
79 82 3.02
79 83 4.04
79 84 5.07
79 85 6.11
79 86 7.17
79 87 8.25
79 88 9.36
79 89 10.52
79 90 11.73
79 91 13.05
79 92 14.59
79 93 17.19
79 94 18.02
79 95 7.72
80 1 30.82
80 2 23.06
80 3 24.60
80 4 25.75
80 5 26.69
80 6 27.52
80 7 28.26
80 8 28.94
80 9 29.58
80 10 30.17
80 11 30.74
80 12 31.28
80 13 31.79
80 14 32.28
80 15 32.76
80 16 33.22
80 17 33.66
80 18 34.08
80 19 34.49
80 20 34.88
80 21 35.26
80 22 35.62
80 23 35.95
80 24 36.27
80 25 36.55
80 26 36.80
80 27 37.00
80 28 37.13
80 29 37.16
80 30 36.97
80 31 35.81
80 32 36.65
80 33 19.18
80 34 19.71
80 35 20.45
80 36 21.30
80 37 22.21
80 38 23.15
80 39 24.12
80 40 25.10
80 41 26.09
80 42 27.08
80 43 28.08
80 44 29.08
80 45 30.08
80 46 31.08
80 47 32.08
80 48 33.08
80 49 34.08
80 50 35.08
80 51 36.08
80 52 37.08
80 53 38.09
80 54 39.09
80 55 40.10
80 56 41.12
80 57 42.15
80 58 43.19
80 59 44.25
80 60 45.35
80 61 46.52
80 62 48.08
80 63 49.06
80 64 17.29
80 65 15.83
80 66 14.56
80 67 13.38
80 68 12.26
80 69 11.17
80 70 10.11
80 71 9.07
80 72 8.04
80 73 7.02
80 74 6.01
80 75 5.00
80 76 4.00
80 77 3.00
80 78 2.00
80 79 1.00
80 80 0.00
80 81 1.01
80 82 2.02
80 83 3.04
80 84 4.07
80 85 5.12
80 86 6.18
80 87 7.27
80 88 8.38
80 89 9.55
80 90 10.77
80 91 12.11
80 92 13.67
80 93 16.35
80 94 17.15
80 95 8.42
81 1 31.66
81 2 23.90
81 3 25.46
81 4 26.62
81 5 27.59
81 6 28.43
81 7 29.18
81 8 29.88
81 9 30.52
81 10 31.13
81 11 31.70
81 12 32.24
81 13 32.77
81 14 33.27
81 15 33.75
81 16 34.21
81 17 34.65
81 18 35.08
81 19 35.49
81 20 35.89
81 21 36.27
81 22 36.62
81 23 36.96
81 24 37.27
81 25 37.55
81 26 37.80
81 27 38.00
81 28 38.13
81 29 38.15
81 30 37.95
81 31 36.76
81 32 37.59
81 33 19.88
81 34 20.34
81 35 21.04
81 36 21.85
81 37 22.72
81 38 23.64
81 39 24.59
81 40 25.55
81 41 26.53
81 42 27.51
81 43 28.50
81 44 29.50
81 45 30.49
81 46 31.49
81 47 32.49
81 48 33.49
81 49 34.49
81 50 35.49
81 51 36.50
81 52 37.50
81 53 38.51
81 54 39.53
81 55 40.55
81 56 41.57
81 57 42.61
81 58 43.66
81 59 44.74
81 60 45.86
81 61 47.06
81 62 48.67
81 63 49.65
81 64 18.18
81 65 16.75
81 66 15.50
81 67 14.33
81 68 13.22
81 69 12.14
81 70 11.09
81 71 10.05
81 72 9.02
81 73 8.01
81 74 7.00
81 75 6.00
81 76 5.00
81 77 4.00
81 78 3.01
81 79 2.01
81 80 1.01
81 81 0.00
81 82 1.01
81 83 2.03
81 84 3.07
81 85 4.12
81 86 5.18
81 87 6.27
81 88 7.40
81 89 8.57
81 90 9.80
81 91 11.15
81 92 12.74
81 93 15.49
81 94 16.28
81 95 9.15
82 1 32.48
82 2 24.73
82 3 26.31
82 4 27.49
82 5 28.47
82 6 29.32
82 7 30.09
82 8 30.80
82 9 31.45
82 10 32.07
82 11 32.65
82 12 33.21
82 13 33.74
82 14 34.24
82 15 34.73
82 16 35.20
82 17 35.65
82 18 36.08
82 19 36.50
82 20 36.90
82 21 37.27
82 22 37.63
82 23 37.97
82 24 38.28
82 25 38.57
82 26 38.81
82 27 39.01
82 28 39.13
82 29 39.15
82 30 38.94
82 31 37.73
82 32 38.56
82 33 20.58
82 34 20.97
82 35 21.62
82 36 22.39
82 37 23.23
82 38 24.12
82 39 25.05
82 40 25.99
82 41 26.96
82 42 27.93
82 43 28.91
82 44 29.90
82 45 30.89
82 46 31.88
82 47 32.88
82 48 33.88
82 49 34.88
82 50 35.89
82 51 36.90
82 52 37.91
82 53 38.92
82 54 39.94
82 55 40.97
82 56 42.00
82 57 43.05
82 58 44.12
82 59 45.21
82 60 46.34
82 61 47.57
82 62 49.24
82 63 50.21
82 64 19.06
82 65 17.66
82 66 16.43
82 67 15.28
82 68 14.18
82 69 13.11
82 70 12.06
82 71 11.03
82 72 10.01
82 73 9.00
82 74 8.00
82 75 7.00
82 76 6.01
82 77 5.01
82 78 4.02
82 79 3.02
82 80 2.02
82 81 1.01
82 82 0.00
82 83 1.02
82 84 2.06
82 85 3.11
82 86 4.18
82 87 5.27
82 88 6.40
82 89 7.58
82 90 8.83
82 91 10.19
82 92 11.80
82 93 14.62
82 94 15.39
82 95 9.90
83 1 33.30
83 2 25.55
83 3 27.15
83 4 28.35
83 5 29.34
83 6 30.21
83 7 31.00
83 8 31.72
83 9 32.38
83 10 33.01
83 11 33.60
83 12 34.17
83 13 34.70
83 14 35.22
83 15 35.71
83 16 36.19
83 17 36.64
83 18 37.08
83 19 37.50
83 20 37.91
83 21 38.29
83 22 38.65
83 23 38.99
83 24 39.31
83 25 39.59
83 26 39.83
83 27 40.03
83 28 40.15
83 29 40.16
83 30 39.95
83 31 38.72
83 32 39.55
83 33 21.27
83 34 21.60
83 35 22.19
83 36 22.92
83 37 23.73
83 38 24.60
83 39 25.50
83 40 26.43
83 41 27.38
83 42 28.34
83 43 29.31
83 44 30.29
83 45 31.27
83 46 32.26
83 47 33.26
83 48 34.26
83 49 35.26
83 50 36.26
83 51 37.28
83 52 38.29
83 53 39.31
83 54 40.33
83 55 41.37
83 56 42.41
83 57 43.47
83 58 44.55
83 59 45.65
83 60 46.80
83 61 48.05
83 62 49.78
83 63 50.75
83 64 19.94
83 65 18.57
83 66 17.36
83 67 16.22
83 68 15.13
83 69 14.08
83 70 13.04
83 71 12.01
83 72 11.00
83 73 10.00
83 74 9.00
83 75 8.01
83 76 7.02
83 77 6.03
83 78 5.03
83 79 4.04
83 80 3.04
83 81 2.03
83 82 1.02
83 83 0.00
83 84 1.04
83 85 2.09
83 86 3.16
83 87 4.26
83 88 5.39
83 89 6.58
83 90 7.83
83 91 9.21
83 92 10.85
83 93 13.74
83 94 14.48
83 95 10.68
84 1 34.10
84 2 26.37
84 3 27.99
84 4 29.20
84 5 30.21
84 6 31.10
84 7 31.89
84 8 32.63
84 9 33.31
84 10 33.94
84 11 34.55
84 12 35.12
84 13 35.67
84 14 36.19
84 15 36.70
84 16 37.18
84 17 37.64
84 18 38.09
84 19 38.51
84 20 38.92
84 21 39.31
84 22 39.67
84 23 40.02
84 24 40.34
84 25 40.62
84 26 40.87
84 27 41.06
84 28 41.19
84 29 41.20
84 30 40.98
84 31 39.74
84 32 40.56
84 33 21.96
84 34 22.22
84 35 22.77
84 36 23.46
84 37 24.23
84 38 25.07
84 39 25.95
84 40 26.85
84 41 27.78
84 42 28.73
84 43 29.69
84 44 30.66
84 45 31.64
84 46 32.63
84 47 33.62
84 48 34.62
84 49 35.62
84 50 36.62
84 51 37.63
84 52 38.65
84 53 39.68
84 54 40.71
84 55 41.75
84 56 42.80
84 57 43.87
84 58 44.95
84 59 46.07
84 60 47.24
84 61 48.52
84 62 50.30
84 63 51.26
84 64 20.82
84 65 19.48
84 66 18.29
84 67 17.17
84 68 16.09
84 69 15.05
84 70 14.02
84 71 13.00
84 72 12.00
84 73 11.00
84 74 10.01
84 75 9.02
84 76 8.04
84 77 7.05
84 78 6.06
84 79 5.07
84 80 4.07
84 81 3.07
84 82 2.06
84 83 1.04
84 84 0.00
84 85 1.05
84 86 2.13
84 87 3.23
84 88 4.37
84 89 5.56
84 90 6.82
84 91 8.21
84 92 9.87
84 93 12.83
84 94 13.55
84 95 11.47
85 1 34.90
85 2 27.18
85 3 28.82
85 4 30.05
85 5 31.08
85 6 31.98
85 7 32.79
85 8 33.53
85 9 34.23
85 10 34.88
85 11 35.49
85 12 36.08
85 13 36.63
85 14 37.17
85 15 37.68
85 16 38.17
85 17 38.64
85 18 39.09
85 19 39.53
85 20 39.94
85 21 40.33
85 22 40.71
85 23 41.06
85 24 41.38
85 25 41.67
85 26 41.91
85 27 42.11
85 28 42.24
85 29 42.25
85 30 42.03
85 31 40.79
85 32 41.61
85 33 22.65
85 34 22.85
85 35 23.34
85 36 23.98
85 37 24.72
85 38 25.53
85 39 26.38
85 40 27.27
85 41 28.18
85 42 29.11
85 43 30.06
85 44 31.02
85 45 31.99
85 46 32.97
85 47 33.96
85 48 34.95
85 49 35.95
85 50 36.96
85 51 37.97
85 52 38.99
85 53 40.02
85 54 41.06
85 55 42.10
85 56 43.16
85 57 44.24
85 58 45.34
85 59 46.47
85 60 47.66
85 61 48.96
85 62 50.80
85 63 51.75
85 64 21.70
85 65 20.39
85 66 19.22
85 67 18.12
85 68 17.06
85 69 16.02
85 70 15.01
85 71 14.00
85 72 13.00
85 73 12.02
85 74 11.03
85 75 10.05
85 76 9.07
85 77 8.08
85 78 7.10
85 79 6.11
85 80 5.12
85 81 4.12
85 82 3.11
85 83 2.09
85 84 1.05
85 85 0.00
85 86 1.07
85 87 2.18
85 88 3.32
85 89 4.51
85 90 5.79
85 91 7.19
85 92 8.88
85 93 11.91
85 94 12.60
85 95 12.27
86 1 35.68
86 2 27.98
86 3 29.64
86 4 30.89
86 5 31.93
86 6 32.85
86 7 33.67
86 8 34.43
86 9 35.14
86 10 35.80
86 11 36.43
86 12 37.03
86 13 37.60
86 14 38.14
86 15 38.66
86 16 39.16
86 17 39.64
86 18 40.10
86 19 40.55
86 20 40.97
86 21 41.37
86 22 41.75
86 23 42.10
86 24 42.43
86 25 42.72
86 26 42.98
86 27 43.18
86 28 43.31
86 29 43.32
86 30 43.11
86 31 41.86
86 32 42.68
86 33 23.33
86 34 23.46
86 35 23.90
86 36 24.50
86 37 25.21
86 38 25.98
86 39 26.81
86 40 27.67
86 41 28.56
86 42 29.48
86 43 30.41
86 44 31.36
86 45 32.32
86 46 33.30
86 47 34.28
86 48 35.27
86 49 36.27
86 50 37.27
86 51 38.28
86 52 39.31
86 53 40.34
86 54 41.38
86 55 42.43
86 56 43.49
86 57 44.58
86 58 45.69
86 59 46.84
86 60 48.04
86 61 49.37
86 62 51.26
86 63 52.22
86 64 22.58
86 65 21.30
86 66 20.16
86 67 19.08
86 68 18.03
86 69 17.01
86 70 16.00
86 71 15.01
86 72 14.02
86 73 13.04
86 74 12.06
86 75 11.09
86 76 10.11
86 77 9.13
86 78 8.15
86 79 7.17
86 80 6.18
86 81 5.18
86 82 4.18
86 83 3.16
86 84 2.13
86 85 1.07
86 86 0.00
86 87 1.10
86 88 2.25
86 89 3.45
86 90 4.73
86 91 6.15
86 92 7.85
86 93 10.96
86 94 11.62
86 95 13.10
87 1 36.45
87 2 28.78
87 3 30.46
87 4 31.72
87 5 32.78
87 6 33.71
87 7 34.56
87 8 35.33
87 9 36.05
87 10 36.73
87 11 37.37
87 12 37.98
87 13 38.56
87 14 39.12
87 15 39.65
87 16 40.16
87 17 40.65
87 18 41.12
87 19 41.57
87 20 42.00
87 21 42.41
87 22 42.80
87 23 43.16
87 24 43.49
87 25 43.80
87 26 44.06
87 27 44.26
87 28 44.40
87 29 44.42
87 30 44.21
87 31 42.96
87 32 43.78
87 33 24.01
87 34 24.07
87 35 24.46
87 36 25.01
87 37 25.68
87 38 26.42
87 39 27.21
87 40 28.05
87 41 28.92
87 42 29.82
87 43 30.74
87 44 31.68
87 45 32.63
87 46 33.59
87 47 34.57
87 48 35.55
87 49 36.55
87 50 37.55
87 51 38.57
87 52 39.59
87 53 40.62
87 54 41.67
87 55 42.72
87 56 43.80
87 57 44.89
87 58 46.01
87 59 47.17
87 60 48.39
87 61 49.74
87 62 51.70
87 63 52.65
87 64 23.45
87 65 22.22
87 66 21.10
87 67 20.04
87 68 19.01
87 69 18.00
87 70 17.01
87 71 16.02
87 72 15.05
87 73 14.08
87 74 13.11
87 75 12.14
87 76 11.17
87 77 10.20
87 78 9.23
87 79 8.25
87 80 7.27
87 81 6.27
87 82 5.27
87 83 4.26
87 84 3.23
87 85 2.18
87 86 1.10
87 87 0.00
87 88 1.15
87 89 2.35
87 90 3.64
87 91 5.07
87 92 6.79
87 93 9.97
87 94 10.60
87 95 13.93
88 1 37.21
88 2 29.58
88 3 31.27
88 4 32.55
88 5 33.63
88 6 34.58
88 7 35.44
88 8 36.23
88 9 36.96
88 10 37.66
88 11 38.31
88 12 38.93
88 13 39.53
88 14 40.10
88 15 40.64
88 16 41.16
88 17 41.67
88 18 42.15
88 19 42.61
88 20 43.05
88 21 43.47
88 22 43.87
88 23 44.24
88 24 44.58
88 25 44.89
88 26 45.16
88 27 45.37
88 28 45.52
88 29 45.55
88 30 45.34
88 31 44.11
88 32 44.93
88 33 24.68
88 34 24.67
88 35 25.00
88 36 25.51
88 37 26.13
88 38 26.84
88 39 27.60
88 40 28.41
88 41 29.26
88 42 30.14
88 43 31.04
88 44 31.97
88 45 32.91
88 46 33.86
88 47 34.83
88 48 35.81
88 49 36.80
88 50 37.80
88 51 38.81
88 52 39.83
88 53 40.87
88 54 41.91
88 55 42.98
88 56 44.06
88 57 45.16
88 58 46.29
88 59 47.46
88 60 48.70
88 61 50.08
88 62 52.10
88 63 53.04
88 64 24.34
88 65 23.14
88 66 22.05
88 67 21.01
88 68 20.00
88 69 19.01
88 70 18.03
88 71 17.06
88 72 16.10
88 73 15.14
88 74 14.18
88 75 13.22
88 76 12.26
88 77 11.30
88 78 10.33
88 79 9.36
88 80 8.38
88 81 7.40
88 82 6.40
88 83 5.39
88 84 4.37
88 85 3.32
88 86 2.25
88 87 1.15
88 88 0.00
88 89 1.20
88 90 2.50
88 91 3.94
88 92 5.68
88 93 8.93
88 94 9.53
88 95 14.79
89 1 37.95
89 2 30.36
89 3 32.07
89 4 33.37
89 5 34.47
89 6 35.44
89 7 36.31
89 8 37.12
89 9 37.87
89 10 38.58
89 11 39.25
89 12 39.89
89 13 40.50
89 14 41.08
89 15 41.64
89 16 42.18
89 17 42.69
89 18 43.19
89 19 43.66
89 20 44.11
89 21 44.55
89 22 44.95
89 23 45.34
89 24 45.69
89 25 46.01
89 26 46.29
89 27 46.52
89 28 46.67
89 29 46.71
89 30 46.52
89 31 45.30
89 32 46.12
89 33 25.34
89 34 25.26
89 35 25.53
89 36 25.99
89 37 26.57
89 38 27.23
89 39 27.96
89 40 28.75
89 41 29.57
89 42 30.43
89 43 31.31
89 44 32.21
89 45 33.14
89 46 34.08
89 47 35.04
89 48 36.01
89 49 37.00
89 50 38.00
89 51 39.01
89 52 40.03
89 53 41.06
89 54 42.11
89 55 43.18
89 56 44.26
89 57 45.37
89 58 46.52
89 59 47.70
89 60 48.96
89 61 50.36
89 62 52.45
89 63 53.38
89 64 25.22
89 65 24.07
89 66 23.01
89 67 22.00
89 68 21.01
89 69 20.04
89 70 19.08
89 71 18.12
89 72 17.17
89 73 16.22
89 74 15.28
89 75 14.33
89 76 13.38
89 77 12.43
89 78 11.48
89 79 10.52
89 80 9.55
89 81 8.57
89 82 7.58
89 83 6.58
89 84 5.56
89 85 4.51
89 86 3.45
89 87 2.35
89 88 1.20
89 89 0.00
89 90 1.30
89 91 2.74
89 92 4.51
89 93 7.83
89 94 8.38
89 95 15.66
90 1 38.68
90 2 31.15
90 3 32.87
90 4 34.19
90 5 35.31
90 6 36.29
90 7 37.19
90 8 38.02
90 9 38.79
90 10 39.51
90 11 40.20
90 12 40.86
90 13 41.48
90 14 42.08
90 15 42.66
90 16 43.21
90 17 43.74
90 18 44.25
90 19 44.74
90 20 45.21
90 21 45.65
90 22 46.07
90 23 46.47
90 24 46.84
90 25 47.17
90 26 47.46
90 27 47.70
90 28 47.87
90 29 47.92
90 30 47.75
90 31 46.55
90 32 47.38
90 33 26.00
90 34 25.84
90 35 26.04
90 36 26.44
90 37 26.97
90 38 27.59
90 39 28.28
90 40 29.03
90 41 29.83
90 42 30.66
90 43 31.52
90 44 32.41
90 45 33.32
90 46 34.25
90 47 35.19
90 48 36.16
90 49 37.13
90 50 38.13
90 51 39.13
90 52 40.15
90 53 41.19
90 54 42.24
90 55 43.31
90 56 44.40
90 57 45.52
90 58 46.67
90 59 47.87
90 60 49.15
90 61 50.58
90 62 52.73
90 63 53.65
90 64 26.12
90 65 25.02
90 66 24.00
90 67 23.02
90 68 22.05
90 69 21.10
90 70 20.16
90 71 19.22
90 72 18.29
90 73 17.36
90 74 16.43
90 75 15.50
90 76 14.56
90 77 13.62
90 78 12.68
90 79 11.73
90 80 10.77
90 81 9.80
90 82 8.83
90 83 7.83
90 84 6.82
90 85 5.79
90 86 4.73
90 87 3.64
90 88 2.50
90 89 1.30
90 90 0.00
90 91 1.45
90 92 3.23
90 93 6.62
90 94 7.13
90 95 16.57
91 1 39.38
91 2 31.92
91 3 33.66
91 4 35.00
91 5 36.14
91 6 37.15
91 7 38.07
91 8 38.92
91 9 39.71
91 10 40.46
91 11 41.17
91 12 41.84
91 13 42.49
91 14 43.11
91 15 43.70
91 16 44.27
91 17 44.82
91 18 45.35
91 19 45.86
91 20 46.34
91 21 46.80
91 22 47.24
91 23 47.66
91 24 48.04
91 25 48.39
91 26 48.70
91 27 48.96
91 28 49.15
91 29 49.22
91 30 49.07
91 31 47.91
91 32 48.74
91 33 26.63
91 34 26.38
91 35 26.51
91 36 26.85
91 37 27.32
91 38 27.89
91 39 28.54
91 40 29.25
91 41 30.01
91 42 30.81
91 43 31.64
91 44 32.51
91 45 33.40
91 46 34.31
91 47 35.24
91 48 36.19
91 49 37.16
91 50 38.15
91 51 39.15
91 52 40.17
91 53 41.20
91 54 42.25
91 55 43.32
91 56 44.42
91 57 45.55
91 58 46.71
91 59 47.92
91 60 49.22
91 61 50.68
91 62 52.91
91 63 53.82
91 64 27.04
91 65 26.00
91 66 25.02
91 67 24.07
91 68 23.14
91 69 22.22
91 70 21.30
91 71 20.39
91 72 19.48
91 73 18.57
91 74 17.66
91 75 16.75
91 76 15.83
91 77 14.91
91 78 13.98
91 79 13.05
91 80 12.11
91 81 11.15
91 82 10.19
91 83 9.21
91 84 8.21
91 85 7.19
91 86 6.15
91 87 5.07
91 88 3.94
91 89 2.74
91 90 1.45
91 91 0.00
91 92 1.79
91 93 5.25
91 94 5.70
91 95 17.52
92 1 40.04
92 2 32.68
92 3 34.44
92 4 35.81
92 5 36.97
92 6 38.01
92 7 38.95
92 8 39.83
92 9 40.65
92 10 41.42
92 11 42.16
92 12 42.86
92 13 43.53
92 14 44.18
92 15 44.80
92 16 45.40
92 17 45.97
92 18 46.52
92 19 47.06
92 20 47.57
92 21 48.05
92 22 48.52
92 23 48.96
92 24 49.37
92 25 49.74
92 26 50.08
92 27 50.36
92 28 50.58
92 29 50.68
92 30 50.57
92 31 49.47
92 32 50.32
92 33 27.24
92 34 26.87
92 35 26.91
92 36 27.16
92 37 27.56
92 38 28.06
92 39 28.65
92 40 29.31
92 41 30.03
92 42 30.79
92 43 31.59
92 44 32.42
92 45 33.28
92 46 34.17
92 47 35.09
92 48 36.02
92 49 36.97
92 50 37.95
92 51 38.94
92 52 39.95
92 53 40.98
92 54 42.03
92 55 43.11
92 56 44.21
92 57 45.34
92 58 46.52
92 59 47.75
92 60 49.07
92 61 50.57
92 62 52.89
92 63 53.79
92 64 28.00
92 65 27.04
92 66 26.12
92 67 25.23
92 68 24.34
92 69 23.45
92 70 22.58
92 71 21.70
92 72 20.82
92 73 19.94
92 74 19.06
92 75 18.18
92 76 17.29
92 77 16.39
92 78 15.49
92 79 14.59
92 80 13.67
92 81 12.74
92 82 11.80
92 83 10.85
92 84 9.87
92 85 8.88
92 86 7.85
92 87 6.79
92 88 5.68
92 89 4.51
92 90 3.23
92 91 1.79
92 92 0.00
92 93 3.51
92 94 3.91
92 95 18.55
93 1 40.51
93 2 33.42
93 3 35.21
93 4 36.61
93 5 37.83
93 6 38.91
93 7 39.91
93 8 40.84
93 9 41.72
93 10 42.55
93 11 43.34
93 12 44.09
93 13 44.82
93 14 45.52
93 15 46.19
93 16 46.85
93 17 47.48
93 18 48.08
93 19 48.67
93 20 49.24
93 21 49.78
93 22 50.30
93 23 50.80
93 24 51.26
93 25 51.70
93 26 52.10
93 27 52.45
93 28 52.73
93 29 52.91
93 30 52.89
93 31 51.96
93 32 52.83
93 33 27.70
93 34 27.12
93 35 26.97
93 36 27.05
93 37 27.30
93 38 27.67
93 39 28.14
93 40 28.70
93 41 29.31
93 42 29.99
93 43 30.71
93 44 31.48
93 45 32.29
93 46 33.12
93 47 33.99
93 48 34.89
93 49 35.81
93 50 36.76
93 51 37.73
93 52 38.72
93 53 39.74
93 54 40.79
93 55 41.86
93 56 42.96
93 57 44.11
93 58 45.30
93 59 46.55
93 60 47.91
93 61 49.47
93 62 51.96
93 63 52.83
93 64 29.19
93 65 28.42
93 66 27.64
93 67 26.86
93 68 26.07
93 69 25.29
93 70 24.50
93 71 23.70
93 72 22.91
93 73 22.11
93 74 21.30
93 75 20.49
93 76 19.68
93 77 18.86
93 78 18.03
93 79 17.19
93 80 16.35
93 81 15.49
93 82 14.62
93 83 13.74
93 84 12.83
93 85 11.91
93 86 10.96
93 87 9.97
93 88 8.93
93 89 7.83
93 90 6.62
93 91 5.25
93 92 3.51
93 93 0.00
93 94 1.00
93 95 20.04
94 1 41.51
94 2 34.42
94 3 36.21
94 4 37.61
94 5 38.83
94 6 39.91
94 7 40.91
94 8 41.84
94 9 42.71
94 10 43.54
94 11 44.33
94 12 45.09
94 13 45.81
94 14 46.51
94 15 47.18
94 16 47.83
94 17 48.46
94 18 49.06
94 19 49.65
94 20 50.21
94 21 50.75
94 22 51.26
94 23 51.75
94 24 52.22
94 25 52.65
94 26 53.04
94 27 53.38
94 28 53.65
94 29 53.82
94 30 53.79
94 31 52.83
94 32 53.69
94 33 28.70
94 34 28.11
94 35 27.95
94 36 28.02
94 37 28.26
94 38 28.62
94 39 29.08
94 40 29.62
94 41 30.22
94 42 30.89
94 43 31.60
94 44 32.36
94 45 33.15
94 46 33.98
94 47 34.84
94 48 35.73
94 49 36.65
94 50 37.59
94 51 38.56
94 52 39.55
94 53 40.56
94 54 41.61
94 55 42.68
94 56 43.78
94 57 44.93
94 58 46.12
94 59 47.38
94 60 48.74
94 61 50.32
94 62 52.83
94 63 53.69
94 64 30.19
94 65 29.40
94 66 28.62
94 67 27.83
94 68 27.03
94 69 26.24
94 70 25.44
94 71 24.63
94 72 23.83
94 73 23.02
94 74 22.20
94 75 21.38
94 76 20.55
94 77 19.71
94 78 18.87
94 79 18.02
94 80 17.15
94 81 16.28
94 82 15.39
94 83 14.48
94 84 13.55
94 85 12.60
94 86 11.62
94 87 10.60
94 88 9.53
94 89 8.38
94 90 7.13
94 91 5.70
94 92 3.91
94 93 1.00
94 94 0.00
94 95 21.02
95 1 22.63
95 2 14.91
95 3 16.55
95 4 17.79
95 5 18.85
95 6 19.79
95 7 20.65
95 8 21.46
95 9 22.22
95 10 22.95
95 11 23.65
95 12 24.33
95 13 24.99
95 14 25.63
95 15 26.25
95 16 26.87
95 17 27.47
95 18 28.05
95 19 28.63
95 20 29.20
95 21 29.75
95 22 30.29
95 23 30.82
95 24 31.33
95 25 31.83
95 26 32.30
95 27 32.74
95 28 33.14
95 29 33.48
95 30 33.68
95 31 33.29
95 32 34.23
95 33 10.76
95 34 11.37
95 35 12.23
95 36 13.20
95 37 14.21
95 38 15.24
95 39 16.28
95 40 17.32
95 41 18.35
95 42 19.38
95 43 20.40
95 44 21.41
95 45 22.42
95 46 23.42
95 47 24.41
95 48 25.40
95 49 26.38
95 50 27.36
95 51 28.34
95 52 29.32
95 53 30.29
95 54 31.27
95 55 32.24
95 56 33.22
95 57 34.21
95 58 35.20
95 59 36.21
95 60 37.25
95 61 38.35
95 62 39.78
95 63 40.77
95 64 9.56
95 65 8.49
95 66 7.61
95 67 6.84
95 68 6.17
95 69 5.62
95 70 5.20
95 71 4.93
95 72 4.82
95 73 4.87
95 74 5.09
95 75 5.44
95 76 5.90
95 77 6.45
95 78 7.06
95 79 7.72
95 80 8.42
95 81 9.15
95 82 9.90
95 83 10.68
95 84 11.47
95 85 12.27
95 86 13.10
95 87 13.93
95 88 14.79
95 89 15.66
95 90 16.57
95 91 17.52
95 92 18.55
95 93 20.04
95 94 21.02
95 95 0.00
;
param v :=
1 1 0
1 2 45
1 3 56
1 4 48
1 5 58
1 6 42
1 7 48
1 8 37
1 9 47
1 10 53
1 11 49
1 12 41
1 13 51
1 14 37
1 15 49
1 16 45
1 17 56
1 18 48
1 19 37
1 20 51
1 21 49
1 22 57
1 23 38
1 24 48
1 25 50
1 26 49
1 27 59
1 28 53
1 29 60
1 30 55
1 31 50
1 32 38
1 33 52
1 34 47
1 35 55
1 36 59
1 37 38
1 38 40
1 39 51
1 40 40
1 41 36
1 42 50
1 43 38
1 44 42
1 45 54
1 46 58
1 47 47
1 48 50
1 49 57
1 50 35
1 51 52
1 52 48
1 53 51
1 54 46
1 55 45
1 56 41
1 57 39
1 58 40
1 59 46
1 60 50
1 61 44
1 62 48
1 63 47
1 64 41
1 65 56
1 66 38
1 67 38
1 68 40
1 69 41
1 70 46
1 71 55
1 72 59
1 73 57
1 74 38
1 75 35
1 76 55
1 77 56
1 78 40
1 79 41
1 80 36
1 81 59
1 82 45
1 83 36
1 84 54
1 85 56
1 86 41
1 87 37
1 88 57
1 89 60
1 90 44
1 91 35
1 92 36
1 93 59
1 94 51
1 95 47
2 1 40
2 2 0
2 3 59
2 4 53
2 5 56
2 6 46
2 7 46
2 8 37
2 9 59
2 10 54
2 11 44
2 12 44
2 13 37
2 14 38
2 15 49
2 16 50
2 17 59
2 18 42
2 19 53
2 20 53
2 21 53
2 22 42
2 23 49
2 24 54
2 25 43
2 26 43
2 27 49
2 28 48
2 29 55
2 30 49
2 31 58
2 32 39
2 33 44
2 34 49
2 35 50
2 36 59
2 37 39
2 38 40
2 39 58
2 40 51
2 41 37
2 42 57
2 43 38
2 44 60
2 45 40
2 46 46
2 47 60
2 48 51
2 49 56
2 50 54
2 51 52
2 52 38
2 53 39
2 54 59
2 55 43
2 56 51
2 57 54
2 58 39
2 59 43
2 60 54
2 61 60
2 62 46
2 63 36
2 64 60
2 65 41
2 66 60
2 67 58
2 68 58
2 69 37
2 70 42
2 71 54
2 72 60
2 73 55
2 74 38
2 75 53
2 76 38
2 77 57
2 78 40
2 79 50
2 80 41
2 81 57
2 82 47
2 83 39
2 84 42
2 85 36
2 86 51
2 87 50
2 88 38
2 89 53
2 90 58
2 91 39
2 92 37
2 93 48
2 94 59
2 95 39
3 1 47
3 2 54
3 3 0
3 4 42
3 5 54
3 6 37
3 7 45
3 8 56
3 9 50
3 10 55
3 11 50
3 12 41
3 13 49
3 14 54
3 15 46
3 16 59
3 17 48
3 18 40
3 19 44
3 20 47
3 21 55
3 22 51
3 23 43
3 24 57
3 25 55
3 26 43
3 27 53
3 28 57
3 29 55
3 30 40
3 31 42
3 32 53
3 33 38
3 34 47
3 35 48
3 36 39
3 37 59
3 38 39
3 39 52
3 40 49
3 41 37
3 42 43
3 43 55
3 44 55
3 45 47
3 46 56
3 47 41
3 48 40
3 49 51
3 50 52
3 51 48
3 52 46
3 53 55
3 54 52
3 55 45
3 56 47
3 57 58
3 58 53
3 59 60
3 60 54
3 61 46
3 62 37
3 63 58
3 64 51
3 65 36
3 66 45
3 67 52
3 68 57
3 69 53
3 70 53
3 71 40
3 72 42
3 73 56
3 74 40
3 75 38
3 76 36
3 77 42
3 78 41
3 79 40
3 80 45
3 81 44
3 82 41
3 83 43
3 84 39
3 85 60
3 86 58
3 87 44
3 88 51
3 89 58
3 90 55
3 91 58
3 92 35
3 93 51
3 94 46
3 95 40
4 1 42
4 2 35
4 3 47
4 4 0
4 5 52
4 6 60
4 7 45
4 8 49
4 9 40
4 10 43
4 11 53
4 12 40
4 13 47
4 14 35
4 15 45
4 16 59
4 17 50
4 18 58
4 19 43
4 20 37
4 21 44
4 22 49
4 23 59
4 24 43
4 25 49
4 26 56
4 27 56
4 28 38
4 29 35
4 30 57
4 31 40
4 32 52
4 33 50
4 34 60
4 35 49
4 36 60
4 37 38
4 38 40
4 39 36
4 40 54
4 41 35
4 42 49
4 43 37
4 44 56
4 45 41
4 46 52
4 47 38
4 48 46
4 49 49
4 50 55
4 51 45
4 52 52
4 53 54
4 54 60
4 55 43
4 56 52
4 57 36
4 58 42
4 59 53
4 60 42
4 61 48
4 62 60
4 63 38
4 64 51
4 65 41
4 66 50
4 67 48
4 68 47
4 69 36
4 70 60
4 71 58
4 72 37
4 73 50
4 74 57
4 75 41
4 76 52
4 77 47
4 78 53
4 79 35
4 80 37
4 81 53
4 82 53
4 83 51
4 84 40
4 85 47
4 86 48
4 87 37
4 88 43
4 89 57
4 90 46
4 91 51
4 92 57
4 93 38
4 94 43
4 95 45
5 1 45
5 2 37
5 3 50
5 4 50
5 5 0
5 6 54
5 7 60
5 8 39
5 9 56
5 10 37
5 11 46
5 12 57
5 13 48
5 14 59
5 15 54
5 16 52
5 17 39
5 18 59
5 19 45
5 20 38
5 21 59
5 22 60
5 23 45
5 24 43
5 25 54
5 26 52
5 27 43
5 28 37
5 29 56
5 30 57
5 31 41
5 32 56
5 33 38
5 34 43
5 35 51
5 36 52
5 37 48
5 38 56
5 39 51
5 40 47
5 41 60
5 42 36
5 43 60
5 44 42
5 45 52
5 46 49
5 47 39
5 48 47
5 49 43
5 50 58
5 51 41
5 52 53
5 53 49
5 54 36
5 55 54
5 56 47
5 57 55
5 58 48
5 59 60
5 60 58
5 61 58
5 62 46
5 63 38
5 64 55
5 65 35
5 66 46
5 67 37
5 68 40
5 69 49
5 70 43
5 71 49
5 72 58
5 73 42
5 74 46
5 75 46
5 76 47
5 77 41
5 78 51
5 79 50
5 80 49
5 81 48
5 82 45
5 83 47
5 84 59
5 85 50
5 86 50
5 87 53
5 88 40
5 89 55
5 90 50
5 91 35
5 92 46
5 93 39
5 94 55
5 95 39
6 1 50
6 2 47
6 3 35
6 4 37
6 5 53
6 6 0
6 7 36
6 8 42
6 9 58
6 10 44
6 11 59
6 12 58
6 13 46
6 14 51
6 15 35
6 16 54
6 17 51
6 18 54
6 19 35
6 20 59
6 21 38
6 22 35
6 23 35
6 24 58
6 25 60
6 26 46
6 27 43
6 28 38
6 29 36
6 30 56
6 31 55
6 32 52
6 33 54
6 34 45
6 35 48
6 36 48
6 37 40
6 38 44
6 39 44
6 40 35
6 41 48
6 42 35
6 43 57
6 44 57
6 45 49
6 46 38
6 47 40
6 48 46
6 49 43
6 50 41
6 51 52
6 52 37
6 53 46
6 54 46
6 55 48
6 56 43
6 57 48
6 58 52
6 59 60
6 60 48
6 61 45
6 62 37
6 63 53
6 64 50
6 65 42
6 66 40
6 67 50
6 68 37
6 69 56
6 70 53
6 71 50
6 72 59
6 73 47
6 74 59
6 75 36
6 76 47
6 77 42
6 78 58
6 79 48
6 80 44
6 81 47
6 82 44
6 83 59
6 84 36
6 85 49
6 86 47
6 87 37
6 88 49
6 89 44
6 90 43
6 91 55
6 92 45
6 93 48
6 94 41
6 95 36
7 1 58
7 2 42
7 3 37
7 4 47
7 5 39
7 6 36
7 7 0
7 8 45
7 9 48
7 10 56
7 11 45
7 12 47
7 13 56
7 14 45
7 15 44
7 16 40
7 17 52
7 18 50
7 19 57
7 20 54
7 21 59
7 22 56
7 23 58
7 24 56
7 25 51
7 26 40
7 27 60
7 28 59
7 29 51
7 30 42
7 31 37
7 32 57
7 33 41
7 34 40
7 35 43
7 36 36
7 37 51
7 38 49
7 39 56
7 40 50
7 41 53
7 42 51
7 43 35
7 44 45
7 45 37
7 46 47
7 47 52
7 48 54
7 49 40
7 50 60
7 51 58
7 52 43
7 53 40
7 54 41
7 55 39
7 56 59
7 57 37
7 58 54
7 59 37
7 60 46
7 61 41
7 62 55
7 63 57
7 64 46
7 65 44
7 66 41
7 67 42
7 68 53
7 69 35
7 70 40
7 71 56
7 72 50
7 73 37
7 74 58
7 75 35
7 76 42
7 77 41
7 78 56
7 79 55
7 80 47
7 81 60
7 82 45
7 83 36
7 84 46
7 85 37
7 86 55
7 87 46
7 88 50
7 89 48
7 90 48
7 91 41
7 92 50
7 93 52
7 94 44
7 95 36
8 1 43
8 2 55
8 3 60
8 4 53
8 5 54
8 6 58
8 7 39
8 8 0
8 9 55
8 10 58
8 11 51
8 12 48
8 13 39
8 14 56
8 15 35
8 16 38
8 17 38
8 18 56
8 19 51
8 20 48
8 21 45
8 22 52
8 23 49
8 24 43
8 25 51
8 26 44
8 27 48
8 28 40
8 29 58
8 30 53
8 31 40
8 32 52
8 33 39
8 34 41
8 35 43
8 36 45
8 37 57
8 38 48
8 39 60
8 40 51
8 41 38
8 42 46
8 43 58
8 44 49
8 45 56
8 46 38
8 47 42
8 48 38
8 49 46
8 50 59
8 51 41
8 52 60
8 53 55
8 54 42
8 55 44
8 56 38
8 57 37
8 58 36
8 59 42
8 60 60
8 61 47
8 62 50
8 63 39
8 64 54
8 65 60
8 66 46
8 67 42
8 68 52
8 69 44
8 70 46
8 71 54
8 72 42
8 73 41
8 74 59
8 75 39
8 76 38
8 77 46
8 78 40
8 79 45
8 80 39
8 81 57
8 82 57
8 83 52
8 84 56
8 85 50
8 86 43
8 87 60
8 88 53
8 89 47
8 90 51
8 91 55
8 92 58
8 93 43
8 94 57
8 95 49
9 1 53
9 2 42
9 3 58
9 4 40
9 5 43
9 6 55
9 7 44
9 8 48
9 9 0
9 10 36
9 11 37
9 12 50
9 13 41
9 14 59
9 15 57
9 16 47
9 17 47
9 18 46
9 19 41
9 20 57
9 21 58
9 22 54
9 23 51
9 24 59
9 25 48
9 26 56
9 27 40
9 28 56
9 29 58
9 30 38
9 31 47
9 32 54
9 33 44
9 34 57
9 35 40
9 36 46
9 37 49
9 38 44
9 39 40
9 40 55
9 41 58
9 42 53
9 43 36
9 44 45
9 45 42
9 46 47
9 47 59
9 48 58
9 49 51
9 50 42
9 51 36
9 52 54
9 53 49
9 54 36
9 55 42
9 56 56
9 57 49
9 58 55
9 59 58
9 60 46
9 61 41
9 62 46
9 63 57
9 64 39
9 65 59
9 66 39
9 67 45
9 68 49
9 69 57
9 70 55
9 71 38
9 72 56
9 73 49
9 74 53
9 75 59
9 76 47
9 77 59
9 78 51
9 79 47
9 80 48
9 81 43
9 82 41
9 83 46
9 84 53
9 85 59
9 86 46
9 87 43
9 88 48
9 89 58
9 90 44
9 91 56
9 92 39
9 93 42
9 94 42
9 95 51
10 1 37
10 2 59
10 3 54
10 4 37
10 5 46
10 6 53
10 7 56
10 8 48
10 9 46
10 10 0
10 11 44
10 12 40
10 13 42
10 14 50
10 15 42
10 16 39
10 17 49
10 18 38
10 19 46
10 20 48
10 21 38
10 22 52
10 23 57
10 24 60
10 25 44
10 26 52
10 27 53
10 28 56
10 29 35
10 30 54
10 31 55
10 32 56
10 33 60
10 34 41
10 35 42
10 36 46
10 37 53
10 38 59
10 39 41
10 40 36
10 41 57
10 42 38
10 43 58
10 44 54
10 45 36
10 46 57
10 47 57
10 48 55
10 49 37
10 50 51
10 51 57
10 52 43
10 53 54
10 54 39
10 55 53
10 56 36
10 57 37
10 58 42
10 59 58
10 60 42
10 61 60
10 62 36
10 63 44
10 64 56
10 65 60
10 66 53
10 67 46
10 68 48
10 69 44
10 70 45
10 71 40
10 72 59
10 73 43
10 74 58
10 75 55
10 76 53
10 77 36
10 78 52
10 79 48
10 80 38
10 81 43
10 82 50
10 83 36
10 84 51
10 85 36
10 86 40
10 87 54
10 88 45
10 89 35
10 90 35
10 91 58
10 92 59
10 93 38
10 94 46
10 95 59
11 1 37
11 2 42
11 3 48
11 4 45
11 5 55
11 6 35
11 7 45
11 8 43
11 9 45
11 10 52
11 11 0
11 12 44
11 13 53
11 14 36
11 15 43
11 16 36
11 17 51
11 18 41
11 19 58
11 20 44
11 21 43
11 22 44
11 23 40
11 24 45
11 25 52
11 26 42
11 27 44
11 28 46
11 29 48
11 30 35
11 31 42
11 32 57
11 33 44
11 34 47
11 35 36
11 36 42
11 37 42
11 38 45
11 39 58
11 40 54
11 41 40
11 42 48
11 43 46
11 44 36
11 45 60
11 46 52
11 47 43
11 48 53
11 49 58
11 50 40
11 51 46
11 52 50
11 53 46
11 54 42
11 55 39
11 56 38
11 57 57
11 58 54
11 59 40
11 60 44
11 61 48
11 62 39
11 63 38
11 64 44
11 65 59
11 66 60
11 67 58
11 68 52
11 69 57
11 70 55
11 71 42
11 72 60
11 73 58
11 74 57
11 75 47
11 76 48
11 77 56
11 78 56
11 79 56
11 80 37
11 81 35
11 82 39
11 83 60
11 84 38
11 85 36
11 86 52
11 87 51
11 88 50
11 89 38
11 90 53
11 91 58
11 92 58
11 93 39
11 94 54
11 95 59
12 1 44
12 2 48
12 3 59
12 4 56
12 5 42
12 6 45
12 7 53
12 8 44
12 9 52
12 10 59
12 11 43
12 12 0
12 13 50
12 14 40
12 15 35
12 16 48
12 17 51
12 18 59
12 19 37
12 20 47
12 21 48
12 22 55
12 23 60
12 24 51
12 25 54
12 26 52
12 27 50
12 28 38
12 29 37
12 30 40
12 31 38
12 32 44
12 33 60
12 34 43
12 35 49
12 36 55
12 37 57
12 38 55
12 39 47
12 40 56
12 41 60
12 42 52
12 43 39
12 44 37
12 45 52
12 46 52
12 47 50
12 48 58
12 49 39
12 50 55
12 51 41
12 52 53
12 53 59
12 54 58
12 55 47
12 56 41
12 57 46
12 58 43
12 59 39
12 60 58
12 61 52
12 62 50
12 63 51
12 64 39
12 65 52
12 66 43
12 67 48
12 68 50
12 69 37
12 70 43
12 71 54
12 72 50
12 73 46
12 74 40
12 75 55
12 76 39
12 77 50
12 78 53
12 79 37
12 80 44
12 81 60
12 82 40
12 83 59
12 84 48
12 85 54
12 86 40
12 87 53
12 88 51
12 89 43
12 90 42
12 91 45
12 92 35
12 93 39
12 94 46
12 95 50
13 1 48
13 2 54
13 3 39
13 4 44
13 5 46
13 6 49
13 7 42
13 8 52
13 9 60
13 10 56
13 11 53
13 12 46
13 13 0
13 14 37
13 15 49
13 16 46
13 17 47
13 18 39
13 19 45
13 20 48
13 21 45
13 22 46
13 23 35
13 24 36
13 25 49
13 26 54
13 27 42
13 28 48
13 29 38
13 30 50
13 31 46
13 32 58
13 33 35
13 34 35
13 35 50
13 36 39
13 37 57
13 38 36
13 39 51
13 40 54
13 41 52
13 42 55
13 43 52
13 44 46
13 45 38
13 46 51
13 47 54
13 48 53
13 49 54
13 50 60
13 51 49
13 52 54
13 53 46
13 54 55
13 55 48
13 56 36
13 57 38
13 58 55
13 59 40
13 60 53
13 61 42
13 62 45
13 63 43
13 64 49
13 65 56
13 66 47
13 67 54
13 68 52
13 69 56
13 70 45
13 71 57
13 72 38
13 73 46
13 74 58
13 75 40
13 76 44
13 77 41
13 78 37
13 79 35
13 80 36
13 81 58
13 82 53
13 83 48
13 84 38
13 85 36
13 86 44
13 87 49
13 88 37
13 89 37
13 90 38
13 91 43
13 92 50
13 93 37
13 94 58
13 95 35
14 1 36
14 2 60
14 3 37
14 4 59
14 5 53
14 6 58
14 7 53
14 8 55
14 9 57
14 10 35
14 11 42
14 12 60
14 13 58
14 14 0
14 15 38
14 16 45
14 17 35
14 18 52
14 19 48
14 20 43
14 21 36
14 22 48
14 23 56
14 24 55
14 25 49
14 26 43
14 27 36
14 28 46
14 29 59
14 30 43
14 31 37
14 32 42
14 33 46
14 34 50
14 35 35
14 36 55
14 37 49
14 38 54
14 39 48
14 40 52
14 41 44
14 42 44
14 43 40
14 44 59
14 45 35
14 46 41
14 47 46
14 48 40
14 49 48
14 50 40
14 51 46
14 52 53
14 53 45
14 54 54
14 55 46
14 56 54
14 57 50
14 58 41
14 59 49
14 60 59
14 61 48
14 62 56
14 63 56
14 64 39
14 65 47
14 66 54
14 67 52
14 68 55
14 69 49
14 70 43
14 71 47
14 72 44
14 73 44
14 74 39
14 75 41
14 76 40
14 77 59
14 78 54
14 79 49
14 80 41
14 81 55
14 82 40
14 83 46
14 84 40
14 85 39
14 86 57
14 87 41
14 88 52
14 89 43
14 90 58
14 91 37
14 92 36
14 93 48
14 94 40
14 95 50
15 1 39
15 2 50
15 3 53
15 4 54
15 5 45
15 6 38
15 7 45
15 8 49
15 9 43
15 10 39
15 11 56
15 12 51
15 13 45
15 14 51
15 15 0
15 16 56
15 17 41
15 18 53
15 19 55
15 20 54
15 21 50
15 22 57
15 23 44
15 24 55
15 25 49
15 26 50
15 27 50
15 28 52
15 29 40
15 30 44
15 31 35
15 32 41
15 33 47
15 34 55
15 35 47
15 36 55
15 37 44
15 38 59
15 39 57
15 40 51
15 41 42
15 42 53
15 43 38
15 44 45
15 45 57
15 46 46
15 47 44
15 48 42
15 49 37
15 50 44
15 51 42
15 52 36
15 53 36
15 54 38
15 55 53
15 56 55
15 57 56
15 58 49
15 59 59
15 60 36
15 61 54
15 62 43
15 63 58
15 64 53
15 65 41
15 66 53
15 67 47
15 68 38
15 69 54
15 70 58
15 71 41
15 72 40
15 73 60
15 74 45
15 75 52
15 76 44
15 77 58
15 78 41
15 79 35
15 80 41
15 81 46
15 82 56
15 83 36
15 84 59
15 85 57
15 86 36
15 87 59
15 88 36
15 89 46
15 90 44
15 91 44
15 92 39
15 93 43
15 94 54
15 95 55
16 1 49
16 2 41
16 3 52
16 4 38
16 5 49
16 6 48
16 7 58
16 8 54
16 9 45
16 10 59
16 11 56
16 12 37
16 13 44
16 14 35
16 15 52
16 16 0
16 17 52
16 18 35
16 19 55
16 20 57
16 21 56
16 22 59
16 23 36
16 24 35
16 25 46
16 26 36
16 27 56
16 28 53
16 29 44
16 30 43
16 31 60
16 32 42
16 33 35
16 34 58
16 35 40
16 36 42
16 37 54
16 38 50
16 39 44
16 40 47
16 41 57
16 42 42
16 43 45
16 44 38
16 45 49
16 46 37
16 47 50
16 48 60
16 49 56
16 50 49
16 51 44
16 52 53
16 53 52
16 54 57
16 55 58
16 56 39
16 57 46
16 58 52
16 59 50
16 60 47
16 61 43
16 62 60
16 63 58
16 64 37
16 65 58
16 66 50
16 67 54
16 68 36
16 69 41
16 70 49
16 71 55
16 72 45
16 73 47
16 74 56
16 75 42
16 76 40
16 77 46
16 78 42
16 79 37
16 80 54
16 81 36
16 82 52
16 83 60
16 84 43
16 85 49
16 86 50
16 87 58
16 88 35
16 89 55
16 90 55
16 91 59
16 92 40
16 93 54
16 94 37
16 95 37
17 1 50
17 2 57
17 3 43
17 4 39
17 5 37
17 6 35
17 7 44
17 8 42
17 9 45
17 10 46
17 11 35
17 12 36
17 13 36
17 14 37
17 15 45
17 16 53
17 17 0
17 18 50
17 19 52
17 20 47
17 21 40
17 22 41
17 23 48
17 24 46
17 25 50
17 26 39
17 27 40
17 28 40
17 29 43
17 30 51
17 31 46
17 32 37
17 33 45
17 34 59
17 35 54
17 36 41
17 37 47
17 38 49
17 39 40
17 40 52
17 41 44
17 42 55
17 43 60
17 44 37
17 45 36
17 46 40
17 47 38
17 48 41
17 49 51
17 50 44
17 51 52
17 52 44
17 53 48
17 54 35
17 55 35
17 56 41
17 57 43
17 58 35
17 59 57
17 60 49
17 61 41
17 62 46
17 63 46
17 64 39
17 65 56
17 66 39
17 67 47
17 68 58
17 69 47
17 70 59
17 71 56
17 72 51
17 73 56
17 74 35
17 75 42
17 76 37
17 77 60
17 78 40
17 79 35
17 80 51
17 81 43
17 82 37
17 83 44
17 84 57
17 85 45
17 86 53
17 87 51
17 88 48
17 89 42
17 90 60
17 91 40
17 92 55
17 93 44
17 94 38
17 95 41
18 1 53
18 2 39
18 3 53
18 4 58
18 5 49
18 6 36
18 7 38
18 8 48
18 9 44
18 10 51
18 11 43
18 12 58
18 13 43
18 14 47
18 15 43
18 16 43
18 17 52
18 18 0
18 19 42
18 20 59
18 21 54
18 22 39
18 23 57
18 24 48
18 25 47
18 26 52
18 27 37
18 28 39
18 29 43
18 30 43
18 31 58
18 32 51
18 33 54
18 34 49
18 35 39
18 36 59
18 37 60
18 38 37
18 39 45
18 40 36
18 41 42
18 42 57
18 43 57
18 44 40
18 45 43
18 46 59
18 47 39
18 48 41
18 49 37
18 50 41
18 51 37
18 52 60
18 53 55
18 54 39
18 55 48
18 56 38
18 57 60
18 58 46
18 59 60
18 60 47
18 61 53
18 62 49
18 63 52
18 64 46
18 65 36
18 66 43
18 67 48
18 68 39
18 69 50
18 70 54
18 71 43
18 72 59
18 73 47
18 74 51
18 75 54
18 76 59
18 77 57
18 78 56
18 79 46
18 80 38
18 81 48
18 82 47
18 83 55
18 84 54
18 85 40
18 86 37
18 87 55
18 88 44
18 89 53
18 90 40
18 91 37
18 92 51
18 93 57
18 94 47
18 95 51
19 1 46
19 2 38
19 3 57
19 4 60
19 5 52
19 6 57
19 7 58
19 8 35
19 9 44
19 10 49
19 11 60
19 12 57
19 13 45
19 14 59
19 15 39
19 16 52
19 17 49
19 18 53
19 19 0
19 20 40
19 21 44
19 22 44
19 23 37
19 24 50
19 25 56
19 26 35
19 27 60
19 28 48
19 29 39
19 30 39
19 31 45
19 32 56
19 33 41
19 34 50
19 35 36
19 36 35
19 37 39
19 38 57
19 39 42
19 40 59
19 41 39
19 42 36
19 43 41
19 44 49
19 45 49
19 46 54
19 47 46
19 48 53
19 49 60
19 50 51
19 51 59
19 52 60
19 53 56
19 54 60
19 55 50
19 56 45
19 57 56
19 58 49
19 59 52
19 60 42
19 61 56
19 62 46
19 63 37
19 64 52
19 65 45
19 66 45
19 67 60
19 68 54
19 69 43
19 70 39
19 71 39
19 72 49
19 73 46
19 74 57
19 75 57
19 76 46
19 77 37
19 78 49
19 79 38
19 80 39
19 81 39
19 82 42
19 83 35
19 84 53
19 85 47
19 86 53
19 87 47
19 88 36
19 89 43
19 90 58
19 91 54
19 92 41
19 93 53
19 94 36
19 95 48
20 1 40
20 2 48
20 3 52
20 4 42
20 5 50
20 6 46
20 7 40
20 8 58
20 9 40
20 10 57
20 11 53
20 12 56
20 13 36
20 14 42
20 15 38
20 16 52
20 17 37
20 18 56
20 19 51
20 20 0
20 21 46
20 22 53
20 23 53
20 24 35
20 25 39
20 26 36
20 27 35
20 28 59
20 29 40
20 30 50
20 31 60
20 32 60
20 33 37
20 34 44
20 35 42
20 36 48
20 37 37
20 38 47
20 39 44
20 40 59
20 41 58
20 42 52
20 43 44
20 44 43
20 45 38
20 46 54
20 47 48
20 48 59
20 49 46
20 50 58
20 51 55
20 52 39
20 53 51
20 54 54
20 55 58
20 56 38
20 57 43
20 58 43
20 59 46
20 60 46
20 61 60
20 62 58
20 63 40
20 64 49
20 65 48
20 66 60
20 67 42
20 68 41
20 69 53
20 70 57
20 71 50
20 72 44
20 73 41
20 74 51
20 75 53
20 76 52
20 77 42
20 78 59
20 79 37
20 80 45
20 81 50
20 82 39
20 83 46
20 84 46
20 85 46
20 86 52
20 87 52
20 88 37
20 89 49
20 90 43
20 91 36
20 92 36
20 93 40
20 94 40
20 95 38
21 1 43
21 2 56
21 3 40
21 4 36
21 5 57
21 6 37
21 7 46
21 8 35
21 9 40
21 10 52
21 11 51
21 12 36
21 13 50
21 14 40
21 15 52
21 16 46
21 17 39
21 18 35
21 19 49
21 20 50
21 21 0
21 22 54
21 23 40
21 24 35
21 25 38
21 26 57
21 27 55
21 28 37
21 29 40
21 30 40
21 31 44
21 32 60
21 33 35
21 34 54
21 35 52
21 36 51
21 37 54
21 38 52
21 39 39
21 40 59
21 41 38
21 42 45
21 43 57
21 44 41
21 45 44
21 46 40
21 47 52
21 48 52
21 49 50
21 50 39
21 51 51
21 52 50
21 53 56
21 54 41
21 55 40
21 56 56
21 57 36
21 58 39
21 59 52
21 60 37
21 61 50
21 62 43
21 63 40
21 64 51
21 65 54
21 66 46
21 67 36
21 68 51
21 69 57
21 70 59
21 71 50
21 72 59
21 73 50
21 74 50
21 75 58
21 76 57
21 77 40
21 78 55
21 79 47
21 80 36
21 81 50
21 82 46
21 83 46
21 84 42
21 85 54
21 86 46
21 87 50
21 88 57
21 89 47
21 90 54
21 91 54
21 92 36
21 93 60
21 94 60
21 95 56
22 1 45
22 2 41
22 3 59
22 4 35
22 5 51
22 6 42
22 7 56
22 8 59
22 9 40
22 10 45
22 11 36
22 12 49
22 13 54
22 14 58
22 15 35
22 16 59
22 17 50
22 18 52
22 19 58
22 20 41
22 21 55
22 22 0
22 23 60
22 24 58
22 25 45
22 26 57
22 27 60
22 28 41
22 29 40
22 30 38
22 31 39
22 32 44
22 33 49
22 34 37
22 35 47
22 36 44
22 37 58
22 38 40
22 39 44
22 40 54
22 41 37
22 42 53
22 43 37
22 44 55
22 45 55
22 46 58
22 47 49
22 48 39
22 49 54
22 50 37
22 51 44
22 52 41
22 53 37
22 54 56
22 55 38
22 56 44
22 57 41
22 58 60
22 59 50
22 60 57
22 61 40
22 62 56
22 63 40
22 64 38
22 65 35
22 66 40
22 67 39
22 68 58
22 69 35
22 70 35
22 71 51
22 72 35
22 73 44
22 74 46
22 75 59
22 76 57
22 77 50
22 78 47
22 79 43
22 80 55
22 81 45
22 82 53
22 83 39
22 84 47
22 85 50
22 86 57
22 87 48
22 88 43
22 89 58
22 90 46
22 91 38
22 92 58
22 93 55
22 94 39
22 95 48
23 1 49
23 2 52
23 3 57
23 4 49
23 5 35
23 6 52
23 7 48
23 8 40
23 9 53
23 10 48
23 11 59
23 12 46
23 13 47
23 14 55
23 15 44
23 16 48
23 17 50
23 18 60
23 19 36
23 20 59
23 21 46
23 22 37
23 23 0
23 24 44
23 25 59
23 26 44
23 27 40
23 28 45
23 29 37
23 30 45
23 31 42
23 32 38
23 33 40
23 34 56
23 35 39
23 36 48
23 37 55
23 38 43
23 39 57
23 40 58
23 41 43
23 42 38
23 43 47
23 44 53
23 45 58
23 46 35
23 47 59
23 48 60
23 49 46
23 50 56
23 51 59
23 52 53
23 53 60
23 54 53
23 55 46
23 56 42
23 57 41
23 58 42
23 59 48
23 60 60
23 61 45
23 62 55
23 63 52
23 64 37
23 65 37
23 66 36
23 67 39
23 68 48
23 69 43
23 70 40
23 71 53
23 72 51
23 73 52
23 74 48
23 75 42
23 76 44
23 77 48
23 78 39
23 79 52
23 80 55
23 81 43
23 82 42
23 83 50
23 84 51
23 85 51
23 86 60
23 87 50
23 88 49
23 89 51
23 90 60
23 91 52
23 92 44
23 93 58
23 94 43
23 95 59
24 1 59
24 2 60
24 3 43
24 4 58
24 5 38
24 6 35
24 7 47
24 8 54
24 9 52
24 10 56
24 11 36
24 12 58
24 13 51
24 14 55
24 15 44
24 16 45
24 17 51
24 18 51
24 19 60
24 20 36
24 21 48
24 22 43
24 23 36
24 24 0
24 25 55
24 26 44
24 27 44
24 28 58
24 29 59
24 30 53
24 31 45
24 32 42
24 33 36
24 34 50
24 35 58
24 36 43
24 37 35
24 38 54
24 39 59
24 40 45
24 41 44
24 42 55
24 43 45
24 44 59
24 45 49
24 46 49
24 47 57
24 48 41
24 49 39
24 50 36
24 51 44
24 52 35
24 53 50
24 54 50
24 55 60
24 56 36
24 57 43
24 58 49
24 59 55
24 60 58
24 61 43
24 62 47
24 63 50
24 64 58
24 65 51
24 66 47
24 67 57
24 68 38
24 69 50
24 70 37
24 71 38
24 72 40
24 73 44
24 74 57
24 75 48
24 76 35
24 77 48
24 78 51
24 79 50
24 80 43
24 81 50
24 82 51
24 83 51
24 84 59
24 85 40
24 86 47
24 87 43
24 88 38
24 89 53
24 90 45
24 91 39
24 92 37
24 93 54
24 94 60
24 95 58
25 1 43
25 2 37
25 3 58
25 4 54
25 5 43
25 6 41
25 7 55
25 8 52
25 9 54
25 10 39
25 11 35
25 12 35
25 13 47
25 14 59
25 15 38
25 16 49
25 17 59
25 18 57
25 19 45
25 20 36
25 21 56
25 22 49
25 23 51
25 24 41
25 25 0
25 26 59
25 27 49
25 28 45
25 29 39
25 30 45
25 31 60
25 32 51
25 33 54
25 34 51
25 35 45
25 36 48
25 37 46
25 38 57
25 39 50
25 40 51
25 41 50
25 42 42
25 43 60
25 44 50
25 45 41
25 46 60
25 47 37
25 48 46
25 49 50
25 50 54
25 51 52
25 52 43
25 53 41
25 54 42
25 55 60
25 56 39
25 57 46
25 58 58
25 59 38
25 60 45
25 61 43
25 62 39
25 63 41
25 64 45
25 65 46
25 66 42
25 67 54
25 68 60
25 69 49
25 70 54
25 71 59
25 72 53
25 73 49
25 74 55
25 75 35
25 76 50
25 77 60
25 78 48
25 79 49
25 80 45
25 81 49
25 82 48
25 83 52
25 84 55
25 85 48
25 86 39
25 87 54
25 88 56
25 89 47
25 90 53
25 91 44
25 92 50
25 93 51
25 94 48
25 95 51
26 1 48
26 2 41
26 3 60
26 4 38
26 5 56
26 6 58
26 7 54
26 8 58
26 9 44
26 10 44
26 11 60
26 12 37
26 13 55
26 14 59
26 15 38
26 16 36
26 17 42
26 18 40
26 19 35
26 20 41
26 21 39
26 22 43
26 23 55
26 24 55
26 25 52
26 26 0
26 27 50
26 28 37
26 29 38
26 30 37
26 31 41
26 32 56
26 33 41
26 34 59
26 35 54
26 36 51
26 37 52
26 38 54
26 39 45
26 40 55
26 41 46
26 42 53
26 43 35
26 44 40
26 45 39
26 46 46
26 47 47
26 48 51
26 49 39
26 50 44
26 51 48
26 52 39
26 53 40
26 54 54
26 55 36
26 56 49
26 57 48
26 58 37
26 59 39
26 60 45
26 61 51
26 62 53
26 63 42
26 64 57
26 65 53
26 66 38
26 67 48
26 68 45
26 69 39
26 70 40
26 71 49
26 72 44
26 73 35
26 74 37
26 75 49
26 76 59
26 77 60
26 78 38
26 79 37
26 80 45
26 81 41
26 82 60
26 83 42
26 84 44
26 85 53
26 86 39
26 87 37
26 88 49
26 89 59
26 90 51
26 91 51
26 92 55
26 93 38
26 94 45
26 95 55
27 1 38
27 2 47
27 3 46
27 4 55
27 5 50
27 6 50
27 7 39
27 8 55
27 9 57
27 10 41
27 11 40
27 12 54
27 13 55
27 14 56
27 15 44
27 16 41
27 17 46
27 18 37
27 19 56
27 20 35
27 21 37
27 22 49
27 23 43
27 24 52
27 25 55
27 26 59
27 27 0
27 28 46
27 29 58
27 30 54
27 31 55
27 32 35
27 33 56
27 34 51
27 35 44
27 36 35
27 37 50
27 38 51
27 39 46
27 40 55
27 41 39
27 42 38
27 43 41
27 44 54
27 45 58
27 46 47
27 47 43
27 48 42
27 49 54
27 50 59
27 51 40
27 52 46
27 53 59
27 54 52
27 55 56
27 56 45
27 57 59
27 58 40
27 59 57
27 60 46
27 61 54
27 62 51
27 63 55
27 64 57
27 65 39
27 66 51
27 67 54
27 68 45
27 69 52
27 70 35
27 71 57
27 72 47
27 73 37
27 74 47
27 75 47
27 76 51
27 77 35
27 78 57
27 79 58
27 80 54
27 81 39
27 82 45
27 83 50
27 84 41
27 85 50
27 86 58
27 87 45
27 88 58
27 89 39
27 90 54
27 91 53
27 92 60
27 93 58
27 94 60
27 95 50
28 1 58
28 2 49
28 3 58
28 4 37
28 5 58
28 6 40
28 7 42
28 8 43
28 9 36
28 10 59
28 11 39
28 12 56
28 13 43
28 14 48
28 15 54
28 16 48
28 17 38
28 18 58
28 19 42
28 20 59
28 21 50
28 22 46
28 23 45
28 24 58
28 25 39
28 26 44
28 27 57
28 28 0
28 29 43
28 30 35
28 31 52
28 32 44
28 33 46
28 34 48
28 35 56
28 36 43
28 37 57
28 38 51
28 39 44
28 40 47
28 41 44
28 42 37
28 43 55
28 44 39
28 45 56
28 46 56
28 47 49
28 48 46
28 49 53
28 50 44
28 51 52
28 52 38
28 53 44
28 54 57
28 55 55
28 56 45
28 57 39
28 58 52
28 59 46
28 60 41
28 61 42
28 62 40
28 63 42
28 64 39
28 65 49
28 66 37
28 67 49
28 68 54
28 69 55
28 70 60
28 71 42
28 72 58
28 73 56
28 74 45
28 75 48
28 76 44
28 77 37
28 78 38
28 79 39
28 80 42
28 81 44
28 82 48
28 83 57
28 84 35
28 85 45
28 86 56
28 87 57
28 88 43
28 89 48
28 90 43
28 91 36
28 92 53
28 93 42
28 94 42
28 95 54
29 1 47
29 2 37
29 3 49
29 4 48
29 5 50
29 6 35
29 7 37
29 8 43
29 9 46
29 10 38
29 11 45
29 12 60
29 13 50
29 14 42
29 15 38
29 16 53
29 17 43
29 18 49
29 19 45
29 20 45
29 21 37
29 22 40
29 23 54
29 24 38
29 25 46
29 26 60
29 27 54
29 28 46
29 29 0
29 30 48
29 31 53
29 32 53
29 33 60
29 34 35
29 35 37
29 36 60
29 37 53
29 38 49
29 39 50
29 40 51
29 41 58
29 42 46
29 43 37
29 44 55
29 45 40
29 46 37
29 47 50
29 48 35
29 49 49
29 50 54
29 51 37
29 52 37
29 53 46
29 54 39
29 55 60
29 56 50
29 57 58
29 58 56
29 59 39
29 60 60
29 61 60
29 62 59
29 63 55
29 64 60
29 65 56
29 66 54
29 67 46
29 68 52
29 69 45
29 70 53
29 71 51
29 72 50
29 73 36
29 74 43
29 75 39
29 76 57
29 77 53
29 78 49
29 79 56
29 80 47
29 81 41
29 82 50
29 83 42
29 84 48
29 85 42
29 86 41
29 87 45
29 88 50
29 89 49
29 90 55
29 91 52
29 92 55
29 93 47
29 94 53
29 95 60
30 1 47
30 2 35
30 3 56
30 4 54
30 5 43
30 6 55
30 7 37
30 8 53
30 9 39
30 10 48
30 11 46
30 12 41
30 13 37
30 14 38
30 15 59
30 16 58
30 17 49
30 18 47
30 19 56
30 20 39
30 21 51
30 22 51
30 23 43
30 24 55
30 25 41
30 26 59
30 27 40
30 28 42
30 29 41
30 30 0
30 31 53
30 32 46
30 33 37
30 34 51
30 35 45
30 36 56
30 37 49
30 38 44
30 39 36
30 40 51
30 41 54
30 42 37
30 43 58
30 44 43
30 45 47
30 46 45
30 47 57
30 48 55
30 49 48
30 50 47
30 51 56
30 52 58
30 53 55
30 54 57
30 55 43
30 56 44
30 57 43
30 58 54
30 59 46
30 60 48
30 61 60
30 62 41
30 63 43
30 64 51
30 65 59
30 66 47
30 67 46
30 68 54
30 69 51
30 70 52
30 71 42
30 72 53
30 73 59
30 74 48
30 75 52
30 76 45
30 77 52
30 78 53
30 79 50
30 80 55
30 81 35
30 82 49
30 83 47
30 84 46
30 85 45
30 86 46
30 87 37
30 88 39
30 89 60
30 90 55
30 91 57
30 92 56
30 93 38
30 94 46
30 95 58
31 1 59
31 2 48
31 3 43
31 4 45
31 5 57
31 6 55
31 7 42
31 8 60
31 9 60
31 10 39
31 11 41
31 12 47
31 13 44
31 14 36
31 15 53
31 16 38
31 17 35
31 18 52
31 19 52
31 20 45
31 21 37
31 22 46
31 23 59
31 24 47
31 25 36
31 26 44
31 27 48
31 28 36
31 29 54
31 30 37
31 31 0
31 32 39
31 33 47
31 34 36
31 35 39
31 36 59
31 37 43
31 38 48
31 39 53
31 40 60
31 41 35
31 42 60
31 43 60
31 44 54
31 45 41
31 46 57
31 47 43
31 48 58
31 49 41
31 50 58
31 51 54
31 52 51
31 53 44
31 54 44
31 55 55
31 56 60
31 57 39
31 58 60
31 59 54
31 60 53
31 61 47
31 62 43
31 63 49
31 64 38
31 65 47
31 66 41
31 67 37
31 68 56
31 69 39
31 70 48
31 71 52
31 72 50
31 73 59
31 74 55
31 75 59
31 76 35
31 77 52
31 78 50
31 79 37
31 80 38
31 81 58
31 82 56
31 83 39
31 84 43
31 85 43
31 86 49
31 87 38
31 88 60
31 89 55
31 90 59
31 91 51
31 92 47
31 93 53
31 94 57
31 95 44
32 1 38
32 2 47
32 3 46
32 4 48
32 5 52
32 6 55
32 7 47
32 8 43
32 9 36
32 10 37
32 11 48
32 12 45
32 13 39
32 14 44
32 15 36
32 16 49
32 17 50
32 18 40
32 19 46
32 20 56
32 21 51
32 22 47
32 23 52
32 24 54
32 25 53
32 26 50
32 27 37
32 28 59
32 29 42
32 30 48
32 31 53
32 32 0
32 33 35
32 34 35
32 35 57
32 36 47
32 37 39
32 38 48
32 39 49
32 40 52
32 41 36
32 42 55
32 43 42
32 44 50
32 45 45
32 46 57
32 47 49
32 48 51
32 49 45
32 50 46
32 51 60
32 52 36
32 53 42
32 54 47
32 55 40
32 56 49
32 57 56
32 58 36
32 59 55
32 60 42
32 61 60
32 62 42
32 63 54
32 64 60
32 65 47
32 66 46
32 67 47
32 68 45
32 69 42
32 70 56
32 71 51
32 72 40
32 73 53
32 74 44
32 75 50
32 76 48
32 77 39
32 78 42
32 79 56
32 80 42
32 81 35
32 82 46
32 83 54
32 84 44
32 85 56
32 86 52
32 87 44
32 88 47
32 89 48
32 90 52
32 91 50
32 92 37
32 93 39
32 94 58
32 95 44
33 1 44
33 2 55
33 3 35
33 4 52
33 5 38
33 6 60
33 7 44
33 8 46
33 9 39
33 10 55
33 11 42
33 12 42
33 13 45
33 14 45
33 15 40
33 16 35
33 17 50
33 18 39
33 19 44
33 20 60
33 21 47
33 22 35
33 23 51
33 24 45
33 25 41
33 26 48
33 27 50
33 28 45
33 29 56
33 30 60
33 31 42
33 32 58
33 33 0
33 34 50
33 35 59
33 36 59
33 37 52
33 38 50
33 39 44
33 40 59
33 41 38
33 42 42
33 43 43
33 44 40
33 45 49
33 46 60
33 47 54
33 48 46
33 49 49
33 50 45
33 51 48
33 52 58
33 53 57
33 54 39
33 55 58
33 56 40
33 57 56
33 58 58
33 59 51
33 60 43
33 61 59
33 62 44
33 63 45
33 64 45
33 65 42
33 66 59
33 67 41
33 68 40
33 69 45
33 70 47
33 71 47
33 72 48
33 73 42
33 74 38
33 75 40
33 76 56
33 77 51
33 78 49
33 79 46
33 80 35
33 81 49
33 82 39
33 83 39
33 84 54
33 85 55
33 86 56
33 87 60
33 88 52
33 89 43
33 90 35
33 91 44
33 92 56
33 93 44
33 94 52
33 95 59
34 1 48
34 2 55
34 3 50
34 4 44
34 5 39
34 6 59
34 7 47
34 8 51
34 9 47
34 10 38
34 11 56
34 12 60
34 13 36
34 14 35
34 15 49
34 16 39
34 17 48
34 18 47
34 19 46
34 20 42
34 21 45
34 22 43
34 23 49
34 24 48
34 25 36
34 26 46
34 27 35
34 28 58
34 29 38
34 30 54
34 31 56
34 32 39
34 33 57
34 34 0
34 35 47
34 36 46
34 37 41
34 38 40
34 39 48
34 40 53
34 41 48
34 42 36
34 43 50
34 44 35
34 45 45
34 46 35
34 47 36
34 48 49
34 49 56
34 50 46
34 51 58
34 52 56
34 53 55
34 54 60
34 55 44
34 56 51
34 57 60
34 58 49
34 59 58
34 60 57
34 61 52
34 62 42
34 63 42
34 64 58
34 65 56
34 66 39
34 67 35
34 68 38
34 69 48
34 70 52
34 71 57
34 72 52
34 73 60
34 74 35
34 75 58
34 76 35
34 77 52
34 78 57
34 79 46
34 80 58
34 81 60
34 82 51
34 83 40
34 84 40
34 85 35
34 86 43
34 87 59
34 88 37
34 89 59
34 90 44
34 91 59
34 92 38
34 93 44
34 94 43
34 95 42
35 1 37
35 2 47
35 3 56
35 4 50
35 5 51
35 6 60
35 7 54
35 8 53
35 9 49
35 10 49
35 11 37
35 12 55
35 13 55
35 14 57
35 15 48
35 16 43
35 17 44
35 18 42
35 19 45
35 20 37
35 21 38
35 22 54
35 23 43
35 24 47
35 25 50
35 26 49
35 27 56
35 28 49
35 29 41
35 30 46
35 31 58
35 32 47
35 33 57
35 34 39
35 35 0
35 36 46
35 37 53
35 38 47
35 39 54
35 40 35
35 41 60
35 42 59
35 43 39
35 44 37
35 45 42
35 46 52
35 47 45
35 48 51
35 49 38
35 50 43
35 51 57
35 52 39
35 53 59
35 54 42
35 55 56
35 56 59
35 57 57
35 58 58
35 59 41
35 60 41
35 61 43
35 62 43
35 63 36
35 64 41
35 65 43
35 66 53
35 67 58
35 68 56
35 69 60
35 70 49
35 71 54
35 72 48
35 73 37
35 74 43
35 75 40
35 76 60
35 77 44
35 78 41
35 79 54
35 80 45
35 81 49
35 82 45
35 83 48
35 84 49
35 85 53
35 86 38
35 87 45
35 88 50
35 89 46
35 90 43
35 91 52
35 92 45
35 93 53
35 94 44
35 95 45
36 1 60
36 2 40
36 3 46
36 4 35
36 5 47
36 6 58
36 7 46
36 8 50
36 9 35
36 10 52
36 11 57
36 12 46
36 13 38
36 14 41
36 15 39
36 16 52
36 17 38
36 18 39
36 19 48
36 20 35
36 21 37
36 22 44
36 23 42
36 24 47
36 25 46
36 26 49
36 27 54
36 28 44
36 29 42
36 30 46
36 31 46
36 32 36
36 33 56
36 34 39
36 35 59
36 36 0
36 37 48
36 38 38
36 39 59
36 40 55
36 41 43
36 42 41
36 43 55
36 44 40
36 45 45
36 46 37
36 47 49
36 48 44
36 49 36
36 50 44
36 51 54
36 52 39
36 53 60
36 54 56
36 55 37
36 56 55
36 57 48
36 58 51
36 59 42
36 60 36
36 61 53
36 62 38
36 63 60
36 64 48
36 65 60
36 66 49
36 67 35
36 68 49
36 69 41
36 70 41
36 71 38
36 72 52
36 73 35
36 74 36
36 75 45
36 76 50
36 77 50
36 78 52
36 79 56
36 80 43
36 81 49
36 82 36
36 83 59
36 84 36
36 85 58
36 86 51
36 87 48
36 88 60
36 89 44
36 90 41
36 91 35
36 92 57
36 93 46
36 94 38
36 95 37
37 1 48
37 2 38
37 3 49
37 4 56
37 5 44
37 6 60
37 7 58
37 8 50
37 9 44
37 10 41
37 11 57
37 12 55
37 13 39
37 14 38
37 15 49
37 16 52
37 17 50
37 18 40
37 19 50
37 20 53
37 21 60
37 22 54
37 23 55
37 24 48
37 25 36
37 26 54
37 27 46
37 28 54
37 29 43
37 30 40
37 31 49
37 32 52
37 33 47
37 34 54
37 35 51
37 36 47
37 37 0
37 38 45
37 39 56
37 40 41
37 41 36
37 42 53
37 43 54
37 44 59
37 45 49
37 46 49
37 47 60
37 48 38
37 49 55
37 50 36
37 51 38
37 52 50
37 53 55
37 54 37
37 55 55
37 56 58
37 57 55
37 58 55
37 59 46
37 60 45
37 61 39
37 62 37
37 63 48
37 64 44
37 65 39
37 66 36
37 67 41
37 68 38
37 69 59
37 70 53
37 71 60
37 72 60
37 73 55
37 74 53
37 75 44
37 76 53
37 77 40
37 78 38
37 79 44
37 80 38
37 81 52
37 82 45
37 83 60
37 84 52
37 85 59
37 86 50
37 87 56
37 88 55
37 89 60
37 90 41
37 91 42
37 92 35
37 93 35
37 94 53
37 95 55
38 1 39
38 2 52
38 3 37
38 4 38
38 5 35
38 6 53
38 7 58
38 8 51
38 9 36
38 10 44
38 11 46
38 12 51
38 13 53
38 14 35
38 15 35
38 16 58
38 17 56
38 18 51
38 19 51
38 20 55
38 21 48
38 22 47
38 23 56
38 24 45
38 25 55
38 26 51
38 27 55
38 28 41
38 29 58
38 30 51
38 31 60
38 32 56
38 33 51
38 34 40
38 35 45
38 36 50
38 37 54
38 38 0
38 39 38
38 40 53
38 41 40
38 42 49
38 43 52
38 44 42
38 45 41
38 46 39
38 47 39
38 48 52
38 49 54
38 50 58
38 51 38
38 52 45
38 53 53
38 54 51
38 55 60
38 56 44
38 57 55
38 58 42
38 59 54
38 60 48
38 61 55
38 62 37
38 63 39
38 64 58
38 65 52
38 66 46
38 67 35
38 68 45
38 69 58
38 70 47
38 71 50
38 72 44
38 73 52
38 74 48
38 75 58
38 76 52
38 77 56
38 78 50
38 79 35
38 80 39
38 81 55
38 82 41
38 83 48
38 84 44
38 85 43
38 86 47
38 87 54
38 88 55
38 89 52
38 90 37
38 91 52
38 92 44
38 93 48
38 94 60
38 95 50
39 1 60
39 2 42
39 3 58
39 4 46
39 5 35
39 6 47
39 7 54
39 8 49
39 9 56
39 10 46
39 11 50
39 12 50
39 13 46
39 14 49
39 15 51
39 16 37
39 17 52
39 18 52
39 19 55
39 20 55
39 21 59
39 22 39
39 23 57
39 24 52
39 25 51
39 26 45
39 27 35
39 28 45
39 29 49
39 30 42
39 31 45
39 32 44
39 33 37
39 34 53
39 35 36
39 36 41
39 37 59
39 38 48
39 39 0
39 40 55
39 41 57
39 42 53
39 43 39
39 44 52
39 45 39
39 46 45
39 47 60
39 48 43
39 49 39
39 50 55
39 51 40
39 52 49
39 53 43
39 54 48
39 55 35
39 56 36
39 57 58
39 58 59
39 59 36
39 60 47
39 61 59
39 62 43
39 63 44
39 64 40
39 65 56
39 66 54
39 67 57
39 68 50
39 69 48
39 70 52
39 71 57
39 72 55
39 73 52
39 74 39
39 75 45
39 76 43
39 77 52
39 78 36
39 79 44
39 80 41
39 81 58
39 82 38
39 83 51
39 84 59
39 85 53
39 86 60
39 87 40
39 88 44
39 89 53
39 90 43
39 91 45
39 92 40
39 93 42
39 94 46
39 95 55
40 1 40
40 2 49
40 3 49
40 4 60
40 5 37
40 6 35
40 7 37
40 8 40
40 9 56
40 10 53
40 11 44
40 12 43
40 13 42
40 14 55
40 15 35
40 16 35
40 17 47
40 18 52
40 19 53
40 20 37
40 21 40
40 22 60
40 23 53
40 24 46
40 25 58
40 26 58
40 27 41
40 28 57
40 29 42
40 30 60
40 31 39
40 32 43
40 33 45
40 34 48
40 35 46
40 36 49
40 37 55
40 38 45
40 39 52
40 40 0
40 41 53
40 42 54
40 43 44
40 44 56
40 45 36
40 46 52
40 47 41
40 48 41
40 49 49
40 50 59
40 51 42
40 52 47
40 53 56
40 54 53
40 55 41
40 56 54
40 57 60
40 58 44
40 59 54
40 60 49
40 61 35
40 62 58
40 63 52
40 64 38
40 65 39
40 66 50
40 67 47
40 68 46
40 69 43
40 70 50
40 71 41
40 72 60
40 73 36
40 74 53
40 75 45
40 76 45
40 77 56
40 78 40
40 79 49
40 80 49
40 81 39
40 82 53
40 83 57
40 84 47
40 85 47
40 86 58
40 87 49
40 88 58
40 89 40
40 90 52
40 91 58
40 92 59
40 93 49
40 94 52
40 95 57
41 1 43
41 2 41
41 3 53
41 4 41
41 5 39
41 6 59
41 7 47
41 8 57
41 9 45
41 10 56
41 11 60
41 12 35
41 13 43
41 14 54
41 15 59
41 16 51
41 17 39
41 18 35
41 19 47
41 20 47
41 21 54
41 22 50
41 23 54
41 24 54
41 25 36
41 26 45
41 27 37
41 28 35
41 29 53
41 30 44
41 31 38
41 32 36
41 33 55
41 34 43
41 35 44
41 36 60
41 37 42
41 38 59
41 39 45
41 40 59
41 41 0
41 42 40
41 43 60
41 44 37
41 45 58
41 46 36
41 47 56
41 48 44
41 49 36
41 50 41
41 51 57
41 52 37
41 53 42
41 54 36
41 55 36
41 56 52
41 57 49
41 58 59
41 59 48
41 60 52
41 61 41
41 62 37
41 63 43
41 64 57
41 65 36
41 66 54
41 67 43
41 68 56
41 69 42
41 70 38
41 71 36
41 72 49
41 73 54
41 74 54
41 75 46
41 76 59
41 77 53
41 78 52
41 79 54
41 80 59
41 81 50
41 82 55
41 83 59
41 84 41
41 85 60
41 86 54
41 87 56
41 88 59
41 89 42
41 90 55
41 91 59
41 92 43
41 93 60
41 94 45
41 95 42
42 1 50
42 2 56
42 3 45
42 4 38
42 5 40
42 6 50
42 7 48
42 8 40
42 9 53
42 10 43
42 11 44
42 12 46
42 13 40
42 14 57
42 15 42
42 16 50
42 17 38
42 18 43
42 19 56
42 20 58
42 21 43
42 22 41
42 23 37
42 24 41
42 25 51
42 26 40
42 27 51
42 28 37
42 29 57
42 30 35
42 31 43
42 32 48
42 33 45
42 34 54
42 35 46
42 36 44
42 37 48
42 38 40
42 39 41
42 40 57
42 41 35
42 42 0
42 43 54
42 44 59
42 45 47
42 46 39
42 47 51
42 48 41
42 49 55
42 50 41
42 51 58
42 52 35
42 53 57
42 54 51
42 55 37
42 56 43
42 57 56
42 58 51
42 59 39
42 60 59
42 61 39
42 62 46
42 63 40
42 64 53
42 65 46
42 66 53
42 67 52
42 68 39
42 69 44
42 70 36
42 71 45
42 72 56
42 73 58
42 74 41
42 75 48
42 76 49
42 77 55
42 78 56
42 79 57
42 80 38
42 81 52
42 82 46
42 83 58
42 84 46
42 85 50
42 86 42
42 87 41
42 88 51
42 89 48
42 90 59
42 91 49
42 92 54
42 93 55
42 94 40
42 95 48
43 1 58
43 2 50
43 3 60
43 4 38
43 5 39
43 6 48
43 7 44
43 8 45
43 9 47
43 10 43
43 11 46
43 12 44
43 13 35
43 14 53
43 15 44
43 16 41
43 17 51
43 18 52
43 19 45
43 20 40
43 21 51
43 22 47
43 23 39
43 24 54
43 25 38
43 26 45
43 27 50
43 28 56
43 29 40
43 30 40
43 31 57
43 32 60
43 33 47
43 34 46
43 35 51
43 36 50
43 37 59
43 38 49
43 39 53
43 40 48
43 41 35
43 42 59
43 43 0
43 44 58
43 45 44
43 46 48
43 47 38
43 48 47
43 49 38
43 50 59
43 51 48
43 52 43
43 53 39
43 54 41
43 55 60
43 56 55
43 57 42
43 58 35
43 59 46
43 60 57
43 61 48
43 62 48
43 63 36
43 64 42
43 65 50
43 66 57
43 67 36
43 68 45
43 69 50
43 70 42
43 71 41
43 72 49
43 73 36
43 74 47
43 75 56
43 76 48
43 77 47
43 78 51
43 79 60
43 80 37
43 81 56
43 82 51
43 83 49
43 84 46
43 85 43
43 86 45
43 87 48
43 88 35
43 89 36
43 90 54
43 91 39
43 92 37
43 93 43
43 94 57
43 95 52
44 1 46
44 2 37
44 3 43
44 4 35
44 5 39
44 6 38
44 7 53
44 8 53
44 9 55
44 10 58
44 11 45
44 12 36
44 13 47
44 14 40
44 15 42
44 16 58
44 17 48
44 18 53
44 19 46
44 20 38
44 21 36
44 22 48
44 23 36
44 24 56
44 25 40
44 26 35
44 27 40
44 28 56
44 29 57
44 30 38
44 31 45
44 32 36
44 33 60
44 34 58
44 35 55
44 36 49
44 37 59
44 38 58
44 39 36
44 40 44
44 41 43
44 42 42
44 43 46
44 44 0
44 45 59
44 46 56
44 47 44
44 48 50
44 49 59
44 50 36
44 51 60
44 52 50
44 53 56
44 54 40
44 55 50
44 56 42
44 57 41
44 58 46
44 59 55
44 60 54
44 61 57
44 62 55
44 63 60
44 64 48
44 65 49
44 66 58
44 67 52
44 68 56
44 69 44
44 70 53
44 71 53
44 72 42
44 73 41
44 74 47
44 75 60
44 76 60
44 77 42
44 78 35
44 79 40
44 80 58
44 81 36
44 82 44
44 83 51
44 84 59
44 85 36
44 86 47
44 87 56
44 88 49
44 89 36
44 90 47
44 91 40
44 92 40
44 93 38
44 94 46
44 95 48
45 1 49
45 2 48
45 3 52
45 4 44
45 5 41
45 6 55
45 7 50
45 8 52
45 9 51
45 10 44
45 11 36
45 12 47
45 13 44
45 14 43
45 15 42
45 16 49
45 17 56
45 18 37
45 19 52
45 20 47
45 21 45
45 22 52
45 23 38
45 24 35
45 25 40
45 26 50
45 27 41
45 28 60
45 29 53
45 30 41
45 31 58
45 32 44
45 33 50
45 34 59
45 35 57
45 36 45
45 37 47
45 38 53
45 39 60
45 40 48
45 41 46
45 42 44
45 43 50
45 44 46
45 45 0
45 46 40
45 47 54
45 48 37
45 49 46
45 50 40
45 51 60
45 52 59
45 53 60
45 54 39
45 55 47
45 56 58
45 57 46
45 58 35
45 59 60
45 60 55
45 61 48
45 62 59
45 63 55
45 64 55
45 65 55
45 66 44
45 67 60
45 68 51
45 69 59
45 70 57
45 71 48
45 72 43
45 73 55
45 74 55
45 75 40
45 76 39
45 77 54
45 78 41
45 79 53
45 80 49
45 81 56
45 82 45
45 83 41
45 84 36
45 85 38
45 86 47
45 87 49
45 88 56
45 89 56
45 90 53
45 91 39
45 92 37
45 93 44
45 94 56
45 95 53
46 1 59
46 2 46
46 3 46
46 4 54
46 5 49
46 6 45
46 7 58
46 8 60
46 9 48
46 10 49
46 11 50
46 12 36
46 13 52
46 14 53
46 15 53
46 16 53
46 17 37
46 18 39
46 19 39
46 20 59
46 21 44
46 22 43
46 23 41
46 24 55
46 25 51
46 26 35
46 27 55
46 28 59
46 29 43
46 30 53
46 31 52
46 32 45
46 33 35
46 34 57
46 35 37
46 36 45
46 37 60
46 38 58
46 39 54
46 40 49
46 41 51
46 42 52
46 43 45
46 44 43
46 45 59
46 46 0
46 47 40
46 48 42
46 49 41
46 50 45
46 51 40
46 52 40
46 53 37
46 54 56
46 55 59
46 56 52
46 57 43
46 58 50
46 59 41
46 60 37
46 61 56
46 62 35
46 63 50
46 64 48
46 65 54
46 66 48
46 67 60
46 68 35
46 69 57
46 70 58
46 71 57
46 72 46
46 73 48
46 74 51
46 75 43
46 76 37
46 77 45
46 78 39
46 79 54
46 80 52
46 81 46
46 82 57
46 83 39
46 84 39
46 85 49
46 86 46
46 87 57
46 88 59
46 89 48
46 90 36
46 91 60
46 92 36
46 93 46
46 94 48
46 95 42
47 1 36
47 2 46
47 3 43
47 4 43
47 5 40
47 6 41
47 7 42
47 8 59
47 9 60
47 10 37
47 11 53
47 12 43
47 13 47
47 14 45
47 15 60
47 16 40
47 17 37
47 18 42
47 19 56
47 20 48
47 21 44
47 22 45
47 23 44
47 24 45
47 25 38
47 26 44
47 27 49
47 28 50
47 29 43
47 30 47
47 31 58
47 32 48
47 33 51
47 34 37
47 35 42
47 36 53
47 37 42
47 38 47
47 39 43
47 40 52
47 41 59
47 42 48
47 43 55
47 44 39
47 45 46
47 46 57
47 47 0
47 48 42
47 49 42
47 50 43
47 51 47
47 52 35
47 53 37
47 54 44
47 55 56
47 56 47
47 57 39
47 58 38
47 59 47
47 60 47
47 61 57
47 62 37
47 63 37
47 64 46
47 65 52
47 66 39
47 67 60
47 68 37
47 69 40
47 70 44
47 71 55
47 72 48
47 73 43
47 74 47
47 75 35
47 76 51
47 77 43
47 78 58
47 79 49
47 80 55
47 81 36
47 82 36
47 83 51
47 84 51
47 85 41
47 86 58
47 87 52
47 88 53
47 89 53
47 90 43
47 91 46
47 92 52
47 93 43
47 94 42
47 95 36
48 1 59
48 2 55
48 3 48
48 4 39
48 5 40
48 6 40
48 7 36
48 8 52
48 9 51
48 10 46
48 11 55
48 12 53
48 13 54
48 14 36
48 15 49
48 16 39
48 17 52
48 18 46
48 19 47
48 20 37
48 21 55
48 22 59
48 23 38
48 24 38
48 25 37
48 26 53
48 27 43
48 28 44
48 29 54
48 30 60
48 31 45
48 32 44
48 33 52
48 34 47
48 35 50
48 36 41
48 37 39
48 38 44
48 39 56
48 40 42
48 41 39
48 42 57
48 43 45
48 44 48
48 45 43
48 46 56
48 47 46
48 48 0
48 49 59
48 50 49
48 51 60
48 52 60
48 53 41
48 54 47
48 55 45
48 56 51
48 57 39
48 58 49
48 59 58
48 60 60
48 61 41
48 62 42
48 63 35
48 64 44
48 65 36
48 66 54
48 67 57
48 68 55
48 69 54
48 70 55
48 71 54
48 72 48
48 73 44
48 74 53
48 75 45
48 76 46
48 77 55
48 78 36
48 79 50
48 80 43
48 81 54
48 82 57
48 83 53
48 84 41
48 85 54
48 86 36
48 87 43
48 88 47
48 89 54
48 90 57
48 91 42
48 92 38
48 93 43
48 94 51
48 95 45
49 1 38
49 2 49
49 3 38
49 4 60
49 5 47
49 6 60
49 7 38
49 8 56
49 9 42
49 10 35
49 11 46
49 12 55
49 13 52
49 14 48
49 15 35
49 16 51
49 17 60
49 18 42
49 19 49
49 20 51
49 21 44
49 22 60
49 23 54
49 24 46
49 25 37
49 26 51
49 27 47
49 28 43
49 29 59
49 30 42
49 31 59
49 32 54
49 33 47
49 34 53
49 35 58
49 36 59
49 37 42
49 38 59
49 39 51
49 40 54
49 41 35
49 42 45
49 43 52
49 44 46
49 45 58
49 46 48
49 47 43
49 48 49
49 49 0
49 50 35
49 51 36
49 52 40
49 53 48
49 54 55
49 55 41
49 56 57
49 57 44
49 58 45
49 59 45
49 60 50
49 61 54
49 62 46
49 63 44
49 64 36
49 65 44
49 66 54
49 67 45
49 68 42
49 69 37
49 70 50
49 71 42
49 72 47
49 73 58
49 74 53
49 75 36
49 76 35
49 77 44
49 78 48
49 79 44
49 80 50
49 81 43
49 82 51
49 83 52
49 84 42
49 85 52
49 86 39
49 87 43
49 88 48
49 89 47
49 90 38
49 91 52
49 92 45
49 93 41
49 94 48
49 95 44
50 1 39
50 2 37
50 3 44
50 4 49
50 5 53
50 6 48
50 7 41
50 8 58
50 9 52
50 10 60
50 11 58
50 12 52
50 13 39
50 14 55
50 15 39
50 16 49
50 17 59
50 18 56
50 19 59
50 20 44
50 21 45
50 22 60
50 23 39
50 24 59
50 25 44
50 26 53
50 27 55
50 28 50
50 29 53
50 30 44
50 31 50
50 32 47
50 33 51
50 34 39
50 35 36
50 36 60
50 37 43
50 38 48
50 39 40
50 40 47
50 41 60
50 42 49
50 43 56
50 44 51
50 45 56
50 46 44
50 47 42
50 48 50
50 49 59
50 50 0
50 51 59
50 52 58
50 53 50
50 54 39
50 55 41
50 56 53
50 57 60
50 58 54
50 59 48
50 60 47
50 61 58
50 62 55
50 63 46
50 64 41
50 65 54
50 66 48
50 67 46
50 68 42
50 69 42
50 70 58
50 71 40
50 72 46
50 73 44
50 74 52
50 75 44
50 76 35
50 77 55
50 78 42
50 79 47
50 80 35
50 81 58
50 82 45
50 83 49
50 84 36
50 85 37
50 86 51
50 87 60
50 88 42
50 89 46
50 90 55
50 91 55
50 92 43
50 93 44
50 94 37
50 95 43
51 1 45
51 2 49
51 3 41
51 4 35
51 5 56
51 6 44
51 7 35
51 8 39
51 9 40
51 10 35
51 11 49
51 12 52
51 13 43
51 14 57
51 15 42
51 16 48
51 17 55
51 18 55
51 19 44
51 20 45
51 21 42
51 22 38
51 23 49
51 24 38
51 25 49
51 26 45
51 27 44
51 28 49
51 29 37
51 30 50
51 31 50
51 32 59
51 33 48
51 34 39
51 35 47
51 36 57
51 37 45
51 38 48
51 39 49
51 40 60
51 41 46
51 42 55
51 43 58
51 44 40
51 45 58
51 46 43
51 47 36
51 48 44
51 49 43
51 50 40
51 51 0
51 52 40
51 53 41
51 54 39
51 55 51
51 56 40
51 57 49
51 58 60
51 59 48
51 60 59
51 61 53
51 62 35
51 63 52
51 64 40
51 65 60
51 66 57
51 67 39
51 68 54
51 69 57
51 70 43
51 71 58
51 72 43
51 73 49
51 74 57
51 75 44
51 76 46
51 77 54
51 78 40
51 79 53
51 80 53
51 81 51
51 82 56
51 83 38
51 84 56
51 85 51
51 86 40
51 87 39
51 88 36
51 89 40
51 90 48
51 91 43
51 92 40
51 93 52
51 94 51
51 95 58
52 1 36
52 2 49
52 3 36
52 4 55
52 5 51
52 6 38
52 7 37
52 8 45
52 9 45
52 10 59
52 11 44
52 12 55
52 13 38
52 14 45
52 15 49
52 16 46
52 17 42
52 18 38
52 19 48
52 20 53
52 21 41
52 22 47
52 23 55
52 24 53
52 25 58
52 26 60
52 27 39
52 28 46
52 29 38
52 30 42
52 31 56
52 32 60
52 33 40
52 34 57
52 35 56
52 36 44
52 37 49
52 38 53
52 39 59
52 40 38
52 41 40
52 42 38
52 43 38
52 44 56
52 45 39
52 46 38
52 47 50
52 48 59
52 49 52
52 50 43
52 51 52
52 52 0
52 53 59
52 54 39
52 55 55
52 56 56
52 57 57
52 58 37
52 59 49
52 60 48
52 61 41
52 62 39
52 63 60
52 64 51
52 65 38
52 66 38
52 67 57
52 68 49
52 69 43
52 70 59
52 71 53
52 72 35
52 73 59
52 74 57
52 75 39
52 76 53
52 77 56
52 78 46
52 79 42
52 80 40
52 81 49
52 82 48
52 83 39
52 84 38
52 85 41
52 86 60
52 87 49
52 88 53
52 89 58
52 90 56
52 91 51
52 92 53
52 93 48
52 94 49
52 95 39
53 1 50
53 2 37
53 3 41
53 4 36
53 5 46
53 6 36
53 7 49
53 8 46
53 9 37
53 10 57
53 11 52
53 12 48
53 13 35
53 14 53
53 15 42
53 16 35
53 17 57
53 18 42
53 19 46
53 20 52
53 21 60
53 22 47
53 23 60
53 24 43
53 25 37
53 26 39
53 27 53
53 28 41
53 29 50
53 30 51
53 31 35
53 32 37
53 33 39
53 34 56
53 35 41
53 36 50
53 37 38
53 38 45
53 39 58
53 40 60
53 41 47
53 42 45
53 43 49
53 44 58
53 45 44
53 46 47
53 47 57
53 48 37
53 49 35
53 50 48
53 51 49
53 52 48
53 53 0
53 54 59
53 55 38
53 56 47
53 57 44
53 58 46
53 59 45
53 60 53
53 61 52
53 62 36
53 63 43
53 64 43
53 65 48
53 66 44
53 67 41
53 68 40
53 69 38
53 70 57
53 71 57
53 72 43
53 73 45
53 74 50
53 75 42
53 76 39
53 77 44
53 78 41
53 79 52
53 80 50
53 81 55
53 82 35
53 83 54
53 84 60
53 85 59
53 86 48
53 87 48
53 88 57
53 89 44
53 90 41
53 91 40
53 92 44
53 93 50
53 94 45
53 95 48
54 1 38
54 2 35
54 3 43
54 4 54
54 5 40
54 6 37
54 7 49
54 8 55
54 9 49
54 10 37
54 11 55
54 12 55
54 13 44
54 14 42
54 15 35
54 16 59
54 17 54
54 18 40
54 19 52
54 20 56
54 21 47
54 22 55
54 23 42
54 24 45
54 25 51
54 26 53
54 27 59
54 28 37
54 29 52
54 30 54
54 31 60
54 32 42
54 33 39
54 34 37
54 35 47
54 36 59
54 37 42
54 38 45
54 39 39
54 40 35
54 41 42
54 42 38
54 43 46
54 44 48
54 45 48
54 46 39
54 47 55
54 48 60
54 49 37
54 50 48
54 51 44
54 52 47
54 53 56
54 54 0
54 55 49
54 56 40
54 57 40
54 58 45
54 59 47
54 60 48
54 61 57
54 62 50
54 63 54
54 64 46
54 65 47
54 66 56
54 67 36
54 68 46
54 69 55
54 70 59
54 71 50
54 72 50
54 73 53
54 74 47
54 75 59
54 76 57
54 77 36
54 78 49
54 79 47
54 80 57
54 81 37
54 82 56
54 83 55
54 84 53
54 85 45
54 86 56
54 87 44
54 88 47
54 89 49
54 90 50
54 91 58
54 92 54
54 93 59
54 94 49
54 95 38
55 1 36
55 2 53
55 3 42
55 4 39
55 5 57
55 6 40
55 7 58
55 8 60
55 9 54
55 10 59
55 11 50
55 12 38
55 13 58
55 14 51
55 15 41
55 16 51
55 17 44
55 18 51
55 19 51
55 20 42
55 21 40
55 22 51
55 23 56
55 24 54
55 25 56
55 26 42
55 27 46
55 28 59
55 29 46
55 30 43
55 31 52
55 32 40
55 33 49
55 34 37
55 35 37
55 36 49
55 37 41
55 38 46
55 39 53
55 40 39
55 41 35
55 42 43
55 43 39
55 44 39
55 45 56
55 46 41
55 47 48
55 48 44
55 49 46
55 50 48
55 51 40
55 52 55
55 53 43
55 54 44
55 55 0
55 56 35
55 57 58
55 58 59
55 59 46
55 60 57
55 61 51
55 62 51
55 63 43
55 64 60
55 65 45
55 66 37
55 67 39
55 68 45
55 69 53
55 70 54
55 71 51
55 72 46
55 73 41
55 74 54
55 75 36
55 76 43
55 77 49
55 78 56
55 79 53
55 80 55
55 81 55
55 82 53
55 83 41
55 84 47
55 85 55
55 86 50
55 87 58
55 88 37
55 89 46
55 90 38
55 91 53
55 92 57
55 93 42
55 94 42
55 95 40
56 1 36
56 2 36
56 3 38
56 4 54
56 5 44
56 6 45
56 7 35
56 8 52
56 9 35
56 10 36
56 11 40
56 12 47
56 13 37
56 14 41
56 15 39
56 16 36
56 17 36
56 18 53
56 19 37
56 20 58
56 21 53
56 22 41
56 23 42
56 24 56
56 25 44
56 26 56
56 27 57
56 28 42
56 29 35
56 30 43
56 31 37
56 32 49
56 33 50
56 34 56
56 35 44
56 36 60
56 37 60
56 38 47
56 39 50
56 40 37
56 41 42
56 42 47
56 43 37
56 44 45
56 45 44
56 46 39
56 47 57
56 48 41
56 49 48
56 50 56
56 51 53
56 52 48
56 53 41
56 54 58
56 55 54
56 56 0
56 57 51
56 58 43
56 59 47
56 60 58
56 61 48
56 62 52
56 63 35
56 64 48
56 65 37
56 66 35
56 67 38
56 68 51
56 69 54
56 70 47
56 71 56
56 72 50
56 73 50
56 74 39
56 75 42
56 76 40
56 77 49
56 78 53
56 79 48
56 80 40
56 81 39
56 82 35
56 83 41
56 84 49
56 85 35
56 86 55
56 87 35
56 88 56
56 89 36
56 90 46
56 91 43
56 92 56
56 93 48
56 94 46
56 95 39
57 1 41
57 2 42
57 3 45
57 4 53
57 5 41
57 6 43
57 7 57
57 8 44
57 9 46
57 10 53
57 11 56
57 12 48
57 13 51
57 14 41
57 15 52
57 16 36
57 17 54
57 18 46
57 19 53
57 20 47
57 21 57
57 22 58
57 23 41
57 24 52
57 25 46
57 26 42
57 27 42
57 28 54
57 29 52
57 30 42
57 31 49
57 32 39
57 33 52
57 34 51
57 35 54
57 36 43
57 37 56
57 38 43
57 39 58
57 40 40
57 41 56
57 42 42
57 43 56
57 44 54
57 45 47
57 46 58
57 47 43
57 48 52
57 49 44
57 50 59
57 51 55
57 52 49
57 53 60
57 54 49
57 55 40
57 56 41
57 57 0
57 58 56
57 59 54
57 60 42
57 61 36
57 62 46
57 63 54
57 64 40
57 65 53
57 66 46
57 67 37
57 68 36
57 69 45
57 70 47
57 71 41
57 72 43
57 73 59
57 74 36
57 75 51
57 76 53
57 77 37
57 78 47
57 79 36
57 80 59
57 81 39
57 82 59
57 83 39
57 84 51
57 85 37
57 86 54
57 87 55
57 88 44
57 89 43
57 90 54
57 91 51
57 92 35
57 93 40
57 94 47
57 95 59
58 1 35
58 2 38
58 3 55
58 4 57
58 5 40
58 6 57
58 7 53
58 8 60
58 9 42
58 10 54
58 11 59
58 12 50
58 13 44
58 14 47
58 15 35
58 16 41
58 17 53
58 18 59
58 19 37
58 20 40
58 21 54
58 22 42
58 23 43
58 24 54
58 25 57
58 26 55
58 27 45
58 28 43
58 29 59
58 30 47
58 31 38
58 32 39
58 33 48
58 34 42
58 35 56
58 36 41
58 37 42
58 38 53
58 39 37
58 40 40
58 41 46
58 42 45
58 43 39
58 44 48
58 45 48
58 46 35
58 47 41
58 48 42
58 49 37
58 50 48
58 51 57
58 52 36
58 53 50
58 54 57
58 55 46
58 56 44
58 57 57
58 58 0
58 59 36
58 60 53
58 61 45
58 62 43
58 63 49
58 64 52
58 65 55
58 66 38
58 67 40
58 68 39
58 69 36
58 70 52
58 71 40
58 72 46
58 73 35
58 74 35
58 75 52
58 76 50
58 77 48
58 78 41
58 79 51
58 80 51
58 81 50
58 82 54
58 83 53
58 84 40
58 85 52
58 86 35
58 87 57
58 88 38
58 89 51
58 90 60
58 91 56
58 92 36
58 93 39
58 94 52
58 95 47
59 1 60
59 2 54
59 3 50
59 4 47
59 5 51
59 6 57
59 7 36
59 8 42
59 9 41
59 10 51
59 11 54
59 12 43
59 13 48
59 14 52
59 15 53
59 16 52
59 17 42
59 18 60
59 19 47
59 20 45
59 21 41
59 22 35
59 23 37
59 24 58
59 25 50
59 26 35
59 27 38
59 28 35
59 29 41
59 30 57
59 31 35
59 32 59
59 33 48
59 34 57
59 35 40
59 36 52
59 37 54
59 38 53
59 39 40
59 40 46
59 41 37
59 42 59
59 43 54
59 44 59
59 45 48
59 46 54
59 47 44
59 48 58
59 49 60
59 50 46
59 51 49
59 52 52
59 53 58
59 54 36
59 55 42
59 56 49
59 57 45
59 58 38
59 59 0
59 60 38
59 61 51
59 62 46
59 63 50
59 64 49
59 65 58
59 66 51
59 67 45
59 68 44
59 69 49
59 70 54
59 71 50
59 72 47
59 73 39
59 74 44
59 75 49
59 76 52
59 77 56
59 78 54
59 79 38
59 80 51
59 81 51
59 82 50
59 83 46
59 84 35
59 85 60
59 86 46
59 87 40
59 88 56
59 89 41
59 90 47
59 91 45
59 92 41
59 93 56
59 94 45
59 95 53
60 1 36
60 2 35
60 3 46
60 4 47
60 5 44
60 6 37
60 7 51
60 8 38
60 9 42
60 10 57
60 11 36
60 12 45
60 13 48
60 14 53
60 15 46
60 16 49
60 17 44
60 18 59
60 19 58
60 20 42
60 21 60
60 22 40
60 23 40
60 24 60
60 25 52
60 26 49
60 27 60
60 28 56
60 29 44
60 30 57
60 31 42
60 32 52
60 33 41
60 34 58
60 35 42
60 36 38
60 37 56
60 38 58
60 39 49
60 40 51
60 41 39
60 42 59
60 43 50
60 44 54
60 45 41
60 46 48
60 47 49
60 48 37
60 49 50
60 50 58
60 51 38
60 52 46
60 53 39
60 54 35
60 55 37
60 56 36
60 57 59
60 58 52
60 59 46
60 60 0
60 61 47
60 62 38
60 63 46
60 64 43
60 65 59
60 66 38
60 67 55
60 68 39
60 69 50
60 70 41
60 71 38
60 72 56
60 73 53
60 74 57
60 75 44
60 76 58
60 77 46
60 78 39
60 79 36
60 80 53
60 81 38
60 82 37
60 83 54
60 84 38
60 85 52
60 86 55
60 87 42
60 88 39
60 89 50
60 90 40
60 91 35
60 92 57
60 93 46
60 94 46
60 95 60
61 1 42
61 2 52
61 3 50
61 4 46
61 5 57
61 6 55
61 7 59
61 8 43
61 9 36
61 10 42
61 11 37
61 12 59
61 13 43
61 14 57
61 15 50
61 16 55
61 17 46
61 18 58
61 19 41
61 20 55
61 21 46
61 22 35
61 23 37
61 24 45
61 25 49
61 26 37
61 27 44
61 28 44
61 29 35
61 30 50
61 31 54
61 32 55
61 33 45
61 34 59
61 35 53
61 36 49
61 37 41
61 38 60
61 39 60
61 40 55
61 41 46
61 42 38
61 43 40
61 44 49
61 45 40
61 46 54
61 47 43
61 48 40
61 49 45
61 50 43
61 51 55
61 52 42
61 53 37
61 54 35
61 55 41
61 56 49
61 57 52
61 58 39
61 59 55
61 60 55
61 61 0
61 62 43
61 63 39
61 64 56
61 65 44
61 66 49
61 67 49
61 68 39
61 69 49
61 70 39
61 71 59
61 72 53
61 73 59
61 74 47
61 75 42
61 76 56
61 77 35
61 78 43
61 79 36
61 80 37
61 81 56
61 82 52
61 83 39
61 84 39
61 85 55
61 86 40
61 87 47
61 88 60
61 89 49
61 90 35
61 91 59
61 92 58
61 93 35
61 94 60
61 95 43
62 1 59
62 2 37
62 3 38
62 4 59
62 5 55
62 6 43
62 7 39
62 8 40
62 9 59
62 10 40
62 11 52
62 12 35
62 13 40
62 14 37
62 15 40
62 16 58
62 17 44
62 18 50
62 19 57
62 20 49
62 21 54
62 22 45
62 23 50
62 24 44
62 25 51
62 26 55
62 27 44
62 28 51
62 29 55
62 30 54
62 31 55
62 32 44
62 33 36
62 34 43
62 35 52
62 36 39
62 37 35
62 38 51
62 39 58
62 40 43
62 41 41
62 42 50
62 43 57
62 44 40
62 45 35
62 46 56
62 47 51
62 48 60
62 49 37
62 50 35
62 51 55
62 52 46
62 53 58
62 54 50
62 55 47
62 56 47
62 57 41
62 58 50
62 59 49
62 60 37
62 61 59
62 62 0
62 63 42
62 64 54
62 65 52
62 66 43
62 67 56
62 68 49
62 69 37
62 70 57
62 71 41
62 72 50
62 73 59
62 74 41
62 75 46
62 76 42
62 77 49
62 78 58
62 79 47
62 80 48
62 81 49
62 82 53
62 83 35
62 84 44
62 85 39
62 86 60
62 87 50
62 88 58
62 89 47
62 90 36
62 91 59
62 92 57
62 93 54
62 94 60
62 95 41
63 1 46
63 2 35
63 3 43
63 4 47
63 5 51
63 6 35
63 7 50
63 8 50
63 9 41
63 10 49
63 11 60
63 12 40
63 13 56
63 14 39
63 15 56
63 16 54
63 17 55
63 18 44
63 19 40
63 20 60
63 21 41
63 22 53
63 23 37
63 24 46
63 25 56
63 26 44
63 27 47
63 28 48
63 29 42
63 30 35
63 31 50
63 32 54
63 33 44
63 34 39
63 35 60
63 36 40
63 37 41
63 38 58
63 39 46
63 40 41
63 41 38
63 42 39
63 43 42
63 44 58
63 45 53
63 46 55
63 47 47
63 48 44
63 49 55
63 50 49
63 51 36
63 52 36
63 53 58
63 54 56
63 55 49
63 56 43
63 57 49
63 58 53
63 59 39
63 60 39
63 61 59
63 62 59
63 63 0
63 64 52
63 65 37
63 66 42
63 67 55
63 68 35
63 69 56
63 70 47
63 71 44
63 72 42
63 73 40
63 74 60
63 75 57
63 76 57
63 77 46
63 78 37
63 79 43
63 80 41
63 81 47
63 82 40
63 83 45
63 84 37
63 85 44
63 86 57
63 87 55
63 88 47
63 89 42
63 90 49
63 91 57
63 92 50
63 93 46
63 94 45
63 95 52
64 1 52
64 2 49
64 3 41
64 4 48
64 5 58
64 6 55
64 7 56
64 8 43
64 9 60
64 10 36
64 11 48
64 12 49
64 13 38
64 14 42
64 15 45
64 16 47
64 17 45
64 18 46
64 19 59
64 20 41
64 21 35
64 22 44
64 23 47
64 24 37
64 25 52
64 26 41
64 27 51
64 28 40
64 29 57
64 30 45
64 31 52
64 32 46
64 33 47
64 34 43
64 35 51
64 36 56
64 37 59
64 38 60
64 39 56
64 40 58
64 41 57
64 42 39
64 43 57
64 44 43
64 45 48
64 46 42
64 47 47
64 48 47
64 49 43
64 50 38
64 51 46
64 52 48
64 53 56
64 54 51
64 55 54
64 56 56
64 57 60
64 58 50
64 59 36
64 60 41
64 61 37
64 62 48
64 63 58
64 64 0
64 65 45
64 66 43
64 67 48
64 68 40
64 69 36
64 70 52
64 71 44
64 72 49
64 73 52
64 74 56
64 75 42
64 76 41
64 77 56
64 78 52
64 79 58
64 80 51
64 81 39
64 82 38
64 83 57
64 84 56
64 85 58
64 86 54
64 87 53
64 88 55
64 89 37
64 90 47
64 91 48
64 92 52
64 93 35
64 94 57
64 95 35
65 1 47
65 2 58
65 3 40
65 4 37
65 5 48
65 6 40
65 7 40
65 8 44
65 9 58
65 10 49
65 11 52
65 12 42
65 13 36
65 14 50
65 15 51
65 16 37
65 17 53
65 18 42
65 19 48
65 20 47
65 21 59
65 22 54
65 23 59
65 24 60
65 25 57
65 26 57
65 27 49
65 28 53
65 29 36
65 30 47
65 31 52
65 32 44
65 33 53
65 34 52
65 35 45
65 36 35
65 37 58
65 38 42
65 39 59
65 40 56
65 41 36
65 42 54
65 43 57
65 44 60
65 45 39
65 46 51
65 47 44
65 48 58
65 49 47
65 50 47
65 51 40
65 52 35
65 53 40
65 54 36
65 55 40
65 56 55
65 57 39
65 58 51
65 59 43
65 60 50
65 61 35
65 62 55
65 63 44
65 64 38
65 65 0
65 66 57
65 67 41
65 68 42
65 69 36
65 70 45
65 71 56
65 72 56
65 73 55
65 74 38
65 75 57
65 76 49
65 77 57
65 78 35
65 79 48
65 80 52
65 81 47
65 82 42
65 83 39
65 84 53
65 85 40
65 86 53
65 87 46
65 88 36
65 89 53
65 90 59
65 91 54
65 92 45
65 93 55
65 94 42
65 95 52
66 1 41
66 2 49
66 3 58
66 4 50
66 5 43
66 6 55
66 7 60
66 8 48
66 9 40
66 10 44
66 11 35
66 12 44
66 13 41
66 14 44
66 15 48
66 16 50
66 17 60
66 18 41
66 19 41
66 20 56
66 21 43
66 22 54
66 23 54
66 24 42
66 25 53
66 26 37
66 27 40
66 28 35
66 29 39
66 30 60
66 31 57
66 32 50
66 33 44
66 34 55
66 35 46
66 36 46
66 37 49
66 38 39
66 39 38
66 40 38
66 41 50
66 42 57
66 43 50
66 44 51
66 45 44
66 46 56
66 47 44
66 48 47
66 49 42
66 50 51
66 51 38
66 52 35
66 53 54
66 54 48
66 55 60
66 56 47
66 57 52
66 58 42
66 59 49
66 60 36
66 61 38
66 62 50
66 63 46
66 64 51
66 65 51
66 66 0
66 67 53
66 68 39
66 69 39
66 70 52
66 71 39
66 72 46
66 73 45
66 74 49
66 75 54
66 76 47
66 77 43
66 78 44
66 79 47
66 80 51
66 81 46
66 82 57
66 83 51
66 84 44
66 85 48
66 86 48
66 87 50
66 88 40
66 89 41
66 90 50
66 91 50
66 92 42
66 93 57
66 94 48
66 95 38
67 1 50
67 2 41
67 3 49
67 4 37
67 5 55
67 6 40
67 7 60
67 8 58
67 9 59
67 10 35
67 11 58
67 12 40
67 13 47
67 14 35
67 15 49
67 16 41
67 17 37
67 18 38
67 19 37
67 20 51
67 21 36
67 22 42
67 23 47
67 24 38
67 25 46
67 26 59
67 27 45
67 28 35
67 29 50
67 30 36
67 31 52
67 32 51
67 33 42
67 34 58
67 35 56
67 36 49
67 37 49
67 38 54
67 39 35
67 40 49
67 41 35
67 42 57
67 43 39
67 44 53
67 45 44
67 46 35
67 47 55
67 48 43
67 49 41
67 50 56
67 51 50
67 52 43
67 53 35
67 54 51
67 55 40
67 56 37
67 57 53
67 58 40
67 59 42
67 60 52
67 61 40
67 62 37
67 63 46
67 64 48
67 65 36
67 66 57
67 67 0
67 68 55
67 69 49
67 70 47
67 71 49
67 72 38
67 73 47
67 74 51
67 75 58
67 76 48
67 77 46
67 78 51
67 79 59
67 80 49
67 81 53
67 82 49
67 83 60
67 84 48
67 85 50
67 86 39
67 87 57
67 88 46
67 89 54
67 90 38
67 91 56
67 92 41
67 93 46
67 94 57
67 95 56
68 1 52
68 2 60
68 3 38
68 4 46
68 5 48
68 6 46
68 7 54
68 8 53
68 9 53
68 10 48
68 11 53
68 12 52
68 13 48
68 14 35
68 15 39
68 16 44
68 17 42
68 18 37
68 19 52
68 20 39
68 21 35
68 22 56
68 23 37
68 24 47
68 25 54
68 26 54
68 27 55
68 28 48
68 29 53
68 30 35
68 31 53
68 32 58
68 33 41
68 34 59
68 35 42
68 36 44
68 37 57
68 38 51
68 39 50
68 40 47
68 41 47
68 42 48
68 43 45
68 44 59
68 45 36
68 46 46
68 47 38
68 48 46
68 49 48
68 50 41
68 51 51
68 52 53
68 53 38
68 54 43
68 55 40
68 56 48
68 57 53
68 58 52
68 59 52
68 60 36
68 61 45
68 62 38
68 63 46
68 64 42
68 65 39
68 66 38
68 67 47
68 68 0
68 69 43
68 70 41
68 71 48
68 72 46
68 73 35
68 74 43
68 75 41
68 76 59
68 77 37
68 78 43
68 79 45
68 80 35
68 81 55
68 82 49
68 83 51
68 84 42
68 85 40
68 86 38
68 87 53
68 88 59
68 89 58
68 90 56
68 91 43
68 92 41
68 93 55
68 94 37
68 95 56
69 1 58
69 2 51
69 3 35
69 4 60
69 5 37
69 6 40
69 7 37
69 8 35
69 9 59
69 10 43
69 11 35
69 12 48
69 13 53
69 14 42
69 15 58
69 16 60
69 17 44
69 18 53
69 19 44
69 20 39
69 21 36
69 22 50
69 23 39
69 24 44
69 25 39
69 26 41
69 27 59
69 28 47
69 29 49
69 30 36
69 31 40
69 32 51
69 33 45
69 34 38
69 35 39
69 36 47
69 37 46
69 38 41
69 39 52
69 40 51
69 41 54
69 42 58
69 43 37
69 44 52
69 45 56
69 46 60
69 47 49
69 48 56
69 49 45
69 50 55
69 51 52
69 52 51
69 53 37
69 54 40
69 55 39
69 56 37
69 57 57
69 58 37
69 59 43
69 60 56
69 61 52
69 62 53
69 63 42
69 64 54
69 65 45
69 66 44
69 67 38
69 68 58
69 69 0
69 70 43
69 71 57
69 72 47
69 73 48
69 74 56
69 75 46
69 76 56
69 77 37
69 78 39
69 79 49
69 80 56
69 81 56
69 82 50
69 83 46
69 84 57
69 85 38
69 86 36
69 87 36
69 88 45
69 89 59
69 90 36
69 91 50
69 92 56
69 93 46
69 94 36
69 95 48
70 1 39
70 2 44
70 3 59
70 4 58
70 5 56
70 6 37
70 7 39
70 8 38
70 9 52
70 10 51
70 11 45
70 12 56
70 13 48
70 14 35
70 15 44
70 16 59
70 17 37
70 18 41
70 19 40
70 20 39
70 21 55
70 22 58
70 23 41
70 24 44
70 25 48
70 26 46
70 27 51
70 28 43
70 29 45
70 30 59
70 31 52
70 32 35
70 33 47
70 34 38
70 35 35
70 36 58
70 37 50
70 38 60
70 39 50
70 40 37
70 41 53
70 42 56
70 43 59
70 44 54
70 45 41
70 46 55
70 47 50
70 48 46
70 49 40
70 50 36
70 51 41
70 52 58
70 53 45
70 54 58
70 55 46
70 56 54
70 57 46
70 58 45
70 59 40
70 60 56
70 61 59
70 62 58
70 63 44
70 64 35
70 65 54
70 66 59
70 67 56
70 68 38
70 69 55
70 70 0
70 71 35
70 72 43
70 73 55
70 74 45
70 75 56
70 76 37
70 77 36
70 78 47
70 79 37
70 80 36
70 81 36
70 82 44
70 83 44
70 84 51
70 85 56
70 86 36
70 87 40
70 88 38
70 89 58
70 90 45
70 91 37
70 92 55
70 93 35
70 94 46
70 95 58
71 1 36
71 2 50
71 3 56
71 4 46
71 5 43
71 6 55
71 7 55
71 8 58
71 9 47
71 10 41
71 11 44
71 12 55
71 13 42
71 14 39
71 15 42
71 16 51
71 17 37
71 18 52
71 19 44
71 20 45
71 21 43
71 22 55
71 23 37
71 24 58
71 25 48
71 26 47
71 27 55
71 28 55
71 29 49
71 30 50
71 31 43
71 32 56
71 33 50
71 34 48
71 35 37
71 36 42
71 37 36
71 38 50
71 39 44
71 40 46
71 41 52
71 42 55
71 43 58
71 44 51
71 45 49
71 46 55
71 47 53
71 48 44
71 49 49
71 50 39
71 51 54
71 52 48
71 53 38
71 54 53
71 55 40
71 56 60
71 57 51
71 58 39
71 59 59
71 60 53
71 61 60
71 62 38
71 63 48
71 64 46
71 65 52
71 66 36
71 67 60
71 68 39
71 69 52
71 70 41
71 71 0
71 72 45
71 73 37
71 74 52
71 75 53
71 76 36
71 77 58
71 78 45
71 79 44
71 80 57
71 81 54
71 82 37
71 83 40
71 84 56
71 85 57
71 86 46
71 87 46
71 88 52
71 89 46
71 90 56
71 91 49
71 92 47
71 93 49
71 94 40
71 95 54
72 1 52
72 2 49
72 3 47
72 4 37
72 5 40
72 6 41
72 7 58
72 8 45
72 9 60
72 10 37
72 11 44
72 12 54
72 13 48
72 14 40
72 15 60
72 16 41
72 17 47
72 18 48
72 19 51
72 20 52
72 21 35
72 22 59
72 23 54
72 24 53
72 25 51
72 26 48
72 27 41
72 28 35
72 29 36
72 30 38
72 31 52
72 32 54
72 33 52
72 34 36
72 35 35
72 36 53
72 37 37
72 38 46
72 39 51
72 40 51
72 41 52
72 42 51
72 43 42
72 44 55
72 45 53
72 46 44
72 47 38
72 48 57
72 49 47
72 50 55
72 51 55
72 52 46
72 53 37
72 54 60
72 55 54
72 56 50
72 57 53
72 58 38
72 59 51
72 60 43
72 61 45
72 62 44
72 63 39
72 64 55
72 65 47
72 66 48
72 67 57
72 68 53
72 69 47
72 70 35
72 71 57
72 72 0
72 73 58
72 74 55
72 75 36
72 76 43
72 77 59
72 78 42
72 79 36
72 80 50
72 81 42
72 82 36
72 83 60
72 84 41
72 85 44
72 86 42
72 87 37
72 88 54
72 89 47
72 90 57
72 91 45
72 92 42
72 93 51
72 94 52
72 95 42
73 1 58
73 2 53
73 3 50
73 4 58
73 5 37
73 6 59
73 7 45
73 8 54
73 9 43
73 10 47
73 11 46
73 12 37
73 13 57
73 14 54
73 15 56
73 16 42
73 17 36
73 18 40
73 19 40
73 20 50
73 21 51
73 22 50
73 23 41
73 24 56
73 25 57
73 26 40
73 27 48
73 28 39
73 29 40
73 30 59
73 31 57
73 32 43
73 33 42
73 34 48
73 35 40
73 36 59
73 37 50
73 38 46
73 39 46
73 40 44
73 41 41
73 42 48
73 43 51
73 44 40
73 45 56
73 46 38
73 47 44
73 48 44
73 49 57
73 50 42
73 51 50
73 52 46
73 53 58
73 54 52
73 55 39
73 56 44
73 57 35
73 58 55
73 59 46
73 60 37
73 61 48
73 62 45
73 63 40
73 64 55
73 65 42
73 66 57
73 67 45
73 68 43
73 69 55
73 70 56
73 71 36
73 72 55
73 73 0
73 74 54
73 75 59
73 76 53
73 77 60
73 78 48
73 79 52
73 80 38
73 81 38
73 82 47
73 83 54
73 84 45
73 85 50
73 86 40
73 87 37
73 88 60
73 89 45
73 90 35
73 91 43
73 92 36
73 93 58
73 94 50
73 95 49
74 1 46
74 2 55
74 3 35
74 4 45
74 5 51
74 6 51
74 7 41
74 8 60
74 9 45
74 10 40
74 11 56
74 12 38
74 13 60
74 14 57
74 15 47
74 16 54
74 17 36
74 18 56
74 19 46
74 20 52
74 21 40
74 22 59
74 23 46
74 24 48
74 25 55
74 26 53
74 27 43
74 28 56
74 29 43
74 30 48
74 31 37
74 32 43
74 33 48
74 34 51
74 35 57
74 36 51
74 37 48
74 38 44
74 39 45
74 40 60
74 41 39
74 42 55
74 43 53
74 44 54
74 45 58
74 46 38
74 47 39
74 48 52
74 49 39
74 50 55
74 51 57
74 52 40
74 53 42
74 54 41
74 55 52
74 56 52
74 57 50
74 58 45
74 59 35
74 60 49
74 61 55
74 62 55
74 63 53
74 64 46
74 65 42
74 66 42
74 67 60
74 68 45
74 69 49
74 70 50
74 71 37
74 72 55
74 73 44
74 74 0
74 75 51
74 76 38
74 77 47
74 78 41
74 79 35
74 80 57
74 81 46
74 82 44
74 83 53
74 84 55
74 85 44
74 86 49
74 87 50
74 88 58
74 89 51
74 90 58
74 91 38
74 92 58
74 93 38
74 94 60
74 95 45
75 1 57
75 2 36
75 3 43
75 4 58
75 5 35
75 6 53
75 7 37
75 8 59
75 9 53
75 10 46
75 11 37
75 12 60
75 13 47
75 14 38
75 15 55
75 16 55
75 17 41
75 18 39
75 19 35
75 20 40
75 21 58
75 22 39
75 23 49
75 24 42
75 25 36
75 26 50
75 27 48
75 28 44
75 29 42
75 30 56
75 31 58
75 32 49
75 33 47
75 34 36
75 35 55
75 36 60
75 37 44
75 38 38
75 39 52
75 40 56
75 41 41
75 42 46
75 43 55
75 44 52
75 45 57
75 46 53
75 47 54
75 48 44
75 49 48
75 50 41
75 51 49
75 52 49
75 53 43
75 54 46
75 55 59
75 56 40
75 57 49
75 58 52
75 59 55
75 60 45
75 61 40
75 62 37
75 63 53
75 64 40
75 65 59
75 66 43
75 67 57
75 68 44
75 69 47
75 70 60
75 71 49
75 72 47
75 73 44
75 74 49
75 75 0
75 76 59
75 77 36
75 78 60
75 79 39
75 80 50
75 81 58
75 82 58
75 83 55
75 84 42
75 85 51
75 86 42
75 87 53
75 88 47
75 89 48
75 90 42
75 91 50
75 92 51
75 93 35
75 94 49
75 95 55
76 1 57
76 2 42
76 3 51
76 4 42
76 5 49
76 6 43
76 7 58
76 8 37
76 9 47
76 10 45
76 11 41
76 12 57
76 13 53
76 14 44
76 15 52
76 16 53
76 17 51
76 18 53
76 19 57
76 20 60
76 21 37
76 22 49
76 23 50
76 24 37
76 25 40
76 26 38
76 27 51
76 28 52
76 29 60
76 30 41
76 31 35
76 32 35
76 33 47
76 34 46
76 35 51
76 36 50
76 37 46
76 38 36
76 39 52
76 40 35
76 41 37
76 42 41
76 43 37
76 44 51
76 45 49
76 46 59
76 47 40
76 48 47
76 49 48
76 50 58
76 51 43
76 52 42
76 53 36
76 54 45
76 55 60
76 56 46
76 57 41
76 58 58
76 59 37
76 60 55
76 61 37
76 62 51
76 63 35
76 64 42
76 65 55
76 66 43
76 67 54
76 68 58
76 69 53
76 70 56
76 71 56
76 72 58
76 73 42
76 74 39
76 75 39
76 76 0
76 77 38
76 78 51
76 79 60
76 80 42
76 81 52
76 82 52
76 83 57
76 84 42
76 85 59
76 86 41
76 87 49
76 88 38
76 89 56
76 90 55
76 91 39
76 92 52
76 93 48
76 94 43
76 95 57
77 1 52
77 2 59
77 3 57
77 4 43
77 5 40
77 6 42
77 7 38
77 8 47
77 9 50
77 10 42
77 11 48
77 12 40
77 13 51
77 14 58
77 15 39
77 16 48
77 17 43
77 18 52
77 19 40
77 20 47
77 21 57
77 22 57
77 23 52
77 24 58
77 25 58
77 26 60
77 27 59
77 28 60
77 29 58
77 30 39
77 31 49
77 32 49
77 33 44
77 34 51
77 35 46
77 36 46
77 37 58
77 38 39
77 39 46
77 40 49
77 41 57
77 42 60
77 43 42
77 44 59
77 45 51
77 46 49
77 47 50
77 48 46
77 49 51
77 50 52
77 51 36
77 52 37
77 53 47
77 54 59
77 55 53
77 56 40
77 57 43
77 58 51
77 59 53
77 60 60
77 61 36
77 62 57
77 63 58
77 64 36
77 65 38
77 66 45
77 67 47
77 68 35
77 69 43
77 70 45
77 71 59
77 72 39
77 73 41
77 74 35
77 75 44
77 76 50
77 77 0
77 78 39
77 79 42
77 80 40
77 81 35
77 82 58
77 83 49
77 84 36
77 85 54
77 86 58
77 87 52
77 88 44
77 89 49
77 90 57
77 91 56
77 92 37
77 93 57
77 94 39
77 95 60
78 1 55
78 2 52
78 3 39
78 4 59
78 5 53
78 6 46
78 7 41
78 8 50
78 9 42
78 10 39
78 11 37
78 12 38
78 13 44
78 14 42
78 15 38
78 16 45
78 17 58
78 18 50
78 19 48
78 20 57
78 21 52
78 22 48
78 23 53
78 24 43
78 25 57
78 26 46
78 27 54
78 28 54
78 29 42
78 30 38
78 31 40
78 32 52
78 33 36
78 34 36
78 35 37
78 36 50
78 37 40
78 38 37
78 39 57
78 40 42
78 41 57
78 42 44
78 43 48
78 44 44
78 45 55
78 46 48
78 47 53
78 48 57
78 49 43
78 50 46
78 51 57
78 52 56
78 53 42
78 54 44
78 55 60
78 56 52
78 57 37
78 58 47
78 59 44
78 60 55
78 61 43
78 62 55
78 63 41
78 64 52
78 65 46
78 66 55
78 67 40
78 68 41
78 69 52
78 70 35
78 71 51
78 72 35
78 73 58
78 74 43
78 75 57
78 76 37
78 77 57
78 78 0
78 79 55
78 80 57
78 81 50
78 82 44
78 83 49
78 84 60
78 85 59
78 86 35
78 87 41
78 88 49
78 89 56
78 90 35
78 91 49
78 92 49
78 93 49
78 94 39
78 95 49
79 1 43
79 2 52
79 3 60
79 4 42
79 5 56
79 6 52
79 7 46
79 8 55
79 9 55
79 10 49
79 11 57
79 12 46
79 13 47
79 14 42
79 15 35
79 16 42
79 17 35
79 18 60
79 19 54
79 20 58
79 21 60
79 22 60
79 23 45
79 24 39
79 25 56
79 26 60
79 27 35
79 28 51
79 29 36
79 30 56
79 31 53
79 32 53
79 33 38
79 34 60
79 35 46
79 36 41
79 37 37
79 38 38
79 39 38
79 40 57
79 41 47
79 42 60
79 43 49
79 44 46
79 45 46
79 46 46
79 47 45
79 48 55
79 49 36
79 50 49
79 51 42
79 52 55
79 53 46
79 54 46
79 55 41
79 56 35
79 57 41
79 58 36
79 59 38
79 60 38
79 61 58
79 62 59
79 63 52
79 64 43
79 65 43
79 66 36
79 67 56
79 68 46
79 69 44
79 70 40
79 71 39
79 72 50
79 73 46
79 74 55
79 75 44
79 76 58
79 77 59
79 78 58
79 79 0
79 80 55
79 81 59
79 82 57
79 83 59
79 84 40
79 85 36
79 86 51
79 87 60
79 88 45
79 89 59
79 90 40
79 91 46
79 92 58
79 93 50
79 94 39
79 95 48
80 1 37
80 2 40
80 3 47
80 4 35
80 5 39
80 6 60
80 7 52
80 8 57
80 9 35
80 10 43
80 11 49
80 12 51
80 13 46
80 14 60
80 15 55
80 16 42
80 17 47
80 18 53
80 19 37
80 20 48
80 21 59
80 22 58
80 23 46
80 24 46
80 25 60
80 26 45
80 27 53
80 28 53
80 29 60
80 30 50
80 31 39
80 32 55
80 33 59
80 34 43
80 35 56
80 36 59
80 37 47
80 38 36
80 39 49
80 40 50
80 41 55
80 42 52
80 43 60
80 44 43
80 45 40
80 46 60
80 47 52
80 48 52
80 49 45
80 50 57
80 51 55
80 52 50
80 53 40
80 54 49
80 55 47
80 56 55
80 57 40
80 58 48
80 59 48
80 60 56
80 61 57
80 62 44
80 63 56
80 64 40
80 65 58
80 66 35
80 67 53
80 68 60
80 69 55
80 70 51
80 71 56
80 72 57
80 73 38
80 74 59
80 75 48
80 76 36
80 77 55
80 78 54
80 79 50
80 80 0
80 81 54
80 82 48
80 83 35
80 84 53
80 85 43
80 86 37
80 87 56
80 88 48
80 89 49
80 90 36
80 91 38
80 92 58
80 93 48
80 94 48
80 95 45
81 1 59
81 2 53
81 3 37
81 4 58
81 5 54
81 6 55
81 7 40
81 8 47
81 9 48
81 10 39
81 11 53
81 12 36
81 13 41
81 14 38
81 15 36
81 16 43
81 17 40
81 18 48
81 19 47
81 20 60
81 21 38
81 22 58
81 23 57
81 24 58
81 25 58
81 26 47
81 27 43
81 28 60
81 29 39
81 30 50
81 31 56
81 32 60
81 33 35
81 34 57
81 35 48
81 36 47
81 37 37
81 38 39
81 39 38
81 40 47
81 41 46
81 42 45
81 43 57
81 44 54
81 45 54
81 46 54
81 47 41
81 48 52
81 49 47
81 50 43
81 51 36
81 52 56
81 53 36
81 54 58
81 55 37
81 56 38
81 57 37
81 58 59
81 59 56
81 60 54
81 61 42
81 62 56
81 63 59
81 64 58
81 65 57
81 66 40
81 67 43
81 68 49
81 69 43
81 70 49
81 71 59
81 72 58
81 73 40
81 74 36
81 75 54
81 76 58
81 77 50
81 78 43
81 79 39
81 80 39
81 81 0
81 82 57
81 83 36
81 84 42
81 85 39
81 86 48
81 87 48
81 88 53
81 89 47
81 90 58
81 91 50
81 92 40
81 93 47
81 94 36
81 95 46
82 1 38
82 2 45
82 3 50
82 4 55
82 5 55
82 6 58
82 7 50
82 8 42
82 9 48
82 10 44
82 11 55
82 12 39
82 13 44
82 14 37
82 15 42
82 16 49
82 17 50
82 18 46
82 19 57
82 20 56
82 21 48
82 22 60
82 23 47
82 24 54
82 25 60
82 26 35
82 27 59
82 28 36
82 29 35
82 30 42
82 31 51
82 32 55
82 33 44
82 34 55
82 35 37
82 36 41
82 37 36
82 38 49
82 39 46
82 40 42
82 41 37
82 42 46
82 43 39
82 44 52
82 45 41
82 46 50
82 47 54
82 48 40
82 49 55
82 50 59
82 51 59
82 52 59
82 53 49
82 54 41
82 55 45
82 56 42
82 57 42
82 58 54
82 59 60
82 60 56
82 61 60
82 62 58
82 63 50
82 64 42
82 65 35
82 66 59
82 67 49
82 68 55
82 69 56
82 70 53
82 71 35
82 72 51
82 73 53
82 74 47
82 75 35
82 76 46
82 77 38
82 78 40
82 79 52
82 80 53
82 81 37
82 82 0
82 83 37
82 84 40
82 85 52
82 86 42
82 87 37
82 88 50
82 89 43
82 90 53
82 91 46
82 92 41
82 93 50
82 94 37
82 95 49
83 1 51
83 2 35
83 3 60
83 4 50
83 5 53
83 6 58
83 7 50
83 8 52
83 9 43
83 10 41
83 11 57
83 12 57
83 13 58
83 14 54
83 15 54
83 16 40
83 17 41
83 18 44
83 19 45
83 20 48
83 21 60
83 22 44
83 23 37
83 24 54
83 25 49
83 26 49
83 27 43
83 28 40
83 29 58
83 30 54
83 31 48
83 32 50
83 33 43
83 34 40
83 35 50
83 36 43
83 37 44
83 38 51
83 39 53
83 40 39
83 41 58
83 42 60
83 43 47
83 44 35
83 45 37
83 46 51
83 47 58
83 48 48
83 49 52
83 50 37
83 51 44
83 52 37
83 53 54
83 54 56
83 55 38
83 56 56
83 57 51
83 58 43
83 59 49
83 60 50
83 61 40
83 62 55
83 63 38
83 64 42
83 65 43
83 66 58
83 67 55
83 68 44
83 69 54
83 70 60
83 71 37
83 72 50
83 73 39
83 74 44
83 75 56
83 76 46
83 77 54
83 78 36
83 79 46
83 80 52
83 81 51
83 82 45
83 83 0
83 84 46
83 85 46
83 86 40
83 87 36
83 88 44
83 89 60
83 90 37
83 91 46
83 92 40
83 93 51
83 94 39
83 95 57
84 1 35
84 2 37
84 3 57
84 4 46
84 5 53
84 6 59
84 7 40
84 8 40
84 9 43
84 10 36
84 11 53
84 12 55
84 13 49
84 14 48
84 15 56
84 16 48
84 17 39
84 18 60
84 19 42
84 20 45
84 21 46
84 22 59
84 23 43
84 24 44
84 25 38
84 26 56
84 27 47
84 28 47
84 29 47
84 30 56
84 31 41
84 32 43
84 33 36
84 34 39
84 35 43
84 36 42
84 37 45
84 38 45
84 39 55
84 40 40
84 41 40
84 42 53
84 43 44
84 44 51
84 45 54
84 46 45
84 47 59
84 48 39
84 49 56
84 50 54
84 51 37
84 52 37
84 53 53
84 54 46
84 55 39
84 56 55
84 57 59
84 58 44
84 59 53
84 60 58
84 61 38
84 62 51
84 63 36
84 64 36
84 65 35
84 66 35
84 67 51
84 68 49
84 69 57
84 70 41
84 71 59
84 72 47
84 73 47
84 74 55
84 75 49
84 76 35
84 77 46
84 78 51
84 79 52
84 80 57
84 81 37
84 82 48
84 83 40
84 84 0
84 85 49
84 86 54
84 87 46
84 88 49
84 89 44
84 90 53
84 91 60
84 92 37
84 93 60
84 94 54
84 95 48
85 1 40
85 2 57
85 3 39
85 4 48
85 5 35
85 6 43
85 7 35
85 8 36
85 9 59
85 10 40
85 11 39
85 12 42
85 13 37
85 14 39
85 15 46
85 16 58
85 17 50
85 18 40
85 19 53
85 20 49
85 21 43
85 22 56
85 23 58
85 24 53
85 25 54
85 26 36
85 27 51
85 28 58
85 29 54
85 30 39
85 31 53
85 32 48
85 33 39
85 34 54
85 35 50
85 36 37
85 37 40
85 38 37
85 39 40
85 40 43
85 41 46
85 42 53
85 43 40
85 44 43
85 45 42
85 46 49
85 47 48
85 48 37
85 49 52
85 50 38
85 51 50
85 52 58
85 53 36
85 54 39
85 55 47
85 56 37
85 57 38
85 58 56
85 59 37
85 60 48
85 61 52
85 62 35
85 63 54
85 64 59
85 65 46
85 66 45
85 67 52
85 68 54
85 69 47
85 70 52
85 71 39
85 72 44
85 73 52
85 74 56
85 75 60
85 76 52
85 77 56
85 78 50
85 79 44
85 80 42
85 81 45
85 82 39
85 83 37
85 84 45
85 85 0
85 86 35
85 87 40
85 88 39
85 89 41
85 90 52
85 91 38
85 92 51
85 93 57
85 94 48
85 95 52
86 1 48
86 2 53
86 3 50
86 4 55
86 5 56
86 6 56
86 7 46
86 8 52
86 9 52
86 10 59
86 11 39
86 12 38
86 13 45
86 14 52
86 15 36
86 16 44
86 17 57
86 18 46
86 19 57
86 20 57
86 21 35
86 22 38
86 23 41
86 24 42
86 25 41
86 26 50
86 27 35
86 28 43
86 29 35
86 30 41
86 31 56
86 32 36
86 33 37
86 34 58
86 35 47
86 36 57
86 37 54
86 38 55
86 39 44
86 40 35
86 41 45
86 42 38
86 43 38
86 44 58
86 45 58
86 46 57
86 47 58
86 48 59
86 49 56
86 50 45
86 51 48
86 52 44
86 53 38
86 54 59
86 55 36
86 56 39
86 57 42
86 58 50
86 59 41
86 60 38
86 61 35
86 62 58
86 63 58
86 64 38
86 65 45
86 66 51
86 67 36
86 68 41
86 69 59
86 70 53
86 71 57
86 72 49
86 73 56
86 74 58
86 75 55
86 76 42
86 77 56
86 78 60
86 79 60
86 80 46
86 81 42
86 82 39
86 83 56
86 84 37
86 85 41
86 86 0
86 87 58
86 88 35
86 89 42
86 90 54
86 91 50
86 92 43
86 93 60
86 94 42
86 95 38
87 1 54
87 2 35
87 3 45
87 4 58
87 5 41
87 6 40
87 7 39
87 8 44
87 9 59
87 10 52
87 11 59
87 12 39
87 13 60
87 14 56
87 15 51
87 16 58
87 17 35
87 18 47
87 19 37
87 20 55
87 21 47
87 22 55
87 23 51
87 24 35
87 25 58
87 26 44
87 27 41
87 28 36
87 29 45
87 30 56
87 31 49
87 32 48
87 33 44
87 34 59
87 35 36
87 36 46
87 37 39
87 38 47
87 39 43
87 40 38
87 41 42
87 42 51
87 43 40
87 44 51
87 45 54
87 46 39
87 47 40
87 48 52
87 49 50
87 50 46
87 51 43
87 52 57
87 53 58
87 54 43
87 55 39
87 56 35
87 57 46
87 58 45
87 59 50
87 60 48
87 61 57
87 62 57
87 63 51
87 64 54
87 65 49
87 66 53
87 67 43
87 68 48
87 69 51
87 70 38
87 71 52
87 72 53
87 73 54
87 74 60
87 75 55
87 76 52
87 77 37
87 78 44
87 79 55
87 80 36
87 81 60
87 82 46
87 83 35
87 84 41
87 85 56
87 86 54
87 87 0
87 88 45
87 89 46
87 90 50
87 91 55
87 92 52
87 93 57
87 94 42
87 95 41
88 1 45
88 2 42
88 3 37
88 4 47
88 5 48
88 6 53
88 7 57
88 8 56
88 9 48
88 10 43
88 11 37
88 12 58
88 13 52
88 14 60
88 15 48
88 16 60
88 17 55
88 18 47
88 19 56
88 20 37
88 21 55
88 22 46
88 23 46
88 24 35
88 25 44
88 26 41
88 27 39
88 28 48
88 29 50
88 30 49
88 31 36
88 32 52
88 33 46
88 34 36
88 35 48
88 36 37
88 37 40
88 38 50
88 39 50
88 40 42
88 41 35
88 42 36
88 43 55
88 44 41
88 45 60
88 46 39
88 47 57
88 48 41
88 49 43
88 50 44
88 51 41
88 52 60
88 53 43
88 54 39
88 55 44
88 56 59
88 57 50
88 58 58
88 59 48
88 60 38
88 61 40
88 62 43
88 63 52
88 64 41
88 65 56
88 66 45
88 67 52
88 68 59
88 69 55
88 70 38
88 71 58
88 72 43
88 73 37
88 74 44
88 75 37
88 76 36
88 77 49
88 78 53
88 79 43
88 80 40
88 81 52
88 82 48
88 83 49
88 84 35
88 85 47
88 86 58
88 87 60
88 88 0
88 89 36
88 90 50
88 91 48
88 92 47
88 93 58
88 94 56
88 95 52
89 1 49
89 2 42
89 3 50
89 4 37
89 5 54
89 6 57
89 7 57
89 8 38
89 9 56
89 10 39
89 11 57
89 12 36
89 13 58
89 14 58
89 15 44
89 16 59
89 17 56
89 18 59
89 19 55
89 20 46
89 21 39
89 22 59
89 23 47
89 24 35
89 25 60
89 26 43
89 27 53
89 28 42
89 29 44
89 30 57
89 31 60
89 32 36
89 33 52
89 34 55
89 35 39
89 36 53
89 37 35
89 38 44
89 39 55
89 40 39
89 41 50
89 42 44
89 43 36
89 44 54
89 45 52
89 46 35
89 47 58
89 48 58
89 49 51
89 50 56
89 51 39
89 52 37
89 53 52
89 54 54
89 55 51
89 56 57
89 57 36
89 58 54
89 59 38
89 60 49
89 61 42
89 62 59
89 63 47
89 64 37
89 65 44
89 66 36
89 67 56
89 68 59
89 69 59
89 70 38
89 71 45
89 72 51
89 73 60
89 74 47
89 75 49
89 76 58
89 77 60
89 78 59
89 79 39
89 80 42
89 81 59
89 82 42
89 83 55
89 84 45
89 85 57
89 86 35
89 87 37
89 88 55
89 89 0
89 90 49
89 91 54
89 92 60
89 93 43
89 94 50
89 95 35
90 1 47
90 2 54
90 3 52
90 4 45
90 5 37
90 6 45
90 7 46
90 8 55
90 9 51
90 10 46
90 11 37
90 12 52
90 13 53
90 14 41
90 15 41
90 16 42
90 17 51
90 18 49
90 19 45
90 20 45
90 21 43
90 22 57
90 23 51
90 24 44
90 25 35
90 26 43
90 27 57
90 28 59
90 29 56
90 30 52
90 31 36
90 32 57
90 33 42
90 34 41
90 35 44
90 36 35
90 37 42
90 38 50
90 39 50
90 40 39
90 41 41
90 42 52
90 43 48
90 44 40
90 45 35
90 46 36
90 47 43
90 48 35
90 49 36
90 50 49
90 51 52
90 52 50
90 53 42
90 54 39
90 55 56
90 56 60
90 57 36
90 58 37
90 59 48
90 60 40
90 61 45
90 62 43
90 63 55
90 64 43
90 65 50
90 66 47
90 67 46
90 68 49
90 69 60
90 70 36
90 71 55
90 72 54
90 73 38
90 74 42
90 75 46
90 76 40
90 77 60
90 78 44
90 79 58
90 80 42
90 81 60
90 82 60
90 83 42
90 84 60
90 85 55
90 86 46
90 87 51
90 88 50
90 89 55
90 90 0
90 91 35
90 92 47
90 93 60
90 94 55
90 95 52
91 1 60
91 2 41
91 3 45
91 4 58
91 5 38
91 6 50
91 7 60
91 8 46
91 9 44
91 10 47
91 11 55
91 12 36
91 13 49
91 14 60
91 15 39
91 16 49
91 17 44
91 18 43
91 19 36
91 20 40
91 21 57
91 22 47
91 23 38
91 24 42
91 25 48
91 26 51
91 27 47
91 28 54
91 29 50
91 30 35
91 31 53
91 32 44
91 33 35
91 34 35
91 35 35
91 36 36
91 37 54
91 38 45
91 39 41
91 40 40
91 41 60
91 42 35
91 43 36
91 44 59
91 45 40
91 46 44
91 47 44
91 48 60
91 49 52
91 50 39
91 51 40
91 52 57
91 53 39
91 54 45
91 55 37
91 56 41
91 57 47
91 58 50
91 59 50
91 60 36
91 61 58
91 62 56
91 63 57
91 64 49
91 65 57
91 66 56
91 67 50
91 68 53
91 69 54
91 70 39
91 71 46
91 72 45
91 73 50
91 74 60
91 75 59
91 76 40
91 77 41
91 78 41
91 79 43
91 80 44
91 81 47
91 82 45
91 83 35
91 84 53
91 85 56
91 86 53
91 87 54
91 88 38
91 89 56
91 90 52
91 91 0
91 92 35
91 93 57
91 94 60
91 95 40
92 1 60
92 2 35
92 3 46
92 4 42
92 5 54
92 6 36
92 7 56
92 8 58
92 9 46
92 10 56
92 11 41
92 12 37
92 13 47
92 14 60
92 15 57
92 16 58
92 17 35
92 18 52
92 19 46
92 20 55
92 21 49
92 22 46
92 23 51
92 24 36
92 25 47
92 26 39
92 27 35
92 28 49
92 29 55
92 30 58
92 31 40
92 32 53
92 33 43
92 34 54
92 35 44
92 36 44
92 37 48
92 38 50
92 39 51
92 40 53
92 41 56
92 42 35
92 43 52
92 44 55
92 45 38
92 46 43
92 47 60
92 48 43
92 49 57
92 50 46
92 51 49
92 52 37
92 53 58
92 54 45
92 55 46
92 56 39
92 57 58
92 58 43
92 59 45
92 60 55
92 61 48
92 62 40
92 63 38
92 64 45
92 65 60
92 66 55
92 67 50
92 68 60
92 69 48
92 70 57
92 71 50
92 72 59
92 73 59
92 74 40
92 75 39
92 76 49
92 77 57
92 78 51
92 79 59
92 80 43
92 81 42
92 82 57
92 83 40
92 84 50
92 85 53
92 86 46
92 87 35
92 88 57
92 89 45
92 90 50
92 91 40
92 92 0
92 93 54
92 94 48
92 95 53
93 1 55
93 2 37
93 3 46
93 4 56
93 5 36
93 6 42
93 7 58
93 8 59
93 9 48
93 10 54
93 11 43
93 12 47
93 13 43
93 14 55
93 15 53
93 16 43
93 17 47
93 18 57
93 19 41
93 20 46
93 21 56
93 22 35
93 23 52
93 24 38
93 25 45
93 26 50
93 27 45
93 28 41
93 29 60
93 30 59
93 31 55
93 32 35
93 33 55
93 34 43
93 35 56
93 36 51
93 37 51
93 38 60
93 39 60
93 40 56
93 41 46
93 42 41
93 43 39
93 44 58
93 45 47
93 46 41
93 47 42
93 48 51
93 49 36
93 50 57
93 51 39
93 52 52
93 53 58
93 54 45
93 55 49
93 56 54
93 57 47
93 58 50
93 59 48
93 60 43
93 61 49
93 62 58
93 63 39
93 64 55
93 65 60
93 66 40
93 67 44
93 68 58
93 69 44
93 70 52
93 71 39
93 72 53
93 73 45
93 74 49
93 75 59
93 76 36
93 77 45
93 78 46
93 79 48
93 80 43
93 81 57
93 82 42
93 83 60
93 84 36
93 85 36
93 86 51
93 87 59
93 88 46
93 89 38
93 90 40
93 91 43
93 92 49
93 93 0
93 94 43
93 95 51
94 1 50
94 2 39
94 3 55
94 4 60
94 5 45
94 6 49
94 7 37
94 8 49
94 9 55
94 10 52
94 11 59
94 12 50
94 13 48
94 14 48
94 15 54
94 16 36
94 17 54
94 18 50
94 19 49
94 20 46
94 21 43
94 22 56
94 23 39
94 24 46
94 25 40
94 26 42
94 27 47
94 28 43
94 29 46
94 30 59
94 31 60
94 32 60
94 33 58
94 34 52
94 35 55
94 36 54
94 37 42
94 38 51
94 39 57
94 40 40
94 41 46
94 42 40
94 43 60
94 44 51
94 45 48
94 46 58
94 47 55
94 48 38
94 49 39
94 50 59
94 51 56
94 52 50
94 53 50
94 54 53
94 55 46
94 56 58
94 57 38
94 58 37
94 59 53
94 60 35
94 61 38
94 62 60
94 63 44
94 64 44
94 65 48
94 66 36
94 67 41
94 68 39
94 69 50
94 70 51
94 71 51
94 72 54
94 73 60
94 74 49
94 75 55
94 76 52
94 77 55
94 78 36
94 79 56
94 80 56
94 81 42
94 82 42
94 83 45
94 84 60
94 85 48
94 86 57
94 87 38
94 88 60
94 89 44
94 90 49
94 91 49
94 92 56
94 93 46
94 94 0
94 95 58
95 1 38
95 2 50
95 3 56
95 4 36
95 5 52
95 6 58
95 7 56
95 8 49
95 9 48
95 10 39
95 11 44
95 12 40
95 13 57
95 14 48
95 15 37
95 16 50
95 17 40
95 18 51
95 19 37
95 20 43
95 21 59
95 22 52
95 23 40
95 24 54
95 25 39
95 26 48
95 27 41
95 28 41
95 29 43
95 30 53
95 31 41
95 32 45
95 33 58
95 34 37
95 35 43
95 36 54
95 37 46
95 38 50
95 39 46
95 40 46
95 41 50
95 42 50
95 43 59
95 44 56
95 45 51
95 46 55
95 47 46
95 48 59
95 49 55
95 50 43
95 51 59
95 52 46
95 53 52
95 54 52
95 55 39
95 56 49
95 57 52
95 58 51
95 59 43
95 60 58
95 61 60
95 62 45
95 63 58
95 64 40
95 65 55
95 66 58
95 67 51
95 68 35
95 69 44
95 70 41
95 71 59
95 72 58
95 73 40
95 74 46
95 75 50
95 76 56
95 77 40
95 78 56
95 79 50
95 80 43
95 81 53
95 82 40
95 83 56
95 84 51
95 85 44
95 86 47
95 87 52
95 88 42
95 89 45
95 90 50
95 91 43
95 92 48
95 93 45
95 94 45
95 95 0
;
param Rinit :=
1 1 0
1 2 0
1 3 0
1 4 0
1 5 0
1 6 0
1 7 0
1 8 0
1 9 0
1 10 0
1 11 0
1 12 0
1 13 0
1 14 0
1 15 0
1 16 0
1 17 0
1 18 0
1 19 0
95 1 0
95 2 0
95 3 0
95 4 0
95 5 0
95 6 0
95 7 0
95 8 0
95 9 0
95 10 0
95 11 0
95 12 0
95 13 0
95 14 0
95 15 0
95 16 0
95 17 0
95 18 0
95 19 0
;
param f :=
1 1
2 2
3 3
4 4
;