param sigma
: 1 2 :=
1	1e-05	0.99999
2	0.1	0.9
3	0.2	0.8
4	0.3	0.7
5	0.4	0.6
6	0.5	0.5
7	0.6	0.4
8	0.7	0.3
9	0.8	0.2
10	0.9	0.1
11	0.99999	1e-05
;

set O := 1 67;
set R := 2 3 4 5 6 7 8 9 10 11 12 13 14 15 16 17 18 19 20 21 22 23 24 25 26 27 28 29 30 31 32 33 34 35 36 37 38 39 40 41 42 43 44 45 46 47 48 49 50 51 52 53 54 55 56 57 58 59 60 61 62 63 64 65 66;
set S := 1 67;
set K := 1 2 3 4 5 6 7 8 9 10 11 12 13;
param b := 41;
param theta := 1185.0;
param peso_vacio := 3500;
param alpha :=
0 0
1 0
2 0
3 0
4 0
;
param beta :=
0 0.2
1 -0.1
2 0
3 0
4 0
;
param gamma :=
0 16.4
1 2.2
2 2.2
3 0.6
4 0.4
;
param delta :=
0 0
1 0
2 0
3 0
4 0
;
param epsilon :=
0 0.3
1 0
2 0
3 0
4 0
;
param zeta :=
0 2.4
1 2.5
2 1.3
3 4.5
4 3.3
;
param hta :=
0 1
1 1
2 1
3 1
4 1
;
param dm :=
1 0
2 13
3 12
4 11
5 10
6 9
7 8
8 7
9 6
10 5
11 4
12 3
13 2
14 1
15 13
16 12
17 11
18 10
19 9
20 8
21 7
22 6
23 5
24 4
25 3
26 2
27 1
28 13
29 12
30 11
31 10
32 9
33 8
34 7
35 6
36 5
37 4
38 3
39 2
40 1
41 13
42 12
43 11
44 10
45 9
46 8
47 7
48 6
49 5
50 4
51 3
52 2
53 1
54 13
55 12
56 11
57 10
58 9
59 8
60 7
61 6
62 5
63 4
64 3
65 2
66 1
67 0
;
param d :=
1 1 0.00
1 2 3.03
1 3 1.79
1 4 0.68
1 5 0.51
1 6 1.50
1 7 2.50
1 8 3.50
1 9 4.50
1 10 5.52
1 11 6.57
1 12 7.69
1 13 8.96
1 14 11.17
1 15 7.23
1 16 6.96
1 17 6.71
1 18 6.49
1 19 6.31
1 20 6.15
1 21 6.03
1 22 5.96
1 23 5.92
1 24 5.92
1 25 5.96
1 26 6.03
1 27 6.16
1 28 10.40
1 29 10.96
1 30 11.39
1 31 11.73
1 32 12.02
1 33 12.26
1 34 12.46
1 35 12.61
1 36 12.71
1 37 12.75
1 38 12.71
1 39 12.49
1 40 11.36
1 41 11.00
1 42 12.10
1 43 13.03
1 44 13.83
1 45 14.55
1 46 15.21
1 47 15.81
1 48 16.35
1 49 16.84
1 50 17.28
1 51 17.64
1 52 17.87
1 53 17.52
1 54 8.83
1 55 10.06
1 56 11.18
1 57 12.22
1 58 13.20
1 59 14.13
1 60 15.02
1 61 15.88
1 62 16.71
1 63 17.51
1 64 18.30
1 65 19.07
1 66 19.84
1 67 4.70
1 68 5.44
1 69 6.36
1 70 7.34
1 71 8.34
1 72 9.34
1 73 10.34
1 74 11.34
1 75 12.35
1 76 13.38
1 77 14.45
1 78 15.62
1 79 17.39
1 80 13.84
2 1 3.03
2 2 0.00
2 3 1.24
2 4 2.36
2 5 3.39
2 6 4.37
2 7 5.33
2 8 6.26
2 9 7.18
2 10 8.10
2 11 9.03
2 12 10.00
2 13 11.06
2 14 12.70
2 15 4.28
2 16 4.25
2 17 4.34
2 18 4.53
2 19 4.80
2 20 5.14
2 21 5.54
2 22 5.97
2 23 6.45
2 24 6.95
2 25 7.50
2 26 8.10
2 27 8.98
2 28 7.42
2 29 7.93
2 30 8.36
2 31 8.74
2 32 9.09
2 33 9.40
2 34 9.70
2 35 9.98
2 36 10.23
2 37 10.45
2 38 10.63
2 39 10.71
2 40 10.32
2 41 8.57
2 42 9.55
2 43 10.38
2 44 11.10
2 45 11.75
2 46 12.34
2 47 12.89
2 48 13.39
2 49 13.85
2 50 14.26
2 51 14.61
2 52 14.85
2 53 14.61
2 54 7.42
2 55 8.65
2 56 9.72
2 57 10.69
2 58 11.58
2 59 12.42
2 60 13.21
2 61 13.97
2 62 14.69
2 63 15.38
2 64 16.04
2 65 16.66
2 66 17.15
2 67 4.28
2 68 5.47
2 69 6.59
2 70 7.64
2 71 8.64
2 72 9.60
2 73 10.54
2 74 11.45
2 75 12.35
2 76 13.25
2 77 14.16
2 78 15.11
2 79 16.37
2 80 10.97
3 1 1.79
3 2 1.24
3 3 0.00
3 4 1.12
3 5 2.17
3 6 3.17
3 7 4.15
3 8 5.11
3 9 6.06
3 10 7.02
3 11 8.00
3 12 9.03
3 13 10.18
3 14 12.04
3 15 5.47
3 16 5.30
3 17 5.20
3 18 5.18
3 19 5.22
3 20 5.33
3 21 5.50
3 22 5.73
3 23 6.01
3 24 6.33
3 25 6.70
3 26 7.13
3 27 7.79
3 28 8.65
3 29 9.18
3 30 9.60
3 31 9.96
3 32 10.27
3 33 10.55
3 34 10.80
3 35 11.01
3 36 11.19
3 37 11.32
3 38 11.39
3 39 11.34
3 40 10.61
3 41 9.55
3 42 10.59
3 43 11.46
3 44 12.22
3 45 12.91
3 46 13.52
3 47 14.09
3 48 14.61
3 49 15.08
3 50 15.50
3 51 15.85
3 52 16.09
3 53 15.78
3 54 7.93
3 55 9.18
3 56 10.28
3 57 11.28
3 58 12.22
3 59 13.10
3 60 13.94
3 61 14.74
3 62 15.51
3 63 16.25
3 64 16.97
3 65 17.65
3 66 18.26
3 67 4.25
3 68 5.30
3 69 6.37
3 70 7.41
3 71 8.43
3 72 9.42
3 73 10.40
3 74 11.36
3 75 12.31
3 76 13.27
3 77 14.25
3 78 15.29
3 79 16.78
3 80 12.15
4 1 0.68
4 2 2.36
4 3 1.12
4 4 0.00
4 5 1.05
4 6 2.07
4 7 3.06
4 8 4.03
4 9 5.01
4 10 6.00
4 11 7.02
4 12 8.10
4 13 9.31
4 14 11.37
4 15 6.58
4 16 6.37
4 17 6.19
4 18 6.05
4 19 5.95
4 20 5.89
4 21 5.89
4 22 5.92
4 23 6.00
4 24 6.13
4 25 6.30
4 26 6.50
4 27 6.81
4 28 9.72
4 29 10.28
4 30 10.72
4 31 11.08
4 32 11.39
4 33 11.65
4 34 11.87
4 35 12.05
4 36 12.19
4 37 12.27
4 38 12.28
4 39 12.12
4 40 11.15
4 41 10.38
4 42 11.46
4 43 12.38
4 44 13.17
4 45 13.89
4 46 14.53
4 47 15.13
4 48 15.67
4 49 16.16
4 50 16.60
4 51 16.96
4 52 17.21
4 53 16.89
4 54 8.36
4 55 9.60
4 56 10.72
4 57 11.75
4 58 12.72
4 59 13.63
4 60 14.51
4 61 15.35
4 62 16.16
4 63 16.95
4 64 17.71
4 65 18.45
4 66 19.19
4 67 4.34
4 68 5.20
4 69 6.19
4 70 7.20
4 71 8.21
4 72 9.21
4 73 10.21
4 74 11.20
4 75 12.19
4 76 13.19
4 77 14.23
4 78 15.36
4 79 17.03
4 80 13.16
5 1 0.51
5 2 3.39
5 3 2.17
5 4 1.05
5 5 0.00
5 6 1.02
5 7 2.02
5 8 3.01
5 9 4.00
5 10 5.01
5 11 6.06
5 12 7.18
5 13 8.45
5 14 10.68
5 15 7.64
5 16 7.41
5 17 7.20
5 18 7.00
5 19 6.82
5 20 6.66
5 21 6.53
5 22 6.42
5 23 6.33
5 24 6.27
5 25 6.23
5 26 6.19
5 27 6.05
5 28 10.69
5 29 11.28
5 30 11.75
5 31 12.13
5 32 12.44
5 33 12.70
5 34 12.92
5 35 13.09
5 36 13.20
5 37 13.26
5 38 13.22
5 39 13.00
5 40 11.86
5 41 11.10
5 42 12.22
5 43 13.17
5 44 14.00
5 45 14.75
5 46 15.43
5 47 16.05
5 48 16.62
5 49 17.13
5 50 17.59
5 51 17.98
5 52 18.25
5 53 17.94
5 54 8.74
5 55 9.96
5 56 11.08
5 57 12.13
5 58 13.12
5 59 14.06
5 60 14.96
5 61 15.84
5 62 16.69
5 63 17.52
5 64 18.33
5 65 19.13
5 66 19.98
5 67 4.53
5 68 5.18
5 69 6.05
5 70 7.00
5 71 7.99
5 72 8.98
5 73 9.98
5 74 10.99
5 75 12.01
5 76 13.06
5 77 14.14
5 78 15.34
5 79 17.19
5 80 14.06
6 1 1.50
6 2 4.37
6 3 3.17
6 4 2.07
6 5 1.02
6 6 0.00
6 7 1.00
6 8 2.00
6 9 3.01
6 10 4.03
6 11 5.11
6 12 6.26
6 13 7.58
6 14 9.96
6 15 8.64
6 16 8.43
6 17 8.21
6 18 7.99
6 19 7.76
6 20 7.54
6 21 7.33
6 22 7.12
6 23 6.91
6 24 6.70
6 25 6.47
6 26 6.18
6 27 5.53
6 28 11.58
6 29 12.22
6 30 12.72
6 31 13.12
6 32 13.44
6 33 13.72
6 34 13.94
6 35 14.10
6 36 14.21
6 37 14.25
6 38 14.19
6 39 13.93
6 40 12.67
6 41 11.75
6 42 12.91
6 43 13.89
6 44 14.75
6 45 15.52
6 46 16.23
6 47 16.88
6 48 17.48
6 49 18.02
6 50 18.51
6 51 18.92
6 52 19.22
6 53 18.95
6 54 9.09
6 55 10.27
6 56 11.39
6 57 12.44
6 58 13.44
6 59 14.41
6 60 15.34
6 61 16.24
6 62 17.13
6 63 17.99
6 64 18.85
6 65 19.71
6 66 20.69
6 67 4.80
6 68 5.22
6 69 5.95
6 70 6.82
6 71 7.76
6 72 8.74
6 73 9.74
6 74 10.75
6 75 11.79
6 76 12.87
6 77 14.00
6 78 15.25
6 79 17.26
6 80 14.87
7 1 2.50
7 2 5.33
7 3 4.15
7 4 3.06
7 5 2.02
7 6 1.00
7 7 0.00
7 8 1.00
7 9 2.02
7 10 3.06
7 11 4.15
7 12 5.33
7 13 6.70
7 14 9.22
7 15 9.60
7 16 9.42
7 17 9.21
7 18 8.98
7 19 8.74
7 20 8.49
7 21 8.22
7 22 7.94
7 23 7.65
7 24 7.33
7 25 6.95
7 26 6.46
7 27 5.28
7 28 12.42
7 29 13.10
7 30 13.63
7 31 14.06
7 32 14.41
7 33 14.70
7 34 14.93
7 35 15.10
7 36 15.21
7 37 15.25
7 38 15.18
7 39 14.90
7 40 13.56
7 41 12.34
7 42 13.52
7 43 14.53
7 44 15.43
7 45 16.23
7 46 16.97
7 47 17.65
7 48 18.27
7 49 18.85
7 50 19.36
7 51 19.81
7 52 20.13
7 53 19.92
7 54 9.41
7 55 10.55
7 56 11.65
7 57 12.70
7 58 13.72
7 59 14.70
7 60 15.65
7 61 16.58
7 62 17.49
7 63 18.40
7 64 19.30
7 65 20.21
7 66 21.31
7 67 5.14
7 68 5.33
7 69 5.89
7 70 6.66
7 71 7.54
7 72 8.49
7 73 9.47
7 74 10.49
7 75 11.54
7 76 12.63
7 77 13.80
7 78 15.11
7 79 17.27
7 80 15.62
8 1 3.50
8 2 6.26
8 3 5.11
8 4 4.03
8 5 3.01
8 6 2.00
8 7 1.00
8 8 0.00
8 9 1.02
8 10 2.07
8 11 3.17
8 12 4.37
8 13 5.79
8 14 8.44
8 15 10.54
8 16 10.40
8 17 10.21
8 18 9.98
8 19 9.74
8 20 9.47
8 21 9.18
8 22 8.86
8 23 8.51
8 24 8.11
8 25 7.63
8 26 6.98
8 27 5.34
8 28 13.21
8 29 13.94
8 30 14.51
8 31 14.96
8 32 15.34
8 33 15.65
8 34 15.90
8 35 16.09
8 36 16.21
8 37 16.25
8 38 16.18
8 39 15.89
8 40 14.51
8 41 12.89
8 42 14.09
8 43 15.13
8 44 16.05
8 45 16.88
8 46 17.65
8 47 18.36
8 48 19.01
8 49 19.62
8 50 20.16
8 51 20.64
8 52 21.01
8 53 20.86
8 54 9.70
8 55 10.80
8 56 11.87
8 57 12.92
8 58 13.93
8 59 14.93
8 60 15.90
8 61 16.85
8 62 17.79
8 63 18.73
8 64 19.67
8 65 20.64
8 66 21.86
8 67 5.54
8 68 5.50
8 69 5.89
8 70 6.53
8 71 7.33
8 72 8.22
8 73 9.18
8 74 10.19
8 75 11.24
8 76 12.35
8 77 13.55
8 78 14.91
8 79 17.20
8 80 16.31
9 1 4.50
9 2 7.18
9 3 6.06
9 4 5.01
9 5 4.00
9 6 3.01
9 7 2.02
9 8 1.02
9 9 0.00
9 10 1.05
9 11 2.17
9 12 3.39
9 13 4.84
9 14 7.62
9 15 11.45
9 16 11.36
9 17 11.20
9 18 10.99
9 19 10.75
9 20 10.49
9 21 10.19
9 22 9.85
9 23 9.47
9 24 9.02
9 25 8.47
9 26 7.70
9 27 5.71
9 28 13.97
9 29 14.74
9 30 15.35
9 31 15.84
9 32 16.25
9 33 16.58
9 34 16.85
9 35 17.06
9 36 17.20
9 37 17.25
9 38 17.19
9 39 16.91
9 40 15.51
9 41 13.39
9 42 14.61
9 43 15.67
9 44 16.62
9 45 17.48
9 46 18.27
9 47 19.01
9 48 19.70
9 49 20.33
9 50 20.92
9 51 21.43
9 52 21.84
9 53 21.77
9 54 9.98
9 55 11.01
9 56 12.05
9 57 13.09
9 58 14.10
9 59 15.10
9 60 16.09
9 61 17.06
9 62 18.03
9 63 19.00
9 64 19.98
9 65 21.00
9 66 22.35
9 67 5.97
9 68 5.73
9 69 5.92
9 70 6.42
9 71 7.12
9 72 7.94
9 73 8.86
9 74 9.85
9 75 10.90
9 76 12.02
9 77 13.24
9 78 14.64
9 79 17.07
9 80 16.95
10 1 5.52
10 2 8.10
10 3 7.02
10 4 6.00
10 5 5.01
10 6 4.03
10 7 3.06
10 8 2.07
10 9 1.05
10 10 0.00
10 11 1.12
10 12 2.36
10 13 3.84
10 14 6.73
10 15 12.35
10 16 12.31
10 17 12.19
10 18 12.01
10 19 11.79
10 20 11.54
10 21 11.24
10 22 10.90
10 23 10.50
10 24 10.03
10 25 9.43
10 26 8.59
10 27 6.36
10 28 14.69
10 29 15.51
10 30 16.16
10 31 16.69
10 32 17.13
10 33 17.49
10 34 17.79
10 35 18.03
10 36 18.19
10 37 18.27
10 38 18.22
10 39 17.96
10 40 16.57
10 41 13.85
10 42 15.08
10 43 16.16
10 44 17.13
10 45 18.02
10 46 18.85
10 47 19.62
10 48 20.33
10 49 21.00
10 50 21.62
10 51 22.17
10 52 22.63
10 53 22.66
10 54 10.23
10 55 11.19
10 56 12.19
10 57 13.20
10 58 14.21
10 59 15.21
10 60 16.21
10 61 17.20
10 62 18.19
10 63 19.19
10 64 20.21
10 65 21.29
10 66 22.76
10 67 6.45
10 68 6.01
10 69 6.00
10 70 6.34
10 71 6.91
10 72 7.65
10 73 8.51
10 74 9.47
10 75 10.50
10 76 11.62
10 77 12.86
10 78 14.30
10 79 16.86
10 80 17.55
11 1 6.57
11 2 9.03
11 3 8.00
11 4 7.02
11 5 6.06
11 6 5.11
11 7 4.15
11 8 3.17
11 9 2.17
11 10 1.12
11 11 0.00
11 12 1.24
11 13 2.75
11 14 5.75
11 15 13.25
11 16 13.27
11 17 13.19
11 18 13.05
11 19 12.87
11 20 12.63
11 21 12.35
11 22 12.02
11 23 11.62
11 24 11.14
11 25 10.52
11 26 9.63
11 27 7.25
11 28 15.38
11 29 16.25
11 30 16.95
11 31 17.52
11 32 17.99
11 33 18.40
11 34 18.73
11 35 19.00
11 36 19.19
11 37 19.29
11 38 19.27
11 39 19.04
11 40 17.68
11 41 14.26
11 42 15.50
11 43 16.60
11 44 17.59
11 45 18.51
11 46 19.36
11 47 20.16
11 48 20.92
11 49 21.62
11 50 22.28
11 51 22.87
11 52 23.38
11 53 23.52
11 54 10.45
11 55 11.32
11 56 12.27
11 57 13.26
11 58 14.25
11 59 15.25
11 60 16.25
11 61 17.25
11 62 18.26
11 63 19.29
11 64 20.35
11 65 21.49
11 66 23.10
11 67 6.95
11 68 6.33
11 69 6.13
11 70 6.27
11 71 6.69
11 72 7.33
11 73 8.11
11 74 9.02
11 75 10.03
11 76 11.14
11 77 12.38
11 78 13.86
11 79 16.54
11 80 18.09
12 1 7.69
12 2 10.00
12 3 9.03
12 4 8.10
12 5 7.18
12 6 6.26
12 7 5.33
12 8 4.37
12 9 3.39
12 10 2.36
12 11 1.24
12 12 0.00
12 13 1.52
12 14 4.62
12 15 14.16
12 16 14.25
12 17 14.23
12 18 14.14
12 19 14.00
12 20 13.80
12 21 13.55
12 22 13.24
12 23 12.86
12 24 12.38
12 25 11.76
12 26 10.86
12 27 8.40
12 28 16.04
12 29 16.97
12 30 17.71
12 31 18.33
12 32 18.85
12 33 19.30
12 34 19.67
12 35 19.98
12 36 20.21
12 37 20.35
12 38 20.37
12 39 20.18
12 40 18.88
12 41 14.61
12 42 15.85
12 43 16.96
12 44 17.98
12 45 18.92
12 46 19.81
12 47 20.64
12 48 21.43
12 49 22.17
12 50 22.87
12 51 23.52
12 52 24.10
12 53 24.36
12 54 10.63
12 55 11.39
12 56 12.28
12 57 13.22
12 58 14.19
12 59 15.18
12 60 16.18
12 61 17.19
12 62 18.22
12 63 19.28
12 64 20.37
12 65 21.57
12 66 23.33
12 67 7.50
12 68 6.70
12 69 6.29
12 70 6.23
12 71 6.47
12 72 6.95
12 73 7.63
12 74 8.47
12 75 9.43
12 76 10.52
12 77 11.76
12 78 13.26
12 79 16.07
12 80 18.56
13 1 8.96
13 2 11.06
13 3 10.18
13 4 9.31
13 5 8.45
13 6 7.58
13 7 6.70
13 8 5.79
13 9 4.84
13 10 3.84
13 11 2.75
13 12 1.52
13 13 0.00
13 14 3.18
13 15 15.11
13 16 15.29
13 17 15.36
13 18 15.34
13 19 15.25
13 20 15.11
13 21 14.91
13 22 14.64
13 23 14.30
13 24 13.86
13 25 13.26
13 26 12.38
13 27 9.90
13 28 16.66
13 29 17.65
13 30 18.45
13 31 19.13
13 32 19.71
13 33 20.21
13 34 20.64
13 35 21.00
13 36 21.29
13 37 21.49
13 38 21.57
13 39 21.43
13 40 20.25
13 41 14.85
13 42 16.09
13 43 17.21
13 44 18.25
13 45 19.22
13 46 20.13
13 47 21.01
13 48 21.84
13 49 22.63
13 50 23.38
13 51 24.10
13 52 24.75
13 53 25.18
13 54 10.71
13 55 11.34
13 56 12.12
13 57 13.00
13 58 13.93
13 59 14.90
13 60 15.89
13 61 16.91
13 62 17.96
13 63 19.04
13 64 20.18
13 65 21.43
13 66 23.37
13 67 8.10
13 68 7.13
13 69 6.50
13 70 6.19
13 71 6.18
13 72 6.46
13 73 6.98
13 74 7.70
13 75 8.58
13 76 9.63
13 77 10.86
13 78 12.38
13 79 15.30
13 80 18.94
14 1 11.17
14 2 12.70
14 3 12.04
14 4 11.37
14 5 10.68
14 6 9.96
14 7 9.22
14 8 8.44
14 9 7.62
14 10 6.73
14 11 5.75
14 12 4.62
14 13 3.18
14 14 0.00
14 15 16.37
14 16 16.78
14 17 17.03
14 18 17.19
14 19 17.26
14 20 17.27
14 21 17.20
14 22 17.07
14 23 16.86
14 24 16.54
14 25 16.07
14 26 15.30
14 27 13.00
14 28 17.15
14 29 18.26
14 30 19.19
14 31 19.98
14 32 20.69
14 33 21.31
14 34 21.86
14 35 22.35
14 36 22.76
14 37 23.10
14 38 23.33
14 39 23.37
14 40 22.52
14 41 14.61
14 42 15.78
14 43 16.89
14 44 17.94
14 45 18.95
14 46 19.92
14 47 20.86
14 48 21.77
14 49 22.66
14 50 23.52
14 51 24.36
14 52 25.18
14 53 26.00
14 54 10.32
14 55 10.61
14 56 11.15
14 57 11.86
14 58 12.67
14 59 13.56
14 60 14.51
14 61 15.51
14 62 16.57
14 63 17.68
14 64 18.88
14 65 20.25
14 66 22.52
14 67 8.98
14 68 7.79
14 69 6.81
14 70 6.05
14 71 5.53
14 72 5.28
14 73 5.34
14 74 5.71
14 75 6.36
14 76 7.25
14 77 8.40
14 78 9.90
14 79 13.00
14 80 18.86
15 1 7.23
15 2 4.28
15 3 5.47
15 4 6.58
15 5 7.64
15 6 8.64
15 7 9.60
15 8 10.54
15 9 11.45
15 10 12.35
15 11 13.25
15 12 14.16
15 13 15.11
15 14 16.37
15 15 0.00
15 16 1.24
15 17 2.36
15 18 3.39
15 19 4.37
15 20 5.33
15 21 6.26
15 22 7.18
15 23 8.10
15 24 9.03
15 25 10.00
15 26 11.06
15 27 12.70
15 28 4.28
15 29 4.25
15 30 4.34
15 31 4.53
15 32 4.80
15 33 5.14
15 34 5.54
15 35 5.97
15 36 6.45
15 37 6.95
15 38 7.50
15 39 8.10
15 40 8.98
15 41 7.42
15 42 7.93
15 43 8.36
15 44 8.74
15 45 9.09
15 46 9.41
15 47 9.70
15 48 9.98
15 49 10.23
15 50 10.45
15 51 10.63
15 52 10.71
15 53 10.32
15 54 8.57
15 55 9.55
15 56 10.38
15 57 11.10
15 58 11.75
15 59 12.34
15 60 12.89
15 61 13.39
15 62 13.85
15 63 14.26
15 64 14.61
15 65 14.86
15 66 14.61
15 67 7.42
15 68 8.65
15 69 9.72
15 70 10.69
15 71 11.58
15 72 12.42
15 73 13.21
15 74 13.97
15 75 14.69
15 76 15.38
15 77 16.04
15 78 16.66
15 79 17.15
15 80 8.10
16 1 6.96
16 2 4.25
16 3 5.30
16 4 6.37
16 5 7.41
16 6 8.43
16 7 9.42
16 8 10.40
16 9 11.36
16 10 12.31
16 11 13.27
16 12 14.25
16 13 15.29
16 14 16.78
16 15 1.24
16 16 0.00
16 17 1.12
16 18 2.17
16 19 3.17
16 20 4.15
16 21 5.11
16 22 6.06
16 23 7.02
16 24 8.00
16 25 9.03
16 26 10.18
16 27 12.04
16 28 5.47
16 29 5.30
16 30 5.20
16 31 5.18
16 32 5.22
16 33 5.33
16 34 5.50
16 35 5.73
16 36 6.01
16 37 6.33
16 38 6.70
16 39 7.13
16 40 7.78
16 41 8.65
16 42 9.18
16 43 9.60
16 44 9.96
16 45 10.27
16 46 10.55
16 47 10.80
16 48 11.01
16 49 11.19
16 50 11.32
16 51 11.39
16 52 11.34
16 53 10.61
16 54 9.55
16 55 10.60
16 56 11.47
16 57 12.23
16 58 12.91
16 59 13.53
16 60 14.09
16 61 14.61
16 62 15.08
16 63 15.50
16 64 15.85
16 65 16.09
16 66 15.78
16 67 7.93
16 68 9.18
16 69 10.28
16 70 11.28
16 71 12.22
16 72 13.10
16 73 13.94
16 74 14.74
16 75 15.51
16 76 16.25
16 77 16.97
16 78 17.65
16 79 18.26
16 80 9.27
17 1 6.71
17 2 4.34
17 3 5.20
17 4 6.19
17 5 7.20
17 6 8.21
17 7 9.21
17 8 10.21
17 9 11.20
17 10 12.19
17 11 13.19
17 12 14.23
17 13 15.36
17 14 17.03
17 15 2.36
17 16 1.12
17 17 0.00
17 18 1.05
17 19 2.07
17 20 3.06
17 21 4.03
17 22 5.01
17 23 6.00
17 24 7.02
17 25 8.10
17 26 9.31
17 27 11.37
17 28 6.58
17 29 6.37
17 30 6.19
17 31 6.05
17 32 5.95
17 33 5.89
17 34 5.89
17 35 5.92
17 36 6.00
17 37 6.13
17 38 6.29
17 39 6.50
17 40 6.81
17 41 9.72
17 42 10.28
17 43 10.72
17 44 11.08
17 45 11.39
17 46 11.65
17 47 11.87
17 48 12.05
17 49 12.19
17 50 12.27
17 51 12.28
17 52 12.12
17 53 11.15
17 54 10.38
17 55 11.47
17 56 12.38
17 57 13.17
17 58 13.89
17 59 14.53
17 60 15.13
17 61 15.67
17 62 16.16
17 63 16.60
17 64 16.96
17 65 17.21
17 66 16.89
17 67 8.36
17 68 9.60
17 69 10.72
17 70 11.75
17 71 12.72
17 72 13.63
17 73 14.51
17 74 15.35
17 75 16.16
17 76 16.95
17 77 17.71
17 78 18.45
17 79 19.19
17 80 10.38
18 1 6.49
18 2 4.53
18 3 5.18
18 4 6.05
18 5 7.00
18 6 7.99
18 7 8.98
18 8 9.98
18 9 10.99
18 10 12.01
18 11 13.05
18 12 14.14
18 13 15.34
18 14 17.19
18 15 3.39
18 16 2.17
18 17 1.05
18 18 0.00
18 19 1.02
18 20 2.02
18 21 3.01
18 22 4.00
18 23 5.01
18 24 6.06
18 25 7.18
18 26 8.45
18 27 10.68
18 28 7.64
18 29 7.41
18 30 7.20
18 31 7.00
18 32 6.82
18 33 6.66
18 34 6.53
18 35 6.42
18 36 6.34
18 37 6.27
18 38 6.23
18 39 6.19
18 40 6.05
18 41 10.69
18 42 11.28
18 43 11.75
18 44 12.13
18 45 12.44
18 46 12.70
18 47 12.92
18 48 13.09
18 49 13.20
18 50 13.26
18 51 13.22
18 52 13.00
18 53 11.86
18 54 11.10
18 55 12.23
18 56 13.17
18 57 14.00
18 58 14.75
18 59 15.43
18 60 16.05
18 61 16.61
18 62 17.13
18 63 17.59
18 64 17.98
18 65 18.25
18 66 17.94
18 67 8.74
18 68 9.96
18 69 11.08
18 70 12.13
18 71 13.11
18 72 14.06
18 73 14.96
18 74 15.84
18 75 16.69
18 76 17.52
18 77 18.33
18 78 19.13
18 79 19.98
18 80 11.43
19 1 6.31
19 2 4.80
19 3 5.22
19 4 5.95
19 5 6.82
19 6 7.76
19 7 8.74
19 8 9.74
19 9 10.75
19 10 11.79
19 11 12.87
19 12 14.00
19 13 15.25
19 14 17.26
19 15 4.37
19 16 3.17
19 17 2.07
19 18 1.02
19 19 0.00
19 20 1.00
19 21 2.00
19 22 3.01
19 23 4.03
19 24 5.11
19 25 6.26
19 26 7.58
19 27 9.96
19 28 8.64
19 29 8.43
19 30 8.21
19 31 7.99
19 32 7.76
19 33 7.54
19 34 7.33
19 35 7.12
19 36 6.91
19 37 6.70
19 38 6.47
19 39 6.18
19 40 5.53
19 41 11.58
19 42 12.22
19 43 12.72
19 44 13.12
19 45 13.44
19 46 13.72
19 47 13.93
19 48 14.10
19 49 14.21
19 50 14.25
19 51 14.19
19 52 13.93
19 53 12.67
19 54 11.75
19 55 12.91
19 56 13.89
19 57 14.75
19 58 15.52
19 59 16.23
19 60 16.88
19 61 17.48
19 62 18.02
19 63 18.51
19 64 18.92
19 65 19.22
19 66 18.95
19 67 9.09
19 68 10.27
19 69 11.39
19 70 12.44
19 71 13.44
19 72 14.41
19 73 15.34
19 74 16.24
19 75 17.13
19 76 17.99
19 77 18.85
19 78 19.71
19 79 20.69
19 80 12.44
20 1 6.15
20 2 5.14
20 3 5.33
20 4 5.89
20 5 6.66
20 6 7.54
20 7 8.49
20 8 9.47
20 9 10.49
20 10 11.54
20 11 12.63
20 12 13.80
20 13 15.11
20 14 17.27
20 15 5.33
20 16 4.15
20 17 3.06
20 18 2.02
20 19 1.00
20 20 0.00
20 21 1.00
20 22 2.02
20 23 3.06
20 24 4.15
20 25 5.33
20 26 6.70
20 27 9.22
20 28 9.60
20 29 9.42
20 30 9.21
20 31 8.98
20 32 8.74
20 33 8.49
20 34 8.22
20 35 7.94
20 36 7.65
20 37 7.33
20 38 6.95
20 39 6.46
20 40 5.28
20 41 12.42
20 42 13.10
20 43 13.63
20 44 14.06
20 45 14.41
20 46 14.70
20 47 14.93
20 48 15.10
20 49 15.21
20 50 15.25
20 51 15.18
20 52 14.90
20 53 13.56
20 54 12.34
20 55 13.53
20 56 14.53
20 57 15.43
20 58 16.23
20 59 16.97
20 60 17.65
20 61 18.27
20 62 18.85
20 63 19.36
20 64 19.81
20 65 20.13
20 66 19.92
20 67 9.40
20 68 10.55
20 69 11.65
20 70 12.70
20 71 13.72
20 72 14.70
20 73 15.65
20 74 16.58
20 75 17.49
20 76 18.40
20 77 19.30
20 78 20.21
20 79 21.31
20 80 13.42
21 1 6.03
21 2 5.54
21 3 5.50
21 4 5.89
21 5 6.53
21 6 7.33
21 7 8.22
21 8 9.18
21 9 10.19
21 10 11.24
21 11 12.35
21 12 13.55
21 13 14.91
21 14 17.20
21 15 6.26
21 16 5.11
21 17 4.03
21 18 3.01
21 19 2.00
21 20 1.00
21 21 0.00
21 22 1.02
21 23 2.07
21 24 3.17
21 25 4.38
21 26 5.79
21 27 8.44
21 28 10.54
21 29 10.40
21 30 10.21
21 31 9.98
21 32 9.74
21 33 9.47
21 34 9.18
21 35 8.86
21 36 8.51
21 37 8.11
21 38 7.63
21 39 6.98
21 40 5.34
21 41 13.21
21 42 13.94
21 43 14.51
21 44 14.96
21 45 15.34
21 46 15.65
21 47 15.90
21 48 16.09
21 49 16.21
21 50 16.25
21 51 16.18
21 52 15.89
21 53 14.51
21 54 12.89
21 55 14.09
21 56 15.13
21 57 16.05
21 58 16.88
21 59 17.65
21 60 18.36
21 61 19.01
21 62 19.62
21 63 20.16
21 64 20.64
21 65 21.01
21 66 20.86
21 67 9.70
21 68 10.79
21 69 11.87
21 70 12.92
21 71 13.94
21 72 14.93
21 73 15.90
21 74 16.85
21 75 17.79
21 76 18.73
21 77 19.67
21 78 20.64
21 79 21.86
21 80 14.36
22 1 5.96
22 2 5.97
22 3 5.73
22 4 5.92
22 5 6.42
22 6 7.12
22 7 7.94
22 8 8.86
22 9 9.85
22 10 10.90
22 11 12.02
22 12 13.24
22 13 14.64
22 14 17.07
22 15 7.18
22 16 6.06
22 17 5.01
22 18 4.00
22 19 3.01
22 20 2.02
22 21 1.02
22 22 0.00
22 23 1.05
22 24 2.17
22 25 3.39
22 26 4.84
22 27 7.62
22 28 11.45
22 29 11.36
22 30 11.20
22 31 10.99
22 32 10.75
22 33 10.49
22 34 10.19
22 35 9.85
22 36 9.47
22 37 9.02
22 38 8.47
22 39 7.70
22 40 5.71
22 41 13.97
22 42 14.74
22 43 15.35
22 44 15.84
22 45 16.24
22 46 16.58
22 47 16.85
22 48 17.06
22 49 17.20
22 50 17.25
22 51 17.19
22 52 16.91
22 53 15.51
22 54 13.39
22 55 14.61
22 56 15.67
22 57 16.61
22 58 17.48
22 59 18.27
22 60 19.01
22 61 19.70
22 62 20.33
22 63 20.92
22 64 21.43
22 65 21.84
22 66 21.77
22 67 9.98
22 68 11.01
22 69 12.05
22 70 13.09
22 71 14.10
22 72 15.10
22 73 16.09
22 74 17.06
22 75 18.03
22 76 19.00
22 77 19.98
22 78 21.00
22 79 22.35
22 80 15.28
23 1 5.92
23 2 6.45
23 3 6.01
23 4 6.00
23 5 6.33
23 6 6.91
23 7 7.65
23 8 8.51
23 9 9.47
23 10 10.50
23 11 11.62
23 12 12.86
23 13 14.30
23 14 16.86
23 15 8.10
23 16 7.02
23 17 6.00
23 18 5.01
23 19 4.03
23 20 3.06
23 21 2.07
23 22 1.05
23 23 0.00
23 24 1.12
23 25 2.36
23 26 3.84
23 27 6.73
23 28 12.35
23 29 12.31
23 30 12.19
23 31 12.01
23 32 11.79
23 33 11.54
23 34 11.24
23 35 10.90
23 36 10.50
23 37 10.03
23 38 9.43
23 39 8.59
23 40 6.36
23 41 14.69
23 42 15.51
23 43 16.16
23 44 16.69
23 45 17.13
23 46 17.49
23 47 17.79
23 48 18.03
23 49 18.19
23 50 18.26
23 51 18.22
23 52 17.96
23 53 16.57
23 54 13.85
23 55 15.08
23 56 16.16
23 57 17.13
23 58 18.02
23 59 18.85
23 60 19.62
23 61 20.33
23 62 21.00
23 63 21.62
23 64 22.17
23 65 22.63
23 66 22.66
23 67 10.23
23 68 11.19
23 69 12.19
23 70 13.20
23 71 14.21
23 72 15.21
23 73 16.21
23 74 17.20
23 75 18.19
23 76 19.19
23 77 20.21
23 78 21.29
23 79 22.76
23 80 16.18
24 1 5.92
24 2 6.95
24 3 6.33
24 4 6.13
24 5 6.27
24 6 6.70
24 7 7.33
24 8 8.11
24 9 9.02
24 10 10.03
24 11 11.14
24 12 12.38
24 13 13.86
24 14 16.54
24 15 9.03
24 16 8.00
24 17 7.02
24 18 6.06
24 19 5.11
24 20 4.15
24 21 3.17
24 22 2.17
24 23 1.12
24 24 0.00
24 25 1.24
24 26 2.75
24 27 5.75
24 28 13.25
24 29 13.27
24 30 13.19
24 31 13.06
24 32 12.87
24 33 12.63
24 34 12.35
24 35 12.02
24 36 11.62
24 37 11.14
24 38 10.52
24 39 9.63
24 40 7.25
24 41 15.38
24 42 16.25
24 43 16.95
24 44 17.52
24 45 17.99
24 46 18.40
24 47 18.73
24 48 19.00
24 49 19.19
24 50 19.29
24 51 19.28
24 52 19.04
24 53 17.68
24 54 14.26
24 55 15.50
24 56 16.60
24 57 17.59
24 58 18.51
24 59 19.36
24 60 20.16
24 61 20.92
24 62 21.62
24 63 22.28
24 64 22.88
24 65 23.39
24 66 23.52
24 67 10.45
24 68 11.32
24 69 12.27
24 70 13.26
24 71 14.25
24 72 15.25
24 73 16.25
24 74 17.25
24 75 18.27
24 76 19.29
24 77 20.35
24 78 21.49
24 79 23.10
24 80 17.07
25 1 5.96
25 2 7.50
25 3 6.70
25 4 6.30
25 5 6.23
25 6 6.47
25 7 6.95
25 8 7.63
25 9 8.47
25 10 9.43
25 11 10.52
25 12 11.76
25 13 13.26
25 14 16.07
25 15 10.00
25 16 9.03
25 17 8.10
25 18 7.18
25 19 6.26
25 20 5.33
25 21 4.38
25 22 3.39
25 23 2.36
25 24 1.24
25 25 0.00
25 26 1.52
25 27 4.62
25 28 14.16
25 29 14.25
25 30 14.23
25 31 14.14
25 32 14.00
25 33 13.80
25 34 13.55
25 35 13.24
25 36 12.86
25 37 12.38
25 38 11.76
25 39 10.86
25 40 8.40
25 41 16.04
25 42 16.97
25 43 17.71
25 44 18.33
25 45 18.85
25 46 19.30
25 47 19.67
25 48 19.98
25 49 20.21
25 50 20.35
25 51 20.37
25 52 20.18
25 53 18.88
25 54 14.61
25 55 15.85
25 56 16.96
25 57 17.98
25 58 18.92
25 59 19.81
25 60 20.64
25 61 21.43
25 62 22.17
25 63 22.88
25 64 23.52
25 65 24.10
25 66 24.36
25 67 10.63
25 68 11.39
25 69 12.28
25 70 13.22
25 71 14.19
25 72 15.18
25 73 16.18
25 74 17.19
25 75 18.22
25 76 19.28
25 77 20.37
25 78 21.57
25 79 23.33
25 80 17.95
26 1 6.03
26 2 8.10
26 3 7.13
26 4 6.50
26 5 6.19
26 6 6.18
26 7 6.46
26 8 6.98
26 9 7.70
26 10 8.59
26 11 9.63
26 12 10.86
26 13 12.38
26 14 15.30
26 15 11.06
26 16 10.18
26 17 9.31
26 18 8.45
26 19 7.58
26 20 6.70
26 21 5.79
26 22 4.84
26 23 3.84
26 24 2.75
26 25 1.52
26 26 0.00
26 27 3.18
26 28 15.11
26 29 15.29
26 30 15.36
26 31 15.34
26 32 15.25
26 33 15.11
26 34 14.91
26 35 14.64
26 36 14.30
26 37 13.86
26 38 13.26
26 39 12.37
26 40 9.90
26 41 16.66
26 42 17.65
26 43 18.45
26 44 19.13
26 45 19.71
26 46 20.21
26 47 20.64
26 48 21.00
26 49 21.29
26 50 21.49
26 51 21.57
26 52 21.43
26 53 20.25
26 54 14.86
26 55 16.09
26 56 17.21
26 57 18.25
26 58 19.22
26 59 20.13
26 60 21.01
26 61 21.84
26 62 22.63
26 63 23.39
26 64 24.10
26 65 24.75
26 66 25.18
26 67 10.71
26 68 11.34
26 69 12.12
26 70 13.00
26 71 13.93
26 72 14.90
26 73 15.89
26 74 16.91
26 75 17.96
26 76 19.04
26 77 20.18
26 78 21.43
26 79 23.37
26 80 18.85
27 1 6.16
27 2 8.98
27 3 7.79
27 4 6.81
27 5 6.05
27 6 5.53
27 7 5.28
27 8 5.34
27 9 5.71
27 10 6.36
27 11 7.25
27 12 8.40
27 13 9.90
27 14 13.00
27 15 12.70
27 16 12.04
27 17 11.37
27 18 10.68
27 19 9.96
27 20 9.22
27 21 8.44
27 22 7.62
27 23 6.73
27 24 5.75
27 25 4.62
27 26 3.18
27 27 0.00
27 28 16.37
27 29 16.78
27 30 17.03
27 31 17.19
27 32 17.26
27 33 17.27
27 34 17.20
27 35 17.07
27 36 16.86
27 37 16.54
27 38 16.07
27 39 15.30
27 40 13.00
27 41 17.15
27 42 18.26
27 43 19.19
27 44 19.98
27 45 20.69
27 46 21.31
27 47 21.86
27 48 22.35
27 49 22.76
27 50 23.10
27 51 23.33
27 52 23.37
27 53 22.52
27 54 14.61
27 55 15.78
27 56 16.89
27 57 17.94
27 58 18.95
27 59 19.92
27 60 20.86
27 61 21.77
27 62 22.66
27 63 23.52
27 64 24.36
27 65 25.18
27 66 26.00
27 67 10.32
27 68 10.61
27 69 11.15
27 70 11.86
27 71 12.67
27 72 13.56
27 73 14.51
27 74 15.51
27 75 16.57
27 76 17.68
27 77 18.88
27 78 20.25
27 79 22.52
27 80 19.94
28 1 10.40
28 2 7.42
28 3 8.65
28 4 9.72
28 5 10.69
28 6 11.58
28 7 12.42
28 8 13.21
28 9 13.97
28 10 14.69
28 11 15.38
28 12 16.04
28 13 16.66
28 14 17.15
28 15 4.28
28 16 5.47
28 17 6.58
28 18 7.64
28 19 8.64
28 20 9.60
28 21 10.54
28 22 11.45
28 23 12.35
28 24 13.25
28 25 14.16
28 26 15.11
28 27 16.37
28 28 0.00
28 29 1.24
28 30 2.36
28 31 3.39
28 32 4.37
28 33 5.33
28 34 6.26
28 35 7.18
28 36 8.10
28 37 9.03
28 38 10.00
28 39 11.06
28 40 12.70
28 41 4.28
28 42 4.25
28 43 4.34
28 44 4.53
28 45 4.80
28 46 5.14
28 47 5.54
28 48 5.97
28 49 6.45
28 50 6.95
28 51 7.50
28 52 8.10
28 53 8.98
28 54 7.42
28 55 7.93
28 56 8.36
28 57 8.74
28 58 9.09
28 59 9.40
28 60 9.70
28 61 9.98
28 62 10.23
28 63 10.45
28 64 10.63
28 65 10.71
28 66 10.32
28 67 8.57
28 68 9.55
28 69 10.38
28 70 11.10
28 71 11.75
28 72 12.34
28 73 12.89
28 74 13.39
28 75 13.85
28 76 14.26
28 77 14.61
28 78 14.86
28 79 14.61
28 80 3.82
29 1 10.96
29 2 7.93
29 3 9.18
29 4 10.28
29 5 11.28
29 6 12.22
29 7 13.10
29 8 13.94
29 9 14.74
29 10 15.51
29 11 16.25
29 12 16.97
29 13 17.65
29 14 18.26
29 15 4.25
29 16 5.30
29 17 6.37
29 18 7.41
29 19 8.43
29 20 9.42
29 21 10.40
29 22 11.36
29 23 12.31
29 24 13.27
29 25 14.25
29 26 15.29
29 27 16.78
29 28 1.24
29 29 0.00
29 30 1.12
29 31 2.17
29 32 3.17
29 33 4.15
29 34 5.11
29 35 6.06
29 36 7.02
29 37 8.00
29 38 9.03
29 39 10.18
29 40 12.04
29 41 5.47
29 42 5.30
29 43 5.20
29 44 5.18
29 45 5.22
29 46 5.33
29 47 5.50
29 48 5.73
29 49 6.01
29 50 6.33
29 51 6.70
29 52 7.13
29 53 7.79
29 54 8.65
29 55 9.18
29 56 9.60
29 57 9.96
29 58 10.27
29 59 10.55
29 60 10.79
29 61 11.01
29 62 11.19
29 63 11.32
29 64 11.39
29 65 11.34
29 66 10.61
29 67 9.55
29 68 10.59
29 69 11.47
29 70 12.22
29 71 12.91
29 72 13.52
29 73 14.09
29 74 14.61
29 75 15.08
29 76 15.50
29 77 15.85
29 78 16.09
29 79 15.78
29 80 4.16
30 1 11.39
30 2 8.36
30 3 9.60
30 4 10.72
30 5 11.75
30 6 12.72
30 7 13.63
30 8 14.51
30 9 15.35
30 10 16.16
30 11 16.95
30 12 17.71
30 13 18.45
30 14 19.19
30 15 4.34
30 16 5.20
30 17 6.19
30 18 7.20
30 19 8.21
30 20 9.21
30 21 10.21
30 22 11.20
30 23 12.19
30 24 13.19
30 25 14.23
30 26 15.36
30 27 17.03
30 28 2.36
30 29 1.12
30 30 0.00
30 31 1.05
30 32 2.07
30 33 3.06
30 34 4.03
30 35 5.01
30 36 6.00
30 37 7.02
30 38 8.10
30 39 9.31
30 40 11.37
30 41 6.59
30 42 6.37
30 43 6.19
30 44 6.05
30 45 5.95
30 46 5.89
30 47 5.89
30 48 5.92
30 49 6.00
30 50 6.13
30 51 6.29
30 52 6.50
30 53 6.81
30 54 9.72
30 55 10.28
30 56 10.72
30 57 11.08
30 58 11.39
30 59 11.65
30 60 11.87
30 61 12.05
30 62 12.19
30 63 12.27
30 64 12.28
30 65 12.12
30 66 11.15
30 67 10.38
30 68 11.47
30 69 12.38
30 70 13.17
30 71 13.89
30 72 14.53
30 73 15.13
30 74 15.67
30 75 16.16
30 76 16.60
30 77 16.96
30 78 17.21
30 79 16.89
30 80 4.87
31 1 11.73
31 2 8.74
31 3 9.96
31 4 11.08
31 5 12.13
31 6 13.12
31 7 14.06
31 8 14.96
31 9 15.84
31 10 16.69
31 11 17.52
31 12 18.33
31 13 19.13
31 14 19.98
31 15 4.53
31 16 5.18
31 17 6.05
31 18 7.00
31 19 7.99
31 20 8.98
31 21 9.98
31 22 10.99
31 23 12.01
31 24 13.06
31 25 14.14
31 26 15.34
31 27 17.19
31 28 3.39
31 29 2.17
31 30 1.05
31 31 0.00
31 32 1.02
31 33 2.02
31 34 3.01
31 35 4.00
31 36 5.01
31 37 6.06
31 38 7.18
31 39 8.45
31 40 10.68
31 41 7.64
31 42 7.41
31 43 7.20
31 44 7.00
31 45 6.82
31 46 6.66
31 47 6.53
31 48 6.42
31 49 6.34
31 50 6.27
31 51 6.23
31 52 6.19
31 53 6.05
31 54 10.69
31 55 11.28
31 56 11.75
31 57 12.13
31 58 12.44
31 59 12.70
31 60 12.92
31 61 13.09
31 62 13.20
31 63 13.26
31 64 13.22
31 65 13.00
31 66 11.86
31 67 11.10
31 68 12.22
31 69 13.17
31 70 14.00
31 71 14.75
31 72 15.43
31 73 16.05
31 74 16.61
31 75 17.13
31 76 17.59
31 77 17.98
31 78 18.25
31 79 17.94
31 80 5.74
32 1 12.02
32 2 9.09
32 3 10.27
32 4 11.39
32 5 12.44
32 6 13.44
32 7 14.41
32 8 15.34
32 9 16.25
32 10 17.13
32 11 17.99
32 12 18.85
32 13 19.71
32 14 20.69
32 15 4.80
32 16 5.22
32 17 5.95
32 18 6.82
32 19 7.76
32 20 8.74
32 21 9.74
32 22 10.75
32 23 11.79
32 24 12.87
32 25 14.00
32 26 15.25
32 27 17.26
32 28 4.37
32 29 3.17
32 30 2.07
32 31 1.02
32 32 0.00
32 33 1.00
32 34 2.00
32 35 3.01
32 36 4.03
32 37 5.11
32 38 6.26
32 39 7.58
32 40 9.96
32 41 8.64
32 42 8.43
32 43 8.21
32 44 7.99
32 45 7.76
32 46 7.54
32 47 7.33
32 48 7.12
32 49 6.91
32 50 6.69
32 51 6.47
32 52 6.18
32 53 5.53
32 54 11.58
32 55 12.22
32 56 12.72
32 57 13.11
32 58 13.44
32 59 13.72
32 60 13.94
32 61 14.10
32 62 14.21
32 63 14.25
32 64 14.19
32 65 13.93
32 66 12.67
32 67 11.75
32 68 12.91
32 69 13.89
32 70 14.75
32 71 15.52
32 72 16.23
32 73 16.88
32 74 17.48
32 75 18.02
32 76 18.51
32 77 18.92
32 78 19.22
32 79 18.95
32 80 6.69
33 1 12.26
33 2 9.40
33 3 10.55
33 4 11.65
33 5 12.70
33 6 13.72
33 7 14.70
33 8 15.65
33 9 16.58
33 10 17.49
33 11 18.40
33 12 19.30
33 13 20.21
33 14 21.31
33 15 5.14
33 16 5.33
33 17 5.89
33 18 6.66
33 19 7.54
33 20 8.49
33 21 9.47
33 22 10.49
33 23 11.54
33 24 12.63
33 25 13.80
33 26 15.11
33 27 17.27
33 28 5.33
33 29 4.15
33 30 3.06
33 31 2.02
33 32 1.00
33 33 0.00
33 34 1.00
33 35 2.02
33 36 3.06
33 37 4.15
33 38 5.33
33 39 6.70
33 40 9.22
33 41 9.60
33 42 9.42
33 43 9.21
33 44 8.98
33 45 8.74
33 46 8.49
33 47 8.22
33 48 7.94
33 49 7.65
33 50 7.33
33 51 6.95
33 52 6.46
33 53 5.28
33 54 12.42
33 55 13.10
33 56 13.63
33 57 14.06
33 58 14.41
33 59 14.70
33 60 14.93
33 61 15.10
33 62 15.21
33 63 15.25
33 64 15.18
33 65 14.90
33 66 13.56
33 67 12.34
33 68 13.52
33 69 14.53
33 70 15.43
33 71 16.23
33 72 16.97
33 73 17.65
33 74 18.27
33 75 18.85
33 76 19.36
33 77 19.81
33 78 20.13
33 79 19.92
33 80 7.67
34 1 12.46
34 2 9.70
34 3 10.80
34 4 11.87
34 5 12.92
34 6 13.94
34 7 14.93
34 8 15.90
34 9 16.85
34 10 17.79
34 11 18.73
34 12 19.67
34 13 20.64
34 14 21.86
34 15 5.54
34 16 5.50
34 17 5.89
34 18 6.53
34 19 7.33
34 20 8.22
34 21 9.18
34 22 10.19
34 23 11.24
34 24 12.35
34 25 13.55
34 26 14.91
34 27 17.20
34 28 6.26
34 29 5.11
34 30 4.03
34 31 3.01
34 32 2.00
34 33 1.00
34 34 0.00
34 35 1.02
34 36 2.07
34 37 3.17
34 38 4.38
34 39 5.79
34 40 8.44
34 41 10.54
34 42 10.40
34 43 10.21
34 44 9.98
34 45 9.74
34 46 9.47
34 47 9.18
34 48 8.86
34 49 8.51
34 50 8.11
34 51 7.63
34 52 6.98
34 53 5.34
34 54 13.21
34 55 13.94
34 56 14.51
34 57 14.96
34 58 15.34
34 59 15.65
34 60 15.90
34 61 16.09
34 62 16.21
34 63 16.25
34 64 16.18
34 65 15.89
34 66 14.51
34 67 12.89
34 68 14.09
34 69 15.13
34 70 16.05
34 71 16.88
34 72 17.65
34 73 18.36
34 74 19.01
34 75 19.62
34 76 20.16
34 77 20.64
34 78 21.01
34 79 20.86
34 80 8.68
35 1 12.61
35 2 9.98
35 3 11.01
35 4 12.05
35 5 13.09
35 6 14.10
35 7 15.10
35 8 16.09
35 9 17.06
35 10 18.03
35 11 19.00
35 12 19.98
35 13 21.00
35 14 22.35
35 15 5.97
35 16 5.73
35 17 5.92
35 18 6.42
35 19 7.12
35 20 7.94
35 21 8.86
35 22 9.85
35 23 10.90
35 24 12.02
35 25 13.24
35 26 14.64
35 27 17.07
35 28 7.18
35 29 6.06
35 30 5.01
35 31 4.00
35 32 3.01
35 33 2.02
35 34 1.02
35 35 0.00
35 36 1.05
35 37 2.17
35 38 3.39
35 39 4.84
35 40 7.62
35 41 11.45
35 42 11.36
35 43 11.20
35 44 10.99
35 45 10.75
35 46 10.49
35 47 10.19
35 48 9.85
35 49 9.47
35 50 9.02
35 51 8.47
35 52 7.70
35 53 5.71
35 54 13.97
35 55 14.74
35 56 15.35
35 57 15.84
35 58 16.24
35 59 16.58
35 60 16.85
35 61 17.06
35 62 17.20
35 63 17.25
35 64 17.19
35 65 16.91
35 66 15.51
35 67 13.39
35 68 14.61
35 69 15.67
35 70 16.61
35 71 17.48
35 72 18.27
35 73 19.01
35 74 19.70
35 75 20.33
35 76 20.92
35 77 21.43
35 78 21.84
35 79 21.77
35 80 9.69
36 1 12.71
36 2 10.23
36 3 11.19
36 4 12.19
36 5 13.20
36 6 14.21
36 7 15.21
36 8 16.21
36 9 17.20
36 10 18.19
36 11 19.19
36 12 20.21
36 13 21.29
36 14 22.76
36 15 6.45
36 16 6.01
36 17 6.00
36 18 6.34
36 19 6.91
36 20 7.65
36 21 8.51
36 22 9.47
36 23 10.50
36 24 11.62
36 25 12.86
36 26 14.30
36 27 16.86
36 28 8.10
36 29 7.02
36 30 6.00
36 31 5.01
36 32 4.03
36 33 3.06
36 34 2.07
36 35 1.05
36 36 0.00
36 37 1.12
36 38 2.36
36 39 3.84
36 40 6.73
36 41 12.35
36 42 12.31
36 43 12.19
36 44 12.01
36 45 11.79
36 46 11.54
36 47 11.24
36 48 10.90
36 49 10.50
36 50 10.03
36 51 9.43
36 52 8.58
36 53 6.36
36 54 14.69
36 55 15.51
36 56 16.16
36 57 16.69
36 58 17.13
36 59 17.49
36 60 17.79
36 61 18.03
36 62 18.19
36 63 18.27
36 64 18.22
36 65 17.96
36 66 16.57
36 67 13.85
36 68 15.08
36 69 16.16
36 70 17.13
36 71 18.02
36 72 18.85
36 73 19.62
36 74 20.33
36 75 21.00
36 76 21.62
36 77 22.17
36 78 22.63
36 79 22.66
36 80 10.73
37 1 12.75
37 2 10.45
37 3 11.32
37 4 12.27
37 5 13.26
37 6 14.25
37 7 15.25
37 8 16.25
37 9 17.25
37 10 18.27
37 11 19.29
37 12 20.35
37 13 21.49
37 14 23.10
37 15 6.95
37 16 6.33
37 17 6.13
37 18 6.27
37 19 6.70
37 20 7.33
37 21 8.11
37 22 9.02
37 23 10.03
37 24 11.14
37 25 12.38
37 26 13.86
37 27 16.54
37 28 9.03
37 29 8.00
37 30 7.02
37 31 6.06
37 32 5.11
37 33 4.15
37 34 3.17
37 35 2.17
37 36 1.12
37 37 0.00
37 38 1.24
37 39 2.75
37 40 5.75
37 41 13.25
37 42 13.27
37 43 13.19
37 44 13.06
37 45 12.87
37 46 12.63
37 47 12.35
37 48 12.02
37 49 11.62
37 50 11.14
37 51 10.52
37 52 9.63
37 53 7.25
37 54 15.38
37 55 16.25
37 56 16.95
37 57 17.52
37 58 17.99
37 59 18.40
37 60 18.73
37 61 19.00
37 62 19.19
37 63 19.29
37 64 19.28
37 65 19.04
37 66 17.68
37 67 14.26
37 68 15.50
37 69 16.60
37 70 17.59
37 71 18.51
37 72 19.36
37 73 20.16
37 74 20.92
37 75 21.62
37 76 22.28
37 77 22.88
37 78 23.39
37 79 23.52
37 80 11.80
38 1 12.71
38 2 10.63
38 3 11.39
38 4 12.28
38 5 13.22
38 6 14.19
38 7 15.18
38 8 16.18
38 9 17.19
38 10 18.22
38 11 19.27
38 12 20.37
38 13 21.57
38 14 23.33
38 15 7.50
38 16 6.70
38 17 6.29
38 18 6.23
38 19 6.47
38 20 6.95
38 21 7.63
38 22 8.47
38 23 9.43
38 24 10.52
38 25 11.76
38 26 13.26
38 27 16.07
38 28 10.00
38 29 9.03
38 30 8.10
38 31 7.18
38 32 6.26
38 33 5.33
38 34 4.38
38 35 3.39
38 36 2.36
38 37 1.24
38 38 0.00
38 39 1.52
38 40 4.62
38 41 14.16
38 42 14.25
38 43 14.23
38 44 14.14
38 45 14.00
38 46 13.80
38 47 13.55
38 48 13.24
38 49 12.86
38 50 12.38
38 51 11.76
38 52 10.86
38 53 8.40
38 54 16.04
38 55 16.97
38 56 17.71
38 57 18.33
38 58 18.85
38 59 19.30
38 60 19.67
38 61 19.98
38 62 20.21
38 63 20.35
38 64 20.37
38 65 20.18
38 66 18.88
38 67 14.61
38 68 15.85
38 69 16.96
38 70 17.98
38 71 18.92
38 72 19.81
38 73 20.64
38 74 21.43
38 75 22.17
38 76 22.88
38 77 23.52
38 78 24.10
38 79 24.36
38 80 12.92
39 1 12.49
39 2 10.71
39 3 11.34
39 4 12.12
39 5 13.00
39 6 13.93
39 7 14.90
39 8 15.89
39 9 16.91
39 10 17.96
39 11 19.04
39 12 20.18
39 13 21.43
39 14 23.37
39 15 8.10
39 16 7.13
39 17 6.50
39 18 6.19
39 19 6.18
39 20 6.46
39 21 6.98
39 22 7.70
39 23 8.59
39 24 9.63
39 25 10.86
39 26 12.37
39 27 15.30
39 28 11.06
39 29 10.18
39 30 9.31
39 31 8.45
39 32 7.58
39 33 6.70
39 34 5.79
39 35 4.84
39 36 3.84
39 37 2.75
39 38 1.52
39 39 0.00
39 40 3.18
39 41 15.11
39 42 15.29
39 43 15.36
39 44 15.34
39 45 15.25
39 46 15.11
39 47 14.91
39 48 14.64
39 49 14.30
39 50 13.86
39 51 13.26
39 52 12.38
39 53 9.90
39 54 16.66
39 55 17.65
39 56 18.45
39 57 19.13
39 58 19.71
39 59 20.21
39 60 20.64
39 61 21.00
39 62 21.29
39 63 21.49
39 64 21.57
39 65 21.43
39 66 20.25
39 67 14.86
39 68 16.09
39 69 17.21
39 70 18.25
39 71 19.22
39 72 20.13
39 73 21.01
39 74 21.84
39 75 22.63
39 76 23.39
39 77 24.10
39 78 24.75
39 79 25.18
39 80 14.17
40 1 11.36
40 2 10.32
40 3 10.61
40 4 11.15
40 5 11.86
40 6 12.67
40 7 13.56
40 8 14.51
40 9 15.51
40 10 16.57
40 11 17.68
40 12 18.88
40 13 20.25
40 14 22.52
40 15 8.98
40 16 7.78
40 17 6.81
40 18 6.05
40 19 5.53
40 20 5.28
40 21 5.34
40 22 5.71
40 23 6.36
40 24 7.25
40 25 8.40
40 26 9.90
40 27 13.00
40 28 12.70
40 29 12.04
40 30 11.37
40 31 10.68
40 32 9.96
40 33 9.22
40 34 8.44
40 35 7.62
40 36 6.73
40 37 5.75
40 38 4.62
40 39 3.18
40 40 0.00
40 41 16.37
40 42 16.78
40 43 17.03
40 44 17.19
40 45 17.26
40 46 17.27
40 47 17.20
40 48 17.07
40 49 16.86
40 50 16.54
40 51 16.07
40 52 15.30
40 53 13.00
40 54 17.15
40 55 18.26
40 56 19.19
40 57 19.98
40 58 20.69
40 59 21.31
40 60 21.86
40 61 22.35
40 62 22.76
40 63 23.10
40 64 23.33
40 65 23.37
40 66 22.52
40 67 14.61
40 68 15.78
40 69 16.89
40 70 17.94
40 71 18.95
40 72 19.92
40 73 20.86
40 74 21.77
40 75 22.66
40 76 23.52
40 77 24.36
40 78 25.18
40 79 26.00
40 80 16.19
41 1 11.00
41 2 8.57
41 3 9.55
41 4 10.38
41 5 11.10
41 6 11.75
41 7 12.34
41 8 12.89
41 9 13.39
41 10 13.85
41 11 14.26
41 12 14.61
41 13 14.85
41 14 14.61
41 15 7.42
41 16 8.65
41 17 9.72
41 18 10.69
41 19 11.58
41 20 12.42
41 21 13.21
41 22 13.97
41 23 14.69
41 24 15.38
41 25 16.04
41 26 16.66
41 27 17.15
41 28 4.28
41 29 5.47
41 30 6.59
41 31 7.64
41 32 8.64
41 33 9.60
41 34 10.54
41 35 11.45
41 36 12.35
41 37 13.25
41 38 14.16
41 39 15.11
41 40 16.37
41 41 0.00
41 42 1.24
41 43 2.36
41 44 3.39
41 45 4.37
41 46 5.33
41 47 6.26
41 48 7.18
41 49 8.10
41 50 9.03
41 51 10.00
41 52 11.06
41 53 12.70
41 54 4.28
41 55 4.25
41 56 4.34
41 57 4.53
41 58 4.80
41 59 5.14
41 60 5.54
41 61 5.97
41 62 6.45
41 63 6.95
41 64 7.50
41 65 8.10
41 66 8.98
41 67 7.42
41 68 7.93
41 69 8.36
41 70 8.74
41 71 9.09
41 72 9.40
41 73 9.70
41 74 9.98
41 75 10.23
41 76 10.45
41 77 10.63
41 78 10.71
41 79 10.32
41 80 4.27
42 1 12.10
42 2 9.55
42 3 10.59
42 4 11.46
42 5 12.22
42 6 12.91
42 7 13.52
42 8 14.09
42 9 14.61
42 10 15.08
42 11 15.50
42 12 15.85
42 13 16.09
42 14 15.78
42 15 7.93
42 16 9.18
42 17 10.28
42 18 11.28
42 19 12.22
42 20 13.10
42 21 13.94
42 22 14.74
42 23 15.51
42 24 16.25
42 25 16.97
42 26 17.65
42 27 18.26
42 28 4.25
42 29 5.30
42 30 6.37
42 31 7.41
42 32 8.43
42 33 9.42
42 34 10.40
42 35 11.36
42 36 12.31
42 37 13.27
42 38 14.25
42 39 15.29
42 40 16.78
42 41 1.24
42 42 0.00
42 43 1.12
42 44 2.17
42 45 3.17
42 46 4.15
42 47 5.11
42 48 6.06
42 49 7.02
42 50 8.00
42 51 9.03
42 52 10.18
42 53 12.04
42 54 5.47
42 55 5.30
42 56 5.20
42 57 5.18
42 58 5.22
42 59 5.33
42 60 5.50
42 61 5.73
42 62 6.01
42 63 6.33
42 64 6.70
42 65 7.13
42 66 7.79
42 67 8.65
42 68 9.18
42 69 9.60
42 70 9.96
42 71 10.27
42 72 10.55
42 73 10.80
42 74 11.01
42 75 11.19
42 76 11.32
42 77 11.39
42 78 11.34
42 79 10.61
42 80 3.21
43 1 13.03
43 2 10.38
43 3 11.46
43 4 12.38
43 5 13.17
43 6 13.89
43 7 14.53
43 8 15.13
43 9 15.67
43 10 16.16
43 11 16.60
43 12 16.96
43 13 17.21
43 14 16.89
43 15 8.36
43 16 9.60
43 17 10.72
43 18 11.75
43 19 12.72
43 20 13.63
43 21 14.51
43 22 15.35
43 23 16.16
43 24 16.95
43 25 17.71
43 26 18.45
43 27 19.19
43 28 4.34
43 29 5.20
43 30 6.19
43 31 7.20
43 32 8.21
43 33 9.21
43 34 10.21
43 35 11.20
43 36 12.19
43 37 13.19
43 38 14.23
43 39 15.36
43 40 17.03
43 41 2.36
43 42 1.12
43 43 0.00
43 44 1.05
43 45 2.07
43 46 3.06
43 47 4.03
43 48 5.01
43 49 6.00
43 50 7.02
43 51 8.10
43 52 9.31
43 53 11.37
43 54 6.58
43 55 6.37
43 56 6.19
43 57 6.05
43 58 5.95
43 59 5.89
43 60 5.89
43 61 5.92
43 62 6.00
43 63 6.13
43 64 6.30
43 65 6.50
43 66 6.81
43 67 9.72
43 68 10.28
43 69 10.72
43 70 11.08
43 71 11.39
43 72 11.65
43 73 11.87
43 74 12.05
43 75 12.19
43 76 12.27
43 77 12.28
43 78 12.12
43 79 11.15
43 80 2.28
44 1 13.83
44 2 11.10
44 3 12.22
44 4 13.17
44 5 14.00
44 6 14.75
44 7 15.43
44 8 16.05
44 9 16.62
44 10 17.13
44 11 17.59
44 12 17.98
44 13 18.25
44 14 17.94
44 15 8.74
44 16 9.96
44 17 11.08
44 18 12.13
44 19 13.12
44 20 14.06
44 21 14.96
44 22 15.84
44 23 16.69
44 24 17.52
44 25 18.33
44 26 19.13
44 27 19.98
44 28 4.53
44 29 5.18
44 30 6.05
44 31 7.00
44 32 7.99
44 33 8.98
44 34 9.98
44 35 10.99
44 36 12.01
44 37 13.06
44 38 14.14
44 39 15.34
44 40 17.19
44 41 3.39
44 42 2.17
44 43 1.05
44 44 0.00
44 45 1.02
44 46 2.02
44 47 3.01
44 48 4.00
44 49 5.01
44 50 6.06
44 51 7.18
44 52 8.45
44 53 10.68
44 54 7.64
44 55 7.41
44 56 7.20
44 57 7.00
44 58 6.82
44 59 6.66
44 60 6.53
44 61 6.42
44 62 6.33
44 63 6.27
44 64 6.23
44 65 6.19
44 66 6.05
44 67 10.69
44 68 11.28
44 69 11.75
44 70 12.13
44 71 12.44
44 72 12.70
44 73 12.92
44 74 13.09
44 75 13.20
44 76 13.26
44 77 13.22
44 78 13.00
44 79 11.86
44 80 1.49
45 1 14.55
45 2 11.75
45 3 12.91
45 4 13.89
45 5 14.75
45 6 15.52
45 7 16.23
45 8 16.88
45 9 17.48
45 10 18.02
45 11 18.51
45 12 18.92
45 13 19.22
45 14 18.95
45 15 9.09
45 16 10.27
45 17 11.39
45 18 12.44
45 19 13.44
45 20 14.41
45 21 15.34
45 22 16.24
45 23 17.13
45 24 17.99
45 25 18.85
45 26 19.71
45 27 20.69
45 28 4.80
45 29 5.22
45 30 5.95
45 31 6.82
45 32 7.76
45 33 8.74
45 34 9.74
45 35 10.75
45 36 11.79
45 37 12.87
45 38 14.00
45 39 15.25
45 40 17.26
45 41 4.37
45 42 3.17
45 43 2.07
45 44 1.02
45 45 0.00
45 46 1.00
45 47 2.00
45 48 3.01
45 49 4.03
45 50 5.11
45 51 6.26
45 52 7.58
45 53 9.96
45 54 8.64
45 55 8.43
45 56 8.21
45 57 7.99
45 58 7.76
45 59 7.54
45 60 7.33
45 61 7.12
45 62 6.91
45 63 6.70
45 64 6.47
45 65 6.18
45 66 5.53
45 67 11.58
45 68 12.22
45 69 12.72
45 70 13.12
45 71 13.44
45 72 13.72
45 73 13.94
45 74 14.10
45 75 14.21
45 76 14.25
45 77 14.19
45 78 13.93
45 79 12.67
45 80 1.08
46 1 15.21
46 2 12.34
46 3 13.52
46 4 14.53
46 5 15.43
46 6 16.23
46 7 16.97
46 8 17.65
46 9 18.27
46 10 18.85
46 11 19.36
46 12 19.81
46 13 20.13
46 14 19.92
46 15 9.41
46 16 10.55
46 17 11.65
46 18 12.70
46 19 13.72
46 20 14.70
46 21 15.65
46 22 16.58
46 23 17.49
46 24 18.40
46 25 19.30
46 26 20.21
46 27 21.31
46 28 5.14
46 29 5.33
46 30 5.89
46 31 6.66
46 32 7.54
46 33 8.49
46 34 9.47
46 35 10.49
46 36 11.54
46 37 12.63
46 38 13.80
46 39 15.11
46 40 17.27
46 41 5.33
46 42 4.15
46 43 3.06
46 44 2.02
46 45 1.00
46 46 0.00
46 47 1.00
46 48 2.02
46 49 3.06
46 50 4.15
46 51 5.33
46 52 6.70
46 53 9.22
46 54 9.60
46 55 9.42
46 56 9.21
46 57 8.98
46 58 8.74
46 59 8.49
46 60 8.22
46 61 7.94
46 62 7.65
46 63 7.33
46 64 6.95
46 65 6.46
46 66 5.28
46 67 12.42
46 68 13.10
46 69 13.63
46 70 14.06
46 71 14.41
46 72 14.70
46 73 14.93
46 74 15.10
46 75 15.21
46 76 15.25
46 77 15.18
46 78 14.90
46 79 13.56
46 80 1.37
47 1 15.81
47 2 12.89
47 3 14.09
47 4 15.13
47 5 16.05
47 6 16.88
47 7 17.65
47 8 18.36
47 9 19.01
47 10 19.62
47 11 20.16
47 12 20.64
47 13 21.01
47 14 20.86
47 15 9.70
47 16 10.80
47 17 11.87
47 18 12.92
47 19 13.93
47 20 14.93
47 21 15.90
47 22 16.85
47 23 17.79
47 24 18.73
47 25 19.67
47 26 20.64
47 27 21.86
47 28 5.54
47 29 5.50
47 30 5.89
47 31 6.53
47 32 7.33
47 33 8.22
47 34 9.18
47 35 10.19
47 36 11.24
47 37 12.35
47 38 13.55
47 39 14.91
47 40 17.20
47 41 6.26
47 42 5.11
47 43 4.03
47 44 3.01
47 45 2.00
47 46 1.00
47 47 0.00
47 48 1.02
47 49 2.07
47 50 3.17
47 51 4.37
47 52 5.79
47 53 8.44
47 54 10.54
47 55 10.40
47 56 10.21
47 57 9.98
47 58 9.74
47 59 9.47
47 60 9.18
47 61 8.86
47 62 8.51
47 63 8.11
47 64 7.63
47 65 6.98
47 66 5.34
47 67 13.21
47 68 13.94
47 69 14.51
47 70 14.96
47 71 15.34
47 72 15.65
47 73 15.90
47 74 16.09
47 75 16.21
47 76 16.25
47 77 16.18
47 78 15.89
47 79 14.51
47 80 2.08
48 1 16.35
48 2 13.39
48 3 14.61
48 4 15.67
48 5 16.62
48 6 17.48
48 7 18.27
48 8 19.01
48 9 19.70
48 10 20.33
48 11 20.92
48 12 21.43
48 13 21.84
48 14 21.77
48 15 9.98
48 16 11.01
48 17 12.05
48 18 13.09
48 19 14.10
48 20 15.10
48 21 16.09
48 22 17.06
48 23 18.03
48 24 19.00
48 25 19.98
48 26 21.00
48 27 22.35
48 28 5.97
48 29 5.73
48 30 5.92
48 31 6.42
48 32 7.12
48 33 7.94
48 34 8.86
48 35 9.85
48 36 10.90
48 37 12.02
48 38 13.24
48 39 14.64
48 40 17.07
48 41 7.18
48 42 6.06
48 43 5.01
48 44 4.00
48 45 3.01
48 46 2.02
48 47 1.02
48 48 0.00
48 49 1.05
48 50 2.17
48 51 3.39
48 52 4.84
48 53 7.62
48 54 11.45
48 55 11.36
48 56 11.20
48 57 10.99
48 58 10.75
48 59 10.49
48 60 10.19
48 61 9.85
48 62 9.47
48 63 9.02
48 64 8.47
48 65 7.70
48 66 5.71
48 67 13.97
48 68 14.74
48 69 15.35
48 70 15.84
48 71 16.25
48 72 16.58
48 73 16.85
48 74 17.06
48 75 17.20
48 76 17.25
48 77 17.19
48 78 16.91
48 79 15.51
48 80 2.92
49 1 16.84
49 2 13.85
49 3 15.08
49 4 16.16
49 5 17.13
49 6 18.02
49 7 18.85
49 8 19.62
49 9 20.33
49 10 21.00
49 11 21.62
49 12 22.17
49 13 22.63
49 14 22.66
49 15 10.23
49 16 11.19
49 17 12.19
49 18 13.20
49 19 14.21
49 20 15.21
49 21 16.21
49 22 17.20
49 23 18.19
49 24 19.19
49 25 20.21
49 26 21.29
49 27 22.76
49 28 6.45
49 29 6.01
49 30 6.00
49 31 6.34
49 32 6.91
49 33 7.65
49 34 8.51
49 35 9.47
49 36 10.50
49 37 11.62
49 38 12.86
49 39 14.30
49 40 16.86
49 41 8.10
49 42 7.02
49 43 6.00
49 44 5.01
49 45 4.03
49 46 3.06
49 47 2.07
49 48 1.05
49 49 0.00
49 50 1.12
49 51 2.36
49 52 3.84
49 53 6.73
49 54 12.35
49 55 12.31
49 56 12.19
49 57 12.01
49 58 11.79
49 59 11.54
49 60 11.24
49 61 10.90
49 62 10.50
49 63 10.03
49 64 9.43
49 65 8.59
49 66 6.36
49 67 14.69
49 68 15.51
49 69 16.16
49 70 16.69
49 71 17.13
49 72 17.49
49 73 17.79
49 74 18.03
49 75 18.19
49 76 18.27
49 77 18.22
49 78 17.96
49 79 16.57
49 80 3.82
50 1 17.28
50 2 14.26
50 3 15.50
50 4 16.60
50 5 17.59
50 6 18.51
50 7 19.36
50 8 20.16
50 9 20.92
50 10 21.62
50 11 22.28
50 12 22.87
50 13 23.38
50 14 23.52
50 15 10.45
50 16 11.32
50 17 12.27
50 18 13.26
50 19 14.25
50 20 15.25
50 21 16.25
50 22 17.25
50 23 18.26
50 24 19.29
50 25 20.35
50 26 21.49
50 27 23.10
50 28 6.95
50 29 6.33
50 30 6.13
50 31 6.27
50 32 6.69
50 33 7.33
50 34 8.11
50 35 9.02
50 36 10.03
50 37 11.14
50 38 12.38
50 39 13.86
50 40 16.54
50 41 9.03
50 42 8.00
50 43 7.02
50 44 6.06
50 45 5.11
50 46 4.15
50 47 3.17
50 48 2.17
50 49 1.12
50 50 0.00
50 51 1.24
50 52 2.75
50 53 5.75
50 54 13.25
50 55 13.27
50 56 13.19
50 57 13.05
50 58 12.87
50 59 12.63
50 60 12.35
50 61 12.02
50 62 11.62
50 63 11.14
50 64 10.52
50 65 9.63
50 66 7.25
50 67 15.38
50 68 16.25
50 69 16.95
50 70 17.52
50 71 17.99
50 72 18.40
50 73 18.73
50 74 19.00
50 75 19.19
50 76 19.29
50 77 19.27
50 78 19.04
50 79 17.68
50 80 4.79
51 1 17.64
51 2 14.61
51 3 15.85
51 4 16.96
51 5 17.98
51 6 18.92
51 7 19.81
51 8 20.64
51 9 21.43
51 10 22.17
51 11 22.87
51 12 23.52
51 13 24.10
51 14 24.36
51 15 10.63
51 16 11.39
51 17 12.28
51 18 13.22
51 19 14.19
51 20 15.18
51 21 16.18
51 22 17.19
51 23 18.22
51 24 19.28
51 25 20.37
51 26 21.57
51 27 23.33
51 28 7.50
51 29 6.70
51 30 6.29
51 31 6.23
51 32 6.47
51 33 6.95
51 34 7.63
51 35 8.47
51 36 9.43
51 37 10.52
51 38 11.76
51 39 13.26
51 40 16.07
51 41 10.00
51 42 9.03
51 43 8.10
51 44 7.18
51 45 6.26
51 46 5.33
51 47 4.37
51 48 3.39
51 49 2.36
51 50 1.24
51 51 0.00
51 52 1.52
51 53 4.62
51 54 14.16
51 55 14.25
51 56 14.23
51 57 14.14
51 58 14.00
51 59 13.80
51 60 13.55
51 61 13.24
51 62 12.86
51 63 12.38
51 64 11.76
51 65 10.86
51 66 8.40
51 67 16.04
51 68 16.97
51 69 17.71
51 70 18.33
51 71 18.85
51 72 19.30
51 73 19.67
51 74 19.98
51 75 20.21
51 76 20.35
51 77 20.37
51 78 20.18
51 79 18.88
51 80 5.83
52 1 17.87
52 2 14.85
52 3 16.09
52 4 17.21
52 5 18.25
52 6 19.22
52 7 20.13
52 8 21.01
52 9 21.84
52 10 22.63
52 11 23.38
52 12 24.10
52 13 24.75
52 14 25.18
52 15 10.71
52 16 11.34
52 17 12.12
52 18 13.00
52 19 13.93
52 20 14.90
52 21 15.89
52 22 16.91
52 23 17.96
52 24 19.04
52 25 20.18
52 26 21.43
52 27 23.37
52 28 8.10
52 29 7.13
52 30 6.50
52 31 6.19
52 32 6.18
52 33 6.46
52 34 6.98
52 35 7.70
52 36 8.58
52 37 9.63
52 38 10.86
52 39 12.38
52 40 15.30
52 41 11.06
52 42 10.18
52 43 9.31
52 44 8.45
52 45 7.58
52 46 6.70
52 47 5.79
52 48 4.84
52 49 3.84
52 50 2.75
52 51 1.52
52 52 0.00
52 53 3.18
52 54 15.11
52 55 15.29
52 56 15.36
52 57 15.34
52 58 15.25
52 59 15.11
52 60 14.91
52 61 14.64
52 62 14.30
52 63 13.86
52 64 13.26
52 65 12.38
52 66 9.90
52 67 16.66
52 68 17.65
52 69 18.45
52 70 19.13
52 71 19.71
52 72 20.21
52 73 20.64
52 74 21.00
52 75 21.29
52 76 21.49
52 77 21.57
52 78 21.43
52 79 20.25
52 80 7.03
53 1 17.52
53 2 14.61
53 3 15.78
53 4 16.89
53 5 17.94
53 6 18.95
53 7 19.92
53 8 20.86
53 9 21.77
53 10 22.66
53 11 23.52
53 12 24.36
53 13 25.18
53 14 26.00
53 15 10.32
53 16 10.61
53 17 11.15
53 18 11.86
53 19 12.67
53 20 13.56
53 21 14.51
53 22 15.51
53 23 16.57
53 24 17.68
53 25 18.88
53 26 20.25
53 27 22.52
53 28 8.98
53 29 7.79
53 30 6.81
53 31 6.05
53 32 5.53
53 33 5.28
53 34 5.34
53 35 5.71
53 36 6.36
53 37 7.25
53 38 8.40
53 39 9.90
53 40 13.00
53 41 12.70
53 42 12.04
53 43 11.37
53 44 10.68
53 45 9.96
53 46 9.22
53 47 8.44
53 48 7.62
53 49 6.73
53 50 5.75
53 51 4.62
53 52 3.18
53 53 0.00
53 54 16.37
53 55 16.78
53 56 17.03
53 57 17.19
53 58 17.26
53 59 17.27
53 60 17.20
53 61 17.07
53 62 16.86
53 63 16.54
53 64 16.07
53 65 15.30
53 66 13.00
53 67 17.15
53 68 18.26
53 69 19.19
53 70 19.98
53 71 20.69
53 72 21.31
53 73 21.86
53 74 22.35
53 75 22.76
53 76 23.10
53 77 23.33
53 78 23.37
53 79 22.52
53 80 9.19
54 1 8.83
54 2 7.42
54 3 7.93
54 4 8.36
54 5 8.74
54 6 9.09
54 7 9.41
54 8 9.70
54 9 9.98
54 10 10.23
54 11 10.45
54 12 10.63
54 13 10.71
54 14 10.32
54 15 8.57
54 16 9.55
54 17 10.38
54 18 11.10
54 19 11.75
54 20 12.34
54 21 12.89
54 22 13.39
54 23 13.85
54 24 14.26
54 25 14.61
54 26 14.86
54 27 14.61
54 28 7.42
54 29 8.65
54 30 9.72
54 31 10.69
54 32 11.58
54 33 12.42
54 34 13.21
54 35 13.97
54 36 14.69
54 37 15.38
54 38 16.04
54 39 16.66
54 40 17.15
54 41 4.28
54 42 5.47
54 43 6.58
54 44 7.64
54 45 8.64
54 46 9.60
54 47 10.54
54 48 11.45
54 49 12.35
54 50 13.25
54 51 14.16
54 52 15.11
54 53 16.37
54 54 0.00
54 55 1.24
54 56 2.36
54 57 3.39
54 58 4.37
54 59 5.33
54 60 6.26
54 61 7.18
54 62 8.10
54 63 9.03
54 64 10.00
54 65 11.06
54 66 12.70
54 67 4.28
54 68 4.25
54 69 4.34
54 70 4.53
54 71 4.80
54 72 5.14
54 73 5.54
54 74 5.97
54 75 6.45
54 76 6.95
54 77 7.50
54 78 8.10
54 79 8.98
54 80 8.54
55 1 10.06
55 2 8.65
55 3 9.18
55 4 9.60
55 5 9.96
55 6 10.27
55 7 10.55
55 8 10.80
55 9 11.01
55 10 11.19
55 11 11.32
55 12 11.39
55 13 11.34
55 14 10.61
55 15 9.55
55 16 10.60
55 17 11.47
55 18 12.23
55 19 12.91
55 20 13.53
55 21 14.09
55 22 14.61
55 23 15.08
55 24 15.50
55 25 15.85
55 26 16.09
55 27 15.78
55 28 7.93
55 29 9.18
55 30 10.28
55 31 11.28
55 32 12.22
55 33 13.10
55 34 13.94
55 35 14.74
55 36 15.51
55 37 16.25
55 38 16.97
55 39 17.65
55 40 18.26
55 41 4.25
55 42 5.30
55 43 6.37
55 44 7.41
55 45 8.43
55 46 9.42
55 47 10.40
55 48 11.36
55 49 12.31
55 50 13.27
55 51 14.25
55 52 15.29
55 53 16.78
55 54 1.24
55 55 0.00
55 56 1.12
55 57 2.17
55 58 3.17
55 59 4.15
55 60 5.11
55 61 6.06
55 62 7.02
55 63 8.00
55 64 9.03
55 65 10.18
55 66 12.04
55 67 5.47
55 68 5.30
55 69 5.20
55 70 5.18
55 71 5.22
55 72 5.33
55 73 5.50
55 74 5.73
55 75 6.01
55 76 6.33
55 77 6.70
55 78 7.13
55 79 7.78
55 80 8.49
56 1 11.18
56 2 9.72
56 3 10.28
56 4 10.72
56 5 11.08
56 6 11.39
56 7 11.65
56 8 11.87
56 9 12.05
56 10 12.19
56 11 12.27
56 12 12.28
56 13 12.12
56 14 11.15
56 15 10.38
56 16 11.47
56 17 12.38
56 18 13.17
56 19 13.89
56 20 14.53
56 21 15.13
56 22 15.67
56 23 16.16
56 24 16.60
56 25 16.96
56 26 17.21
56 27 16.89
56 28 8.36
56 29 9.60
56 30 10.72
56 31 11.75
56 32 12.72
56 33 13.63
56 34 14.51
56 35 15.35
56 36 16.16
56 37 16.95
56 38 17.71
56 39 18.45
56 40 19.19
56 41 4.34
56 42 5.20
56 43 6.19
56 44 7.20
56 45 8.21
56 46 9.21
56 47 10.21
56 48 11.20
56 49 12.19
56 50 13.19
56 51 14.23
56 52 15.36
56 53 17.03
56 54 2.36
56 55 1.12
56 56 0.00
56 57 1.05
56 58 2.07
56 59 3.06
56 60 4.03
56 61 5.01
56 62 6.00
56 63 7.02
56 64 8.10
56 65 9.31
56 66 11.37
56 67 6.58
56 68 6.37
56 69 6.19
56 70 6.05
56 71 5.95
56 72 5.89
56 73 5.89
56 74 5.92
56 75 6.00
56 76 6.13
56 77 6.29
56 78 6.50
56 79 6.81
56 80 8.41
57 1 12.22
57 2 10.69
57 3 11.28
57 4 11.75
57 5 12.13
57 6 12.44
57 7 12.70
57 8 12.92
57 9 13.09
57 10 13.20
57 11 13.26
57 12 13.22
57 13 13.00
57 14 11.86
57 15 11.10
57 16 12.23
57 17 13.17
57 18 14.00
57 19 14.75
57 20 15.43
57 21 16.05
57 22 16.61
57 23 17.13
57 24 17.59
57 25 17.98
57 26 18.25
57 27 17.94
57 28 8.74
57 29 9.96
57 30 11.08
57 31 12.13
57 32 13.11
57 33 14.06
57 34 14.96
57 35 15.84
57 36 16.69
57 37 17.52
57 38 18.33
57 39 19.13
57 40 19.98
57 41 4.53
57 42 5.18
57 43 6.05
57 44 7.00
57 45 7.99
57 46 8.98
57 47 9.98
57 48 10.99
57 49 12.01
57 50 13.05
57 51 14.14
57 52 15.34
57 53 17.19
57 54 3.39
57 55 2.17
57 56 1.05
57 57 0.00
57 58 1.02
57 59 2.02
57 60 3.01
57 61 4.00
57 62 5.01
57 63 6.06
57 64 7.18
57 65 8.45
57 66 10.68
57 67 7.64
57 68 7.41
57 69 7.20
57 70 7.00
57 71 6.82
57 72 6.66
57 73 6.53
57 74 6.42
57 75 6.34
57 76 6.27
57 77 6.23
57 78 6.19
57 79 6.05
57 80 8.32
58 1 13.20
58 2 11.58
58 3 12.22
58 4 12.72
58 5 13.12
58 6 13.44
58 7 13.72
58 8 13.93
58 9 14.10
58 10 14.21
58 11 14.25
58 12 14.19
58 13 13.93
58 14 12.67
58 15 11.75
58 16 12.91
58 17 13.89
58 18 14.75
58 19 15.52
58 20 16.23
58 21 16.88
58 22 17.48
58 23 18.02
58 24 18.51
58 25 18.92
58 26 19.22
58 27 18.95
58 28 9.09
58 29 10.27
58 30 11.39
58 31 12.44
58 32 13.44
58 33 14.41
58 34 15.34
58 35 16.24
58 36 17.13
58 37 17.99
58 38 18.85
58 39 19.71
58 40 20.69
58 41 4.80
58 42 5.22
58 43 5.95
58 44 6.82
58 45 7.76
58 46 8.74
58 47 9.74
58 48 10.75
58 49 11.79
58 50 12.87
58 51 14.00
58 52 15.25
58 53 17.26
58 54 4.37
58 55 3.17
58 56 2.07
58 57 1.02
58 58 0.00
58 59 1.00
58 60 2.00
58 61 3.01
58 62 4.03
58 63 5.11
58 64 6.26
58 65 7.58
58 66 9.96
58 67 8.64
58 68 8.43
58 69 8.21
58 70 7.99
58 71 7.76
58 72 7.54
58 73 7.33
58 74 7.12
58 75 6.91
58 76 6.70
58 77 6.47
58 78 6.18
58 79 5.53
58 80 8.22
59 1 14.13
59 2 12.42
59 3 13.10
59 4 13.63
59 5 14.06
59 6 14.41
59 7 14.70
59 8 14.93
59 9 15.10
59 10 15.21
59 11 15.25
59 12 15.18
59 13 14.90
59 14 13.56
59 15 12.34
59 16 13.53
59 17 14.53
59 18 15.43
59 19 16.23
59 20 16.97
59 21 17.65
59 22 18.27
59 23 18.85
59 24 19.36
59 25 19.81
59 26 20.13
59 27 19.92
59 28 9.40
59 29 10.55
59 30 11.65
59 31 12.70
59 32 13.72
59 33 14.70
59 34 15.65
59 35 16.58
59 36 17.49
59 37 18.40
59 38 19.30
59 39 20.21
59 40 21.31
59 41 5.14
59 42 5.33
59 43 5.89
59 44 6.66
59 45 7.54
59 46 8.49
59 47 9.47
59 48 10.49
59 49 11.54
59 50 12.63
59 51 13.80
59 52 15.11
59 53 17.27
59 54 5.33
59 55 4.15
59 56 3.06
59 57 2.02
59 58 1.00
59 59 0.00
59 60 1.00
59 61 2.02
59 62 3.06
59 63 4.15
59 64 5.33
59 65 6.70
59 66 9.22
59 67 9.60
59 68 9.42
59 69 9.21
59 70 8.98
59 71 8.74
59 72 8.49
59 73 8.22
59 74 7.94
59 75 7.65
59 76 7.33
59 77 6.95
59 78 6.46
59 79 5.28
59 80 8.12
60 1 15.02
60 2 13.21
60 3 13.94
60 4 14.51
60 5 14.96
60 6 15.34
60 7 15.65
60 8 15.90
60 9 16.09
60 10 16.21
60 11 16.25
60 12 16.18
60 13 15.89
60 14 14.51
60 15 12.89
60 16 14.09
60 17 15.13
60 18 16.05
60 19 16.88
60 20 17.65
60 21 18.36
60 22 19.01
60 23 19.62
60 24 20.16
60 25 20.64
60 26 21.01
60 27 20.86
60 28 9.70
60 29 10.79
60 30 11.87
60 31 12.92
60 32 13.94
60 33 14.93
60 34 15.90
60 35 16.85
60 36 17.79
60 37 18.73
60 38 19.67
60 39 20.64
60 40 21.86
60 41 5.54
60 42 5.50
60 43 5.89
60 44 6.53
60 45 7.33
60 46 8.22
60 47 9.18
60 48 10.19
60 49 11.24
60 50 12.35
60 51 13.55
60 52 14.91
60 53 17.20
60 54 6.26
60 55 5.11
60 56 4.03
60 57 3.01
60 58 2.00
60 59 1.00
60 60 0.00
60 61 1.02
60 62 2.07
60 63 3.17
60 64 4.38
60 65 5.79
60 66 8.44
60 67 10.54
60 68 10.40
60 69 10.21
60 70 9.98
60 71 9.74
60 72 9.47
60 73 9.18
60 74 8.86
60 75 8.51
60 76 8.11
60 77 7.63
60 78 6.98
60 79 5.34
60 80 8.02
61 1 15.88
61 2 13.97
61 3 14.74
61 4 15.35
61 5 15.84
61 6 16.24
61 7 16.58
61 8 16.85
61 9 17.06
61 10 17.20
61 11 17.25
61 12 17.19
61 13 16.91
61 14 15.51
61 15 13.39
61 16 14.61
61 17 15.67
61 18 16.61
61 19 17.48
61 20 18.27
61 21 19.01
61 22 19.70
61 23 20.33
61 24 20.92
61 25 21.43
61 26 21.84
61 27 21.77
61 28 9.98
61 29 11.01
61 30 12.05
61 31 13.09
61 32 14.10
61 33 15.10
61 34 16.09
61 35 17.06
61 36 18.03
61 37 19.00
61 38 19.98
61 39 21.00
61 40 22.35
61 41 5.97
61 42 5.73
61 43 5.92
61 44 6.42
61 45 7.12
61 46 7.94
61 47 8.86
61 48 9.85
61 49 10.90
61 50 12.02
61 51 13.24
61 52 14.64
61 53 17.07
61 54 7.18
61 55 6.06
61 56 5.01
61 57 4.00
61 58 3.01
61 59 2.02
61 60 1.02
61 61 0.00
61 62 1.05
61 63 2.17
61 64 3.39
61 65 4.84
61 66 7.62
61 67 11.45
61 68 11.36
61 69 11.20
61 70 10.99
61 71 10.75
61 72 10.49
61 73 10.19
61 74 9.85
61 75 9.47
61 76 9.02
61 77 8.47
61 78 7.70
61 79 5.71
61 80 7.91
62 1 16.71
62 2 14.69
62 3 15.51
62 4 16.16
62 5 16.69
62 6 17.13
62 7 17.49
62 8 17.79
62 9 18.03
62 10 18.19
62 11 18.26
62 12 18.22
62 13 17.96
62 14 16.57
62 15 13.85
62 16 15.08
62 17 16.16
62 18 17.13
62 19 18.02
62 20 18.85
62 21 19.62
62 22 20.33
62 23 21.00
62 24 21.62
62 25 22.17
62 26 22.63
62 27 22.66
62 28 10.23
62 29 11.19
62 30 12.19
62 31 13.20
62 32 14.21
62 33 15.21
62 34 16.21
62 35 17.20
62 36 18.19
62 37 19.19
62 38 20.21
62 39 21.29
62 40 22.76
62 41 6.45
62 42 6.01
62 43 6.00
62 44 6.33
62 45 6.91
62 46 7.65
62 47 8.51
62 48 9.47
62 49 10.50
62 50 11.62
62 51 12.86
62 52 14.30
62 53 16.86
62 54 8.10
62 55 7.02
62 56 6.00
62 57 5.01
62 58 4.03
62 59 3.06
62 60 2.07
62 61 1.05
62 62 0.00
62 63 1.12
62 64 2.36
62 65 3.84
62 66 6.73
62 67 12.35
62 68 12.31
62 69 12.19
62 70 12.01
62 71 11.79
62 72 11.54
62 73 11.24
62 74 10.90
62 75 10.50
62 76 10.03
62 77 9.43
62 78 8.59
62 79 6.36
62 80 7.80
63 1 17.51
63 2 15.38
63 3 16.25
63 4 16.95
63 5 17.52
63 6 17.99
63 7 18.40
63 8 18.73
63 9 19.00
63 10 19.19
63 11 19.29
63 12 19.28
63 13 19.04
63 14 17.68
63 15 14.26
63 16 15.50
63 17 16.60
63 18 17.59
63 19 18.51
63 20 19.36
63 21 20.16
63 22 20.92
63 23 21.62
63 24 22.28
63 25 22.88
63 26 23.39
63 27 23.52
63 28 10.45
63 29 11.32
63 30 12.27
63 31 13.26
63 32 14.25
63 33 15.25
63 34 16.25
63 35 17.25
63 36 18.27
63 37 19.29
63 38 20.35
63 39 21.49
63 40 23.10
63 41 6.95
63 42 6.33
63 43 6.13
63 44 6.27
63 45 6.70
63 46 7.33
63 47 8.11
63 48 9.02
63 49 10.03
63 50 11.14
63 51 12.38
63 52 13.86
63 53 16.54
63 54 9.03
63 55 8.00
63 56 7.02
63 57 6.06
63 58 5.11
63 59 4.15
63 60 3.17
63 61 2.17
63 62 1.12
63 63 0.00
63 64 1.24
63 65 2.75
63 66 5.75
63 67 13.25
63 68 13.27
63 69 13.19
63 70 13.06
63 71 12.87
63 72 12.63
63 73 12.35
63 74 12.02
63 75 11.62
63 76 11.14
63 77 10.52
63 78 9.63
63 79 7.25
63 80 7.67
64 1 18.30
64 2 16.04
64 3 16.97
64 4 17.71
64 5 18.33
64 6 18.85
64 7 19.30
64 8 19.67
64 9 19.98
64 10 20.21
64 11 20.35
64 12 20.37
64 13 20.18
64 14 18.88
64 15 14.61
64 16 15.85
64 17 16.96
64 18 17.98
64 19 18.92
64 20 19.81
64 21 20.64
64 22 21.43
64 23 22.17
64 24 22.88
64 25 23.52
64 26 24.10
64 27 24.36
64 28 10.63
64 29 11.39
64 30 12.28
64 31 13.22
64 32 14.19
64 33 15.18
64 34 16.18
64 35 17.19
64 36 18.22
64 37 19.28
64 38 20.37
64 39 21.57
64 40 23.33
64 41 7.50
64 42 6.70
64 43 6.30
64 44 6.23
64 45 6.47
64 46 6.95
64 47 7.63
64 48 8.47
64 49 9.43
64 50 10.52
64 51 11.76
64 52 13.26
64 53 16.07
64 54 10.00
64 55 9.03
64 56 8.10
64 57 7.18
64 58 6.26
64 59 5.33
64 60 4.38
64 61 3.39
64 62 2.36
64 63 1.24
64 64 0.00
64 65 1.52
64 66 4.62
64 67 14.16
64 68 14.25
64 69 14.23
64 70 14.14
64 71 14.00
64 72 13.80
64 73 13.55
64 74 13.24
64 75 12.86
64 76 12.38
64 77 11.76
64 78 10.86
64 79 8.40
64 80 7.51
65 1 19.07
65 2 16.66
65 3 17.65
65 4 18.45
65 5 19.13
65 6 19.71
65 7 20.21
65 8 20.64
65 9 21.00
65 10 21.29
65 11 21.49
65 12 21.57
65 13 21.43
65 14 20.25
65 15 14.86
65 16 16.09
65 17 17.21
65 18 18.25
65 19 19.22
65 20 20.13
65 21 21.01
65 22 21.84
65 23 22.63
65 24 23.39
65 25 24.10
65 26 24.75
65 27 25.18
65 28 10.71
65 29 11.34
65 30 12.12
65 31 13.00
65 32 13.93
65 33 14.90
65 34 15.89
65 35 16.91
65 36 17.96
65 37 19.04
65 38 20.18
65 39 21.43
65 40 23.37
65 41 8.10
65 42 7.13
65 43 6.50
65 44 6.19
65 45 6.18
65 46 6.46
65 47 6.98
65 48 7.70
65 49 8.59
65 50 9.63
65 51 10.86
65 52 12.38
65 53 15.30
65 54 11.06
65 55 10.18
65 56 9.31
65 57 8.45
65 58 7.58
65 59 6.70
65 60 5.79
65 61 4.84
65 62 3.84
65 63 2.75
65 64 1.52
65 65 0.00
65 66 3.18
65 67 15.11
65 68 15.29
65 69 15.36
65 70 15.34
65 71 15.25
65 72 15.11
65 73 14.91
65 74 14.64
65 75 14.30
65 76 13.86
65 77 13.26
65 78 12.37
65 79 9.90
65 80 7.26
66 1 19.84
66 2 17.15
66 3 18.26
66 4 19.19
66 5 19.98
66 6 20.69
66 7 21.31
66 8 21.86
66 9 22.35
66 10 22.76
66 11 23.10
66 12 23.33
66 13 23.37
66 14 22.52
66 15 14.61
66 16 15.78
66 17 16.89
66 18 17.94
66 19 18.95
66 20 19.92
66 21 20.86
66 22 21.77
66 23 22.66
66 24 23.52
66 25 24.36
66 26 25.18
66 27 26.00
66 28 10.32
66 29 10.61
66 30 11.15
66 31 11.86
66 32 12.67
66 33 13.56
66 34 14.51
66 35 15.51
66 36 16.57
66 37 17.68
66 38 18.88
66 39 20.25
66 40 22.52
66 41 8.98
66 42 7.79
66 43 6.81
66 44 6.05
66 45 5.53
66 46 5.28
66 47 5.34
66 48 5.71
66 49 6.36
66 50 7.25
66 51 8.40
66 52 9.90
66 53 13.00
66 54 12.70
66 55 12.04
66 56 11.37
66 57 10.68
66 58 9.96
66 59 9.22
66 60 8.44
66 61 7.62
66 62 6.73
66 63 5.75
66 64 4.62
66 65 3.18
66 66 0.00
66 67 16.37
66 68 16.78
66 69 17.03
66 70 17.19
66 71 17.26
66 72 17.27
66 73 17.20
66 74 17.07
66 75 16.86
66 76 16.54
66 77 16.07
66 78 15.30
66 79 13.00
66 80 6.51
67 1 4.70
67 2 4.28
67 3 4.25
67 4 4.34
67 5 4.53
67 6 4.80
67 7 5.14
67 8 5.54
67 9 5.97
67 10 6.45
67 11 6.95
67 12 7.50
67 13 8.10
67 14 8.98
67 15 7.42
67 16 7.93
67 17 8.36
67 18 8.74
67 19 9.09
67 20 9.40
67 21 9.70
67 22 9.98
67 23 10.23
67 24 10.45
67 25 10.63
67 26 10.71
67 27 10.32
67 28 8.57
67 29 9.55
67 30 10.38
67 31 11.10
67 32 11.75
67 33 12.34
67 34 12.89
67 35 13.39
67 36 13.85
67 37 14.26
67 38 14.61
67 39 14.86
67 40 14.61
67 41 7.42
67 42 8.65
67 43 9.72
67 44 10.69
67 45 11.58
67 46 12.42
67 47 13.21
67 48 13.97
67 49 14.69
67 50 15.38
67 51 16.04
67 52 16.66
67 53 17.15
67 54 4.28
67 55 5.47
67 56 6.58
67 57 7.64
67 58 8.64
67 59 9.60
67 60 10.54
67 61 11.45
67 62 12.35
67 63 13.25
67 64 14.16
67 65 15.11
67 66 16.37
67 67 0.00
67 68 1.24
67 69 2.36
67 70 3.39
67 71 4.37
67 72 5.33
67 73 6.26
67 74 7.18
67 75 8.10
67 76 9.03
67 77 10.00
67 78 11.06
67 79 12.70
67 80 11.14
68 1 5.44
68 2 5.47
68 3 5.30
68 4 5.20
68 5 5.18
68 6 5.22
68 7 5.33
68 8 5.50
68 9 5.73
68 10 6.01
68 11 6.33
68 12 6.70
68 13 7.13
68 14 7.79
68 15 8.65
68 16 9.18
68 17 9.60
68 18 9.96
68 19 10.27
68 20 10.55
68 21 10.79
68 22 11.01
68 23 11.19
68 24 11.32
68 25 11.39
68 26 11.34
68 27 10.61
68 28 9.55
68 29 10.59
68 30 11.47
68 31 12.22
68 32 12.91
68 33 13.52
68 34 14.09
68 35 14.61
68 36 15.08
68 37 15.50
68 38 15.85
68 39 16.09
68 40 15.78
68 41 7.93
68 42 9.18
68 43 10.28
68 44 11.28
68 45 12.22
68 46 13.10
68 47 13.94
68 48 14.74
68 49 15.51
68 50 16.25
68 51 16.97
68 52 17.65
68 53 18.26
68 54 4.25
68 55 5.30
68 56 6.37
68 57 7.41
68 58 8.43
68 59 9.42
68 60 10.40
68 61 11.36
68 62 12.31
68 63 13.27
68 64 14.25
68 65 15.29
68 66 16.78
68 67 1.24
68 68 0.00
68 69 1.12
68 70 2.17
68 71 3.17
68 72 4.15
68 73 5.11
68 74 6.06
68 75 7.02
68 76 8.00
68 77 9.03
68 78 10.18
68 79 12.04
68 80 11.87
69 1 6.36
69 2 6.59
69 3 6.37
69 4 6.19
69 5 6.05
69 6 5.95
69 7 5.89
69 8 5.89
69 9 5.92
69 10 6.00
69 11 6.13
69 12 6.29
69 13 6.50
69 14 6.81
69 15 9.72
69 16 10.28
69 17 10.72
69 18 11.08
69 19 11.39
69 20 11.65
69 21 11.87
69 22 12.05
69 23 12.19
69 24 12.27
69 25 12.28
69 26 12.12
69 27 11.15
69 28 10.38
69 29 11.47
69 30 12.38
69 31 13.17
69 32 13.89
69 33 14.53
69 34 15.13
69 35 15.67
69 36 16.16
69 37 16.60
69 38 16.96
69 39 17.21
69 40 16.89
69 41 8.36
69 42 9.60
69 43 10.72
69 44 11.75
69 45 12.72
69 46 13.63
69 47 14.51
69 48 15.35
69 49 16.16
69 50 16.95
69 51 17.71
69 52 18.45
69 53 19.19
69 54 4.34
69 55 5.20
69 56 6.19
69 57 7.20
69 58 8.21
69 59 9.21
69 60 10.21
69 61 11.20
69 62 12.19
69 63 13.19
69 64 14.23
69 65 15.36
69 66 17.03
69 67 2.36
69 68 1.12
69 69 0.00
69 70 1.05
69 71 2.07
69 72 3.06
69 73 4.03
69 74 5.01
69 75 6.00
69 76 7.02
69 77 8.10
69 78 9.31
69 79 11.37
69 80 12.44
70 1 7.34
70 2 7.64
70 3 7.41
70 4 7.20
70 5 7.00
70 6 6.82
70 7 6.66
70 8 6.53
70 9 6.42
70 10 6.34
70 11 6.27
70 12 6.23
70 13 6.19
70 14 6.05
70 15 10.69
70 16 11.28
70 17 11.75
70 18 12.13
70 19 12.44
70 20 12.70
70 21 12.92
70 22 13.09
70 23 13.20
70 24 13.26
70 25 13.22
70 26 13.00
70 27 11.86
70 28 11.10
70 29 12.22
70 30 13.17
70 31 14.00
70 32 14.75
70 33 15.43
70 34 16.05
70 35 16.61
70 36 17.13
70 37 17.59
70 38 17.98
70 39 18.25
70 40 17.94
70 41 8.74
70 42 9.96
70 43 11.08
70 44 12.13
70 45 13.12
70 46 14.06
70 47 14.96
70 48 15.84
70 49 16.69
70 50 17.52
70 51 18.33
70 52 19.13
70 53 19.98
70 54 4.53
70 55 5.18
70 56 6.05
70 57 7.00
70 58 7.99
70 59 8.98
70 60 9.98
70 61 10.99
70 62 12.01
70 63 13.06
70 64 14.14
70 65 15.34
70 66 17.19
70 67 3.39
70 68 2.17
70 69 1.05
70 70 0.00
70 71 1.02
70 72 2.02
70 73 3.01
70 74 4.00
70 75 5.01
70 76 6.06
70 77 7.18
70 78 8.45
70 79 10.68
70 80 12.92
71 1 8.34
71 2 8.64
71 3 8.43
71 4 8.21
71 5 7.99
71 6 7.76
71 7 7.54
71 8 7.33
71 9 7.12
71 10 6.91
71 11 6.69
71 12 6.47
71 13 6.18
71 14 5.53
71 15 11.58
71 16 12.22
71 17 12.72
71 18 13.11
71 19 13.44
71 20 13.72
71 21 13.94
71 22 14.10
71 23 14.21
71 24 14.25
71 25 14.19
71 26 13.93
71 27 12.67
71 28 11.75
71 29 12.91
71 30 13.89
71 31 14.75
71 32 15.52
71 33 16.23
71 34 16.88
71 35 17.48
71 36 18.02
71 37 18.51
71 38 18.92
71 39 19.22
71 40 18.95
71 41 9.09
71 42 10.27
71 43 11.39
71 44 12.44
71 45 13.44
71 46 14.41
71 47 15.34
71 48 16.25
71 49 17.13
71 50 17.99
71 51 18.85
71 52 19.71
71 53 20.69
71 54 4.80
71 55 5.22
71 56 5.95
71 57 6.82
71 58 7.76
71 59 8.74
71 60 9.74
71 61 10.75
71 62 11.79
71 63 12.87
71 64 14.00
71 65 15.25
71 66 17.26
71 67 4.37
71 68 3.17
71 69 2.07
71 70 1.02
71 71 0.00
71 72 1.00
71 73 2.00
71 74 3.01
71 75 4.03
71 76 5.11
71 77 6.26
71 78 7.58
71 79 9.96
71 80 13.33
72 1 9.34
72 2 9.60
72 3 9.42
72 4 9.21
72 5 8.98
72 6 8.74
72 7 8.49
72 8 8.22
72 9 7.94
72 10 7.65
72 11 7.33
72 12 6.95
72 13 6.46
72 14 5.28
72 15 12.42
72 16 13.10
72 17 13.63
72 18 14.06
72 19 14.41
72 20 14.70
72 21 14.93
72 22 15.10
72 23 15.21
72 24 15.25
72 25 15.18
72 26 14.90
72 27 13.56
72 28 12.34
72 29 13.52
72 30 14.53
72 31 15.43
72 32 16.23
72 33 16.97
72 34 17.65
72 35 18.27
72 36 18.85
72 37 19.36
72 38 19.81
72 39 20.13
72 40 19.92
72 41 9.40
72 42 10.55
72 43 11.65
72 44 12.70
72 45 13.72
72 46 14.70
72 47 15.65
72 48 16.58
72 49 17.49
72 50 18.40
72 51 19.30
72 52 20.21
72 53 21.31
72 54 5.14
72 55 5.33
72 56 5.89
72 57 6.66
72 58 7.54
72 59 8.49
72 60 9.47
72 61 10.49
72 62 11.54
72 63 12.63
72 64 13.80
72 65 15.11
72 66 17.27
72 67 5.33
72 68 4.15
72 69 3.06
72 70 2.02
72 71 1.00
72 72 0.00
72 73 1.00
72 74 2.02
72 75 3.06
72 76 4.15
72 77 5.33
72 78 6.70
72 79 9.22
72 80 13.68
73 1 10.34
73 2 10.54
73 3 10.40
73 4 10.21
73 5 9.98
73 6 9.74
73 7 9.47
73 8 9.18
73 9 8.86
73 10 8.51
73 11 8.11
73 12 7.63
73 13 6.98
73 14 5.34
73 15 13.21
73 16 13.94
73 17 14.51
73 18 14.96
73 19 15.34
73 20 15.65
73 21 15.90
73 22 16.09
73 23 16.21
73 24 16.25
73 25 16.18
73 26 15.89
73 27 14.51
73 28 12.89
73 29 14.09
73 30 15.13
73 31 16.05
73 32 16.88
73 33 17.65
73 34 18.36
73 35 19.01
73 36 19.62
73 37 20.16
73 38 20.64
73 39 21.01
73 40 20.86
73 41 9.70
73 42 10.80
73 43 11.87
73 44 12.92
73 45 13.94
73 46 14.93
73 47 15.90
73 48 16.85
73 49 17.79
73 50 18.73
73 51 19.67
73 52 20.64
73 53 21.86
73 54 5.54
73 55 5.50
73 56 5.89
73 57 6.53
73 58 7.33
73 59 8.22
73 60 9.18
73 61 10.19
73 62 11.24
73 63 12.35
73 64 13.55
73 65 14.91
73 66 17.20
73 67 6.26
73 68 5.11
73 69 4.03
73 70 3.01
73 71 2.00
73 72 1.00
73 73 0.00
73 74 1.02
73 75 2.07
73 76 3.17
73 77 4.38
73 78 5.79
73 79 8.44
73 80 13.97
74 1 11.34
74 2 11.45
74 3 11.36
74 4 11.20
74 5 10.99
74 6 10.75
74 7 10.49
74 8 10.19
74 9 9.85
74 10 9.47
74 11 9.02
74 12 8.47
74 13 7.70
74 14 5.71
74 15 13.97
74 16 14.74
74 17 15.35
74 18 15.84
74 19 16.24
74 20 16.58
74 21 16.85
74 22 17.06
74 23 17.20
74 24 17.25
74 25 17.19
74 26 16.91
74 27 15.51
74 28 13.39
74 29 14.61
74 30 15.67
74 31 16.61
74 32 17.48
74 33 18.27
74 34 19.01
74 35 19.70
74 36 20.33
74 37 20.92
74 38 21.43
74 39 21.84
74 40 21.77
74 41 9.98
74 42 11.01
74 43 12.05
74 44 13.09
74 45 14.10
74 46 15.10
74 47 16.09
74 48 17.06
74 49 18.03
74 50 19.00
74 51 19.98
74 52 21.00
74 53 22.35
74 54 5.97
74 55 5.73
74 56 5.92
74 57 6.42
74 58 7.12
74 59 7.94
74 60 8.86
74 61 9.85
74 62 10.90
74 63 12.02
74 64 13.24
74 65 14.64
74 66 17.07
74 67 7.18
74 68 6.06
74 69 5.01
74 70 4.00
74 71 3.01
74 72 2.02
74 73 1.02
74 74 0.00
74 75 1.05
74 76 2.17
74 77 3.39
74 78 4.84
74 79 7.62
74 80 14.21
75 1 12.35
75 2 12.35
75 3 12.31
75 4 12.19
75 5 12.01
75 6 11.79
75 7 11.54
75 8 11.24
75 9 10.90
75 10 10.50
75 11 10.03
75 12 9.43
75 13 8.58
75 14 6.36
75 15 14.69
75 16 15.51
75 17 16.16
75 18 16.69
75 19 17.13
75 20 17.49
75 21 17.79
75 22 18.03
75 23 18.19
75 24 18.27
75 25 18.22
75 26 17.96
75 27 16.57
75 28 13.85
75 29 15.08
75 30 16.16
75 31 17.13
75 32 18.02
75 33 18.85
75 34 19.62
75 35 20.33
75 36 21.00
75 37 21.62
75 38 22.17
75 39 22.63
75 40 22.66
75 41 10.23
75 42 11.19
75 43 12.19
75 44 13.20
75 45 14.21
75 46 15.21
75 47 16.21
75 48 17.20
75 49 18.19
75 50 19.19
75 51 20.21
75 52 21.29
75 53 22.76
75 54 6.45
75 55 6.01
75 56 6.00
75 57 6.34
75 58 6.91
75 59 7.65
75 60 8.51
75 61 9.47
75 62 10.50
75 63 11.62
75 64 12.86
75 65 14.30
75 66 16.86
75 67 8.10
75 68 7.02
75 69 6.00
75 70 5.01
75 71 4.03
75 72 3.06
75 73 2.07
75 74 1.05
75 75 0.00
75 76 1.12
75 77 2.36
75 78 3.84
75 79 6.73
75 80 14.40
76 1 13.38
76 2 13.25
76 3 13.27
76 4 13.19
76 5 13.06
76 6 12.87
76 7 12.63
76 8 12.35
76 9 12.02
76 10 11.62
76 11 11.14
76 12 10.52
76 13 9.63
76 14 7.25
76 15 15.38
76 16 16.25
76 17 16.95
76 18 17.52
76 19 17.99
76 20 18.40
76 21 18.73
76 22 19.00
76 23 19.19
76 24 19.29
76 25 19.28
76 26 19.04
76 27 17.68
76 28 14.26
76 29 15.50
76 30 16.60
76 31 17.59
76 32 18.51
76 33 19.36
76 34 20.16
76 35 20.92
76 36 21.62
76 37 22.28
76 38 22.88
76 39 23.39
76 40 23.52
76 41 10.45
76 42 11.32
76 43 12.27
76 44 13.26
76 45 14.25
76 46 15.25
76 47 16.25
76 48 17.25
76 49 18.27
76 50 19.29
76 51 20.35
76 52 21.49
76 53 23.10
76 54 6.95
76 55 6.33
76 56 6.13
76 57 6.27
76 58 6.70
76 59 7.33
76 60 8.11
76 61 9.02
76 62 10.03
76 63 11.14
76 64 12.38
76 65 13.86
76 66 16.54
76 67 9.03
76 68 8.00
76 69 7.02
76 70 6.06
76 71 5.11
76 72 4.15
76 73 3.17
76 74 2.17
76 75 1.12
76 76 0.00
76 77 1.24
76 78 2.75
76 79 5.75
76 80 14.52
77 1 14.45
77 2 14.16
77 3 14.25
77 4 14.23
77 5 14.14
77 6 14.00
77 7 13.80
77 8 13.55
77 9 13.24
77 10 12.86
77 11 12.38
77 12 11.76
77 13 10.86
77 14 8.40
77 15 16.04
77 16 16.97
77 17 17.71
77 18 18.33
77 19 18.85
77 20 19.30
77 21 19.67
77 22 19.98
77 23 20.21
77 24 20.35
77 25 20.37
77 26 20.18
77 27 18.88
77 28 14.61
77 29 15.85
77 30 16.96
77 31 17.98
77 32 18.92
77 33 19.81
77 34 20.64
77 35 21.43
77 36 22.17
77 37 22.88
77 38 23.52
77 39 24.10
77 40 24.36
77 41 10.63
77 42 11.39
77 43 12.28
77 44 13.22
77 45 14.19
77 46 15.18
77 47 16.18
77 48 17.19
77 49 18.22
77 50 19.27
77 51 20.37
77 52 21.57
77 53 23.33
77 54 7.50
77 55 6.70
77 56 6.29
77 57 6.23
77 58 6.47
77 59 6.95
77 60 7.63
77 61 8.47
77 62 9.43
77 63 10.52
77 64 11.76
77 65 13.26
77 66 16.07
77 67 10.00
77 68 9.03
77 69 8.10
77 70 7.18
77 71 6.26
77 72 5.33
77 73 4.38
77 74 3.39
77 75 2.36
77 76 1.24
77 77 0.00
77 78 1.52
77 79 4.62
77 80 14.55
78 1 15.62
78 2 15.11
78 3 15.29
78 4 15.36
78 5 15.34
78 6 15.25
78 7 15.11
78 8 14.91
78 9 14.64
78 10 14.30
78 11 13.86
78 12 13.26
78 13 12.38
78 14 9.90
78 15 16.66
78 16 17.65
78 17 18.45
78 18 19.13
78 19 19.71
78 20 20.21
78 21 20.64
78 22 21.00
78 23 21.29
78 24 21.49
78 25 21.57
78 26 21.43
78 27 20.25
78 28 14.86
78 29 16.09
78 30 17.21
78 31 18.25
78 32 19.22
78 33 20.13
78 34 21.01
78 35 21.84
78 36 22.63
78 37 23.39
78 38 24.10
78 39 24.75
78 40 25.18
78 41 10.71
78 42 11.34
78 43 12.12
78 44 13.00
78 45 13.93
78 46 14.90
78 47 15.89
78 48 16.91
78 49 17.96
78 50 19.04
78 51 20.18
78 52 21.43
78 53 23.37
78 54 8.10
78 55 7.13
78 56 6.50
78 57 6.19
78 58 6.18
78 59 6.46
78 60 6.98
78 61 7.70
78 62 8.59
78 63 9.63
78 64 10.86
78 65 12.37
78 66 15.30
78 67 11.06
78 68 10.18
78 69 9.31
78 70 8.45
78 71 7.58
78 72 6.70
78 73 5.79
78 74 4.84
78 75 3.84
78 76 2.75
78 77 1.52
78 78 0.00
78 79 3.18
78 80 14.40
79 1 17.39
79 2 16.37
79 3 16.78
79 4 17.03
79 5 17.19
79 6 17.26
79 7 17.27
79 8 17.20
79 9 17.07
79 10 16.86
79 11 16.54
79 12 16.07
79 13 15.30
79 14 13.00
79 15 17.15
79 16 18.26
79 17 19.19
79 18 19.98
79 19 20.69
79 20 21.31
79 21 21.86
79 22 22.35
79 23 22.76
79 24 23.10
79 25 23.33
79 26 23.37
79 27 22.52
79 28 14.61
79 29 15.78
79 30 16.89
79 31 17.94
79 32 18.95
79 33 19.92
79 34 20.86
79 35 21.77
79 36 22.66
79 37 23.52
79 38 24.36
79 39 25.18
79 40 26.00
79 41 10.32
79 42 10.61
79 43 11.15
79 44 11.86
79 45 12.67
79 46 13.56
79 47 14.51
79 48 15.51
79 49 16.57
79 50 17.68
79 51 18.88
79 52 20.25
79 53 22.52
79 54 8.98
79 55 7.78
79 56 6.81
79 57 6.05
79 58 5.53
79 59 5.28
79 60 5.34
79 61 5.71
79 62 6.36
79 63 7.25
79 64 8.40
79 65 9.90
79 66 13.00
79 67 12.70
79 68 12.04
79 69 11.37
79 70 10.68
79 71 9.96
79 72 9.22
79 73 8.44
79 74 7.62
79 75 6.73
79 76 5.75
79 77 4.62
79 78 3.18
79 79 0.00
79 80 13.34
80 1 13.84
80 2 10.97
80 3 12.15
80 4 13.16
80 5 14.06
80 6 14.87
80 7 15.62
80 8 16.31
80 9 16.95
80 10 17.55
80 11 18.09
80 12 18.56
80 13 18.94
80 14 18.86
80 15 8.10
80 16 9.27
80 17 10.38
80 18 11.43
80 19 12.44
80 20 13.42
80 21 14.36
80 22 15.28
80 23 16.18
80 24 17.07
80 25 17.95
80 26 18.85
80 27 19.94
80 28 3.82
80 29 4.16
80 30 4.87
80 31 5.74
80 32 6.69
80 33 7.67
80 34 8.68
80 35 9.69
80 36 10.73
80 37 11.80
80 38 12.92
80 39 14.17
80 40 16.19
80 41 4.27
80 42 3.21
80 43 2.28
80 44 1.49
80 45 1.08
80 46 1.37
80 47 2.08
80 48 2.92
80 49 3.82
80 50 4.79
80 51 5.83
80 52 7.03
80 53 9.19
80 54 8.54
80 55 8.49
80 56 8.41
80 57 8.32
80 58 8.22
80 59 8.12
80 60 8.02
80 61 7.91
80 62 7.80
80 63 7.67
80 64 7.51
80 65 7.26
80 66 6.51
80 67 11.14
80 68 11.87
80 69 12.44
80 70 12.92
80 71 13.33
80 72 13.68
80 73 13.97
80 74 14.21
80 75 14.40
80 76 14.52
80 77 14.55
80 78 14.40
80 79 13.34
80 80 0.00
;
param v :=
1 1 0
1 2 39
1 3 52
1 4 41
1 5 40
1 6 35
1 7 53
1 8 44
1 9 45
1 10 50
1 11 38
1 12 47
1 13 43
1 14 60
1 15 47
1 16 44
1 17 35
1 18 56
1 19 44
1 20 48
1 21 52
1 22 53
1 23 48
1 24 53
1 25 48
1 26 45
1 27 50
1 28 42
1 29 50
1 30 55
1 31 52
1 32 47
1 33 52
1 34 36
1 35 35
1 36 49
1 37 50
1 38 55
1 39 51
1 40 44
1 41 51
1 42 48
1 43 55
1 44 36
1 45 35
1 46 59
1 47 37
1 48 57
1 49 47
1 50 52
1 51 57
1 52 47
1 53 55
1 54 42
1 55 52
1 56 54
1 57 57
1 58 54
1 59 53
1 60 55
1 61 60
1 62 44
1 63 43
1 64 50
1 65 48
1 66 55
1 67 48
1 68 46
1 69 42
1 70 55
1 71 35
1 72 40
1 73 56
1 74 39
1 75 48
1 76 57
1 77 46
1 78 55
1 79 54
1 80 56
2 1 59
2 2 0
2 3 49
2 4 55
2 5 55
2 6 46
2 7 53
2 8 48
2 9 42
2 10 60
2 11 56
2 12 58
2 13 45
2 14 55
2 15 53
2 16 54
2 17 37
2 18 58
2 19 36
2 20 38
2 21 38
2 22 48
2 23 43
2 24 47
2 25 40
2 26 55
2 27 51
2 28 35
2 29 38
2 30 41
2 31 59
2 32 50
2 33 58
2 34 39
2 35 41
2 36 37
2 37 41
2 38 39
2 39 40
2 40 41
2 41 44
2 42 52
2 43 56
2 44 59
2 45 37
2 46 56
2 47 41
2 48 58
2 49 60
2 50 45
2 51 47
2 52 59
2 53 43
2 54 36
2 55 35
2 56 60
2 57 40
2 58 45
2 59 50
2 60 35
2 61 48
2 62 46
2 63 35
2 64 60
2 65 41
2 66 44
2 67 43
2 68 59
2 69 56
2 70 58
2 71 56
2 72 46
2 73 46
2 74 38
2 75 58
2 76 56
2 77 54
2 78 49
2 79 40
2 80 49
3 1 43
3 2 35
3 3 0
3 4 35
3 5 56
3 6 43
3 7 52
3 8 47
3 9 37
3 10 47
3 11 52
3 12 55
3 13 41
3 14 58
3 15 35
3 16 43
3 17 43
3 18 38
3 19 48
3 20 54
3 21 58
3 22 57
3 23 53
3 24 42
3 25 56
3 26 54
3 27 59
3 28 57
3 29 43
3 30 51
3 31 46
3 32 37
3 33 43
3 34 40
3 35 44
3 36 53
3 37 52
3 38 48
3 39 50
3 40 55
3 41 57
3 42 60
3 43 39
3 44 49
3 45 60
3 46 50
3 47 39
3 48 39
3 49 56
3 50 57
3 51 51
3 52 51
3 53 38
3 54 42
3 55 55
3 56 48
3 57 58
3 58 49
3 59 58
3 60 46
3 61 40
3 62 40
3 63 54
3 64 46
3 65 60
3 66 58
3 67 45
3 68 35
3 69 40
3 70 46
3 71 50
3 72 51
3 73 47
3 74 49
3 75 38
3 76 42
3 77 51
3 78 51
3 79 45
3 80 36
4 1 37
4 2 49
4 3 51
4 4 0
4 5 45
4 6 60
4 7 57
4 8 46
4 9 44
4 10 48
4 11 39
4 12 38
4 13 39
4 14 51
4 15 56
4 16 60
4 17 42
4 18 47
4 19 45
4 20 43
4 21 35
4 22 60
4 23 54
4 24 57
4 25 52
4 26 51
4 27 46
4 28 45
4 29 51
4 30 39
4 31 44
4 32 60
4 33 53
4 34 52
4 35 58
4 36 35
4 37 59
4 38 36
4 39 35
4 40 57
4 41 37
4 42 54
4 43 40
4 44 50
4 45 35
4 46 52
4 47 42
4 48 38
4 49 38
4 50 39
4 51 41
4 52 59
4 53 53
4 54 44
4 55 53
4 56 35
4 57 52
4 58 36
4 59 46
4 60 53
4 61 58
4 62 57
4 63 39
4 64 53
4 65 55
4 66 50
4 67 57
4 68 49
4 69 48
4 70 38
4 71 49
4 72 49
4 73 39
4 74 55
4 75 56
4 76 52
4 77 55
4 78 36
4 79 49
4 80 41
5 1 51
5 2 59
5 3 39
5 4 37
5 5 0
5 6 55
5 7 39
5 8 39
5 9 38
5 10 35
5 11 51
5 12 58
5 13 43
5 14 46
5 15 59
5 16 44
5 17 50
5 18 46
5 19 50
5 20 57
5 21 39
5 22 37
5 23 41
5 24 58
5 25 44
5 26 40
5 27 44
5 28 47
5 29 47
5 30 51
5 31 45
5 32 46
5 33 44
5 34 56
5 35 44
5 36 54
5 37 60
5 38 40
5 39 54
5 40 53
5 41 45
5 42 41
5 43 41
5 44 39
5 45 39
5 46 56
5 47 52
5 48 47
5 49 54
5 50 45
5 51 44
5 52 55
5 53 52
5 54 52
5 55 55
5 56 51
5 57 50
5 58 36
5 59 59
5 60 45
5 61 42
5 62 47
5 63 56
5 64 51
5 65 47
5 66 50
5 67 60
5 68 35
5 69 46
5 70 47
5 71 55
5 72 39
5 73 43
5 74 44
5 75 51
5 76 55
5 77 51
5 78 53
5 79 35
5 80 49
6 1 40
6 2 59
6 3 40
6 4 46
6 5 57
6 6 0
6 7 36
6 8 40
6 9 55
6 10 39
6 11 41
6 12 37
6 13 57
6 14 55
6 15 40
6 16 36
6 17 46
6 18 35
6 19 56
6 20 54
6 21 42
6 22 50
6 23 56
6 24 41
6 25 52
6 26 44
6 27 56
6 28 39
6 29 50
6 30 39
6 31 45
6 32 45
6 33 41
6 34 37
6 35 42
6 36 35
6 37 52
6 38 52
6 39 47
6 40 48
6 41 40
6 42 55
6 43 53
6 44 47
6 45 48
6 46 36
6 47 50
6 48 43
6 49 58
6 50 45
6 51 45
6 52 60
6 53 39
6 54 40
6 55 50
6 56 40
6 57 42
6 58 46
6 59 47
6 60 42
6 61 51
6 62 57
6 63 55
6 64 51
6 65 43
6 66 48
6 67 44
6 68 43
6 69 56
6 70 52
6 71 50
6 72 36
6 73 49
6 74 37
6 75 44
6 76 42
6 77 45
6 78 45
6 79 40
6 80 46
7 1 43
7 2 49
7 3 42
7 4 36
7 5 55
7 6 41
7 7 0
7 8 41
7 9 55
7 10 49
7 11 43
7 12 44
7 13 45
7 14 37
7 15 57
7 16 37
7 17 40
7 18 38
7 19 60
7 20 55
7 21 55
7 22 58
7 23 52
7 24 54
7 25 42
7 26 38
7 27 47
7 28 54
7 29 37
7 30 39
7 31 54
7 32 54
7 33 42
7 34 40
7 35 59
7 36 49
7 37 37
7 38 36
7 39 52
7 40 57
7 41 38
7 42 38
7 43 54
7 44 57
7 45 56
7 46 51
7 47 59
7 48 38
7 49 57
7 50 54
7 51 58
7 52 44
7 53 35
7 54 51
7 55 49
7 56 48
7 57 56
7 58 52
7 59 48
7 60 48
7 61 49
7 62 41
7 63 36
7 64 59
7 65 50
7 66 51
7 67 44
7 68 45
7 69 45
7 70 44
7 71 40
7 72 59
7 73 39
7 74 60
7 75 37
7 76 41
7 77 48
7 78 59
7 79 46
7 80 51
8 1 50
8 2 50
8 3 36
8 4 47
8 5 48
8 6 42
8 7 54
8 8 0
8 9 36
8 10 44
8 11 47
8 12 46
8 13 54
8 14 39
8 15 39
8 16 56
8 17 56
8 18 40
8 19 39
8 20 52
8 21 39
8 22 36
8 23 48
8 24 53
8 25 46
8 26 46
8 27 43
8 28 37
8 29 45
8 30 54
8 31 51
8 32 35
8 33 39
8 34 48
8 35 37
8 36 36
8 37 56
8 38 44
8 39 40
8 40 42
8 41 60
8 42 40
8 43 35
8 44 49
8 45 43
8 46 43
8 47 45
8 48 60
8 49 36
8 50 54
8 51 39
8 52 47
8 53 41
8 54 38
8 55 58
8 56 49
8 57 47
8 58 41
8 59 41
8 60 49
8 61 42
8 62 37
8 63 56
8 64 43
8 65 38
8 66 52
8 67 49
8 68 44
8 69 57
8 70 41
8 71 38
8 72 39
8 73 47
8 74 40
8 75 39
8 76 43
8 77 53
8 78 54
8 79 44
8 80 41
9 1 54
9 2 45
9 3 42
9 4 42
9 5 45
9 6 41
9 7 40
9 8 40
9 9 0
9 10 46
9 11 52
9 12 39
9 13 57
9 14 40
9 15 45
9 16 55
9 17 39
9 18 60
9 19 37
9 20 41
9 21 49
9 22 43
9 23 43
9 24 54
9 25 35
9 26 37
9 27 51
9 28 59
9 29 38
9 30 46
9 31 58
9 32 35
9 33 46
9 34 45
9 35 41
9 36 38
9 37 41
9 38 36
9 39 47
9 40 39
9 41 54
9 42 51
9 43 59
9 44 39
9 45 57
9 46 41
9 47 46
9 48 47
9 49 57
9 50 52
9 51 60
9 52 38
9 53 50
9 54 47
9 55 53
9 56 55
9 57 53
9 58 52
9 59 57
9 60 55
9 61 39
9 62 44
9 63 53
9 64 56
9 65 36
9 66 39
9 67 59
9 68 41
9 69 59
9 70 49
9 71 45
9 72 42
9 73 42
9 74 60
9 75 43
9 76 36
9 77 55
9 78 57
9 79 36
9 80 52
10 1 36
10 2 36
10 3 56
10 4 55
10 5 48
10 6 58
10 7 59
10 8 49
10 9 60
10 10 0
10 11 37
10 12 49
10 13 56
10 14 41
10 15 51
10 16 47
10 17 35
10 18 45
10 19 38
10 20 51
10 21 35
10 22 56
10 23 43
10 24 36
10 25 42
10 26 48
10 27 52
10 28 57
10 29 42
10 30 43
10 31 40
10 32 57
10 33 41
10 34 43
10 35 53
10 36 47
10 37 35
10 38 59
10 39 51
10 40 45
10 41 59
10 42 53
10 43 46
10 44 37
10 45 52
10 46 42
10 47 38
10 48 53
10 49 60
10 50 40
10 51 48
10 52 46
10 53 42
10 54 51
10 55 55
10 56 43
10 57 49
10 58 47
10 59 36
10 60 37
10 61 52
10 62 54
10 63 48
10 64 54
10 65 41
10 66 48
10 67 44
10 68 37
10 69 48
10 70 37
10 71 59
10 72 46
10 73 36
10 74 45
10 75 48
10 76 53
10 77 44
10 78 60
10 79 35
10 80 60
11 1 45
11 2 35
11 3 54
11 4 55
11 5 44
11 6 60
11 7 60
11 8 49
11 9 45
11 10 36
11 11 0
11 12 43
11 13 50
11 14 44
11 15 60
11 16 51
11 17 57
11 18 44
11 19 51
11 20 60
11 21 51
11 22 46
11 23 55
11 24 60
11 25 55
11 26 43
11 27 45
11 28 42
11 29 56
11 30 52
11 31 52
11 32 55
11 33 38
11 34 53
11 35 40
11 36 59
11 37 51
11 38 49
11 39 58
11 40 38
11 41 35
11 42 51
11 43 52
11 44 60
11 45 36
11 46 36
11 47 60
11 48 50
11 49 35
11 50 59
11 51 35
11 52 52
11 53 49
11 54 58
11 55 36
11 56 49
11 57 49
11 58 58
11 59 49
11 60 56
11 61 41
11 62 56
11 63 55
11 64 49
11 65 37
11 66 40
11 67 51
11 68 40
11 69 58
11 70 37
11 71 58
11 72 58
11 73 59
11 74 52
11 75 51
11 76 54
11 77 37
11 78 40
11 79 36
11 80 42
12 1 56
12 2 40
12 3 53
12 4 42
12 5 56
12 6 60
12 7 42
12 8 52
12 9 59
12 10 43
12 11 56
12 12 0
12 13 46
12 14 37
12 15 40
12 16 41
12 17 51
12 18 37
12 19 54
12 20 43
12 21 49
12 22 44
12 23 51
12 24 51
12 25 44
12 26 55
12 27 44
12 28 39
12 29 40
12 30 48
12 31 49
12 32 56
12 33 50
12 34 58
12 35 57
12 36 41
12 37 47
12 38 45
12 39 36
12 40 55
12 41 37
12 42 48
12 43 37
12 44 54
12 45 47
12 46 45
12 47 50
12 48 35
12 49 59
12 50 51
12 51 55
12 52 58
12 53 58
12 54 50
12 55 54
12 56 44
12 57 39
12 58 51
12 59 36
12 60 55
12 61 37
12 62 60
12 63 36
12 64 55
12 65 58
12 66 47
12 67 53
12 68 56
12 69 41
12 70 57
12 71 60
12 72 37
12 73 43
12 74 59
12 75 41
12 76 47
12 77 54
12 78 42
12 79 44
12 80 51
13 1 46
13 2 50
13 3 38
13 4 54
13 5 38
13 6 55
13 7 40
13 8 59
13 9 57
13 10 48
13 11 60
13 12 36
13 13 0
13 14 58
13 15 46
13 16 43
13 17 58
13 18 58
13 19 60
13 20 58
13 21 49
13 22 59
13 23 39
13 24 37
13 25 49
13 26 39
13 27 44
13 28 52
13 29 56
13 30 37
13 31 51
13 32 49
13 33 48
13 34 38
13 35 46
13 36 49
13 37 46
13 38 36
13 39 52
13 40 55
13 41 55
13 42 49
13 43 50
13 44 55
13 45 44
13 46 53
13 47 56
13 48 52
13 49 49
13 50 57
13 51 48
13 52 60
13 53 48
13 54 60
13 55 42
13 56 40
13 57 56
13 58 50
13 59 41
13 60 47
13 61 57
13 62 48
13 63 43
13 64 35
13 65 38
13 66 50
13 67 36
13 68 58
13 69 40
13 70 44
13 71 59
13 72 47
13 73 45
13 74 45
13 75 43
13 76 57
13 77 42
13 78 60
13 79 49
13 80 36
14 1 50
14 2 52
14 3 49
14 4 56
14 5 51
14 6 59
14 7 55
14 8 51
14 9 35
14 10 39
14 11 59
14 12 58
14 13 50
14 14 0
14 15 46
14 16 57
14 17 42
14 18 36
14 19 53
14 20 53
14 21 56
14 22 41
14 23 40
14 24 45
14 25 47
14 26 35
14 27 42
14 28 42
14 29 43
14 30 46
14 31 60
14 32 35
14 33 37
14 34 47
14 35 43
14 36 40
14 37 52
14 38 44
14 39 59
14 40 47
14 41 35
14 42 39
14 43 58
14 44 39
14 45 52
14 46 46
14 47 54
14 48 53
14 49 40
14 50 60
14 51 45
14 52 54
14 53 59
14 54 37
14 55 46
14 56 50
14 57 59
14 58 57
14 59 59
14 60 55
14 61 59
14 62 59
14 63 41
14 64 36
14 65 40
14 66 48
14 67 53
14 68 47
14 69 39
14 70 45
14 71 41
14 72 35
14 73 38
14 74 55
14 75 52
14 76 54
14 77 57
14 78 51
14 79 51
14 80 40
15 1 36
15 2 57
15 3 48
15 4 55
15 5 56
15 6 48
15 7 59
15 8 43
15 9 52
15 10 44
15 11 35
15 12 57
15 13 60
15 14 58
15 15 0
15 16 50
15 17 59
15 18 55
15 19 37
15 20 57
15 21 45
15 22 58
15 23 40
15 24 46
15 25 42
15 26 56
15 27 45
15 28 37
15 29 52
15 30 46
15 31 59
15 32 43
15 33 35
15 34 43
15 35 59
15 36 59
15 37 38
15 38 55
15 39 42
15 40 41
15 41 58
15 42 57
15 43 36
15 44 49
15 45 49
15 46 36
15 47 46
15 48 60
15 49 55
15 50 52
15 51 44
15 52 36
15 53 50
15 54 44
15 55 42
15 56 53
15 57 48
15 58 39
15 59 35
15 60 44
15 61 47
15 62 45
15 63 35
15 64 48
15 65 48
15 66 38
15 67 58
15 68 47
15 69 35
15 70 41
15 71 57
15 72 51
15 73 60
15 74 35
15 75 48
15 76 41
15 77 59
15 78 59
15 79 58
15 80 51
16 1 49
16 2 48
16 3 55
16 4 60
16 5 50
16 6 36
16 7 39
16 8 44
16 9 49
16 10 60
16 11 58
16 12 51
16 13 46
16 14 57
16 15 50
16 16 0
16 17 36
16 18 54
16 19 37
16 20 36
16 21 52
16 22 44
16 23 45
16 24 51
16 25 49
16 26 45
16 27 37
16 28 48
16 29 49
16 30 42
16 31 41
16 32 60
16 33 42
16 34 37
16 35 56
16 36 35
16 37 36
16 38 58
16 39 46
16 40 60
16 41 54
16 42 46
16 43 38
16 44 59
16 45 35
16 46 42
16 47 38
16 48 50
16 49 42
16 50 40
16 51 41
16 52 57
16 53 59
16 54 59
16 55 43
16 56 60
16 57 42
16 58 60
16 59 53
16 60 58
16 61 53
16 62 52
16 63 52
16 64 47
16 65 55
16 66 41
16 67 54
16 68 58
16 69 36
16 70 44
16 71 38
16 72 54
16 73 59
16 74 48
16 75 59
16 76 44
16 77 58
16 78 56
16 79 41
16 80 37
17 1 53
17 2 43
17 3 37
17 4 41
17 5 38
17 6 44
17 7 40
17 8 53
17 9 57
17 10 49
17 11 56
17 12 35
17 13 52
17 14 35
17 15 55
17 16 38
17 17 0
17 18 47
17 19 42
17 20 45
17 21 50
17 22 45
17 23 41
17 24 55
17 25 35
17 26 48
17 27 51
17 28 59
17 29 60
17 30 43
17 31 60
17 32 41
17 33 53
17 34 38
17 35 52
17 36 36
17 37 55
17 38 39
17 39 46
17 40 56
17 41 51
17 42 51
17 43 40
17 44 53
17 45 36
17 46 42
17 47 59
17 48 48
17 49 54
17 50 41
17 51 55
17 52 58
17 53 45
17 54 57
17 55 52
17 56 55
17 57 39
17 58 49
17 59 46
17 60 46
17 61 51
17 62 37
17 63 55
17 64 45
17 65 38
17 66 59
17 67 37
17 68 47
17 69 47
17 70 42
17 71 41
17 72 54
17 73 54
17 74 35
17 75 38
17 76 46
17 77 56
17 78 51
17 79 47
17 80 49
18 1 46
18 2 47
18 3 37
18 4 53
18 5 38
18 6 50
18 7 58
18 8 45
18 9 55
18 10 49
18 11 58
18 12 54
18 13 43
18 14 42
18 15 43
18 16 49
18 17 41
18 18 0
18 19 48
18 20 60
18 21 54
18 22 35
18 23 51
18 24 39
18 25 54
18 26 59
18 27 36
18 28 51
18 29 44
18 30 39
18 31 40
18 32 46
18 33 39
18 34 42
18 35 46
18 36 59
18 37 55
18 38 58
18 39 48
18 40 38
18 41 42
18 42 58
18 43 49
18 44 49
18 45 53
18 46 55
18 47 50
18 48 56
18 49 60
18 50 46
18 51 51
18 52 35
18 53 36
18 54 35
18 55 50
18 56 58
18 57 56
18 58 36
18 59 35
18 60 38
18 61 50
18 62 51
18 63 47
18 64 41
18 65 54
18 66 35
18 67 56
18 68 55
18 69 38
18 70 44
18 71 54
18 72 60
18 73 41
18 74 55
18 75 48
18 76 53
18 77 57
18 78 52
18 79 54
18 80 43
19 1 36
19 2 51
19 3 53
19 4 41
19 5 40
19 6 44
19 7 47
19 8 42
19 9 49
19 10 60
19 11 41
19 12 52
19 13 43
19 14 53
19 15 60
19 16 47
19 17 49
19 18 45
19 19 0
19 20 42
19 21 50
19 22 56
19 23 39
19 24 37
19 25 36
19 26 46
19 27 47
19 28 49
19 29 51
19 30 41
19 31 47
19 32 43
19 33 38
19 34 46
19 35 58
19 36 58
19 37 53
19 38 50
19 39 38
19 40 49
19 41 46
19 42 44
19 43 53
19 44 55
19 45 51
19 46 38
19 47 53
19 48 46
19 49 54
19 50 51
19 51 48
19 52 46
19 53 36
19 54 52
19 55 52
19 56 58
19 57 37
19 58 52
19 59 54
19 60 53
19 61 36
19 62 46
19 63 44
19 64 36
19 65 38
19 66 45
19 67 56
19 68 52
19 69 54
19 70 60
19 71 37
19 72 59
19 73 42
19 74 42
19 75 37
19 76 46
19 77 38
19 78 40
19 79 51
19 80 36
20 1 60
20 2 50
20 3 59
20 4 50
20 5 54
20 6 51
20 7 59
20 8 55
20 9 39
20 10 43
20 11 49
20 12 58
20 13 52
20 14 59
20 15 44
20 16 46
20 17 38
20 18 55
20 19 35
20 20 0
20 21 59
20 22 44
20 23 36
20 24 55
20 25 59
20 26 60
20 27 54
20 28 36
20 29 49
20 30 53
20 31 43
20 32 38
20 33 44
20 34 51
20 35 56
20 36 56
20 37 51
20 38 56
20 39 50
20 40 44
20 41 36
20 42 54
20 43 37
20 44 58
20 45 55
20 46 43
20 47 40
20 48 46
20 49 43
20 50 55
20 51 52
20 52 35
20 53 54
20 54 40
20 55 36
20 56 35
20 57 39
20 58 50
20 59 53
20 60 44
20 61 45
20 62 53
20 63 38
20 64 41
20 65 40
20 66 46
20 67 46
20 68 49
20 69 42
20 70 59
20 71 44
20 72 56
20 73 51
20 74 51
20 75 58
20 76 57
20 77 42
20 78 40
20 79 54
20 80 50
21 1 40
21 2 43
21 3 48
21 4 38
21 5 53
21 6 58
21 7 50
21 8 57
21 9 42
21 10 37
21 11 43
21 12 38
21 13 58
21 14 48
21 15 39
21 16 54
21 17 53
21 18 38
21 19 45
21 20 52
21 21 0
21 22 38
21 23 58
21 24 52
21 25 53
21 26 45
21 27 56
21 28 58
21 29 49
21 30 40
21 31 41
21 32 58
21 33 53
21 34 45
21 35 48
21 36 50
21 37 48
21 38 37
21 39 53
21 40 51
21 41 47
21 42 35
21 43 45
21 44 41
21 45 45
21 46 58
21 47 53
21 48 47
21 49 59
21 50 39
21 51 47
21 52 41
21 53 42
21 54 50
21 55 38
21 56 56
21 57 37
21 58 53
21 59 53
21 60 38
21 61 40
21 62 48
21 63 45
21 64 36
21 65 45
21 66 56
21 67 54
21 68 42
21 69 51
21 70 42
21 71 59
21 72 60
21 73 56
21 74 54
21 75 40
21 76 48
21 77 55
21 78 44
21 79 45
21 80 36
22 1 47
22 2 59
22 3 48
22 4 38
22 5 53
22 6 48
22 7 48
22 8 51
22 9 51
22 10 43
22 11 49
22 12 40
22 13 54
22 14 56
22 15 36
22 16 49
22 17 57
22 18 42
22 19 44
22 20 49
22 21 59
22 22 0
22 23 60
22 24 48
22 25 51
22 26 55
22 27 47
22 28 52
22 29 47
22 30 40
22 31 43
22 32 41
22 33 51
22 34 56
22 35 36
22 36 42
22 37 36
22 38 42
22 39 47
22 40 50
22 41 37
22 42 56
22 43 44
22 44 46
22 45 49
22 46 39
22 47 59
22 48 58
22 49 50
22 50 50
22 51 49
22 52 50
22 53 44
22 54 42
22 55 47
22 56 40
22 57 52
22 58 46
22 59 53
22 60 45
22 61 52
22 62 36
22 63 51
22 64 37
22 65 50
22 66 43
22 67 53
22 68 38
22 69 35
22 70 48
22 71 37
22 72 52
22 73 44
22 74 51
22 75 59
22 76 54
22 77 58
22 78 43
22 79 51
22 80 60
23 1 43
23 2 58
23 3 43
23 4 46
23 5 56
23 6 41
23 7 40
23 8 53
23 9 45
23 10 44
23 11 57
23 12 58
23 13 56
23 14 53
23 15 40
23 16 55
23 17 57
23 18 37
23 19 41
23 20 35
23 21 59
23 22 53
23 23 0
23 24 48
23 25 43
23 26 53
23 27 57
23 28 53
23 29 57
23 30 40
23 31 52
23 32 44
23 33 51
23 34 39
23 35 37
23 36 58
23 37 49
23 38 60
23 39 43
23 40 56
23 41 50
23 42 50
23 43 57
23 44 35
23 45 39
23 46 48
23 47 45
23 48 43
23 49 52
23 50 43
23 51 54
23 52 37
23 53 56
23 54 58
23 55 48
23 56 58
23 57 47
23 58 40
23 59 50
23 60 40
23 61 44
23 62 38
23 63 35
23 64 45
23 65 58
23 66 35
23 67 35
23 68 45
23 69 54
23 70 58
23 71 39
23 72 45
23 73 57
23 74 43
23 75 51
23 76 42
23 77 40
23 78 52
23 79 45
23 80 50
24 1 44
24 2 44
24 3 41
24 4 48
24 5 51
24 6 52
24 7 48
24 8 38
24 9 37
24 10 51
24 11 55
24 12 60
24 13 37
24 14 42
24 15 60
24 16 45
24 17 53
24 18 55
24 19 36
24 20 40
24 21 46
24 22 49
24 23 59
24 24 0
24 25 43
24 26 37
24 27 58
24 28 55
24 29 48
24 30 60
24 31 58
24 32 53
24 33 42
24 34 60
24 35 50
24 36 49
24 37 39
24 38 47
24 39 49
24 40 59
24 41 53
24 42 38
24 43 38
24 44 37
24 45 36
24 46 44
24 47 45
24 48 57
24 49 57
24 50 37
24 51 38
24 52 42
24 53 50
24 54 56
24 55 41
24 56 37
24 57 37
24 58 51
24 59 49
24 60 43
24 61 55
24 62 52
24 63 56
24 64 47
24 65 35
24 66 57
24 67 52
24 68 50
24 69 40
24 70 59
24 71 60
24 72 53
24 73 42
24 74 49
24 75 40
24 76 39
24 77 40
24 78 38
24 79 55
24 80 51
25 1 53
25 2 44
25 3 35
25 4 59
25 5 53
25 6 50
25 7 59
25 8 48
25 9 58
25 10 42
25 11 52
25 12 47
25 13 35
25 14 44
25 15 40
25 16 46
25 17 39
25 18 57
25 19 36
25 20 45
25 21 40
25 22 42
25 23 55
25 24 56
25 25 0
25 26 43
25 27 51
25 28 46
25 29 52
25 30 35
25 31 56
25 32 49
25 33 58
25 34 54
25 35 42
25 36 44
25 37 52
25 38 53
25 39 57
25 40 59
25 41 47
25 42 49
25 43 35
25 44 46
25 45 50
25 46 53
25 47 57
25 48 37
25 49 55
25 50 47
25 51 52
25 52 52
25 53 43
25 54 37
25 55 43
25 56 48
25 57 38
25 58 41
25 59 42
25 60 42
25 61 45
25 62 54
25 63 46
25 64 35
25 65 43
25 66 54
25 67 43
25 68 51
25 69 52
25 70 37
25 71 56
25 72 53
25 73 57
25 74 46
25 75 44
25 76 39
25 77 39
25 78 53
25 79 50
25 80 55
26 1 53
26 2 50
26 3 54
26 4 43
26 5 45
26 6 58
26 7 38
26 8 59
26 9 50
26 10 39
26 11 42
26 12 44
26 13 48
26 14 56
26 15 57
26 16 37
26 17 40
26 18 54
26 19 41
26 20 57
26 21 36
26 22 38
26 23 47
26 24 59
26 25 41
26 26 0
26 27 41
26 28 53
26 29 48
26 30 39
26 31 53
26 32 39
26 33 46
26 34 40
26 35 55
26 36 43
26 37 59
26 38 42
26 39 41
26 40 59
26 41 53
26 42 50
26 43 45
26 44 52
26 45 39
26 46 41
26 47 42
26 48 55
26 49 44
26 50 47
26 51 46
26 52 47
26 53 46
26 54 35
26 55 47
26 56 36
26 57 36
26 58 51
26 59 48
26 60 51
26 61 49
26 62 50
26 63 36
26 64 37
26 65 47
26 66 45
26 67 50
26 68 42
26 69 56
26 70 42
26 71 43
26 72 38
26 73 58
26 74 47
26 75 57
26 76 48
26 77 59
26 78 44
26 79 59
26 80 48
27 1 55
27 2 37
27 3 47
27 4 57
27 5 46
27 6 49
27 7 43
27 8 55
27 9 45
27 10 48
27 11 53
27 12 45
27 13 59
27 14 48
27 15 35
27 16 46
27 17 42
27 18 49
27 19 39
27 20 57
27 21 37
27 22 52
27 23 56
27 24 46
27 25 47
27 26 40
27 27 0
27 28 53
27 29 56
27 30 57
27 31 41
27 32 36
27 33 47
27 34 41
27 35 51
27 36 37
27 37 38
27 38 43
27 39 45
27 40 48
27 41 42
27 42 56
27 43 42
27 44 52
27 45 38
27 46 53
27 47 45
27 48 56
27 49 43
27 50 35
27 51 35
27 52 43
27 53 57
27 54 50
27 55 55
27 56 40
27 57 53
27 58 35
27 59 45
27 60 45
27 61 35
27 62 42
27 63 44
27 64 44
27 65 59
27 66 54
27 67 52
27 68 47
27 69 41
27 70 37
27 71 36
27 72 48
27 73 57
27 74 54
27 75 46
27 76 51
27 77 40
27 78 42
27 79 51
27 80 37
28 1 36
28 2 36
28 3 60
28 4 56
28 5 48
28 6 43
28 7 47
28 8 52
28 9 58
28 10 48
28 11 49
28 12 37
28 13 52
28 14 48
28 15 35
28 16 54
28 17 57
28 18 35
28 19 41
28 20 35
28 21 60
28 22 41
28 23 36
28 24 60
28 25 49
28 26 37
28 27 40
28 28 0
28 29 43
28 30 42
28 31 57
28 32 57
28 33 60
28 34 48
28 35 37
28 36 47
28 37 41
28 38 42
28 39 37
28 40 42
28 41 40
28 42 47
28 43 45
28 44 57
28 45 41
28 46 41
28 47 57
28 48 56
28 49 55
28 50 53
28 51 50
28 52 41
28 53 59
28 54 43
28 55 43
28 56 54
28 57 38
28 58 55
28 59 37
28 60 52
28 61 41
28 62 41
28 63 48
28 64 43
28 65 37
28 66 49
28 67 40
28 68 50
28 69 45
28 70 41
28 71 58
28 72 44
28 73 38
28 74 47
28 75 51
28 76 39
28 77 60
28 78 48
28 79 46
28 80 36
29 1 44
29 2 36
29 3 47
29 4 45
29 5 56
29 6 35
29 7 44
29 8 54
29 9 59
29 10 45
29 11 48
29 12 58
29 13 47
29 14 49
29 15 39
29 16 51
29 17 52
29 18 45
29 19 58
29 20 38
29 21 49
29 22 54
29 23 40
29 24 53
29 25 41
29 26 42
29 27 41
29 28 37
29 29 0
29 30 52
29 31 47
29 32 59
29 33 39
29 34 51
29 35 49
29 36 54
29 37 44
29 38 57
29 39 60
29 40 36
29 41 39
29 42 47
29 43 52
29 44 54
29 45 55
29 46 39
29 47 49
29 48 43
29 49 35
29 50 60
29 51 43
29 52 46
29 53 44
29 54 44
29 55 57
29 56 58
29 57 57
29 58 35
29 59 46
29 60 56
29 61 43
29 62 50
29 63 37
29 64 60
29 65 59
29 66 44
29 67 46
29 68 37
29 69 47
29 70 52
29 71 56
29 72 56
29 73 40
29 74 58
29 75 56
29 76 50
29 77 45
29 78 41
29 79 50
29 80 51
30 1 42
30 2 53
30 3 50
30 4 52
30 5 55
30 6 59
30 7 39
30 8 50
30 9 55
30 10 48
30 11 58
30 12 49
30 13 36
30 14 47
30 15 47
30 16 41
30 17 50
30 18 52
30 19 46
30 20 49
30 21 37
30 22 54
30 23 35
30 24 59
30 25 52
30 26 60
30 27 53
30 28 40
30 29 54
30 30 0
30 31 39
30 32 36
30 33 37
30 34 36
30 35 37
30 36 43
30 37 47
30 38 43
30 39 36
30 40 38
30 41 52
30 42 36
30 43 38
30 44 55
30 45 51
30 46 45
30 47 39
30 48 45
30 49 39
30 50 37
30 51 49
30 52 52
30 53 54
30 54 48
30 55 60
30 56 47
30 57 37
30 58 43
30 59 50
30 60 35
30 61 49
30 62 44
30 63 36
30 64 58
30 65 50
30 66 40
30 67 45
30 68 48
30 69 60
30 70 37
30 71 41
30 72 49
30 73 55
30 74 50
30 75 44
30 76 53
30 77 46
30 78 43
30 79 35
30 80 37
31 1 59
31 2 47
31 3 44
31 4 36
31 5 36
31 6 50
31 7 54
31 8 38
31 9 37
31 10 41
31 11 50
31 12 49
31 13 48
31 14 35
31 15 46
31 16 59
31 17 56
31 18 54
31 19 46
31 20 48
31 21 54
31 22 58
31 23 48
31 24 37
31 25 60
31 26 48
31 27 55
31 28 40
31 29 37
31 30 60
31 31 0
31 32 50
31 33 42
31 34 39
31 35 46
31 36 53
31 37 38
31 38 60
31 39 59
31 40 36
31 41 41
31 42 46
31 43 36
31 44 40
31 45 44
31 46 59
31 47 51
31 48 46
31 49 59
31 50 58
31 51 43
31 52 39
31 53 40
31 54 48
31 55 52
31 56 43
31 57 44
31 58 38
31 59 60
31 60 58
31 61 35
31 62 56
31 63 43
31 64 60
31 65 48
31 66 53
31 67 35
31 68 52
31 69 53
31 70 50
31 71 38
31 72 60
31 73 51
31 74 35
31 75 44
31 76 36
31 77 44
31 78 36
31 79 38
31 80 59
32 1 43
32 2 36
32 3 54
32 4 41
32 5 38
32 6 54
32 7 41
32 8 44
32 9 50
32 10 54
32 11 38
32 12 38
32 13 43
32 14 59
32 15 56
32 16 53
32 17 51
32 18 58
32 19 45
32 20 35
32 21 56
32 22 49
32 23 44
32 24 55
32 25 44
32 26 48
32 27 56
32 28 36
32 29 44
32 30 41
32 31 51
32 32 0
32 33 59
32 34 47
32 35 36
32 36 59
32 37 50
32 38 60
32 39 39
32 40 56
32 41 45
32 42 55
32 43 55
32 44 35
32 45 41
32 46 43
32 47 50
32 48 39
32 49 41
32 50 60
32 51 42
32 52 45
32 53 43
32 54 56
32 55 36
32 56 37
32 57 56
32 58 56
32 59 44
32 60 54
32 61 43
32 62 41
32 63 49
32 64 35
32 65 60
32 66 35
32 67 45
32 68 43
32 69 57
32 70 52
32 71 47
32 72 38
32 73 44
32 74 43
32 75 46
32 76 52
32 77 39
32 78 52
32 79 35
32 80 40
33 1 36
33 2 52
33 3 42
33 4 39
33 5 57
33 6 39
33 7 53
33 8 47
33 9 42
33 10 59
33 11 60
33 12 56
33 13 45
33 14 58
33 15 49
33 16 48
33 17 51
33 18 38
33 19 46
33 20 35
33 21 52
33 22 54
33 23 36
33 24 49
33 25 42
33 26 54
33 27 36
33 28 47
33 29 43
33 30 48
33 31 55
33 32 53
33 33 0
33 34 40
33 35 56
33 36 48
33 37 57
33 38 47
33 39 58
33 40 45
33 41 45
33 42 56
33 43 40
33 44 60
33 45 42
33 46 38
33 47 54
33 48 38
33 49 58
33 50 55
33 51 50
33 52 49
33 53 42
33 54 40
33 55 60
33 56 40
33 57 38
33 58 52
33 59 39
33 60 39
33 61 53
33 62 40
33 63 45
33 64 46
33 65 36
33 66 53
33 67 49
33 68 48
33 69 54
33 70 52
33 71 42
33 72 50
33 73 45
33 74 59
33 75 53
33 76 41
33 77 45
33 78 43
33 79 50
33 80 48
34 1 40
34 2 54
34 3 49
34 4 36
34 5 38
34 6 59
34 7 44
34 8 45
34 9 54
34 10 42
34 11 37
34 12 43
34 13 42
34 14 55
34 15 46
34 16 47
34 17 46
34 18 51
34 19 48
34 20 57
34 21 55
34 22 60
34 23 60
34 24 36
34 25 49
34 26 38
34 27 43
34 28 56
34 29 41
34 30 37
34 31 58
34 32 39
34 33 41
34 34 0
34 35 53
34 36 53
34 37 37
34 38 40
34 39 47
34 40 45
34 41 60
34 42 52
34 43 49
34 44 42
34 45 42
34 46 49
34 47 45
34 48 58
34 49 53
34 50 46
34 51 49
34 52 50
34 53 51
34 54 37
34 55 46
34 56 46
34 57 55
34 58 51
34 59 45
34 60 49
34 61 37
34 62 37
34 63 58
34 64 58
34 65 39
34 66 50
34 67 49
34 68 36
34 69 58
34 70 53
34 71 37
34 72 60
34 73 47
34 74 59
34 75 40
34 76 45
34 77 49
34 78 57
34 79 48
34 80 48
35 1 55
35 2 38
35 3 59
35 4 47
35 5 43
35 6 51
35 7 60
35 8 41
35 9 40
35 10 37
35 11 47
35 12 55
35 13 56
35 14 35
35 15 46
35 16 39
35 17 57
35 18 40
35 19 35
35 20 57
35 21 43
35 22 51
35 23 48
35 24 36
35 25 38
35 26 52
35 27 56
35 28 42
35 29 55
35 30 40
35 31 40
35 32 44
35 33 56
35 34 60
35 35 0
35 36 35
35 37 37
35 38 47
35 39 38
35 40 36
35 41 46
35 42 60
35 43 60
35 44 60
35 45 53
35 46 58
35 47 39
35 48 58
35 49 43
35 50 46
35 51 35
35 52 54
35 53 52
35 54 44
35 55 47
35 56 44
35 57 42
35 58 38
35 59 58
35 60 49
35 61 51
35 62 57
35 63 54
35 64 43
35 65 48
35 66 39
35 67 36
35 68 49
35 69 50
35 70 44
35 71 38
35 72 40
35 73 55
35 74 39
35 75 40
35 76 42
35 77 54
35 78 53
35 79 44
35 80 46
36 1 37
36 2 44
36 3 54
36 4 58
36 5 50
36 6 59
36 7 54
36 8 60
36 9 44
36 10 60
36 11 39
36 12 50
36 13 44
36 14 49
36 15 55
36 16 41
36 17 40
36 18 53
36 19 47
36 20 40
36 21 41
36 22 46
36 23 47
36 24 44
36 25 45
36 26 56
36 27 44
36 28 48
36 29 51
36 30 36
36 31 42
36 32 46
36 33 50
36 34 59
36 35 53
36 36 0
36 37 49
36 38 59
36 39 52
36 40 52
36 41 40
36 42 51
36 43 44
36 44 50
36 45 42
36 46 58
36 47 59
36 48 47
36 49 35
36 50 38
36 51 59
36 52 42
36 53 42
36 54 60
36 55 42
36 56 58
36 57 52
36 58 52
36 59 60
36 60 39
36 61 38
36 62 38
36 63 60
36 64 46
36 65 56
36 66 41
36 67 55
36 68 51
36 69 58
36 70 35
36 71 54
36 72 49
36 73 38
36 74 55
36 75 47
36 76 47
36 77 56
36 78 37
36 79 42
36 80 40
37 1 43
37 2 37
37 3 43
37 4 52
37 5 50
37 6 39
37 7 39
37 8 36
37 9 55
37 10 50
37 11 39
37 12 53
37 13 42
37 14 56
37 15 37
37 16 43
37 17 53
37 18 43
37 19 45
37 20 45
37 21 45
37 22 55
37 23 40
37 24 45
37 25 58
37 26 47
37 27 50
37 28 48
37 29 35
37 30 54
37 31 42
37 32 53
37 33 48
37 34 35
37 35 60
37 36 56
37 37 0
37 38 43
37 39 40
37 40 58
37 41 41
37 42 57
37 43 45
37 44 47
37 45 49
37 46 56
37 47 52
37 48 40
37 49 60
37 50 39
37 51 46
37 52 46
37 53 42
37 54 52
37 55 55
37 56 54
37 57 52
37 58 58
37 59 54
37 60 41
37 61 43
37 62 39
37 63 38
37 64 39
37 65 50
37 66 47
37 67 56
37 68 56
37 69 38
37 70 38
37 71 40
37 72 37
37 73 38
37 74 47
37 75 49
37 76 43
37 77 54
37 78 47
37 79 46
37 80 59
38 1 59
38 2 42
38 3 46
38 4 60
38 5 58
38 6 60
38 7 39
38 8 44
38 9 39
38 10 44
38 11 59
38 12 37
38 13 45
38 14 50
38 15 58
38 16 58
38 17 59
38 18 51
38 19 58
38 20 42
38 21 49
38 22 38
38 23 39
38 24 52
38 25 53
38 26 46
38 27 59
38 28 51
38 29 46
38 30 52
38 31 38
38 32 42
38 33 47
38 34 46
38 35 37
38 36 35
38 37 36
38 38 0
38 39 45
38 40 53
38 41 39
38 42 45
38 43 40
38 44 46
38 45 35
38 46 40
38 47 36
38 48 55
38 49 49
38 50 43
38 51 39
38 52 54
38 53 56
38 54 58
38 55 47
38 56 49
38 57 57
38 58 49
38 59 45
38 60 42
38 61 53
38 62 52
38 63 50
38 64 60
38 65 59
38 66 47
38 67 49
38 68 52
38 69 57
38 70 39
38 71 57
38 72 58
38 73 50
38 74 48
38 75 57
38 76 59
38 77 53
38 78 57
38 79 48
38 80 57
39 1 53
39 2 60
39 3 47
39 4 49
39 5 41
39 6 57
39 7 50
39 8 38
39 9 36
39 10 56
39 11 45
39 12 54
39 13 35
39 14 52
39 15 40
39 16 56
39 17 38
39 18 52
39 19 35
39 20 52
39 21 46
39 22 47
39 23 41
39 24 51
39 25 46
39 26 43
39 27 38
39 28 49
39 29 51
39 30 40
39 31 45
39 32 58
39 33 44
39 34 42
39 35 56
39 36 52
39 37 41
39 38 45
39 39 0
39 40 60
39 41 41
39 42 54
39 43 39
39 44 57
39 45 52
39 46 51
39 47 47
39 48 57
39 49 42
39 50 38
39 51 45
39 52 35
39 53 46
39 54 46
39 55 37
39 56 54
39 57 57
39 58 53
39 59 41
39 60 51
39 61 36
39 62 59
39 63 48
39 64 40
39 65 42
39 66 50
39 67 56
39 68 40
39 69 44
39 70 58
39 71 44
39 72 49
39 73 44
39 74 51
39 75 38
39 76 53
39 77 39
39 78 42
39 79 36
39 80 35
40 1 38
40 2 42
40 3 46
40 4 53
40 5 39
40 6 46
40 7 40
40 8 52
40 9 40
40 10 49
40 11 44
40 12 54
40 13 38
40 14 45
40 15 35
40 16 57
40 17 56
40 18 43
40 19 38
40 20 52
40 21 45
40 22 57
40 23 44
40 24 46
40 25 48
40 26 43
40 27 44
40 28 50
40 29 54
40 30 46
40 31 44
40 32 41
40 33 57
40 34 39
40 35 60
40 36 38
40 37 50
40 38 49
40 39 46
40 40 0
40 41 39
40 42 58
40 43 50
40 44 35
40 45 56
40 46 49
40 47 50
40 48 48
40 49 49
40 50 44
40 51 39
40 52 59
40 53 51
40 54 57
40 55 45
40 56 42
40 57 59
40 58 47
40 59 41
40 60 56
40 61 37
40 62 49
40 63 46
40 64 49
40 65 55
40 66 54
40 67 49
40 68 60
40 69 35
40 70 39
40 71 37
40 72 48
40 73 55
40 74 43
40 75 44
40 76 38
40 77 42
40 78 52
40 79 45
40 80 60
41 1 42
41 2 36
41 3 51
41 4 47
41 5 56
41 6 48
41 7 44
41 8 39
41 9 55
41 10 53
41 11 48
41 12 45
41 13 37
41 14 51
41 15 42
41 16 38
41 17 49
41 18 38
41 19 58
41 20 59
41 21 59
41 22 48
41 23 59
41 24 36
41 25 48
41 26 58
41 27 42
41 28 53
41 29 35
41 30 51
41 31 39
41 32 57
41 33 38
41 34 50
41 35 35
41 36 38
41 37 56
41 38 54
41 39 43
41 40 40
41 41 0
41 42 54
41 43 57
41 44 39
41 45 48
41 46 36
41 47 59
41 48 48
41 49 49
41 50 59
41 51 36
41 52 52
41 53 35
41 54 53
41 55 50
41 56 55
41 57 49
41 58 57
41 59 56
41 60 49
41 61 48
41 62 44
41 63 44
41 64 54
41 65 43
41 66 45
41 67 49
41 68 44
41 69 48
41 70 39
41 71 54
41 72 58
41 73 51
41 74 45
41 75 57
41 76 43
41 77 42
41 78 36
41 79 41
41 80 48
42 1 43
42 2 40
42 3 42
42 4 56
42 5 37
42 6 51
42 7 54
42 8 56
42 9 39
42 10 56
42 11 37
42 12 54
42 13 36
42 14 38
42 15 49
42 16 44
42 17 39
42 18 56
42 19 35
42 20 49
42 21 48
42 22 36
42 23 49
42 24 50
42 25 39
42 26 57
42 27 42
42 28 49
42 29 50
42 30 55
42 31 43
42 32 54
42 33 55
42 34 48
42 35 60
42 36 56
42 37 60
42 38 37
42 39 54
42 40 57
42 41 51
42 42 0
42 43 57
42 44 41
42 45 40
42 46 40
42 47 45
42 48 48
42 49 35
42 50 54
42 51 36
42 52 36
42 53 51
42 54 46
42 55 45
42 56 53
42 57 37
42 58 47
42 59 44
42 60 57
42 61 48
42 62 38
42 63 59
42 64 35
42 65 60
42 66 48
42 67 44
42 68 41
42 69 49
42 70 40
42 71 50
42 72 41
42 73 45
42 74 38
42 75 44
42 76 59
42 77 58
42 78 36
42 79 38
42 80 54
43 1 54
43 2 41
43 3 47
43 4 35
43 5 43
43 6 38
43 7 40
43 8 39
43 9 52
43 10 46
43 11 40
43 12 51
43 13 55
43 14 56
43 15 51
43 16 43
43 17 54
43 18 59
43 19 49
43 20 35
43 21 43
43 22 48
43 23 52
43 24 50
43 25 50
43 26 58
43 27 49
43 28 49
43 29 57
43 30 41
43 31 35
43 32 57
43 33 42
43 34 42
43 35 51
43 36 53
43 37 36
43 38 38
43 39 41
43 40 38
43 41 46
43 42 43
43 43 0
43 44 44
43 45 50
43 46 39
43 47 55
43 48 37
43 49 45
43 50 42
43 51 37
43 52 38
43 53 60
43 54 59
43 55 55
43 56 40
43 57 49
43 58 39
43 59 59
43 60 37
43 61 52
43 62 40
43 63 54
43 64 49
43 65 47
43 66 41
43 67 57
43 68 47
43 69 42
43 70 51
43 71 56
43 72 35
43 73 43
43 74 58
43 75 38
43 76 56
43 77 50
43 78 46
43 79 38
43 80 57
44 1 51
44 2 55
44 3 42
44 4 54
44 5 55
44 6 46
44 7 57
44 8 43
44 9 49
44 10 56
44 11 56
44 12 35
44 13 60
44 14 43
44 15 43
44 16 42
44 17 41
44 18 42
44 19 38
44 20 39
44 21 38
44 22 46
44 23 57
44 24 44
44 25 39
44 26 37
44 27 46
44 28 54
44 29 43
44 30 43
44 31 43
44 32 43
44 33 51
44 34 45
44 35 55
44 36 44
44 37 55
44 38 48
44 39 53
44 40 53
44 41 36
44 42 48
44 43 51
44 44 0
44 45 39
44 46 56
44 47 36
44 48 35
44 49 46
44 50 59
44 51 57
44 52 42
44 53 50
44 54 49
44 55 40
44 56 39
44 57 53
44 58 46
44 59 41
44 60 52
44 61 60
44 62 56
44 63 37
44 64 42
44 65 36
44 66 39
44 67 46
44 68 43
44 69 39
44 70 59
44 71 37
44 72 35
44 73 44
44 74 43
44 75 44
44 76 50
44 77 35
44 78 48
44 79 52
44 80 48
45 1 58
45 2 52
45 3 51
45 4 45
45 5 55
45 6 35
45 7 42
45 8 38
45 9 60
45 10 52
45 11 55
45 12 44
45 13 57
45 14 42
45 15 44
45 16 47
45 17 46
45 18 48
45 19 42
45 20 51
45 21 59
45 22 54
45 23 40
45 24 43
45 25 59
45 26 43
45 27 36
45 28 51
45 29 47
45 30 43
45 31 55
45 32 49
45 33 40
45 34 50
45 35 59
45 36 38
45 37 57
45 38 40
45 39 36
45 40 59
45 41 42
45 42 43
45 43 55
45 44 39
45 45 0
45 46 39
45 47 55
45 48 36
45 49 59
45 50 50
45 51 54
45 52 36
45 53 50
45 54 49
45 55 56
45 56 51
45 57 51
45 58 46
45 59 41
45 60 50
45 61 40
45 62 46
45 63 42
45 64 57
45 65 58
45 66 45
45 67 47
45 68 38
45 69 55
45 70 46
45 71 55
45 72 45
45 73 38
45 74 47
45 75 56
45 76 60
45 77 38
45 78 51
45 79 42
45 80 43
46 1 52
46 2 54
46 3 39
46 4 54
46 5 35
46 6 37
46 7 58
46 8 46
46 9 59
46 10 40
46 11 44
46 12 60
46 13 36
46 14 47
46 15 44
46 16 48
46 17 38
46 18 55
46 19 35
46 20 45
46 21 53
46 22 35
46 23 54
46 24 55
46 25 42
46 26 47
46 27 46
46 28 41
46 29 39
46 30 54
46 31 51
46 32 48
46 33 37
46 34 39
46 35 44
46 36 58
46 37 57
46 38 48
46 39 40
46 40 50
46 41 40
46 42 50
46 43 58
46 44 44
46 45 45
46 46 0
46 47 53
46 48 60
46 49 55
46 50 36
46 51 57
46 52 56
46 53 58
46 54 35
46 55 58
46 56 50
46 57 46
46 58 59
46 59 35
46 60 48
46 61 37
46 62 44
46 63 49
46 64 47
46 65 59
46 66 54
46 67 60
46 68 42
46 69 56
46 70 50
46 71 35
46 72 46
46 73 55
46 74 44
46 75 56
46 76 38
46 77 49
46 78 60
46 79 60
46 80 56
47 1 56
47 2 46
47 3 59
47 4 49
47 5 49
47 6 51
47 7 45
47 8 43
47 9 36
47 10 60
47 11 45
47 12 57
47 13 44
47 14 42
47 15 41
47 16 56
47 17 38
47 18 48
47 19 50
47 20 46
47 21 35
47 22 48
47 23 42
47 24 50
47 25 51
47 26 50
47 27 52
47 28 50
47 29 51
47 30 38
47 31 43
47 32 54
47 33 38
47 34 45
47 35 51
47 36 45
47 37 56
47 38 53
47 39 40
47 40 52
47 41 56
47 42 46
47 43 47
47 44 42
47 45 55
47 46 47
47 47 0
47 48 45
47 49 60
47 50 38
47 51 46
47 52 56
47 53 47
47 54 48
47 55 54
47 56 39
47 57 59
47 58 54
47 59 39
47 60 54
47 61 60
47 62 58
47 63 46
47 64 47
47 65 36
47 66 42
47 67 57
47 68 56
47 69 58
47 70 36
47 71 60
47 72 41
47 73 48
47 74 60
47 75 54
47 76 47
47 77 35
47 78 38
47 79 39
47 80 51
48 1 46
48 2 36
48 3 35
48 4 49
48 5 59
48 6 50
48 7 50
48 8 45
48 9 47
48 10 50
48 11 49
48 12 50
48 13 46
48 14 45
48 15 58
48 16 47
48 17 55
48 18 56
48 19 40
48 20 42
48 21 57
48 22 39
48 23 48
48 24 59
48 25 46
48 26 51
48 27 60
48 28 51
48 29 36
48 30 41
48 31 47
48 32 48
48 33 60
48 34 55
48 35 35
48 36 58
48 37 59
48 38 50
48 39 36
48 40 42
48 41 45
48 42 48
48 43 58
48 44 51
48 45 50
48 46 56
48 47 41
48 48 0
48 49 35
48 50 40
48 51 40
48 52 41
48 53 54
48 54 46
48 55 43
48 56 54
48 57 50
48 58 51
48 59 59
48 60 44
48 61 50
48 62 40
48 63 35
48 64 56
48 65 43
48 66 56
48 67 55
48 68 45
48 69 58
48 70 55
48 71 51
48 72 52
48 73 60
48 74 51
48 75 50
48 76 35
48 77 52
48 78 41
48 79 41
48 80 58
49 1 44
49 2 51
49 3 50
49 4 37
49 5 52
49 6 60
49 7 56
49 8 59
49 9 45
49 10 41
49 11 39
49 12 45
49 13 48
49 14 47
49 15 52
49 16 51
49 17 59
49 18 48
49 19 45
49 20 49
49 21 54
49 22 56
49 23 42
49 24 42
49 25 38
49 26 42
49 27 49
49 28 48
49 29 47
49 30 40
49 31 40
49 32 38
49 33 44
49 34 38
49 35 49
49 36 36
49 37 49
49 38 39
49 39 36
49 40 52
49 41 55
49 42 45
49 43 44
49 44 43
49 45 42
49 46 35
49 47 55
49 48 53
49 49 0
49 50 58
49 51 50
49 52 49
49 53 47
49 54 37
49 55 35
49 56 41
49 57 47
49 58 48
49 59 48
49 60 54
49 61 48
49 62 44
49 63 53
49 64 42
49 65 49
49 66 39
49 67 47
49 68 60
49 69 40
49 70 59
49 71 49
49 72 39
49 73 60
49 74 35
49 75 48
49 76 36
49 77 41
49 78 52
49 79 36
49 80 41
50 1 43
50 2 59
50 3 60
50 4 39
50 5 41
50 6 44
50 7 40
50 8 36
50 9 43
50 10 42
50 11 47
50 12 45
50 13 46
50 14 60
50 15 40
50 16 44
50 17 56
50 18 49
50 19 60
50 20 46
50 21 43
50 22 40
50 23 40
50 24 49
50 25 50
50 26 38
50 27 47
50 28 51
50 29 35
50 30 47
50 31 47
50 32 51
50 33 38
50 34 45
50 35 38
50 36 54
50 37 49
50 38 47
50 39 50
50 40 52
50 41 47
50 42 47
50 43 35
50 44 44
50 45 35
50 46 49
50 47 50
50 48 51
50 49 37
50 50 0
50 51 56
50 52 55
50 53 57
50 54 52
50 55 60
50 56 57
50 57 57
50 58 60
50 59 39
50 60 60
50 61 46
50 62 52
50 63 55
50 64 58
50 65 53
50 66 56
50 67 52
50 68 51
50 69 39
50 70 39
50 71 40
50 72 38
50 73 59
50 74 59
50 75 51
50 76 44
50 77 42
50 78 55
50 79 38
50 80 56
51 1 42
51 2 55
51 3 36
51 4 60
51 5 49
51 6 40
51 7 49
51 8 35
51 9 58
51 10 37
51 11 37
51 12 46
51 13 57
51 14 59
51 15 45
51 16 50
51 17 36
51 18 42
51 19 38
51 20 55
51 21 53
51 22 40
51 23 54
51 24 56
51 25 41
51 26 40
51 27 38
51 28 46
51 29 36
51 30 47
51 31 56
51 32 43
51 33 58
51 34 46
51 35 52
51 36 46
51 37 45
51 38 59
51 39 35
51 40 49
51 41 37
51 42 39
51 43 42
51 44 45
51 45 46
51 46 60
51 47 57
51 48 50
51 49 40
51 50 57
51 51 0
51 52 48
51 53 35
51 54 48
51 55 50
51 56 42
51 57 55
51 58 36
51 59 48
51 60 51
51 61 39
51 62 47
51 63 43
51 64 59
51 65 59
51 66 41
51 67 49
51 68 53
51 69 41
51 70 60
51 71 56
51 72 49
51 73 52
51 74 47
51 75 36
51 76 54
51 77 54
51 78 42
51 79 46
51 80 40
52 1 57
52 2 35
52 3 38
52 4 44
52 5 55
52 6 58
52 7 59
52 8 47
52 9 47
52 10 35
52 11 48
52 12 44
52 13 58
52 14 54
52 15 53
52 16 52
52 17 40
52 18 37
52 19 60
52 20 60
52 21 54
52 22 37
52 23 52
52 24 51
52 25 59
52 26 60
52 27 53
52 28 39
52 29 45
52 30 57
52 31 54
52 32 56
52 33 40
52 34 58
52 35 56
52 36 42
52 37 54
52 38 42
52 39 35
52 40 50
52 41 46
52 42 45
52 43 46
52 44 37
52 45 51
52 46 47
52 47 60
52 48 38
52 49 36
52 50 60
52 51 35
52 52 0
52 53 50
52 54 39
52 55 45
52 56 56
52 57 52
52 58 59
52 59 47
52 60 57
52 61 49
52 62 36
52 63 37
52 64 50
52 65 48
52 66 51
52 67 60
52 68 52
52 69 37
52 70 53
52 71 45
52 72 53
52 73 40
52 74 43
52 75 57
52 76 41
52 77 53
52 78 42
52 79 39
52 80 53
53 1 39
53 2 60
53 3 46
53 4 37
53 5 48
53 6 48
53 7 51
53 8 40
53 9 37
53 10 41
53 11 37
53 12 38
53 13 49
53 14 46
53 15 40
53 16 53
53 17 35
53 18 59
53 19 42
53 20 48
53 21 57
53 22 44
53 23 39
53 24 59
53 25 58
53 26 56
53 27 49
53 28 48
53 29 35
53 30 50
53 31 50
53 32 42
53 33 50
53 34 58
53 35 48
53 36 53
53 37 49
53 38 45
53 39 44
53 40 44
53 41 36
53 42 48
53 43 58
53 44 60
53 45 39
53 46 55
53 47 42
53 48 44
53 49 41
53 50 45
53 51 42
53 52 57
53 53 0
53 54 49
53 55 36
53 56 52
53 57 48
53 58 37
53 59 54
53 60 47
53 61 48
53 62 42
53 63 39
53 64 48
53 65 48
53 66 37
53 67 37
53 68 41
53 69 48
53 70 39
53 71 41
53 72 44
53 73 47
53 74 48
53 75 56
53 76 51
53 77 40
53 78 47
53 79 55
53 80 54
54 1 59
54 2 54
54 3 35
54 4 55
54 5 45
54 6 39
54 7 51
54 8 55
54 9 53
54 10 46
54 11 39
54 12 42
54 13 55
54 14 44
54 15 54
54 16 55
54 17 35
54 18 60
54 19 46
54 20 54
54 21 60
54 22 53
54 23 57
54 24 51
54 25 56
54 26 42
54 27 50
54 28 40
54 29 51
54 30 48
54 31 54
54 32 40
54 33 47
54 34 56
54 35 36
54 36 47
54 37 57
54 38 50
54 39 57
54 40 56
54 41 47
54 42 53
54 43 38
54 44 41
54 45 51
54 46 56
54 47 55
54 48 38
54 49 43
54 50 50
54 51 45
54 52 45
54 53 58
54 54 0
54 55 52
54 56 50
54 57 55
54 58 46
54 59 40
54 60 54
54 61 41
54 62 35
54 63 54
54 64 38
54 65 45
54 66 46
54 67 45
54 68 50
54 69 52
54 70 49
54 71 47
54 72 51
54 73 43
54 74 54
54 75 36
54 76 52
54 77 54
54 78 36
54 79 38
54 80 51
55 1 41
55 2 41
55 3 38
55 4 43
55 5 50
55 6 39
55 7 39
55 8 59
55 9 37
55 10 60
55 11 59
55 12 46
55 13 56
55 14 43
55 15 47
55 16 49
55 17 51
55 18 35
55 19 35
55 20 40
55 21 48
55 22 38
55 23 42
55 24 35
55 25 53
55 26 42
55 27 42
55 28 53
55 29 57
55 30 49
55 31 42
55 32 58
55 33 36
55 34 42
55 35 51
55 36 39
55 37 37
55 38 41
55 39 59
55 40 44
55 41 55
55 42 54
55 43 37
55 44 48
55 45 53
55 46 44
55 47 35
55 48 59
55 49 46
55 50 60
55 51 36
55 52 40
55 53 53
55 54 46
55 55 0
55 56 48
55 57 37
55 58 59
55 59 51
55 60 46
55 61 45
55 62 58
55 63 43
55 64 58
55 65 46
55 66 54
55 67 36
55 68 49
55 69 60
55 70 60
55 71 56
55 72 39
55 73 59
55 74 50
55 75 52
55 76 49
55 77 41
55 78 50
55 79 57
55 80 50
56 1 41
56 2 44
56 3 50
56 4 53
56 5 55
56 6 38
56 7 49
56 8 56
56 9 39
56 10 57
56 11 37
56 12 38
56 13 60
56 14 36
56 15 55
56 16 45
56 17 57
56 18 51
56 19 35
56 20 35
56 21 52
56 22 47
56 23 52
56 24 43
56 25 46
56 26 40
56 27 51
56 28 53
56 29 56
56 30 47
56 31 59
56 32 38
56 33 36
56 34 45
56 35 53
56 36 35
56 37 59
56 38 42
56 39 40
56 40 45
56 41 45
56 42 45
56 43 37
56 44 58
56 45 52
56 46 43
56 47 37
56 48 45
56 49 49
56 50 50
56 51 46
56 52 38
56 53 48
56 54 43
56 55 43
56 56 0
56 57 40
56 58 58
56 59 46
56 60 43
56 61 56
56 62 40
56 63 40
56 64 60
56 65 40
56 66 46
56 67 45
56 68 53
56 69 49
56 70 57
56 71 45
56 72 59
56 73 44
56 74 59
56 75 49
56 76 40
56 77 43
56 78 49
56 79 59
56 80 35
57 1 53
57 2 58
57 3 35
57 4 53
57 5 47
57 6 36
57 7 39
57 8 59
57 9 41
57 10 59
57 11 43
57 12 53
57 13 60
57 14 40
57 15 39
57 16 49
57 17 58
57 18 47
57 19 56
57 20 59
57 21 35
57 22 49
57 23 60
57 24 40
57 25 39
57 26 53
57 27 44
57 28 39
57 29 49
57 30 42
57 31 36
57 32 38
57 33 40
57 34 58
57 35 38
57 36 50
57 37 58
57 38 45
57 39 39
57 40 36
57 41 55
57 42 43
57 43 40
57 44 57
57 45 39
57 46 36
57 47 58
57 48 51
57 49 57
57 50 60
57 51 36
57 52 50
57 53 40
57 54 48
57 55 60
57 56 51
57 57 0
57 58 45
57 59 35
57 60 42
57 61 38
57 62 55
57 63 36
57 64 51
57 65 35
57 66 54
57 67 58
57 68 37
57 69 38
57 70 56
57 71 54
57 72 36
57 73 38
57 74 59
57 75 39
57 76 60
57 77 52
57 78 46
57 79 38
57 80 37
58 1 46
58 2 59
58 3 43
58 4 59
58 5 52
58 6 57
58 7 44
58 8 35
58 9 56
58 10 60
58 11 56
58 12 46
58 13 48
58 14 43
58 15 39
58 16 36
58 17 40
58 18 56
58 19 56
58 20 50
58 21 56
58 22 47
58 23 53
58 24 60
58 25 60
58 26 41
58 27 41
58 28 39
58 29 56
58 30 37
58 31 51
58 32 53
58 33 42
58 34 48
58 35 55
58 36 45
58 37 35
58 38 54
58 39 47
58 40 59
58 41 46
58 42 35
58 43 38
58 44 45
58 45 42
58 46 41
58 47 60
58 48 55
58 49 38
58 50 36
58 51 51
58 52 60
58 53 50
58 54 48
58 55 37
58 56 53
58 57 53
58 58 0
58 59 35
58 60 36
58 61 35
58 62 35
58 63 46
58 64 52
58 65 45
58 66 47
58 67 55
58 68 48
58 69 47
58 70 49
58 71 46
58 72 52
58 73 42
58 74 50
58 75 55
58 76 38
58 77 58
58 78 47
58 79 37
58 80 45
59 1 37
59 2 35
59 3 50
59 4 49
59 5 57
59 6 57
59 7 52
59 8 60
59 9 48
59 10 43
59 11 60
59 12 43
59 13 41
59 14 35
59 15 36
59 16 36
59 17 38
59 18 41
59 19 56
59 20 51
59 21 40
59 22 42
59 23 48
59 24 39
59 25 44
59 26 53
59 27 37
59 28 41
59 29 60
59 30 54
59 31 37
59 32 48
59 33 50
59 34 43
59 35 57
59 36 53
59 37 50
59 38 39
59 39 41
59 40 60
59 41 37
59 42 40
59 43 41
59 44 45
59 45 37
59 46 60
59 47 52
59 48 45
59 49 43
59 50 39
59 51 60
59 52 56
59 53 42
59 54 60
59 55 59
59 56 40
59 57 51
59 58 44
59 59 0
59 60 58
59 61 39
59 62 59
59 63 50
59 64 49
59 65 50
59 66 55
59 67 46
59 68 57
59 69 49
59 70 36
59 71 43
59 72 38
59 73 50
59 74 36
59 75 52
59 76 48
59 77 56
59 78 57
59 79 53
59 80 43
60 1 44
60 2 46
60 3 47
60 4 55
60 5 36
60 6 56
60 7 47
60 8 56
60 9 47
60 10 42
60 11 38
60 12 37
60 13 56
60 14 50
60 15 45
60 16 52
60 17 36
60 18 51
60 19 39
60 20 47
60 21 40
60 22 47
60 23 44
60 24 48
60 25 47
60 26 54
60 27 42
60 28 58
60 29 38
60 30 59
60 31 35
60 32 53
60 33 46
60 34 41
60 35 44
60 36 55
60 37 56
60 38 46
60 39 56
60 40 42
60 41 44
60 42 60
60 43 48
60 44 46
60 45 54
60 46 42
60 47 49
60 48 36
60 49 57
60 50 40
60 51 42
60 52 47
60 53 36
60 54 59
60 55 36
60 56 43
60 57 53
60 58 47
60 59 46
60 60 0
60 61 53
60 62 48
60 63 38
60 64 46
60 65 58
60 66 49
60 67 38
60 68 50
60 69 40
60 70 35
60 71 57
60 72 56
60 73 48
60 74 54
60 75 35
60 76 50
60 77 53
60 78 41
60 79 40
60 80 58
61 1 52
61 2 44
61 3 41
61 4 40
61 5 52
61 6 52
61 7 49
61 8 50
61 9 43
61 10 59
61 11 55
61 12 59
61 13 46
61 14 56
61 15 56
61 16 58
61 17 44
61 18 55
61 19 54
61 20 51
61 21 36
61 22 41
61 23 59
61 24 49
61 25 44
61 26 51
61 27 59
61 28 44
61 29 47
61 30 52
61 31 59
61 32 50
61 33 37
61 34 56
61 35 35
61 36 43
61 37 41
61 38 45
61 39 50
61 40 58
61 41 40
61 42 48
61 43 41
61 44 46
61 45 38
61 46 58
61 47 50
61 48 40
61 49 50
61 50 55
61 51 37
61 52 36
61 53 37
61 54 53
61 55 39
61 56 50
61 57 46
61 58 40
61 59 60
61 60 51
61 61 0
61 62 45
61 63 35
61 64 36
61 65 56
61 66 50
61 67 52
61 68 44
61 69 58
61 70 45
61 71 35
61 72 35
61 73 44
61 74 39
61 75 58
61 76 55
61 77 47
61 78 54
61 79 45
61 80 37
62 1 60
62 2 40
62 3 58
62 4 59
62 5 44
62 6 43
62 7 55
62 8 51
62 9 46
62 10 56
62 11 38
62 12 52
62 13 51
62 14 53
62 15 55
62 16 54
62 17 42
62 18 36
62 19 38
62 20 39
62 21 46
62 22 57
62 23 47
62 24 43
62 25 51
62 26 49
62 27 47
62 28 36
62 29 50
62 30 52
62 31 40
62 32 52
62 33 48
62 34 42
62 35 51
62 36 49
62 37 47
62 38 53
62 39 36
62 40 54
62 41 54
62 42 50
62 43 50
62 44 55
62 45 51
62 46 51
62 47 59
62 48 37
62 49 39
62 50 41
62 51 45
62 52 35
62 53 52
62 54 43
62 55 54
62 56 43
62 57 35
62 58 41
62 59 43
62 60 55
62 61 35
62 62 0
62 63 37
62 64 47
62 65 37
62 66 59
62 67 53
62 68 35
62 69 40
62 70 53
62 71 48
62 72 47
62 73 51
62 74 60
62 75 53
62 76 38
62 77 44
62 78 57
62 79 45
62 80 47
63 1 40
63 2 37
63 3 52
63 4 50
63 5 52
63 6 51
63 7 35
63 8 51
63 9 43
63 10 57
63 11 38
63 12 37
63 13 43
63 14 47
63 15 58
63 16 57
63 17 47
63 18 40
63 19 45
63 20 40
63 21 37
63 22 56
63 23 53
63 24 49
63 25 38
63 26 52
63 27 55
63 28 39
63 29 44
63 30 52
63 31 46
63 32 45
63 33 59
63 34 59
63 35 46
63 36 42
63 37 44
63 38 58
63 39 51
63 40 51
63 41 54
63 42 50
63 43 47
63 44 38
63 45 44
63 46 50
63 47 47
63 48 35
63 49 37
63 50 37
63 51 57
63 52 50
63 53 36
63 54 46
63 55 53
63 56 44
63 57 37
63 58 35
63 59 43
63 60 58
63 61 59
63 62 56
63 63 0
63 64 54
63 65 59
63 66 43
63 67 39
63 68 40
63 69 49
63 70 49
63 71 57
63 72 37
63 73 44
63 74 53
63 75 56
63 76 44
63 77 56
63 78 46
63 79 41
63 80 59
64 1 37
64 2 56
64 3 57
64 4 40
64 5 50
64 6 45
64 7 57
64 8 41
64 9 46
64 10 60
64 11 35
64 12 41
64 13 42
64 14 54
64 15 58
64 16 49
64 17 41
64 18 43
64 19 52
64 20 60
64 21 49
64 22 57
64 23 40
64 24 36
64 25 35
64 26 44
64 27 35
64 28 52
64 29 43
64 30 54
64 31 40
64 32 58
64 33 38
64 34 54
64 35 45
64 36 60
64 37 50
64 38 35
64 39 57
64 40 48
64 41 37
64 42 35
64 43 56
64 44 52
64 45 55
64 46 39
64 47 56
64 48 51
64 49 54
64 50 57
64 51 56
64 52 57
64 53 50
64 54 39
64 55 45
64 56 46
64 57 56
64 58 42
64 59 49
64 60 38
64 61 35
64 62 44
64 63 57
64 64 0
64 65 53
64 66 60
64 67 41
64 68 35
64 69 45
64 70 47
64 71 53
64 72 51
64 73 47
64 74 43
64 75 42
64 76 47
64 77 60
64 78 39
64 79 37
64 80 52
65 1 57
65 2 37
65 3 39
65 4 58
65 5 43
65 6 42
65 7 39
65 8 46
65 9 38
65 10 46
65 11 58
65 12 51
65 13 37
65 14 46
65 15 57
65 16 49
65 17 44
65 18 47
65 19 51
65 20 35
65 21 59
65 22 51
65 23 48
65 24 54
65 25 49
65 26 51
65 27 38
65 28 49
65 29 35
65 30 42
65 31 49
65 32 42
65 33 35
65 34 42
65 35 48
65 36 35
65 37 43
65 38 49
65 39 36
65 40 50
65 41 37
65 42 37
65 43 46
65 44 43
65 45 37
65 46 44
65 47 53
65 48 60
65 49 60
65 50 46
65 51 53
65 52 50
65 53 39
65 54 40
65 55 59
65 56 58
65 57 38
65 58 57
65 59 49
65 60 59
65 61 49
65 62 43
65 63 58
65 64 60
65 65 0
65 66 46
65 67 47
65 68 35
65 69 38
65 70 55
65 71 57
65 72 58
65 73 55
65 74 42
65 75 52
65 76 47
65 77 37
65 78 38
65 79 58
65 80 59
66 1 36
66 2 59
66 3 44
66 4 55
66 5 50
66 6 39
66 7 57
66 8 48
66 9 46
66 10 53
66 11 48
66 12 43
66 13 52
66 14 36
66 15 39
66 16 53
66 17 52
66 18 60
66 19 36
66 20 55
66 21 52
66 22 44
66 23 50
66 24 49
66 25 59
66 26 58
66 27 52
66 28 45
66 29 57
66 30 53
66 31 56
66 32 42
66 33 45
66 34 60
66 35 52
66 36 41
66 37 56
66 38 54
66 39 55
66 40 46
66 41 41
66 42 42
66 43 50
66 44 41
66 45 41
66 46 53
66 47 59
66 48 58
66 49 54
66 50 40
66 51 42
66 52 39
66 53 50
66 54 48
66 55 46
66 56 38
66 57 59
66 58 51
66 59 53
66 60 55
66 61 56
66 62 54
66 63 55
66 64 35
66 65 43
66 66 0
66 67 56
66 68 57
66 69 54
66 70 37
66 71 41
66 72 46
66 73 60
66 74 45
66 75 41
66 76 50
66 77 47
66 78 35
66 79 59
66 80 53
67 1 59
67 2 56
67 3 48
67 4 35
67 5 50
67 6 55
67 7 54
67 8 57
67 9 56
67 10 59
67 11 43
67 12 60
67 13 55
67 14 56
67 15 59
67 16 52
67 17 58
67 18 52
67 19 41
67 20 40
67 21 54
67 22 57
67 23 56
67 24 45
67 25 39
67 26 44
67 27 51
67 28 47
67 29 44
67 30 49
67 31 59
67 32 53
67 33 38
67 34 36
67 35 56
67 36 41
67 37 43
67 38 55
67 39 47
67 40 58
67 41 35
67 42 54
67 43 49
67 44 39
67 45 52
67 46 41
67 47 39
67 48 59
67 49 40
67 50 42
67 51 41
67 52 49
67 53 36
67 54 48
67 55 37
67 56 43
67 57 59
67 58 37
67 59 57
67 60 45
67 61 40
67 62 57
67 63 37
67 64 54
67 65 56
67 66 41
67 67 0
67 68 51
67 69 41
67 70 42
67 71 52
67 72 46
67 73 48
67 74 39
67 75 43
67 76 49
67 77 50
67 78 39
67 79 47
67 80 41
68 1 59
68 2 41
68 3 40
68 4 38
68 5 49
68 6 52
68 7 37
68 8 50
68 9 35
68 10 48
68 11 39
68 12 50
68 13 49
68 14 48
68 15 52
68 16 43
68 17 45
68 18 60
68 19 40
68 20 55
68 21 57
68 22 57
68 23 48
68 24 42
68 25 57
68 26 52
68 27 45
68 28 40
68 29 51
68 30 50
68 31 40
68 32 49
68 33 59
68 34 43
68 35 51
68 36 52
68 37 60
68 38 60
68 39 46
68 40 35
68 41 50
68 42 36
68 43 57
68 44 36
68 45 36
68 46 39
68 47 55
68 48 43
68 49 41
68 50 35
68 51 47
68 52 41
68 53 42
68 54 46
68 55 60
68 56 35
68 57 47
68 58 38
68 59 50
68 60 55
68 61 54
68 62 35
68 63 36
68 64 48
68 65 42
68 66 54
68 67 47
68 68 0
68 69 57
68 70 36
68 71 43
68 72 52
68 73 47
68 74 49
68 75 44
68 76 43
68 77 60
68 78 46
68 79 55
68 80 37
69 1 40
69 2 52
69 3 36
69 4 53
69 5 47
69 6 39
69 7 59
69 8 41
69 9 57
69 10 50
69 11 51
69 12 37
69 13 48
69 14 42
69 15 54
69 16 43
69 17 36
69 18 54
69 19 58
69 20 55
69 21 41
69 22 53
69 23 35
69 24 38
69 25 47
69 26 55
69 27 36
69 28 37
69 29 52
69 30 37
69 31 57
69 32 42
69 33 40
69 34 54
69 35 47
69 36 53
69 37 36
69 38 47
69 39 53
69 40 40
69 41 42
69 42 52
69 43 45
69 44 56
69 45 54
69 46 39
69 47 36
69 48 39
69 49 41
69 50 48
69 51 36
69 52 55
69 53 58
69 54 48
69 55 51
69 56 40
69 57 53
69 58 60
69 59 42
69 60 50
69 61 42
69 62 43
69 63 37
69 64 60
69 65 57
69 66 41
69 67 43
69 68 47
69 69 0
69 70 54
69 71 57
69 72 53
69 73 53
69 74 49
69 75 44
69 76 60
69 77 36
69 78 53
69 79 42
69 80 37
70 1 37
70 2 44
70 3 60
70 4 60
70 5 60
70 6 59
70 7 52
70 8 48
70 9 39
70 10 46
70 11 40
70 12 60
70 13 43
70 14 58
70 15 56
70 16 43
70 17 45
70 18 57
70 19 39
70 20 49
70 21 58
70 22 42
70 23 45
70 24 54
70 25 52
70 26 58
70 27 45
70 28 49
70 29 60
70 30 58
70 31 37
70 32 48
70 33 48
70 34 58
70 35 41
70 36 50
70 37 42
70 38 43
70 39 56
70 40 43
70 41 44
70 42 43
70 43 47
70 44 58
70 45 49
70 46 58
70 47 57
70 48 45
70 49 48
70 50 43
70 51 56
70 52 41
70 53 57
70 54 39
70 55 60
70 56 38
70 57 41
70 58 38
70 59 47
70 60 43
70 61 47
70 62 41
70 63 52
70 64 37
70 65 56
70 66 36
70 67 53
70 68 35
70 69 45
70 70 0
70 71 51
70 72 42
70 73 58
70 74 49
70 75 47
70 76 60
70 77 37
70 78 56
70 79 54
70 80 40
71 1 47
71 2 58
71 3 49
71 4 40
71 5 39
71 6 52
71 7 40
71 8 51
71 9 39
71 10 56
71 11 58
71 12 57
71 13 53
71 14 37
71 15 37
71 16 48
71 17 50
71 18 38
71 19 43
71 20 60
71 21 37
71 22 39
71 23 57
71 24 51
71 25 38
71 26 42
71 27 51
71 28 55
71 29 55
71 30 56
71 31 40
71 32 60
71 33 44
71 34 39
71 35 42
71 36 41
71 37 42
71 38 50
71 39 35
71 40 43
71 41 36
71 42 40
71 43 43
71 44 49
71 45 50
71 46 41
71 47 42
71 48 49
71 49 51
71 50 45
71 51 38
71 52 59
71 53 54
71 54 56
71 55 59
71 56 42
71 57 42
71 58 55
71 59 53
71 60 54
71 61 48
71 62 45
71 63 36
71 64 46
71 65 52
71 66 59
71 67 46
71 68 58
71 69 58
71 70 50
71 71 0
71 72 40
71 73 50
71 74 42
71 75 55
71 76 35
71 77 59
71 78 48
71 79 35
71 80 43
72 1 38
72 2 43
72 3 56
72 4 60
72 5 36
72 6 43
72 7 51
72 8 52
72 9 39
72 10 47
72 11 52
72 12 54
72 13 52
72 14 56
72 15 59
72 16 54
72 17 51
72 18 56
72 19 43
72 20 49
72 21 43
72 22 35
72 23 49
72 24 41
72 25 38
72 26 52
72 27 42
72 28 45
72 29 51
72 30 41
72 31 37
72 32 50
72 33 58
72 34 55
72 35 41
72 36 55
72 37 42
72 38 52
72 39 49
72 40 39
72 41 40
72 42 55
72 43 45
72 44 46
72 45 45
72 46 39
72 47 45
72 48 44
72 49 35
72 50 47
72 51 59
72 52 59
72 53 45
72 54 47
72 55 42
72 56 60
72 57 40
72 58 42
72 59 35
72 60 47
72 61 43
72 62 54
72 63 43
72 64 44
72 65 40
72 66 56
72 67 49
72 68 36
72 69 56
72 70 38
72 71 37
72 72 0
72 73 59
72 74 41
72 75 55
72 76 59
72 77 53
72 78 50
72 79 48
72 80 42
73 1 57
73 2 54
73 3 35
73 4 56
73 5 56
73 6 50
73 7 59
73 8 48
73 9 49
73 10 39
73 11 48
73 12 39
73 13 42
73 14 45
73 15 59
73 16 36
73 17 60
73 18 59
73 19 50
73 20 56
73 21 42
73 22 39
73 23 54
73 24 56
73 25 35
73 26 55
73 27 45
73 28 58
73 29 53
73 30 39
73 31 47
73 32 58
73 33 42
73 34 44
73 35 41
73 36 56
73 37 51
73 38 49
73 39 38
73 40 42
73 41 38
73 42 55
73 43 49
73 44 57
73 45 59
73 46 37
73 47 57
73 48 50
73 49 42
73 50 37
73 51 37
73 52 56
73 53 53
73 54 48
73 55 55
73 56 39
73 57 59
73 58 38
73 59 51
73 60 36
73 61 49
73 62 50
73 63 55
73 64 45
73 65 37
73 66 53
73 67 53
73 68 41
73 69 57
73 70 56
73 71 52
73 72 53
73 73 0
73 74 60
73 75 60
73 76 44
73 77 46
73 78 42
73 79 48
73 80 48
74 1 44
74 2 53
74 3 46
74 4 39
74 5 48
74 6 39
74 7 58
74 8 58
74 9 48
74 10 48
74 11 39
74 12 44
74 13 57
74 14 53
74 15 56
74 16 56
74 17 43
74 18 56
74 19 37
74 20 43
74 21 41
74 22 40
74 23 40
74 24 40
74 25 56
74 26 45
74 27 46
74 28 35
74 29 49
74 30 48
74 31 39
74 32 60
74 33 55
74 34 53
74 35 58
74 36 39
74 37 53
74 38 49
74 39 37
74 40 47
74 41 47
74 42 37
74 43 57
74 44 48
74 45 46
74 46 59
74 47 55
74 48 40
74 49 39
74 50 47
74 51 35
74 52 40
74 53 51
74 54 60
74 55 58
74 56 38
74 57 41
74 58 60
74 59 39
74 60 59
74 61 49
74 62 41
74 63 57
74 64 38
74 65 37
74 66 42
74 67 37
74 68 41
74 69 38
74 70 38
74 71 42
74 72 50
74 73 48
74 74 0
74 75 36
74 76 46
74 77 46
74 78 46
74 79 50
74 80 42
75 1 57
75 2 46
75 3 47
75 4 50
75 5 45
75 6 51
75 7 50
75 8 47
75 9 45
75 10 46
75 11 43
75 12 53
75 13 35
75 14 48
75 15 53
75 16 53
75 17 60
75 18 51
75 19 49
75 20 47
75 21 55
75 22 48
75 23 36
75 24 59
75 25 51
75 26 50
75 27 42
75 28 49
75 29 42
75 30 35
75 31 42
75 32 53
75 33 57
75 34 52
75 35 50
75 36 40
75 37 55
75 38 60
75 39 44
75 40 42
75 41 52
75 42 51
75 43 49
75 44 37
75 45 60
75 46 52
75 47 43
75 48 58
75 49 50
75 50 39
75 51 35
75 52 59
75 53 40
75 54 52
75 55 43
75 56 60
75 57 54
75 58 53
75 59 60
75 60 59
75 61 36
75 62 45
75 63 58
75 64 55
75 65 41
75 66 46
75 67 49
75 68 53
75 69 42
75 70 55
75 71 57
75 72 58
75 73 36
75 74 45
75 75 0
75 76 57
75 77 55
75 78 59
75 79 44
75 80 43
76 1 45
76 2 54
76 3 53
76 4 55
76 5 50
76 6 45
76 7 42
76 8 47
76 9 42
76 10 38
76 11 60
76 12 43
76 13 56
76 14 49
76 15 40
76 16 49
76 17 45
76 18 45
76 19 46
76 20 51
76 21 41
76 22 58
76 23 47
76 24 52
76 25 35
76 26 36
76 27 49
76 28 57
76 29 42
76 30 36
76 31 59
76 32 51
76 33 53
76 34 36
76 35 42
76 36 38
76 37 50
76 38 47
76 39 52
76 40 60
76 41 37
76 42 40
76 43 54
76 44 53
76 45 48
76 46 50
76 47 52
76 48 58
76 49 49
76 50 45
76 51 60
76 52 57
76 53 55
76 54 38
76 55 45
76 56 55
76 57 45
76 58 57
76 59 49
76 60 44
76 61 46
76 62 38
76 63 42
76 64 51
76 65 43
76 66 55
76 67 38
76 68 60
76 69 41
76 70 50
76 71 36
76 72 42
76 73 58
76 74 36
76 75 47
76 76 0
76 77 54
76 78 56
76 79 57
76 80 59
77 1 39
77 2 44
77 3 53
77 4 40
77 5 42
77 6 35
77 7 43
77 8 55
77 9 38
77 10 47
77 11 50
77 12 51
77 13 58
77 14 43
77 15 43
77 16 57
77 17 50
77 18 38
77 19 47
77 20 35
77 21 60
77 22 59
77 23 53
77 24 47
77 25 42
77 26 53
77 27 47
77 28 53
77 29 51
77 30 54
77 31 55
77 32 37
77 33 52
77 34 50
77 35 52
77 36 60
77 37 40
77 38 60
77 39 60
77 40 47
77 41 48
77 42 48
77 43 51
77 44 40
77 45 42
77 46 47
77 47 43
77 48 43
77 49 52
77 50 43
77 51 47
77 52 46
77 53 48
77 54 60
77 55 41
77 56 35
77 57 60
77 58 58
77 59 49
77 60 49
77 61 42
77 62 58
77 63 39
77 64 37
77 65 48
77 66 40
77 67 35
77 68 36
77 69 42
77 70 53
77 71 43
77 72 43
77 73 57
77 74 46
77 75 51
77 76 41
77 77 0
77 78 39
77 79 43
77 80 55
78 1 49
78 2 48
78 3 40
78 4 57
78 5 38
78 6 55
78 7 46
78 8 55
78 9 54
78 10 40
78 11 40
78 12 52
78 13 56
78 14 38
78 15 54
78 16 58
78 17 55
78 18 54
78 19 36
78 20 53
78 21 43
78 22 53
78 23 36
78 24 42
78 25 44
78 26 51
78 27 45
78 28 43
78 29 56
78 30 42
78 31 59
78 32 38
78 33 39
78 34 52
78 35 54
78 36 37
78 37 58
78 38 44
78 39 40
78 40 36
78 41 54
78 42 39
78 43 60
78 44 48
78 45 41
78 46 39
78 47 35
78 48 52
78 49 43
78 50 44
78 51 45
78 52 58
78 53 35
78 54 48
78 55 35
78 56 44
78 57 52
78 58 44
78 59 43
78 60 57
78 61 51
78 62 50
78 63 35
78 64 56
78 65 49
78 66 42
78 67 57
78 68 52
78 69 47
78 70 49
78 71 60
78 72 45
78 73 60
78 74 35
78 75 54
78 76 40
78 77 52
78 78 0
78 79 43
78 80 39
79 1 44
79 2 55
79 3 39
79 4 44
79 5 40
79 6 54
79 7 52
79 8 44
79 9 48
79 10 60
79 11 42
79 12 40
79 13 42
79 14 37
79 15 51
79 16 40
79 17 60
79 18 56
79 19 60
79 20 43
79 21 44
79 22 43
79 23 59
79 24 49
79 25 57
79 26 46
79 27 55
79 28 35
79 29 59
79 30 60
79 31 57
79 32 58
79 33 48
79 34 55
79 35 50
79 36 39
79 37 51
79 38 54
79 39 39
79 40 40
79 41 49
79 42 55
79 43 57
79 44 45
79 45 37
79 46 40
79 47 53
79 48 57
79 49 55
79 50 58
79 51 40
79 52 59
79 53 46
79 54 36
79 55 43
79 56 57
79 57 60
79 58 55
79 59 50
79 60 52
79 61 44
79 62 52
79 63 59
79 64 38
79 65 36
79 66 38
79 67 46
79 68 46
79 69 52
79 70 60
79 71 58
79 72 39
79 73 60
79 74 44
79 75 42
79 76 52
79 77 39
79 78 40
79 79 0
79 80 52
80 1 59
80 2 47
80 3 36
80 4 51
80 5 35
80 6 49
80 7 52
80 8 58
80 9 50
80 10 55
80 11 35
80 12 57
80 13 39
80 14 47
80 15 57
80 16 37
80 17 45
80 18 56
80 19 39
80 20 45
80 21 37
80 22 36
80 23 38
80 24 45
80 25 57
80 26 38
80 27 53
80 28 46
80 29 55
80 30 54
80 31 44
80 32 36
80 33 35
80 34 57
80 35 37
80 36 39
80 37 48
80 38 60
80 39 41
80 40 35
80 41 47
80 42 60
80 43 44
80 44 43
80 45 37
80 46 37
80 47 39
80 48 45
80 49 45
80 50 59
80 51 45
80 52 47
80 53 52
80 54 58
80 55 59
80 56 43
80 57 52
80 58 54
80 59 38
80 60 45
80 61 39
80 62 55
80 63 47
80 64 54
80 65 49
80 66 45
80 67 57
80 68 43
80 69 49
80 70 43
80 71 60
80 72 48
80 73 39
80 74 53
80 75 54
80 76 54
80 77 36
80 78 40
80 79 56
80 80 0
;
param Rinit :=
1 1 0
1 2 0
1 3 0
1 4 0
1 5 0
1 6 0
1 7 0
1 8 0
1 9 0
1 10 0
1 11 0
1 12 0
1 13 0
67 1 0
67 2 0
67 3 0
67 4 0
67 5 0
67 6 0
67 7 0
67 8 0
67 9 0
67 10 0
67 11 0
67 12 0
67 13 0
;
param f :=
1 1
2 2
3 3
4 4
;