param sigma
: 1 2 :=
1	1e-05	0.99999
2	0.1	0.9
3	0.2	0.8
4	0.3	0.7
5	0.4	0.6
6	0.5	0.5
7	0.6	0.4
8	0.7	0.3
9	0.8	0.2
10	0.9	0.1
11	0.99999	1e-05
;

set O := 1 126;
set R := 2 3 4 5 6 7 8 9 10 11 12 13 14 15 16 17 18 19 20 21 22 23 24 25 26 27 28 29 30 31 32 33 34 35 36 37 38 39 40 41 42 43 44 45 46 47 48 49 50 51 52 53 54 55 56 57 58 59 60 61 62 63 64 65 66 67 68 69 70 71 72 73 74 75 76 77 78 79 80 81 82 83 84 85 86 87 88 89 90 91 92 93 94 95 96 97 98 99 100 101 102 103 104 105 106 107 108 109 110 111 112 113 114 115 116 117 118 119 120 121 122 123 124 125;
set S := 1 126;
set K := 1 2 3 4 5 6 7 8 9 10 11 12 13 14 15 16 17 18 19 20 21 22 23 24 25;
param b := 92;
param theta := 11909.0;
param peso_vacio := 3500;
param alpha :=
0 0
1 0
2 0
3 0
4 0
;
param beta :=
0 0.2
1 -0.1
2 0
3 0
4 0
;
param gamma :=
0 16.4
1 2.2
2 2.2
3 0.6
4 0.4
;
param delta :=
0 0
1 0
2 0
3 0
4 0
;
param epsilon :=
0 0.3
1 0
2 0
3 0
4 0
;
param zeta :=
0 2.4
1 2.5
2 1.3
3 4.5
4 3.3
;
param hta :=
0 1
1 1
2 1
3 1
4 1
;
param dm :=
1 0
2 31
3 30
4 29
5 28
6 27
7 26
8 25
9 24
10 23
11 22
12 21
13 20
14 19
15 18
16 17
17 16
18 15
19 14
20 13
21 12
22 11
23 10
24 9
25 8
26 7
27 6
28 5
29 4
30 3
31 2
32 1
33 31
34 30
35 29
36 28
37 27
38 26
39 25
40 24
41 23
42 22
43 21
44 20
45 19
46 18
47 17
48 16
49 15
50 14
51 13
52 12
53 11
54 10
55 9
56 8
57 7
58 6
59 5
60 4
61 3
62 2
63 1
64 31
65 30
66 29
67 28
68 27
69 26
70 25
71 24
72 23
73 22
74 21
75 20
76 19
77 18
78 17
79 16
80 15
81 14
82 13
83 12
84 11
85 10
86 9
87 8
88 7
89 6
90 5
91 4
92 3
93 2
94 1
95 31
96 30
97 29
98 28
99 27
100 26
101 25
102 24
103 23
104 22
105 21
106 20
107 19
108 18
109 17
110 16
111 15
112 14
113 13
114 12
115 11
116 10
117 9
118 8
119 7
120 6
121 5
122 4
123 3
124 2
125 1
126 0
;
param d :=
1 1 0.00
1 2 8.31
1 3 6.64
1 4 5.48
1 5 4.73
1 6 4.39
1 7 4.45
1 8 4.84
1 9 5.47
1 10 6.25
1 11 7.12
1 12 8.03
1 13 8.98
1 14 9.95
1 15 10.93
1 16 11.92
1 17 12.91
1 18 13.92
1 19 14.92
1 20 15.93
1 21 16.95
1 22 17.98
1 23 19.01
1 24 20.06
1 25 21.12
1 26 22.20
1 27 23.31
1 28 24.46
1 29 25.68
1 30 27.05
1 31 29.15
1 32 30.08
1 33 12.26
1 34 12.34
1 35 12.35
1 36 12.34
1 37 12.34
1 38 12.36
1 39 12.39
1 40 12.45
1 41 12.54
1 42 12.66
1 43 12.80
1 44 12.97
1 45 13.17
1 46 13.40
1 47 13.65
1 48 13.93
1 49 14.23
1 50 14.55
1 51 14.89
1 52 15.25
1 53 15.62
1 54 16.01
1 55 16.41
1 56 16.82
1 57 17.23
1 58 17.65
1 59 18.06
1 60 18.45
1 61 18.78
1 62 18.88
1 63 19.87
1 64 15.32
1 65 17.04
1 66 18.35
1 67 19.48
1 68 20.48
1 69 21.40
1 70 22.27
1 71 23.08
1 72 23.87
1 73 24.62
1 74 25.34
1 75 26.05
1 76 26.73
1 77 27.40
1 78 28.06
1 79 28.70
1 80 29.32
1 81 29.94
1 82 30.54
1 83 31.13
1 84 31.71
1 85 32.27
1 86 32.82
1 87 33.35
1 88 33.85
1 89 34.33
1 90 34.77
1 91 35.14
1 92 35.38
1 93 35.06
1 94 36.01
1 95 12.39
1 96 13.49
1 97 14.64
1 98 15.79
1 99 16.92
1 100 18.03
1 101 19.12
1 102 20.19
1 103 21.25
1 104 22.28
1 105 23.30
1 106 24.31
1 107 25.30
1 108 26.28
1 109 27.26
1 110 28.22
1 111 29.18
1 112 30.12
1 113 31.07
1 114 32.00
1 115 32.93
1 116 33.86
1 117 34.79
1 118 35.71
1 119 36.63
1 120 37.55
1 121 38.48
1 122 39.42
1 123 40.39
1 124 41.51
1 125 42.50
1 126 24.42
2 1 8.31
2 2 0.00
2 3 1.79
2 4 3.23
2 5 4.51
2 6 5.68
2 7 6.79
2 8 7.85
2 9 8.88
2 10 9.87
2 11 10.85
2 12 11.80
2 13 12.74
2 14 13.67
2 15 14.59
2 16 15.49
2 17 16.39
2 18 17.29
2 19 18.18
2 20 19.06
2 21 19.94
2 22 20.82
2 23 21.70
2 24 22.58
2 25 23.45
2 26 24.34
2 27 25.23
2 28 26.12
2 29 27.04
2 30 28.00
2 31 29.19
2 32 30.19
2 33 4.96
2 34 6.01
2 35 6.91
2 36 7.75
2 37 8.56
2 38 9.34
2 39 10.11
2 40 10.86
2 41 11.61
2 42 12.35
2 43 13.09
2 44 13.82
2 45 14.56
2 46 15.29
2 47 16.01
2 48 16.74
2 49 17.46
2 50 18.19
2 51 18.91
2 52 19.63
2 53 20.35
2 54 21.07
2 55 21.78
2 56 22.50
2 57 23.21
2 58 23.92
2 59 24.62
2 60 25.32
2 61 26.01
2 62 26.66
2 63 27.66
2 64 7.02
2 65 8.74
2 66 10.09
2 67 11.26
2 68 12.32
2 69 13.31
2 70 14.25
2 71 15.15
2 72 16.02
2 73 16.86
2 74 17.69
2 75 18.50
2 76 19.29
2 77 20.07
2 78 20.85
2 79 21.61
2 80 22.36
2 81 23.11
2 82 23.85
2 83 24.58
2 84 25.31
2 85 26.03
2 86 26.74
2 87 27.44
2 88 28.14
2 89 28.82
2 90 29.49
2 91 30.14
2 92 30.74
2 93 31.18
2 94 32.18
2 95 4.96
2 96 6.60
2 97 8.03
2 98 9.33
2 99 10.53
2 100 11.67
2 101 12.75
2 102 13.79
2 103 14.81
2 104 15.79
2 105 16.76
2 106 17.70
2 107 18.63
2 108 19.55
2 109 20.45
2 110 21.34
2 111 22.23
2 112 23.10
2 113 23.97
2 114 24.83
2 115 25.69
2 116 26.54
2 117 27.39
2 118 28.23
2 119 29.08
2 120 29.92
2 121 30.76
2 122 31.60
2 123 32.45
2 124 33.38
2 125 34.38
2 126 16.11
3 1 6.64
3 2 1.79
3 3 0.00
3 4 1.45
3 5 2.74
3 6 3.94
3 7 5.07
3 8 6.15
3 9 7.20
3 10 8.21
3 11 9.21
3 12 10.19
3 13 11.15
3 14 12.11
3 15 13.05
3 16 13.98
3 17 14.91
3 18 15.83
3 19 16.75
3 20 17.66
3 21 18.57
3 22 19.48
3 23 20.39
3 24 21.30
3 25 22.22
3 26 23.14
3 27 24.07
3 28 25.02
3 29 26.00
3 30 27.04
3 31 28.42
3 32 29.40
3 33 6.60
3 34 7.42
3 35 8.12
3 36 8.77
3 37 9.40
3 38 10.03
3 39 10.65
3 40 11.27
3 41 11.90
3 42 12.52
3 43 13.16
3 44 13.79
3 45 14.43
3 46 15.07
3 47 15.72
3 48 16.36
3 49 17.01
3 50 17.66
3 51 18.32
3 52 18.97
3 53 19.62
3 54 20.28
3 55 20.93
3 56 21.58
3 57 22.23
3 58 22.88
3 59 23.52
3 60 24.14
3 61 24.74
3 62 25.23
3 63 26.23
3 64 8.74
3 65 10.49
3 66 11.86
3 67 13.04
3 68 14.11
3 69 15.10
3 70 16.04
3 71 16.94
3 72 17.80
3 73 18.64
3 74 19.46
3 75 20.26
3 76 21.04
3 77 21.81
3 78 22.57
3 79 23.32
3 80 24.06
3 81 24.79
3 82 25.51
3 83 26.22
3 84 26.93
3 85 27.62
3 86 28.31
3 87 28.98
3 88 29.65
3 89 30.30
3 90 30.93
3 91 31.53
3 92 32.07
3 93 32.37
3 94 33.35
3 95 6.01
3 96 7.42
3 97 8.77
3 98 10.03
3 99 11.23
3 100 12.38
3 101 13.48
3 102 14.55
3 103 15.59
3 104 16.60
3 105 17.59
3 106 18.57
3 107 19.52
3 108 20.47
3 109 21.40
3 110 22.32
3 111 23.24
3 112 24.14
3 113 25.04
3 114 25.93
3 115 26.82
3 116 27.70
3 117 28.58
3 118 29.46
3 119 30.34
3 120 31.21
3 121 32.09
3 122 32.97
3 123 33.88
3 124 34.91
3 125 35.91
3 126 17.82
4 1 5.48
4 2 3.23
4 3 1.45
4 4 0.00
4 5 1.30
4 6 2.50
4 7 3.64
4 8 4.73
4 9 5.79
4 10 6.82
4 11 7.83
4 12 8.83
4 13 9.81
4 14 10.77
4 15 11.73
4 16 12.68
4 17 13.62
4 18 14.56
4 19 15.50
4 20 16.43
4 21 17.36
4 22 18.29
4 23 19.22
4 24 20.16
4 25 21.10
4 26 22.05
4 27 23.01
4 28 24.00
4 29 25.02
4 30 26.12
4 31 27.64
4 32 28.62
4 33 8.03
4 34 8.77
4 35 9.36
4 36 9.91
4 37 10.44
4 38 10.96
4 39 11.48
4 40 12.01
4 41 12.54
4 42 13.08
4 43 13.62
4 44 14.17
4 45 14.73
4 46 15.30
4 47 15.87
4 48 16.44
4 49 17.02
4 50 17.61
4 51 18.20
4 52 18.79
4 53 19.38
4 54 19.97
4 55 20.57
4 56 21.16
4 57 21.74
4 58 22.33
4 59 22.90
4 60 23.45
4 61 23.96
4 62 24.28
4 63 25.28
4 64 10.09
4 65 11.86
4 66 13.24
4 67 14.44
4 68 15.52
4 69 16.53
4 70 17.48
4 71 18.38
4 72 19.25
4 73 20.09
4 74 20.91
4 75 21.71
4 76 22.49
4 77 23.26
4 78 24.02
4 79 24.76
4 80 25.50
4 81 26.22
4 82 26.93
4 83 27.64
4 84 28.33
4 85 29.01
4 86 29.69
4 87 30.35
4 88 31.00
4 89 31.63
4 90 32.24
4 91 32.81
4 92 33.31
4 93 33.52
4 94 34.51
4 95 6.91
4 96 8.12
4 97 9.36
4 98 10.58
4 99 11.76
4 100 12.89
4 101 14.00
4 102 15.07
4 103 16.12
4 104 17.15
4 105 18.16
4 106 19.15
4 107 20.13
4 108 21.09
4 109 22.04
4 110 22.99
4 111 23.92
4 112 24.85
4 113 25.77
4 114 26.69
4 115 27.60
4 116 28.50
4 117 29.41
4 118 30.31
4 119 31.21
4 120 32.12
4 121 33.03
4 122 33.95
4 123 34.90
4 124 36.03
4 125 37.02
4 126 19.14
5 1 4.73
5 2 4.51
5 3 2.74
5 4 1.30
5 5 0.00
5 6 1.20
5 7 2.35
5 8 3.45
5 9 4.52
5 10 5.56
5 11 6.58
5 12 7.58
5 13 8.57
5 14 9.55
5 15 10.51
5 16 11.48
5 17 12.43
5 18 13.38
5 19 14.33
5 20 15.28
5 21 16.22
5 22 17.17
5 23 18.12
5 24 19.08
5 25 20.04
5 26 21.01
5 27 22.00
5 28 23.01
5 29 24.07
5 30 25.23
5 31 26.86
5 32 27.83
5 33 9.33
5 34 10.03
5 35 10.58
5 36 11.07
5 37 11.53
5 38 11.98
5 39 12.43
5 40 12.89
5 41 13.34
5 42 13.81
5 43 14.29
5 44 14.77
5 45 15.26
5 46 15.76
5 47 16.26
5 48 16.77
5 49 17.29
5 50 17.81
5 51 18.34
5 52 18.87
5 53 19.41
5 54 19.94
5 55 20.48
5 56 21.01
5 57 21.54
5 58 22.06
5 59 22.56
5 60 23.04
5 61 23.46
5 62 23.61
5 63 24.60
5 64 11.26
5 65 13.04
5 66 14.44
5 67 15.65
5 68 16.75
5 69 17.77
5 70 18.73
5 71 19.64
5 72 20.52
5 73 21.37
5 74 22.19
5 75 23.00
5 76 23.79
5 77 24.56
5 78 25.31
5 79 26.06
5 80 26.79
5 81 27.51
5 82 28.22
5 83 28.92
5 84 29.61
5 85 30.29
5 86 30.96
5 87 31.62
5 88 32.26
5 89 32.88
5 90 33.47
5 91 34.03
5 92 34.51
5 93 34.66
5 94 35.64
5 95 7.75
5 96 8.77
5 97 9.91
5 98 11.07
5 99 12.21
5 100 13.33
5 101 14.42
5 102 15.50
5 103 16.55
5 104 17.58
5 105 18.60
5 106 19.60
5 107 20.59
5 108 21.57
5 109 22.54
5 110 23.50
5 111 24.45
5 112 25.40
5 113 26.34
5 114 27.27
5 115 28.20
5 116 29.13
5 117 30.06
5 118 30.98
5 119 31.91
5 120 32.84
5 121 33.78
5 122 34.74
5 123 35.73
5 124 36.94
5 125 37.94
5 126 20.26
6 1 4.39
6 2 5.68
6 3 3.94
6 4 2.50
6 5 1.20
6 6 0.00
6 7 1.15
6 8 2.25
6 9 3.32
6 10 4.37
6 11 5.39
6 12 6.40
6 13 7.40
6 14 8.38
6 15 9.36
6 16 10.33
6 17 11.30
6 18 12.26
6 19 13.22
6 20 14.18
6 21 15.14
6 22 16.10
6 23 17.06
6 24 18.03
6 25 19.01
6 26 20.00
6 27 21.01
6 28 22.05
6 29 23.14
6 30 24.34
6 31 26.07
6 32 27.03
6 33 10.53
6 34 11.23
6 35 11.76
6 36 12.21
6 37 12.63
6 38 13.03
6 39 13.43
6 40 13.84
6 41 14.24
6 42 14.65
6 43 15.07
6 44 15.49
6 45 15.93
6 46 16.37
6 47 16.82
6 48 17.27
6 49 17.73
6 50 18.20
6 51 18.67
6 52 19.15
6 53 19.63
6 54 20.11
6 55 20.58
6 56 21.06
6 57 21.53
6 58 21.99
6 59 22.43
6 60 22.84
6 61 23.16
6 62 23.15
6 63 24.12
6 64 12.32
6 65 14.11
6 66 15.52
6 67 16.75
6 68 17.86
6 69 18.89
6 70 19.86
6 71 20.79
6 72 21.68
6 73 22.53
6 74 23.37
6 75 24.18
6 76 24.97
6 77 25.75
6 78 26.51
6 79 27.26
6 80 27.99
6 81 28.72
6 82 29.43
6 83 30.13
6 84 30.82
6 85 31.50
6 86 32.16
6 87 32.82
6 88 33.45
6 89 34.07
6 90 34.65
6 91 35.20
6 92 35.66
6 93 35.77
6 94 36.75
6 95 8.56
6 96 9.40
6 97 10.44
6 98 11.53
6 99 12.63
6 100 13.72
6 101 14.80
6 102 15.87
6 103 16.92
6 104 17.95
6 105 18.97
6 106 19.98
6 107 20.98
6 108 21.97
6 109 22.95
6 110 23.92
6 111 24.89
6 112 25.85
6 113 26.80
6 114 27.75
6 115 28.70
6 116 29.65
6 117 30.59
6 118 31.54
6 119 32.49
6 120 33.44
6 121 34.41
6 122 35.40
6 123 36.44
6 124 37.73
6 125 38.72
6 126 21.26
7 1 4.45
7 2 6.79
7 3 5.07
7 4 3.64
7 5 2.35
7 6 1.15
7 7 0.00
7 8 1.10
7 9 2.18
7 10 3.23
7 11 4.26
7 12 5.27
7 13 6.27
7 14 7.27
7 15 8.25
7 16 9.23
7 17 10.20
7 18 11.17
7 19 12.14
7 20 13.11
7 21 14.08
7 22 15.05
7 23 16.02
7 24 17.01
7 25 18.00
7 26 19.01
7 27 20.04
7 28 21.10
7 29 22.22
7 30 23.45
7 31 25.29
7 32 26.24
7 33 11.67
7 34 12.38
7 35 12.89
7 36 13.33
7 37 13.72
7 38 14.10
7 39 14.46
7 40 14.82
7 41 15.18
7 42 15.55
7 43 15.92
7 44 16.30
7 45 16.69
7 46 17.08
7 47 17.48
7 48 17.89
7 49 18.30
7 50 18.72
7 51 19.14
7 52 19.56
7 53 19.99
7 54 20.42
7 55 20.84
7 56 21.26
7 57 21.68
7 58 22.08
7 59 22.46
7 60 22.79
7 61 23.03
7 62 22.84
7 63 23.81
7 64 13.31
7 65 15.10
7 66 16.53
7 67 17.77
7 68 18.89
7 69 19.93
7 70 20.92
7 71 21.85
7 72 22.75
7 73 23.62
7 74 24.46
7 75 25.28
7 76 26.08
7 77 26.86
7 78 27.63
7 79 28.38
7 80 29.12
7 81 29.85
7 82 30.57
7 83 31.27
7 84 31.96
7 85 32.64
7 86 33.31
7 87 33.96
7 88 34.60
7 89 35.21
7 90 35.79
7 91 36.33
7 92 36.79
7 93 36.87
7 94 37.85
7 95 9.34
7 96 10.03
7 97 10.96
7 98 11.98
7 99 13.03
7 100 14.10
7 101 15.15
7 102 16.21
7 103 17.25
7 104 18.28
7 105 19.30
7 106 20.32
7 107 21.32
7 108 22.32
7 109 23.30
7 110 24.29
7 111 25.26
7 112 26.23
7 113 27.20
7 114 28.17
7 115 29.13
7 116 30.09
7 117 31.05
7 118 32.02
7 119 32.99
7 120 33.97
7 121 34.96
7 122 35.98
7 123 37.05
7 124 38.43
7 125 39.42
7 126 22.18
8 1 4.84
8 2 7.85
8 3 6.15
8 4 4.73
8 5 3.45
8 6 2.25
8 7 1.10
8 8 0.00
8 9 1.07
8 10 2.13
8 11 3.16
8 12 4.18
8 13 5.18
8 14 6.18
8 15 7.17
8 16 8.15
8 17 9.13
8 18 10.11
8 19 11.08
8 20 12.06
8 21 13.04
8 22 14.02
8 23 15.01
8 24 16.00
8 25 17.01
8 26 18.03
8 27 19.08
8 28 20.16
8 29 21.30
8 30 22.58
8 31 24.50
8 32 25.44
8 33 12.75
8 34 13.48
8 35 14.00
8 36 14.42
8 37 14.80
8 38 15.15
8 39 15.50
8 40 15.83
8 41 16.16
8 42 16.49
8 43 16.83
8 44 17.17
8 45 17.52
8 46 17.87
8 47 18.23
8 48 18.59
8 49 18.96
8 50 19.33
8 51 19.71
8 52 20.08
8 53 20.47
8 54 20.84
8 55 21.22
8 56 21.59
8 57 21.95
8 58 22.30
8 59 22.61
8 60 22.88
8 61 23.03
8 62 22.68
8 63 23.63
8 64 14.25
8 65 16.04
8 66 17.48
8 67 18.73
8 68 19.86
8 69 20.92
8 70 21.91
8 71 22.86
8 72 23.77
8 73 24.65
8 74 25.50
8 75 26.33
8 76 27.13
8 77 27.92
8 78 28.70
8 79 29.46
8 80 30.20
8 81 30.94
8 82 31.66
8 83 32.36
8 84 33.06
8 85 33.74
8 86 34.41
8 87 35.07
8 88 35.70
8 89 36.31
8 90 36.90
8 91 37.43
8 92 37.88
8 93 37.95
8 94 38.92
8 95 10.11
8 96 10.65
8 97 11.48
8 98 12.43
8 99 13.43
8 100 14.46
8 101 15.50
8 102 16.53
8 103 17.56
8 104 18.59
8 105 19.61
8 106 20.62
8 107 21.63
8 108 22.63
8 109 23.62
8 110 24.61
8 111 25.59
8 112 26.58
8 113 27.55
8 114 28.53
8 115 29.51
8 116 30.48
8 117 31.46
8 118 32.44
8 119 33.43
8 120 34.43
8 121 35.45
8 122 36.49
8 123 37.61
8 124 39.06
8 125 40.05
8 126 23.04
9 1 5.47
9 2 8.88
9 3 7.20
9 4 5.79
9 5 4.52
9 6 3.32
9 7 2.18
9 8 1.07
9 9 0.00
9 10 1.05
9 11 2.09
9 12 3.11
9 13 4.12
9 14 5.12
9 15 6.11
9 16 7.10
9 17 8.08
9 18 9.07
9 19 10.05
9 20 11.03
9 21 12.01
9 22 13.00
9 23 14.00
9 24 15.01
9 25 16.02
9 26 17.06
9 27 18.12
9 28 19.22
9 29 20.39
9 30 21.70
9 31 23.70
9 32 24.63
9 33 13.79
9 34 14.55
9 35 15.07
9 36 15.50
9 37 15.87
9 38 16.21
9 39 16.53
9 40 16.84
9 41 17.15
9 42 17.46
9 43 17.77
9 44 18.08
9 45 18.39
9 46 18.71
9 47 19.03
9 48 19.36
9 49 19.69
9 50 20.02
9 51 20.36
9 52 20.70
9 53 21.03
9 54 21.37
9 55 21.70
9 56 22.02
9 57 22.34
9 58 22.63
9 59 22.89
9 60 23.09
9 61 23.16
9 62 22.64
9 63 23.58
9 64 15.15
9 65 16.94
9 66 18.38
9 67 19.64
9 68 20.79
9 69 21.85
9 70 22.86
9 71 23.82
9 72 24.74
9 73 25.63
9 74 26.49
9 75 27.32
9 76 28.14
9 77 28.94
9 78 29.72
9 79 30.49
9 80 31.24
9 81 31.98
9 82 32.70
9 83 33.42
9 84 34.12
9 85 34.80
9 86 35.48
9 87 36.13
9 88 36.77
9 89 37.39
9 90 37.97
9 91 38.51
9 92 38.95
9 93 39.01
9 94 39.99
9 95 10.86
9 96 11.27
9 97 12.01
9 98 12.89
9 99 13.84
9 100 14.82
9 101 15.83
9 102 16.84
9 103 17.86
9 104 18.88
9 105 19.89
9 106 20.90
9 107 21.91
9 108 22.91
9 109 23.91
9 110 24.90
9 111 25.89
9 112 26.88
9 113 27.87
9 114 28.86
9 115 29.84
9 116 30.83
9 117 31.82
9 118 32.82
9 119 33.83
9 120 34.85
9 121 35.88
9 122 36.96
9 123 38.11
9 124 39.64
9 125 40.62
9 126 23.85
10 1 6.25
10 2 9.87
10 3 8.21
10 4 6.82
10 5 5.56
10 6 4.37
10 7 3.23
10 8 2.13
10 9 1.05
10 10 0.00
10 11 1.04
10 12 2.06
10 13 3.07
10 14 4.07
10 15 5.07
10 16 6.06
10 17 7.05
10 18 8.04
10 19 9.02
10 20 10.01
10 21 11.00
10 22 12.00
10 23 13.00
10 24 14.02
10 25 15.05
10 26 16.10
10 27 17.17
10 28 18.29
10 29 19.48
10 30 20.82
10 31 22.91
10 32 23.83
10 33 14.81
10 34 15.59
10 35 16.12
10 36 16.55
10 37 16.92
10 38 17.25
10 39 17.56
10 40 17.86
10 41 18.15
10 42 18.44
10 43 18.72
10 44 19.01
10 45 19.30
10 46 19.59
10 47 19.88
10 48 20.18
10 49 20.47
10 50 20.77
10 51 21.08
10 52 21.38
10 53 21.68
10 54 21.97
10 55 22.26
10 56 22.54
10 57 22.81
10 58 23.05
10 59 23.25
10 60 23.39
10 61 23.39
10 62 22.71
10 63 23.63
10 64 16.02
10 65 17.80
10 66 19.25
10 67 20.52
10 68 21.68
10 69 22.75
10 70 23.77
10 71 24.74
10 72 25.67
10 73 26.56
10 74 27.44
10 75 28.28
10 76 29.11
10 77 29.91
10 78 30.70
10 79 31.48
10 80 32.24
10 81 32.98
10 82 33.71
10 83 34.43
10 84 35.14
10 85 35.83
10 86 36.51
10 87 37.17
10 88 37.81
10 89 38.43
10 90 39.02
10 91 39.56
10 92 40.01
10 93 40.06
10 94 41.03
10 95 11.61
10 96 11.90
10 97 12.54
10 98 13.34
10 99 14.24
10 100 15.18
10 101 16.16
10 102 17.15
10 103 18.15
10 104 19.15
10 105 20.16
10 106 21.16
10 107 22.17
10 108 23.17
10 109 24.17
10 110 25.17
10 111 26.16
10 112 27.16
10 113 28.16
10 114 29.15
10 115 30.15
10 116 31.15
10 117 32.15
10 118 33.17
10 119 34.19
10 120 35.22
10 121 36.28
10 122 37.38
10 123 38.56
10 124 40.17
10 125 41.15
10 126 24.63
11 1 7.12
11 2 10.85
11 3 9.21
11 4 7.83
11 5 6.58
11 6 5.39
11 7 4.26
11 8 3.16
11 9 2.09
11 10 1.04
11 11 0.00
11 12 1.02
11 13 2.04
11 14 3.04
11 15 4.04
11 16 5.03
11 17 6.03
11 18 7.02
11 19 8.01
11 20 9.00
11 21 10.00
11 22 11.00
11 23 12.01
11 24 13.04
11 25 14.08
11 26 15.14
11 27 16.22
11 28 17.36
11 29 18.57
11 30 19.94
11 31 22.11
11 32 23.01
11 33 15.79
11 34 16.60
11 35 17.15
11 36 17.58
11 37 17.95
11 38 18.28
11 39 18.59
11 40 18.88
11 41 19.15
11 42 19.43
11 43 19.69
11 44 19.96
11 45 20.23
11 46 20.50
11 47 20.76
11 48 21.03
11 49 21.30
11 50 21.57
11 51 21.85
11 52 22.11
11 53 22.38
11 54 22.64
11 55 22.89
11 56 23.13
11 57 23.36
11 58 23.55
11 59 23.71
11 60 23.79
11 61 23.71
11 62 22.88
11 63 23.79
11 64 16.86
11 65 18.64
11 66 20.09
11 67 21.37
11 68 22.53
11 69 23.62
11 70 24.65
11 71 25.63
11 72 26.56
11 73 27.47
11 74 28.35
11 75 29.21
11 76 30.04
11 77 30.86
11 78 31.65
11 79 32.44
11 80 33.20
11 81 33.96
11 82 34.70
11 83 35.42
11 84 36.13
11 85 36.83
11 86 37.52
11 87 38.18
11 88 38.83
11 89 39.45
11 90 40.05
11 91 40.59
11 92 41.04
11 93 41.09
11 94 42.07
11 95 12.35
11 96 12.52
11 97 13.08
11 98 13.81
11 99 14.65
11 100 15.55
11 101 16.49
11 102 17.46
11 103 18.44
11 104 19.43
11 105 20.42
11 106 21.42
11 107 22.42
11 108 23.42
11 109 24.42
11 110 25.42
11 111 26.42
11 112 27.42
11 113 28.42
11 114 29.42
11 115 30.43
11 116 31.44
11 117 32.46
11 118 33.48
11 119 34.52
11 120 35.57
11 121 36.65
11 122 37.77
11 123 38.99
11 124 40.67
11 125 41.64
11 126 25.37
12 1 8.03
12 2 11.80
12 3 10.19
12 4 8.83
12 5 7.58
12 6 6.40
12 7 5.27
12 8 4.18
12 9 3.11
12 10 2.06
12 11 1.02
12 12 0.00
12 13 1.01
12 14 2.02
12 15 3.02
12 16 4.02
12 17 5.01
12 18 6.01
12 19 7.00
12 20 8.00
12 21 9.00
12 22 10.01
12 23 11.03
12 24 12.06
12 25 13.11
12 26 14.18
12 27 15.28
12 28 16.43
12 29 17.66
12 30 19.06
12 31 21.30
12 32 22.20
12 33 16.76
12 34 17.59
12 35 18.16
12 36 18.60
12 37 18.97
12 38 19.30
12 39 19.61
12 40 19.89
12 41 20.16
12 42 20.42
12 43 20.68
12 44 20.93
12 45 21.18
12 46 21.43
12 47 21.68
12 48 21.92
12 49 22.17
12 50 22.41
12 51 22.66
12 52 22.90
12 53 23.14
12 54 23.36
12 55 23.58
12 56 23.79
12 57 23.97
12 58 24.13
12 59 24.24
12 60 24.26
12 61 24.11
12 62 23.15
12 63 24.03
12 64 17.69
12 65 19.46
12 66 20.91
12 67 22.19
12 68 23.37
12 69 24.46
12 70 25.50
12 71 26.49
12 72 27.44
12 73 28.35
12 74 29.24
12 75 30.11
12 76 30.95
12 77 31.77
12 78 32.58
12 79 33.37
12 80 34.14
12 81 34.90
12 82 35.65
12 83 36.38
12 84 37.10
12 85 37.81
12 86 38.50
12 87 39.17
12 88 39.82
12 89 40.45
12 90 41.05
12 91 41.60
12 92 42.06
12 93 42.12
12 94 43.09
12 95 13.09
12 96 13.16
12 97 13.62
12 98 14.29
12 99 15.07
12 100 15.92
12 101 16.83
12 102 17.77
12 103 18.72
12 104 19.69
12 105 20.68
12 106 21.66
12 107 22.66
12 108 23.65
12 109 24.65
12 110 25.65
12 111 26.65
12 112 27.66
12 113 28.66
12 114 29.67
12 115 30.69
12 116 31.71
12 117 32.73
12 118 33.77
12 119 34.82
12 120 35.89
12 121 36.98
12 122 38.13
12 123 39.38
12 124 41.13
12 125 42.09
12 126 26.09
13 1 8.98
13 2 12.74
13 3 11.15
13 4 9.81
13 5 8.57
13 6 7.40
13 7 6.27
13 8 5.18
13 9 4.12
13 10 3.07
13 11 2.04
13 12 1.01
13 13 0.00
13 14 1.01
13 15 2.01
13 16 3.01
13 17 4.00
13 18 5.00
13 19 6.00
13 20 7.00
13 21 8.01
13 22 9.02
13 23 10.05
13 24 11.08
13 25 12.14
13 26 13.22
13 27 14.33
13 28 15.50
13 29 16.75
13 30 18.18
13 31 20.49
13 32 21.38
13 33 17.70
13 34 18.57
13 35 19.15
13 36 19.60
13 37 19.98
13 38 20.32
13 39 20.62
13 40 20.90
13 41 21.16
13 42 21.42
13 43 21.66
13 44 21.91
13 45 22.14
13 46 22.38
13 47 22.61
13 48 22.84
13 49 23.06
13 50 23.29
13 51 23.51
13 52 23.72
13 53 23.93
13 54 24.14
13 55 24.33
13 56 24.50
13 57 24.65
13 58 24.77
13 59 24.83
13 60 24.81
13 61 24.59
13 62 23.50
13 63 24.37
13 64 18.50
13 65 20.26
13 66 21.71
13 67 23.00
13 68 24.18
13 69 25.28
13 70 26.33
13 71 27.32
13 72 28.28
13 73 29.21
13 74 30.11
13 75 30.98
13 76 31.83
13 77 32.66
13 78 33.48
13 79 34.28
13 80 35.06
13 81 35.83
13 82 36.58
13 83 37.32
13 84 38.05
13 85 38.76
13 86 39.46
13 87 40.14
13 88 40.80
13 89 41.44
13 90 42.04
13 91 42.60
13 92 43.06
13 93 43.13
13 94 44.10
13 95 13.82
13 96 13.79
13 97 14.17
13 98 14.77
13 99 15.49
13 100 16.30
13 101 17.17
13 102 18.08
13 103 19.01
13 104 19.96
13 105 20.93
13 106 21.91
13 107 22.89
13 108 23.88
13 109 24.87
13 110 25.87
13 111 26.88
13 112 27.88
13 113 28.89
13 114 29.91
13 115 30.93
13 116 31.95
13 117 32.99
13 118 34.03
13 119 35.10
13 120 36.18
13 121 37.30
13 122 38.46
13 123 39.74
13 124 41.56
13 125 42.52
13 126 26.79
14 1 9.95
14 2 13.67
14 3 12.11
14 4 10.77
14 5 9.55
14 6 8.38
14 7 7.27
14 8 6.18
14 9 5.12
14 10 4.07
14 11 3.04
14 12 2.02
14 13 1.01
14 14 0.00
14 15 1.00
14 16 2.00
14 17 3.00
14 18 4.00
14 19 5.00
14 20 6.01
14 21 7.02
14 22 8.04
14 23 9.07
14 24 10.11
14 25 11.17
14 26 12.26
14 27 13.38
14 28 14.56
14 29 15.83
14 30 17.29
14 31 19.68
14 32 20.55
14 33 18.63
14 34 19.52
14 35 20.13
14 36 20.59
14 37 20.98
14 38 21.32
14 39 21.63
14 40 21.91
14 41 22.17
14 42 22.42
14 43 22.66
14 44 22.89
14 45 23.12
14 46 23.34
14 47 23.56
14 48 23.77
14 49 23.98
14 50 24.19
14 51 24.39
14 52 24.58
14 53 24.77
14 54 24.95
14 55 25.11
14 56 25.26
14 57 25.37
14 58 25.46
14 59 25.48
14 60 25.42
14 61 25.14
14 62 23.93
14 63 24.78
14 64 19.29
14 65 21.04
14 66 22.49
14 67 23.79
14 68 24.97
14 69 26.08
14 70 27.13
14 71 28.14
14 72 29.11
14 73 30.04
14 74 30.95
14 75 31.83
14 76 32.69
14 77 33.53
14 78 34.36
14 79 35.16
14 80 35.95
14 81 36.73
14 82 37.49
14 83 38.24
14 84 38.98
14 85 39.70
14 86 40.40
14 87 41.09
14 88 41.76
14 89 42.40
14 90 43.01
14 91 43.58
14 92 44.05
14 93 44.13
14 94 45.10
14 95 14.56
14 96 14.43
14 97 14.73
14 98 15.26
14 99 15.93
14 100 16.69
14 101 17.52
14 102 18.39
14 103 19.30
14 104 20.23
14 105 21.18
14 106 22.14
14 107 23.12
14 108 24.10
14 109 25.09
14 110 26.08
14 111 27.09
14 112 28.09
14 113 29.10
14 114 30.12
14 115 31.15
14 116 32.18
14 117 33.22
14 118 34.28
14 119 35.36
14 120 36.45
14 121 37.59
14 122 38.77
14 123 40.08
14 124 41.97
14 125 42.92
14 126 27.47
15 1 10.93
15 2 14.59
15 3 13.05
15 4 11.73
15 5 10.51
15 6 9.36
15 7 8.25
15 8 7.17
15 9 6.11
15 10 5.07
15 11 4.04
15 12 3.02
15 13 2.01
15 14 1.00
15 15 0.00
15 16 1.00
15 17 2.00
15 18 3.00
15 19 4.00
15 20 5.01
15 21 6.03
15 22 7.05
15 23 8.08
15 24 9.13
15 25 10.20
15 26 11.30
15 27 12.43
15 28 13.62
15 29 14.91
15 30 16.39
15 31 18.86
15 32 19.71
15 33 19.55
15 34 20.47
15 35 21.09
15 36 21.57
15 37 21.97
15 38 22.32
15 39 22.63
15 40 22.91
15 41 23.17
15 42 23.42
15 43 23.65
15 44 23.88
15 45 24.10
15 46 24.31
15 47 24.52
15 48 24.72
15 49 24.92
15 50 25.11
15 51 25.30
15 52 25.47
15 53 25.64
15 54 25.80
15 55 25.94
15 56 26.05
15 57 26.15
15 58 26.20
15 59 26.19
15 60 26.08
15 61 25.76
15 62 24.43
15 63 25.26
15 64 20.07
15 65 21.81
15 66 23.26
15 67 24.56
15 68 25.75
15 69 26.86
15 70 27.92
15 71 28.94
15 72 29.91
15 73 30.86
15 74 31.77
15 75 32.66
15 76 33.53
15 77 34.38
15 78 35.21
15 79 36.03
15 80 36.83
15 81 37.62
15 82 38.39
15 83 39.14
15 84 39.88
15 85 40.61
15 86 41.33
15 87 42.02
15 88 42.70
15 89 43.35
15 90 43.97
15 91 44.54
15 92 45.02
15 93 45.12
15 94 46.09
15 95 15.29
15 96 15.07
15 97 15.30
15 98 15.76
15 99 16.37
15 100 17.08
15 101 17.87
15 102 18.71
15 103 19.59
15 104 20.50
15 105 21.43
15 106 22.38
15 107 23.34
15 108 24.31
15 109 25.30
15 110 26.29
15 111 27.29
15 112 28.29
15 113 29.30
15 114 30.33
15 115 31.35
15 116 32.39
15 117 33.44
15 118 34.51
15 119 35.59
15 120 36.70
15 121 37.85
15 122 39.06
15 123 40.40
15 124 42.36
15 125 43.30
15 126 28.13
16 1 11.92
16 2 15.49
16 3 13.98
16 4 12.68
16 5 11.48
16 6 10.33
16 7 9.23
16 8 8.15
16 9 7.10
16 10 6.06
16 11 5.03
16 12 4.02
16 13 3.01
16 14 2.00
16 15 1.00
16 16 0.00
16 17 1.00
16 18 2.00
16 19 3.01
16 20 4.02
16 21 5.03
16 22 6.06
16 23 7.10
16 24 8.15
16 25 9.23
16 26 10.33
16 27 11.48
16 28 12.68
16 29 13.98
16 30 15.49
16 31 18.03
16 32 18.87
16 33 20.45
16 34 21.40
16 35 22.04
16 36 22.54
16 37 22.95
16 38 23.30
16 39 23.62
16 40 23.91
16 41 24.17
16 42 24.42
16 43 24.65
16 44 24.87
16 45 25.09
16 46 25.30
16 47 25.50
16 48 25.69
16 49 25.87
16 50 26.05
16 51 26.22
16 52 26.39
16 53 26.54
16 54 26.67
16 55 26.79
16 56 26.89
16 57 26.96
16 58 26.98
16 59 26.94
16 60 26.80
16 61 26.42
16 62 25.00
16 63 25.81
16 64 20.85
16 65 22.57
16 66 24.02
16 67 25.31
16 68 26.51
16 69 27.63
16 70 28.70
16 71 29.72
16 72 30.70
16 73 31.65
16 74 32.58
16 75 33.48
16 76 34.36
16 77 35.21
16 78 36.06
16 79 36.88
16 80 37.69
16 81 38.48
16 82 39.26
16 83 40.03
16 84 40.78
16 85 41.51
16 86 42.23
16 87 42.94
16 88 43.62
16 89 44.28
16 90 44.91
16 91 45.49
16 92 45.98
16 93 46.10
16 94 47.07
16 95 16.01
16 96 15.72
16 97 15.87
16 98 16.26
16 99 16.82
16 100 17.48
16 101 18.23
16 102 19.03
16 103 19.88
16 104 20.76
16 105 21.68
16 106 22.61
16 107 23.56
16 108 24.52
16 109 25.50
16 110 26.48
16 111 27.48
16 112 28.48
16 113 29.49
16 114 30.52
16 115 31.55
16 116 32.59
16 117 33.65
16 118 34.72
16 119 35.82
16 120 36.94
16 121 38.10
16 122 39.33
16 123 40.70
16 124 42.72
16 125 43.66
16 126 28.77
17 1 12.91
17 2 16.39
17 3 14.91
17 4 13.62
17 5 12.43
17 6 11.30
17 7 10.20
17 8 9.13
17 9 8.08
17 10 7.05
17 11 6.03
17 12 5.01
17 13 4.00
17 14 3.00
17 15 2.00
17 16 1.00
17 17 0.00
17 18 1.00
17 19 2.01
17 20 3.02
17 21 4.04
17 22 5.07
17 23 6.11
17 24 7.17
17 25 8.25
17 26 9.36
17 27 10.51
17 28 11.73
17 29 13.05
17 30 14.59
17 31 17.19
17 32 18.02
17 33 21.34
17 34 22.32
17 35 22.99
17 36 23.50
17 37 23.92
17 38 24.29
17 39 24.61
17 40 24.90
17 41 25.17
17 42 25.42
17 43 25.65
17 44 25.87
17 45 26.08
17 46 26.29
17 47 26.48
17 48 26.67
17 49 26.84
17 50 27.01
17 51 27.17
17 52 27.32
17 53 27.46
17 54 27.58
17 55 27.68
17 56 27.76
17 57 27.81
17 58 27.81
17 59 27.74
17 60 27.56
17 61 27.14
17 62 25.63
17 63 26.42
17 64 21.61
17 65 23.32
17 66 24.76
17 67 26.06
17 68 27.26
17 69 28.38
17 70 29.46
17 71 30.49
17 72 31.48
17 73 32.44
17 74 33.37
17 75 34.28
17 76 35.16
17 77 36.03
17 78 36.88
17 79 37.71
17 80 38.53
17 81 39.33
17 82 40.12
17 83 40.89
17 84 41.65
17 85 42.40
17 86 43.13
17 87 43.84
17 88 44.53
17 89 45.20
17 90 45.84
17 91 46.43
17 92 46.94
17 93 47.07
17 94 48.05
17 95 16.74
17 96 16.36
17 97 16.44
17 98 16.77
17 99 17.27
17 100 17.89
17 101 18.59
17 102 19.36
17 103 20.18
17 104 21.03
17 105 21.92
17 106 22.84
17 107 23.77
17 108 24.72
17 109 25.69
17 110 26.67
17 111 27.66
17 112 28.66
17 113 29.67
17 114 30.69
17 115 31.73
17 116 32.77
17 117 33.83
17 118 34.92
17 119 36.02
17 120 37.15
17 121 38.33
17 122 39.58
17 123 40.97
17 124 43.06
17 125 43.99
17 126 29.40
18 1 13.92
18 2 17.29
18 3 15.83
18 4 14.56
18 5 13.38
18 6 12.26
18 7 11.17
18 8 10.11
18 9 9.07
18 10 8.04
18 11 7.02
18 12 6.01
18 13 5.00
18 14 4.00
18 15 3.00
18 16 2.00
18 17 1.00
18 18 0.00
18 19 1.01
18 20 2.02
18 21 3.04
18 22 4.07
18 23 5.12
18 24 6.18
18 25 7.27
18 26 8.38
18 27 9.55
18 28 10.77
18 29 12.11
18 30 13.67
18 31 16.35
18 32 17.15
18 33 22.23
18 34 23.24
18 35 23.92
18 36 24.45
18 37 24.89
18 38 25.26
18 39 25.59
18 40 25.89
18 41 26.16
18 42 26.42
18 43 26.65
18 44 26.88
18 45 27.09
18 46 27.29
18 47 27.48
18 48 27.66
18 49 27.83
18 50 27.99
18 51 28.14
18 52 28.28
18 53 28.40
18 54 28.51
18 55 28.60
18 56 28.66
18 57 28.69
18 58 28.67
18 59 28.58
18 60 28.37
18 61 27.91
18 62 26.32
18 63 27.09
18 64 22.36
18 65 24.06
18 66 25.50
18 67 26.79
18 68 27.99
18 69 29.12
18 70 30.20
18 71 31.24
18 72 32.24
18 73 33.20
18 74 34.14
18 75 35.06
18 76 35.95
18 77 36.83
18 78 37.69
18 79 38.53
18 80 39.35
18 81 40.16
18 82 40.96
18 83 41.74
18 84 42.51
18 85 43.26
18 86 44.00
18 87 44.72
18 88 45.43
18 89 46.11
18 90 46.75
18 91 47.36
18 92 47.88
18 93 48.03
18 94 49.01
18 95 17.46
18 96 17.01
18 97 17.02
18 98 17.29
18 99 17.73
18 100 18.30
18 101 18.96
18 102 19.69
18 103 20.47
18 104 21.30
18 105 22.17
18 106 23.06
18 107 23.98
18 108 24.92
18 109 25.87
18 110 26.84
18 111 27.83
18 112 28.82
18 113 29.83
18 114 30.86
18 115 31.89
18 116 32.94
18 117 34.01
18 118 35.09
18 119 36.21
18 120 37.35
18 121 38.54
18 122 39.81
18 123 41.23
18 124 43.38
18 125 44.30
18 126 30.02
19 1 14.92
19 2 18.18
19 3 16.75
19 4 15.50
19 5 14.33
19 6 13.22
19 7 12.14
19 8 11.08
19 9 10.05
19 10 9.02
19 11 8.01
19 12 7.00
19 13 6.00
19 14 5.00
19 15 4.00
19 16 3.01
19 17 2.01
19 18 1.01
19 19 0.00
19 20 1.01
19 21 2.04
19 22 3.07
19 23 4.12
19 24 5.18
19 25 6.27
19 26 7.40
19 27 8.57
19 28 9.81
19 29 11.15
19 30 12.74
19 31 15.49
19 32 16.28
19 33 23.10
19 34 24.14
19 35 24.85
19 36 25.40
19 37 25.85
19 38 26.23
19 39 26.58
19 40 26.88
19 41 27.16
19 42 27.42
19 43 27.66
19 44 27.88
19 45 28.09
19 46 28.29
19 47 28.48
19 48 28.66
19 49 28.82
19 50 28.98
19 51 29.12
19 52 29.25
19 53 29.37
19 54 29.47
19 55 29.54
19 56 29.59
19 57 29.60
19 58 29.56
19 59 29.45
19 60 29.22
19 61 28.73
19 62 27.06
19 63 27.82
19 64 23.11
19 65 24.79
19 66 26.22
19 67 27.51
19 68 28.72
19 69 29.85
19 70 30.94
19 71 31.98
19 72 32.98
19 73 33.96
19 74 34.90
19 75 35.83
19 76 36.73
19 77 37.62
19 78 38.48
19 79 39.33
19 80 40.16
19 81 40.98
19 82 41.79
19 83 42.58
19 84 43.36
19 85 44.12
19 86 44.87
19 87 45.60
19 88 46.31
19 89 47.00
19 90 47.66
19 91 48.28
19 92 48.81
19 93 48.99
19 94 49.97
19 95 18.19
19 96 17.66
19 97 17.61
19 98 17.81
19 99 18.20
19 100 18.72
19 101 19.33
19 102 20.02
19 103 20.77
19 104 21.57
19 105 22.41
19 106 23.29
19 107 24.19
19 108 25.11
19 109 26.05
19 110 27.01
19 111 27.99
19 112 28.98
19 113 29.99
19 114 31.01
19 115 32.04
19 116 33.09
19 117 34.16
19 118 35.25
19 119 36.37
19 120 37.53
19 121 38.73
19 122 40.02
19 123 41.46
19 124 43.68
19 125 44.59
19 126 30.63
20 1 15.93
20 2 19.06
20 3 17.66
20 4 16.43
20 5 15.28
20 6 14.18
20 7 13.11
20 8 12.06
20 9 11.03
20 10 10.01
20 11 9.00
20 12 8.00
20 13 7.00
20 14 6.01
20 15 5.01
20 16 4.02
20 17 3.02
20 18 2.02
20 19 1.01
20 20 0.00
20 21 1.02
20 22 2.06
20 23 3.11
20 24 4.18
20 25 5.27
20 26 6.40
20 27 7.58
20 28 8.83
20 29 10.19
20 30 11.80
20 31 14.62
20 32 15.39
20 33 23.97
20 34 25.04
20 35 25.77
20 36 26.34
20 37 26.80
20 38 27.20
20 39 27.55
20 40 27.87
20 41 28.16
20 42 28.42
20 43 28.66
20 44 28.89
20 45 29.10
20 46 29.30
20 47 29.49
20 48 29.67
20 49 29.83
20 50 29.99
20 51 30.12
20 52 30.25
20 53 30.36
20 54 30.45
20 55 30.51
20 56 30.55
20 57 30.55
20 58 30.49
20 59 30.36
20 60 30.10
20 61 29.58
20 62 27.85
20 63 28.59
20 64 23.85
20 65 25.51
20 66 26.93
20 67 28.22
20 68 29.43
20 69 30.57
20 70 31.66
20 71 32.70
20 72 33.71
20 73 34.70
20 74 35.65
20 75 36.58
20 76 37.49
20 77 38.39
20 78 39.26
20 79 40.12
20 80 40.96
20 81 41.79
20 82 42.60
20 83 43.40
20 84 44.19
20 85 44.96
20 86 45.72
20 87 46.46
20 88 47.18
20 89 47.88
20 90 48.55
20 91 49.18
20 92 49.73
20 93 49.94
20 94 50.92
20 95 18.91
20 96 18.32
20 97 18.20
20 98 18.34
20 99 18.67
20 100 19.14
20 101 19.71
20 102 20.36
20 103 21.08
20 104 21.85
20 105 22.66
20 106 23.51
20 107 24.39
20 108 25.30
20 109 26.22
20 110 27.17
20 111 28.14
20 112 29.12
20 113 30.12
20 114 31.14
20 115 32.18
20 116 33.23
20 117 34.30
20 118 35.40
20 119 36.52
20 120 37.69
20 121 38.90
20 122 40.20
20 123 41.68
20 124 43.95
20 125 44.85
20 126 31.22
21 1 16.95
21 2 19.94
21 3 18.57
21 4 17.36
21 5 16.22
21 6 15.14
21 7 14.08
21 8 13.04
21 9 12.01
21 10 11.00
21 11 10.00
21 12 9.00
21 13 8.01
21 14 7.02
21 15 6.03
21 16 5.03
21 17 4.04
21 18 3.04
21 19 2.04
21 20 1.02
21 21 0.00
21 22 1.04
21 23 2.09
21 24 3.16
21 25 4.26
21 26 5.39
21 27 6.58
21 28 7.83
21 29 9.21
21 30 10.85
21 31 13.74
21 32 14.48
21 33 24.83
21 34 25.93
21 35 26.69
21 36 27.27
21 37 27.75
21 38 28.17
21 39 28.53
21 40 28.86
21 41 29.15
21 42 29.42
21 43 29.67
21 44 29.91
21 45 30.12
21 46 30.33
21 47 30.52
21 48 30.69
21 49 30.86
21 50 31.01
21 51 31.14
21 52 31.26
21 53 31.37
21 54 31.45
21 55 31.51
21 56 31.53
21 57 31.52
21 58 31.45
21 59 31.31
21 60 31.03
21 61 30.48
21 62 28.70
21 63 29.42
21 64 24.58
21 65 26.22
21 66 27.64
21 67 28.92
21 68 30.13
21 69 31.27
21 70 32.36
21 71 33.42
21 72 34.43
21 73 35.42
21 74 36.38
21 75 37.32
21 76 38.24
21 77 39.14
21 78 40.03
21 79 40.89
21 80 41.74
21 81 42.58
21 82 43.40
21 83 44.21
21 84 45.01
21 85 45.79
21 86 46.56
21 87 47.31
21 88 48.04
21 89 48.75
21 90 49.43
21 91 50.08
21 92 50.64
21 93 50.88
21 94 51.86
21 95 19.63
21 96 18.97
21 97 18.79
21 98 18.87
21 99 19.15
21 100 19.56
21 101 20.08
21 102 20.70
21 103 21.38
21 104 22.11
21 105 22.90
21 106 23.72
21 107 24.58
21 108 25.47
21 109 26.39
21 110 27.32
21 111 28.28
21 112 29.25
21 113 30.25
21 114 31.26
21 115 32.29
21 116 33.35
21 117 34.42
21 118 35.52
21 119 36.65
21 120 37.82
21 121 39.05
21 122 40.37
21 123 41.86
21 124 44.20
21 125 45.09
21 126 31.80
22 1 17.98
22 2 20.82
22 3 19.48
22 4 18.29
22 5 17.17
22 6 16.10
22 7 15.05
22 8 14.02
22 9 13.00
22 10 12.00
22 11 11.00
22 12 10.01
22 13 9.02
22 14 8.04
22 15 7.05
22 16 6.06
22 17 5.07
22 18 4.07
22 19 3.07
22 20 2.06
22 21 1.04
22 22 0.00
22 23 1.05
22 24 2.13
22 25 3.23
22 26 4.37
22 27 5.56
22 28 6.82
22 29 8.21
22 30 9.87
22 31 12.83
22 32 13.55
22 33 25.69
22 34 26.82
22 35 27.60
22 36 28.20
22 37 28.70
22 38 29.13
22 39 29.51
22 40 29.84
22 41 30.15
22 42 30.43
22 43 30.69
22 44 30.93
22 45 31.15
22 46 31.35
22 47 31.55
22 48 31.73
22 49 31.89
22 50 32.04
22 51 32.18
22 52 32.29
22 53 32.39
22 54 32.47
22 55 32.53
22 56 32.54
22 57 32.52
22 58 32.45
22 59 32.29
22 60 31.99
22 61 31.43
22 62 29.59
22 63 30.31
22 64 25.31
22 65 26.93
22 66 28.33
22 67 29.61
22 68 30.82
22 69 31.96
22 70 33.06
22 71 34.12
22 72 35.14
22 73 36.13
22 74 37.10
22 75 38.05
22 76 38.98
22 77 39.88
22 78 40.78
22 79 41.65
22 80 42.51
22 81 43.36
22 82 44.19
22 83 45.01
22 84 45.81
22 85 46.60
22 86 47.38
22 87 48.14
22 88 48.89
22 89 49.61
22 90 50.30
22 91 50.96
22 92 51.54
22 93 51.81
22 94 52.80
22 95 20.35
22 96 19.62
22 97 19.38
22 98 19.41
22 99 19.63
22 100 19.99
22 101 20.47
22 102 21.03
22 103 21.68
22 104 22.38
22 105 23.14
22 106 23.93
22 107 24.77
22 108 25.64
22 109 26.54
22 110 27.46
22 111 28.40
22 112 29.37
22 113 30.36
22 114 31.37
22 115 32.39
22 116 33.44
22 117 34.52
22 118 35.62
22 119 36.76
22 120 37.94
22 121 39.17
22 122 40.51
22 123 42.03
22 124 44.43
22 125 45.31
22 126 32.36
23 1 19.01
23 2 21.70
23 3 20.39
23 4 19.22
23 5 18.12
23 6 17.06
23 7 16.02
23 8 15.01
23 9 14.00
23 10 13.00
23 11 12.01
23 12 11.03
23 13 10.05
23 14 9.07
23 15 8.08
23 16 7.10
23 17 6.11
23 18 5.12
23 19 4.12
23 20 3.11
23 21 2.09
23 22 1.05
23 23 0.00
23 24 1.07
23 25 2.18
23 26 3.32
23 27 4.52
23 28 5.79
23 29 7.20
23 30 8.88
23 31 11.91
23 32 12.60
23 33 26.54
23 34 27.70
23 35 28.50
23 36 29.13
23 37 29.65
23 38 30.09
23 39 30.48
23 40 30.83
23 41 31.15
23 42 31.44
23 43 31.71
23 44 31.95
23 45 32.18
23 46 32.39
23 47 32.59
23 48 32.77
23 49 32.94
23 50 33.09
23 51 33.23
23 52 33.35
23 53 33.44
23 54 33.52
23 55 33.57
23 56 33.58
23 57 33.56
23 58 33.47
23 59 33.30
23 60 33.00
23 61 32.41
23 62 30.54
23 63 31.24
23 64 26.03
23 65 27.62
23 66 29.01
23 67 30.29
23 68 31.50
23 69 32.64
23 70 33.74
23 71 34.80
23 72 35.83
23 73 36.83
23 74 37.81
23 75 38.76
23 76 39.70
23 77 40.61
23 78 41.51
23 79 42.40
23 80 43.26
23 81 44.12
23 82 44.96
23 83 45.79
23 84 46.60
23 85 47.41
23 86 48.19
23 87 48.97
23 88 49.72
23 89 50.46
23 90 51.16
23 91 51.84
23 92 52.44
23 93 52.74
23 94 53.73
23 95 21.07
23 96 20.28
23 97 19.97
23 98 19.94
23 99 20.11
23 100 20.42
23 101 20.84
23 102 21.37
23 103 21.97
23 104 22.64
23 105 23.36
23 106 24.14
23 107 24.95
23 108 25.80
23 109 26.67
23 110 27.58
23 111 28.51
23 112 29.47
23 113 30.45
23 114 31.45
23 115 32.47
23 116 33.52
23 117 34.59
23 118 35.70
23 119 36.84
23 120 38.02
23 121 39.27
23 122 40.62
23 123 42.16
23 124 44.62
23 125 45.49
23 126 32.91
24 1 20.06
24 2 22.58
24 3 21.30
24 4 20.16
24 5 19.08
24 6 18.03
24 7 17.01
24 8 16.00
24 9 15.01
24 10 14.02
24 11 13.04
24 12 12.06
24 13 11.08
24 14 10.11
24 15 9.13
24 16 8.15
24 17 7.17
24 18 6.18
24 19 5.18
24 20 4.18
24 21 3.16
24 22 2.13
24 23 1.07
24 24 0.00
24 25 1.10
24 26 2.25
24 27 3.45
24 28 4.73
24 29 6.15
24 30 7.85
24 31 10.96
24 32 11.62
24 33 27.39
24 34 28.58
24 35 29.41
24 36 30.06
24 37 30.59
24 38 31.05
24 39 31.46
24 40 31.82
24 41 32.15
24 42 32.46
24 43 32.73
24 44 32.99
24 45 33.22
24 46 33.44
24 47 33.65
24 48 33.83
24 49 34.01
24 50 34.16
24 51 34.30
24 52 34.42
24 53 34.52
24 54 34.59
24 55 34.64
24 56 34.65
24 57 34.62
24 58 34.53
24 59 34.35
24 60 34.04
24 61 33.44
24 62 31.53
24 63 32.22
24 64 26.74
24 65 28.31
24 66 29.69
24 67 30.96
24 68 32.16
24 69 33.31
24 70 34.41
24 71 35.48
24 72 36.51
24 73 37.52
24 74 38.50
24 75 39.46
24 76 40.40
24 77 41.33
24 78 42.23
24 79 43.13
24 80 44.00
24 81 44.87
24 82 45.72
24 83 46.56
24 84 47.38
24 85 48.19
24 86 48.99
24 87 49.78
24 88 50.54
24 89 51.29
24 90 52.01
24 91 52.70
24 92 53.32
24 93 53.67
24 94 54.65
24 95 21.78
24 96 20.93
24 97 20.57
24 98 20.48
24 99 20.58
24 100 20.84
24 101 21.22
24 102 21.70
24 103 22.26
24 104 22.89
24 105 23.58
24 106 24.33
24 107 25.11
24 108 25.94
24 109 26.79
24 110 27.68
24 111 28.60
24 112 29.54
24 113 30.51
24 114 31.51
24 115 32.53
24 116 33.57
24 117 34.64
24 118 35.75
24 119 36.89
24 120 38.08
24 121 39.34
24 122 40.70
24 123 42.27
24 124 44.79
24 125 45.65
24 126 33.45
25 1 21.12
25 2 23.45
25 3 22.22
25 4 21.10
25 5 20.04
25 6 19.01
25 7 18.00
25 8 17.01
25 9 16.02
25 10 15.05
25 11 14.08
25 12 13.11
25 13 12.14
25 14 11.17
25 15 10.20
25 16 9.23
25 17 8.25
25 18 7.27
25 19 6.27
25 20 5.27
25 21 4.26
25 22 3.23
25 23 2.18
25 24 1.10
25 25 0.00
25 26 1.15
25 27 2.35
25 28 3.64
25 29 5.07
25 30 6.79
25 31 9.97
25 32 10.60
25 33 28.23
25 34 29.46
25 35 30.31
25 36 30.98
25 37 31.54
25 38 32.02
25 39 32.44
25 40 32.82
25 41 33.17
25 42 33.48
25 43 33.77
25 44 34.03
25 45 34.28
25 46 34.51
25 47 34.72
25 48 34.92
25 49 35.09
25 50 35.25
25 51 35.40
25 52 35.52
25 53 35.62
25 54 35.70
25 55 35.75
25 56 35.76
25 57 35.73
25 58 35.63
25 59 35.45
25 60 35.13
25 61 34.52
25 62 32.59
25 63 33.27
25 64 27.44
25 65 28.98
25 66 30.35
25 67 31.62
25 68 32.82
25 69 33.96
25 70 35.07
25 71 36.13
25 72 37.17
25 73 38.18
25 74 39.17
25 75 40.14
25 76 41.09
25 77 42.02
25 78 42.94
25 79 43.84
25 80 44.72
25 81 45.60
25 82 46.46
25 83 47.31
25 84 48.14
25 85 48.97
25 86 49.78
25 87 50.57
25 88 51.35
25 89 52.11
25 90 52.85
25 91 53.55
25 92 54.20
25 93 54.58
25 94 55.57
25 95 22.50
25 96 21.58
25 97 21.16
25 98 21.01
25 99 21.06
25 100 21.26
25 101 21.59
25 102 22.02
25 103 22.54
25 104 23.13
25 105 23.79
25 106 24.50
25 107 25.26
25 108 26.05
25 109 26.89
25 110 27.76
25 111 28.66
25 112 29.59
25 113 30.55
25 114 31.53
25 115 32.54
25 116 33.58
25 117 34.65
25 118 35.76
25 119 36.90
25 120 38.10
25 121 39.37
25 122 40.74
25 123 42.33
25 124 44.91
25 125 45.76
25 126 33.96
26 1 22.20
26 2 24.34
26 3 23.14
26 4 22.05
26 5 21.01
26 6 20.00
26 7 19.01
26 8 18.03
26 9 17.06
26 10 16.10
26 11 15.14
26 12 14.18
26 13 13.22
26 14 12.26
26 15 11.30
26 16 10.33
26 17 9.36
26 18 8.38
26 19 7.40
26 20 6.40
26 21 5.39
26 22 4.37
26 23 3.32
26 24 2.25
26 25 1.15
26 26 0.00
26 27 1.20
26 28 2.50
26 29 3.94
26 30 5.68
26 31 8.93
26 32 9.53
26 33 29.08
26 34 30.34
26 35 31.21
26 36 31.91
26 37 32.49
26 38 32.99
26 39 33.43
26 40 33.83
26 41 34.19
26 42 34.52
26 43 34.82
26 44 35.10
26 45 35.36
26 46 35.59
26 47 35.82
26 48 36.02
26 49 36.21
26 50 36.37
26 51 36.52
26 52 36.65
26 53 36.76
26 54 36.84
26 55 36.89
26 56 36.90
26 57 36.87
26 58 36.78
26 59 36.60
26 60 36.27
26 61 35.65
26 62 33.70
26 63 34.38
26 64 28.14
26 65 29.65
26 66 31.00
26 67 32.26
26 68 33.45
26 69 34.60
26 70 35.70
26 71 36.77
26 72 37.81
26 73 38.83
26 74 39.82
26 75 40.80
26 76 41.76
26 77 42.70
26 78 43.62
26 79 44.53
26 80 45.43
26 81 46.31
26 82 47.18
26 83 48.04
26 84 48.89
26 85 49.72
26 86 50.54
26 87 51.35
26 88 52.14
26 89 52.92
26 90 53.67
26 91 54.40
26 92 55.06
26 93 55.50
26 94 56.49
26 95 23.21
26 96 22.23
26 97 21.74
26 98 21.54
26 99 21.53
26 100 21.68
26 101 21.95
26 102 22.34
26 103 22.81
26 104 23.36
26 105 23.97
26 106 24.65
26 107 25.37
26 108 26.15
26 109 26.96
26 110 27.81
26 111 28.69
26 112 29.60
26 113 30.55
26 114 31.52
26 115 32.52
26 116 33.56
26 117 34.62
26 118 35.73
26 119 36.87
26 120 38.07
26 121 39.34
26 122 40.73
26 123 42.34
26 124 44.99
26 125 45.82
26 126 34.45
27 1 23.31
27 2 25.23
27 3 24.07
27 4 23.01
27 5 22.00
27 6 21.01
27 7 20.04
27 8 19.08
27 9 18.12
27 10 17.17
27 11 16.22
27 12 15.28
27 13 14.33
27 14 13.38
27 15 12.43
27 16 11.48
27 17 10.51
27 18 9.55
27 19 8.57
27 20 7.58
27 21 6.58
27 22 5.56
27 23 4.52
27 24 3.45
27 25 2.35
27 26 1.20
27 27 0.00
27 28 1.30
27 29 2.74
27 30 4.51
27 31 7.83
27 32 8.38
27 33 29.92
27 34 31.21
27 35 32.12
27 36 32.84
27 37 33.44
27 38 33.97
27 39 34.43
27 40 34.85
27 41 35.22
27 42 35.57
27 43 35.89
27 44 36.18
27 45 36.45
27 46 36.70
27 47 36.94
27 48 37.15
27 49 37.35
27 50 37.53
27 51 37.69
27 52 37.82
27 53 37.94
27 54 38.02
27 55 38.08
27 56 38.10
27 57 38.07
27 58 37.98
27 59 37.80
27 60 37.47
27 61 36.85
27 62 34.89
27 63 35.57
27 64 28.82
27 65 30.30
27 66 31.63
27 67 32.88
27 68 34.07
27 69 35.21
27 70 36.31
27 71 37.39
27 72 38.43
27 73 39.45
27 74 40.45
27 75 41.44
27 76 42.40
27 77 43.35
27 78 44.28
27 79 45.20
27 80 46.11
27 81 47.00
27 82 47.88
27 83 48.75
27 84 49.61
27 85 50.46
27 86 51.29
27 87 52.11
27 88 52.92
27 89 53.71
27 90 54.48
27 91 55.23
27 92 55.92
27 93 56.40
27 94 57.40
27 95 23.92
27 96 22.88
27 97 22.33
27 98 22.06
27 99 21.99
27 100 22.08
27 101 22.30
27 102 22.63
27 103 23.05
27 104 23.55
27 105 24.13
27 106 24.77
27 107 25.46
27 108 26.20
27 109 26.98
27 110 27.81
27 111 28.67
27 112 29.56
27 113 30.49
27 114 31.45
27 115 32.45
27 116 33.47
27 117 34.53
27 118 35.63
27 119 36.78
27 120 37.98
27 121 39.26
27 122 40.66
27 123 42.29
27 124 45.00
27 125 45.82
27 126 34.91
28 1 24.46
28 2 26.12
28 3 25.02
28 4 24.00
28 5 23.01
28 6 22.05
28 7 21.10
28 8 20.16
28 9 19.22
28 10 18.29
28 11 17.36
28 12 16.43
28 13 15.50
28 14 14.56
28 15 13.62
28 16 12.68
28 17 11.73
28 18 10.77
28 19 9.81
28 20 8.83
28 21 7.83
28 22 6.82
28 23 5.79
28 24 4.73
28 25 3.64
28 26 2.50
28 27 1.30
28 28 0.00
28 29 1.45
28 30 3.23
28 31 6.62
28 32 7.13
28 33 30.76
28 34 32.09
28 35 33.03
28 36 33.78
28 37 34.41
28 38 34.96
28 39 35.45
28 40 35.88
28 41 36.28
28 42 36.65
28 43 36.98
28 44 37.30
28 45 37.59
28 46 37.85
28 47 38.10
28 48 38.33
28 49 38.54
28 50 38.73
28 51 38.90
28 52 39.05
28 53 39.17
28 54 39.27
28 55 39.34
28 56 39.37
28 57 39.34
28 58 39.26
28 59 39.09
28 60 38.77
28 61 38.15
28 62 36.19
28 63 36.86
28 64 29.49
28 65 30.93
28 66 32.24
28 67 33.47
28 68 34.65
28 69 35.79
28 70 36.90
28 71 37.97
28 72 39.02
28 73 40.05
28 74 41.05
28 75 42.04
28 76 43.01
28 77 43.97
28 78 44.91
28 79 45.84
28 80 46.75
28 81 47.66
28 82 48.55
28 83 49.43
28 84 50.30
28 85 51.16
28 86 52.01
28 87 52.85
28 88 53.67
28 89 54.48
28 90 55.28
28 91 56.04
28 92 56.76
28 93 57.30
28 94 58.30
28 95 24.62
28 96 23.52
28 97 22.90
28 98 22.56
28 99 22.43
28 100 22.46
28 101 22.61
28 102 22.89
28 103 23.25
28 104 23.71
28 105 24.24
28 106 24.83
28 107 25.48
28 108 26.19
28 109 26.94
28 110 27.74
28 111 28.58
28 112 29.45
28 113 30.36
28 114 31.31
28 115 32.29
28 116 33.30
28 117 34.35
28 118 35.45
28 119 36.60
28 120 37.80
28 121 39.09
28 122 40.50
28 123 42.15
28 124 44.92
28 125 45.73
28 126 35.33
29 1 25.68
29 2 27.04
29 3 26.00
29 4 25.02
29 5 24.07
29 6 23.14
29 7 22.22
29 8 21.30
29 9 20.39
29 10 19.48
29 11 18.57
29 12 17.66
29 13 16.75
29 14 15.83
29 15 14.91
29 16 13.98
29 17 13.05
29 18 12.11
29 19 11.15
29 20 10.19
29 21 9.21
29 22 8.21
29 23 7.20
29 24 6.15
29 25 5.07
29 26 3.94
29 27 2.74
29 28 1.45
29 29 0.00
29 30 1.79
29 31 5.25
29 32 5.70
29 33 31.60
29 34 32.97
29 35 33.95
29 36 34.74
29 37 35.40
29 38 35.98
29 39 36.49
29 40 36.96
29 41 37.38
29 42 37.77
29 43 38.13
29 44 38.46
29 45 38.77
29 46 39.06
29 47 39.33
29 48 39.58
29 49 39.81
29 50 40.02
29 51 40.20
29 52 40.37
29 53 40.51
29 54 40.62
29 55 40.70
29 56 40.74
29 57 40.73
29 58 40.66
29 59 40.50
29 60 40.19
29 61 39.58
29 62 37.64
29 63 38.31
29 64 30.14
29 65 31.53
29 66 32.81
29 67 34.03
29 68 35.20
29 69 36.33
29 70 37.43
29 71 38.51
29 72 39.56
29 73 40.59
29 74 41.60
29 75 42.60
29 76 43.58
29 77 44.54
29 78 45.49
29 79 46.43
29 80 47.36
29 81 48.28
29 82 49.18
29 83 50.08
29 84 50.96
29 85 51.84
29 86 52.70
29 87 53.55
29 88 54.40
29 89 55.23
29 90 56.04
29 91 56.83
29 92 57.59
29 93 58.20
29 94 59.20
29 95 25.32
29 96 24.14
29 97 23.45
29 98 23.04
29 99 22.84
29 100 22.79
29 101 22.88
29 102 23.09
29 103 23.39
29 104 23.79
29 105 24.26
29 106 24.81
29 107 25.42
29 108 26.08
29 109 26.80
29 110 27.56
29 111 28.37
29 112 29.22
29 113 30.10
29 114 31.03
29 115 31.99
29 116 33.00
29 117 34.04
29 118 35.13
29 119 36.27
29 120 37.47
29 121 38.77
29 122 40.19
29 123 41.87
29 124 44.71
29 125 45.49
29 126 35.68
30 1 27.05
30 2 28.00
30 3 27.04
30 4 26.12
30 5 25.23
30 6 24.34
30 7 23.45
30 8 22.58
30 9 21.70
30 10 20.82
30 11 19.94
30 12 19.06
30 13 18.18
30 14 17.29
30 15 16.39
30 16 15.49
30 17 14.59
30 18 13.67
30 19 12.74
30 20 11.80
30 21 10.85
30 22 9.87
30 23 8.88
30 24 7.85
30 25 6.79
30 26 5.68
30 27 4.51
30 28 3.23
30 29 1.79
30 30 0.00
30 31 3.51
30 32 3.91
30 33 32.45
30 34 33.88
30 35 34.90
30 36 35.73
30 37 36.44
30 38 37.05
30 39 37.61
30 40 38.11
30 41 38.56
30 42 38.99
30 43 39.38
30 44 39.74
30 45 40.08
30 46 40.40
30 47 40.70
30 48 40.97
30 49 41.23
30 50 41.46
30 51 41.68
30 52 41.86
30 53 42.03
30 54 42.16
30 55 42.27
30 56 42.33
30 57 42.34
30 58 42.29
30 59 42.15
30 60 41.87
30 61 41.29
30 62 39.38
30 63 40.06
30 64 30.74
30 65 32.07
30 66 33.31
30 67 34.51
30 68 35.66
30 69 36.79
30 70 37.88
30 71 38.95
30 72 40.01
30 73 41.04
30 74 42.06
30 75 43.06
30 76 44.05
30 77 45.02
30 78 45.98
30 79 46.94
30 80 47.88
30 81 48.81
30 82 49.73
30 83 50.64
30 84 51.54
30 85 52.44
30 86 53.32
30 87 54.20
30 88 55.06
30 89 55.92
30 90 56.76
30 91 57.59
30 92 58.39
30 93 59.10
30 94 60.09
30 95 26.01
30 96 24.74
30 97 23.96
30 98 23.46
30 99 23.16
30 100 23.03
30 101 23.03
30 102 23.16
30 103 23.39
30 104 23.71
30 105 24.11
30 106 24.59
30 107 25.14
30 108 25.76
30 109 26.42
30 110 27.14
30 111 27.91
30 112 28.73
30 113 29.58
30 114 30.48
30 115 31.43
30 116 32.41
30 117 33.44
30 118 34.52
30 119 35.65
30 120 36.85
30 121 38.15
30 122 39.58
30 123 41.29
30 124 44.21
30 125 44.96
30 126 35.89
31 1 29.15
31 2 29.19
31 3 28.42
31 4 27.64
31 5 26.86
31 6 26.07
31 7 25.29
31 8 24.50
31 9 23.70
31 10 22.91
31 11 22.11
31 12 21.30
31 13 20.49
31 14 19.68
31 15 18.86
31 16 18.03
31 17 17.19
31 18 16.35
31 19 15.49
31 20 14.62
31 21 13.74
31 22 12.83
31 23 11.91
31 24 10.96
31 25 9.97
31 26 8.93
31 27 7.83
31 28 6.62
31 29 5.25
31 30 3.51
31 31 0.00
31 32 1.00
31 33 33.38
31 34 34.91
31 35 36.03
31 36 36.94
31 37 37.73
31 38 38.43
31 39 39.06
31 40 39.64
31 41 40.17
31 42 40.67
31 43 41.13
31 44 41.56
31 45 41.97
31 46 42.36
31 47 42.72
31 48 43.06
31 49 43.38
31 50 43.68
31 51 43.95
31 52 44.20
31 53 44.43
31 54 44.62
31 55 44.79
31 56 44.91
31 57 44.99
31 58 45.00
31 59 44.92
31 60 44.71
31 61 44.21
31 62 42.43
31 63 43.14
31 64 31.18
31 65 32.37
31 66 33.52
31 67 34.66
31 68 35.77
31 69 36.87
31 70 37.95
31 71 39.01
31 72 40.06
31 73 41.09
31 74 42.12
31 75 43.13
31 76 44.13
31 77 45.12
31 78 46.10
31 79 47.07
31 80 48.03
31 81 48.99
31 82 49.94
31 83 50.88
31 84 51.81
31 85 52.74
31 86 53.67
31 87 54.58
31 88 55.50
31 89 56.40
31 90 57.30
31 91 58.20
31 92 59.10
31 93 60.00
31 94 61.00
31 95 26.66
31 96 25.23
31 97 24.28
31 98 23.61
31 99 23.15
31 100 22.84
31 101 22.68
31 102 22.64
31 103 22.71
31 104 22.88
31 105 23.15
31 106 23.50
31 107 23.93
31 108 24.43
31 109 25.00
31 110 25.63
31 111 26.32
31 112 27.06
31 113 27.85
31 114 28.70
31 115 29.59
31 116 30.54
31 117 31.53
31 118 32.59
31 119 33.70
31 120 34.89
31 121 36.19
31 122 37.64
31 123 39.38
31 124 42.43
31 125 43.14
31 126 35.51
32 1 30.08
32 2 30.19
32 3 29.40
32 4 28.62
32 5 27.83
32 6 27.03
32 7 26.24
32 8 25.44
32 9 24.63
32 10 23.83
32 11 23.01
32 12 22.20
32 13 21.38
32 14 20.55
32 15 19.71
32 16 18.87
32 17 18.02
32 18 17.15
32 19 16.28
32 20 15.39
32 21 14.48
32 22 13.55
32 23 12.60
32 24 11.62
32 25 10.60
32 26 9.53
32 27 8.38
32 28 7.13
32 29 5.70
32 30 3.91
32 31 1.00
32 32 0.00
32 33 34.38
32 34 35.91
32 35 37.02
32 36 37.94
32 37 38.72
32 38 39.42
32 39 40.05
32 40 40.62
32 41 41.15
32 42 41.64
32 43 42.09
32 44 42.52
32 45 42.92
32 46 43.30
32 47 43.66
32 48 43.99
32 49 44.30
32 50 44.59
32 51 44.85
32 52 45.09
32 53 45.31
32 54 45.49
32 55 45.65
32 56 45.76
32 57 45.82
32 58 45.82
32 59 45.73
32 60 45.49
32 61 44.96
32 62 43.14
32 63 43.84
32 64 32.18
32 65 33.35
32 66 34.51
32 67 35.64
32 68 36.75
32 69 37.85
32 70 38.92
32 71 39.99
32 72 41.03
32 73 42.07
32 74 43.09
32 75 44.10
32 76 45.10
32 77 46.09
32 78 47.07
32 79 48.05
32 80 49.01
32 81 49.97
32 82 50.92
32 83 51.86
32 84 52.80
32 85 53.73
32 86 54.65
32 87 55.57
32 88 56.49
32 89 57.40
32 90 58.30
32 91 59.20
32 92 60.09
32 93 61.00
32 94 62.00
32 95 27.66
32 96 26.23
32 97 25.28
32 98 24.60
32 99 24.12
32 100 23.81
32 101 23.63
32 102 23.58
32 103 23.63
32 104 23.79
32 105 24.03
32 106 24.37
32 107 24.78
32 108 25.26
32 109 25.81
32 110 26.42
32 111 27.09
32 112 27.82
32 113 28.59
32 114 29.42
32 115 30.31
32 116 31.24
32 117 32.22
32 118 33.27
32 119 34.38
32 120 35.57
32 121 36.86
32 122 38.31
32 123 40.06
32 124 43.14
32 125 43.84
32 126 36.45
33 1 12.26
33 2 4.96
33 3 6.60
33 4 8.03
33 5 9.33
33 6 10.53
33 7 11.67
33 8 12.75
33 9 13.79
33 10 14.81
33 11 15.79
33 12 16.76
33 13 17.70
33 14 18.63
33 15 19.55
33 16 20.45
33 17 21.34
33 18 22.23
33 19 23.10
33 20 23.97
33 21 24.83
33 22 25.69
33 23 26.54
33 24 27.39
33 25 28.23
33 26 29.08
33 27 29.92
33 28 30.76
33 29 31.60
33 30 32.45
33 31 33.38
33 32 34.38
33 33 0.00
33 34 1.79
33 35 3.23
33 36 4.51
33 37 5.68
33 38 6.79
33 39 7.85
33 40 8.88
33 41 9.87
33 42 10.85
33 43 11.80
33 44 12.74
33 45 13.67
33 46 14.59
33 47 15.49
33 48 16.39
33 49 17.29
33 50 18.18
33 51 19.06
33 52 19.94
33 53 20.82
33 54 21.70
33 55 22.58
33 56 23.45
33 57 24.34
33 58 25.23
33 59 26.12
33 60 27.04
33 61 28.00
33 62 29.19
33 63 30.19
33 64 4.96
33 65 6.01
33 66 6.91
33 67 7.75
33 68 8.56
33 69 9.34
33 70 10.11
33 71 10.86
33 72 11.61
33 73 12.35
33 74 13.09
33 75 13.82
33 76 14.56
33 77 15.29
33 78 16.01
33 79 16.74
33 80 17.46
33 81 18.19
33 82 18.91
33 83 19.63
33 84 20.35
33 85 21.07
33 86 21.78
33 87 22.50
33 88 23.21
33 89 23.92
33 90 24.62
33 91 25.32
33 92 26.01
33 93 26.66
33 94 27.66
33 95 7.02
33 96 8.74
33 97 10.09
33 98 11.26
33 99 12.32
33 100 13.31
33 101 14.25
33 102 15.15
33 103 16.02
33 104 16.86
33 105 17.69
33 106 18.50
33 107 19.29
33 108 20.07
33 109 20.85
33 110 21.61
33 111 22.36
33 112 23.11
33 113 23.85
33 114 24.58
33 115 25.31
33 116 26.03
33 117 26.74
33 118 27.44
33 119 28.14
33 120 28.82
33 121 29.49
33 122 30.14
33 123 30.74
33 124 31.18
33 125 32.18
33 126 13.14
34 1 12.34
34 2 6.01
34 3 7.42
34 4 8.77
34 5 10.03
34 6 11.23
34 7 12.38
34 8 13.48
34 9 14.55
34 10 15.59
34 11 16.60
34 12 17.59
34 13 18.57
34 14 19.52
34 15 20.47
34 16 21.40
34 17 22.32
34 18 23.24
34 19 24.14
34 20 25.04
34 21 25.93
34 22 26.82
34 23 27.70
34 24 28.58
34 25 29.46
34 26 30.34
34 27 31.21
34 28 32.09
34 29 32.97
34 30 33.88
34 31 34.91
34 32 35.91
34 33 1.79
34 34 0.00
34 35 1.45
34 36 2.74
34 37 3.94
34 38 5.07
34 39 6.15
34 40 7.20
34 41 8.21
34 42 9.21
34 43 10.19
34 44 11.15
34 45 12.11
34 46 13.05
34 47 13.98
34 48 14.91
34 49 15.83
34 50 16.75
34 51 17.66
34 52 18.57
34 53 19.48
34 54 20.39
34 55 21.30
34 56 22.22
34 57 23.14
34 58 24.07
34 59 25.02
34 60 26.00
34 61 27.04
34 62 28.42
34 63 29.40
34 64 6.60
34 65 7.42
34 66 8.12
34 67 8.77
34 68 9.40
34 69 10.03
34 70 10.65
34 71 11.27
34 72 11.90
34 73 12.52
34 74 13.16
34 75 13.79
34 76 14.43
34 77 15.07
34 78 15.72
34 79 16.36
34 80 17.01
34 81 17.66
34 82 18.32
34 83 18.97
34 84 19.62
34 85 20.28
34 86 20.93
34 87 21.58
34 88 22.23
34 89 22.88
34 90 23.52
34 91 24.14
34 92 24.74
34 93 25.23
34 94 26.23
34 95 8.74
34 96 10.49
34 97 11.86
34 98 13.04
34 99 14.11
34 100 15.10
34 101 16.04
34 102 16.94
34 103 17.80
34 104 18.64
34 105 19.46
34 106 20.26
34 107 21.04
34 108 21.81
34 109 22.57
34 110 23.32
34 111 24.06
34 112 24.79
34 113 25.51
34 114 26.22
34 115 26.93
34 116 27.62
34 117 28.31
34 118 28.98
34 119 29.65
34 120 30.30
34 121 30.93
34 122 31.53
34 123 32.07
34 124 32.37
34 125 33.35
34 126 14.22
35 1 12.35
35 2 6.91
35 3 8.12
35 4 9.36
35 5 10.58
35 6 11.76
35 7 12.89
35 8 14.00
35 9 15.07
35 10 16.12
35 11 17.15
35 12 18.16
35 13 19.15
35 14 20.13
35 15 21.09
35 16 22.04
35 17 22.99
35 18 23.92
35 19 24.85
35 20 25.77
35 21 26.69
35 22 27.60
35 23 28.50
35 24 29.41
35 25 30.31
35 26 31.21
35 27 32.12
35 28 33.03
35 29 33.95
35 30 34.90
35 31 36.03
35 32 37.02
35 33 3.23
35 34 1.45
35 35 0.00
35 36 1.30
35 37 2.50
35 38 3.64
35 39 4.73
35 40 5.79
35 41 6.82
35 42 7.83
35 43 8.83
35 44 9.81
35 45 10.77
35 46 11.73
35 47 12.68
35 48 13.62
35 49 14.56
35 50 15.50
35 51 16.43
35 52 17.36
35 53 18.29
35 54 19.22
35 55 20.16
35 56 21.10
35 57 22.05
35 58 23.01
35 59 24.00
35 60 25.02
35 61 26.12
35 62 27.64
35 63 28.62
35 64 8.03
35 65 8.77
35 66 9.36
35 67 9.91
35 68 10.44
35 69 10.96
35 70 11.48
35 71 12.01
35 72 12.54
35 73 13.08
35 74 13.62
35 75 14.17
35 76 14.73
35 77 15.30
35 78 15.87
35 79 16.44
35 80 17.02
35 81 17.61
35 82 18.20
35 83 18.79
35 84 19.38
35 85 19.97
35 86 20.57
35 87 21.16
35 88 21.74
35 89 22.33
35 90 22.90
35 91 23.45
35 92 23.96
35 93 24.28
35 94 25.28
35 95 10.09
35 96 11.86
35 97 13.24
35 98 14.44
35 99 15.52
35 100 16.53
35 101 17.48
35 102 18.38
35 103 19.25
35 104 20.09
35 105 20.91
35 106 21.71
35 107 22.49
35 108 23.26
35 109 24.02
35 110 24.76
35 111 25.50
35 112 26.22
35 113 26.93
35 114 27.64
35 115 28.33
35 116 29.01
35 117 29.69
35 118 30.35
35 119 31.00
35 120 31.63
35 121 32.24
35 122 32.81
35 123 33.31
35 124 33.52
35 125 34.51
35 126 15.35
36 1 12.34
36 2 7.75
36 3 8.77
36 4 9.91
36 5 11.07
36 6 12.21
36 7 13.33
36 8 14.42
36 9 15.50
36 10 16.55
36 11 17.58
36 12 18.60
36 13 19.60
36 14 20.59
36 15 21.57
36 16 22.54
36 17 23.50
36 18 24.45
36 19 25.40
36 20 26.34
36 21 27.27
36 22 28.20
36 23 29.13
36 24 30.06
36 25 30.98
36 26 31.91
36 27 32.84
36 28 33.78
36 29 34.74
36 30 35.73
36 31 36.94
36 32 37.94
36 33 4.51
36 34 2.74
36 35 1.30
36 36 0.00
36 37 1.20
36 38 2.35
36 39 3.45
36 40 4.52
36 41 5.56
36 42 6.58
36 43 7.58
36 44 8.57
36 45 9.55
36 46 10.51
36 47 11.48
36 48 12.43
36 49 13.38
36 50 14.33
36 51 15.28
36 52 16.22
36 53 17.17
36 54 18.12
36 55 19.08
36 56 20.04
36 57 21.01
36 58 22.00
36 59 23.01
36 60 24.07
36 61 25.23
36 62 26.86
36 63 27.83
36 64 9.33
36 65 10.03
36 66 10.58
36 67 11.07
36 68 11.53
36 69 11.98
36 70 12.43
36 71 12.89
36 72 13.34
36 73 13.81
36 74 14.29
36 75 14.77
36 76 15.26
36 77 15.76
36 78 16.26
36 79 16.77
36 80 17.29
36 81 17.81
36 82 18.34
36 83 18.87
36 84 19.41
36 85 19.94
36 86 20.48
36 87 21.01
36 88 21.54
36 89 22.06
36 90 22.56
36 91 23.04
36 92 23.46
36 93 23.61
36 94 24.60
36 95 11.26
36 96 13.04
36 97 14.44
36 98 15.65
36 99 16.75
36 100 17.77
36 101 18.73
36 102 19.64
36 103 20.52
36 104 21.37
36 105 22.19
36 106 23.00
36 107 23.79
36 108 24.56
36 109 25.31
36 110 26.06
36 111 26.79
36 112 27.51
36 113 28.22
36 114 28.92
36 115 29.61
36 116 30.29
36 117 30.96
36 118 31.62
36 119 32.26
36 120 32.88
36 121 33.47
36 122 34.03
36 123 34.51
36 124 34.66
36 125 35.64
36 126 16.49
37 1 12.34
37 2 8.56
37 3 9.40
37 4 10.44
37 5 11.53
37 6 12.63
37 7 13.72
37 8 14.80
37 9 15.87
37 10 16.92
37 11 17.95
37 12 18.97
37 13 19.98
37 14 20.98
37 15 21.97
37 16 22.95
37 17 23.92
37 18 24.89
37 19 25.85
37 20 26.80
37 21 27.75
37 22 28.70
37 23 29.65
37 24 30.59
37 25 31.54
37 26 32.49
37 27 33.44
37 28 34.41
37 29 35.40
37 30 36.44
37 31 37.73
37 32 38.72
37 33 5.68
37 34 3.94
37 35 2.50
37 36 1.20
37 37 0.00
37 38 1.15
37 39 2.25
37 40 3.32
37 41 4.37
37 42 5.39
37 43 6.40
37 44 7.40
37 45 8.38
37 46 9.36
37 47 10.33
37 48 11.30
37 49 12.26
37 50 13.22
37 51 14.18
37 52 15.14
37 53 16.10
37 54 17.06
37 55 18.03
37 56 19.01
37 57 20.00
37 58 21.01
37 59 22.05
37 60 23.14
37 61 24.34
37 62 26.07
37 63 27.03
37 64 10.53
37 65 11.23
37 66 11.76
37 67 12.21
37 68 12.63
37 69 13.03
37 70 13.43
37 71 13.84
37 72 14.24
37 73 14.65
37 74 15.07
37 75 15.49
37 76 15.93
37 77 16.37
37 78 16.82
37 79 17.27
37 80 17.73
37 81 18.20
37 82 18.67
37 83 19.15
37 84 19.63
37 85 20.11
37 86 20.58
37 87 21.06
37 88 21.53
37 89 21.99
37 90 22.43
37 91 22.84
37 92 23.16
37 93 23.15
37 94 24.12
37 95 12.32
37 96 14.11
37 97 15.52
37 98 16.75
37 99 17.86
37 100 18.89
37 101 19.86
37 102 20.79
37 103 21.68
37 104 22.53
37 105 23.37
37 106 24.18
37 107 24.97
37 108 25.75
37 109 26.51
37 110 27.26
37 111 27.99
37 112 28.72
37 113 29.43
37 114 30.13
37 115 30.82
37 116 31.50
37 117 32.16
37 118 32.82
37 119 33.45
37 120 34.07
37 121 34.65
37 122 35.20
37 123 35.66
37 124 35.77
37 125 36.75
37 126 17.61
38 1 12.36
38 2 9.34
38 3 10.03
38 4 10.96
38 5 11.98
38 6 13.03
38 7 14.10
38 8 15.15
38 9 16.21
38 10 17.25
38 11 18.28
38 12 19.30
38 13 20.32
38 14 21.32
38 15 22.32
38 16 23.30
38 17 24.29
38 18 25.26
38 19 26.23
38 20 27.20
38 21 28.17
38 22 29.13
38 23 30.09
38 24 31.05
38 25 32.02
38 26 32.99
38 27 33.97
38 28 34.96
38 29 35.98
38 30 37.05
38 31 38.43
38 32 39.42
38 33 6.79
38 34 5.07
38 35 3.64
38 36 2.35
38 37 1.15
38 38 0.00
38 39 1.10
38 40 2.18
38 41 3.23
38 42 4.26
38 43 5.27
38 44 6.27
38 45 7.27
38 46 8.25
38 47 9.23
38 48 10.20
38 49 11.17
38 50 12.14
38 51 13.11
38 52 14.08
38 53 15.05
38 54 16.02
38 55 17.01
38 56 18.00
38 57 19.01
38 58 20.04
38 59 21.10
38 60 22.22
38 61 23.45
38 62 25.29
38 63 26.24
38 64 11.67
38 65 12.38
38 66 12.89
38 67 13.33
38 68 13.72
38 69 14.10
38 70 14.46
38 71 14.82
38 72 15.18
38 73 15.55
38 74 15.92
38 75 16.30
38 76 16.69
38 77 17.08
38 78 17.48
38 79 17.89
38 80 18.30
38 81 18.72
38 82 19.14
38 83 19.56
38 84 19.99
38 85 20.42
38 86 20.84
38 87 21.26
38 88 21.68
38 89 22.08
38 90 22.46
38 91 22.79
38 92 23.03
38 93 22.84
38 94 23.81
38 95 13.31
38 96 15.10
38 97 16.53
38 98 17.77
38 99 18.89
38 100 19.93
38 101 20.92
38 102 21.85
38 103 22.75
38 104 23.62
38 105 24.46
38 106 25.28
38 107 26.08
38 108 26.86
38 109 27.63
38 110 28.38
38 111 29.12
38 112 29.85
38 113 30.57
38 114 31.27
38 115 31.96
38 116 32.64
38 117 33.31
38 118 33.96
38 119 34.60
38 120 35.21
38 121 35.79
38 122 36.33
38 123 36.79
38 124 36.87
38 125 37.85
38 126 18.71
39 1 12.39
39 2 10.11
39 3 10.65
39 4 11.48
39 5 12.43
39 6 13.43
39 7 14.46
39 8 15.50
39 9 16.53
39 10 17.56
39 11 18.59
39 12 19.61
39 13 20.62
39 14 21.63
39 15 22.63
39 16 23.62
39 17 24.61
39 18 25.59
39 19 26.58
39 20 27.55
39 21 28.53
39 22 29.51
39 23 30.48
39 24 31.46
39 25 32.44
39 26 33.43
39 27 34.43
39 28 35.45
39 29 36.49
39 30 37.61
39 31 39.06
39 32 40.05
39 33 7.85
39 34 6.15
39 35 4.73
39 36 3.45
39 37 2.25
39 38 1.10
39 39 0.00
39 40 1.07
39 41 2.13
39 42 3.16
39 43 4.18
39 44 5.18
39 45 6.18
39 46 7.17
39 47 8.15
39 48 9.13
39 49 10.11
39 50 11.08
39 51 12.06
39 52 13.04
39 53 14.02
39 54 15.01
39 55 16.00
39 56 17.01
39 57 18.03
39 58 19.08
39 59 20.16
39 60 21.30
39 61 22.58
39 62 24.50
39 63 25.44
39 64 12.75
39 65 13.48
39 66 14.00
39 67 14.42
39 68 14.80
39 69 15.15
39 70 15.50
39 71 15.83
39 72 16.16
39 73 16.49
39 74 16.83
39 75 17.17
39 76 17.52
39 77 17.87
39 78 18.23
39 79 18.59
39 80 18.96
39 81 19.33
39 82 19.71
39 83 20.08
39 84 20.47
39 85 20.84
39 86 21.22
39 87 21.59
39 88 21.95
39 89 22.30
39 90 22.61
39 91 22.88
39 92 23.03
39 93 22.68
39 94 23.63
39 95 14.25
39 96 16.04
39 97 17.48
39 98 18.73
39 99 19.86
39 100 20.92
39 101 21.91
39 102 22.86
39 103 23.77
39 104 24.65
39 105 25.50
39 106 26.33
39 107 27.13
39 108 27.92
39 109 28.70
39 110 29.46
39 111 30.20
39 112 30.94
39 113 31.66
39 114 32.36
39 115 33.06
39 116 33.74
39 117 34.41
39 118 35.07
39 119 35.70
39 120 36.31
39 121 36.90
39 122 37.43
39 123 37.88
39 124 37.95
39 125 38.92
39 126 19.80
40 1 12.45
40 2 10.86
40 3 11.27
40 4 12.01
40 5 12.89
40 6 13.84
40 7 14.82
40 8 15.83
40 9 16.84
40 10 17.86
40 11 18.88
40 12 19.89
40 13 20.90
40 14 21.91
40 15 22.91
40 16 23.91
40 17 24.90
40 18 25.89
40 19 26.88
40 20 27.87
40 21 28.86
40 22 29.84
40 23 30.83
40 24 31.82
40 25 32.82
40 26 33.83
40 27 34.85
40 28 35.88
40 29 36.96
40 30 38.11
40 31 39.64
40 32 40.62
40 33 8.88
40 34 7.20
40 35 5.79
40 36 4.52
40 37 3.32
40 38 2.18
40 39 1.07
40 40 0.00
40 41 1.05
40 42 2.09
40 43 3.11
40 44 4.12
40 45 5.12
40 46 6.11
40 47 7.10
40 48 8.08
40 49 9.07
40 50 10.05
40 51 11.03
40 52 12.01
40 53 13.00
40 54 14.00
40 55 15.01
40 56 16.02
40 57 17.06
40 58 18.12
40 59 19.22
40 60 20.39
40 61 21.70
40 62 23.70
40 63 24.63
40 64 13.79
40 65 14.55
40 66 15.07
40 67 15.50
40 68 15.87
40 69 16.21
40 70 16.53
40 71 16.84
40 72 17.15
40 73 17.46
40 74 17.77
40 75 18.08
40 76 18.39
40 77 18.71
40 78 19.03
40 79 19.36
40 80 19.69
40 81 20.02
40 82 20.36
40 83 20.70
40 84 21.03
40 85 21.37
40 86 21.70
40 87 22.02
40 88 22.34
40 89 22.63
40 90 22.89
40 91 23.09
40 92 23.16
40 93 22.64
40 94 23.58
40 95 15.15
40 96 16.94
40 97 18.38
40 98 19.64
40 99 20.79
40 100 21.85
40 101 22.86
40 102 23.82
40 103 24.74
40 104 25.63
40 105 26.49
40 106 27.32
40 107 28.14
40 108 28.94
40 109 29.72
40 110 30.49
40 111 31.24
40 112 31.98
40 113 32.70
40 114 33.42
40 115 34.12
40 116 34.80
40 117 35.48
40 118 36.13
40 119 36.77
40 120 37.39
40 121 37.97
40 122 38.51
40 123 38.95
40 124 39.01
40 125 39.99
40 126 20.87
41 1 12.54
41 2 11.61
41 3 11.90
41 4 12.54
41 5 13.34
41 6 14.24
41 7 15.18
41 8 16.16
41 9 17.15
41 10 18.15
41 11 19.15
41 12 20.16
41 13 21.16
41 14 22.17
41 15 23.17
41 16 24.17
41 17 25.17
41 18 26.16
41 19 27.16
41 20 28.16
41 21 29.15
41 22 30.15
41 23 31.15
41 24 32.15
41 25 33.17
41 26 34.19
41 27 35.22
41 28 36.28
41 29 37.38
41 30 38.56
41 31 40.17
41 32 41.15
41 33 9.87
41 34 8.21
41 35 6.82
41 36 5.56
41 37 4.37
41 38 3.23
41 39 2.13
41 40 1.05
41 41 0.00
41 42 1.04
41 43 2.06
41 44 3.07
41 45 4.07
41 46 5.07
41 47 6.06
41 48 7.05
41 49 8.04
41 50 9.02
41 51 10.01
41 52 11.00
41 53 12.00
41 54 13.00
41 55 14.02
41 56 15.05
41 57 16.10
41 58 17.17
41 59 18.29
41 60 19.48
41 61 20.82
41 62 22.91
41 63 23.83
41 64 14.81
41 65 15.59
41 66 16.12
41 67 16.55
41 68 16.92
41 69 17.25
41 70 17.56
41 71 17.86
41 72 18.15
41 73 18.44
41 74 18.72
41 75 19.01
41 76 19.30
41 77 19.59
41 78 19.88
41 79 20.18
41 80 20.47
41 81 20.77
41 82 21.08
41 83 21.38
41 84 21.68
41 85 21.97
41 86 22.26
41 87 22.54
41 88 22.81
41 89 23.05
41 90 23.25
41 91 23.39
41 92 23.39
41 93 22.71
41 94 23.63
41 95 16.02
41 96 17.80
41 97 19.25
41 98 20.52
41 99 21.68
41 100 22.75
41 101 23.77
41 102 24.74
41 103 25.67
41 104 26.56
41 105 27.44
41 106 28.28
41 107 29.11
41 108 29.91
41 109 30.70
41 110 31.48
41 111 32.24
41 112 32.98
41 113 33.71
41 114 34.43
41 115 35.14
41 116 35.83
41 117 36.51
41 118 37.17
41 119 37.81
41 120 38.43
41 121 39.02
41 122 39.56
41 123 40.01
41 124 40.06
41 125 41.03
41 126 21.92
42 1 12.66
42 2 12.35
42 3 12.52
42 4 13.08
42 5 13.81
42 6 14.65
42 7 15.55
42 8 16.49
42 9 17.46
42 10 18.44
42 11 19.43
42 12 20.42
42 13 21.42
42 14 22.42
42 15 23.42
42 16 24.42
42 17 25.42
42 18 26.42
42 19 27.42
42 20 28.42
42 21 29.42
42 22 30.43
42 23 31.44
42 24 32.46
42 25 33.48
42 26 34.52
42 27 35.57
42 28 36.65
42 29 37.77
42 30 38.99
42 31 40.67
42 32 41.64
42 33 10.85
42 34 9.21
42 35 7.83
42 36 6.58
42 37 5.39
42 38 4.26
42 39 3.16
42 40 2.09
42 41 1.04
42 42 0.00
42 43 1.02
42 44 2.04
42 45 3.04
42 46 4.04
42 47 5.03
42 48 6.03
42 49 7.02
42 50 8.01
42 51 9.00
42 52 10.00
42 53 11.00
42 54 12.01
42 55 13.04
42 56 14.08
42 57 15.14
42 58 16.22
42 59 17.36
42 60 18.57
42 61 19.94
42 62 22.11
42 63 23.01
42 64 15.79
42 65 16.60
42 66 17.15
42 67 17.58
42 68 17.95
42 69 18.28
42 70 18.59
42 71 18.88
42 72 19.15
42 73 19.43
42 74 19.69
42 75 19.96
42 76 20.23
42 77 20.50
42 78 20.76
42 79 21.03
42 80 21.30
42 81 21.57
42 82 21.85
42 83 22.11
42 84 22.38
42 85 22.64
42 86 22.89
42 87 23.13
42 88 23.36
42 89 23.55
42 90 23.71
42 91 23.79
42 92 23.71
42 93 22.88
42 94 23.79
42 95 16.86
42 96 18.64
42 97 20.09
42 98 21.37
42 99 22.53
42 100 23.62
42 101 24.65
42 102 25.63
42 103 26.56
42 104 27.47
42 105 28.35
42 106 29.21
42 107 30.04
42 108 30.86
42 109 31.65
42 110 32.44
42 111 33.20
42 112 33.96
42 113 34.70
42 114 35.42
42 115 36.13
42 116 36.83
42 117 37.52
42 118 38.18
42 119 38.83
42 120 39.45
42 121 40.05
42 122 40.59
42 123 41.04
42 124 41.09
42 125 42.07
42 126 22.95
43 1 12.80
43 2 13.09
43 3 13.16
43 4 13.62
43 5 14.29
43 6 15.07
43 7 15.92
43 8 16.83
43 9 17.77
43 10 18.72
43 11 19.69
43 12 20.68
43 13 21.66
43 14 22.66
43 15 23.65
43 16 24.65
43 17 25.65
43 18 26.65
43 19 27.66
43 20 28.66
43 21 29.67
43 22 30.69
43 23 31.71
43 24 32.73
43 25 33.77
43 26 34.82
43 27 35.89
43 28 36.98
43 29 38.13
43 30 39.38
43 31 41.13
43 32 42.09
43 33 11.80
43 34 10.19
43 35 8.83
43 36 7.58
43 37 6.40
43 38 5.27
43 39 4.18
43 40 3.11
43 41 2.06
43 42 1.02
43 43 0.00
43 44 1.01
43 45 2.02
43 46 3.02
43 47 4.02
43 48 5.01
43 49 6.01
43 50 7.00
43 51 8.00
43 52 9.00
43 53 10.01
43 54 11.03
43 55 12.06
43 56 13.11
43 57 14.18
43 58 15.28
43 59 16.43
43 60 17.66
43 61 19.06
43 62 21.30
43 63 22.20
43 64 16.76
43 65 17.59
43 66 18.16
43 67 18.60
43 68 18.97
43 69 19.30
43 70 19.61
43 71 19.89
43 72 20.16
43 73 20.42
43 74 20.68
43 75 20.93
43 76 21.18
43 77 21.43
43 78 21.68
43 79 21.92
43 80 22.17
43 81 22.41
43 82 22.66
43 83 22.90
43 84 23.14
43 85 23.36
43 86 23.58
43 87 23.79
43 88 23.97
43 89 24.13
43 90 24.24
43 91 24.26
43 92 24.11
43 93 23.15
43 94 24.03
43 95 17.69
43 96 19.46
43 97 20.91
43 98 22.19
43 99 23.37
43 100 24.46
43 101 25.50
43 102 26.49
43 103 27.44
43 104 28.35
43 105 29.24
43 106 30.11
43 107 30.95
43 108 31.77
43 109 32.58
43 110 33.37
43 111 34.14
43 112 34.90
43 113 35.65
43 114 36.38
43 115 37.10
43 116 37.81
43 117 38.50
43 118 39.17
43 119 39.82
43 120 40.45
43 121 41.05
43 122 41.60
43 123 42.06
43 124 42.12
43 125 43.09
43 126 23.98
44 1 12.97
44 2 13.82
44 3 13.79
44 4 14.17
44 5 14.77
44 6 15.49
44 7 16.30
44 8 17.17
44 9 18.08
44 10 19.01
44 11 19.96
44 12 20.93
44 13 21.91
44 14 22.89
44 15 23.88
44 16 24.87
44 17 25.87
44 18 26.88
44 19 27.88
44 20 28.89
44 21 29.91
44 22 30.93
44 23 31.95
44 24 32.99
44 25 34.03
44 26 35.10
44 27 36.18
44 28 37.30
44 29 38.46
44 30 39.74
44 31 41.56
44 32 42.52
44 33 12.74
44 34 11.15
44 35 9.81
44 36 8.57
44 37 7.40
44 38 6.27
44 39 5.18
44 40 4.12
44 41 3.07
44 42 2.04
44 43 1.01
44 44 0.00
44 45 1.01
44 46 2.01
44 47 3.01
44 48 4.00
44 49 5.00
44 50 6.00
44 51 7.00
44 52 8.01
44 53 9.02
44 54 10.05
44 55 11.08
44 56 12.14
44 57 13.22
44 58 14.33
44 59 15.50
44 60 16.75
44 61 18.18
44 62 20.49
44 63 21.38
44 64 17.70
44 65 18.57
44 66 19.15
44 67 19.60
44 68 19.98
44 69 20.32
44 70 20.62
44 71 20.90
44 72 21.16
44 73 21.42
44 74 21.66
44 75 21.91
44 76 22.14
44 77 22.38
44 78 22.61
44 79 22.84
44 80 23.06
44 81 23.29
44 82 23.51
44 83 23.72
44 84 23.93
44 85 24.14
44 86 24.33
44 87 24.50
44 88 24.65
44 89 24.77
44 90 24.83
44 91 24.81
44 92 24.59
44 93 23.50
44 94 24.37
44 95 18.50
44 96 20.26
44 97 21.71
44 98 23.00
44 99 24.18
44 100 25.28
44 101 26.33
44 102 27.32
44 103 28.28
44 104 29.21
44 105 30.11
44 106 30.98
44 107 31.83
44 108 32.66
44 109 33.48
44 110 34.28
44 111 35.06
44 112 35.83
44 113 36.58
44 114 37.32
44 115 38.05
44 116 38.76
44 117 39.46
44 118 40.14
44 119 40.80
44 120 41.44
44 121 42.04
44 122 42.60
44 123 43.06
44 124 43.13
44 125 44.10
44 126 24.98
45 1 13.17
45 2 14.56
45 3 14.43
45 4 14.73
45 5 15.26
45 6 15.93
45 7 16.69
45 8 17.52
45 9 18.39
45 10 19.30
45 11 20.23
45 12 21.18
45 13 22.14
45 14 23.12
45 15 24.10
45 16 25.09
45 17 26.08
45 18 27.09
45 19 28.09
45 20 29.10
45 21 30.12
45 22 31.15
45 23 32.18
45 24 33.22
45 25 34.28
45 26 35.36
45 27 36.45
45 28 37.59
45 29 38.77
45 30 40.08
45 31 41.97
45 32 42.92
45 33 13.67
45 34 12.11
45 35 10.77
45 36 9.55
45 37 8.38
45 38 7.27
45 39 6.18
45 40 5.12
45 41 4.07
45 42 3.04
45 43 2.02
45 44 1.01
45 45 0.00
45 46 1.00
45 47 2.00
45 48 3.00
45 49 4.00
45 50 5.00
45 51 6.01
45 52 7.02
45 53 8.04
45 54 9.07
45 55 10.11
45 56 11.17
45 57 12.26
45 58 13.38
45 59 14.56
45 60 15.83
45 61 17.29
45 62 19.68
45 63 20.55
45 64 18.63
45 65 19.52
45 66 20.13
45 67 20.59
45 68 20.98
45 69 21.32
45 70 21.63
45 71 21.91
45 72 22.17
45 73 22.42
45 74 22.66
45 75 22.89
45 76 23.12
45 77 23.34
45 78 23.56
45 79 23.77
45 80 23.98
45 81 24.19
45 82 24.39
45 83 24.58
45 84 24.77
45 85 24.95
45 86 25.11
45 87 25.26
45 88 25.37
45 89 25.46
45 90 25.48
45 91 25.42
45 92 25.14
45 93 23.93
45 94 24.78
45 95 19.29
45 96 21.04
45 97 22.49
45 98 23.79
45 99 24.97
45 100 26.08
45 101 27.13
45 102 28.14
45 103 29.11
45 104 30.04
45 105 30.95
45 106 31.83
45 107 32.69
45 108 33.53
45 109 34.36
45 110 35.16
45 111 35.95
45 112 36.73
45 113 37.49
45 114 38.24
45 115 38.98
45 116 39.70
45 117 40.40
45 118 41.09
45 119 41.76
45 120 42.40
45 121 43.01
45 122 43.58
45 123 44.05
45 124 44.13
45 125 45.10
45 126 25.98
46 1 13.40
46 2 15.29
46 3 15.07
46 4 15.30
46 5 15.76
46 6 16.37
46 7 17.08
46 8 17.87
46 9 18.71
46 10 19.59
46 11 20.50
46 12 21.43
46 13 22.38
46 14 23.34
46 15 24.31
46 16 25.30
46 17 26.29
46 18 27.29
46 19 28.29
46 20 29.30
46 21 30.33
46 22 31.35
46 23 32.39
46 24 33.44
46 25 34.51
46 26 35.59
46 27 36.70
46 28 37.85
46 29 39.06
46 30 40.40
46 31 42.36
46 32 43.30
46 33 14.59
46 34 13.05
46 35 11.73
46 36 10.51
46 37 9.36
46 38 8.25
46 39 7.17
46 40 6.11
46 41 5.07
46 42 4.04
46 43 3.02
46 44 2.01
46 45 1.00
46 46 0.00
46 47 1.00
46 48 2.00
46 49 3.00
46 50 4.00
46 51 5.01
46 52 6.03
46 53 7.05
46 54 8.08
46 55 9.13
46 56 10.20
46 57 11.30
46 58 12.43
46 59 13.62
46 60 14.91
46 61 16.39
46 62 18.86
46 63 19.71
46 64 19.55
46 65 20.47
46 66 21.09
46 67 21.57
46 68 21.97
46 69 22.32
46 70 22.63
46 71 22.91
46 72 23.17
46 73 23.42
46 74 23.65
46 75 23.88
46 76 24.10
46 77 24.31
46 78 24.52
46 79 24.72
46 80 24.92
46 81 25.11
46 82 25.30
46 83 25.47
46 84 25.64
46 85 25.80
46 86 25.94
46 87 26.05
46 88 26.15
46 89 26.20
46 90 26.19
46 91 26.08
46 92 25.76
46 93 24.43
46 94 25.26
46 95 20.07
46 96 21.81
46 97 23.26
46 98 24.56
46 99 25.75
46 100 26.86
46 101 27.92
46 102 28.94
46 103 29.91
46 104 30.86
46 105 31.77
46 106 32.66
46 107 33.53
46 108 34.38
46 109 35.21
46 110 36.03
46 111 36.83
46 112 37.62
46 113 38.39
46 114 39.14
46 115 39.88
46 116 40.61
46 117 41.33
46 118 42.02
46 119 42.70
46 120 43.35
46 121 43.97
46 122 44.54
46 123 45.02
46 124 45.12
46 125 46.09
46 126 26.97
47 1 13.65
47 2 16.01
47 3 15.72
47 4 15.87
47 5 16.26
47 6 16.82
47 7 17.48
47 8 18.23
47 9 19.03
47 10 19.88
47 11 20.76
47 12 21.68
47 13 22.61
47 14 23.56
47 15 24.52
47 16 25.50
47 17 26.48
47 18 27.48
47 19 28.48
47 20 29.49
47 21 30.52
47 22 31.55
47 23 32.59
47 24 33.65
47 25 34.72
47 26 35.82
47 27 36.94
47 28 38.10
47 29 39.33
47 30 40.70
47 31 42.72
47 32 43.66
47 33 15.49
47 34 13.98
47 35 12.68
47 36 11.48
47 37 10.33
47 38 9.23
47 39 8.15
47 40 7.10
47 41 6.06
47 42 5.03
47 43 4.02
47 44 3.01
47 45 2.00
47 46 1.00
47 47 0.00
47 48 1.00
47 49 2.00
47 50 3.01
47 51 4.02
47 52 5.03
47 53 6.06
47 54 7.10
47 55 8.15
47 56 9.23
47 57 10.33
47 58 11.48
47 59 12.68
47 60 13.98
47 61 15.49
47 62 18.03
47 63 18.87
47 64 20.45
47 65 21.40
47 66 22.04
47 67 22.54
47 68 22.95
47 69 23.30
47 70 23.62
47 71 23.91
47 72 24.17
47 73 24.42
47 74 24.65
47 75 24.87
47 76 25.09
47 77 25.30
47 78 25.50
47 79 25.69
47 80 25.87
47 81 26.05
47 82 26.22
47 83 26.39
47 84 26.54
47 85 26.67
47 86 26.79
47 87 26.89
47 88 26.96
47 89 26.98
47 90 26.94
47 91 26.80
47 92 26.42
47 93 25.00
47 94 25.81
47 95 20.85
47 96 22.57
47 97 24.02
47 98 25.31
47 99 26.51
47 100 27.63
47 101 28.70
47 102 29.72
47 103 30.70
47 104 31.65
47 105 32.58
47 106 33.48
47 107 34.36
47 108 35.21
47 109 36.06
47 110 36.88
47 111 37.69
47 112 38.48
47 113 39.26
47 114 40.03
47 115 40.78
47 116 41.51
47 117 42.23
47 118 42.94
47 119 43.62
47 120 44.28
47 121 44.91
47 122 45.49
47 123 45.98
47 124 46.10
47 125 47.07
47 126 27.94
48 1 13.93
48 2 16.74
48 3 16.36
48 4 16.44
48 5 16.77
48 6 17.27
48 7 17.89
48 8 18.59
48 9 19.36
48 10 20.18
48 11 21.03
48 12 21.92
48 13 22.84
48 14 23.77
48 15 24.72
48 16 25.69
48 17 26.67
48 18 27.66
48 19 28.66
48 20 29.67
48 21 30.69
48 22 31.73
48 23 32.77
48 24 33.83
48 25 34.92
48 26 36.02
48 27 37.15
48 28 38.33
48 29 39.58
48 30 40.97
48 31 43.06
48 32 43.99
48 33 16.39
48 34 14.91
48 35 13.62
48 36 12.43
48 37 11.30
48 38 10.20
48 39 9.13
48 40 8.08
48 41 7.05
48 42 6.03
48 43 5.01
48 44 4.00
48 45 3.00
48 46 2.00
48 47 1.00
48 48 0.00
48 49 1.00
48 50 2.01
48 51 3.02
48 52 4.04
48 53 5.07
48 54 6.11
48 55 7.17
48 56 8.25
48 57 9.36
48 58 10.51
48 59 11.73
48 60 13.05
48 61 14.59
48 62 17.19
48 63 18.02
48 64 21.34
48 65 22.32
48 66 22.99
48 67 23.50
48 68 23.92
48 69 24.29
48 70 24.61
48 71 24.90
48 72 25.17
48 73 25.42
48 74 25.65
48 75 25.87
48 76 26.08
48 77 26.29
48 78 26.48
48 79 26.67
48 80 26.84
48 81 27.01
48 82 27.17
48 83 27.32
48 84 27.46
48 85 27.58
48 86 27.68
48 87 27.76
48 88 27.81
48 89 27.81
48 90 27.74
48 91 27.56
48 92 27.14
48 93 25.63
48 94 26.42
48 95 21.61
48 96 23.32
48 97 24.76
48 98 26.06
48 99 27.26
48 100 28.38
48 101 29.46
48 102 30.49
48 103 31.48
48 104 32.44
48 105 33.37
48 106 34.28
48 107 35.16
48 108 36.03
48 109 36.88
48 110 37.71
48 111 38.53
48 112 39.33
48 113 40.12
48 114 40.89
48 115 41.65
48 116 42.40
48 117 43.13
48 118 43.84
48 119 44.53
48 120 45.20
48 121 45.84
48 122 46.43
48 123 46.94
48 124 47.07
48 125 48.05
48 126 28.91
49 1 14.23
49 2 17.46
49 3 17.01
49 4 17.02
49 5 17.29
49 6 17.73
49 7 18.30
49 8 18.96
49 9 19.69
49 10 20.47
49 11 21.30
49 12 22.17
49 13 23.06
49 14 23.98
49 15 24.92
49 16 25.87
49 17 26.84
49 18 27.83
49 19 28.82
49 20 29.83
49 21 30.86
49 22 31.89
49 23 32.94
49 24 34.01
49 25 35.09
49 26 36.21
49 27 37.35
49 28 38.54
49 29 39.81
49 30 41.23
49 31 43.38
49 32 44.30
49 33 17.29
49 34 15.83
49 35 14.56
49 36 13.38
49 37 12.26
49 38 11.17
49 39 10.11
49 40 9.07
49 41 8.04
49 42 7.02
49 43 6.01
49 44 5.00
49 45 4.00
49 46 3.00
49 47 2.00
49 48 1.00
49 49 0.00
49 50 1.01
49 51 2.02
49 52 3.04
49 53 4.07
49 54 5.12
49 55 6.18
49 56 7.27
49 57 8.38
49 58 9.55
49 59 10.77
49 60 12.11
49 61 13.67
49 62 16.35
49 63 17.15
49 64 22.23
49 65 23.24
49 66 23.92
49 67 24.45
49 68 24.89
49 69 25.26
49 70 25.59
49 71 25.89
49 72 26.16
49 73 26.42
49 74 26.65
49 75 26.88
49 76 27.09
49 77 27.29
49 78 27.48
49 79 27.66
49 80 27.83
49 81 27.99
49 82 28.14
49 83 28.28
49 84 28.40
49 85 28.51
49 86 28.60
49 87 28.66
49 88 28.69
49 89 28.67
49 90 28.58
49 91 28.37
49 92 27.91
49 93 26.32
49 94 27.09
49 95 22.36
49 96 24.06
49 97 25.50
49 98 26.79
49 99 27.99
49 100 29.12
49 101 30.20
49 102 31.24
49 103 32.24
49 104 33.20
49 105 34.14
49 106 35.06
49 107 35.95
49 108 36.83
49 109 37.69
49 110 38.53
49 111 39.35
49 112 40.16
49 113 40.96
49 114 41.74
49 115 42.51
49 116 43.26
49 117 44.00
49 118 44.72
49 119 45.43
49 120 46.11
49 121 46.75
49 122 47.36
49 123 47.88
49 124 48.03
49 125 49.01
49 126 29.87
50 1 14.55
50 2 18.19
50 3 17.66
50 4 17.61
50 5 17.81
50 6 18.20
50 7 18.72
50 8 19.33
50 9 20.02
50 10 20.77
50 11 21.57
50 12 22.41
50 13 23.29
50 14 24.19
50 15 25.11
50 16 26.05
50 17 27.01
50 18 27.99
50 19 28.98
50 20 29.99
50 21 31.01
50 22 32.04
50 23 33.09
50 24 34.16
50 25 35.25
50 26 36.37
50 27 37.53
50 28 38.73
50 29 40.02
50 30 41.46
50 31 43.68
50 32 44.59
50 33 18.18
50 34 16.75
50 35 15.50
50 36 14.33
50 37 13.22
50 38 12.14
50 39 11.08
50 40 10.05
50 41 9.02
50 42 8.01
50 43 7.00
50 44 6.00
50 45 5.00
50 46 4.00
50 47 3.01
50 48 2.01
50 49 1.01
50 50 0.00
50 51 1.01
50 52 2.04
50 53 3.07
50 54 4.12
50 55 5.18
50 56 6.27
50 57 7.40
50 58 8.57
50 59 9.81
50 60 11.15
50 61 12.74
50 62 15.49
50 63 16.28
50 64 23.10
50 65 24.14
50 66 24.85
50 67 25.40
50 68 25.85
50 69 26.23
50 70 26.58
50 71 26.88
50 72 27.16
50 73 27.42
50 74 27.66
50 75 27.88
50 76 28.09
50 77 28.29
50 78 28.48
50 79 28.66
50 80 28.82
50 81 28.98
50 82 29.12
50 83 29.25
50 84 29.37
50 85 29.47
50 86 29.54
50 87 29.59
50 88 29.60
50 89 29.56
50 90 29.45
50 91 29.22
50 92 28.73
50 93 27.06
50 94 27.82
50 95 23.11
50 96 24.79
50 97 26.22
50 98 27.51
50 99 28.72
50 100 29.85
50 101 30.94
50 102 31.98
50 103 32.98
50 104 33.96
50 105 34.90
50 106 35.83
50 107 36.73
50 108 37.62
50 109 38.48
50 110 39.33
50 111 40.16
50 112 40.98
50 113 41.79
50 114 42.58
50 115 43.36
50 116 44.12
50 117 44.87
50 118 45.60
50 119 46.31
50 120 47.00
50 121 47.66
50 122 48.28
50 123 48.81
50 124 48.99
50 125 49.97
50 126 30.82
51 1 14.89
51 2 18.91
51 3 18.32
51 4 18.20
51 5 18.34
51 6 18.67
51 7 19.14
51 8 19.71
51 9 20.36
51 10 21.08
51 11 21.85
51 12 22.66
51 13 23.51
51 14 24.39
51 15 25.30
51 16 26.22
51 17 27.17
51 18 28.14
51 19 29.12
51 20 30.12
51 21 31.14
51 22 32.18
51 23 33.23
51 24 34.30
51 25 35.40
51 26 36.52
51 27 37.69
51 28 38.90
51 29 40.20
51 30 41.68
51 31 43.95
51 32 44.85
51 33 19.06
51 34 17.66
51 35 16.43
51 36 15.28
51 37 14.18
51 38 13.11
51 39 12.06
51 40 11.03
51 41 10.01
51 42 9.00
51 43 8.00
51 44 7.00
51 45 6.01
51 46 5.01
51 47 4.02
51 48 3.02
51 49 2.02
51 50 1.01
51 51 0.00
51 52 1.02
51 53 2.06
51 54 3.11
51 55 4.18
51 56 5.27
51 57 6.40
51 58 7.58
51 59 8.83
51 60 10.19
51 61 11.80
51 62 14.62
51 63 15.39
51 64 23.97
51 65 25.04
51 66 25.77
51 67 26.34
51 68 26.80
51 69 27.20
51 70 27.55
51 71 27.87
51 72 28.16
51 73 28.42
51 74 28.66
51 75 28.89
51 76 29.10
51 77 29.30
51 78 29.49
51 79 29.67
51 80 29.83
51 81 29.99
51 82 30.12
51 83 30.25
51 84 30.36
51 85 30.45
51 86 30.51
51 87 30.55
51 88 30.55
51 89 30.49
51 90 30.36
51 91 30.10
51 92 29.58
51 93 27.85
51 94 28.59
51 95 23.85
51 96 25.51
51 97 26.93
51 98 28.22
51 99 29.43
51 100 30.57
51 101 31.66
51 102 32.70
51 103 33.71
51 104 34.70
51 105 35.65
51 106 36.58
51 107 37.49
51 108 38.39
51 109 39.26
51 110 40.12
51 111 40.96
51 112 41.79
51 113 42.60
51 114 43.40
51 115 44.19
51 116 44.96
51 117 45.72
51 118 46.46
51 119 47.18
51 120 47.88
51 121 48.55
51 122 49.18
51 123 49.73
51 124 49.94
51 125 50.92
51 126 31.77
52 1 15.25
52 2 19.63
52 3 18.97
52 4 18.79
52 5 18.87
52 6 19.15
52 7 19.56
52 8 20.08
52 9 20.70
52 10 21.38
52 11 22.11
52 12 22.90
52 13 23.72
52 14 24.58
52 15 25.47
52 16 26.39
52 17 27.32
52 18 28.28
52 19 29.25
52 20 30.25
52 21 31.26
52 22 32.29
52 23 33.35
52 24 34.42
52 25 35.52
52 26 36.65
52 27 37.82
52 28 39.05
52 29 40.37
52 30 41.86
52 31 44.20
52 32 45.09
52 33 19.94
52 34 18.57
52 35 17.36
52 36 16.22
52 37 15.14
52 38 14.08
52 39 13.04
52 40 12.01
52 41 11.00
52 42 10.00
52 43 9.00
52 44 8.01
52 45 7.02
52 46 6.03
52 47 5.03
52 48 4.04
52 49 3.04
52 50 2.04
52 51 1.02
52 52 0.00
52 53 1.04
52 54 2.09
52 55 3.16
52 56 4.26
52 57 5.39
52 58 6.58
52 59 7.83
52 60 9.21
52 61 10.85
52 62 13.74
52 63 14.48
52 64 24.83
52 65 25.93
52 66 26.69
52 67 27.27
52 68 27.75
52 69 28.17
52 70 28.53
52 71 28.86
52 72 29.15
52 73 29.42
52 74 29.67
52 75 29.91
52 76 30.12
52 77 30.33
52 78 30.52
52 79 30.69
52 80 30.86
52 81 31.01
52 82 31.14
52 83 31.26
52 84 31.37
52 85 31.45
52 86 31.51
52 87 31.53
52 88 31.52
52 89 31.45
52 90 31.31
52 91 31.03
52 92 30.48
52 93 28.70
52 94 29.42
52 95 24.58
52 96 26.22
52 97 27.64
52 98 28.92
52 99 30.13
52 100 31.27
52 101 32.36
52 102 33.42
52 103 34.43
52 104 35.42
52 105 36.38
52 106 37.32
52 107 38.24
52 108 39.14
52 109 40.03
52 110 40.89
52 111 41.74
52 112 42.58
52 113 43.40
52 114 44.21
52 115 45.01
52 116 45.79
52 117 46.56
52 118 47.31
52 119 48.04
52 120 48.75
52 121 49.43
52 122 50.08
52 123 50.64
52 124 50.88
52 125 51.86
52 126 32.71
53 1 15.62
53 2 20.35
53 3 19.62
53 4 19.38
53 5 19.41
53 6 19.63
53 7 19.99
53 8 20.47
53 9 21.03
53 10 21.68
53 11 22.38
53 12 23.14
53 13 23.93
53 14 24.77
53 15 25.64
53 16 26.54
53 17 27.46
53 18 28.40
53 19 29.37
53 20 30.36
53 21 31.37
53 22 32.39
53 23 33.44
53 24 34.52
53 25 35.62
53 26 36.76
53 27 37.94
53 28 39.17
53 29 40.51
53 30 42.03
53 31 44.43
53 32 45.31
53 33 20.82
53 34 19.48
53 35 18.29
53 36 17.17
53 37 16.10
53 38 15.05
53 39 14.02
53 40 13.00
53 41 12.00
53 42 11.00
53 43 10.01
53 44 9.02
53 45 8.04
53 46 7.05
53 47 6.06
53 48 5.07
53 49 4.07
53 50 3.07
53 51 2.06
53 52 1.04
53 53 0.00
53 54 1.05
53 55 2.13
53 56 3.23
53 57 4.37
53 58 5.56
53 59 6.82
53 60 8.21
53 61 9.87
53 62 12.83
53 63 13.55
53 64 25.69
53 65 26.82
53 66 27.60
53 67 28.20
53 68 28.70
53 69 29.13
53 70 29.51
53 71 29.84
53 72 30.15
53 73 30.43
53 74 30.69
53 75 30.93
53 76 31.15
53 77 31.35
53 78 31.55
53 79 31.73
53 80 31.89
53 81 32.04
53 82 32.18
53 83 32.29
53 84 32.39
53 85 32.47
53 86 32.53
53 87 32.54
53 88 32.52
53 89 32.45
53 90 32.29
53 91 31.99
53 92 31.43
53 93 29.59
53 94 30.31
53 95 25.31
53 96 26.93
53 97 28.33
53 98 29.61
53 99 30.82
53 100 31.96
53 101 33.06
53 102 34.12
53 103 35.14
53 104 36.13
53 105 37.10
53 106 38.05
53 107 38.98
53 108 39.88
53 109 40.78
53 110 41.65
53 111 42.51
53 112 43.36
53 113 44.19
53 114 45.01
53 115 45.81
53 116 46.60
53 117 47.38
53 118 48.14
53 119 48.89
53 120 49.61
53 121 50.30
53 122 50.96
53 123 51.54
53 124 51.81
53 125 52.80
53 126 33.64
54 1 16.01
54 2 21.07
54 3 20.28
54 4 19.97
54 5 19.94
54 6 20.11
54 7 20.42
54 8 20.84
54 9 21.37
54 10 21.97
54 11 22.64
54 12 23.36
54 13 24.14
54 14 24.95
54 15 25.80
54 16 26.67
54 17 27.58
54 18 28.51
54 19 29.47
54 20 30.45
54 21 31.45
54 22 32.47
54 23 33.52
54 24 34.59
54 25 35.70
54 26 36.84
54 27 38.02
54 28 39.27
54 29 40.62
54 30 42.16
54 31 44.62
54 32 45.49
54 33 21.70
54 34 20.39
54 35 19.22
54 36 18.12
54 37 17.06
54 38 16.02
54 39 15.01
54 40 14.00
54 41 13.00
54 42 12.01
54 43 11.03
54 44 10.05
54 45 9.07
54 46 8.08
54 47 7.10
54 48 6.11
54 49 5.12
54 50 4.12
54 51 3.11
54 52 2.09
54 53 1.05
54 54 0.00
54 55 1.07
54 56 2.18
54 57 3.32
54 58 4.52
54 59 5.79
54 60 7.20
54 61 8.88
54 62 11.91
54 63 12.60
54 64 26.54
54 65 27.70
54 66 28.50
54 67 29.13
54 68 29.65
54 69 30.09
54 70 30.48
54 71 30.83
54 72 31.15
54 73 31.44
54 74 31.71
54 75 31.95
54 76 32.18
54 77 32.39
54 78 32.59
54 79 32.77
54 80 32.94
54 81 33.09
54 82 33.23
54 83 33.35
54 84 33.44
54 85 33.52
54 86 33.57
54 87 33.58
54 88 33.56
54 89 33.47
54 90 33.30
54 91 33.00
54 92 32.41
54 93 30.54
54 94 31.24
54 95 26.03
54 96 27.62
54 97 29.01
54 98 30.29
54 99 31.50
54 100 32.64
54 101 33.74
54 102 34.80
54 103 35.83
54 104 36.83
54 105 37.81
54 106 38.76
54 107 39.70
54 108 40.61
54 109 41.51
54 110 42.40
54 111 43.26
54 112 44.12
54 113 44.96
54 114 45.79
54 115 46.60
54 116 47.41
54 117 48.19
54 118 48.97
54 119 49.72
54 120 50.46
54 121 51.16
54 122 51.84
54 123 52.44
54 124 52.74
54 125 53.73
54 126 34.58
55 1 16.41
55 2 21.78
55 3 20.93
55 4 20.57
55 5 20.48
55 6 20.58
55 7 20.84
55 8 21.22
55 9 21.70
55 10 22.26
55 11 22.89
55 12 23.58
55 13 24.33
55 14 25.11
55 15 25.94
55 16 26.79
55 17 27.68
55 18 28.60
55 19 29.54
55 20 30.51
55 21 31.51
55 22 32.53
55 23 33.57
55 24 34.64
55 25 35.75
55 26 36.89
55 27 38.08
55 28 39.34
55 29 40.70
55 30 42.27
55 31 44.79
55 32 45.65
55 33 22.58
55 34 21.30
55 35 20.16
55 36 19.08
55 37 18.03
55 38 17.01
55 39 16.00
55 40 15.01
55 41 14.02
55 42 13.04
55 43 12.06
55 44 11.08
55 45 10.11
55 46 9.13
55 47 8.15
55 48 7.17
55 49 6.18
55 50 5.18
55 51 4.18
55 52 3.16
55 53 2.13
55 54 1.07
55 55 0.00
55 56 1.10
55 57 2.25
55 58 3.45
55 59 4.73
55 60 6.15
55 61 7.85
55 62 10.96
55 63 11.62
55 64 27.39
55 65 28.58
55 66 29.41
55 67 30.06
55 68 30.59
55 69 31.05
55 70 31.46
55 71 31.82
55 72 32.15
55 73 32.46
55 74 32.73
55 75 32.99
55 76 33.22
55 77 33.44
55 78 33.65
55 79 33.83
55 80 34.01
55 81 34.16
55 82 34.30
55 83 34.42
55 84 34.52
55 85 34.59
55 86 34.64
55 87 34.65
55 88 34.62
55 89 34.53
55 90 34.35
55 91 34.04
55 92 33.44
55 93 31.53
55 94 32.22
55 95 26.74
55 96 28.31
55 97 29.69
55 98 30.96
55 99 32.16
55 100 33.31
55 101 34.41
55 102 35.48
55 103 36.51
55 104 37.52
55 105 38.50
55 106 39.46
55 107 40.40
55 108 41.33
55 109 42.23
55 110 43.13
55 111 44.00
55 112 44.87
55 113 45.72
55 114 46.56
55 115 47.38
55 116 48.19
55 117 48.99
55 118 49.78
55 119 50.54
55 120 51.29
55 121 52.01
55 122 52.70
55 123 53.32
55 124 53.67
55 125 54.65
55 126 35.51
56 1 16.82
56 2 22.50
56 3 21.58
56 4 21.16
56 5 21.01
56 6 21.06
56 7 21.26
56 8 21.59
56 9 22.02
56 10 22.54
56 11 23.13
56 12 23.79
56 13 24.50
56 14 25.26
56 15 26.05
56 16 26.89
56 17 27.76
56 18 28.66
56 19 29.59
56 20 30.55
56 21 31.53
56 22 32.54
56 23 33.58
56 24 34.65
56 25 35.76
56 26 36.90
56 27 38.10
56 28 39.37
56 29 40.74
56 30 42.33
56 31 44.91
56 32 45.76
56 33 23.45
56 34 22.22
56 35 21.10
56 36 20.04
56 37 19.01
56 38 18.00
56 39 17.01
56 40 16.02
56 41 15.05
56 42 14.08
56 43 13.11
56 44 12.14
56 45 11.17
56 46 10.20
56 47 9.23
56 48 8.25
56 49 7.27
56 50 6.27
56 51 5.27
56 52 4.26
56 53 3.23
56 54 2.18
56 55 1.10
56 56 0.00
56 57 1.15
56 58 2.35
56 59 3.64
56 60 5.07
56 61 6.79
56 62 9.97
56 63 10.60
56 64 28.23
56 65 29.46
56 66 30.31
56 67 30.98
56 68 31.54
56 69 32.02
56 70 32.44
56 71 32.82
56 72 33.17
56 73 33.48
56 74 33.77
56 75 34.03
56 76 34.28
56 77 34.51
56 78 34.72
56 79 34.92
56 80 35.09
56 81 35.25
56 82 35.40
56 83 35.52
56 84 35.62
56 85 35.70
56 86 35.75
56 87 35.76
56 88 35.73
56 89 35.63
56 90 35.45
56 91 35.13
56 92 34.52
56 93 32.59
56 94 33.27
56 95 27.44
56 96 28.98
56 97 30.35
56 98 31.62
56 99 32.82
56 100 33.96
56 101 35.07
56 102 36.13
56 103 37.17
56 104 38.18
56 105 39.17
56 106 40.14
56 107 41.09
56 108 42.02
56 109 42.94
56 110 43.84
56 111 44.72
56 112 45.60
56 113 46.46
56 114 47.31
56 115 48.14
56 116 48.97
56 117 49.78
56 118 50.57
56 119 51.35
56 120 52.11
56 121 52.85
56 122 53.55
56 123 54.20
56 124 54.58
56 125 55.57
56 126 36.43
57 1 17.23
57 2 23.21
57 3 22.23
57 4 21.74
57 5 21.54
57 6 21.53
57 7 21.68
57 8 21.95
57 9 22.34
57 10 22.81
57 11 23.36
57 12 23.97
57 13 24.65
57 14 25.37
57 15 26.15
57 16 26.96
57 17 27.81
57 18 28.69
57 19 29.60
57 20 30.55
57 21 31.52
57 22 32.52
57 23 33.56
57 24 34.62
57 25 35.73
57 26 36.87
57 27 38.07
57 28 39.34
57 29 40.73
57 30 42.34
57 31 44.99
57 32 45.82
57 33 24.34
57 34 23.14
57 35 22.05
57 36 21.01
57 37 20.00
57 38 19.01
57 39 18.03
57 40 17.06
57 41 16.10
57 42 15.14
57 43 14.18
57 44 13.22
57 45 12.26
57 46 11.30
57 47 10.33
57 48 9.36
57 49 8.38
57 50 7.40
57 51 6.40
57 52 5.39
57 53 4.37
57 54 3.32
57 55 2.25
57 56 1.15
57 57 0.00
57 58 1.20
57 59 2.50
57 60 3.94
57 61 5.68
57 62 8.93
57 63 9.53
57 64 29.08
57 65 30.34
57 66 31.21
57 67 31.91
57 68 32.49
57 69 32.99
57 70 33.43
57 71 33.83
57 72 34.19
57 73 34.52
57 74 34.82
57 75 35.10
57 76 35.36
57 77 35.59
57 78 35.82
57 79 36.02
57 80 36.21
57 81 36.37
57 82 36.52
57 83 36.65
57 84 36.76
57 85 36.84
57 86 36.89
57 87 36.90
57 88 36.87
57 89 36.78
57 90 36.60
57 91 36.27
57 92 35.65
57 93 33.70
57 94 34.38
57 95 28.14
57 96 29.65
57 97 31.00
57 98 32.26
57 99 33.45
57 100 34.60
57 101 35.70
57 102 36.77
57 103 37.81
57 104 38.83
57 105 39.82
57 106 40.80
57 107 41.76
57 108 42.70
57 109 43.62
57 110 44.53
57 111 45.43
57 112 46.31
57 113 47.18
57 114 48.04
57 115 48.89
57 116 49.72
57 117 50.54
57 118 51.35
57 119 52.14
57 120 52.92
57 121 53.67
57 122 54.40
57 123 55.06
57 124 55.50
57 125 56.49
57 126 37.36
58 1 17.65
58 2 23.92
58 3 22.88
58 4 22.33
58 5 22.06
58 6 21.99
58 7 22.08
58 8 22.30
58 9 22.63
58 10 23.05
58 11 23.55
58 12 24.13
58 13 24.77
58 14 25.46
58 15 26.20
58 16 26.98
58 17 27.81
58 18 28.67
58 19 29.56
58 20 30.49
58 21 31.45
58 22 32.45
58 23 33.47
58 24 34.53
58 25 35.63
58 26 36.78
58 27 37.98
58 28 39.26
58 29 40.66
58 30 42.29
58 31 45.00
58 32 45.82
58 33 25.23
58 34 24.07
58 35 23.01
58 36 22.00
58 37 21.01
58 38 20.04
58 39 19.08
58 40 18.12
58 41 17.17
58 42 16.22
58 43 15.28
58 44 14.33
58 45 13.38
58 46 12.43
58 47 11.48
58 48 10.51
58 49 9.55
58 50 8.57
58 51 7.58
58 52 6.58
58 53 5.56
58 54 4.52
58 55 3.45
58 56 2.35
58 57 1.20
58 58 0.00
58 59 1.30
58 60 2.74
58 61 4.51
58 62 7.83
58 63 8.38
58 64 29.92
58 65 31.21
58 66 32.12
58 67 32.84
58 68 33.44
58 69 33.97
58 70 34.43
58 71 34.85
58 72 35.22
58 73 35.57
58 74 35.89
58 75 36.18
58 76 36.45
58 77 36.70
58 78 36.94
58 79 37.15
58 80 37.35
58 81 37.53
58 82 37.69
58 83 37.82
58 84 37.94
58 85 38.02
58 86 38.08
58 87 38.10
58 88 38.07
58 89 37.98
58 90 37.80
58 91 37.47
58 92 36.85
58 93 34.89
58 94 35.57
58 95 28.82
58 96 30.30
58 97 31.63
58 98 32.88
58 99 34.07
58 100 35.21
58 101 36.31
58 102 37.39
58 103 38.43
58 104 39.45
58 105 40.45
58 106 41.44
58 107 42.40
58 108 43.35
58 109 44.28
58 110 45.20
58 111 46.11
58 112 47.00
58 113 47.88
58 114 48.75
58 115 49.61
58 116 50.46
58 117 51.29
58 118 52.11
58 119 52.92
58 120 53.71
58 121 54.48
58 122 55.23
58 123 55.92
58 124 56.40
58 125 57.40
58 126 38.29
59 1 18.06
59 2 24.62
59 3 23.52
59 4 22.90
59 5 22.56
59 6 22.43
59 7 22.46
59 8 22.61
59 9 22.89
59 10 23.25
59 11 23.71
59 12 24.24
59 13 24.83
59 14 25.48
59 15 26.19
59 16 26.94
59 17 27.74
59 18 28.58
59 19 29.45
59 20 30.36
59 21 31.31
59 22 32.29
59 23 33.30
59 24 34.35
59 25 35.45
59 26 36.60
59 27 37.80
59 28 39.09
59 29 40.50
59 30 42.15
59 31 44.92
59 32 45.73
59 33 26.12
59 34 25.02
59 35 24.00
59 36 23.01
59 37 22.05
59 38 21.10
59 39 20.16
59 40 19.22
59 41 18.29
59 42 17.36
59 43 16.43
59 44 15.50
59 45 14.56
59 46 13.62
59 47 12.68
59 48 11.73
59 49 10.77
59 50 9.81
59 51 8.83
59 52 7.83
59 53 6.82
59 54 5.79
59 55 4.73
59 56 3.64
59 57 2.50
59 58 1.30
59 59 0.00
59 60 1.45
59 61 3.23
59 62 6.62
59 63 7.13
59 64 30.76
59 65 32.09
59 66 33.03
59 67 33.78
59 68 34.41
59 69 34.96
59 70 35.45
59 71 35.88
59 72 36.28
59 73 36.65
59 74 36.98
59 75 37.30
59 76 37.59
59 77 37.85
59 78 38.10
59 79 38.33
59 80 38.54
59 81 38.73
59 82 38.90
59 83 39.05
59 84 39.17
59 85 39.27
59 86 39.34
59 87 39.37
59 88 39.34
59 89 39.26
59 90 39.09
59 91 38.77
59 92 38.15
59 93 36.19
59 94 36.86
59 95 29.49
59 96 30.93
59 97 32.24
59 98 33.47
59 99 34.65
59 100 35.79
59 101 36.90
59 102 37.97
59 103 39.02
59 104 40.05
59 105 41.05
59 106 42.04
59 107 43.01
59 108 43.97
59 109 44.91
59 110 45.84
59 111 46.75
59 112 47.66
59 113 48.55
59 114 49.43
59 115 50.30
59 116 51.16
59 117 52.01
59 118 52.85
59 119 53.67
59 120 54.48
59 121 55.28
59 122 56.04
59 123 56.76
59 124 57.30
59 125 58.30
59 126 39.23
60 1 18.45
60 2 25.32
60 3 24.14
60 4 23.45
60 5 23.04
60 6 22.84
60 7 22.79
60 8 22.88
60 9 23.09
60 10 23.39
60 11 23.79
60 12 24.26
60 13 24.81
60 14 25.42
60 15 26.08
60 16 26.80
60 17 27.56
60 18 28.37
60 19 29.22
60 20 30.10
60 21 31.03
60 22 31.99
60 23 33.00
60 24 34.04
60 25 35.13
60 26 36.27
60 27 37.47
60 28 38.77
60 29 40.19
60 30 41.87
60 31 44.71
60 32 45.49
60 33 27.04
60 34 26.00
60 35 25.02
60 36 24.07
60 37 23.14
60 38 22.22
60 39 21.30
60 40 20.39
60 41 19.48
60 42 18.57
60 43 17.66
60 44 16.75
60 45 15.83
60 46 14.91
60 47 13.98
60 48 13.05
60 49 12.11
60 50 11.15
60 51 10.19
60 52 9.21
60 53 8.21
60 54 7.20
60 55 6.15
60 56 5.07
60 57 3.94
60 58 2.74
60 59 1.45
60 60 0.00
60 61 1.79
60 62 5.25
60 63 5.70
60 64 31.60
60 65 32.97
60 66 33.95
60 67 34.74
60 68 35.40
60 69 35.98
60 70 36.49
60 71 36.96
60 72 37.38
60 73 37.77
60 74 38.13
60 75 38.46
60 76 38.77
60 77 39.06
60 78 39.33
60 79 39.58
60 80 39.81
60 81 40.02
60 82 40.20
60 83 40.37
60 84 40.51
60 85 40.62
60 86 40.70
60 87 40.74
60 88 40.73
60 89 40.66
60 90 40.50
60 91 40.19
60 92 39.58
60 93 37.64
60 94 38.31
60 95 30.14
60 96 31.53
60 97 32.81
60 98 34.03
60 99 35.20
60 100 36.33
60 101 37.43
60 102 38.51
60 103 39.56
60 104 40.59
60 105 41.60
60 106 42.60
60 107 43.58
60 108 44.54
60 109 45.49
60 110 46.43
60 111 47.36
60 112 48.28
60 113 49.18
60 114 50.08
60 115 50.96
60 116 51.84
60 117 52.70
60 118 53.55
60 119 54.40
60 120 55.23
60 121 56.04
60 122 56.83
60 123 57.59
60 124 58.20
60 125 59.20
60 126 40.17
61 1 18.78
61 2 26.01
61 3 24.74
61 4 23.96
61 5 23.46
61 6 23.16
61 7 23.03
61 8 23.03
61 9 23.16
61 10 23.39
61 11 23.71
61 12 24.11
61 13 24.59
61 14 25.14
61 15 25.76
61 16 26.42
61 17 27.14
61 18 27.91
61 19 28.73
61 20 29.58
61 21 30.48
61 22 31.43
61 23 32.41
61 24 33.44
61 25 34.52
61 26 35.65
61 27 36.85
61 28 38.15
61 29 39.58
61 30 41.29
61 31 44.21
61 32 44.96
61 33 28.00
61 34 27.04
61 35 26.12
61 36 25.23
61 37 24.34
61 38 23.45
61 39 22.58
61 40 21.70
61 41 20.82
61 42 19.94
61 43 19.06
61 44 18.18
61 45 17.29
61 46 16.39
61 47 15.49
61 48 14.59
61 49 13.67
61 50 12.74
61 51 11.80
61 52 10.85
61 53 9.87
61 54 8.88
61 55 7.85
61 56 6.79
61 57 5.68
61 58 4.51
61 59 3.23
61 60 1.79
61 61 0.00
61 62 3.51
61 63 3.91
61 64 32.45
61 65 33.88
61 66 34.90
61 67 35.73
61 68 36.44
61 69 37.05
61 70 37.61
61 71 38.11
61 72 38.56
61 73 38.99
61 74 39.38
61 75 39.74
61 76 40.08
61 77 40.40
61 78 40.70
61 79 40.97
61 80 41.23
61 81 41.46
61 82 41.68
61 83 41.86
61 84 42.03
61 85 42.16
61 86 42.27
61 87 42.33
61 88 42.34
61 89 42.29
61 90 42.15
61 91 41.87
61 92 41.29
61 93 39.38
61 94 40.06
61 95 30.74
61 96 32.07
61 97 33.31
61 98 34.51
61 99 35.66
61 100 36.79
61 101 37.88
61 102 38.95
61 103 40.01
61 104 41.04
61 105 42.06
61 106 43.06
61 107 44.05
61 108 45.02
61 109 45.98
61 110 46.94
61 111 47.88
61 112 48.81
61 113 49.73
61 114 50.64
61 115 51.54
61 116 52.44
61 117 53.32
61 118 54.20
61 119 55.06
61 120 55.92
61 121 56.76
61 122 57.59
61 123 58.39
61 124 59.10
61 125 60.09
61 126 41.14
62 1 18.88
62 2 26.66
62 3 25.23
62 4 24.28
62 5 23.61
62 6 23.15
62 7 22.84
62 8 22.68
62 9 22.64
62 10 22.71
62 11 22.88
62 12 23.15
62 13 23.50
62 14 23.93
62 15 24.43
62 16 25.00
62 17 25.63
62 18 26.32
62 19 27.06
62 20 27.85
62 21 28.70
62 22 29.59
62 23 30.54
62 24 31.53
62 25 32.59
62 26 33.70
62 27 34.89
62 28 36.19
62 29 37.64
62 30 39.38
62 31 42.43
62 32 43.14
62 33 29.19
62 34 28.42
62 35 27.64
62 36 26.86
62 37 26.07
62 38 25.29
62 39 24.50
62 40 23.70
62 41 22.91
62 42 22.11
62 43 21.30
62 44 20.49
62 45 19.68
62 46 18.86
62 47 18.03
62 48 17.19
62 49 16.35
62 50 15.49
62 51 14.62
62 52 13.74
62 53 12.83
62 54 11.91
62 55 10.96
62 56 9.97
62 57 8.93
62 58 7.83
62 59 6.62
62 60 5.25
62 61 3.51
62 62 0.00
62 63 1.00
62 64 33.38
62 65 34.91
62 66 36.03
62 67 36.94
62 68 37.73
62 69 38.43
62 70 39.06
62 71 39.64
62 72 40.17
62 73 40.67
62 74 41.13
62 75 41.56
62 76 41.97
62 77 42.36
62 78 42.72
62 79 43.06
62 80 43.38
62 81 43.68
62 82 43.95
62 83 44.20
62 84 44.43
62 85 44.62
62 86 44.79
62 87 44.91
62 88 44.99
62 89 45.00
62 90 44.92
62 91 44.71
62 92 44.21
62 93 42.43
62 94 43.14
62 95 31.18
62 96 32.37
62 97 33.52
62 98 34.66
62 99 35.77
62 100 36.87
62 101 37.95
62 102 39.01
62 103 40.06
62 104 41.09
62 105 42.12
62 106 43.13
62 107 44.13
62 108 45.12
62 109 46.10
62 110 47.07
62 111 48.03
62 112 48.99
62 113 49.94
62 114 50.88
62 115 51.81
62 116 52.74
62 117 53.67
62 118 54.58
62 119 55.50
62 120 56.40
62 121 57.30
62 122 58.20
62 123 59.10
62 124 60.00
62 125 61.00
62 126 42.28
63 1 19.87
63 2 27.66
63 3 26.23
63 4 25.28
63 5 24.60
63 6 24.12
63 7 23.81
63 8 23.63
63 9 23.58
63 10 23.63
63 11 23.79
63 12 24.03
63 13 24.37
63 14 24.78
63 15 25.26
63 16 25.81
63 17 26.42
63 18 27.09
63 19 27.82
63 20 28.59
63 21 29.42
63 22 30.31
63 23 31.24
63 24 32.22
63 25 33.27
63 26 34.38
63 27 35.57
63 28 36.86
63 29 38.31
63 30 40.06
63 31 43.14
63 32 43.84
63 33 30.19
63 34 29.40
63 35 28.62
63 36 27.83
63 37 27.03
63 38 26.24
63 39 25.44
63 40 24.63
63 41 23.83
63 42 23.01
63 43 22.20
63 44 21.38
63 45 20.55
63 46 19.71
63 47 18.87
63 48 18.02
63 49 17.15
63 50 16.28
63 51 15.39
63 52 14.48
63 53 13.55
63 54 12.60
63 55 11.62
63 56 10.60
63 57 9.53
63 58 8.38
63 59 7.13
63 60 5.70
63 61 3.91
63 62 1.00
63 63 0.00
63 64 34.38
63 65 35.91
63 66 37.02
63 67 37.94
63 68 38.72
63 69 39.42
63 70 40.05
63 71 40.62
63 72 41.15
63 73 41.64
63 74 42.09
63 75 42.52
63 76 42.92
63 77 43.30
63 78 43.66
63 79 43.99
63 80 44.30
63 81 44.59
63 82 44.85
63 83 45.09
63 84 45.31
63 85 45.49
63 86 45.65
63 87 45.76
63 88 45.82
63 89 45.82
63 90 45.73
63 91 45.49
63 92 44.96
63 93 43.14
63 94 43.84
63 95 32.18
63 96 33.35
63 97 34.51
63 98 35.64
63 99 36.75
63 100 37.85
63 101 38.92
63 102 39.99
63 103 41.03
63 104 42.07
63 105 43.09
63 106 44.10
63 107 45.10
63 108 46.09
63 109 47.07
63 110 48.05
63 111 49.01
63 112 49.97
63 113 50.92
63 114 51.86
63 115 52.80
63 116 53.73
63 117 54.65
63 118 55.57
63 119 56.49
63 120 57.40
63 121 58.30
63 122 59.20
63 123 60.09
63 124 61.00
63 125 62.00
63 126 43.28
64 1 15.32
64 2 7.02
64 3 8.74
64 4 10.09
64 5 11.26
64 6 12.32
64 7 13.31
64 8 14.25
64 9 15.15
64 10 16.02
64 11 16.86
64 12 17.69
64 13 18.50
64 14 19.29
64 15 20.07
64 16 20.85
64 17 21.61
64 18 22.36
64 19 23.11
64 20 23.85
64 21 24.58
64 22 25.31
64 23 26.03
64 24 26.74
64 25 27.44
64 26 28.14
64 27 28.82
64 28 29.49
64 29 30.14
64 30 30.74
64 31 31.18
64 32 32.18
64 33 4.96
64 34 6.60
64 35 8.03
64 36 9.33
64 37 10.53
64 38 11.67
64 39 12.75
64 40 13.79
64 41 14.81
64 42 15.79
64 43 16.76
64 44 17.70
64 45 18.63
64 46 19.55
64 47 20.45
64 48 21.34
64 49 22.23
64 50 23.10
64 51 23.97
64 52 24.83
64 53 25.69
64 54 26.54
64 55 27.39
64 56 28.23
64 57 29.08
64 58 29.92
64 59 30.76
64 60 31.60
64 61 32.45
64 62 33.38
64 63 34.38
64 64 0.00
64 65 1.79
64 66 3.23
64 67 4.51
64 68 5.68
64 69 6.79
64 70 7.85
64 71 8.88
64 72 9.87
64 73 10.85
64 74 11.80
64 75 12.74
64 76 13.67
64 77 14.59
64 78 15.49
64 79 16.39
64 80 17.29
64 81 18.18
64 82 19.06
64 83 19.94
64 84 20.82
64 85 21.70
64 86 22.58
64 87 23.45
64 88 24.34
64 89 25.23
64 90 26.12
64 91 27.04
64 92 28.00
64 93 29.19
64 94 30.19
64 95 4.96
64 96 6.01
64 97 6.91
64 98 7.75
64 99 8.56
64 100 9.34
64 101 10.11
64 102 10.86
64 103 11.61
64 104 12.35
64 105 13.09
64 106 13.82
64 107 14.56
64 108 15.29
64 109 16.01
64 110 16.74
64 111 17.46
64 112 18.19
64 113 18.91
64 114 19.63
64 115 20.35
64 116 21.07
64 117 21.78
64 118 22.50
64 119 23.21
64 120 23.92
64 121 24.62
64 122 25.32
64 123 26.01
64 124 26.66
64 125 27.66
64 126 9.10
65 1 17.04
65 2 8.74
65 3 10.49
65 4 11.86
65 5 13.04
65 6 14.11
65 7 15.10
65 8 16.04
65 9 16.94
65 10 17.80
65 11 18.64
65 12 19.46
65 13 20.26
65 14 21.04
65 15 21.81
65 16 22.57
65 17 23.32
65 18 24.06
65 19 24.79
65 20 25.51
65 21 26.22
65 22 26.93
65 23 27.62
65 24 28.31
65 25 28.98
65 26 29.65
65 27 30.30
65 28 30.93
65 29 31.53
65 30 32.07
65 31 32.37
65 32 33.35
65 33 6.01
65 34 7.42
65 35 8.77
65 36 10.03
65 37 11.23
65 38 12.38
65 39 13.48
65 40 14.55
65 41 15.59
65 42 16.60
65 43 17.59
65 44 18.57
65 45 19.52
65 46 20.47
65 47 21.40
65 48 22.32
65 49 23.24
65 50 24.14
65 51 25.04
65 52 25.93
65 53 26.82
65 54 27.70
65 55 28.58
65 56 29.46
65 57 30.34
65 58 31.21
65 59 32.09
65 60 32.97
65 61 33.88
65 62 34.91
65 63 35.91
65 64 1.79
65 65 0.00
65 66 1.45
65 67 2.74
65 68 3.94
65 69 5.07
65 70 6.15
65 71 7.20
65 72 8.21
65 73 9.21
65 74 10.19
65 75 11.15
65 76 12.11
65 77 13.05
65 78 13.98
65 79 14.91
65 80 15.83
65 81 16.75
65 82 17.66
65 83 18.57
65 84 19.48
65 85 20.39
65 86 21.30
65 87 22.22
65 88 23.14
65 89 24.07
65 90 25.02
65 91 26.00
65 92 27.04
65 93 28.42
65 94 29.40
65 95 6.60
65 96 7.42
65 97 8.12
65 98 8.77
65 99 9.40
65 100 10.03
65 101 10.65
65 102 11.27
65 103 11.90
65 104 12.52
65 105 13.16
65 106 13.79
65 107 14.43
65 108 15.07
65 109 15.72
65 110 16.36
65 111 17.01
65 112 17.66
65 113 18.32
65 114 18.97
65 115 19.62
65 116 20.28
65 117 20.93
65 118 21.58
65 119 22.23
65 120 22.88
65 121 23.52
65 122 24.14
65 123 24.74
65 124 25.23
65 125 26.23
65 126 7.42
66 1 18.35
66 2 10.09
66 3 11.86
66 4 13.24
66 5 14.44
66 6 15.52
66 7 16.53
66 8 17.48
66 9 18.38
66 10 19.25
66 11 20.09
66 12 20.91
66 13 21.71
66 14 22.49
66 15 23.26
66 16 24.02
66 17 24.76
66 18 25.50
66 19 26.22
66 20 26.93
66 21 27.64
66 22 28.33
66 23 29.01
66 24 29.69
66 25 30.35
66 26 31.00
66 27 31.63
66 28 32.24
66 29 32.81
66 30 33.31
66 31 33.52
66 32 34.51
66 33 6.91
66 34 8.12
66 35 9.36
66 36 10.58
66 37 11.76
66 38 12.89
66 39 14.00
66 40 15.07
66 41 16.12
66 42 17.15
66 43 18.16
66 44 19.15
66 45 20.13
66 46 21.09
66 47 22.04
66 48 22.99
66 49 23.92
66 50 24.85
66 51 25.77
66 52 26.69
66 53 27.60
66 54 28.50
66 55 29.41
66 56 30.31
66 57 31.21
66 58 32.12
66 59 33.03
66 60 33.95
66 61 34.90
66 62 36.03
66 63 37.02
66 64 3.23
66 65 1.45
66 66 0.00
66 67 1.30
66 68 2.50
66 69 3.64
66 70 4.73
66 71 5.79
66 72 6.82
66 73 7.83
66 74 8.83
66 75 9.81
66 76 10.77
66 77 11.73
66 78 12.68
66 79 13.62
66 80 14.56
66 81 15.50
66 82 16.43
66 83 17.36
66 84 18.29
66 85 19.22
66 86 20.16
66 87 21.10
66 88 22.05
66 89 23.01
66 90 24.00
66 91 25.02
66 92 26.12
66 93 27.64
66 94 28.62
66 95 8.03
66 96 8.77
66 97 9.36
66 98 9.91
66 99 10.44
66 100 10.96
66 101 11.48
66 102 12.01
66 103 12.54
66 104 13.08
66 105 13.62
66 106 14.17
66 107 14.73
66 108 15.30
66 109 15.87
66 110 16.44
66 111 17.02
66 112 17.61
66 113 18.20
66 114 18.79
66 115 19.38
66 116 19.97
66 117 20.57
66 118 21.16
66 119 21.74
66 120 22.33
66 121 22.90
66 122 23.45
66 123 23.96
66 124 24.28
66 125 25.28
66 126 6.25
67 1 19.48
67 2 11.26
67 3 13.04
67 4 14.44
67 5 15.65
67 6 16.75
67 7 17.77
67 8 18.73
67 9 19.64
67 10 20.52
67 11 21.37
67 12 22.19
67 13 23.00
67 14 23.79
67 15 24.56
67 16 25.31
67 17 26.06
67 18 26.79
67 19 27.51
67 20 28.22
67 21 28.92
67 22 29.61
67 23 30.29
67 24 30.96
67 25 31.62
67 26 32.26
67 27 32.88
67 28 33.47
67 29 34.03
67 30 34.51
67 31 34.66
67 32 35.64
67 33 7.75
67 34 8.77
67 35 9.91
67 36 11.07
67 37 12.21
67 38 13.33
67 39 14.42
67 40 15.50
67 41 16.55
67 42 17.58
67 43 18.60
67 44 19.60
67 45 20.59
67 46 21.57
67 47 22.54
67 48 23.50
67 49 24.45
67 50 25.40
67 51 26.34
67 52 27.27
67 53 28.20
67 54 29.13
67 55 30.06
67 56 30.98
67 57 31.91
67 58 32.84
67 59 33.78
67 60 34.74
67 61 35.73
67 62 36.94
67 63 37.94
67 64 4.51
67 65 2.74
67 66 1.30
67 67 0.00
67 68 1.20
67 69 2.35
67 70 3.45
67 71 4.52
67 72 5.56
67 73 6.58
67 74 7.58
67 75 8.57
67 76 9.55
67 77 10.51
67 78 11.48
67 79 12.43
67 80 13.38
67 81 14.33
67 82 15.28
67 83 16.22
67 84 17.17
67 85 18.12
67 86 19.08
67 87 20.04
67 88 21.01
67 89 22.00
67 90 23.01
67 91 24.07
67 92 25.23
67 93 26.86
67 94 27.83
67 95 9.33
67 96 10.03
67 97 10.58
67 98 11.07
67 99 11.53
67 100 11.98
67 101 12.43
67 102 12.89
67 103 13.34
67 104 13.81
67 105 14.29
67 106 14.77
67 107 15.26
67 108 15.76
67 109 16.26
67 110 16.77
67 111 17.29
67 112 17.81
67 113 18.34
67 114 18.87
67 115 19.41
67 116 19.94
67 117 20.48
67 118 21.01
67 119 21.54
67 120 22.06
67 121 22.56
67 122 23.04
67 123 23.46
67 124 23.61
67 125 24.60
67 126 5.45
68 1 20.48
68 2 12.32
68 3 14.11
68 4 15.52
68 5 16.75
68 6 17.86
68 7 18.89
68 8 19.86
68 9 20.79
68 10 21.68
68 11 22.53
68 12 23.37
68 13 24.18
68 14 24.97
68 15 25.75
68 16 26.51
68 17 27.26
68 18 27.99
68 19 28.72
68 20 29.43
68 21 30.13
68 22 30.82
68 23 31.50
68 24 32.16
68 25 32.82
68 26 33.45
68 27 34.07
68 28 34.65
68 29 35.20
68 30 35.66
68 31 35.77
68 32 36.75
68 33 8.56
68 34 9.40
68 35 10.44
68 36 11.53
68 37 12.63
68 38 13.72
68 39 14.80
68 40 15.87
68 41 16.92
68 42 17.95
68 43 18.97
68 44 19.98
68 45 20.98
68 46 21.97
68 47 22.95
68 48 23.92
68 49 24.89
68 50 25.85
68 51 26.80
68 52 27.75
68 53 28.70
68 54 29.65
68 55 30.59
68 56 31.54
68 57 32.49
68 58 33.44
68 59 34.41
68 60 35.40
68 61 36.44
68 62 37.73
68 63 38.72
68 64 5.68
68 65 3.94
68 66 2.50
68 67 1.20
68 68 0.00
68 69 1.15
68 70 2.25
68 71 3.32
68 72 4.37
68 73 5.39
68 74 6.40
68 75 7.40
68 76 8.38
68 77 9.36
68 78 10.33
68 79 11.30
68 80 12.26
68 81 13.22
68 82 14.18
68 83 15.14
68 84 16.10
68 85 17.06
68 86 18.03
68 87 19.01
68 88 20.00
68 89 21.01
68 90 22.05
68 91 23.14
68 92 24.34
68 93 26.07
68 94 27.03
68 95 10.53
68 96 11.23
68 97 11.76
68 98 12.21
68 99 12.63
68 100 13.03
68 101 13.43
68 102 13.84
68 103 14.24
68 104 14.65
68 105 15.07
68 106 15.49
68 107 15.93
68 108 16.37
68 109 16.82
68 110 17.27
68 111 17.73
68 112 18.20
68 113 18.67
68 114 19.15
68 115 19.63
68 116 20.11
68 117 20.58
68 118 21.06
68 119 21.53
68 120 21.99
68 121 22.43
68 122 22.84
68 123 23.16
68 124 23.15
68 125 24.12
68 126 5.02
69 1 21.40
69 2 13.31
69 3 15.10
69 4 16.53
69 5 17.77
69 6 18.89
69 7 19.93
69 8 20.92
69 9 21.85
69 10 22.75
69 11 23.62
69 12 24.46
69 13 25.28
69 14 26.08
69 15 26.86
69 16 27.63
69 17 28.38
69 18 29.12
69 19 29.85
69 20 30.57
69 21 31.27
69 22 31.96
69 23 32.64
69 24 33.31
69 25 33.96
69 26 34.60
69 27 35.21
69 28 35.79
69 29 36.33
69 30 36.79
69 31 36.87
69 32 37.85
69 33 9.34
69 34 10.03
69 35 10.96
69 36 11.98
69 37 13.03
69 38 14.10
69 39 15.15
69 40 16.21
69 41 17.25
69 42 18.28
69 43 19.30
69 44 20.32
69 45 21.32
69 46 22.32
69 47 23.30
69 48 24.29
69 49 25.26
69 50 26.23
69 51 27.20
69 52 28.17
69 53 29.13
69 54 30.09
69 55 31.05
69 56 32.02
69 57 32.99
69 58 33.97
69 59 34.96
69 60 35.98
69 61 37.05
69 62 38.43
69 63 39.42
69 64 6.79
69 65 5.07
69 66 3.64
69 67 2.35
69 68 1.15
69 69 0.00
69 70 1.10
69 71 2.18
69 72 3.23
69 73 4.26
69 74 5.27
69 75 6.27
69 76 7.27
69 77 8.25
69 78 9.23
69 79 10.20
69 80 11.17
69 81 12.14
69 82 13.11
69 83 14.08
69 84 15.05
69 85 16.02
69 86 17.01
69 87 18.00
69 88 19.01
69 89 20.04
69 90 21.10
69 91 22.22
69 92 23.45
69 93 25.29
69 94 26.24
69 95 11.67
69 96 12.38
69 97 12.89
69 98 13.33
69 99 13.72
69 100 14.10
69 101 14.46
69 102 14.82
69 103 15.18
69 104 15.55
69 105 15.92
69 106 16.30
69 107 16.69
69 108 17.08
69 109 17.48
69 110 17.89
69 111 18.30
69 112 18.72
69 113 19.14
69 114 19.56
69 115 19.99
69 116 20.42
69 117 20.84
69 118 21.26
69 119 21.68
69 120 22.08
69 121 22.46
69 122 22.79
69 123 23.03
69 124 22.84
69 125 23.81
69 126 4.94
70 1 22.27
70 2 14.25
70 3 16.04
70 4 17.48
70 5 18.73
70 6 19.86
70 7 20.92
70 8 21.91
70 9 22.86
70 10 23.77
70 11 24.65
70 12 25.50
70 13 26.33
70 14 27.13
70 15 27.92
70 16 28.70
70 17 29.46
70 18 30.20
70 19 30.94
70 20 31.66
70 21 32.36
70 22 33.06
70 23 33.74
70 24 34.41
70 25 35.07
70 26 35.70
70 27 36.31
70 28 36.90
70 29 37.43
70 30 37.88
70 31 37.95
70 32 38.92
70 33 10.11
70 34 10.65
70 35 11.48
70 36 12.43
70 37 13.43
70 38 14.46
70 39 15.50
70 40 16.53
70 41 17.56
70 42 18.59
70 43 19.61
70 44 20.62
70 45 21.63
70 46 22.63
70 47 23.62
70 48 24.61
70 49 25.59
70 50 26.58
70 51 27.55
70 52 28.53
70 53 29.51
70 54 30.48
70 55 31.46
70 56 32.44
70 57 33.43
70 58 34.43
70 59 35.45
70 60 36.49
70 61 37.61
70 62 39.06
70 63 40.05
70 64 7.85
70 65 6.15
70 66 4.73
70 67 3.45
70 68 2.25
70 69 1.10
70 70 0.00
70 71 1.07
70 72 2.13
70 73 3.16
70 74 4.18
70 75 5.18
70 76 6.18
70 77 7.17
70 78 8.15
70 79 9.13
70 80 10.11
70 81 11.08
70 82 12.06
70 83 13.04
70 84 14.02
70 85 15.01
70 86 16.00
70 87 17.01
70 88 18.03
70 89 19.08
70 90 20.16
70 91 21.30
70 92 22.58
70 93 24.50
70 94 25.44
70 95 12.75
70 96 13.48
70 97 14.00
70 98 14.42
70 99 14.80
70 100 15.15
70 101 15.50
70 102 15.83
70 103 16.16
70 104 16.49
70 105 16.83
70 106 17.17
70 107 17.52
70 108 17.87
70 109 18.23
70 110 18.59
70 111 18.96
70 112 19.33
70 113 19.71
70 114 20.08
70 115 20.47
70 116 20.84
70 117 21.22
70 118 21.59
70 119 21.95
70 120 22.30
70 121 22.61
70 122 22.88
70 123 23.03
70 124 22.68
70 125 23.63
70 126 5.19
71 1 23.08
71 2 15.15
71 3 16.94
71 4 18.38
71 5 19.64
71 6 20.79
71 7 21.85
71 8 22.86
71 9 23.82
71 10 24.74
71 11 25.63
71 12 26.49
71 13 27.32
71 14 28.14
71 15 28.94
71 16 29.72
71 17 30.49
71 18 31.24
71 19 31.98
71 20 32.70
71 21 33.42
71 22 34.12
71 23 34.80
71 24 35.48
71 25 36.13
71 26 36.77
71 27 37.39
71 28 37.97
71 29 38.51
71 30 38.95
71 31 39.01
71 32 39.99
71 33 10.86
71 34 11.27
71 35 12.01
71 36 12.89
71 37 13.84
71 38 14.82
71 39 15.83
71 40 16.84
71 41 17.86
71 42 18.88
71 43 19.89
71 44 20.90
71 45 21.91
71 46 22.91
71 47 23.91
71 48 24.90
71 49 25.89
71 50 26.88
71 51 27.87
71 52 28.86
71 53 29.84
71 54 30.83
71 55 31.82
71 56 32.82
71 57 33.83
71 58 34.85
71 59 35.88
71 60 36.96
71 61 38.11
71 62 39.64
71 63 40.62
71 64 8.88
71 65 7.20
71 66 5.79
71 67 4.52
71 68 3.32
71 69 2.18
71 70 1.07
71 71 0.00
71 72 1.05
71 73 2.09
71 74 3.11
71 75 4.12
71 76 5.12
71 77 6.11
71 78 7.10
71 79 8.08
71 80 9.07
71 81 10.05
71 82 11.03
71 83 12.01
71 84 13.00
71 85 14.00
71 86 15.01
71 87 16.02
71 88 17.06
71 89 18.12
71 90 19.22
71 91 20.39
71 92 21.70
71 93 23.70
71 94 24.63
71 95 13.79
71 96 14.55
71 97 15.07
71 98 15.50
71 99 15.87
71 100 16.21
71 101 16.53
71 102 16.84
71 103 17.15
71 104 17.46
71 105 17.77
71 106 18.08
71 107 18.39
71 108 18.71
71 109 19.03
71 110 19.36
71 111 19.69
71 112 20.02
71 113 20.36
71 114 20.70
71 115 21.03
71 116 21.37
71 117 21.70
71 118 22.02
71 119 22.34
71 120 22.63
71 121 22.89
71 122 23.09
71 123 23.16
71 124 22.64
71 125 23.58
71 126 5.70
72 1 23.87
72 2 16.02
72 3 17.80
72 4 19.25
72 5 20.52
72 6 21.68
72 7 22.75
72 8 23.77
72 9 24.74
72 10 25.67
72 11 26.56
72 12 27.44
72 13 28.28
72 14 29.11
72 15 29.91
72 16 30.70
72 17 31.48
72 18 32.24
72 19 32.98
72 20 33.71
72 21 34.43
72 22 35.14
72 23 35.83
72 24 36.51
72 25 37.17
72 26 37.81
72 27 38.43
72 28 39.02
72 29 39.56
72 30 40.01
72 31 40.06
72 32 41.03
72 33 11.61
72 34 11.90
72 35 12.54
72 36 13.34
72 37 14.24
72 38 15.18
72 39 16.16
72 40 17.15
72 41 18.15
72 42 19.15
72 43 20.16
72 44 21.16
72 45 22.17
72 46 23.17
72 47 24.17
72 48 25.17
72 49 26.16
72 50 27.16
72 51 28.16
72 52 29.15
72 53 30.15
72 54 31.15
72 55 32.15
72 56 33.17
72 57 34.19
72 58 35.22
72 59 36.28
72 60 37.38
72 61 38.56
72 62 40.17
72 63 41.15
72 64 9.87
72 65 8.21
72 66 6.82
72 67 5.56
72 68 4.37
72 69 3.23
72 70 2.13
72 71 1.05
72 72 0.00
72 73 1.04
72 74 2.06
72 75 3.07
72 76 4.07
72 77 5.07
72 78 6.06
72 79 7.05
72 80 8.04
72 81 9.02
72 82 10.01
72 83 11.00
72 84 12.00
72 85 13.00
72 86 14.02
72 87 15.05
72 88 16.10
72 89 17.17
72 90 18.29
72 91 19.48
72 92 20.82
72 93 22.91
72 94 23.83
72 95 14.81
72 96 15.59
72 97 16.12
72 98 16.55
72 99 16.92
72 100 17.25
72 101 17.56
72 102 17.86
72 103 18.15
72 104 18.44
72 105 18.72
72 106 19.01
72 107 19.30
72 108 19.59
72 109 19.88
72 110 20.18
72 111 20.47
72 112 20.77
72 113 21.08
72 114 21.38
72 115 21.68
72 116 21.97
72 117 22.26
72 118 22.54
72 119 22.81
72 120 23.05
72 121 23.25
72 122 23.39
72 123 23.39
72 124 22.71
72 125 23.63
72 126 6.38
73 1 24.62
73 2 16.86
73 3 18.64
73 4 20.09
73 5 21.37
73 6 22.53
73 7 23.62
73 8 24.65
73 9 25.63
73 10 26.56
73 11 27.47
73 12 28.35
73 13 29.21
73 14 30.04
73 15 30.86
73 16 31.65
73 17 32.44
73 18 33.20
73 19 33.96
73 20 34.70
73 21 35.42
73 22 36.13
73 23 36.83
73 24 37.52
73 25 38.18
73 26 38.83
73 27 39.45
73 28 40.05
73 29 40.59
73 30 41.04
73 31 41.09
73 32 42.07
73 33 12.35
73 34 12.52
73 35 13.08
73 36 13.81
73 37 14.65
73 38 15.55
73 39 16.49
73 40 17.46
73 41 18.44
73 42 19.43
73 43 20.42
73 44 21.42
73 45 22.42
73 46 23.42
73 47 24.42
73 48 25.42
73 49 26.42
73 50 27.42
73 51 28.42
73 52 29.42
73 53 30.43
73 54 31.44
73 55 32.46
73 56 33.48
73 57 34.52
73 58 35.57
73 59 36.65
73 60 37.77
73 61 38.99
73 62 40.67
73 63 41.64
73 64 10.85
73 65 9.21
73 66 7.83
73 67 6.58
73 68 5.39
73 69 4.26
73 70 3.16
73 71 2.09
73 72 1.04
73 73 0.00
73 74 1.02
73 75 2.04
73 76 3.04
73 77 4.04
73 78 5.03
73 79 6.03
73 80 7.02
73 81 8.01
73 82 9.00
73 83 10.00
73 84 11.00
73 85 12.01
73 86 13.04
73 87 14.08
73 88 15.14
73 89 16.22
73 90 17.36
73 91 18.57
73 92 19.94
73 93 22.11
73 94 23.01
73 95 15.79
73 96 16.60
73 97 17.15
73 98 17.58
73 99 17.95
73 100 18.28
73 101 18.59
73 102 18.88
73 103 19.15
73 104 19.43
73 105 19.69
73 106 19.96
73 107 20.23
73 108 20.50
73 109 20.76
73 110 21.03
73 111 21.30
73 112 21.57
73 113 21.85
73 114 22.11
73 115 22.38
73 116 22.64
73 117 22.89
73 118 23.13
73 119 23.36
73 120 23.55
73 121 23.71
73 122 23.79
73 123 23.71
73 124 22.88
73 125 23.79
73 126 7.17
74 1 25.34
74 2 17.69
74 3 19.46
74 4 20.91
74 5 22.19
74 6 23.37
74 7 24.46
74 8 25.50
74 9 26.49
74 10 27.44
74 11 28.35
74 12 29.24
74 13 30.11
74 14 30.95
74 15 31.77
74 16 32.58
74 17 33.37
74 18 34.14
74 19 34.90
74 20 35.65
74 21 36.38
74 22 37.10
74 23 37.81
74 24 38.50
74 25 39.17
74 26 39.82
74 27 40.45
74 28 41.05
74 29 41.60
74 30 42.06
74 31 42.12
74 32 43.09
74 33 13.09
74 34 13.16
74 35 13.62
74 36 14.29
74 37 15.07
74 38 15.92
74 39 16.83
74 40 17.77
74 41 18.72
74 42 19.69
74 43 20.68
74 44 21.66
74 45 22.66
74 46 23.65
74 47 24.65
74 48 25.65
74 49 26.65
74 50 27.66
74 51 28.66
74 52 29.67
74 53 30.69
74 54 31.71
74 55 32.73
74 56 33.77
74 57 34.82
74 58 35.89
74 59 36.98
74 60 38.13
74 61 39.38
74 62 41.13
74 63 42.09
74 64 11.80
74 65 10.19
74 66 8.83
74 67 7.58
74 68 6.40
74 69 5.27
74 70 4.18
74 71 3.11
74 72 2.06
74 73 1.02
74 74 0.00
74 75 1.01
74 76 2.02
74 77 3.02
74 78 4.02
74 79 5.01
74 80 6.01
74 81 7.00
74 82 8.00
74 83 9.00
74 84 10.01
74 85 11.03
74 86 12.06
74 87 13.11
74 88 14.18
74 89 15.28
74 90 16.43
74 91 17.66
74 92 19.06
74 93 21.30
74 94 22.20
74 95 16.76
74 96 17.59
74 97 18.16
74 98 18.60
74 99 18.97
74 100 19.30
74 101 19.61
74 102 19.89
74 103 20.16
74 104 20.42
74 105 20.68
74 106 20.93
74 107 21.18
74 108 21.43
74 109 21.68
74 110 21.92
74 111 22.17
74 112 22.41
74 113 22.66
74 114 22.90
74 115 23.14
74 116 23.36
74 117 23.58
74 118 23.79
74 119 23.97
74 120 24.13
74 121 24.24
74 122 24.26
74 123 24.11
74 124 23.15
74 125 24.03
74 126 8.03
75 1 26.05
75 2 18.50
75 3 20.26
75 4 21.71
75 5 23.00
75 6 24.18
75 7 25.28
75 8 26.33
75 9 27.32
75 10 28.28
75 11 29.21
75 12 30.11
75 13 30.98
75 14 31.83
75 15 32.66
75 16 33.48
75 17 34.28
75 18 35.06
75 19 35.83
75 20 36.58
75 21 37.32
75 22 38.05
75 23 38.76
75 24 39.46
75 25 40.14
75 26 40.80
75 27 41.44
75 28 42.04
75 29 42.60
75 30 43.06
75 31 43.13
75 32 44.10
75 33 13.82
75 34 13.79
75 35 14.17
75 36 14.77
75 37 15.49
75 38 16.30
75 39 17.17
75 40 18.08
75 41 19.01
75 42 19.96
75 43 20.93
75 44 21.91
75 45 22.89
75 46 23.88
75 47 24.87
75 48 25.87
75 49 26.88
75 50 27.88
75 51 28.89
75 52 29.91
75 53 30.93
75 54 31.95
75 55 32.99
75 56 34.03
75 57 35.10
75 58 36.18
75 59 37.30
75 60 38.46
75 61 39.74
75 62 41.56
75 63 42.52
75 64 12.74
75 65 11.15
75 66 9.81
75 67 8.57
75 68 7.40
75 69 6.27
75 70 5.18
75 71 4.12
75 72 3.07
75 73 2.04
75 74 1.01
75 75 0.00
75 76 1.01
75 77 2.01
75 78 3.01
75 79 4.00
75 80 5.00
75 81 6.00
75 82 7.00
75 83 8.01
75 84 9.02
75 85 10.05
75 86 11.08
75 87 12.14
75 88 13.22
75 89 14.33
75 90 15.50
75 91 16.75
75 92 18.18
75 93 20.49
75 94 21.38
75 95 17.70
75 96 18.57
75 97 19.15
75 98 19.60
75 99 19.98
75 100 20.32
75 101 20.62
75 102 20.90
75 103 21.16
75 104 21.42
75 105 21.66
75 106 21.91
75 107 22.14
75 108 22.38
75 109 22.61
75 110 22.84
75 111 23.06
75 112 23.29
75 113 23.51
75 114 23.72
75 115 23.93
75 116 24.14
75 117 24.33
75 118 24.50
75 119 24.65
75 120 24.77
75 121 24.83
75 122 24.81
75 123 24.59
75 124 23.50
75 125 24.37
75 126 8.94
76 1 26.73
76 2 19.29
76 3 21.04
76 4 22.49
76 5 23.79
76 6 24.97
76 7 26.08
76 8 27.13
76 9 28.14
76 10 29.11
76 11 30.04
76 12 30.95
76 13 31.83
76 14 32.69
76 15 33.53
76 16 34.36
76 17 35.16
76 18 35.95
76 19 36.73
76 20 37.49
76 21 38.24
76 22 38.98
76 23 39.70
76 24 40.40
76 25 41.09
76 26 41.76
76 27 42.40
76 28 43.01
76 29 43.58
76 30 44.05
76 31 44.13
76 32 45.10
76 33 14.56
76 34 14.43
76 35 14.73
76 36 15.26
76 37 15.93
76 38 16.69
76 39 17.52
76 40 18.39
76 41 19.30
76 42 20.23
76 43 21.18
76 44 22.14
76 45 23.12
76 46 24.10
76 47 25.09
76 48 26.08
76 49 27.09
76 50 28.09
76 51 29.10
76 52 30.12
76 53 31.15
76 54 32.18
76 55 33.22
76 56 34.28
76 57 35.36
76 58 36.45
76 59 37.59
76 60 38.77
76 61 40.08
76 62 41.97
76 63 42.92
76 64 13.67
76 65 12.11
76 66 10.77
76 67 9.55
76 68 8.38
76 69 7.27
76 70 6.18
76 71 5.12
76 72 4.07
76 73 3.04
76 74 2.02
76 75 1.01
76 76 0.00
76 77 1.00
76 78 2.00
76 79 3.00
76 80 4.00
76 81 5.00
76 82 6.01
76 83 7.02
76 84 8.04
76 85 9.07
76 86 10.11
76 87 11.17
76 88 12.26
76 89 13.38
76 90 14.56
76 91 15.83
76 92 17.29
76 93 19.68
76 94 20.55
76 95 18.63
76 96 19.52
76 97 20.13
76 98 20.59
76 99 20.98
76 100 21.32
76 101 21.63
76 102 21.91
76 103 22.17
76 104 22.42
76 105 22.66
76 106 22.89
76 107 23.12
76 108 23.34
76 109 23.56
76 110 23.77
76 111 23.98
76 112 24.19
76 113 24.39
76 114 24.58
76 115 24.77
76 116 24.95
76 117 25.11
76 118 25.26
76 119 25.37
76 120 25.46
76 121 25.48
76 122 25.42
76 123 25.14
76 124 23.93
76 125 24.78
76 126 9.88
77 1 27.40
77 2 20.07
77 3 21.81
77 4 23.26
77 5 24.56
77 6 25.75
77 7 26.86
77 8 27.92
77 9 28.94
77 10 29.91
77 11 30.86
77 12 31.77
77 13 32.66
77 14 33.53
77 15 34.38
77 16 35.21
77 17 36.03
77 18 36.83
77 19 37.62
77 20 38.39
77 21 39.14
77 22 39.88
77 23 40.61
77 24 41.33
77 25 42.02
77 26 42.70
77 27 43.35
77 28 43.97
77 29 44.54
77 30 45.02
77 31 45.12
77 32 46.09
77 33 15.29
77 34 15.07
77 35 15.30
77 36 15.76
77 37 16.37
77 38 17.08
77 39 17.87
77 40 18.71
77 41 19.59
77 42 20.50
77 43 21.43
77 44 22.38
77 45 23.34
77 46 24.31
77 47 25.30
77 48 26.29
77 49 27.29
77 50 28.29
77 51 29.30
77 52 30.33
77 53 31.35
77 54 32.39
77 55 33.44
77 56 34.51
77 57 35.59
77 58 36.70
77 59 37.85
77 60 39.06
77 61 40.40
77 62 42.36
77 63 43.30
77 64 14.59
77 65 13.05
77 66 11.73
77 67 10.51
77 68 9.36
77 69 8.25
77 70 7.17
77 71 6.11
77 72 5.07
77 73 4.04
77 74 3.02
77 75 2.01
77 76 1.00
77 77 0.00
77 78 1.00
77 79 2.00
77 80 3.00
77 81 4.00
77 82 5.01
77 83 6.03
77 84 7.05
77 85 8.08
77 86 9.13
77 87 10.20
77 88 11.30
77 89 12.43
77 90 13.62
77 91 14.91
77 92 16.39
77 93 18.86
77 94 19.71
77 95 19.55
77 96 20.47
77 97 21.09
77 98 21.57
77 99 21.97
77 100 22.32
77 101 22.63
77 102 22.91
77 103 23.17
77 104 23.42
77 105 23.65
77 106 23.88
77 107 24.10
77 108 24.31
77 109 24.52
77 110 24.72
77 111 24.92
77 112 25.11
77 113 25.30
77 114 25.47
77 115 25.64
77 116 25.80
77 117 25.94
77 118 26.05
77 119 26.15
77 120 26.20
77 121 26.19
77 122 26.08
77 123 25.76
77 124 24.43
77 125 25.26
77 126 10.85
78 1 28.06
78 2 20.85
78 3 22.57
78 4 24.02
78 5 25.31
78 6 26.51
78 7 27.63
78 8 28.70
78 9 29.72
78 10 30.70
78 11 31.65
78 12 32.58
78 13 33.48
78 14 34.36
78 15 35.21
78 16 36.06
78 17 36.88
78 18 37.69
78 19 38.48
78 20 39.26
78 21 40.03
78 22 40.78
78 23 41.51
78 24 42.23
78 25 42.94
78 26 43.62
78 27 44.28
78 28 44.91
78 29 45.49
78 30 45.98
78 31 46.10
78 32 47.07
78 33 16.01
78 34 15.72
78 35 15.87
78 36 16.26
78 37 16.82
78 38 17.48
78 39 18.23
78 40 19.03
78 41 19.88
78 42 20.76
78 43 21.68
78 44 22.61
78 45 23.56
78 46 24.52
78 47 25.50
78 48 26.48
78 49 27.48
78 50 28.48
78 51 29.49
78 52 30.52
78 53 31.55
78 54 32.59
78 55 33.65
78 56 34.72
78 57 35.82
78 58 36.94
78 59 38.10
78 60 39.33
78 61 40.70
78 62 42.72
78 63 43.66
78 64 15.49
78 65 13.98
78 66 12.68
78 67 11.48
78 68 10.33
78 69 9.23
78 70 8.15
78 71 7.10
78 72 6.06
78 73 5.03
78 74 4.02
78 75 3.01
78 76 2.00
78 77 1.00
78 78 0.00
78 79 1.00
78 80 2.00
78 81 3.01
78 82 4.02
78 83 5.03
78 84 6.06
78 85 7.10
78 86 8.15
78 87 9.23
78 88 10.33
78 89 11.48
78 90 12.68
78 91 13.98
78 92 15.49
78 93 18.03
78 94 18.87
78 95 20.45
78 96 21.40
78 97 22.04
78 98 22.54
78 99 22.95
78 100 23.30
78 101 23.62
78 102 23.91
78 103 24.17
78 104 24.42
78 105 24.65
78 106 24.87
78 107 25.09
78 108 25.30
78 109 25.50
78 110 25.69
78 111 25.87
78 112 26.05
78 113 26.22
78 114 26.39
78 115 26.54
78 116 26.67
78 117 26.79
78 118 26.89
78 119 26.96
78 120 26.98
78 121 26.94
78 122 26.80
78 123 26.42
78 124 25.00
78 125 25.81
78 126 11.82
79 1 28.70
79 2 21.61
79 3 23.32
79 4 24.76
79 5 26.06
79 6 27.26
79 7 28.38
79 8 29.46
79 9 30.49
79 10 31.48
79 11 32.44
79 12 33.37
79 13 34.28
79 14 35.16
79 15 36.03
79 16 36.88
79 17 37.71
79 18 38.53
79 19 39.33
79 20 40.12
79 21 40.89
79 22 41.65
79 23 42.40
79 24 43.13
79 25 43.84
79 26 44.53
79 27 45.20
79 28 45.84
79 29 46.43
79 30 46.94
79 31 47.07
79 32 48.05
79 33 16.74
79 34 16.36
79 35 16.44
79 36 16.77
79 37 17.27
79 38 17.89
79 39 18.59
79 40 19.36
79 41 20.18
79 42 21.03
79 43 21.92
79 44 22.84
79 45 23.77
79 46 24.72
79 47 25.69
79 48 26.67
79 49 27.66
79 50 28.66
79 51 29.67
79 52 30.69
79 53 31.73
79 54 32.77
79 55 33.83
79 56 34.92
79 57 36.02
79 58 37.15
79 59 38.33
79 60 39.58
79 61 40.97
79 62 43.06
79 63 43.99
79 64 16.39
79 65 14.91
79 66 13.62
79 67 12.43
79 68 11.30
79 69 10.20
79 70 9.13
79 71 8.08
79 72 7.05
79 73 6.03
79 74 5.01
79 75 4.00
79 76 3.00
79 77 2.00
79 78 1.00
79 79 0.00
79 80 1.00
79 81 2.01
79 82 3.02
79 83 4.04
79 84 5.07
79 85 6.11
79 86 7.17
79 87 8.25
79 88 9.36
79 89 10.51
79 90 11.73
79 91 13.05
79 92 14.59
79 93 17.19
79 94 18.02
79 95 21.34
79 96 22.32
79 97 22.99
79 98 23.50
79 99 23.92
79 100 24.29
79 101 24.61
79 102 24.90
79 103 25.17
79 104 25.42
79 105 25.65
79 106 25.87
79 107 26.08
79 108 26.29
79 109 26.48
79 110 26.67
79 111 26.84
79 112 27.01
79 113 27.17
79 114 27.32
79 115 27.46
79 116 27.58
79 117 27.68
79 118 27.76
79 119 27.81
79 120 27.81
79 121 27.74
79 122 27.56
79 123 27.14
79 124 25.63
79 125 26.42
79 126 12.81
80 1 29.32
80 2 22.36
80 3 24.06
80 4 25.50
80 5 26.79
80 6 27.99
80 7 29.12
80 8 30.20
80 9 31.24
80 10 32.24
80 11 33.20
80 12 34.14
80 13 35.06
80 14 35.95
80 15 36.83
80 16 37.69
80 17 38.53
80 18 39.35
80 19 40.16
80 20 40.96
80 21 41.74
80 22 42.51
80 23 43.26
80 24 44.00
80 25 44.72
80 26 45.43
80 27 46.11
80 28 46.75
80 29 47.36
80 30 47.88
80 31 48.03
80 32 49.01
80 33 17.46
80 34 17.01
80 35 17.02
80 36 17.29
80 37 17.73
80 38 18.30
80 39 18.96
80 40 19.69
80 41 20.47
80 42 21.30
80 43 22.17
80 44 23.06
80 45 23.98
80 46 24.92
80 47 25.87
80 48 26.84
80 49 27.83
80 50 28.82
80 51 29.83
80 52 30.86
80 53 31.89
80 54 32.94
80 55 34.01
80 56 35.09
80 57 36.21
80 58 37.35
80 59 38.54
80 60 39.81
80 61 41.23
80 62 43.38
80 63 44.30
80 64 17.29
80 65 15.83
80 66 14.56
80 67 13.38
80 68 12.26
80 69 11.17
80 70 10.11
80 71 9.07
80 72 8.04
80 73 7.02
80 74 6.01
80 75 5.00
80 76 4.00
80 77 3.00
80 78 2.00
80 79 1.00
80 80 0.00
80 81 1.01
80 82 2.02
80 83 3.04
80 84 4.07
80 85 5.12
80 86 6.18
80 87 7.27
80 88 8.38
80 89 9.55
80 90 10.77
80 91 12.11
80 92 13.67
80 93 16.35
80 94 17.15
80 95 22.23
80 96 23.24
80 97 23.92
80 98 24.45
80 99 24.89
80 100 25.26
80 101 25.59
80 102 25.89
80 103 26.16
80 104 26.42
80 105 26.65
80 106 26.88
80 107 27.09
80 108 27.29
80 109 27.48
80 110 27.66
80 111 27.83
80 112 27.99
80 113 28.14
80 114 28.28
80 115 28.40
80 116 28.51
80 117 28.60
80 118 28.66
80 119 28.69
80 120 28.67
80 121 28.58
80 122 28.37
80 123 27.91
80 124 26.32
80 125 27.09
80 126 13.81
81 1 29.94
81 2 23.11
81 3 24.79
81 4 26.22
81 5 27.51
81 6 28.72
81 7 29.85
81 8 30.94
81 9 31.98
81 10 32.98
81 11 33.96
81 12 34.90
81 13 35.83
81 14 36.73
81 15 37.62
81 16 38.48
81 17 39.33
81 18 40.16
81 19 40.98
81 20 41.79
81 21 42.58
81 22 43.36
81 23 44.12
81 24 44.87
81 25 45.60
81 26 46.31
81 27 47.00
81 28 47.66
81 29 48.28
81 30 48.81
81 31 48.99
81 32 49.97
81 33 18.19
81 34 17.66
81 35 17.61
81 36 17.81
81 37 18.20
81 38 18.72
81 39 19.33
81 40 20.02
81 41 20.77
81 42 21.57
81 43 22.41
81 44 23.29
81 45 24.19
81 46 25.11
81 47 26.05
81 48 27.01
81 49 27.99
81 50 28.98
81 51 29.99
81 52 31.01
81 53 32.04
81 54 33.09
81 55 34.16
81 56 35.25
81 57 36.37
81 58 37.53
81 59 38.73
81 60 40.02
81 61 41.46
81 62 43.68
81 63 44.59
81 64 18.18
81 65 16.75
81 66 15.50
81 67 14.33
81 68 13.22
81 69 12.14
81 70 11.08
81 71 10.05
81 72 9.02
81 73 8.01
81 74 7.00
81 75 6.00
81 76 5.00
81 77 4.00
81 78 3.01
81 79 2.01
81 80 1.01
81 81 0.00
81 82 1.01
81 83 2.04
81 84 3.07
81 85 4.12
81 86 5.18
81 87 6.27
81 88 7.40
81 89 8.57
81 90 9.81
81 91 11.15
81 92 12.74
81 93 15.49
81 94 16.28
81 95 23.10
81 96 24.14
81 97 24.85
81 98 25.40
81 99 25.85
81 100 26.23
81 101 26.58
81 102 26.88
81 103 27.16
81 104 27.42
81 105 27.66
81 106 27.88
81 107 28.09
81 108 28.29
81 109 28.48
81 110 28.66
81 111 28.82
81 112 28.98
81 113 29.12
81 114 29.25
81 115 29.37
81 116 29.47
81 117 29.54
81 118 29.59
81 119 29.60
81 120 29.56
81 121 29.45
81 122 29.22
81 123 28.73
81 124 27.06
81 125 27.82
81 126 14.82
82 1 30.54
82 2 23.85
82 3 25.51
82 4 26.93
82 5 28.22
82 6 29.43
82 7 30.57
82 8 31.66
82 9 32.70
82 10 33.71
82 11 34.70
82 12 35.65
82 13 36.58
82 14 37.49
82 15 38.39
82 16 39.26
82 17 40.12
82 18 40.96
82 19 41.79
82 20 42.60
82 21 43.40
82 22 44.19
82 23 44.96
82 24 45.72
82 25 46.46
82 26 47.18
82 27 47.88
82 28 48.55
82 29 49.18
82 30 49.73
82 31 49.94
82 32 50.92
82 33 18.91
82 34 18.32
82 35 18.20
82 36 18.34
82 37 18.67
82 38 19.14
82 39 19.71
82 40 20.36
82 41 21.08
82 42 21.85
82 43 22.66
82 44 23.51
82 45 24.39
82 46 25.30
82 47 26.22
82 48 27.17
82 49 28.14
82 50 29.12
82 51 30.12
82 52 31.14
82 53 32.18
82 54 33.23
82 55 34.30
82 56 35.40
82 57 36.52
82 58 37.69
82 59 38.90
82 60 40.20
82 61 41.68
82 62 43.95
82 63 44.85
82 64 19.06
82 65 17.66
82 66 16.43
82 67 15.28
82 68 14.18
82 69 13.11
82 70 12.06
82 71 11.03
82 72 10.01
82 73 9.00
82 74 8.00
82 75 7.00
82 76 6.01
82 77 5.01
82 78 4.02
82 79 3.02
82 80 2.02
82 81 1.01
82 82 0.00
82 83 1.02
82 84 2.06
82 85 3.11
82 86 4.18
82 87 5.27
82 88 6.40
82 89 7.58
82 90 8.83
82 91 10.19
82 92 11.80
82 93 14.62
82 94 15.39
82 95 23.97
82 96 25.04
82 97 25.77
82 98 26.34
82 99 26.80
82 100 27.20
82 101 27.55
82 102 27.87
82 103 28.16
82 104 28.42
82 105 28.66
82 106 28.89
82 107 29.10
82 108 29.30
82 109 29.49
82 110 29.67
82 111 29.83
82 112 29.99
82 113 30.12
82 114 30.25
82 115 30.36
82 116 30.45
82 117 30.51
82 118 30.55
82 119 30.55
82 120 30.49
82 121 30.36
82 122 30.10
82 123 29.58
82 124 27.85
82 125 28.59
82 126 15.83
83 1 31.13
83 2 24.58
83 3 26.22
83 4 27.64
83 5 28.92
83 6 30.13
83 7 31.27
83 8 32.36
83 9 33.42
83 10 34.43
83 11 35.42
83 12 36.38
83 13 37.32
83 14 38.24
83 15 39.14
83 16 40.03
83 17 40.89
83 18 41.74
83 19 42.58
83 20 43.40
83 21 44.21
83 22 45.01
83 23 45.79
83 24 46.56
83 25 47.31
83 26 48.04
83 27 48.75
83 28 49.43
83 29 50.08
83 30 50.64
83 31 50.88
83 32 51.86
83 33 19.63
83 34 18.97
83 35 18.79
83 36 18.87
83 37 19.15
83 38 19.56
83 39 20.08
83 40 20.70
83 41 21.38
83 42 22.11
83 43 22.90
83 44 23.72
83 45 24.58
83 46 25.47
83 47 26.39
83 48 27.32
83 49 28.28
83 50 29.25
83 51 30.25
83 52 31.26
83 53 32.29
83 54 33.35
83 55 34.42
83 56 35.52
83 57 36.65
83 58 37.82
83 59 39.05
83 60 40.37
83 61 41.86
83 62 44.20
83 63 45.09
83 64 19.94
83 65 18.57
83 66 17.36
83 67 16.22
83 68 15.14
83 69 14.08
83 70 13.04
83 71 12.01
83 72 11.00
83 73 10.00
83 74 9.00
83 75 8.01
83 76 7.02
83 77 6.03
83 78 5.03
83 79 4.04
83 80 3.04
83 81 2.04
83 82 1.02
83 83 0.00
83 84 1.04
83 85 2.09
83 86 3.16
83 87 4.26
83 88 5.39
83 89 6.58
83 90 7.83
83 91 9.21
83 92 10.85
83 93 13.74
83 94 14.48
83 95 24.83
83 96 25.93
83 97 26.69
83 98 27.27
83 99 27.75
83 100 28.17
83 101 28.53
83 102 28.86
83 103 29.15
83 104 29.42
83 105 29.67
83 106 29.91
83 107 30.12
83 108 30.33
83 109 30.52
83 110 30.69
83 111 30.86
83 112 31.01
83 113 31.14
83 114 31.26
83 115 31.37
83 116 31.45
83 117 31.51
83 118 31.53
83 119 31.52
83 120 31.45
83 121 31.31
83 122 31.03
83 123 30.48
83 124 28.70
83 125 29.42
83 126 16.85
84 1 31.71
84 2 25.31
84 3 26.93
84 4 28.33
84 5 29.61
84 6 30.82
84 7 31.96
84 8 33.06
84 9 34.12
84 10 35.14
84 11 36.13
84 12 37.10
84 13 38.05
84 14 38.98
84 15 39.88
84 16 40.78
84 17 41.65
84 18 42.51
84 19 43.36
84 20 44.19
84 21 45.01
84 22 45.81
84 23 46.60
84 24 47.38
84 25 48.14
84 26 48.89
84 27 49.61
84 28 50.30
84 29 50.96
84 30 51.54
84 31 51.81
84 32 52.80
84 33 20.35
84 34 19.62
84 35 19.38
84 36 19.41
84 37 19.63
84 38 19.99
84 39 20.47
84 40 21.03
84 41 21.68
84 42 22.38
84 43 23.14
84 44 23.93
84 45 24.77
84 46 25.64
84 47 26.54
84 48 27.46
84 49 28.40
84 50 29.37
84 51 30.36
84 52 31.37
84 53 32.39
84 54 33.44
84 55 34.52
84 56 35.62
84 57 36.76
84 58 37.94
84 59 39.17
84 60 40.51
84 61 42.03
84 62 44.43
84 63 45.31
84 64 20.82
84 65 19.48
84 66 18.29
84 67 17.17
84 68 16.10
84 69 15.05
84 70 14.02
84 71 13.00
84 72 12.00
84 73 11.00
84 74 10.01
84 75 9.02
84 76 8.04
84 77 7.05
84 78 6.06
84 79 5.07
84 80 4.07
84 81 3.07
84 82 2.06
84 83 1.04
84 84 0.00
84 85 1.05
84 86 2.13
84 87 3.23
84 88 4.37
84 89 5.56
84 90 6.82
84 91 8.21
84 92 9.87
84 93 12.83
84 94 13.55
84 95 25.69
84 96 26.82
84 97 27.60
84 98 28.20
84 99 28.70
84 100 29.13
84 101 29.51
84 102 29.84
84 103 30.15
84 104 30.43
84 105 30.69
84 106 30.93
84 107 31.15
84 108 31.35
84 109 31.55
84 110 31.73
84 111 31.89
84 112 32.04
84 113 32.18
84 114 32.29
84 115 32.39
84 116 32.47
84 117 32.53
84 118 32.54
84 119 32.52
84 120 32.45
84 121 32.29
84 122 31.99
84 123 31.43
84 124 29.59
84 125 30.31
84 126 17.88
85 1 32.27
85 2 26.03
85 3 27.62
85 4 29.01
85 5 30.29
85 6 31.50
85 7 32.64
85 8 33.74
85 9 34.80
85 10 35.83
85 11 36.83
85 12 37.81
85 13 38.76
85 14 39.70
85 15 40.61
85 16 41.51
85 17 42.40
85 18 43.26
85 19 44.12
85 20 44.96
85 21 45.79
85 22 46.60
85 23 47.41
85 24 48.19
85 25 48.97
85 26 49.72
85 27 50.46
85 28 51.16
85 29 51.84
85 30 52.44
85 31 52.74
85 32 53.73
85 33 21.07
85 34 20.28
85 35 19.97
85 36 19.94
85 37 20.11
85 38 20.42
85 39 20.84
85 40 21.37
85 41 21.97
85 42 22.64
85 43 23.36
85 44 24.14
85 45 24.95
85 46 25.80
85 47 26.67
85 48 27.58
85 49 28.51
85 50 29.47
85 51 30.45
85 52 31.45
85 53 32.47
85 54 33.52
85 55 34.59
85 56 35.70
85 57 36.84
85 58 38.02
85 59 39.27
85 60 40.62
85 61 42.16
85 62 44.62
85 63 45.49
85 64 21.70
85 65 20.39
85 66 19.22
85 67 18.12
85 68 17.06
85 69 16.02
85 70 15.01
85 71 14.00
85 72 13.00
85 73 12.01
85 74 11.03
85 75 10.05
85 76 9.07
85 77 8.08
85 78 7.10
85 79 6.11
85 80 5.12
85 81 4.12
85 82 3.11
85 83 2.09
85 84 1.05
85 85 0.00
85 86 1.07
85 87 2.18
85 88 3.32
85 89 4.52
85 90 5.79
85 91 7.20
85 92 8.88
85 93 11.91
85 94 12.60
85 95 26.54
85 96 27.70
85 97 28.50
85 98 29.13
85 99 29.65
85 100 30.09
85 101 30.48
85 102 30.83
85 103 31.15
85 104 31.44
85 105 31.71
85 106 31.95
85 107 32.18
85 108 32.39
85 109 32.59
85 110 32.77
85 111 32.94
85 112 33.09
85 113 33.23
85 114 33.35
85 115 33.44
85 116 33.52
85 117 33.57
85 118 33.58
85 119 33.56
85 120 33.47
85 121 33.30
85 122 33.00
85 123 32.41
85 124 30.54
85 125 31.24
85 126 18.92
86 1 32.82
86 2 26.74
86 3 28.31
86 4 29.69
86 5 30.96
86 6 32.16
86 7 33.31
86 8 34.41
86 9 35.48
86 10 36.51
86 11 37.52
86 12 38.50
86 13 39.46
86 14 40.40
86 15 41.33
86 16 42.23
86 17 43.13
86 18 44.00
86 19 44.87
86 20 45.72
86 21 46.56
86 22 47.38
86 23 48.19
86 24 48.99
86 25 49.78
86 26 50.54
86 27 51.29
86 28 52.01
86 29 52.70
86 30 53.32
86 31 53.67
86 32 54.65
86 33 21.78
86 34 20.93
86 35 20.57
86 36 20.48
86 37 20.58
86 38 20.84
86 39 21.22
86 40 21.70
86 41 22.26
86 42 22.89
86 43 23.58
86 44 24.33
86 45 25.11
86 46 25.94
86 47 26.79
86 48 27.68
86 49 28.60
86 50 29.54
86 51 30.51
86 52 31.51
86 53 32.53
86 54 33.57
86 55 34.64
86 56 35.75
86 57 36.89
86 58 38.08
86 59 39.34
86 60 40.70
86 61 42.27
86 62 44.79
86 63 45.65
86 64 22.58
86 65 21.30
86 66 20.16
86 67 19.08
86 68 18.03
86 69 17.01
86 70 16.00
86 71 15.01
86 72 14.02
86 73 13.04
86 74 12.06
86 75 11.08
86 76 10.11
86 77 9.13
86 78 8.15
86 79 7.17
86 80 6.18
86 81 5.18
86 82 4.18
86 83 3.16
86 84 2.13
86 85 1.07
86 86 0.00
86 87 1.10
86 88 2.25
86 89 3.45
86 90 4.73
86 91 6.15
86 92 7.85
86 93 10.96
86 94 11.62
86 95 27.39
86 96 28.58
86 97 29.41
86 98 30.06
86 99 30.59
86 100 31.05
86 101 31.46
86 102 31.82
86 103 32.15
86 104 32.46
86 105 32.73
86 106 32.99
86 107 33.22
86 108 33.44
86 109 33.65
86 110 33.83
86 111 34.01
86 112 34.16
86 113 34.30
86 114 34.42
86 115 34.52
86 116 34.59
86 117 34.64
86 118 34.65
86 119 34.62
86 120 34.53
86 121 34.35
86 122 34.04
86 123 33.44
86 124 31.53
86 125 32.22
86 126 19.98
87 1 33.35
87 2 27.44
87 3 28.98
87 4 30.35
87 5 31.62
87 6 32.82
87 7 33.96
87 8 35.07
87 9 36.13
87 10 37.17
87 11 38.18
87 12 39.17
87 13 40.14
87 14 41.09
87 15 42.02
87 16 42.94
87 17 43.84
87 18 44.72
87 19 45.60
87 20 46.46
87 21 47.31
87 22 48.14
87 23 48.97
87 24 49.78
87 25 50.57
87 26 51.35
87 27 52.11
87 28 52.85
87 29 53.55
87 30 54.20
87 31 54.58
87 32 55.57
87 33 22.50
87 34 21.58
87 35 21.16
87 36 21.01
87 37 21.06
87 38 21.26
87 39 21.59
87 40 22.02
87 41 22.54
87 42 23.13
87 43 23.79
87 44 24.50
87 45 25.26
87 46 26.05
87 47 26.89
87 48 27.76
87 49 28.66
87 50 29.59
87 51 30.55
87 52 31.53
87 53 32.54
87 54 33.58
87 55 34.65
87 56 35.76
87 57 36.90
87 58 38.10
87 59 39.37
87 60 40.74
87 61 42.33
87 62 44.91
87 63 45.76
87 64 23.45
87 65 22.22
87 66 21.10
87 67 20.04
87 68 19.01
87 69 18.00
87 70 17.01
87 71 16.02
87 72 15.05
87 73 14.08
87 74 13.11
87 75 12.14
87 76 11.17
87 77 10.20
87 78 9.23
87 79 8.25
87 80 7.27
87 81 6.27
87 82 5.27
87 83 4.26
87 84 3.23
87 85 2.18
87 86 1.10
87 87 0.00
87 88 1.15
87 89 2.35
87 90 3.64
87 91 5.07
87 92 6.79
87 93 9.97
87 94 10.60
87 95 28.23
87 96 29.46
87 97 30.31
87 98 30.98
87 99 31.54
87 100 32.02
87 101 32.44
87 102 32.82
87 103 33.17
87 104 33.48
87 105 33.77
87 106 34.03
87 107 34.28
87 108 34.51
87 109 34.72
87 110 34.92
87 111 35.09
87 112 35.25
87 113 35.40
87 114 35.52
87 115 35.62
87 116 35.70
87 117 35.75
87 118 35.76
87 119 35.73
87 120 35.63
87 121 35.45
87 122 35.13
87 123 34.52
87 124 32.59
87 125 33.27
87 126 21.05
88 1 33.85
88 2 28.14
88 3 29.65
88 4 31.00
88 5 32.26
88 6 33.45
88 7 34.60
88 8 35.70
88 9 36.77
88 10 37.81
88 11 38.83
88 12 39.82
88 13 40.80
88 14 41.76
88 15 42.70
88 16 43.62
88 17 44.53
88 18 45.43
88 19 46.31
88 20 47.18
88 21 48.04
88 22 48.89
88 23 49.72
88 24 50.54
88 25 51.35
88 26 52.14
88 27 52.92
88 28 53.67
88 29 54.40
88 30 55.06
88 31 55.50
88 32 56.49
88 33 23.21
88 34 22.23
88 35 21.74
88 36 21.54
88 37 21.53
88 38 21.68
88 39 21.95
88 40 22.34
88 41 22.81
88 42 23.36
88 43 23.97
88 44 24.65
88 45 25.37
88 46 26.15
88 47 26.96
88 48 27.81
88 49 28.69
88 50 29.60
88 51 30.55
88 52 31.52
88 53 32.52
88 54 33.56
88 55 34.62
88 56 35.73
88 57 36.87
88 58 38.07
88 59 39.34
88 60 40.73
88 61 42.34
88 62 44.99
88 63 45.82
88 64 24.34
88 65 23.14
88 66 22.05
88 67 21.01
88 68 20.00
88 69 19.01
88 70 18.03
88 71 17.06
88 72 16.10
88 73 15.14
88 74 14.18
88 75 13.22
88 76 12.26
88 77 11.30
88 78 10.33
88 79 9.36
88 80 8.38
88 81 7.40
88 82 6.40
88 83 5.39
88 84 4.37
88 85 3.32
88 86 2.25
88 87 1.15
88 88 0.00
88 89 1.20
88 90 2.50
88 91 3.94
88 92 5.68
88 93 8.93
88 94 9.53
88 95 29.08
88 96 30.34
88 97 31.21
88 98 31.91
88 99 32.49
88 100 32.99
88 101 33.43
88 102 33.83
88 103 34.19
88 104 34.52
88 105 34.82
88 106 35.10
88 107 35.36
88 108 35.59
88 109 35.82
88 110 36.02
88 111 36.21
88 112 36.37
88 113 36.52
88 114 36.65
88 115 36.76
88 116 36.84
88 117 36.89
88 118 36.90
88 119 36.87
88 120 36.78
88 121 36.60
88 122 36.27
88 123 35.65
88 124 33.70
88 125 34.38
88 126 22.14
89 1 34.33
89 2 28.82
89 3 30.30
89 4 31.63
89 5 32.88
89 6 34.07
89 7 35.21
89 8 36.31
89 9 37.39
89 10 38.43
89 11 39.45
89 12 40.45
89 13 41.44
89 14 42.40
89 15 43.35
89 16 44.28
89 17 45.20
89 18 46.11
89 19 47.00
89 20 47.88
89 21 48.75
89 22 49.61
89 23 50.46
89 24 51.29
89 25 52.11
89 26 52.92
89 27 53.71
89 28 54.48
89 29 55.23
89 30 55.92
89 31 56.40
89 32 57.40
89 33 23.92
89 34 22.88
89 35 22.33
89 36 22.06
89 37 21.99
89 38 22.08
89 39 22.30
89 40 22.63
89 41 23.05
89 42 23.55
89 43 24.13
89 44 24.77
89 45 25.46
89 46 26.20
89 47 26.98
89 48 27.81
89 49 28.67
89 50 29.56
89 51 30.49
89 52 31.45
89 53 32.45
89 54 33.47
89 55 34.53
89 56 35.63
89 57 36.78
89 58 37.98
89 59 39.26
89 60 40.66
89 61 42.29
89 62 45.00
89 63 45.82
89 64 25.23
89 65 24.07
89 66 23.01
89 67 22.00
89 68 21.01
89 69 20.04
89 70 19.08
89 71 18.12
89 72 17.17
89 73 16.22
89 74 15.28
89 75 14.33
89 76 13.38
89 77 12.43
89 78 11.48
89 79 10.51
89 80 9.55
89 81 8.57
89 82 7.58
89 83 6.58
89 84 5.56
89 85 4.52
89 86 3.45
89 87 2.35
89 88 1.20
89 89 0.00
89 90 1.30
89 91 2.74
89 92 4.51
89 93 7.83
89 94 8.38
89 95 29.92
89 96 31.21
89 97 32.12
89 98 32.84
89 99 33.44
89 100 33.97
89 101 34.43
89 102 34.85
89 103 35.22
89 104 35.57
89 105 35.89
89 106 36.18
89 107 36.45
89 108 36.70
89 109 36.94
89 110 37.15
89 111 37.35
89 112 37.53
89 113 37.69
89 114 37.82
89 115 37.94
89 116 38.02
89 117 38.08
89 118 38.10
89 119 38.07
89 120 37.98
89 121 37.80
89 122 37.47
89 123 36.85
89 124 34.89
89 125 35.57
89 126 23.27
90 1 34.77
90 2 29.49
90 3 30.93
90 4 32.24
90 5 33.47
90 6 34.65
90 7 35.79
90 8 36.90
90 9 37.97
90 10 39.02
90 11 40.05
90 12 41.05
90 13 42.04
90 14 43.01
90 15 43.97
90 16 44.91
90 17 45.84
90 18 46.75
90 19 47.66
90 20 48.55
90 21 49.43
90 22 50.30
90 23 51.16
90 24 52.01
90 25 52.85
90 26 53.67
90 27 54.48
90 28 55.28
90 29 56.04
90 30 56.76
90 31 57.30
90 32 58.30
90 33 24.62
90 34 23.52
90 35 22.90
90 36 22.56
90 37 22.43
90 38 22.46
90 39 22.61
90 40 22.89
90 41 23.25
90 42 23.71
90 43 24.24
90 44 24.83
90 45 25.48
90 46 26.19
90 47 26.94
90 48 27.74
90 49 28.58
90 50 29.45
90 51 30.36
90 52 31.31
90 53 32.29
90 54 33.30
90 55 34.35
90 56 35.45
90 57 36.60
90 58 37.80
90 59 39.09
90 60 40.50
90 61 42.15
90 62 44.92
90 63 45.73
90 64 26.12
90 65 25.02
90 66 24.00
90 67 23.01
90 68 22.05
90 69 21.10
90 70 20.16
90 71 19.22
90 72 18.29
90 73 17.36
90 74 16.43
90 75 15.50
90 76 14.56
90 77 13.62
90 78 12.68
90 79 11.73
90 80 10.77
90 81 9.81
90 82 8.83
90 83 7.83
90 84 6.82
90 85 5.79
90 86 4.73
90 87 3.64
90 88 2.50
90 89 1.30
90 90 0.00
90 91 1.45
90 92 3.23
90 93 6.62
90 94 7.13
90 95 30.76
90 96 32.09
90 97 33.03
90 98 33.78
90 99 34.41
90 100 34.96
90 101 35.45
90 102 35.88
90 103 36.28
90 104 36.65
90 105 36.98
90 106 37.30
90 107 37.59
90 108 37.85
90 109 38.10
90 110 38.33
90 111 38.54
90 112 38.73
90 113 38.90
90 114 39.05
90 115 39.17
90 116 39.27
90 117 39.34
90 118 39.37
90 119 39.34
90 120 39.26
90 121 39.09
90 122 38.77
90 123 38.15
90 124 36.19
90 125 36.86
90 126 24.44
91 1 35.14
91 2 30.14
91 3 31.53
91 4 32.81
91 5 34.03
91 6 35.20
91 7 36.33
91 8 37.43
91 9 38.51
91 10 39.56
91 11 40.59
91 12 41.60
91 13 42.60
91 14 43.58
91 15 44.54
91 16 45.49
91 17 46.43
91 18 47.36
91 19 48.28
91 20 49.18
91 21 50.08
91 22 50.96
91 23 51.84
91 24 52.70
91 25 53.55
91 26 54.40
91 27 55.23
91 28 56.04
91 29 56.83
91 30 57.59
91 31 58.20
91 32 59.20
91 33 25.32
91 34 24.14
91 35 23.45
91 36 23.04
91 37 22.84
91 38 22.79
91 39 22.88
91 40 23.09
91 41 23.39
91 42 23.79
91 43 24.26
91 44 24.81
91 45 25.42
91 46 26.08
91 47 26.80
91 48 27.56
91 49 28.37
91 50 29.22
91 51 30.10
91 52 31.03
91 53 31.99
91 54 33.00
91 55 34.04
91 56 35.13
91 57 36.27
91 58 37.47
91 59 38.77
91 60 40.19
91 61 41.87
91 62 44.71
91 63 45.49
91 64 27.04
91 65 26.00
91 66 25.02
91 67 24.07
91 68 23.14
91 69 22.22
91 70 21.30
91 71 20.39
91 72 19.48
91 73 18.57
91 74 17.66
91 75 16.75
91 76 15.83
91 77 14.91
91 78 13.98
91 79 13.05
91 80 12.11
91 81 11.15
91 82 10.19
91 83 9.21
91 84 8.21
91 85 7.20
91 86 6.15
91 87 5.07
91 88 3.94
91 89 2.74
91 90 1.45
91 91 0.00
91 92 1.79
91 93 5.25
91 94 5.70
91 95 31.60
91 96 32.97
91 97 33.95
91 98 34.74
91 99 35.40
91 100 35.98
91 101 36.49
91 102 36.96
91 103 37.38
91 104 37.77
91 105 38.13
91 106 38.46
91 107 38.77
91 108 39.06
91 109 39.33
91 110 39.58
91 111 39.81
91 112 40.02
91 113 40.20
91 114 40.37
91 115 40.51
91 116 40.62
91 117 40.70
91 118 40.74
91 119 40.73
91 120 40.66
91 121 40.50
91 122 40.19
91 123 39.58
91 124 37.64
91 125 38.31
91 126 25.69
92 1 35.38
92 2 30.74
92 3 32.07
92 4 33.31
92 5 34.51
92 6 35.66
92 7 36.79
92 8 37.88
92 9 38.95
92 10 40.01
92 11 41.04
92 12 42.06
92 13 43.06
92 14 44.05
92 15 45.02
92 16 45.98
92 17 46.94
92 18 47.88
92 19 48.81
92 20 49.73
92 21 50.64
92 22 51.54
92 23 52.44
92 24 53.32
92 25 54.20
92 26 55.06
92 27 55.92
92 28 56.76
92 29 57.59
92 30 58.39
92 31 59.10
92 32 60.09
92 33 26.01
92 34 24.74
92 35 23.96
92 36 23.46
92 37 23.16
92 38 23.03
92 39 23.03
92 40 23.16
92 41 23.39
92 42 23.71
92 43 24.11
92 44 24.59
92 45 25.14
92 46 25.76
92 47 26.42
92 48 27.14
92 49 27.91
92 50 28.73
92 51 29.58
92 52 30.48
92 53 31.43
92 54 32.41
92 55 33.44
92 56 34.52
92 57 35.65
92 58 36.85
92 59 38.15
92 60 39.58
92 61 41.29
92 62 44.21
92 63 44.96
92 64 28.00
92 65 27.04
92 66 26.12
92 67 25.23
92 68 24.34
92 69 23.45
92 70 22.58
92 71 21.70
92 72 20.82
92 73 19.94
92 74 19.06
92 75 18.18
92 76 17.29
92 77 16.39
92 78 15.49
92 79 14.59
92 80 13.67
92 81 12.74
92 82 11.80
92 83 10.85
92 84 9.87
92 85 8.88
92 86 7.85
92 87 6.79
92 88 5.68
92 89 4.51
92 90 3.23
92 91 1.79
92 92 0.00
92 93 3.51
92 94 3.91
92 95 32.45
92 96 33.88
92 97 34.90
92 98 35.73
92 99 36.44
92 100 37.05
92 101 37.61
92 102 38.11
92 103 38.56
92 104 38.99
92 105 39.38
92 106 39.74
92 107 40.08
92 108 40.40
92 109 40.70
92 110 40.97
92 111 41.23
92 112 41.46
92 113 41.68
92 114 41.86
92 115 42.03
92 116 42.16
92 117 42.27
92 118 42.33
92 119 42.34
92 120 42.29
92 121 42.15
92 122 41.87
92 123 41.29
92 124 39.38
92 125 40.06
92 126 27.09
93 1 35.06
93 2 31.18
93 3 32.37
93 4 33.52
93 5 34.66
93 6 35.77
93 7 36.87
93 8 37.95
93 9 39.01
93 10 40.06
93 11 41.09
93 12 42.12
93 13 43.13
93 14 44.13
93 15 45.12
93 16 46.10
93 17 47.07
93 18 48.03
93 19 48.99
93 20 49.94
93 21 50.88
93 22 51.81
93 23 52.74
93 24 53.67
93 25 54.58
93 26 55.50
93 27 56.40
93 28 57.30
93 29 58.20
93 30 59.10
93 31 60.00
93 32 61.00
93 33 26.66
93 34 25.23
93 35 24.28
93 36 23.61
93 37 23.15
93 38 22.84
93 39 22.68
93 40 22.64
93 41 22.71
93 42 22.88
93 43 23.15
93 44 23.50
93 45 23.93
93 46 24.43
93 47 25.00
93 48 25.63
93 49 26.32
93 50 27.06
93 51 27.85
93 52 28.70
93 53 29.59
93 54 30.54
93 55 31.53
93 56 32.59
93 57 33.70
93 58 34.89
93 59 36.19
93 60 37.64
93 61 39.38
93 62 42.43
93 63 43.14
93 64 29.19
93 65 28.42
93 66 27.64
93 67 26.86
93 68 26.07
93 69 25.29
93 70 24.50
93 71 23.70
93 72 22.91
93 73 22.11
93 74 21.30
93 75 20.49
93 76 19.68
93 77 18.86
93 78 18.03
93 79 17.19
93 80 16.35
93 81 15.49
93 82 14.62
93 83 13.74
93 84 12.83
93 85 11.91
93 86 10.96
93 87 9.97
93 88 8.93
93 89 7.83
93 90 6.62
93 91 5.25
93 92 3.51
93 93 0.00
93 94 1.00
93 95 33.38
93 96 34.91
93 97 36.03
93 98 36.94
93 99 37.73
93 100 38.43
93 101 39.06
93 102 39.64
93 103 40.17
93 104 40.67
93 105 41.13
93 106 41.56
93 107 41.97
93 108 42.36
93 109 42.72
93 110 43.06
93 111 43.38
93 112 43.68
93 113 43.95
93 114 44.20
93 115 44.43
93 116 44.62
93 117 44.79
93 118 44.91
93 119 44.99
93 120 45.00
93 121 44.92
93 122 44.71
93 123 44.21
93 124 42.43
93 125 43.14
93 126 29.27
94 1 36.01
94 2 32.18
94 3 33.35
94 4 34.51
94 5 35.64
94 6 36.75
94 7 37.85
94 8 38.92
94 9 39.99
94 10 41.03
94 11 42.07
94 12 43.09
94 13 44.10
94 14 45.10
94 15 46.09
94 16 47.07
94 17 48.05
94 18 49.01
94 19 49.97
94 20 50.92
94 21 51.86
94 22 52.80
94 23 53.73
94 24 54.65
94 25 55.57
94 26 56.49
94 27 57.40
94 28 58.30
94 29 59.20
94 30 60.09
94 31 61.00
94 32 62.00
94 33 27.66
94 34 26.23
94 35 25.28
94 36 24.60
94 37 24.12
94 38 23.81
94 39 23.63
94 40 23.58
94 41 23.63
94 42 23.79
94 43 24.03
94 44 24.37
94 45 24.78
94 46 25.26
94 47 25.81
94 48 26.42
94 49 27.09
94 50 27.82
94 51 28.59
94 52 29.42
94 53 30.31
94 54 31.24
94 55 32.22
94 56 33.27
94 57 34.38
94 58 35.57
94 59 36.86
94 60 38.31
94 61 40.06
94 62 43.14
94 63 43.84
94 64 30.19
94 65 29.40
94 66 28.62
94 67 27.83
94 68 27.03
94 69 26.24
94 70 25.44
94 71 24.63
94 72 23.83
94 73 23.01
94 74 22.20
94 75 21.38
94 76 20.55
94 77 19.71
94 78 18.87
94 79 18.02
94 80 17.15
94 81 16.28
94 82 15.39
94 83 14.48
94 84 13.55
94 85 12.60
94 86 11.62
94 87 10.60
94 88 9.53
94 89 8.38
94 90 7.13
94 91 5.70
94 92 3.91
94 93 1.00
94 94 0.00
94 95 34.38
94 96 35.91
94 97 37.02
94 98 37.94
94 99 38.72
94 100 39.42
94 101 40.05
94 102 40.62
94 103 41.15
94 104 41.64
94 105 42.09
94 106 42.52
94 107 42.92
94 108 43.30
94 109 43.66
94 110 43.99
94 111 44.30
94 112 44.59
94 113 44.85
94 114 45.09
94 115 45.31
94 116 45.49
94 117 45.65
94 118 45.76
94 119 45.82
94 120 45.82
94 121 45.73
94 122 45.49
94 123 44.96
94 124 43.14
94 125 43.84
94 126 30.18
95 1 12.39
95 2 4.96
95 3 6.01
95 4 6.91
95 5 7.75
95 6 8.56
95 7 9.34
95 8 10.11
95 9 10.86
95 10 11.61
95 11 12.35
95 12 13.09
95 13 13.82
95 14 14.56
95 15 15.29
95 16 16.01
95 17 16.74
95 18 17.46
95 19 18.19
95 20 18.91
95 21 19.63
95 22 20.35
95 23 21.07
95 24 21.78
95 25 22.50
95 26 23.21
95 27 23.92
95 28 24.62
95 29 25.32
95 30 26.01
95 31 26.66
95 32 27.66
95 33 7.02
95 34 8.74
95 35 10.09
95 36 11.26
95 37 12.32
95 38 13.31
95 39 14.25
95 40 15.15
95 41 16.02
95 42 16.86
95 43 17.69
95 44 18.50
95 45 19.29
95 46 20.07
95 47 20.85
95 48 21.61
95 49 22.36
95 50 23.11
95 51 23.85
95 52 24.58
95 53 25.31
95 54 26.03
95 55 26.74
95 56 27.44
95 57 28.14
95 58 28.82
95 59 29.49
95 60 30.14
95 61 30.74
95 62 31.18
95 63 32.18
95 64 4.96
95 65 6.60
95 66 8.03
95 67 9.33
95 68 10.53
95 69 11.67
95 70 12.75
95 71 13.79
95 72 14.81
95 73 15.79
95 74 16.76
95 75 17.70
95 76 18.63
95 77 19.55
95 78 20.45
95 79 21.34
95 80 22.23
95 81 23.10
95 82 23.97
95 83 24.83
95 84 25.69
95 85 26.54
95 86 27.39
95 87 28.23
95 88 29.08
95 89 29.92
95 90 30.76
95 91 31.60
95 92 32.45
95 93 33.38
95 94 34.38
95 95 0.00
95 96 1.79
95 97 3.23
95 98 4.51
95 99 5.68
95 100 6.79
95 101 7.85
95 102 8.88
95 103 9.87
95 104 10.85
95 105 11.80
95 106 12.74
95 107 13.67
95 108 14.59
95 109 15.49
95 110 16.39
95 111 17.29
95 112 18.18
95 113 19.06
95 114 19.94
95 115 20.82
95 116 21.70
95 117 22.58
95 118 23.45
95 119 24.34
95 120 25.23
95 121 26.12
95 122 27.04
95 123 28.00
95 124 29.19
95 125 30.19
95 126 13.02
96 1 13.49
96 2 6.60
96 3 7.42
96 4 8.12
96 5 8.77
96 6 9.40
96 7 10.03
96 8 10.65
96 9 11.27
96 10 11.90
96 11 12.52
96 12 13.16
96 13 13.79
96 14 14.43
96 15 15.07
96 16 15.72
96 17 16.36
96 18 17.01
96 19 17.66
96 20 18.32
96 21 18.97
96 22 19.62
96 23 20.28
96 24 20.93
96 25 21.58
96 26 22.23
96 27 22.88
96 28 23.52
96 29 24.14
96 30 24.74
96 31 25.23
96 32 26.23
96 33 8.74
96 34 10.49
96 35 11.86
96 36 13.04
96 37 14.11
96 38 15.10
96 39 16.04
96 40 16.94
96 41 17.80
96 42 18.64
96 43 19.46
96 44 20.26
96 45 21.04
96 46 21.81
96 47 22.57
96 48 23.32
96 49 24.06
96 50 24.79
96 51 25.51
96 52 26.22
96 53 26.93
96 54 27.62
96 55 28.31
96 56 28.98
96 57 29.65
96 58 30.30
96 59 30.93
96 60 31.53
96 61 32.07
96 62 32.37
96 63 33.35
96 64 6.01
96 65 7.42
96 66 8.77
96 67 10.03
96 68 11.23
96 69 12.38
96 70 13.48
96 71 14.55
96 72 15.59
96 73 16.60
96 74 17.59
96 75 18.57
96 76 19.52
96 77 20.47
96 78 21.40
96 79 22.32
96 80 23.24
96 81 24.14
96 82 25.04
96 83 25.93
96 84 26.82
96 85 27.70
96 86 28.58
96 87 29.46
96 88 30.34
96 89 31.21
96 90 32.09
96 91 32.97
96 92 33.88
96 93 34.91
96 94 35.91
96 95 1.79
96 96 0.00
96 97 1.45
96 98 2.74
96 99 3.94
96 100 5.07
96 101 6.15
96 102 7.20
96 103 8.21
96 104 9.21
96 105 10.19
96 106 11.15
96 107 12.11
96 108 13.05
96 109 13.98
96 110 14.91
96 111 15.83
96 112 16.75
96 113 17.66
96 114 18.57
96 115 19.48
96 116 20.39
96 117 21.30
96 118 22.22
96 119 23.14
96 120 24.07
96 121 25.02
96 122 26.00
96 123 27.04
96 124 28.42
96 125 29.40
96 126 13.06
97 1 14.64
97 2 8.03
97 3 8.77
97 4 9.36
97 5 9.91
97 6 10.44
97 7 10.96
97 8 11.48
97 9 12.01
97 10 12.54
97 11 13.08
97 12 13.62
97 13 14.17
97 14 14.73
97 15 15.30
97 16 15.87
97 17 16.44
97 18 17.02
97 19 17.61
97 20 18.20
97 21 18.79
97 22 19.38
97 23 19.97
97 24 20.57
97 25 21.16
97 26 21.74
97 27 22.33
97 28 22.90
97 29 23.45
97 30 23.96
97 31 24.28
97 32 25.28
97 33 10.09
97 34 11.86
97 35 13.24
97 36 14.44
97 37 15.52
97 38 16.53
97 39 17.48
97 40 18.38
97 41 19.25
97 42 20.09
97 43 20.91
97 44 21.71
97 45 22.49
97 46 23.26
97 47 24.02
97 48 24.76
97 49 25.50
97 50 26.22
97 51 26.93
97 52 27.64
97 53 28.33
97 54 29.01
97 55 29.69
97 56 30.35
97 57 31.00
97 58 31.63
97 59 32.24
97 60 32.81
97 61 33.31
97 62 33.52
97 63 34.51
97 64 6.91
97 65 8.12
97 66 9.36
97 67 10.58
97 68 11.76
97 69 12.89
97 70 14.00
97 71 15.07
97 72 16.12
97 73 17.15
97 74 18.16
97 75 19.15
97 76 20.13
97 77 21.09
97 78 22.04
97 79 22.99
97 80 23.92
97 81 24.85
97 82 25.77
97 83 26.69
97 84 27.60
97 85 28.50
97 86 29.41
97 87 30.31
97 88 31.21
97 89 32.12
97 90 33.03
97 91 33.95
97 92 34.90
97 93 36.03
97 94 37.02
97 95 3.23
97 96 1.45
97 97 0.00
97 98 1.30
97 99 2.50
97 100 3.64
97 101 4.73
97 102 5.79
97 103 6.82
97 104 7.83
97 105 8.83
97 106 9.81
97 107 10.77
97 108 11.73
97 109 12.68
97 110 13.62
97 111 14.56
97 112 15.50
97 113 16.43
97 114 17.36
97 115 18.29
97 116 19.22
97 117 20.16
97 118 21.10
97 119 22.05
97 120 23.01
97 121 24.00
97 122 25.02
97 123 26.12
97 124 27.64
97 125 28.62
97 126 13.02
98 1 15.79
98 2 9.33
98 3 10.03
98 4 10.58
98 5 11.07
98 6 11.53
98 7 11.98
98 8 12.43
98 9 12.89
98 10 13.34
98 11 13.81
98 12 14.29
98 13 14.77
98 14 15.26
98 15 15.76
98 16 16.26
98 17 16.77
98 18 17.29
98 19 17.81
98 20 18.34
98 21 18.87
98 22 19.41
98 23 19.94
98 24 20.48
98 25 21.01
98 26 21.54
98 27 22.06
98 28 22.56
98 29 23.04
98 30 23.46
98 31 23.61
98 32 24.60
98 33 11.26
98 34 13.04
98 35 14.44
98 36 15.65
98 37 16.75
98 38 17.77
98 39 18.73
98 40 19.64
98 41 20.52
98 42 21.37
98 43 22.19
98 44 23.00
98 45 23.79
98 46 24.56
98 47 25.31
98 48 26.06
98 49 26.79
98 50 27.51
98 51 28.22
98 52 28.92
98 53 29.61
98 54 30.29
98 55 30.96
98 56 31.62
98 57 32.26
98 58 32.88
98 59 33.47
98 60 34.03
98 61 34.51
98 62 34.66
98 63 35.64
98 64 7.75
98 65 8.77
98 66 9.91
98 67 11.07
98 68 12.21
98 69 13.33
98 70 14.42
98 71 15.50
98 72 16.55
98 73 17.58
98 74 18.60
98 75 19.60
98 76 20.59
98 77 21.57
98 78 22.54
98 79 23.50
98 80 24.45
98 81 25.40
98 82 26.34
98 83 27.27
98 84 28.20
98 85 29.13
98 86 30.06
98 87 30.98
98 88 31.91
98 89 32.84
98 90 33.78
98 91 34.74
98 92 35.73
98 93 36.94
98 94 37.94
98 95 4.51
98 96 2.74
98 97 1.30
98 98 0.00
98 99 1.20
98 100 2.35
98 101 3.45
98 102 4.52
98 103 5.56
98 104 6.58
98 105 7.58
98 106 8.57
98 107 9.55
98 108 10.51
98 109 11.48
98 110 12.43
98 111 13.38
98 112 14.33
98 113 15.28
98 114 16.22
98 115 17.17
98 116 18.12
98 117 19.08
98 118 20.04
98 119 21.01
98 120 22.00
98 121 23.01
98 122 24.07
98 123 25.23
98 124 26.86
98 125 27.83
98 126 12.97
99 1 16.92
99 2 10.53
99 3 11.23
99 4 11.76
99 5 12.21
99 6 12.63
99 7 13.03
99 8 13.43
99 9 13.84
99 10 14.24
99 11 14.65
99 12 15.07
99 13 15.49
99 14 15.93
99 15 16.37
99 16 16.82
99 17 17.27
99 18 17.73
99 19 18.20
99 20 18.67
99 21 19.15
99 22 19.63
99 23 20.11
99 24 20.58
99 25 21.06
99 26 21.53
99 27 21.99
99 28 22.43
99 29 22.84
99 30 23.16
99 31 23.15
99 32 24.12
99 33 12.32
99 34 14.11
99 35 15.52
99 36 16.75
99 37 17.86
99 38 18.89
99 39 19.86
99 40 20.79
99 41 21.68
99 42 22.53
99 43 23.37
99 44 24.18
99 45 24.97
99 46 25.75
99 47 26.51
99 48 27.26
99 49 27.99
99 50 28.72
99 51 29.43
99 52 30.13
99 53 30.82
99 54 31.50
99 55 32.16
99 56 32.82
99 57 33.45
99 58 34.07
99 59 34.65
99 60 35.20
99 61 35.66
99 62 35.77
99 63 36.75
99 64 8.56
99 65 9.40
99 66 10.44
99 67 11.53
99 68 12.63
99 69 13.72
99 70 14.80
99 71 15.87
99 72 16.92
99 73 17.95
99 74 18.97
99 75 19.98
99 76 20.98
99 77 21.97
99 78 22.95
99 79 23.92
99 80 24.89
99 81 25.85
99 82 26.80
99 83 27.75
99 84 28.70
99 85 29.65
99 86 30.59
99 87 31.54
99 88 32.49
99 89 33.44
99 90 34.41
99 91 35.40
99 92 36.44
99 93 37.73
99 94 38.72
99 95 5.68
99 96 3.94
99 97 2.50
99 98 1.20
99 99 0.00
99 100 1.15
99 101 2.25
99 102 3.32
99 103 4.37
99 104 5.39
99 105 6.40
99 106 7.40
99 107 8.38
99 108 9.36
99 109 10.33
99 110 11.30
99 111 12.26
99 112 13.22
99 113 14.18
99 114 15.14
99 115 16.10
99 116 17.06
99 117 18.03
99 118 19.01
99 119 20.00
99 120 21.01
99 121 22.05
99 122 23.14
99 123 24.34
99 124 26.07
99 125 27.03
99 126 12.92
100 1 18.03
100 2 11.67
100 3 12.38
100 4 12.89
100 5 13.33
100 6 13.72
100 7 14.10
100 8 14.46
100 9 14.82
100 10 15.18
100 11 15.55
100 12 15.92
100 13 16.30
100 14 16.69
100 15 17.08
100 16 17.48
100 17 17.89
100 18 18.30
100 19 18.72
100 20 19.14
100 21 19.56
100 22 19.99
100 23 20.42
100 24 20.84
100 25 21.26
100 26 21.68
100 27 22.08
100 28 22.46
100 29 22.79
100 30 23.03
100 31 22.84
100 32 23.81
100 33 13.31
100 34 15.10
100 35 16.53
100 36 17.77
100 37 18.89
100 38 19.93
100 39 20.92
100 40 21.85
100 41 22.75
100 42 23.62
100 43 24.46
100 44 25.28
100 45 26.08
100 46 26.86
100 47 27.63
100 48 28.38
100 49 29.12
100 50 29.85
100 51 30.57
100 52 31.27
100 53 31.96
100 54 32.64
100 55 33.31
100 56 33.96
100 57 34.60
100 58 35.21
100 59 35.79
100 60 36.33
100 61 36.79
100 62 36.87
100 63 37.85
100 64 9.34
100 65 10.03
100 66 10.96
100 67 11.98
100 68 13.03
100 69 14.10
100 70 15.15
100 71 16.21
100 72 17.25
100 73 18.28
100 74 19.30
100 75 20.32
100 76 21.32
100 77 22.32
100 78 23.30
100 79 24.29
100 80 25.26
100 81 26.23
100 82 27.20
100 83 28.17
100 84 29.13
100 85 30.09
100 86 31.05
100 87 32.02
100 88 32.99
100 89 33.97
100 90 34.96
100 91 35.98
100 92 37.05
100 93 38.43
100 94 39.42
100 95 6.79
100 96 5.07
100 97 3.64
100 98 2.35
100 99 1.15
100 100 0.00
100 101 1.10
100 102 2.18
100 103 3.23
100 104 4.26
100 105 5.27
100 106 6.27
100 107 7.27
100 108 8.25
100 109 9.23
100 110 10.20
100 111 11.17
100 112 12.14
100 113 13.11
100 114 14.08
100 115 15.05
100 116 16.02
100 117 17.01
100 118 18.00
100 119 19.01
100 120 20.04
100 121 21.10
100 122 22.22
100 123 23.45
100 124 25.29
100 125 26.24
100 126 12.89
101 1 19.12
101 2 12.75
101 3 13.48
101 4 14.00
101 5 14.42
101 6 14.80
101 7 15.15
101 8 15.50
101 9 15.83
101 10 16.16
101 11 16.49
101 12 16.83
101 13 17.17
101 14 17.52
101 15 17.87
101 16 18.23
101 17 18.59
101 18 18.96
101 19 19.33
101 20 19.71
101 21 20.08
101 22 20.47
101 23 20.84
101 24 21.22
101 25 21.59
101 26 21.95
101 27 22.30
101 28 22.61
101 29 22.88
101 30 23.03
101 31 22.68
101 32 23.63
101 33 14.25
101 34 16.04
101 35 17.48
101 36 18.73
101 37 19.86
101 38 20.92
101 39 21.91
101 40 22.86
101 41 23.77
101 42 24.65
101 43 25.50
101 44 26.33
101 45 27.13
101 46 27.92
101 47 28.70
101 48 29.46
101 49 30.20
101 50 30.94
101 51 31.66
101 52 32.36
101 53 33.06
101 54 33.74
101 55 34.41
101 56 35.07
101 57 35.70
101 58 36.31
101 59 36.90
101 60 37.43
101 61 37.88
101 62 37.95
101 63 38.92
101 64 10.11
101 65 10.65
101 66 11.48
101 67 12.43
101 68 13.43
101 69 14.46
101 70 15.50
101 71 16.53
101 72 17.56
101 73 18.59
101 74 19.61
101 75 20.62
101 76 21.63
101 77 22.63
101 78 23.62
101 79 24.61
101 80 25.59
101 81 26.58
101 82 27.55
101 83 28.53
101 84 29.51
101 85 30.48
101 86 31.46
101 87 32.44
101 88 33.43
101 89 34.43
101 90 35.45
101 91 36.49
101 92 37.61
101 93 39.06
101 94 40.05
101 95 7.85
101 96 6.15
101 97 4.73
101 98 3.45
101 99 2.25
101 100 1.10
101 101 0.00
101 102 1.07
101 103 2.13
101 104 3.16
101 105 4.18
101 106 5.18
101 107 6.18
101 108 7.17
101 109 8.15
101 110 9.13
101 111 10.11
101 112 11.08
101 113 12.06
101 114 13.04
101 115 14.02
101 116 15.01
101 117 16.00
101 118 17.01
101 119 18.03
101 120 19.08
101 121 20.16
101 122 21.30
101 123 22.58
101 124 24.50
101 125 25.44
101 126 12.87
102 1 20.19
102 2 13.79
102 3 14.55
102 4 15.07
102 5 15.50
102 6 15.87
102 7 16.21
102 8 16.53
102 9 16.84
102 10 17.15
102 11 17.46
102 12 17.77
102 13 18.08
102 14 18.39
102 15 18.71
102 16 19.03
102 17 19.36
102 18 19.69
102 19 20.02
102 20 20.36
102 21 20.70
102 22 21.03
102 23 21.37
102 24 21.70
102 25 22.02
102 26 22.34
102 27 22.63
102 28 22.89
102 29 23.09
102 30 23.16
102 31 22.64
102 32 23.58
102 33 15.15
102 34 16.94
102 35 18.38
102 36 19.64
102 37 20.79
102 38 21.85
102 39 22.86
102 40 23.82
102 41 24.74
102 42 25.63
102 43 26.49
102 44 27.32
102 45 28.14
102 46 28.94
102 47 29.72
102 48 30.49
102 49 31.24
102 50 31.98
102 51 32.70
102 52 33.42
102 53 34.12
102 54 34.80
102 55 35.48
102 56 36.13
102 57 36.77
102 58 37.39
102 59 37.97
102 60 38.51
102 61 38.95
102 62 39.01
102 63 39.99
102 64 10.86
102 65 11.27
102 66 12.01
102 67 12.89
102 68 13.84
102 69 14.82
102 70 15.83
102 71 16.84
102 72 17.86
102 73 18.88
102 74 19.89
102 75 20.90
102 76 21.91
102 77 22.91
102 78 23.91
102 79 24.90
102 80 25.89
102 81 26.88
102 82 27.87
102 83 28.86
102 84 29.84
102 85 30.83
102 86 31.82
102 87 32.82
102 88 33.83
102 89 34.85
102 90 35.88
102 91 36.96
102 92 38.11
102 93 39.64
102 94 40.62
102 95 8.88
102 96 7.20
102 97 5.79
102 98 4.52
102 99 3.32
102 100 2.18
102 101 1.07
102 102 0.00
102 103 1.05
102 104 2.09
102 105 3.11
102 106 4.12
102 107 5.12
102 108 6.11
102 109 7.10
102 110 8.08
102 111 9.07
102 112 10.05
102 113 11.03
102 114 12.01
102 115 13.00
102 116 14.00
102 117 15.01
102 118 16.02
102 119 17.06
102 120 18.12
102 121 19.22
102 122 20.39
102 123 21.70
102 124 23.70
102 125 24.63
102 126 12.88
103 1 21.25
103 2 14.81
103 3 15.59
103 4 16.12
103 5 16.55
103 6 16.92
103 7 17.25
103 8 17.56
103 9 17.86
103 10 18.15
103 11 18.44
103 12 18.72
103 13 19.01
103 14 19.30
103 15 19.59
103 16 19.88
103 17 20.18
103 18 20.47
103 19 20.77
103 20 21.08
103 21 21.38
103 22 21.68
103 23 21.97
103 24 22.26
103 25 22.54
103 26 22.81
103 27 23.05
103 28 23.25
103 29 23.39
103 30 23.39
103 31 22.71
103 32 23.63
103 33 16.02
103 34 17.80
103 35 19.25
103 36 20.52
103 37 21.68
103 38 22.75
103 39 23.77
103 40 24.74
103 41 25.67
103 42 26.56
103 43 27.44
103 44 28.28
103 45 29.11
103 46 29.91
103 47 30.70
103 48 31.48
103 49 32.24
103 50 32.98
103 51 33.71
103 52 34.43
103 53 35.14
103 54 35.83
103 55 36.51
103 56 37.17
103 57 37.81
103 58 38.43
103 59 39.02
103 60 39.56
103 61 40.01
103 62 40.06
103 63 41.03
103 64 11.61
103 65 11.90
103 66 12.54
103 67 13.34
103 68 14.24
103 69 15.18
103 70 16.16
103 71 17.15
103 72 18.15
103 73 19.15
103 74 20.16
103 75 21.16
103 76 22.17
103 77 23.17
103 78 24.17
103 79 25.17
103 80 26.16
103 81 27.16
103 82 28.16
103 83 29.15
103 84 30.15
103 85 31.15
103 86 32.15
103 87 33.17
103 88 34.19
103 89 35.22
103 90 36.28
103 91 37.38
103 92 38.56
103 93 40.17
103 94 41.15
103 95 9.87
103 96 8.21
103 97 6.82
103 98 5.56
103 99 4.37
103 100 3.23
103 101 2.13
103 102 1.05
103 103 0.00
103 104 1.04
103 105 2.06
103 106 3.07
103 107 4.07
103 108 5.07
103 109 6.06
103 110 7.05
103 111 8.04
103 112 9.02
103 113 10.01
103 114 11.00
103 115 12.00
103 116 13.00
103 117 14.02
103 118 15.05
103 119 16.10
103 120 17.17
103 121 18.29
103 122 19.48
103 123 20.82
103 124 22.91
103 125 23.83
103 126 12.91
104 1 22.28
104 2 15.79
104 3 16.60
104 4 17.15
104 5 17.58
104 6 17.95
104 7 18.28
104 8 18.59
104 9 18.88
104 10 19.15
104 11 19.43
104 12 19.69
104 13 19.96
104 14 20.23
104 15 20.50
104 16 20.76
104 17 21.03
104 18 21.30
104 19 21.57
104 20 21.85
104 21 22.11
104 22 22.38
104 23 22.64
104 24 22.89
104 25 23.13
104 26 23.36
104 27 23.55
104 28 23.71
104 29 23.79
104 30 23.71
104 31 22.88
104 32 23.79
104 33 16.86
104 34 18.64
104 35 20.09
104 36 21.37
104 37 22.53
104 38 23.62
104 39 24.65
104 40 25.63
104 41 26.56
104 42 27.47
104 43 28.35
104 44 29.21
104 45 30.04
104 46 30.86
104 47 31.65
104 48 32.44
104 49 33.20
104 50 33.96
104 51 34.70
104 52 35.42
104 53 36.13
104 54 36.83
104 55 37.52
104 56 38.18
104 57 38.83
104 58 39.45
104 59 40.05
104 60 40.59
104 61 41.04
104 62 41.09
104 63 42.07
104 64 12.35
104 65 12.52
104 66 13.08
104 67 13.81
104 68 14.65
104 69 15.55
104 70 16.49
104 71 17.46
104 72 18.44
104 73 19.43
104 74 20.42
104 75 21.42
104 76 22.42
104 77 23.42
104 78 24.42
104 79 25.42
104 80 26.42
104 81 27.42
104 82 28.42
104 83 29.42
104 84 30.43
104 85 31.44
104 86 32.46
104 87 33.48
104 88 34.52
104 89 35.57
104 90 36.65
104 91 37.77
104 92 38.99
104 93 40.67
104 94 41.64
104 95 10.85
104 96 9.21
104 97 7.83
104 98 6.58
104 99 5.39
104 100 4.26
104 101 3.16
104 102 2.09
104 103 1.04
104 104 0.00
104 105 1.02
104 106 2.04
104 107 3.04
104 108 4.04
104 109 5.03
104 110 6.03
104 111 7.02
104 112 8.01
104 113 9.00
104 114 10.00
104 115 11.00
104 116 12.01
104 117 13.04
104 118 14.08
104 119 15.14
104 120 16.22
104 121 17.36
104 122 18.57
104 123 19.94
104 124 22.11
104 125 23.01
104 126 12.97
105 1 23.30
105 2 16.76
105 3 17.59
105 4 18.16
105 5 18.60
105 6 18.97
105 7 19.30
105 8 19.61
105 9 19.89
105 10 20.16
105 11 20.42
105 12 20.68
105 13 20.93
105 14 21.18
105 15 21.43
105 16 21.68
105 17 21.92
105 18 22.17
105 19 22.41
105 20 22.66
105 21 22.90
105 22 23.14
105 23 23.36
105 24 23.58
105 25 23.79
105 26 23.97
105 27 24.13
105 28 24.24
105 29 24.26
105 30 24.11
105 31 23.15
105 32 24.03
105 33 17.69
105 34 19.46
105 35 20.91
105 36 22.19
105 37 23.37
105 38 24.46
105 39 25.50
105 40 26.49
105 41 27.44
105 42 28.35
105 43 29.24
105 44 30.11
105 45 30.95
105 46 31.77
105 47 32.58
105 48 33.37
105 49 34.14
105 50 34.90
105 51 35.65
105 52 36.38
105 53 37.10
105 54 37.81
105 55 38.50
105 56 39.17
105 57 39.82
105 58 40.45
105 59 41.05
105 60 41.60
105 61 42.06
105 62 42.12
105 63 43.09
105 64 13.09
105 65 13.16
105 66 13.62
105 67 14.29
105 68 15.07
105 69 15.92
105 70 16.83
105 71 17.77
105 72 18.72
105 73 19.69
105 74 20.68
105 75 21.66
105 76 22.66
105 77 23.65
105 78 24.65
105 79 25.65
105 80 26.65
105 81 27.66
105 82 28.66
105 83 29.67
105 84 30.69
105 85 31.71
105 86 32.73
105 87 33.77
105 88 34.82
105 89 35.89
105 90 36.98
105 91 38.13
105 92 39.38
105 93 41.13
105 94 42.09
105 95 11.80
105 96 10.19
105 97 8.83
105 98 7.58
105 99 6.40
105 100 5.27
105 101 4.18
105 102 3.11
105 103 2.06
105 104 1.02
105 105 0.00
105 106 1.01
105 107 2.02
105 108 3.02
105 109 4.02
105 110 5.01
105 111 6.01
105 112 7.00
105 113 8.00
105 114 9.00
105 115 10.01
105 116 11.03
105 117 12.06
105 118 13.11
105 119 14.18
105 120 15.28
105 121 16.43
105 122 17.66
105 123 19.06
105 124 21.30
105 125 22.20
105 126 13.05
106 1 24.31
106 2 17.70
106 3 18.57
106 4 19.15
106 5 19.60
106 6 19.98
106 7 20.32
106 8 20.62
106 9 20.90
106 10 21.16
106 11 21.42
106 12 21.66
106 13 21.91
106 14 22.14
106 15 22.38
106 16 22.61
106 17 22.84
106 18 23.06
106 19 23.29
106 20 23.51
106 21 23.72
106 22 23.93
106 23 24.14
106 24 24.33
106 25 24.50
106 26 24.65
106 27 24.77
106 28 24.83
106 29 24.81
106 30 24.59
106 31 23.50
106 32 24.37
106 33 18.50
106 34 20.26
106 35 21.71
106 36 23.00
106 37 24.18
106 38 25.28
106 39 26.33
106 40 27.32
106 41 28.28
106 42 29.21
106 43 30.11
106 44 30.98
106 45 31.83
106 46 32.66
106 47 33.48
106 48 34.28
106 49 35.06
106 50 35.83
106 51 36.58
106 52 37.32
106 53 38.05
106 54 38.76
106 55 39.46
106 56 40.14
106 57 40.80
106 58 41.44
106 59 42.04
106 60 42.60
106 61 43.06
106 62 43.13
106 63 44.10
106 64 13.82
106 65 13.79
106 66 14.17
106 67 14.77
106 68 15.49
106 69 16.30
106 70 17.17
106 71 18.08
106 72 19.01
106 73 19.96
106 74 20.93
106 75 21.91
106 76 22.89
106 77 23.88
106 78 24.87
106 79 25.87
106 80 26.88
106 81 27.88
106 82 28.89
106 83 29.91
106 84 30.93
106 85 31.95
106 86 32.99
106 87 34.03
106 88 35.10
106 89 36.18
106 90 37.30
106 91 38.46
106 92 39.74
106 93 41.56
106 94 42.52
106 95 12.74
106 96 11.15
106 97 9.81
106 98 8.57
106 99 7.40
106 100 6.27
106 101 5.18
106 102 4.12
106 103 3.07
106 104 2.04
106 105 1.01
106 106 0.00
106 107 1.01
106 108 2.01
106 109 3.01
106 110 4.00
106 111 5.00
106 112 6.00
106 113 7.00
106 114 8.01
106 115 9.02
106 116 10.05
106 117 11.08
106 118 12.14
106 119 13.22
106 120 14.33
106 121 15.50
106 122 16.75
106 123 18.18
106 124 20.49
106 125 21.38
106 126 13.17
107 1 25.30
107 2 18.63
107 3 19.52
107 4 20.13
107 5 20.59
107 6 20.98
107 7 21.32
107 8 21.63
107 9 21.91
107 10 22.17
107 11 22.42
107 12 22.66
107 13 22.89
107 14 23.12
107 15 23.34
107 16 23.56
107 17 23.77
107 18 23.98
107 19 24.19
107 20 24.39
107 21 24.58
107 22 24.77
107 23 24.95
107 24 25.11
107 25 25.26
107 26 25.37
107 27 25.46
107 28 25.48
107 29 25.42
107 30 25.14
107 31 23.93
107 32 24.78
107 33 19.29
107 34 21.04
107 35 22.49
107 36 23.79
107 37 24.97
107 38 26.08
107 39 27.13
107 40 28.14
107 41 29.11
107 42 30.04
107 43 30.95
107 44 31.83
107 45 32.69
107 46 33.53
107 47 34.36
107 48 35.16
107 49 35.95
107 50 36.73
107 51 37.49
107 52 38.24
107 53 38.98
107 54 39.70
107 55 40.40
107 56 41.09
107 57 41.76
107 58 42.40
107 59 43.01
107 60 43.58
107 61 44.05
107 62 44.13
107 63 45.10
107 64 14.56
107 65 14.43
107 66 14.73
107 67 15.26
107 68 15.93
107 69 16.69
107 70 17.52
107 71 18.39
107 72 19.30
107 73 20.23
107 74 21.18
107 75 22.14
107 76 23.12
107 77 24.10
107 78 25.09
107 79 26.08
107 80 27.09
107 81 28.09
107 82 29.10
107 83 30.12
107 84 31.15
107 85 32.18
107 86 33.22
107 87 34.28
107 88 35.36
107 89 36.45
107 90 37.59
107 91 38.77
107 92 40.08
107 93 41.97
107 94 42.92
107 95 13.67
107 96 12.11
107 97 10.77
107 98 9.55
107 99 8.38
107 100 7.27
107 101 6.18
107 102 5.12
107 103 4.07
107 104 3.04
107 105 2.02
107 106 1.01
107 107 0.00
107 108 1.00
107 109 2.00
107 110 3.00
107 111 4.00
107 112 5.00
107 113 6.01
107 114 7.02
107 115 8.04
107 116 9.07
107 117 10.11
107 118 11.17
107 119 12.26
107 120 13.38
107 121 14.56
107 122 15.83
107 123 17.29
107 124 19.68
107 125 20.55
107 126 13.31
108 1 26.28
108 2 19.55
108 3 20.47
108 4 21.09
108 5 21.57
108 6 21.97
108 7 22.32
108 8 22.63
108 9 22.91
108 10 23.17
108 11 23.42
108 12 23.65
108 13 23.88
108 14 24.10
108 15 24.31
108 16 24.52
108 17 24.72
108 18 24.92
108 19 25.11
108 20 25.30
108 21 25.47
108 22 25.64
108 23 25.80
108 24 25.94
108 25 26.05
108 26 26.15
108 27 26.20
108 28 26.19
108 29 26.08
108 30 25.76
108 31 24.43
108 32 25.26
108 33 20.07
108 34 21.81
108 35 23.26
108 36 24.56
108 37 25.75
108 38 26.86
108 39 27.92
108 40 28.94
108 41 29.91
108 42 30.86
108 43 31.77
108 44 32.66
108 45 33.53
108 46 34.38
108 47 35.21
108 48 36.03
108 49 36.83
108 50 37.62
108 51 38.39
108 52 39.14
108 53 39.88
108 54 40.61
108 55 41.33
108 56 42.02
108 57 42.70
108 58 43.35
108 59 43.97
108 60 44.54
108 61 45.02
108 62 45.12
108 63 46.09
108 64 15.29
108 65 15.07
108 66 15.30
108 67 15.76
108 68 16.37
108 69 17.08
108 70 17.87
108 71 18.71
108 72 19.59
108 73 20.50
108 74 21.43
108 75 22.38
108 76 23.34
108 77 24.31
108 78 25.30
108 79 26.29
108 80 27.29
108 81 28.29
108 82 29.30
108 83 30.33
108 84 31.35
108 85 32.39
108 86 33.44
108 87 34.51
108 88 35.59
108 89 36.70
108 90 37.85
108 91 39.06
108 92 40.40
108 93 42.36
108 94 43.30
108 95 14.59
108 96 13.05
108 97 11.73
108 98 10.51
108 99 9.36
108 100 8.25
108 101 7.17
108 102 6.11
108 103 5.07
108 104 4.04
108 105 3.02
108 106 2.01
108 107 1.00
108 108 0.00
108 109 1.00
108 110 2.00
108 111 3.00
108 112 4.00
108 113 5.01
108 114 6.03
108 115 7.05
108 116 8.08
108 117 9.13
108 118 10.20
108 119 11.30
108 120 12.43
108 121 13.62
108 122 14.91
108 123 16.39
108 124 18.86
108 125 19.71
108 126 13.48
109 1 27.26
109 2 20.45
109 3 21.40
109 4 22.04
109 5 22.54
109 6 22.95
109 7 23.30
109 8 23.62
109 9 23.91
109 10 24.17
109 11 24.42
109 12 24.65
109 13 24.87
109 14 25.09
109 15 25.30
109 16 25.50
109 17 25.69
109 18 25.87
109 19 26.05
109 20 26.22
109 21 26.39
109 22 26.54
109 23 26.67
109 24 26.79
109 25 26.89
109 26 26.96
109 27 26.98
109 28 26.94
109 29 26.80
109 30 26.42
109 31 25.00
109 32 25.81
109 33 20.85
109 34 22.57
109 35 24.02
109 36 25.31
109 37 26.51
109 38 27.63
109 39 28.70
109 40 29.72
109 41 30.70
109 42 31.65
109 43 32.58
109 44 33.48
109 45 34.36
109 46 35.21
109 47 36.06
109 48 36.88
109 49 37.69
109 50 38.48
109 51 39.26
109 52 40.03
109 53 40.78
109 54 41.51
109 55 42.23
109 56 42.94
109 57 43.62
109 58 44.28
109 59 44.91
109 60 45.49
109 61 45.98
109 62 46.10
109 63 47.07
109 64 16.01
109 65 15.72
109 66 15.87
109 67 16.26
109 68 16.82
109 69 17.48
109 70 18.23
109 71 19.03
109 72 19.88
109 73 20.76
109 74 21.68
109 75 22.61
109 76 23.56
109 77 24.52
109 78 25.50
109 79 26.48
109 80 27.48
109 81 28.48
109 82 29.49
109 83 30.52
109 84 31.55
109 85 32.59
109 86 33.65
109 87 34.72
109 88 35.82
109 89 36.94
109 90 38.10
109 91 39.33
109 92 40.70
109 93 42.72
109 94 43.66
109 95 15.49
109 96 13.98
109 97 12.68
109 98 11.48
109 99 10.33
109 100 9.23
109 101 8.15
109 102 7.10
109 103 6.06
109 104 5.03
109 105 4.02
109 106 3.01
109 107 2.00
109 108 1.00
109 109 0.00
109 110 1.00
109 111 2.00
109 112 3.01
109 113 4.02
109 114 5.03
109 115 6.06
109 116 7.10
109 117 8.15
109 118 9.23
109 119 10.33
109 120 11.48
109 121 12.68
109 122 13.98
109 123 15.49
109 124 18.03
109 125 18.87
109 126 13.67
110 1 28.22
110 2 21.34
110 3 22.32
110 4 22.99
110 5 23.50
110 6 23.92
110 7 24.29
110 8 24.61
110 9 24.90
110 10 25.17
110 11 25.42
110 12 25.65
110 13 25.87
110 14 26.08
110 15 26.29
110 16 26.48
110 17 26.67
110 18 26.84
110 19 27.01
110 20 27.17
110 21 27.32
110 22 27.46
110 23 27.58
110 24 27.68
110 25 27.76
110 26 27.81
110 27 27.81
110 28 27.74
110 29 27.56
110 30 27.14
110 31 25.63
110 32 26.42
110 33 21.61
110 34 23.32
110 35 24.76
110 36 26.06
110 37 27.26
110 38 28.38
110 39 29.46
110 40 30.49
110 41 31.48
110 42 32.44
110 43 33.37
110 44 34.28
110 45 35.16
110 46 36.03
110 47 36.88
110 48 37.71
110 49 38.53
110 50 39.33
110 51 40.12
110 52 40.89
110 53 41.65
110 54 42.40
110 55 43.13
110 56 43.84
110 57 44.53
110 58 45.20
110 59 45.84
110 60 46.43
110 61 46.94
110 62 47.07
110 63 48.05
110 64 16.74
110 65 16.36
110 66 16.44
110 67 16.77
110 68 17.27
110 69 17.89
110 70 18.59
110 71 19.36
110 72 20.18
110 73 21.03
110 74 21.92
110 75 22.84
110 76 23.77
110 77 24.72
110 78 25.69
110 79 26.67
110 80 27.66
110 81 28.66
110 82 29.67
110 83 30.69
110 84 31.73
110 85 32.77
110 86 33.83
110 87 34.92
110 88 36.02
110 89 37.15
110 90 38.33
110 91 39.58
110 92 40.97
110 93 43.06
110 94 43.99
110 95 16.39
110 96 14.91
110 97 13.62
110 98 12.43
110 99 11.30
110 100 10.20
110 101 9.13
110 102 8.08
110 103 7.05
110 104 6.03
110 105 5.01
110 106 4.00
110 107 3.00
110 108 2.00
110 109 1.00
110 110 0.00
110 111 1.00
110 112 2.01
110 113 3.02
110 114 4.04
110 115 5.07
110 116 6.11
110 117 7.17
110 118 8.25
110 119 9.36
110 120 10.51
110 121 11.73
110 122 13.05
110 123 14.59
110 124 17.19
110 125 18.02
110 126 13.89
111 1 29.18
111 2 22.23
111 3 23.24
111 4 23.92
111 5 24.45
111 6 24.89
111 7 25.26
111 8 25.59
111 9 25.89
111 10 26.16
111 11 26.42
111 12 26.65
111 13 26.88
111 14 27.09
111 15 27.29
111 16 27.48
111 17 27.66
111 18 27.83
111 19 27.99
111 20 28.14
111 21 28.28
111 22 28.40
111 23 28.51
111 24 28.60
111 25 28.66
111 26 28.69
111 27 28.67
111 28 28.58
111 29 28.37
111 30 27.91
111 31 26.32
111 32 27.09
111 33 22.36
111 34 24.06
111 35 25.50
111 36 26.79
111 37 27.99
111 38 29.12
111 39 30.20
111 40 31.24
111 41 32.24
111 42 33.20
111 43 34.14
111 44 35.06
111 45 35.95
111 46 36.83
111 47 37.69
111 48 38.53
111 49 39.35
111 50 40.16
111 51 40.96
111 52 41.74
111 53 42.51
111 54 43.26
111 55 44.00
111 56 44.72
111 57 45.43
111 58 46.11
111 59 46.75
111 60 47.36
111 61 47.88
111 62 48.03
111 63 49.01
111 64 17.46
111 65 17.01
111 66 17.02
111 67 17.29
111 68 17.73
111 69 18.30
111 70 18.96
111 71 19.69
111 72 20.47
111 73 21.30
111 74 22.17
111 75 23.06
111 76 23.98
111 77 24.92
111 78 25.87
111 79 26.84
111 80 27.83
111 81 28.82
111 82 29.83
111 83 30.86
111 84 31.89
111 85 32.94
111 86 34.01
111 87 35.09
111 88 36.21
111 89 37.35
111 90 38.54
111 91 39.81
111 92 41.23
111 93 43.38
111 94 44.30
111 95 17.29
111 96 15.83
111 97 14.56
111 98 13.38
111 99 12.26
111 100 11.17
111 101 10.11
111 102 9.07
111 103 8.04
111 104 7.02
111 105 6.01
111 106 5.00
111 107 4.00
111 108 3.00
111 109 2.00
111 110 1.00
111 111 0.00
111 112 1.01
111 113 2.02
111 114 3.04
111 115 4.07
111 116 5.12
111 117 6.18
111 118 7.27
111 119 8.38
111 120 9.55
111 121 10.77
111 122 12.11
111 123 13.67
111 124 16.35
111 125 17.15
111 126 14.14
112 1 30.12
112 2 23.10
112 3 24.14
112 4 24.85
112 5 25.40
112 6 25.85
112 7 26.23
112 8 26.58
112 9 26.88
112 10 27.16
112 11 27.42
112 12 27.66
112 13 27.88
112 14 28.09
112 15 28.29
112 16 28.48
112 17 28.66
112 18 28.82
112 19 28.98
112 20 29.12
112 21 29.25
112 22 29.37
112 23 29.47
112 24 29.54
112 25 29.59
112 26 29.60
112 27 29.56
112 28 29.45
112 29 29.22
112 30 28.73
112 31 27.06
112 32 27.82
112 33 23.11
112 34 24.79
112 35 26.22
112 36 27.51
112 37 28.72
112 38 29.85
112 39 30.94
112 40 31.98
112 41 32.98
112 42 33.96
112 43 34.90
112 44 35.83
112 45 36.73
112 46 37.62
112 47 38.48
112 48 39.33
112 49 40.16
112 50 40.98
112 51 41.79
112 52 42.58
112 53 43.36
112 54 44.12
112 55 44.87
112 56 45.60
112 57 46.31
112 58 47.00
112 59 47.66
112 60 48.28
112 61 48.81
112 62 48.99
112 63 49.97
112 64 18.19
112 65 17.66
112 66 17.61
112 67 17.81
112 68 18.20
112 69 18.72
112 70 19.33
112 71 20.02
112 72 20.77
112 73 21.57
112 74 22.41
112 75 23.29
112 76 24.19
112 77 25.11
112 78 26.05
112 79 27.01
112 80 27.99
112 81 28.98
112 82 29.99
112 83 31.01
112 84 32.04
112 85 33.09
112 86 34.16
112 87 35.25
112 88 36.37
112 89 37.53
112 90 38.73
112 91 40.02
112 92 41.46
112 93 43.68
112 94 44.59
112 95 18.18
112 96 16.75
112 97 15.50
112 98 14.33
112 99 13.22
112 100 12.14
112 101 11.08
112 102 10.05
112 103 9.02
112 104 8.01
112 105 7.00
112 106 6.00
112 107 5.00
112 108 4.00
112 109 3.01
112 110 2.01
112 111 1.01
112 112 0.00
112 113 1.01
112 114 2.04
112 115 3.07
112 116 4.12
112 117 5.18
112 118 6.27
112 119 7.40
112 120 8.57
112 121 9.81
112 122 11.15
112 123 12.74
112 124 15.49
112 125 16.28
112 126 14.41
113 1 31.07
113 2 23.97
113 3 25.04
113 4 25.77
113 5 26.34
113 6 26.80
113 7 27.20
113 8 27.55
113 9 27.87
113 10 28.16
113 11 28.42
113 12 28.66
113 13 28.89
113 14 29.10
113 15 29.30
113 16 29.49
113 17 29.67
113 18 29.83
113 19 29.99
113 20 30.12
113 21 30.25
113 22 30.36
113 23 30.45
113 24 30.51
113 25 30.55
113 26 30.55
113 27 30.49
113 28 30.36
113 29 30.10
113 30 29.58
113 31 27.85
113 32 28.59
113 33 23.85
113 34 25.51
113 35 26.93
113 36 28.22
113 37 29.43
113 38 30.57
113 39 31.66
113 40 32.70
113 41 33.71
113 42 34.70
113 43 35.65
113 44 36.58
113 45 37.49
113 46 38.39
113 47 39.26
113 48 40.12
113 49 40.96
113 50 41.79
113 51 42.60
113 52 43.40
113 53 44.19
113 54 44.96
113 55 45.72
113 56 46.46
113 57 47.18
113 58 47.88
113 59 48.55
113 60 49.18
113 61 49.73
113 62 49.94
113 63 50.92
113 64 18.91
113 65 18.32
113 66 18.20
113 67 18.34
113 68 18.67
113 69 19.14
113 70 19.71
113 71 20.36
113 72 21.08
113 73 21.85
113 74 22.66
113 75 23.51
113 76 24.39
113 77 25.30
113 78 26.22
113 79 27.17
113 80 28.14
113 81 29.12
113 82 30.12
113 83 31.14
113 84 32.18
113 85 33.23
113 86 34.30
113 87 35.40
113 88 36.52
113 89 37.69
113 90 38.90
113 91 40.20
113 92 41.68
113 93 43.95
113 94 44.85
113 95 19.06
113 96 17.66
113 97 16.43
113 98 15.28
113 99 14.18
113 100 13.11
113 101 12.06
113 102 11.03
113 103 10.01
113 104 9.00
113 105 8.00
113 106 7.00
113 107 6.01
113 108 5.01
113 109 4.02
113 110 3.02
113 111 2.02
113 112 1.01
113 113 0.00
113 114 1.02
113 115 2.06
113 116 3.11
113 117 4.18
113 118 5.27
113 119 6.40
113 120 7.58
113 121 8.83
113 122 10.19
113 123 11.80
113 124 14.62
113 125 15.39
113 126 14.70
114 1 32.00
114 2 24.83
114 3 25.93
114 4 26.69
114 5 27.27
114 6 27.75
114 7 28.17
114 8 28.53
114 9 28.86
114 10 29.15
114 11 29.42
114 12 29.67
114 13 29.91
114 14 30.12
114 15 30.33
114 16 30.52
114 17 30.69
114 18 30.86
114 19 31.01
114 20 31.14
114 21 31.26
114 22 31.37
114 23 31.45
114 24 31.51
114 25 31.53
114 26 31.52
114 27 31.45
114 28 31.31
114 29 31.03
114 30 30.48
114 31 28.70
114 32 29.42
114 33 24.58
114 34 26.22
114 35 27.64
114 36 28.92
114 37 30.13
114 38 31.27
114 39 32.36
114 40 33.42
114 41 34.43
114 42 35.42
114 43 36.38
114 44 37.32
114 45 38.24
114 46 39.14
114 47 40.03
114 48 40.89
114 49 41.74
114 50 42.58
114 51 43.40
114 52 44.21
114 53 45.01
114 54 45.79
114 55 46.56
114 56 47.31
114 57 48.04
114 58 48.75
114 59 49.43
114 60 50.08
114 61 50.64
114 62 50.88
114 63 51.86
114 64 19.63
114 65 18.97
114 66 18.79
114 67 18.87
114 68 19.15
114 69 19.56
114 70 20.08
114 71 20.70
114 72 21.38
114 73 22.11
114 74 22.90
114 75 23.72
114 76 24.58
114 77 25.47
114 78 26.39
114 79 27.32
114 80 28.28
114 81 29.25
114 82 30.25
114 83 31.26
114 84 32.29
114 85 33.35
114 86 34.42
114 87 35.52
114 88 36.65
114 89 37.82
114 90 39.05
114 91 40.37
114 92 41.86
114 93 44.20
114 94 45.09
114 95 19.94
114 96 18.57
114 97 17.36
114 98 16.22
114 99 15.14
114 100 14.08
114 101 13.04
114 102 12.01
114 103 11.00
114 104 10.00
114 105 9.00
114 106 8.01
114 107 7.02
114 108 6.03
114 109 5.03
114 110 4.04
114 111 3.04
114 112 2.04
114 113 1.02
114 114 0.00
114 115 1.04
114 116 2.09
114 117 3.16
114 118 4.26
114 119 5.39
114 120 6.58
114 121 7.83
114 122 9.21
114 123 10.85
114 124 13.74
114 125 14.48
114 126 15.01
115 1 32.93
115 2 25.69
115 3 26.82
115 4 27.60
115 5 28.20
115 6 28.70
115 7 29.13
115 8 29.51
115 9 29.84
115 10 30.15
115 11 30.43
115 12 30.69
115 13 30.93
115 14 31.15
115 15 31.35
115 16 31.55
115 17 31.73
115 18 31.89
115 19 32.04
115 20 32.18
115 21 32.29
115 22 32.39
115 23 32.47
115 24 32.53
115 25 32.54
115 26 32.52
115 27 32.45
115 28 32.29
115 29 31.99
115 30 31.43
115 31 29.59
115 32 30.31
115 33 25.31
115 34 26.93
115 35 28.33
115 36 29.61
115 37 30.82
115 38 31.96
115 39 33.06
115 40 34.12
115 41 35.14
115 42 36.13
115 43 37.10
115 44 38.05
115 45 38.98
115 46 39.88
115 47 40.78
115 48 41.65
115 49 42.51
115 50 43.36
115 51 44.19
115 52 45.01
115 53 45.81
115 54 46.60
115 55 47.38
115 56 48.14
115 57 48.89
115 58 49.61
115 59 50.30
115 60 50.96
115 61 51.54
115 62 51.81
115 63 52.80
115 64 20.35
115 65 19.62
115 66 19.38
115 67 19.41
115 68 19.63
115 69 19.99
115 70 20.47
115 71 21.03
115 72 21.68
115 73 22.38
115 74 23.14
115 75 23.93
115 76 24.77
115 77 25.64
115 78 26.54
115 79 27.46
115 80 28.40
115 81 29.37
115 82 30.36
115 83 31.37
115 84 32.39
115 85 33.44
115 86 34.52
115 87 35.62
115 88 36.76
115 89 37.94
115 90 39.17
115 91 40.51
115 92 42.03
115 93 44.43
115 94 45.31
115 95 20.82
115 96 19.48
115 97 18.29
115 98 17.17
115 99 16.10
115 100 15.05
115 101 14.02
115 102 13.00
115 103 12.00
115 104 11.00
115 105 10.01
115 106 9.02
115 107 8.04
115 108 7.05
115 109 6.06
115 110 5.07
115 111 4.07
115 112 3.07
115 113 2.06
115 114 1.04
115 115 0.00
115 116 1.05
115 117 2.13
115 118 3.23
115 119 4.37
115 120 5.56
115 121 6.82
115 122 8.21
115 123 9.87
115 124 12.83
115 125 13.55
115 126 15.34
116 1 33.86
116 2 26.54
116 3 27.70
116 4 28.50
116 5 29.13
116 6 29.65
116 7 30.09
116 8 30.48
116 9 30.83
116 10 31.15
116 11 31.44
116 12 31.71
116 13 31.95
116 14 32.18
116 15 32.39
116 16 32.59
116 17 32.77
116 18 32.94
116 19 33.09
116 20 33.23
116 21 33.35
116 22 33.44
116 23 33.52
116 24 33.57
116 25 33.58
116 26 33.56
116 27 33.47
116 28 33.30
116 29 33.00
116 30 32.41
116 31 30.54
116 32 31.24
116 33 26.03
116 34 27.62
116 35 29.01
116 36 30.29
116 37 31.50
116 38 32.64
116 39 33.74
116 40 34.80
116 41 35.83
116 42 36.83
116 43 37.81
116 44 38.76
116 45 39.70
116 46 40.61
116 47 41.51
116 48 42.40
116 49 43.26
116 50 44.12
116 51 44.96
116 52 45.79
116 53 46.60
116 54 47.41
116 55 48.19
116 56 48.97
116 57 49.72
116 58 50.46
116 59 51.16
116 60 51.84
116 61 52.44
116 62 52.74
116 63 53.73
116 64 21.07
116 65 20.28
116 66 19.97
116 67 19.94
116 68 20.11
116 69 20.42
116 70 20.84
116 71 21.37
116 72 21.97
116 73 22.64
116 74 23.36
116 75 24.14
116 76 24.95
116 77 25.80
116 78 26.67
116 79 27.58
116 80 28.51
116 81 29.47
116 82 30.45
116 83 31.45
116 84 32.47
116 85 33.52
116 86 34.59
116 87 35.70
116 88 36.84
116 89 38.02
116 90 39.27
116 91 40.62
116 92 42.16
116 93 44.62
116 94 45.49
116 95 21.70
116 96 20.39
116 97 19.22
116 98 18.12
116 99 17.06
116 100 16.02
116 101 15.01
116 102 14.00
116 103 13.00
116 104 12.01
116 105 11.03
116 106 10.05
116 107 9.07
116 108 8.08
116 109 7.10
116 110 6.11
116 111 5.12
116 112 4.12
116 113 3.11
116 114 2.09
116 115 1.05
116 116 0.00
116 117 1.07
116 118 2.18
116 119 3.32
116 120 4.52
116 121 5.79
116 122 7.20
116 123 8.88
116 124 11.91
116 125 12.60
116 126 15.68
117 1 34.79
117 2 27.39
117 3 28.58
117 4 29.41
117 5 30.06
117 6 30.59
117 7 31.05
117 8 31.46
117 9 31.82
117 10 32.15
117 11 32.46
117 12 32.73
117 13 32.99
117 14 33.22
117 15 33.44
117 16 33.65
117 17 33.83
117 18 34.01
117 19 34.16
117 20 34.30
117 21 34.42
117 22 34.52
117 23 34.59
117 24 34.64
117 25 34.65
117 26 34.62
117 27 34.53
117 28 34.35
117 29 34.04
117 30 33.44
117 31 31.53
117 32 32.22
117 33 26.74
117 34 28.31
117 35 29.69
117 36 30.96
117 37 32.16
117 38 33.31
117 39 34.41
117 40 35.48
117 41 36.51
117 42 37.52
117 43 38.50
117 44 39.46
117 45 40.40
117 46 41.33
117 47 42.23
117 48 43.13
117 49 44.00
117 50 44.87
117 51 45.72
117 52 46.56
117 53 47.38
117 54 48.19
117 55 48.99
117 56 49.78
117 57 50.54
117 58 51.29
117 59 52.01
117 60 52.70
117 61 53.32
117 62 53.67
117 63 54.65
117 64 21.78
117 65 20.93
117 66 20.57
117 67 20.48
117 68 20.58
117 69 20.84
117 70 21.22
117 71 21.70
117 72 22.26
117 73 22.89
117 74 23.58
117 75 24.33
117 76 25.11
117 77 25.94
117 78 26.79
117 79 27.68
117 80 28.60
117 81 29.54
117 82 30.51
117 83 31.51
117 84 32.53
117 85 33.57
117 86 34.64
117 87 35.75
117 88 36.89
117 89 38.08
117 90 39.34
117 91 40.70
117 92 42.27
117 93 44.79
117 94 45.65
117 95 22.58
117 96 21.30
117 97 20.16
117 98 19.08
117 99 18.03
117 100 17.01
117 101 16.00
117 102 15.01
117 103 14.02
117 104 13.04
117 105 12.06
117 106 11.08
117 107 10.11
117 108 9.13
117 109 8.15
117 110 7.17
117 111 6.18
117 112 5.18
117 113 4.18
117 114 3.16
117 115 2.13
117 116 1.07
117 117 0.00
117 118 1.10
117 119 2.25
117 120 3.45
117 121 4.73
117 122 6.15
117 123 7.85
117 124 10.96
117 125 11.62
117 126 16.03
118 1 35.71
118 2 28.23
118 3 29.46
118 4 30.31
118 5 30.98
118 6 31.54
118 7 32.02
118 8 32.44
118 9 32.82
118 10 33.17
118 11 33.48
118 12 33.77
118 13 34.03
118 14 34.28
118 15 34.51
118 16 34.72
118 17 34.92
118 18 35.09
118 19 35.25
118 20 35.40
118 21 35.52
118 22 35.62
118 23 35.70
118 24 35.75
118 25 35.76
118 26 35.73
118 27 35.63
118 28 35.45
118 29 35.13
118 30 34.52
118 31 32.59
118 32 33.27
118 33 27.44
118 34 28.98
118 35 30.35
118 36 31.62
118 37 32.82
118 38 33.96
118 39 35.07
118 40 36.13
118 41 37.17
118 42 38.18
118 43 39.17
118 44 40.14
118 45 41.09
118 46 42.02
118 47 42.94
118 48 43.84
118 49 44.72
118 50 45.60
118 51 46.46
118 52 47.31
118 53 48.14
118 54 48.97
118 55 49.78
118 56 50.57
118 57 51.35
118 58 52.11
118 59 52.85
118 60 53.55
118 61 54.20
118 62 54.58
118 63 55.57
118 64 22.50
118 65 21.58
118 66 21.16
118 67 21.01
118 68 21.06
118 69 21.26
118 70 21.59
118 71 22.02
118 72 22.54
118 73 23.13
118 74 23.79
118 75 24.50
118 76 25.26
118 77 26.05
118 78 26.89
118 79 27.76
118 80 28.66
118 81 29.59
118 82 30.55
118 83 31.53
118 84 32.54
118 85 33.58
118 86 34.65
118 87 35.76
118 88 36.90
118 89 38.10
118 90 39.37
118 91 40.74
118 92 42.33
118 93 44.91
118 94 45.76
118 95 23.45
118 96 22.22
118 97 21.10
118 98 20.04
118 99 19.01
118 100 18.00
118 101 17.01
118 102 16.02
118 103 15.05
118 104 14.08
118 105 13.11
118 106 12.14
118 107 11.17
118 108 10.20
118 109 9.23
118 110 8.25
118 111 7.27
118 112 6.27
118 113 5.27
118 114 4.26
118 115 3.23
118 116 2.18
118 117 1.10
118 118 0.00
118 119 1.15
118 120 2.35
118 121 3.64
118 122 5.07
118 123 6.79
118 124 9.97
118 125 10.60
118 126 16.40
119 1 36.63
119 2 29.08
119 3 30.34
119 4 31.21
119 5 31.91
119 6 32.49
119 7 32.99
119 8 33.43
119 9 33.83
119 10 34.19
119 11 34.52
119 12 34.82
119 13 35.10
119 14 35.36
119 15 35.59
119 16 35.82
119 17 36.02
119 18 36.21
119 19 36.37
119 20 36.52
119 21 36.65
119 22 36.76
119 23 36.84
119 24 36.89
119 25 36.90
119 26 36.87
119 27 36.78
119 28 36.60
119 29 36.27
119 30 35.65
119 31 33.70
119 32 34.38
119 33 28.14
119 34 29.65
119 35 31.00
119 36 32.26
119 37 33.45
119 38 34.60
119 39 35.70
119 40 36.77
119 41 37.81
119 42 38.83
119 43 39.82
119 44 40.80
119 45 41.76
119 46 42.70
119 47 43.62
119 48 44.53
119 49 45.43
119 50 46.31
119 51 47.18
119 52 48.04
119 53 48.89
119 54 49.72
119 55 50.54
119 56 51.35
119 57 52.14
119 58 52.92
119 59 53.67
119 60 54.40
119 61 55.06
119 62 55.50
119 63 56.49
119 64 23.21
119 65 22.23
119 66 21.74
119 67 21.54
119 68 21.53
119 69 21.68
119 70 21.95
119 71 22.34
119 72 22.81
119 73 23.36
119 74 23.97
119 75 24.65
119 76 25.37
119 77 26.15
119 78 26.96
119 79 27.81
119 80 28.69
119 81 29.60
119 82 30.55
119 83 31.52
119 84 32.52
119 85 33.56
119 86 34.62
119 87 35.73
119 88 36.87
119 89 38.07
119 90 39.34
119 91 40.73
119 92 42.34
119 93 44.99
119 94 45.82
119 95 24.34
119 96 23.14
119 97 22.05
119 98 21.01
119 99 20.00
119 100 19.01
119 101 18.03
119 102 17.06
119 103 16.10
119 104 15.14
119 105 14.18
119 106 13.22
119 107 12.26
119 108 11.30
119 109 10.33
119 110 9.36
119 111 8.38
119 112 7.40
119 113 6.40
119 114 5.39
119 115 4.37
119 116 3.32
119 117 2.25
119 118 1.15
119 119 0.00
119 120 1.20
119 121 2.50
119 122 3.94
119 123 5.68
119 124 8.93
119 125 9.53
119 126 16.77
120 1 37.55
120 2 29.92
120 3 31.21
120 4 32.12
120 5 32.84
120 6 33.44
120 7 33.97
120 8 34.43
120 9 34.85
120 10 35.22
120 11 35.57
120 12 35.89
120 13 36.18
120 14 36.45
120 15 36.70
120 16 36.94
120 17 37.15
120 18 37.35
120 19 37.53
120 20 37.69
120 21 37.82
120 22 37.94
120 23 38.02
120 24 38.08
120 25 38.10
120 26 38.07
120 27 37.98
120 28 37.80
120 29 37.47
120 30 36.85
120 31 34.89
120 32 35.57
120 33 28.82
120 34 30.30
120 35 31.63
120 36 32.88
120 37 34.07
120 38 35.21
120 39 36.31
120 40 37.39
120 41 38.43
120 42 39.45
120 43 40.45
120 44 41.44
120 45 42.40
120 46 43.35
120 47 44.28
120 48 45.20
120 49 46.11
120 50 47.00
120 51 47.88
120 52 48.75
120 53 49.61
120 54 50.46
120 55 51.29
120 56 52.11
120 57 52.92
120 58 53.71
120 59 54.48
120 60 55.23
120 61 55.92
120 62 56.40
120 63 57.40
120 64 23.92
120 65 22.88
120 66 22.33
120 67 22.06
120 68 21.99
120 69 22.08
120 70 22.30
120 71 22.63
120 72 23.05
120 73 23.55
120 74 24.13
120 75 24.77
120 76 25.46
120 77 26.20
120 78 26.98
120 79 27.81
120 80 28.67
120 81 29.56
120 82 30.49
120 83 31.45
120 84 32.45
120 85 33.47
120 86 34.53
120 87 35.63
120 88 36.78
120 89 37.98
120 90 39.26
120 91 40.66
120 92 42.29
120 93 45.00
120 94 45.82
120 95 25.23
120 96 24.07
120 97 23.01
120 98 22.00
120 99 21.01
120 100 20.04
120 101 19.08
120 102 18.12
120 103 17.17
120 104 16.22
120 105 15.28
120 106 14.33
120 107 13.38
120 108 12.43
120 109 11.48
120 110 10.51
120 111 9.55
120 112 8.57
120 113 7.58
120 114 6.58
120 115 5.56
120 116 4.52
120 117 3.45
120 118 2.35
120 119 1.20
120 120 0.00
120 121 1.30
120 122 2.74
120 123 4.51
120 124 7.83
120 125 8.38
120 126 17.15
121 1 38.48
121 2 30.76
121 3 32.09
121 4 33.03
121 5 33.78
121 6 34.41
121 7 34.96
121 8 35.45
121 9 35.88
121 10 36.28
121 11 36.65
121 12 36.98
121 13 37.30
121 14 37.59
121 15 37.85
121 16 38.10
121 17 38.33
121 18 38.54
121 19 38.73
121 20 38.90
121 21 39.05
121 22 39.17
121 23 39.27
121 24 39.34
121 25 39.37
121 26 39.34
121 27 39.26
121 28 39.09
121 29 38.77
121 30 38.15
121 31 36.19
121 32 36.86
121 33 29.49
121 34 30.93
121 35 32.24
121 36 33.47
121 37 34.65
121 38 35.79
121 39 36.90
121 40 37.97
121 41 39.02
121 42 40.05
121 43 41.05
121 44 42.04
121 45 43.01
121 46 43.97
121 47 44.91
121 48 45.84
121 49 46.75
121 50 47.66
121 51 48.55
121 52 49.43
121 53 50.30
121 54 51.16
121 55 52.01
121 56 52.85
121 57 53.67
121 58 54.48
121 59 55.28
121 60 56.04
121 61 56.76
121 62 57.30
121 63 58.30
121 64 24.62
121 65 23.52
121 66 22.90
121 67 22.56
121 68 22.43
121 69 22.46
121 70 22.61
121 71 22.89
121 72 23.25
121 73 23.71
121 74 24.24
121 75 24.83
121 76 25.48
121 77 26.19
121 78 26.94
121 79 27.74
121 80 28.58
121 81 29.45
121 82 30.36
121 83 31.31
121 84 32.29
121 85 33.30
121 86 34.35
121 87 35.45
121 88 36.60
121 89 37.80
121 90 39.09
121 91 40.50
121 92 42.15
121 93 44.92
121 94 45.73
121 95 26.12
121 96 25.02
121 97 24.00
121 98 23.01
121 99 22.05
121 100 21.10
121 101 20.16
121 102 19.22
121 103 18.29
121 104 17.36
121 105 16.43
121 106 15.50
121 107 14.56
121 108 13.62
121 109 12.68
121 110 11.73
121 111 10.77
121 112 9.81
121 113 8.83
121 114 7.83
121 115 6.82
121 116 5.79
121 117 4.73
121 118 3.64
121 119 2.50
121 120 1.30
121 121 0.00
121 122 1.45
121 123 3.23
121 124 6.62
121 125 7.13
121 126 17.51
122 1 39.42
122 2 31.60
122 3 32.97
122 4 33.95
122 5 34.74
122 6 35.40
122 7 35.98
122 8 36.49
122 9 36.96
122 10 37.38
122 11 37.77
122 12 38.13
122 13 38.46
122 14 38.77
122 15 39.06
122 16 39.33
122 17 39.58
122 18 39.81
122 19 40.02
122 20 40.20
122 21 40.37
122 22 40.51
122 23 40.62
122 24 40.70
122 25 40.74
122 26 40.73
122 27 40.66
122 28 40.50
122 29 40.19
122 30 39.58
122 31 37.64
122 32 38.31
122 33 30.14
122 34 31.53
122 35 32.81
122 36 34.03
122 37 35.20
122 38 36.33
122 39 37.43
122 40 38.51
122 41 39.56
122 42 40.59
122 43 41.60
122 44 42.60
122 45 43.58
122 46 44.54
122 47 45.49
122 48 46.43
122 49 47.36
122 50 48.28
122 51 49.18
122 52 50.08
122 53 50.96
122 54 51.84
122 55 52.70
122 56 53.55
122 57 54.40
122 58 55.23
122 59 56.04
122 60 56.83
122 61 57.59
122 62 58.20
122 63 59.20
122 64 25.32
122 65 24.14
122 66 23.45
122 67 23.04
122 68 22.84
122 69 22.79
122 70 22.88
122 71 23.09
122 72 23.39
122 73 23.79
122 74 24.26
122 75 24.81
122 76 25.42
122 77 26.08
122 78 26.80
122 79 27.56
122 80 28.37
122 81 29.22
122 82 30.10
122 83 31.03
122 84 31.99
122 85 33.00
122 86 34.04
122 87 35.13
122 88 36.27
122 89 37.47
122 90 38.77
122 91 40.19
122 92 41.87
122 93 44.71
122 94 45.49
122 95 27.04
122 96 26.00
122 97 25.02
122 98 24.07
122 99 23.14
122 100 22.22
122 101 21.30
122 102 20.39
122 103 19.48
122 104 18.57
122 105 17.66
122 106 16.75
122 107 15.83
122 108 14.91
122 109 13.98
122 110 13.05
122 111 12.11
122 112 11.15
122 113 10.19
122 114 9.21
122 115 8.21
122 116 7.20
122 117 6.15
122 118 5.07
122 119 3.94
122 120 2.74
122 121 1.45
122 122 0.00
122 123 1.79
122 124 5.25
122 125 5.70
122 126 17.86
123 1 40.39
123 2 32.45
123 3 33.88
123 4 34.90
123 5 35.73
123 6 36.44
123 7 37.05
123 8 37.61
123 9 38.11
123 10 38.56
123 11 38.99
123 12 39.38
123 13 39.74
123 14 40.08
123 15 40.40
123 16 40.70
123 17 40.97
123 18 41.23
123 19 41.46
123 20 41.68
123 21 41.86
123 22 42.03
123 23 42.16
123 24 42.27
123 25 42.33
123 26 42.34
123 27 42.29
123 28 42.15
123 29 41.87
123 30 41.29
123 31 39.38
123 32 40.06
123 33 30.74
123 34 32.07
123 35 33.31
123 36 34.51
123 37 35.66
123 38 36.79
123 39 37.88
123 40 38.95
123 41 40.01
123 42 41.04
123 43 42.06
123 44 43.06
123 45 44.05
123 46 45.02
123 47 45.98
123 48 46.94
123 49 47.88
123 50 48.81
123 51 49.73
123 52 50.64
123 53 51.54
123 54 52.44
123 55 53.32
123 56 54.20
123 57 55.06
123 58 55.92
123 59 56.76
123 60 57.59
123 61 58.39
123 62 59.10
123 63 60.09
123 64 26.01
123 65 24.74
123 66 23.96
123 67 23.46
123 68 23.16
123 69 23.03
123 70 23.03
123 71 23.16
123 72 23.39
123 73 23.71
123 74 24.11
123 75 24.59
123 76 25.14
123 77 25.76
123 78 26.42
123 79 27.14
123 80 27.91
123 81 28.73
123 82 29.58
123 83 30.48
123 84 31.43
123 85 32.41
123 86 33.44
123 87 34.52
123 88 35.65
123 89 36.85
123 90 38.15
123 91 39.58
123 92 41.29
123 93 44.21
123 94 44.96
123 95 28.00
123 96 27.04
123 97 26.12
123 98 25.23
123 99 24.34
123 100 23.45
123 101 22.58
123 102 21.70
123 103 20.82
123 104 19.94
123 105 19.06
123 106 18.18
123 107 17.29
123 108 16.39
123 109 15.49
123 110 14.59
123 111 13.67
123 112 12.74
123 113 11.80
123 114 10.85
123 115 9.87
123 116 8.88
123 117 7.85
123 118 6.79
123 119 5.68
123 120 4.51
123 121 3.23
123 122 1.79
123 123 0.00
123 124 3.51
123 125 3.91
123 126 18.15
124 1 41.51
124 2 33.38
124 3 34.91
124 4 36.03
124 5 36.94
124 6 37.73
124 7 38.43
124 8 39.06
124 9 39.64
124 10 40.17
124 11 40.67
124 12 41.13
124 13 41.56
124 14 41.97
124 15 42.36
124 16 42.72
124 17 43.06
124 18 43.38
124 19 43.68
124 20 43.95
124 21 44.20
124 22 44.43
124 23 44.62
124 24 44.79
124 25 44.91
124 26 44.99
124 27 45.00
124 28 44.92
124 29 44.71
124 30 44.21
124 31 42.43
124 32 43.14
124 33 31.18
124 34 32.37
124 35 33.52
124 36 34.66
124 37 35.77
124 38 36.87
124 39 37.95
124 40 39.01
124 41 40.06
124 42 41.09
124 43 42.12
124 44 43.13
124 45 44.13
124 46 45.12
124 47 46.10
124 48 47.07
124 49 48.03
124 50 48.99
124 51 49.94
124 52 50.88
124 53 51.81
124 54 52.74
124 55 53.67
124 56 54.58
124 57 55.50
124 58 56.40
124 59 57.30
124 60 58.20
124 61 59.10
124 62 60.00
124 63 61.00
124 64 26.66
124 65 25.23
124 66 24.28
124 67 23.61
124 68 23.15
124 69 22.84
124 70 22.68
124 71 22.64
124 72 22.71
124 73 22.88
124 74 23.15
124 75 23.50
124 76 23.93
124 77 24.43
124 78 25.00
124 79 25.63
124 80 26.32
124 81 27.06
124 82 27.85
124 83 28.70
124 84 29.59
124 85 30.54
124 86 31.53
124 87 32.59
124 88 33.70
124 89 34.89
124 90 36.19
124 91 37.64
124 92 39.38
124 93 42.43
124 94 43.14
124 95 29.19
124 96 28.42
124 97 27.64
124 98 26.86
124 99 26.07
124 100 25.29
124 101 24.50
124 102 23.70
124 103 22.91
124 104 22.11
124 105 21.30
124 106 20.49
124 107 19.68
124 108 18.86
124 109 18.03
124 110 17.19
124 111 16.35
124 112 15.49
124 113 14.62
124 114 13.74
124 115 12.83
124 116 11.91
124 117 10.96
124 118 9.97
124 119 8.93
124 120 7.83
124 121 6.62
124 122 5.25
124 123 3.51
124 124 0.00
124 125 1.00
124 126 18.17
125 1 42.50
125 2 34.38
125 3 35.91
125 4 37.02
125 5 37.94
125 6 38.72
125 7 39.42
125 8 40.05
125 9 40.62
125 10 41.15
125 11 41.64
125 12 42.09
125 13 42.52
125 14 42.92
125 15 43.30
125 16 43.66
125 17 43.99
125 18 44.30
125 19 44.59
125 20 44.85
125 21 45.09
125 22 45.31
125 23 45.49
125 24 45.65
125 25 45.76
125 26 45.82
125 27 45.82
125 28 45.73
125 29 45.49
125 30 44.96
125 31 43.14
125 32 43.84
125 33 32.18
125 34 33.35
125 35 34.51
125 36 35.64
125 37 36.75
125 38 37.85
125 39 38.92
125 40 39.99
125 41 41.03
125 42 42.07
125 43 43.09
125 44 44.10
125 45 45.10
125 46 46.09
125 47 47.07
125 48 48.05
125 49 49.01
125 50 49.97
125 51 50.92
125 52 51.86
125 53 52.80
125 54 53.73
125 55 54.65
125 56 55.57
125 57 56.49
125 58 57.40
125 59 58.30
125 60 59.20
125 61 60.09
125 62 61.00
125 63 62.00
125 64 27.66
125 65 26.23
125 66 25.28
125 67 24.60
125 68 24.12
125 69 23.81
125 70 23.63
125 71 23.58
125 72 23.63
125 73 23.79
125 74 24.03
125 75 24.37
125 76 24.78
125 77 25.26
125 78 25.81
125 79 26.42
125 80 27.09
125 81 27.82
125 82 28.59
125 83 29.42
125 84 30.31
125 85 31.24
125 86 32.22
125 87 33.27
125 88 34.38
125 89 35.57
125 90 36.86
125 91 38.31
125 92 40.06
125 93 43.14
125 94 43.84
125 95 30.19
125 96 29.40
125 97 28.62
125 98 27.83
125 99 27.03
125 100 26.24
125 101 25.44
125 102 24.63
125 103 23.83
125 104 23.01
125 105 22.20
125 106 21.38
125 107 20.55
125 108 19.71
125 109 18.87
125 110 18.02
125 111 17.15
125 112 16.28
125 113 15.39
125 114 14.48
125 115 13.55
125 116 12.60
125 117 11.62
125 118 10.60
125 119 9.53
125 120 8.38
125 121 7.13
125 122 5.70
125 123 3.91
125 124 1.00
125 125 0.00
125 126 19.16
126 1 24.42
126 2 16.11
126 3 17.82
126 4 19.14
126 5 20.26
126 6 21.26
126 7 22.18
126 8 23.04
126 9 23.85
126 10 24.63
126 11 25.37
126 12 26.09
126 13 26.79
126 14 27.47
126 15 28.13
126 16 28.77
126 17 29.40
126 18 30.02
126 19 30.63
126 20 31.22
126 21 31.80
126 22 32.36
126 23 32.91
126 24 33.45
126 25 33.96
126 26 34.45
126 27 34.91
126 28 35.33
126 29 35.68
126 30 35.89
126 31 35.51
126 32 36.45
126 33 13.14
126 34 14.22
126 35 15.35
126 36 16.49
126 37 17.61
126 38 18.71
126 39 19.80
126 40 20.87
126 41 21.92
126 42 22.95
126 43 23.98
126 44 24.98
126 45 25.98
126 46 26.97
126 47 27.94
126 48 28.91
126 49 29.87
126 50 30.82
126 51 31.77
126 52 32.71
126 53 33.64
126 54 34.58
126 55 35.51
126 56 36.43
126 57 37.36
126 58 38.29
126 59 39.23
126 60 40.17
126 61 41.14
126 62 42.28
126 63 43.28
126 64 9.10
126 65 7.42
126 66 6.25
126 67 5.45
126 68 5.02
126 69 4.94
126 70 5.19
126 71 5.70
126 72 6.38
126 73 7.17
126 74 8.03
126 75 8.94
126 76 9.88
126 77 10.85
126 78 11.82
126 79 12.81
126 80 13.81
126 81 14.82
126 82 15.83
126 83 16.85
126 84 17.88
126 85 18.92
126 86 19.98
126 87 21.05
126 88 22.14
126 89 23.27
126 90 24.44
126 91 25.69
126 92 27.09
126 93 29.27
126 94 30.18
126 95 13.02
126 96 13.06
126 97 13.02
126 98 12.97
126 99 12.92
126 100 12.89
126 101 12.87
126 102 12.88
126 103 12.91
126 104 12.97
126 105 13.05
126 106 13.17
126 107 13.31
126 108 13.48
126 109 13.67
126 110 13.89
126 111 14.14
126 112 14.41
126 113 14.70
126 114 15.01
126 115 15.34
126 116 15.68
126 117 16.03
126 118 16.40
126 119 16.77
126 120 17.15
126 121 17.51
126 122 17.86
126 123 18.15
126 124 18.17
126 125 19.16
126 126 0.00
;
param v :=
1 1 0
1 2 43
1 3 52
1 4 39
1 5 47
1 6 47
1 7 36
1 8 41
1 9 36
1 10 57
1 11 36
1 12 43
1 13 55
1 14 38
1 15 42
1 16 52
1 17 39
1 18 58
1 19 39
1 20 55
1 21 53
1 22 39
1 23 49
1 24 44
1 25 60
1 26 54
1 27 35
1 28 41
1 29 35
1 30 48
1 31 53
1 32 45
1 33 43
1 34 45
1 35 37
1 36 45
1 37 54
1 38 37
1 39 54
1 40 45
1 41 46
1 42 48
1 43 54
1 44 52
1 45 54
1 46 51
1 47 42
1 48 38
1 49 50
1 50 59
1 51 58
1 52 51
1 53 51
1 54 55
1 55 54
1 56 50
1 57 49
1 58 36
1 59 45
1 60 40
1 61 55
1 62 51
1 63 41
1 64 55
1 65 57
1 66 44
1 67 54
1 68 55
1 69 45
1 70 36
1 71 43
1 72 47
1 73 54
1 74 60
1 75 42
1 76 40
1 77 40
1 78 35
1 79 43
1 80 46
1 81 54
1 82 51
1 83 39
1 84 58
1 85 53
1 86 52
1 87 39
1 88 46
1 89 49
1 90 54
1 91 38
1 92 51
1 93 51
1 94 53
1 95 36
1 96 35
1 97 41
1 98 48
1 99 57
1 100 58
1 101 41
1 102 60
1 103 51
1 104 43
1 105 46
1 106 44
1 107 60
1 108 37
1 109 53
1 110 41
1 111 52
1 112 47
1 113 49
1 114 40
1 115 55
1 116 49
1 117 46
1 118 36
1 119 56
1 120 48
1 121 54
1 122 43
1 123 60
1 124 52
1 125 58
1 126 48
2 1 51
2 2 0
2 3 52
2 4 41
2 5 42
2 6 42
2 7 36
2 8 60
2 9 37
2 10 48
2 11 42
2 12 41
2 13 43
2 14 50
2 15 49
2 16 50
2 17 44
2 18 44
2 19 45
2 20 50
2 21 51
2 22 47
2 23 57
2 24 57
2 25 46
2 26 54
2 27 35
2 28 59
2 29 54
2 30 42
2 31 36
2 32 49
2 33 58
2 34 35
2 35 37
2 36 59
2 37 50
2 38 44
2 39 58
2 40 41
2 41 35
2 42 38
2 43 50
2 44 37
2 45 37
2 46 39
2 47 46
2 48 47
2 49 37
2 50 36
2 51 54
2 52 56
2 53 53
2 54 56
2 55 43
2 56 37
2 57 45
2 58 40
2 59 42
2 60 38
2 61 43
2 62 57
2 63 56
2 64 52
2 65 35
2 66 55
2 67 46
2 68 42
2 69 50
2 70 56
2 71 46
2 72 60
2 73 41
2 74 49
2 75 58
2 76 44
2 77 58
2 78 46
2 79 57
2 80 41
2 81 46
2 82 47
2 83 49
2 84 60
2 85 53
2 86 56
2 87 42
2 88 59
2 89 37
2 90 41
2 91 60
2 92 60
2 93 42
2 94 42
2 95 39
2 96 54
2 97 49
2 98 55
2 99 55
2 100 44
2 101 58
2 102 40
2 103 43
2 104 36
2 105 56
2 106 43
2 107 48
2 108 35
2 109 60
2 110 35
2 111 55
2 112 47
2 113 53
2 114 46
2 115 35
2 116 51
2 117 56
2 118 36
2 119 51
2 120 45
2 121 55
2 122 43
2 123 36
2 124 46
2 125 52
2 126 47
3 1 38
3 2 35
3 3 0
3 4 52
3 5 41
3 6 36
3 7 52
3 8 51
3 9 57
3 10 41
3 11 60
3 12 35
3 13 60
3 14 52
3 15 54
3 16 49
3 17 49
3 18 35
3 19 54
3 20 49
3 21 42
3 22 36
3 23 41
3 24 57
3 25 51
3 26 41
3 27 47
3 28 58
3 29 36
3 30 52
3 31 51
3 32 47
3 33 55
3 34 60
3 35 48
3 36 52
3 37 42
3 38 56
3 39 54
3 40 56
3 41 46
3 42 44
3 43 54
3 44 54
3 45 52
3 46 40
3 47 44
3 48 45
3 49 41
3 50 53
3 51 51
3 52 56
3 53 47
3 54 51
3 55 57
3 56 54
3 57 46
3 58 36
3 59 44
3 60 49
3 61 40
3 62 50
3 63 48
3 64 41
3 65 40
3 66 53
3 67 52
3 68 53
3 69 50
3 70 40
3 71 56
3 72 54
3 73 35
3 74 41
3 75 48
3 76 50
3 77 39
3 78 45
3 79 54
3 80 45
3 81 39
3 82 39
3 83 54
3 84 46
3 85 35
3 86 56
3 87 55
3 88 45
3 89 42
3 90 56
3 91 54
3 92 52
3 93 59
3 94 57
3 95 44
3 96 39
3 97 59
3 98 40
3 99 53
3 100 45
3 101 50
3 102 54
3 103 58
3 104 57
3 105 57
3 106 49
3 107 45
3 108 48
3 109 44
3 110 36
3 111 48
3 112 60
3 113 35
3 114 50
3 115 38
3 116 39
3 117 35
3 118 58
3 119 47
3 120 60
3 121 48
3 122 48
3 123 43
3 124 48
3 125 52
3 126 47
4 1 50
4 2 44
4 3 53
4 4 0
4 5 42
4 6 57
4 7 35
4 8 45
4 9 50
4 10 41
4 11 46
4 12 48
4 13 36
4 14 38
4 15 49
4 16 43
4 17 40
4 18 40
4 19 46
4 20 45
4 21 59
4 22 56
4 23 45
4 24 44
4 25 47
4 26 35
4 27 41
4 28 52
4 29 50
4 30 53
4 31 59
4 32 49
4 33 48
4 34 47
4 35 36
4 36 44
4 37 59
4 38 59
4 39 43
4 40 38
4 41 47
4 42 38
4 43 44
4 44 37
4 45 56
4 46 56
4 47 59
4 48 37
4 49 54
4 50 43
4 51 47
4 52 50
4 53 60
4 54 46
4 55 49
4 56 52
4 57 58
4 58 43
4 59 49
4 60 42
4 61 37
4 62 35
4 63 56
4 64 38
4 65 42
4 66 42
4 67 35
4 68 55
4 69 41
4 70 38
4 71 48
4 72 35
4 73 35
4 74 40
4 75 45
4 76 50
4 77 41
4 78 46
4 79 49
4 80 36
4 81 35
4 82 35
4 83 57
4 84 45
4 85 36
4 86 43
4 87 38
4 88 40
4 89 49
4 90 42
4 91 44
4 92 55
4 93 38
4 94 58
4 95 59
4 96 42
4 97 37
4 98 42
4 99 58
4 100 46
4 101 60
4 102 59
4 103 45
4 104 55
4 105 53
4 106 40
4 107 45
4 108 51
4 109 46
4 110 48
4 111 54
4 112 60
4 113 37
4 114 53
4 115 56
4 116 57
4 117 35
4 118 38
4 119 59
4 120 51
4 121 41
4 122 56
4 123 43
4 124 39
4 125 44
4 126 46
5 1 37
5 2 40
5 3 38
5 4 46
5 5 0
5 6 35
5 7 44
5 8 36
5 9 60
5 10 44
5 11 47
5 12 38
5 13 39
5 14 44
5 15 38
5 16 54
5 17 38
5 18 35
5 19 56
5 20 52
5 21 55
5 22 49
5 23 39
5 24 58
5 25 49
5 26 45
5 27 46
5 28 46
5 29 51
5 30 38
5 31 40
5 32 48
5 33 59
5 34 49
5 35 45
5 36 53
5 37 40
5 38 35
5 39 46
5 40 59
5 41 55
5 42 37
5 43 59
5 44 53
5 45 44
5 46 50
5 47 44
5 48 43
5 49 55
5 50 47
5 51 48
5 52 50
5 53 52
5 54 38
5 55 53
5 56 38
5 57 47
5 58 58
5 59 47
5 60 51
5 61 35
5 62 36
5 63 36
5 64 50
5 65 37
5 66 54
5 67 48
5 68 59
5 69 55
5 70 55
5 71 37
5 72 37
5 73 54
5 74 59
5 75 53
5 76 48
5 77 51
5 78 56
5 79 54
5 80 56
5 81 47
5 82 47
5 83 49
5 84 58
5 85 60
5 86 58
5 87 60
5 88 42
5 89 48
5 90 36
5 91 35
5 92 38
5 93 47
5 94 57
5 95 37
5 96 53
5 97 53
5 98 51
5 99 38
5 100 60
5 101 58
5 102 42
5 103 37
5 104 57
5 105 55
5 106 44
5 107 42
5 108 47
5 109 40
5 110 59
5 111 54
5 112 60
5 113 37
5 114 36
5 115 49
5 116 52
5 117 38
5 118 41
5 119 56
5 120 57
5 121 44
5 122 57
5 123 45
5 124 47
5 125 38
5 126 35
6 1 39
6 2 50
6 3 56
6 4 58
6 5 55
6 6 0
6 7 52
6 8 56
6 9 35
6 10 41
6 11 45
6 12 58
6 13 35
6 14 39
6 15 52
6 16 56
6 17 49
6 18 50
6 19 48
6 20 49
6 21 36
6 22 59
6 23 47
6 24 58
6 25 38
6 26 37
6 27 56
6 28 40
6 29 58
6 30 55
6 31 35
6 32 45
6 33 47
6 34 55
6 35 56
6 36 44
6 37 58
6 38 53
6 39 38
6 40 36
6 41 58
6 42 49
6 43 46
6 44 60
6 45 37
6 46 46
6 47 45
6 48 60
6 49 40
6 50 47
6 51 53
6 52 37
6 53 45
6 54 37
6 55 52
6 56 38
6 57 38
6 58 40
6 59 37
6 60 56
6 61 42
6 62 56
6 63 43
6 64 38
6 65 56
6 66 57
6 67 37
6 68 36
6 69 60
6 70 41
6 71 46
6 72 56
6 73 46
6 74 55
6 75 41
6 76 53
6 77 36
6 78 47
6 79 50
6 80 35
6 81 50
6 82 51
6 83 59
6 84 55
6 85 54
6 86 58
6 87 52
6 88 57
6 89 55
6 90 53
6 91 54
6 92 51
6 93 37
6 94 47
6 95 43
6 96 55
6 97 45
6 98 52
6 99 48
6 100 57
6 101 54
6 102 43
6 103 42
6 104 51
6 105 56
6 106 45
6 107 43
6 108 46
6 109 55
6 110 56
6 111 56
6 112 44
6 113 43
6 114 45
6 115 41
6 116 47
6 117 50
6 118 35
6 119 36
6 120 59
6 121 56
6 122 49
6 123 43
6 124 46
6 125 38
6 126 38
7 1 42
7 2 39
7 3 50
7 4 59
7 5 42
7 6 52
7 7 0
7 8 41
7 9 43
7 10 53
7 11 56
7 12 56
7 13 54
7 14 43
7 15 58
7 16 54
7 17 56
7 18 47
7 19 45
7 20 57
7 21 49
7 22 60
7 23 42
7 24 43
7 25 51
7 26 38
7 27 37
7 28 42
7 29 56
7 30 60
7 31 44
7 32 44
7 33 60
7 34 50
7 35 39
7 36 52
7 37 38
7 38 39
7 39 58
7 40 39
7 41 46
7 42 46
7 43 59
7 44 40
7 45 60
7 46 53
7 47 55
7 48 38
7 49 46
7 50 54
7 51 55
7 52 51
7 53 58
7 54 44
7 55 57
7 56 39
7 57 55
7 58 37
7 59 53
7 60 53
7 61 43
7 62 48
7 63 56
7 64 37
7 65 39
7 66 44
7 67 43
7 68 58
7 69 59
7 70 60
7 71 49
7 72 54
7 73 46
7 74 44
7 75 35
7 76 54
7 77 52
7 78 42
7 79 35
7 80 47
7 81 40
7 82 54
7 83 47
7 84 49
7 85 45
7 86 58
7 87 36
7 88 43
7 89 47
7 90 49
7 91 52
7 92 54
7 93 55
7 94 46
7 95 53
7 96 45
7 97 51
7 98 54
7 99 37
7 100 56
7 101 48
7 102 42
7 103 51
7 104 46
7 105 58
7 106 48
7 107 38
7 108 40
7 109 43
7 110 53
7 111 36
7 112 39
7 113 58
7 114 53
7 115 44
7 116 40
7 117 36
7 118 60
7 119 50
7 120 48
7 121 43
7 122 40
7 123 54
7 124 43
7 125 40
7 126 57
8 1 35
8 2 39
8 3 46
8 4 48
8 5 57
8 6 37
8 7 50
8 8 0
8 9 48
8 10 60
8 11 52
8 12 36
8 13 52
8 14 56
8 15 54
8 16 49
8 17 43
8 18 43
8 19 44
8 20 38
8 21 52
8 22 59
8 23 49
8 24 49
8 25 59
8 26 44
8 27 54
8 28 45
8 29 40
8 30 39
8 31 38
8 32 58
8 33 41
8 34 38
8 35 57
8 36 56
8 37 37
8 38 45
8 39 60
8 40 50
8 41 53
8 42 39
8 43 46
8 44 50
8 45 39
8 46 48
8 47 41
8 48 39
8 49 56
8 50 35
8 51 38
8 52 44
8 53 49
8 54 54
8 55 58
8 56 58
8 57 47
8 58 51
8 59 50
8 60 46
8 61 48
8 62 56
8 63 37
8 64 53
8 65 59
8 66 44
8 67 49
8 68 55
8 69 59
8 70 45
8 71 46
8 72 37
8 73 48
8 74 39
8 75 43
8 76 52
8 77 60
8 78 43
8 79 45
8 80 45
8 81 41
8 82 41
8 83 35
8 84 59
8 85 42
8 86 36
8 87 54
8 88 53
8 89 59
8 90 41
8 91 38
8 92 55
8 93 43
8 94 42
8 95 55
8 96 52
8 97 38
8 98 51
8 99 51
8 100 38
8 101 47
8 102 44
8 103 46
8 104 44
8 105 56
8 106 37
8 107 37
8 108 50
8 109 38
8 110 50
8 111 38
8 112 35
8 113 44
8 114 57
8 115 35
8 116 53
8 117 54
8 118 59
8 119 57
8 120 37
8 121 38
8 122 48
8 123 50
8 124 41
8 125 56
8 126 52
9 1 45
9 2 50
9 3 49
9 4 36
9 5 50
9 6 38
9 7 40
9 8 38
9 9 0
9 10 43
9 11 37
9 12 53
9 13 51
9 14 39
9 15 60
9 16 59
9 17 53
9 18 59
9 19 58
9 20 35
9 21 42
9 22 47
9 23 40
9 24 41
9 25 58
9 26 49
9 27 36
9 28 60
9 29 52
9 30 54
9 31 47
9 32 35
9 33 36
9 34 49
9 35 53
9 36 50
9 37 53
9 38 42
9 39 50
9 40 53
9 41 48
9 42 37
9 43 50
9 44 55
9 45 40
9 46 55
9 47 36
9 48 46
9 49 37
9 50 59
9 51 37
9 52 37
9 53 59
9 54 46
9 55 37
9 56 56
9 57 44
9 58 57
9 59 57
9 60 38
9 61 55
9 62 41
9 63 36
9 64 59
9 65 42
9 66 51
9 67 54
9 68 47
9 69 54
9 70 59
9 71 38
9 72 52
9 73 53
9 74 57
9 75 35
9 76 43
9 77 47
9 78 58
9 79 58
9 80 38
9 81 54
9 82 55
9 83 39
9 84 55
9 85 41
9 86 51
9 87 45
9 88 38
9 89 59
9 90 38
9 91 59
9 92 45
9 93 38
9 94 52
9 95 51
9 96 59
9 97 59
9 98 40
9 99 56
9 100 56
9 101 47
9 102 42
9 103 53
9 104 38
9 105 40
9 106 44
9 107 42
9 108 56
9 109 39
9 110 50
9 111 48
9 112 36
9 113 45
9 114 41
9 115 59
9 116 60
9 117 54
9 118 54
9 119 37
9 120 50
9 121 60
9 122 55
9 123 58
9 124 51
9 125 53
9 126 38
10 1 41
10 2 42
10 3 36
10 4 44
10 5 41
10 6 55
10 7 39
10 8 44
10 9 57
10 10 0
10 11 48
10 12 40
10 13 51
10 14 57
10 15 38
10 16 41
10 17 40
10 18 58
10 19 52
10 20 60
10 21 43
10 22 39
10 23 55
10 24 60
10 25 60
10 26 46
10 27 56
10 28 49
10 29 40
10 30 49
10 31 46
10 32 38
10 33 46
10 34 57
10 35 40
10 36 39
10 37 35
10 38 59
10 39 41
10 40 49
10 41 49
10 42 37
10 43 37
10 44 49
10 45 39
10 46 44
10 47 52
10 48 35
10 49 40
10 50 45
10 51 58
10 52 42
10 53 38
10 54 56
10 55 42
10 56 40
10 57 57
10 58 47
10 59 44
10 60 43
10 61 35
10 62 42
10 63 47
10 64 54
10 65 52
10 66 60
10 67 38
10 68 44
10 69 38
10 70 42
10 71 52
10 72 45
10 73 52
10 74 45
10 75 46
10 76 56
10 77 46
10 78 42
10 79 44
10 80 46
10 81 45
10 82 52
10 83 38
10 84 56
10 85 49
10 86 41
10 87 43
10 88 57
10 89 57
10 90 36
10 91 48
10 92 54
10 93 59
10 94 44
10 95 58
10 96 37
10 97 48
10 98 45
10 99 54
10 100 37
10 101 57
10 102 56
10 103 38
10 104 57
10 105 45
10 106 43
10 107 50
10 108 55
10 109 41
10 110 50
10 111 39
10 112 40
10 113 43
10 114 44
10 115 58
10 116 39
10 117 51
10 118 48
10 119 59
10 120 38
10 121 44
10 122 48
10 123 39
10 124 58
10 125 54
10 126 48
11 1 43
11 2 58
11 3 49
11 4 50
11 5 53
11 6 48
11 7 53
11 8 57
11 9 59
11 10 55
11 11 0
11 12 44
11 13 36
11 14 60
11 15 52
11 16 59
11 17 51
11 18 37
11 19 42
11 20 42
11 21 59
11 22 40
11 23 38
11 24 49
11 25 38
11 26 41
11 27 47
11 28 53
11 29 53
11 30 48
11 31 60
11 32 52
11 33 50
11 34 56
11 35 38
11 36 59
11 37 36
11 38 54
11 39 53
11 40 47
11 41 51
11 42 48
11 43 45
11 44 46
11 45 36
11 46 57
11 47 38
11 48 38
11 49 49
11 50 57
11 51 47
11 52 59
11 53 51
11 54 53
11 55 50
11 56 42
11 57 36
11 58 52
11 59 48
11 60 39
11 61 52
11 62 58
11 63 59
11 64 37
11 65 37
11 66 51
11 67 51
11 68 53
11 69 59
11 70 59
11 71 36
11 72 59
11 73 39
11 74 60
11 75 56
11 76 54
11 77 41
11 78 39
11 79 40
11 80 48
11 81 57
11 82 55
11 83 56
11 84 48
11 85 36
11 86 47
11 87 53
11 88 43
11 89 38
11 90 53
11 91 51
11 92 42
11 93 56
11 94 55
11 95 56
11 96 44
11 97 37
11 98 55
11 99 51
11 100 60
11 101 45
11 102 46
11 103 51
11 104 56
11 105 54
11 106 49
11 107 54
11 108 49
11 109 42
11 110 43
11 111 48
11 112 42
11 113 56
11 114 37
11 115 50
11 116 46
11 117 36
11 118 36
11 119 52
11 120 48
11 121 54
11 122 46
11 123 55
11 124 54
11 125 50
11 126 55
12 1 42
12 2 46
12 3 43
12 4 44
12 5 35
12 6 35
12 7 48
12 8 52
12 9 37
12 10 56
12 11 51
12 12 0
12 13 39
12 14 39
12 15 56
12 16 49
12 17 56
12 18 59
12 19 57
12 20 50
12 21 36
12 22 46
12 23 44
12 24 56
12 25 42
12 26 58
12 27 52
12 28 54
12 29 53
12 30 47
12 31 54
12 32 46
12 33 58
12 34 44
12 35 59
12 36 41
12 37 46
12 38 57
12 39 40
12 40 35
12 41 39
12 42 38
12 43 46
12 44 53
12 45 54
12 46 45
12 47 53
12 48 52
12 49 51
12 50 60
12 51 50
12 52 56
12 53 51
12 54 57
12 55 50
12 56 47
12 57 58
12 58 48
12 59 41
12 60 41
12 61 44
12 62 42
12 63 52
12 64 55
12 65 44
12 66 55
12 67 59
12 68 45
12 69 55
12 70 47
12 71 48
12 72 36
12 73 36
12 74 58
12 75 43
12 76 53
12 77 57
12 78 55
12 79 49
12 80 46
12 81 47
12 82 47
12 83 51
12 84 47
12 85 39
12 86 42
12 87 43
12 88 56
12 89 35
12 90 35
12 91 40
12 92 40
12 93 51
12 94 58
12 95 36
12 96 42
12 97 53
12 98 47
12 99 36
12 100 45
12 101 39
12 102 57
12 103 45
12 104 42
12 105 50
12 106 36
12 107 36
12 108 46
12 109 49
12 110 46
12 111 50
12 112 49
12 113 50
12 114 37
12 115 56
12 116 36
12 117 42
12 118 36
12 119 47
12 120 40
12 121 58
12 122 53
12 123 59
12 124 39
12 125 48
12 126 57
13 1 51
13 2 46
13 3 50
13 4 36
13 5 50
13 6 59
13 7 52
13 8 39
13 9 46
13 10 60
13 11 39
13 12 55
13 13 0
13 14 53
13 15 58
13 16 42
13 17 36
13 18 50
13 19 35
13 20 52
13 21 41
13 22 53
13 23 41
13 24 45
13 25 59
13 26 35
13 27 53
13 28 37
13 29 58
13 30 59
13 31 52
13 32 44
13 33 48
13 34 44
13 35 57
13 36 57
13 37 46
13 38 37
13 39 48
13 40 51
13 41 44
13 42 37
13 43 59
13 44 39
13 45 37
13 46 48
13 47 36
13 48 49
13 49 52
13 50 43
13 51 55
13 52 56
13 53 45
13 54 54
13 55 60
13 56 39
13 57 41
13 58 47
13 59 35
13 60 58
13 61 50
13 62 47
13 63 45
13 64 49
13 65 58
13 66 59
13 67 53
13 68 39
13 69 41
13 70 57
13 71 44
13 72 55
13 73 38
13 74 56
13 75 40
13 76 42
13 77 56
13 78 47
13 79 48
13 80 38
13 81 44
13 82 54
13 83 47
13 84 48
13 85 54
13 86 49
13 87 56
13 88 54
13 89 57
13 90 51
13 91 58
13 92 43
13 93 52
13 94 49
13 95 36
13 96 51
13 97 54
13 98 45
13 99 41
13 100 40
13 101 50
13 102 38
13 103 40
13 104 50
13 105 60
13 106 53
13 107 41
13 108 55
13 109 60
13 110 41
13 111 35
13 112 38
13 113 53
13 114 42
13 115 47
13 116 46
13 117 51
13 118 36
13 119 49
13 120 40
13 121 46
13 122 49
13 123 57
13 124 38
13 125 36
13 126 58
14 1 46
14 2 57
14 3 59
14 4 39
14 5 54
14 6 55
14 7 37
14 8 41
14 9 59
14 10 54
14 11 42
14 12 56
14 13 43
14 14 0
14 15 51
14 16 56
14 17 35
14 18 49
14 19 55
14 20 57
14 21 42
14 22 44
14 23 42
14 24 39
14 25 49
14 26 38
14 27 42
14 28 46
14 29 58
14 30 58
14 31 45
14 32 55
14 33 38
14 34 55
14 35 47
14 36 60
14 37 41
14 38 36
14 39 59
14 40 37
14 41 40
14 42 45
14 43 57
14 44 36
14 45 47
14 46 40
14 47 52
14 48 46
14 49 48
14 50 42
14 51 54
14 52 57
14 53 53
14 54 43
14 55 53
14 56 58
14 57 43
14 58 45
14 59 51
14 60 55
14 61 42
14 62 54
14 63 54
14 64 42
14 65 50
14 66 40
14 67 54
14 68 59
14 69 48
14 70 43
14 71 54
14 72 57
14 73 52
14 74 49
14 75 40
14 76 37
14 77 38
14 78 43
14 79 54
14 80 53
14 81 38
14 82 36
14 83 56
14 84 39
14 85 45
14 86 42
14 87 35
14 88 54
14 89 55
14 90 36
14 91 36
14 92 43
14 93 48
14 94 39
14 95 41
14 96 47
14 97 49
14 98 51
14 99 44
14 100 35
14 101 38
14 102 39
14 103 52
14 104 54
14 105 46
14 106 36
14 107 49
14 108 51
14 109 50
14 110 48
14 111 49
14 112 37
14 113 35
14 114 35
14 115 55
14 116 54
14 117 54
14 118 38
14 119 54
14 120 60
14 121 52
14 122 58
14 123 58
14 124 51
14 125 47
14 126 44
15 1 36
15 2 35
15 3 55
15 4 56
15 5 59
15 6 37
15 7 44
15 8 56
15 9 37
15 10 59
15 11 43
15 12 49
15 13 57
15 14 52
15 15 0
15 16 57
15 17 44
15 18 54
15 19 59
15 20 56
15 21 43
15 22 41
15 23 39
15 24 35
15 25 39
15 26 42
15 27 40
15 28 40
15 29 46
15 30 59
15 31 52
15 32 35
15 33 46
15 34 42
15 35 43
15 36 59
15 37 40
15 38 37
15 39 56
15 40 37
15 41 46
15 42 47
15 43 56
15 44 37
15 45 46
15 46 40
15 47 50
15 48 39
15 49 36
15 50 53
15 51 40
15 52 40
15 53 43
15 54 46
15 55 37
15 56 41
15 57 54
15 58 49
15 59 58
15 60 49
15 61 43
15 62 53
15 63 57
15 64 48
15 65 53
15 66 37
15 67 54
15 68 59
15 69 35
15 70 44
15 71 51
15 72 53
15 73 55
15 74 56
15 75 57
15 76 50
15 77 45
15 78 44
15 79 53
15 80 39
15 81 35
15 82 41
15 83 40
15 84 43
15 85 50
15 86 59
15 87 48
15 88 51
15 89 48
15 90 56
15 91 58
15 92 48
15 93 38
15 94 42
15 95 55
15 96 39
15 97 44
15 98 51
15 99 52
15 100 42
15 101 46
15 102 55
15 103 48
15 104 46
15 105 41
15 106 50
15 107 48
15 108 57
15 109 45
15 110 37
15 111 50
15 112 43
15 113 46
15 114 51
15 115 42
15 116 56
15 117 49
15 118 51
15 119 52
15 120 42
15 121 39
15 122 55
15 123 37
15 124 38
15 125 41
15 126 49
16 1 48
16 2 35
16 3 41
16 4 57
16 5 47
16 6 40
16 7 48
16 8 41
16 9 45
16 10 50
16 11 54
16 12 50
16 13 56
16 14 40
16 15 42
16 16 0
16 17 39
16 18 51
16 19 60
16 20 35
16 21 36
16 22 55
16 23 36
16 24 47
16 25 39
16 26 39
16 27 57
16 28 40
16 29 39
16 30 45
16 31 49
16 32 58
16 33 40
16 34 44
16 35 47
16 36 57
16 37 58
16 38 56
16 39 58
16 40 47
16 41 55
16 42 38
16 43 37
16 44 42
16 45 40
16 46 48
16 47 44
16 48 48
16 49 56
16 50 55
16 51 48
16 52 60
16 53 51
16 54 39
16 55 50
16 56 44
16 57 56
16 58 48
16 59 36
16 60 38
16 61 51
16 62 59
16 63 51
16 64 56
16 65 52
16 66 42
16 67 35
16 68 54
16 69 36
16 70 57
16 71 52
16 72 53
16 73 52
16 74 51
16 75 42
16 76 43
16 77 54
16 78 55
16 79 54
16 80 38
16 81 41
16 82 35
16 83 54
16 84 49
16 85 60
16 86 57
16 87 48
16 88 57
16 89 48
16 90 37
16 91 51
16 92 53
16 93 44
16 94 58
16 95 45
16 96 48
16 97 40
16 98 50
16 99 47
16 100 38
16 101 48
16 102 51
16 103 44
16 104 37
16 105 45
16 106 59
16 107 57
16 108 59
16 109 52
16 110 49
16 111 59
16 112 35
16 113 59
16 114 46
16 115 47
16 116 56
16 117 36
16 118 55
16 119 42
16 120 42
16 121 58
16 122 35
16 123 54
16 124 49
16 125 60
16 126 60
17 1 57
17 2 46
17 3 59
17 4 56
17 5 54
17 6 51
17 7 42
17 8 52
17 9 47
17 10 60
17 11 57
17 12 60
17 13 53
17 14 44
17 15 56
17 16 55
17 17 0
17 18 43
17 19 59
17 20 53
17 21 46
17 22 51
17 23 56
17 24 46
17 25 35
17 26 36
17 27 49
17 28 39
17 29 43
17 30 51
17 31 43
17 32 40
17 33 38
17 34 45
17 35 36
17 36 56
17 37 35
17 38 35
17 39 58
17 40 53
17 41 38
17 42 46
17 43 41
17 44 59
17 45 47
17 46 54
17 47 53
17 48 41
17 49 44
17 50 56
17 51 56
17 52 41
17 53 53
17 54 55
17 55 49
17 56 43
17 57 40
17 58 35
17 59 44
17 60 49
17 61 55
17 62 37
17 63 60
17 64 49
17 65 35
17 66 52
17 67 37
17 68 50
17 69 54
17 70 55
17 71 55
17 72 46
17 73 60
17 74 46
17 75 37
17 76 41
17 77 49
17 78 44
17 79 47
17 80 60
17 81 52
17 82 46
17 83 42
17 84 40
17 85 43
17 86 50
17 87 41
17 88 56
17 89 48
17 90 53
17 91 56
17 92 43
17 93 59
17 94 36
17 95 35
17 96 47
17 97 59
17 98 42
17 99 35
17 100 48
17 101 45
17 102 35
17 103 41
17 104 47
17 105 57
17 106 43
17 107 52
17 108 43
17 109 53
17 110 48
17 111 57
17 112 42
17 113 58
17 114 58
17 115 43
17 116 51
17 117 35
17 118 52
17 119 39
17 120 45
17 121 59
17 122 49
17 123 40
17 124 56
17 125 56
17 126 54
18 1 55
18 2 60
18 3 35
18 4 47
18 5 57
18 6 43
18 7 60
18 8 49
18 9 49
18 10 55
18 11 35
18 12 50
18 13 53
18 14 47
18 15 43
18 16 53
18 17 38
18 18 0
18 19 52
18 20 48
18 21 50
18 22 60
18 23 53
18 24 53
18 25 46
18 26 42
18 27 44
18 28 47
18 29 42
18 30 38
18 31 51
18 32 59
18 33 39
18 34 58
18 35 36
18 36 58
18 37 45
18 38 47
18 39 49
18 40 59
18 41 60
18 42 55
18 43 38
18 44 56
18 45 50
18 46 44
18 47 55
18 48 58
18 49 60
18 50 37
18 51 49
18 52 57
18 53 47
18 54 58
18 55 41
18 56 39
18 57 42
18 58 52
18 59 57
18 60 57
18 61 54
18 62 40
18 63 41
18 64 45
18 65 47
18 66 42
18 67 40
18 68 39
18 69 59
18 70 45
18 71 57
18 72 39
18 73 48
18 74 37
18 75 38
18 76 58
18 77 56
18 78 40
18 79 36
18 80 43
18 81 52
18 82 55
18 83 41
18 84 57
18 85 54
18 86 47
18 87 53
18 88 52
18 89 48
18 90 35
18 91 37
18 92 46
18 93 38
18 94 53
18 95 45
18 96 36
18 97 41
18 98 53
18 99 55
18 100 53
18 101 59
18 102 50
18 103 56
18 104 41
18 105 50
18 106 44
18 107 54
18 108 51
18 109 54
18 110 40
18 111 35
18 112 51
18 113 47
18 114 52
18 115 40
18 116 38
18 117 58
18 118 54
18 119 47
18 120 50
18 121 59
18 122 35
18 123 43
18 124 56
18 125 59
18 126 42
19 1 44
19 2 42
19 3 54
19 4 35
19 5 49
19 6 57
19 7 44
19 8 57
19 9 36
19 10 43
19 11 43
19 12 54
19 13 36
19 14 37
19 15 45
19 16 39
19 17 60
19 18 39
19 19 0
19 20 60
19 21 35
19 22 51
19 23 35
19 24 58
19 25 46
19 26 44
19 27 53
19 28 37
19 29 43
19 30 50
19 31 47
19 32 43
19 33 40
19 34 41
19 35 50
19 36 36
19 37 57
19 38 60
19 39 42
19 40 42
19 41 44
19 42 35
19 43 57
19 44 42
19 45 44
19 46 53
19 47 48
19 48 60
19 49 57
19 50 52
19 51 52
19 52 52
19 53 43
19 54 37
19 55 37
19 56 46
19 57 39
19 58 56
19 59 44
19 60 54
19 61 54
19 62 55
19 63 55
19 64 58
19 65 51
19 66 51
19 67 55
19 68 40
19 69 51
19 70 53
19 71 56
19 72 37
19 73 37
19 74 44
19 75 56
19 76 39
19 77 51
19 78 56
19 79 39
19 80 35
19 81 50
19 82 35
19 83 41
19 84 36
19 85 49
19 86 52
19 87 40
19 88 55
19 89 54
19 90 42
19 91 56
19 92 35
19 93 37
19 94 42
19 95 45
19 96 37
19 97 36
19 98 52
19 99 50
19 100 55
19 101 35
19 102 59
19 103 49
19 104 37
19 105 40
19 106 60
19 107 52
19 108 44
19 109 58
19 110 45
19 111 45
19 112 37
19 113 55
19 114 51
19 115 37
19 116 41
19 117 43
19 118 56
19 119 53
19 120 41
19 121 38
19 122 44
19 123 40
19 124 42
19 125 53
19 126 51
20 1 50
20 2 38
20 3 57
20 4 56
20 5 53
20 6 44
20 7 51
20 8 42
20 9 42
20 10 42
20 11 58
20 12 52
20 13 53
20 14 42
20 15 42
20 16 46
20 17 50
20 18 54
20 19 59
20 20 0
20 21 42
20 22 41
20 23 53
20 24 58
20 25 49
20 26 38
20 27 49
20 28 53
20 29 50
20 30 44
20 31 41
20 32 56
20 33 44
20 34 35
20 35 60
20 36 48
20 37 40
20 38 41
20 39 46
20 40 56
20 41 39
20 42 56
20 43 55
20 44 58
20 45 53
20 46 42
20 47 40
20 48 53
20 49 49
20 50 51
20 51 40
20 52 43
20 53 37
20 54 40
20 55 55
20 56 47
20 57 43
20 58 47
20 59 40
20 60 46
20 61 44
20 62 41
20 63 36
20 64 43
20 65 58
20 66 40
20 67 35
20 68 51
20 69 36
20 70 60
20 71 51
20 72 44
20 73 38
20 74 46
20 75 43
20 76 35
20 77 35
20 78 48
20 79 55
20 80 36
20 81 54
20 82 51
20 83 48
20 84 56
20 85 51
20 86 52
20 87 51
20 88 46
20 89 53
20 90 51
20 91 40
20 92 38
20 93 49
20 94 56
20 95 57
20 96 56
20 97 37
20 98 37
20 99 51
20 100 50
20 101 58
20 102 45
20 103 51
20 104 44
20 105 47
20 106 45
20 107 54
20 108 41
20 109 40
20 110 37
20 111 42
20 112 53
20 113 56
20 114 46
20 115 39
20 116 41
20 117 43
20 118 36
20 119 51
20 120 48
20 121 44
20 122 60
20 123 40
20 124 45
20 125 49
20 126 50
21 1 55
21 2 38
21 3 43
21 4 50
21 5 51
21 6 46
21 7 44
21 8 44
21 9 56
21 10 42
21 11 40
21 12 57
21 13 35
21 14 36
21 15 52
21 16 38
21 17 42
21 18 58
21 19 60
21 20 50
21 21 0
21 22 43
21 23 60
21 24 35
21 25 35
21 26 58
21 27 41
21 28 37
21 29 50
21 30 57
21 31 42
21 32 56
21 33 60
21 34 49
21 35 37
21 36 56
21 37 43
21 38 45
21 39 49
21 40 49
21 41 45
21 42 42
21 43 54
21 44 42
21 45 37
21 46 42
21 47 45
21 48 48
21 49 40
21 50 49
21 51 37
21 52 43
21 53 38
21 54 37
21 55 47
21 56 42
21 57 45
21 58 44
21 59 42
21 60 49
21 61 39
21 62 40
21 63 51
21 64 41
21 65 53
21 66 45
21 67 55
21 68 47
21 69 51
21 70 36
21 71 36
21 72 55
21 73 55
21 74 46
21 75 42
21 76 59
21 77 46
21 78 40
21 79 51
21 80 52
21 81 45
21 82 52
21 83 39
21 84 49
21 85 45
21 86 37
21 87 39
21 88 53
21 89 47
21 90 58
21 91 60
21 92 40
21 93 60
21 94 53
21 95 38
21 96 57
21 97 39
21 98 42
21 99 50
21 100 60
21 101 47
21 102 41
21 103 56
21 104 45
21 105 47
21 106 45
21 107 39
21 108 46
21 109 50
21 110 47
21 111 40
21 112 39
21 113 43
21 114 51
21 115 42
21 116 35
21 117 40
21 118 55
21 119 35
21 120 47
21 121 40
21 122 42
21 123 40
21 124 36
21 125 43
21 126 58
22 1 49
22 2 43
22 3 47
22 4 52
22 5 36
22 6 42
22 7 39
22 8 37
22 9 51
22 10 41
22 11 37
22 12 43
22 13 51
22 14 35
22 15 46
22 16 39
22 17 44
22 18 47
22 19 39
22 20 43
22 21 52
22 22 0
22 23 46
22 24 40
22 25 36
22 26 60
22 27 44
22 28 37
22 29 45
22 30 39
22 31 38
22 32 45
22 33 58
22 34 51
22 35 57
22 36 41
22 37 44
22 38 35
22 39 58
22 40 41
22 41 59
22 42 59
22 43 40
22 44 40
22 45 60
22 46 51
22 47 44
22 48 39
22 49 52
22 50 52
22 51 36
22 52 47
22 53 39
22 54 47
22 55 43
22 56 35
22 57 36
22 58 59
22 59 60
22 60 47
22 61 41
22 62 50
22 63 35
22 64 43
22 65 53
22 66 52
22 67 52
22 68 58
22 69 36
22 70 47
22 71 47
22 72 36
22 73 37
22 74 40
22 75 37
22 76 52
22 77 47
22 78 36
22 79 59
22 80 44
22 81 53
22 82 52
22 83 36
22 84 48
22 85 35
22 86 52
22 87 46
22 88 49
22 89 51
22 90 54
22 91 40
22 92 42
22 93 39
22 94 52
22 95 37
22 96 46
22 97 36
22 98 45
22 99 47
22 100 59
22 101 36
22 102 35
22 103 42
22 104 35
22 105 35
22 106 41
22 107 39
22 108 43
22 109 40
22 110 58
22 111 39
22 112 46
22 113 48
22 114 46
22 115 50
22 116 47
22 117 47
22 118 35
22 119 55
22 120 58
22 121 60
22 122 43
22 123 45
22 124 57
22 125 50
22 126 40
23 1 41
23 2 50
23 3 59
23 4 59
23 5 53
23 6 40
23 7 58
23 8 42
23 9 45
23 10 53
23 11 56
23 12 39
23 13 59
23 14 53
23 15 53
23 16 49
23 17 59
23 18 36
23 19 60
23 20 39
23 21 48
23 22 37
23 23 0
23 24 53
23 25 50
23 26 38
23 27 37
23 28 60
23 29 57
23 30 43
23 31 60
23 32 51
23 33 52
23 34 38
23 35 43
23 36 36
23 37 59
23 38 35
23 39 39
23 40 40
23 41 37
23 42 37
23 43 41
23 44 50
23 45 49
23 46 50
23 47 59
23 48 52
23 49 57
23 50 39
23 51 60
23 52 40
23 53 37
23 54 45
23 55 58
23 56 57
23 57 36
23 58 55
23 59 45
23 60 59
23 61 46
23 62 47
23 63 36
23 64 46
23 65 45
23 66 53
23 67 52
23 68 47
23 69 53
23 70 39
23 71 60
23 72 45
23 73 44
23 74 60
23 75 36
23 76 35
23 77 43
23 78 40
23 79 45
23 80 59
23 81 48
23 82 45
23 83 38
23 84 60
23 85 58
23 86 60
23 87 37
23 88 53
23 89 47
23 90 60
23 91 42
23 92 51
23 93 39
23 94 51
23 95 56
23 96 51
23 97 36
23 98 50
23 99 35
23 100 46
23 101 35
23 102 40
23 103 40
23 104 54
23 105 54
23 106 59
23 107 42
23 108 53
23 109 56
23 110 41
23 111 60
23 112 37
23 113 44
23 114 51
23 115 51
23 116 52
23 117 46
23 118 37
23 119 48
23 120 35
23 121 50
23 122 44
23 123 37
23 124 59
23 125 46
23 126 35
24 1 56
24 2 58
24 3 55
24 4 37
24 5 58
24 6 43
24 7 38
24 8 35
24 9 44
24 10 44
24 11 42
24 12 40
24 13 45
24 14 38
24 15 41
24 16 51
24 17 45
24 18 53
24 19 41
24 20 47
24 21 40
24 22 44
24 23 57
24 24 0
24 25 51
24 26 45
24 27 55
24 28 45
24 29 44
24 30 39
24 31 50
24 32 47
24 33 51
24 34 41
24 35 35
24 36 60
24 37 57
24 38 38
24 39 57
24 40 44
24 41 36
24 42 39
24 43 37
24 44 52
24 45 49
24 46 46
24 47 53
24 48 42
24 49 42
24 50 43
24 51 58
24 52 42
24 53 49
24 54 36
24 55 46
24 56 37
24 57 51
24 58 41
24 59 59
24 60 60
24 61 48
24 62 53
24 63 60
24 64 50
24 65 35
24 66 39
24 67 58
24 68 40
24 69 57
24 70 41
24 71 45
24 72 50
24 73 47
24 74 54
24 75 51
24 76 58
24 77 38
24 78 55
24 79 59
24 80 52
24 81 56
24 82 41
24 83 50
24 84 53
24 85 35
24 86 36
24 87 57
24 88 58
24 89 60
24 90 46
24 91 54
24 92 51
24 93 37
24 94 60
24 95 49
24 96 56
24 97 47
24 98 49
24 99 54
24 100 39
24 101 59
24 102 41
24 103 39
24 104 53
24 105 39
24 106 48
24 107 55
24 108 54
24 109 36
24 110 47
24 111 49
24 112 39
24 113 36
24 114 49
24 115 46
24 116 60
24 117 43
24 118 54
24 119 46
24 120 55
24 121 45
24 122 41
24 123 36
24 124 50
24 125 58
24 126 45
25 1 40
25 2 35
25 3 55
25 4 58
25 5 37
25 6 50
25 7 43
25 8 37
25 9 53
25 10 44
25 11 51
25 12 43
25 13 53
25 14 36
25 15 53
25 16 51
25 17 47
25 18 53
25 19 58
25 20 53
25 21 58
25 22 44
25 23 44
25 24 52
25 25 0
25 26 46
25 27 54
25 28 55
25 29 36
25 30 39
25 31 43
25 32 56
25 33 37
25 34 59
25 35 55
25 36 38
25 37 51
25 38 43
25 39 47
25 40 55
25 41 45
25 42 36
25 43 52
25 44 40
25 45 35
25 46 57
25 47 52
25 48 53
25 49 36
25 50 39
25 51 40
25 52 42
25 53 35
25 54 44
25 55 54
25 56 56
25 57 37
25 58 50
25 59 45
25 60 53
25 61 49
25 62 53
25 63 60
25 64 45
25 65 39
25 66 54
25 67 38
25 68 50
25 69 43
25 70 46
25 71 52
25 72 57
25 73 57
25 74 42
25 75 46
25 76 56
25 77 42
25 78 52
25 79 60
25 80 48
25 81 38
25 82 53
25 83 58
25 84 37
25 85 36
25 86 46
25 87 36
25 88 40
25 89 38
25 90 53
25 91 37
25 92 52
25 93 43
25 94 46
25 95 54
25 96 38
25 97 39
25 98 36
25 99 49
25 100 37
25 101 55
25 102 55
25 103 40
25 104 35
25 105 53
25 106 36
25 107 41
25 108 44
25 109 51
25 110 38
25 111 44
25 112 53
25 113 60
25 114 46
25 115 51
25 116 56
25 117 39
25 118 55
25 119 55
25 120 55
25 121 50
25 122 57
25 123 43
25 124 58
25 125 49
25 126 60
26 1 51
26 2 48
26 3 56
26 4 45
26 5 53
26 6 53
26 7 35
26 8 50
26 9 39
26 10 59
26 11 51
26 12 37
26 13 57
26 14 51
26 15 56
26 16 56
26 17 45
26 18 42
26 19 44
26 20 49
26 21 35
26 22 60
26 23 46
26 24 45
26 25 37
26 26 0
26 27 46
26 28 59
26 29 46
26 30 52
26 31 55
26 32 35
26 33 51
26 34 48
26 35 36
26 36 46
26 37 46
26 38 59
26 39 57
26 40 35
26 41 60
26 42 43
26 43 52
26 44 38
26 45 44
26 46 54
26 47 40
26 48 36
26 49 52
26 50 44
26 51 40
26 52 42
26 53 41
26 54 44
26 55 49
26 56 45
26 57 36
26 58 47
26 59 59
26 60 58
26 61 50
26 62 50
26 63 52
26 64 37
26 65 59
26 66 42
26 67 45
26 68 37
26 69 56
26 70 47
26 71 38
26 72 50
26 73 37
26 74 55
26 75 53
26 76 35
26 77 51
26 78 43
26 79 37
26 80 51
26 81 37
26 82 48
26 83 52
26 84 41
26 85 53
26 86 35
26 87 54
26 88 57
26 89 48
26 90 41
26 91 44
26 92 57
26 93 43
26 94 51
26 95 39
26 96 42
26 97 45
26 98 49
26 99 42
26 100 40
26 101 47
26 102 47
26 103 37
26 104 55
26 105 37
26 106 40
26 107 43
26 108 40
26 109 37
26 110 36
26 111 44
26 112 36
26 113 41
26 114 59
26 115 55
26 116 47
26 117 47
26 118 35
26 119 46
26 120 38
26 121 50
26 122 43
26 123 42
26 124 45
26 125 56
26 126 54
27 1 39
27 2 55
27 3 56
27 4 56
27 5 37
27 6 55
27 7 48
27 8 47
27 9 60
27 10 52
27 11 44
27 12 36
27 13 41
27 14 56
27 15 60
27 16 51
27 17 60
27 18 53
27 19 53
27 20 52
27 21 46
27 22 44
27 23 53
27 24 58
27 25 53
27 26 42
27 27 0
27 28 56
27 29 49
27 30 58
27 31 37
27 32 41
27 33 55
27 34 38
27 35 58
27 36 43
27 37 40
27 38 36
27 39 46
27 40 49
27 41 53
27 42 52
27 43 46
27 44 39
27 45 49
27 46 45
27 47 50
27 48 47
27 49 37
27 50 55
27 51 48
27 52 42
27 53 40
27 54 42
27 55 60
27 56 41
27 57 59
27 58 45
27 59 58
27 60 58
27 61 50
27 62 39
27 63 57
27 64 56
27 65 41
27 66 39
27 67 36
27 68 57
27 69 59
27 70 57
27 71 40
27 72 39
27 73 49
27 74 40
27 75 47
27 76 50
27 77 45
27 78 55
27 79 56
27 80 45
27 81 53
27 82 54
27 83 36
27 84 36
27 85 42
27 86 58
27 87 60
27 88 40
27 89 47
27 90 60
27 91 36
27 92 54
27 93 59
27 94 50
27 95 35
27 96 43
27 97 38
27 98 35
27 99 39
27 100 38
27 101 59
27 102 59
27 103 38
27 104 44
27 105 38
27 106 41
27 107 38
27 108 41
27 109 53
27 110 49
27 111 51
27 112 59
27 113 55
27 114 49
27 115 58
27 116 36
27 117 41
27 118 57
27 119 52
27 120 54
27 121 52
27 122 49
27 123 60
27 124 36
27 125 47
27 126 49
28 1 35
28 2 44
28 3 58
28 4 57
28 5 58
28 6 35
28 7 43
28 8 39
28 9 39
28 10 41
28 11 55
28 12 58
28 13 48
28 14 38
28 15 57
28 16 53
28 17 37
28 18 39
28 19 48
28 20 47
28 21 57
28 22 46
28 23 45
28 24 53
28 25 50
28 26 56
28 27 52
28 28 0
28 29 43
28 30 36
28 31 35
28 32 41
28 33 39
28 34 46
28 35 52
28 36 55
28 37 57
28 38 53
28 39 42
28 40 42
28 41 48
28 42 55
28 43 44
28 44 60
28 45 53
28 46 50
28 47 42
28 48 40
28 49 35
28 50 54
28 51 37
28 52 40
28 53 53
28 54 38
28 55 42
28 56 47
28 57 54
28 58 36
28 59 44
28 60 43
28 61 60
28 62 40
28 63 36
28 64 45
28 65 41
28 66 56
28 67 46
28 68 51
28 69 52
28 70 52
28 71 38
28 72 35
28 73 38
28 74 39
28 75 55
28 76 46
28 77 36
28 78 54
28 79 35
28 80 45
28 81 58
28 82 54
28 83 48
28 84 44
28 85 60
28 86 57
28 87 35
28 88 35
28 89 54
28 90 42
28 91 48
28 92 38
28 93 38
28 94 60
28 95 48
28 96 44
28 97 42
28 98 47
28 99 55
28 100 39
28 101 39
28 102 35
28 103 48
28 104 55
28 105 38
28 106 57
28 107 45
28 108 41
28 109 46
28 110 59
28 111 40
28 112 35
28 113 38
28 114 48
28 115 50
28 116 43
28 117 52
28 118 49
28 119 48
28 120 41
28 121 44
28 122 54
28 123 54
28 124 60
28 125 60
28 126 49
29 1 51
29 2 37
29 3 50
29 4 49
29 5 40
29 6 51
29 7 41
29 8 35
29 9 39
29 10 37
29 11 59
29 12 52
29 13 55
29 14 57
29 15 57
29 16 56
29 17 46
29 18 39
29 19 59
29 20 49
29 21 59
29 22 57
29 23 36
29 24 40
29 25 48
29 26 58
29 27 50
29 28 50
29 29 0
29 30 43
29 31 51
29 32 37
29 33 38
29 34 36
29 35 41
29 36 60
29 37 57
29 38 44
29 39 55
29 40 54
29 41 52
29 42 60
29 43 35
29 44 50
29 45 52
29 46 54
29 47 52
29 48 49
29 49 60
29 50 47
29 51 37
29 52 53
29 53 36
29 54 58
29 55 42
29 56 57
29 57 41
29 58 54
29 59 48
29 60 43
29 61 38
29 62 47
29 63 40
29 64 49
29 65 60
29 66 57
29 67 56
29 68 43
29 69 55
29 70 54
29 71 45
29 72 35
29 73 37
29 74 49
29 75 38
29 76 42
29 77 49
29 78 41
29 79 44
29 80 60
29 81 50
29 82 47
29 83 43
29 84 47
29 85 55
29 86 57
29 87 47
29 88 50
29 89 43
29 90 47
29 91 38
29 92 42
29 93 56
29 94 52
29 95 38
29 96 43
29 97 37
29 98 41
29 99 54
29 100 56
29 101 37
29 102 41
29 103 46
29 104 39
29 105 40
29 106 56
29 107 43
29 108 38
29 109 50
29 110 59
29 111 57
29 112 43
29 113 43
29 114 38
29 115 52
29 116 56
29 117 56
29 118 35
29 119 60
29 120 37
29 121 54
29 122 40
29 123 35
29 124 52
29 125 38
29 126 43
30 1 47
30 2 49
30 3 41
30 4 42
30 5 40
30 6 51
30 7 41
30 8 45
30 9 40
30 10 50
30 11 48
30 12 39
30 13 60
30 14 44
30 15 59
30 16 38
30 17 36
30 18 59
30 19 44
30 20 52
30 21 59
30 22 44
30 23 52
30 24 53
30 25 41
30 26 49
30 27 38
30 28 51
30 29 53
30 30 0
30 31 37
30 32 54
30 33 56
30 34 43
30 35 53
30 36 59
30 37 44
30 38 54
30 39 35
30 40 39
30 41 43
30 42 49
30 43 35
30 44 38
30 45 57
30 46 49
30 47 38
30 48 42
30 49 56
30 50 51
30 51 42
30 52 55
30 53 40
30 54 42
30 55 35
30 56 55
30 57 40
30 58 45
30 59 51
30 60 44
30 61 41
30 62 54
30 63 35
30 64 38
30 65 58
30 66 43
30 67 55
30 68 49
30 69 45
30 70 43
30 71 59
30 72 49
30 73 55
30 74 43
30 75 57
30 76 39
30 77 37
30 78 58
30 79 58
30 80 48
30 81 60
30 82 52
30 83 48
30 84 40
30 85 35
30 86 53
30 87 37
30 88 49
30 89 37
30 90 43
30 91 35
30 92 54
30 93 39
30 94 41
30 95 46
30 96 47
30 97 46
30 98 55
30 99 36
30 100 40
30 101 53
30 102 54
30 103 50
30 104 59
30 105 48
30 106 41
30 107 36
30 108 57
30 109 52
30 110 35
30 111 38
30 112 59
30 113 54
30 114 49
30 115 55
30 116 49
30 117 45
30 118 40
30 119 35
30 120 48
30 121 36
30 122 37
30 123 56
30 124 44
30 125 60
30 126 37
31 1 42
31 2 56
31 3 38
31 4 48
31 5 46
31 6 46
31 7 51
31 8 60
31 9 55
31 10 46
31 11 47
31 12 51
31 13 53
31 14 56
31 15 55
31 16 57
31 17 57
31 18 47
31 19 36
31 20 41
31 21 56
31 22 60
31 23 43
31 24 59
31 25 48
31 26 37
31 27 37
31 28 49
31 29 58
31 30 44
31 31 0
31 32 48
31 33 35
31 34 51
31 35 55
31 36 55
31 37 47
31 38 50
31 39 50
31 40 36
31 41 48
31 42 55
31 43 59
31 44 50
31 45 42
31 46 38
31 47 42
31 48 46
31 49 46
31 50 53
31 51 55
31 52 51
31 53 44
31 54 51
31 55 49
31 56 47
31 57 53
31 58 57
31 59 40
31 60 52
31 61 57
31 62 51
31 63 52
31 64 37
31 65 53
31 66 53
31 67 53
31 68 38
31 69 50
31 70 35
31 71 44
31 72 50
31 73 57
31 74 42
31 75 37
31 76 52
31 77 54
31 78 59
31 79 35
31 80 41
31 81 48
31 82 58
31 83 40
31 84 53
31 85 38
31 86 56
31 87 50
31 88 48
31 89 47
31 90 57
31 91 40
31 92 41
31 93 52
31 94 45
31 95 57
31 96 51
31 97 57
31 98 36
31 99 48
31 100 60
31 101 43
31 102 60
31 103 40
31 104 55
31 105 60
31 106 59
31 107 43
31 108 45
31 109 59
31 110 59
31 111 50
31 112 53
31 113 37
31 114 43
31 115 40
31 116 56
31 117 41
31 118 37
31 119 54
31 120 40
31 121 51
31 122 44
31 123 48
31 124 46
31 125 42
31 126 54
32 1 41
32 2 46
32 3 48
32 4 56
32 5 37
32 6 56
32 7 56
32 8 50
32 9 35
32 10 39
32 11 43
32 12 44
32 13 50
32 14 59
32 15 38
32 16 47
32 17 55
32 18 37
32 19 39
32 20 54
32 21 38
32 22 59
32 23 53
32 24 49
32 25 49
32 26 51
32 27 56
32 28 40
32 29 46
32 30 55
32 31 46
32 32 0
32 33 53
32 34 48
32 35 38
32 36 37
32 37 39
32 38 40
32 39 35
32 40 44
32 41 51
32 42 59
32 43 36
32 44 46
32 45 57
32 46 41
32 47 43
32 48 44
32 49 59
32 50 42
32 51 52
32 52 53
32 53 41
32 54 37
32 55 39
32 56 49
32 57 37
32 58 44
32 59 58
32 60 44
32 61 55
32 62 57
32 63 36
32 64 46
32 65 49
32 66 56
32 67 59
32 68 39
32 69 54
32 70 46
32 71 54
32 72 44
32 73 37
32 74 57
32 75 48
32 76 58
32 77 37
32 78 37
32 79 59
32 80 51
32 81 51
32 82 42
32 83 50
32 84 48
32 85 51
32 86 54
32 87 35
32 88 48
32 89 41
32 90 47
32 91 46
32 92 47
32 93 37
32 94 40
32 95 49
32 96 43
32 97 45
32 98 50
32 99 47
32 100 46
32 101 52
32 102 53
32 103 58
32 104 51
32 105 50
32 106 35
32 107 47
32 108 51
32 109 40
32 110 59
32 111 51
32 112 51
32 113 58
32 114 53
32 115 60
32 116 41
32 117 51
32 118 44
32 119 38
32 120 42
32 121 43
32 122 45
32 123 35
32 124 54
32 125 38
32 126 49
33 1 54
33 2 48
33 3 37
33 4 55
33 5 40
33 6 53
33 7 42
33 8 45
33 9 47
33 10 37
33 11 52
33 12 54
33 13 54
33 14 41
33 15 40
33 16 40
33 17 60
33 18 46
33 19 56
33 20 45
33 21 38
33 22 35
33 23 53
33 24 56
33 25 45
33 26 38
33 27 55
33 28 39
33 29 55
33 30 44
33 31 55
33 32 51
33 33 0
33 34 49
33 35 49
33 36 59
33 37 45
33 38 52
33 39 45
33 40 57
33 41 53
33 42 36
33 43 60
33 44 36
33 45 35
33 46 42
33 47 53
33 48 39
33 49 57
33 50 36
33 51 52
33 52 54
33 53 37
33 54 58
33 55 58
33 56 39
33 57 37
33 58 49
33 59 37
33 60 36
33 61 50
33 62 53
33 63 41
33 64 37
33 65 57
33 66 58
33 67 45
33 68 60
33 69 57
33 70 39
33 71 43
33 72 37
33 73 42
33 74 56
33 75 36
33 76 55
33 77 57
33 78 37
33 79 54
33 80 41
33 81 53
33 82 56
33 83 51
33 84 42
33 85 56
33 86 51
33 87 59
33 88 38
33 89 56
33 90 55
33 91 53
33 92 56
33 93 47
33 94 59
33 95 37
33 96 60
33 97 55
33 98 56
33 99 45
33 100 49
33 101 39
33 102 38
33 103 57
33 104 41
33 105 46
33 106 48
33 107 38
33 108 54
33 109 50
33 110 60
33 111 54
33 112 59
33 113 41
33 114 48
33 115 37
33 116 48
33 117 43
33 118 60
33 119 50
33 120 42
33 121 50
33 122 53
33 123 43
33 124 57
33 125 35
33 126 42
34 1 38
34 2 39
34 3 60
34 4 58
34 5 48
34 6 50
34 7 39
34 8 55
34 9 55
34 10 35
34 11 55
34 12 57
34 13 52
34 14 36
34 15 46
34 16 42
34 17 40
34 18 54
34 19 48
34 20 60
34 21 51
34 22 35
34 23 44
34 24 49
34 25 41
34 26 35
34 27 39
34 28 38
34 29 36
34 30 46
34 31 49
34 32 53
34 33 46
34 34 0
34 35 49
34 36 55
34 37 35
34 38 41
34 39 38
34 40 38
34 41 40
34 42 46
34 43 54
34 44 45
34 45 45
34 46 35
34 47 49
34 48 55
34 49 47
34 50 53
34 51 52
34 52 54
34 53 37
34 54 46
34 55 36
34 56 45
34 57 43
34 58 57
34 59 51
34 60 57
34 61 36
34 62 54
34 63 52
34 64 59
34 65 57
34 66 42
34 67 58
34 68 54
34 69 39
34 70 39
34 71 46
34 72 46
34 73 48
34 74 54
34 75 35
34 76 46
34 77 49
34 78 58
34 79 59
34 80 56
34 81 35
34 82 52
34 83 56
34 84 53
34 85 36
34 86 53
34 87 51
34 88 39
34 89 57
34 90 60
34 91 45
34 92 49
34 93 37
34 94 56
34 95 39
34 96 53
34 97 45
34 98 60
34 99 35
34 100 41
34 101 58
34 102 36
34 103 40
34 104 46
34 105 45
34 106 53
34 107 42
34 108 55
34 109 45
34 110 40
34 111 49
34 112 36
34 113 43
34 114 35
34 115 45
34 116 50
34 117 53
34 118 55
34 119 53
34 120 48
34 121 55
34 122 48
34 123 57
34 124 50
34 125 37
34 126 59
35 1 46
35 2 39
35 3 58
35 4 55
35 5 54
35 6 46
35 7 48
35 8 58
35 9 43
35 10 49
35 11 55
35 12 60
35 13 42
35 14 43
35 15 36
35 16 57
35 17 37
35 18 47
35 19 39
35 20 40
35 21 55
35 22 44
35 23 37
35 24 44
35 25 52
35 26 36
35 27 35
35 28 38
35 29 56
35 30 53
35 31 45
35 32 52
35 33 52
35 34 35
35 35 0
35 36 50
35 37 58
35 38 38
35 39 45
35 40 36
35 41 37
35 42 54
35 43 38
35 44 49
35 45 55
35 46 58
35 47 54
35 48 51
35 49 46
35 50 58
35 51 54
35 52 51
35 53 35
35 54 46
35 55 50
35 56 45
35 57 35
35 58 43
35 59 43
35 60 60
35 61 60
35 62 42
35 63 46
35 64 37
35 65 56
35 66 54
35 67 35
35 68 56
35 69 53
35 70 49
35 71 35
35 72 60
35 73 55
35 74 58
35 75 59
35 76 37
35 77 57
35 78 40
35 79 56
35 80 39
35 81 37
35 82 37
35 83 54
35 84 36
35 85 54
35 86 57
35 87 59
35 88 49
35 89 55
35 90 54
35 91 48
35 92 45
35 93 41
35 94 57
35 95 47
35 96 48
35 97 60
35 98 53
35 99 52
35 100 51
35 101 53
35 102 42
35 103 48
35 104 48
35 105 40
35 106 57
35 107 51
35 108 54
35 109 47
35 110 41
35 111 44
35 112 48
35 113 40
35 114 56
35 115 42
35 116 37
35 117 60
35 118 40
35 119 51
35 120 50
35 121 58
35 122 51
35 123 43
35 124 42
35 125 51
35 126 47
36 1 60
36 2 40
36 3 49
36 4 45
36 5 50
36 6 59
36 7 44
36 8 57
36 9 47
36 10 54
36 11 40
36 12 36
36 13 38
36 14 38
36 15 58
36 16 40
36 17 38
36 18 58
36 19 47
36 20 58
36 21 41
36 22 41
36 23 54
36 24 60
36 25 36
36 26 44
36 27 35
36 28 58
36 29 42
36 30 49
36 31 51
36 32 41
36 33 60
36 34 59
36 35 48
36 36 0
36 37 47
36 38 45
36 39 36
36 40 35
36 41 52
36 42 36
36 43 35
36 44 43
36 45 60
36 46 56
36 47 50
36 48 54
36 49 36
36 50 37
36 51 55
36 52 46
36 53 41
36 54 57
36 55 58
36 56 58
36 57 56
36 58 57
36 59 37
36 60 45
36 61 38
36 62 52
36 63 53
36 64 51
36 65 44
36 66 50
36 67 45
36 68 36
36 69 51
36 70 58
36 71 38
36 72 38
36 73 37
36 74 50
36 75 45
36 76 35
36 77 49
36 78 43
36 79 48
36 80 42
36 81 51
36 82 56
36 83 56
36 84 55
36 85 60
36 86 60
36 87 48
36 88 42
36 89 40
36 90 37
36 91 36
36 92 46
36 93 44
36 94 48
36 95 37
36 96 60
36 97 35
36 98 45
36 99 59
36 100 57
36 101 41
36 102 57
36 103 41
36 104 42
36 105 47
36 106 55
36 107 37
36 108 49
36 109 48
36 110 45
36 111 40
36 112 36
36 113 47
36 114 60
36 115 57
36 116 40
36 117 40
36 118 44
36 119 59
36 120 52
36 121 51
36 122 53
36 123 57
36 124 38
36 125 49
36 126 51
37 1 55
37 2 59
37 3 47
37 4 38
37 5 48
37 6 45
37 7 60
37 8 45
37 9 52
37 10 35
37 11 60
37 12 35
37 13 60
37 14 35
37 15 38
37 16 36
37 17 44
37 18 51
37 19 55
37 20 41
37 21 39
37 22 44
37 23 55
37 24 55
37 25 36
37 26 36
37 27 40
37 28 59
37 29 45
37 30 47
37 31 47
37 32 39
37 33 47
37 34 57
37 35 47
37 36 55
37 37 0
37 38 46
37 39 52
37 40 54
37 41 44
37 42 35
37 43 44
37 44 36
37 45 54
37 46 44
37 47 55
37 48 59
37 49 59
37 50 45
37 51 40
37 52 35
37 53 36
37 54 55
37 55 45
37 56 55
37 57 40
37 58 36
37 59 49
37 60 50
37 61 49
37 62 36
37 63 55
37 64 57
37 65 56
37 66 41
37 67 52
37 68 51
37 69 43
37 70 36
37 71 57
37 72 56
37 73 43
37 74 46
37 75 39
37 76 53
37 77 49
37 78 43
37 79 42
37 80 38
37 81 35
37 82 54
37 83 55
37 84 52
37 85 48
37 86 49
37 87 55
37 88 47
37 89 39
37 90 52
37 91 39
37 92 41
37 93 54
37 94 57
37 95 42
37 96 35
37 97 48
37 98 59
37 99 40
37 100 55
37 101 45
37 102 39
37 103 54
37 104 42
37 105 36
37 106 43
37 107 38
37 108 35
37 109 49
37 110 43
37 111 54
37 112 60
37 113 45
37 114 53
37 115 58
37 116 43
37 117 46
37 118 46
37 119 54
37 120 46
37 121 50
37 122 42
37 123 53
37 124 55
37 125 57
37 126 39
38 1 56
38 2 39
38 3 46
38 4 51
38 5 56
38 6 59
38 7 57
38 8 45
38 9 53
38 10 53
38 11 36
38 12 55
38 13 40
38 14 53
38 15 60
38 16 37
38 17 60
38 18 58
38 19 59
38 20 48
38 21 36
38 22 46
38 23 51
38 24 41
38 25 44
38 26 60
38 27 60
38 28 56
38 29 54
38 30 41
38 31 36
38 32 58
38 33 51
38 34 35
38 35 52
38 36 55
38 37 50
38 38 0
38 39 59
38 40 40
38 41 42
38 42 55
38 43 56
38 44 40
38 45 50
38 46 51
38 47 60
38 48 49
38 49 42
38 50 48
38 51 38
38 52 36
38 53 51
38 54 39
38 55 39
38 56 50
38 57 58
38 58 54
38 59 49
38 60 40
38 61 51
38 62 43
38 63 54
38 64 43
38 65 56
38 66 41
38 67 46
38 68 40
38 69 48
38 70 39
38 71 50
38 72 43
38 73 56
38 74 56
38 75 37
38 76 53
38 77 40
38 78 45
38 79 49
38 80 54
38 81 47
38 82 58
38 83 60
38 84 60
38 85 48
38 86 44
38 87 52
38 88 52
38 89 38
38 90 54
38 91 58
38 92 39
38 93 56
38 94 42
38 95 55
38 96 53
38 97 49
38 98 35
38 99 51
38 100 41
38 101 55
38 102 36
38 103 41
38 104 37
38 105 36
38 106 57
38 107 60
38 108 53
38 109 51
38 110 56
38 111 57
38 112 36
38 113 44
38 114 52
38 115 59
38 116 50
38 117 57
38 118 58
38 119 38
38 120 53
38 121 40
38 122 60
38 123 60
38 124 35
38 125 39
38 126 59
39 1 52
39 2 53
39 3 55
39 4 57
39 5 57
39 6 58
39 7 51
39 8 36
39 9 50
39 10 54
39 11 41
39 12 58
39 13 35
39 14 49
39 15 58
39 16 37
39 17 36
39 18 48
39 19 41
39 20 36
39 21 59
39 22 54
39 23 43
39 24 50
39 25 42
39 26 44
39 27 48
39 28 54
39 29 37
39 30 49
39 31 51
39 32 35
39 33 46
39 34 55
39 35 40
39 36 60
39 37 36
39 38 42
39 39 0
39 40 54
39 41 47
39 42 42
39 43 50
39 44 39
39 45 47
39 46 36
39 47 59
39 48 59
39 49 41
39 50 60
39 51 53
39 52 59
39 53 39
39 54 44
39 55 42
39 56 59
39 57 37
39 58 46
39 59 51
39 60 51
39 61 51
39 62 54
39 63 51
39 64 53
39 65 57
39 66 46
39 67 37
39 68 42
39 69 37
39 70 60
39 71 60
39 72 37
39 73 59
39 74 36
39 75 35
39 76 38
39 77 57
39 78 45
39 79 56
39 80 54
39 81 60
39 82 51
39 83 42
39 84 36
39 85 49
39 86 57
39 87 53
39 88 54
39 89 42
39 90 60
39 91 48
39 92 38
39 93 42
39 94 40
39 95 39
39 96 44
39 97 46
39 98 52
39 99 47
39 100 53
39 101 36
39 102 45
39 103 53
39 104 57
39 105 44
39 106 54
39 107 48
39 108 38
39 109 53
39 110 36
39 111 45
39 112 51
39 113 55
39 114 42
39 115 54
39 116 42
39 117 54
39 118 39
39 119 52
39 120 56
39 121 59
39 122 54
39 123 41
39 124 57
39 125 54
39 126 49
40 1 41
40 2 39
40 3 52
40 4 45
40 5 51
40 6 44
40 7 55
40 8 60
40 9 42
40 10 50
40 11 38
40 12 38
40 13 53
40 14 44
40 15 47
40 16 43
40 17 38
40 18 54
40 19 43
40 20 44
40 21 47
40 22 38
40 23 41
40 24 52
40 25 54
40 26 51
40 27 57
40 28 35
40 29 58
40 30 44
40 31 39
40 32 46
40 33 59
40 34 42
40 35 60
40 36 60
40 37 60
40 38 58
40 39 35
40 40 0
40 41 38
40 42 43
40 43 38
40 44 38
40 45 40
40 46 54
40 47 43
40 48 45
40 49 60
40 50 38
40 51 50
40 52 44
40 53 43
40 54 47
40 55 59
40 56 47
40 57 38
40 58 42
40 59 59
40 60 49
40 61 55
40 62 54
40 63 49
40 64 43
40 65 60
40 66 48
40 67 52
40 68 41
40 69 36
40 70 58
40 71 43
40 72 42
40 73 54
40 74 56
40 75 35
40 76 42
40 77 42
40 78 44
40 79 55
40 80 47
40 81 50
40 82 47
40 83 48
40 84 55
40 85 54
40 86 57
40 87 56
40 88 58
40 89 53
40 90 51
40 91 51
40 92 56
40 93 45
40 94 40
40 95 37
40 96 60
40 97 42
40 98 45
40 99 49
40 100 52
40 101 43
40 102 56
40 103 44
40 104 53
40 105 57
40 106 38
40 107 41
40 108 55
40 109 48
40 110 36
40 111 55
40 112 57
40 113 53
40 114 38
40 115 47
40 116 50
40 117 60
40 118 44
40 119 38
40 120 54
40 121 53
40 122 41
40 123 46
40 124 40
40 125 41
40 126 53
41 1 42
41 2 42
41 3 39
41 4 54
41 5 37
41 6 44
41 7 51
41 8 46
41 9 50
41 10 43
41 11 39
41 12 57
41 13 35
41 14 47
41 15 55
41 16 59
41 17 43
41 18 57
41 19 54
41 20 39
41 21 41
41 22 60
41 23 50
41 24 52
41 25 39
41 26 45
41 27 45
41 28 58
41 29 60
41 30 42
41 31 59
41 32 43
41 33 60
41 34 44
41 35 36
41 36 53
41 37 57
41 38 49
41 39 49
41 40 52
41 41 0
41 42 38
41 43 51
41 44 51
41 45 42
41 46 50
41 47 42
41 48 49
41 49 48
41 50 36
41 51 52
41 52 52
41 53 36
41 54 58
41 55 36
41 56 39
41 57 50
41 58 35
41 59 60
41 60 56
41 61 46
41 62 45
41 63 39
41 64 49
41 65 46
41 66 58
41 67 48
41 68 46
41 69 43
41 70 46
41 71 59
41 72 41
41 73 48
41 74 52
41 75 53
41 76 37
41 77 58
41 78 52
41 79 58
41 80 38
41 81 37
41 82 59
41 83 48
41 84 47
41 85 56
41 86 51
41 87 50
41 88 44
41 89 58
41 90 52
41 91 52
41 92 36
41 93 39
41 94 49
41 95 45
41 96 38
41 97 35
41 98 55
41 99 56
41 100 51
41 101 41
41 102 44
41 103 47
41 104 43
41 105 42
41 106 49
41 107 46
41 108 46
41 109 36
41 110 56
41 111 40
41 112 55
41 113 46
41 114 51
41 115 47
41 116 55
41 117 54
41 118 59
41 119 53
41 120 54
41 121 58
41 122 51
41 123 36
41 124 38
41 125 45
41 126 54
42 1 41
42 2 36
42 3 57
42 4 45
42 5 59
42 6 45
42 7 51
42 8 45
42 9 47
42 10 51
42 11 59
42 12 38
42 13 45
42 14 42
42 15 59
42 16 54
42 17 43
42 18 57
42 19 43
42 20 54
42 21 42
42 22 40
42 23 35
42 24 58
42 25 37
42 26 50
42 27 55
42 28 60
42 29 38
42 30 38
42 31 39
42 32 51
42 33 48
42 34 52
42 35 45
42 36 43
42 37 41
42 38 39
42 39 44
42 40 40
42 41 42
42 42 0
42 43 35
42 44 50
42 45 38
42 46 54
42 47 44
42 48 54
42 49 44
42 50 42
42 51 49
42 52 49
42 53 38
42 54 37
42 55 40
42 56 44
42 57 59
42 58 50
42 59 44
42 60 48
42 61 53
42 62 60
42 63 56
42 64 50
42 65 41
42 66 51
42 67 41
42 68 43
42 69 46
42 70 39
42 71 54
42 72 58
42 73 57
42 74 54
42 75 46
42 76 35
42 77 39
42 78 49
42 79 55
42 80 46
42 81 43
42 82 52
42 83 38
42 84 53
42 85 41
42 86 48
42 87 36
42 88 47
42 89 42
42 90 58
42 91 42
42 92 60
42 93 40
42 94 35
42 95 41
42 96 47
42 97 36
42 98 52
42 99 44
42 100 51
42 101 36
42 102 47
42 103 38
42 104 50
42 105 58
42 106 55
42 107 38
42 108 41
42 109 35
42 110 50
42 111 48
42 112 46
42 113 49
42 114 45
42 115 46
42 116 49
42 117 55
42 118 49
42 119 37
42 120 38
42 121 40
42 122 48
42 123 41
42 124 51
42 125 36
42 126 54
43 1 57
43 2 44
43 3 56
43 4 44
43 5 54
43 6 43
43 7 53
43 8 44
43 9 48
43 10 58
43 11 40
43 12 42
43 13 41
43 14 49
43 15 43
43 16 44
43 17 37
43 18 58
43 19 39
43 20 40
43 21 55
43 22 55
43 23 40
43 24 36
43 25 39
43 26 40
43 27 36
43 28 38
43 29 36
43 30 58
43 31 49
43 32 53
43 33 35
43 34 56
43 35 55
43 36 57
43 37 53
43 38 48
43 39 57
43 40 47
43 41 51
43 42 35
43 43 0
43 44 55
43 45 57
43 46 37
43 47 41
43 48 47
43 49 40
43 50 43
43 51 46
43 52 38
43 53 42
43 54 59
43 55 48
43 56 46
43 57 49
43 58 43
43 59 47
43 60 51
43 61 49
43 62 54
43 63 58
43 64 37
43 65 50
43 66 45
43 67 59
43 68 52
43 69 36
43 70 36
43 71 42
43 72 51
43 73 40
43 74 60
43 75 36
43 76 44
43 77 50
43 78 45
43 79 38
43 80 45
43 81 36
43 82 48
43 83 57
43 84 37
43 85 35
43 86 45
43 87 47
43 88 41
43 89 42
43 90 38
43 91 52
43 92 43
43 93 57
43 94 53
43 95 50
43 96 43
43 97 48
43 98 37
43 99 51
43 100 54
43 101 37
43 102 35
43 103 47
43 104 53
43 105 42
43 106 47
43 107 55
43 108 49
43 109 43
43 110 52
43 111 50
43 112 39
43 113 35
43 114 54
43 115 40
43 116 50
43 117 54
43 118 47
43 119 53
43 120 48
43 121 37
43 122 43
43 123 44
43 124 42
43 125 57
43 126 49
44 1 37
44 2 50
44 3 59
44 4 37
44 5 44
44 6 52
44 7 49
44 8 57
44 9 47
44 10 56
44 11 55
44 12 49
44 13 42
44 14 60
44 15 51
44 16 39
44 17 57
44 18 54
44 19 48
44 20 58
44 21 44
44 22 36
44 23 37
44 24 46
44 25 51
44 26 51
44 27 49
44 28 52
44 29 55
44 30 36
44 31 47
44 32 59
44 33 38
44 34 55
44 35 45
44 36 53
44 37 60
44 38 37
44 39 55
44 40 56
44 41 60
44 42 49
44 43 47
44 44 0
44 45 59
44 46 42
44 47 55
44 48 60
44 49 35
44 50 41
44 51 41
44 52 49
44 53 48
44 54 50
44 55 43
44 56 58
44 57 48
44 58 37
44 59 51
44 60 47
44 61 40
44 62 46
44 63 45
44 64 43
44 65 57
44 66 51
44 67 36
44 68 42
44 69 47
44 70 59
44 71 35
44 72 50
44 73 50
44 74 51
44 75 42
44 76 49
44 77 51
44 78 55
44 79 52
44 80 35
44 81 52
44 82 46
44 83 39
44 84 54
44 85 53
44 86 37
44 87 37
44 88 59
44 89 49
44 90 52
44 91 44
44 92 49
44 93 57
44 94 38
44 95 42
44 96 57
44 97 46
44 98 57
44 99 42
44 100 46
44 101 55
44 102 35
44 103 55
44 104 37
44 105 40
44 106 54
44 107 55
44 108 40
44 109 38
44 110 36
44 111 55
44 112 60
44 113 52
44 114 60
44 115 39
44 116 39
44 117 52
44 118 43
44 119 58
44 120 52
44 121 43
44 122 38
44 123 57
44 124 39
44 125 40
44 126 43
45 1 54
45 2 36
45 3 56
45 4 39
45 5 55
45 6 49
45 7 38
45 8 35
45 9 51
45 10 46
45 11 44
45 12 51
45 13 36
45 14 43
45 15 40
45 16 48
45 17 35
45 18 50
45 19 60
45 20 42
45 21 42
45 22 46
45 23 56
45 24 56
45 25 60
45 26 37
45 27 52
45 28 43
45 29 51
45 30 58
45 31 41
45 32 43
45 33 57
45 34 37
45 35 49
45 36 51
45 37 38
45 38 41
45 39 41
45 40 51
45 41 40
45 42 36
45 43 49
45 44 44
45 45 0
45 46 35
45 47 44
45 48 53
45 49 50
45 50 38
45 51 39
45 52 36
45 53 60
45 54 58
45 55 39
45 56 45
45 57 54
45 58 59
45 59 45
45 60 40
45 61 35
45 62 55
45 63 49
45 64 52
45 65 41
45 66 59
45 67 43
45 68 55
45 69 54
45 70 60
45 71 56
45 72 39
45 73 41
45 74 42
45 75 37
45 76 57
45 77 40
45 78 49
45 79 50
45 80 42
45 81 59
45 82 42
45 83 48
45 84 60
45 85 39
45 86 42
45 87 46
45 88 51
45 89 59
45 90 39
45 91 48
45 92 36
45 93 47
45 94 59
45 95 39
45 96 41
45 97 47
45 98 47
45 99 58
45 100 35
45 101 49
45 102 54
45 103 60
45 104 47
45 105 59
45 106 45
45 107 49
45 108 42
45 109 55
45 110 36
45 111 38
45 112 45
45 113 48
45 114 45
45 115 45
45 116 47
45 117 49
45 118 52
45 119 51
45 120 53
45 121 47
45 122 56
45 123 45
45 124 48
45 125 37
45 126 57
46 1 51
46 2 56
46 3 51
46 4 55
46 5 53
46 6 39
46 7 54
46 8 45
46 9 45
46 10 35
46 11 55
46 12 35
46 13 43
46 14 56
46 15 45
46 16 39
46 17 57
46 18 59
46 19 43
46 20 39
46 21 52
46 22 54
46 23 36
46 24 40
46 25 53
46 26 54
46 27 49
46 28 48
46 29 44
46 30 53
46 31 52
46 32 45
46 33 51
46 34 40
46 35 59
46 36 42
46 37 39
46 38 40
46 39 41
46 40 49
46 41 55
46 42 42
46 43 53
46 44 36
46 45 45
46 46 0
46 47 35
46 48 40
46 49 42
46 50 48
46 51 56
46 52 43
46 53 42
46 54 38
46 55 36
46 56 44
46 57 39
46 58 46
46 59 41
46 60 55
46 61 39
46 62 39
46 63 58
46 64 41
46 65 48
46 66 35
46 67 39
46 68 53
46 69 60
46 70 51
46 71 36
46 72 44
46 73 51
46 74 58
46 75 38
46 76 56
46 77 49
46 78 45
46 79 51
46 80 46
46 81 39
46 82 56
46 83 48
46 84 48
46 85 43
46 86 47
46 87 60
46 88 46
46 89 37
46 90 59
46 91 50
46 92 47
46 93 52
46 94 48
46 95 60
46 96 54
46 97 51
46 98 50
46 99 51
46 100 60
46 101 58
46 102 41
46 103 48
46 104 39
46 105 35
46 106 45
46 107 35
46 108 49
46 109 49
46 110 51
46 111 44
46 112 50
46 113 49
46 114 42
46 115 50
46 116 52
46 117 44
46 118 52
46 119 48
46 120 55
46 121 45
46 122 56
46 123 54
46 124 59
46 125 49
46 126 39
47 1 45
47 2 43
47 3 56
47 4 39
47 5 42
47 6 49
47 7 54
47 8 38
47 9 51
47 10 57
47 11 55
47 12 57
47 13 35
47 14 60
47 15 56
47 16 38
47 17 49
47 18 57
47 19 40
47 20 42
47 21 39
47 22 35
47 23 35
47 24 55
47 25 40
47 26 45
47 27 36
47 28 50
47 29 52
47 30 35
47 31 41
47 32 47
47 33 58
47 34 38
47 35 57
47 36 44
47 37 50
47 38 41
47 39 49
47 40 42
47 41 52
47 42 42
47 43 49
47 44 36
47 45 59
47 46 56
47 47 0
47 48 47
47 49 54
47 50 38
47 51 36
47 52 36
47 53 39
47 54 35
47 55 59
47 56 49
47 57 46
47 58 44
47 59 41
47 60 56
47 61 50
47 62 54
47 63 44
47 64 37
47 65 51
47 66 44
47 67 35
47 68 43
47 69 35
47 70 46
47 71 35
47 72 54
47 73 56
47 74 53
47 75 49
47 76 41
47 77 48
47 78 39
47 79 45
47 80 55
47 81 53
47 82 50
47 83 41
47 84 48
47 85 50
47 86 42
47 87 55
47 88 55
47 89 39
47 90 60
47 91 58
47 92 50
47 93 54
47 94 43
47 95 37
47 96 60
47 97 41
47 98 38
47 99 57
47 100 36
47 101 42
47 102 50
47 103 49
47 104 59
47 105 59
47 106 57
47 107 51
47 108 43
47 109 56
47 110 58
47 111 46
47 112 39
47 113 57
47 114 39
47 115 54
47 116 58
47 117 57
47 118 54
47 119 39
47 120 54
47 121 45
47 122 39
47 123 47
47 124 41
47 125 59
47 126 43
48 1 38
48 2 47
48 3 35
48 4 56
48 5 35
48 6 52
48 7 59
48 8 44
48 9 56
48 10 52
48 11 43
48 12 60
48 13 48
48 14 47
48 15 57
48 16 60
48 17 35
48 18 55
48 19 56
48 20 52
48 21 58
48 22 43
48 23 51
48 24 53
48 25 45
48 26 49
48 27 51
48 28 60
48 29 36
48 30 50
48 31 59
48 32 44
48 33 42
48 34 49
48 35 50
48 36 46
48 37 42
48 38 49
48 39 46
48 40 56
48 41 49
48 42 55
48 43 42
48 44 52
48 45 49
48 46 49
48 47 60
48 48 0
48 49 56
48 50 36
48 51 37
48 52 54
48 53 41
48 54 52
48 55 56
48 56 50
48 57 49
48 58 53
48 59 44
48 60 52
48 61 57
48 62 50
48 63 48
48 64 49
48 65 55
48 66 60
48 67 54
48 68 44
48 69 51
48 70 60
48 71 59
48 72 59
48 73 45
48 74 41
48 75 39
48 76 51
48 77 42
48 78 40
48 79 43
48 80 52
48 81 43
48 82 56
48 83 47
48 84 42
48 85 44
48 86 40
48 87 52
48 88 60
48 89 47
48 90 47
48 91 59
48 92 45
48 93 37
48 94 53
48 95 43
48 96 60
48 97 54
48 98 41
48 99 52
48 100 56
48 101 54
48 102 47
48 103 55
48 104 46
48 105 50
48 106 47
48 107 47
48 108 43
48 109 55
48 110 58
48 111 56
48 112 35
48 113 45
48 114 44
48 115 57
48 116 56
48 117 54
48 118 52
48 119 44
48 120 37
48 121 60
48 122 44
48 123 50
48 124 51
48 125 36
48 126 41
49 1 49
49 2 42
49 3 50
49 4 46
49 5 45
49 6 53
49 7 39
49 8 42
49 9 40
49 10 56
49 11 49
49 12 55
49 13 57
49 14 40
49 15 53
49 16 44
49 17 48
49 18 35
49 19 60
49 20 58
49 21 47
49 22 42
49 23 54
49 24 40
49 25 49
49 26 40
49 27 40
49 28 39
49 29 48
49 30 56
49 31 42
49 32 48
49 33 58
49 34 58
49 35 50
49 36 39
49 37 40
49 38 58
49 39 49
49 40 60
49 41 51
49 42 56
49 43 51
49 44 37
49 45 57
49 46 59
49 47 55
49 48 36
49 49 0
49 50 55
49 51 38
49 52 43
49 53 47
49 54 57
49 55 35
49 56 39
49 57 54
49 58 45
49 59 54
49 60 53
49 61 41
49 62 41
49 63 56
49 64 50
49 65 41
49 66 43
49 67 48
49 68 42
49 69 46
49 70 59
49 71 35
49 72 46
49 73 38
49 74 60
49 75 43
49 76 49
49 77 60
49 78 49
49 79 40
49 80 53
49 81 51
49 82 56
49 83 42
49 84 42
49 85 43
49 86 53
49 87 60
49 88 59
49 89 35
49 90 37
49 91 47
49 92 42
49 93 56
49 94 56
49 95 52
49 96 54
49 97 49
49 98 60
49 99 41
49 100 46
49 101 44
49 102 45
49 103 58
49 104 55
49 105 36
49 106 42
49 107 53
49 108 59
49 109 47
49 110 53
49 111 44
49 112 40
49 113 59
49 114 49
49 115 47
49 116 36
49 117 57
49 118 37
49 119 39
49 120 44
49 121 57
49 122 47
49 123 42
49 124 52
49 125 46
49 126 35
50 1 46
50 2 56
50 3 45
50 4 54
50 5 41
50 6 41
50 7 51
50 8 38
50 9 40
50 10 36
50 11 60
50 12 38
50 13 47
50 14 50
50 15 41
50 16 47
50 17 50
50 18 52
50 19 45
50 20 47
50 21 53
50 22 40
50 23 41
50 24 60
50 25 44
50 26 40
50 27 59
50 28 37
50 29 54
50 30 44
50 31 49
50 32 50
50 33 52
50 34 60
50 35 40
50 36 39
50 37 58
50 38 39
50 39 46
50 40 47
50 41 50
50 42 55
50 43 41
50 44 37
50 45 50
50 46 57
50 47 41
50 48 46
50 49 55
50 50 0
50 51 39
50 52 51
50 53 60
50 54 60
50 55 41
50 56 36
50 57 40
50 58 35
50 59 41
50 60 46
50 61 46
50 62 51
50 63 52
50 64 47
50 65 35
50 66 36
50 67 54
50 68 46
50 69 43
50 70 38
50 71 56
50 72 54
50 73 52
50 74 54
50 75 35
50 76 47
50 77 56
50 78 53
50 79 53
50 80 56
50 81 51
50 82 40
50 83 39
50 84 46
50 85 49
50 86 56
50 87 60
50 88 58
50 89 60
50 90 51
50 91 49
50 92 50
50 93 50
50 94 48
50 95 57
50 96 38
50 97 38
50 98 60
50 99 54
50 100 54
50 101 46
50 102 59
50 103 46
50 104 54
50 105 47
50 106 54
50 107 38
50 108 49
50 109 50
50 110 55
50 111 54
50 112 36
50 113 36
50 114 53
50 115 38
50 116 57
50 117 54
50 118 37
50 119 39
50 120 38
50 121 48
50 122 46
50 123 53
50 124 60
50 125 60
50 126 50
51 1 40
51 2 49
51 3 44
51 4 36
51 5 52
51 6 35
51 7 53
51 8 46
51 9 37
51 10 35
51 11 48
51 12 44
51 13 60
51 14 36
51 15 43
51 16 38
51 17 49
51 18 54
51 19 57
51 20 52
51 21 44
51 22 60
51 23 48
51 24 42
51 25 38
51 26 53
51 27 41
51 28 59
51 29 38
51 30 38
51 31 59
51 32 44
51 33 42
51 34 38
51 35 46
51 36 58
51 37 37
51 38 43
51 39 48
51 40 53
51 41 42
51 42 40
51 43 53
51 44 45
51 45 52
51 46 59
51 47 51
51 48 45
51 49 55
51 50 39
51 51 0
51 52 54
51 53 35
51 54 51
51 55 40
51 56 52
51 57 59
51 58 57
51 59 60
51 60 46
51 61 53
51 62 38
51 63 36
51 64 54
51 65 60
51 66 58
51 67 56
51 68 39
51 69 58
51 70 48
51 71 45
51 72 36
51 73 56
51 74 35
51 75 51
51 76 46
51 77 38
51 78 57
51 79 42
51 80 54
51 81 56
51 82 52
51 83 37
51 84 50
51 85 39
51 86 55
51 87 49
51 88 60
51 89 60
51 90 35
51 91 48
51 92 39
51 93 44
51 94 57
51 95 51
51 96 45
51 97 43
51 98 53
51 99 37
51 100 50
51 101 49
51 102 56
51 103 38
51 104 37
51 105 45
51 106 48
51 107 38
51 108 41
51 109 35
51 110 44
51 111 49
51 112 52
51 113 51
51 114 47
51 115 58
51 116 58
51 117 38
51 118 40
51 119 51
51 120 42
51 121 52
51 122 58
51 123 40
51 124 59
51 125 52
51 126 49
52 1 60
52 2 38
52 3 36
52 4 36
52 5 38
52 6 36
52 7 41
52 8 38
52 9 49
52 10 46
52 11 59
52 12 53
52 13 37
52 14 53
52 15 56
52 16 52
52 17 50
52 18 38
52 19 37
52 20 51
52 21 52
52 22 48
52 23 49
52 24 53
52 25 48
52 26 57
52 27 60
52 28 60
52 29 52
52 30 51
52 31 38
52 32 60
52 33 42
52 34 58
52 35 42
52 36 57
52 37 37
52 38 38
52 39 54
52 40 48
52 41 46
52 42 47
52 43 52
52 44 45
52 45 37
52 46 60
52 47 51
52 48 35
52 49 37
52 50 51
52 51 55
52 52 0
52 53 59
52 54 40
52 55 52
52 56 57
52 57 53
52 58 54
52 59 42
52 60 43
52 61 59
52 62 46
52 63 51
52 64 37
52 65 51
52 66 48
52 67 53
52 68 36
52 69 51
52 70 39
52 71 57
52 72 59
52 73 54
52 74 42
52 75 52
52 76 57
52 77 48
52 78 48
52 79 52
52 80 47
52 81 54
52 82 58
52 83 39
52 84 42
52 85 53
52 86 37
52 87 41
52 88 60
52 89 48
52 90 59
52 91 59
52 92 48
52 93 35
52 94 47
52 95 54
52 96 45
52 97 51
52 98 37
52 99 38
52 100 37
52 101 45
52 102 54
52 103 50
52 104 40
52 105 35
52 106 51
52 107 42
52 108 54
52 109 40
52 110 51
52 111 45
52 112 43
52 113 52
52 114 46
52 115 37
52 116 49
52 117 42
52 118 44
52 119 47
52 120 56
52 121 52
52 122 42
52 123 38
52 124 41
52 125 40
52 126 43
53 1 43
53 2 44
53 3 53
53 4 47
53 5 49
53 6 47
53 7 42
53 8 57
53 9 45
53 10 49
53 11 35
53 12 46
53 13 37
53 14 58
53 15 51
53 16 45
53 17 43
53 18 47
53 19 53
53 20 52
53 21 35
53 22 42
53 23 52
53 24 35
53 25 47
53 26 55
53 27 45
53 28 50
53 29 35
53 30 39
53 31 38
53 32 55
53 33 57
53 34 35
53 35 48
53 36 37
53 37 44
53 38 40
53 39 58
53 40 52
53 41 43
53 42 57
53 43 60
53 44 44
53 45 48
53 46 35
53 47 37
53 48 38
53 49 35
53 50 56
53 51 55
53 52 37
53 53 0
53 54 58
53 55 59
53 56 39
53 57 49
53 58 49
53 59 36
53 60 42
53 61 60
53 62 53
53 63 60
53 64 47
53 65 36
53 66 56
53 67 40
53 68 49
53 69 58
53 70 49
53 71 47
53 72 44
53 73 50
53 74 39
53 75 41
53 76 51
53 77 43
53 78 50
53 79 35
53 80 44
53 81 58
53 82 59
53 83 45
53 84 56
53 85 53
53 86 39
53 87 44
53 88 47
53 89 46
53 90 59
53 91 41
53 92 43
53 93 38
53 94 36
53 95 51
53 96 42
53 97 48
53 98 43
53 99 52
53 100 36
53 101 60
53 102 50
53 103 53
53 104 60
53 105 57
53 106 44
53 107 45
53 108 58
53 109 54
53 110 50
53 111 44
53 112 44
53 113 40
53 114 40
53 115 57
53 116 59
53 117 52
53 118 38
53 119 37
53 120 50
53 121 52
53 122 52
53 123 59
53 124 49
53 125 53
53 126 41
54 1 41
54 2 45
54 3 47
54 4 57
54 5 45
54 6 43
54 7 51
54 8 59
54 9 50
54 10 40
54 11 48
54 12 48
54 13 48
54 14 37
54 15 48
54 16 58
54 17 45
54 18 45
54 19 44
54 20 42
54 21 54
54 22 46
54 23 41
54 24 56
54 25 49
54 26 51
54 27 44
54 28 54
54 29 51
54 30 35
54 31 39
54 32 60
54 33 35
54 34 53
54 35 55
54 36 44
54 37 41
54 38 51
54 39 60
54 40 58
54 41 38
54 42 47
54 43 37
54 44 40
54 45 36
54 46 56
54 47 40
54 48 58
54 49 47
54 50 45
54 51 39
54 52 52
54 53 41
54 54 0
54 55 48
54 56 38
54 57 55
54 58 45
54 59 57
54 60 60
54 61 47
54 62 48
54 63 50
54 64 42
54 65 37
54 66 47
54 67 48
54 68 52
54 69 37
54 70 43
54 71 51
54 72 35
54 73 51
54 74 51
54 75 35
54 76 59
54 77 38
54 78 52
54 79 57
54 80 40
54 81 55
54 82 58
54 83 48
54 84 57
54 85 44
54 86 50
54 87 42
54 88 42
54 89 37
54 90 39
54 91 37
54 92 42
54 93 46
54 94 44
54 95 42
54 96 50
54 97 54
54 98 35
54 99 49
54 100 42
54 101 48
54 102 51
54 103 46
54 104 44
54 105 54
54 106 57
54 107 60
54 108 58
54 109 38
54 110 35
54 111 50
54 112 44
54 113 37
54 114 55
54 115 42
54 116 51
54 117 60
54 118 40
54 119 41
54 120 36
54 121 44
54 122 59
54 123 60
54 124 51
54 125 36
54 126 41
55 1 57
55 2 52
55 3 39
55 4 54
55 5 53
55 6 56
55 7 51
55 8 36
55 9 41
55 10 52
55 11 37
55 12 36
55 13 43
55 14 36
55 15 60
55 16 59
55 17 36
55 18 36
55 19 40
55 20 40
55 21 53
55 22 41
55 23 41
55 24 42
55 25 51
55 26 53
55 27 54
55 28 56
55 29 39
55 30 50
55 31 56
55 32 53
55 33 39
55 34 44
55 35 53
55 36 59
55 37 41
55 38 36
55 39 54
55 40 37
55 41 59
55 42 48
55 43 58
55 44 53
55 45 46
55 46 50
55 47 40
55 48 37
55 49 45
55 50 57
55 51 35
55 52 60
55 53 60
55 54 58
55 55 0
55 56 57
55 57 38
55 58 48
55 59 59
55 60 56
55 61 35
55 62 46
55 63 59
55 64 59
55 65 44
55 66 41
55 67 43
55 68 39
55 69 44
55 70 35
55 71 37
55 72 45
55 73 53
55 74 38
55 75 36
55 76 59
55 77 57
55 78 59
55 79 54
55 80 42
55 81 57
55 82 47
55 83 53
55 84 53
55 85 39
55 86 41
55 87 53
55 88 38
55 89 55
55 90 39
55 91 36
55 92 36
55 93 50
55 94 53
55 95 54
55 96 47
55 97 55
55 98 37
55 99 44
55 100 51
55 101 52
55 102 36
55 103 48
55 104 39
55 105 46
55 106 38
55 107 60
55 108 35
55 109 39
55 110 50
55 111 41
55 112 59
55 113 47
55 114 56
55 115 45
55 116 55
55 117 47
55 118 47
55 119 56
55 120 44
55 121 36
55 122 51
55 123 54
55 124 55
55 125 40
55 126 48
56 1 57
56 2 50
56 3 43
56 4 60
56 5 56
56 6 48
56 7 47
56 8 55
56 9 51
56 10 58
56 11 55
56 12 47
56 13 45
56 14 60
56 15 56
56 16 39
56 17 55
56 18 38
56 19 60
56 20 45
56 21 45
56 22 39
56 23 42
56 24 57
56 25 50
56 26 56
56 27 40
56 28 59
56 29 46
56 30 55
56 31 53
56 32 55
56 33 41
56 34 57
56 35 43
56 36 38
56 37 51
56 38 44
56 39 53
56 40 35
56 41 56
56 42 53
56 43 42
56 44 57
56 45 46
56 46 40
56 47 55
56 48 54
56 49 53
56 50 43
56 51 36
56 52 42
56 53 49
56 54 53
56 55 49
56 56 0
56 57 42
56 58 44
56 59 59
56 60 54
56 61 36
56 62 44
56 63 48
56 64 55
56 65 50
56 66 46
56 67 53
56 68 36
56 69 47
56 70 41
56 71 50
56 72 49
56 73 46
56 74 38
56 75 52
56 76 55
56 77 43
56 78 39
56 79 36
56 80 41
56 81 41
56 82 51
56 83 60
56 84 58
56 85 35
56 86 38
56 87 39
56 88 43
56 89 53
56 90 60
56 91 35
56 92 40
56 93 44
56 94 60
56 95 35
56 96 35
56 97 49
56 98 47
56 99 54
56 100 50
56 101 38
56 102 56
56 103 53
56 104 38
56 105 44
56 106 55
56 107 52
56 108 48
56 109 45
56 110 42
56 111 49
56 112 38
56 113 54
56 114 55
56 115 41
56 116 56
56 117 35
56 118 59
56 119 60
56 120 53
56 121 59
56 122 60
56 123 56
56 124 51
56 125 57
56 126 44
57 1 50
57 2 53
57 3 57
57 4 41
57 5 51
57 6 37
57 7 55
57 8 41
57 9 38
57 10 51
57 11 44
57 12 57
57 13 41
57 14 54
57 15 48
57 16 38
57 17 48
57 18 39
57 19 45
57 20 51
57 21 58
57 22 53
57 23 48
57 24 52
57 25 39
57 26 43
57 27 48
57 28 47
57 29 51
57 30 38
57 31 49
57 32 52
57 33 40
57 34 57
57 35 35
57 36 57
57 37 59
57 38 46
57 39 53
57 40 43
57 41 42
57 42 58
57 43 39
57 44 50
57 45 45
57 46 60
57 47 55
57 48 53
57 49 37
57 50 40
57 51 49
57 52 45
57 53 38
57 54 54
57 55 39
57 56 40
57 57 0
57 58 39
57 59 46
57 60 52
57 61 46
57 62 54
57 63 58
57 64 46
57 65 42
57 66 56
57 67 43
57 68 48
57 69 44
57 70 39
57 71 57
57 72 59
57 73 38
57 74 55
57 75 45
57 76 60
57 77 39
57 78 44
57 79 50
57 80 60
57 81 44
57 82 56
57 83 35
57 84 35
57 85 52
57 86 47
57 87 43
57 88 47
57 89 44
57 90 36
57 91 50
57 92 58
57 93 54
57 94 60
57 95 43
57 96 40
57 97 53
57 98 56
57 99 49
57 100 39
57 101 41
57 102 39
57 103 50
57 104 43
57 105 57
57 106 43
57 107 54
57 108 50
57 109 57
57 110 37
57 111 55
57 112 54
57 113 35
57 114 52
57 115 57
57 116 55
57 117 47
57 118 54
57 119 55
57 120 53
57 121 54
57 122 60
57 123 52
57 124 38
57 125 42
57 126 57
58 1 41
58 2 53
58 3 35
58 4 47
58 5 35
58 6 55
58 7 40
58 8 49
58 9 38
58 10 60
58 11 56
58 12 44
58 13 43
58 14 43
58 15 43
58 16 52
58 17 60
58 18 45
58 19 60
58 20 36
58 21 54
58 22 39
58 23 50
58 24 44
58 25 51
58 26 46
58 27 47
58 28 42
58 29 49
58 30 57
58 31 44
58 32 47
58 33 36
58 34 55
58 35 54
58 36 49
58 37 54
58 38 56
58 39 37
58 40 37
58 41 49
58 42 46
58 43 44
58 44 37
58 45 47
58 46 49
58 47 46
58 48 60
58 49 57
58 50 36
58 51 43
58 52 38
58 53 46
58 54 52
58 55 52
58 56 53
58 57 56
58 58 0
58 59 58
58 60 47
58 61 53
58 62 60
58 63 41
58 64 41
58 65 36
58 66 58
58 67 50
58 68 55
58 69 37
58 70 55
58 71 57
58 72 56
58 73 59
58 74 57
58 75 55
58 76 57
58 77 40
58 78 44
58 79 56
58 80 42
58 81 37
58 82 35
58 83 48
58 84 40
58 85 60
58 86 60
58 87 50
58 88 56
58 89 51
58 90 43
58 91 41
58 92 45
58 93 37
58 94 46
58 95 35
58 96 41
58 97 52
58 98 45
58 99 43
58 100 43
58 101 37
58 102 35
58 103 45
58 104 37
58 105 38
58 106 42
58 107 57
58 108 40
58 109 58
58 110 45
58 111 35
58 112 40
58 113 60
58 114 60
58 115 57
58 116 42
58 117 50
58 118 41
58 119 46
58 120 37
58 121 51
58 122 45
58 123 44
58 124 49
58 125 60
58 126 43
59 1 49
59 2 43
59 3 52
59 4 54
59 5 55
59 6 40
59 7 39
59 8 47
59 9 60
59 10 47
59 11 43
59 12 58
59 13 43
59 14 60
59 15 57
59 16 43
59 17 53
59 18 46
59 19 36
59 20 48
59 21 35
59 22 45
59 23 60
59 24 50
59 25 41
59 26 56
59 27 46
59 28 49
59 29 42
59 30 46
59 31 43
59 32 45
59 33 38
59 34 58
59 35 55
59 36 40
59 37 35
59 38 41
59 39 45
59 40 51
59 41 45
59 42 45
59 43 55
59 44 39
59 45 35
59 46 40
59 47 44
59 48 38
59 49 49
59 50 42
59 51 42
59 52 52
59 53 60
59 54 49
59 55 41
59 56 57
59 57 56
59 58 45
59 59 0
59 60 38
59 61 57
59 62 57
59 63 49
59 64 55
59 65 50
59 66 36
59 67 39
59 68 37
59 69 56
59 70 50
59 71 35
59 72 58
59 73 54
59 74 53
59 75 38
59 76 40
59 77 48
59 78 48
59 79 37
59 80 37
59 81 40
59 82 52
59 83 50
59 84 51
59 85 45
59 86 59
59 87 54
59 88 36
59 89 60
59 90 49
59 91 57
59 92 37
59 93 44
59 94 51
59 95 37
59 96 57
59 97 52
59 98 50
59 99 47
59 100 60
59 101 44
59 102 48
59 103 60
59 104 52
59 105 49
59 106 49
59 107 36
59 108 46
59 109 45
59 110 44
59 111 43
59 112 46
59 113 44
59 114 49
59 115 54
59 116 58
59 117 51
59 118 51
59 119 51
59 120 40
59 121 42
59 122 58
59 123 35
59 124 54
59 125 35
59 126 59
60 1 37
60 2 42
60 3 49
60 4 43
60 5 44
60 6 49
60 7 52
60 8 35
60 9 56
60 10 35
60 11 50
60 12 54
60 13 51
60 14 42
60 15 53
60 16 42
60 17 54
60 18 37
60 19 42
60 20 51
60 21 59
60 22 38
60 23 48
60 24 40
60 25 52
60 26 40
60 27 59
60 28 46
60 29 37
60 30 47
60 31 37
60 32 58
60 33 38
60 34 52
60 35 43
60 36 44
60 37 41
60 38 60
60 39 49
60 40 41
60 41 39
60 42 35
60 43 53
60 44 44
60 45 47
60 46 54
60 47 51
60 48 57
60 49 44
60 50 39
60 51 57
60 52 39
60 53 57
60 54 55
60 55 50
60 56 50
60 57 60
60 58 48
60 59 53
60 60 0
60 61 51
60 62 50
60 63 48
60 64 45
60 65 51
60 66 44
60 67 57
60 68 54
60 69 51
60 70 41
60 71 56
60 72 35
60 73 57
60 74 41
60 75 49
60 76 42
60 77 36
60 78 41
60 79 57
60 80 39
60 81 43
60 82 53
60 83 45
60 84 45
60 85 56
60 86 49
60 87 54
60 88 49
60 89 51
60 90 56
60 91 40
60 92 49
60 93 49
60 94 53
60 95 49
60 96 48
60 97 35
60 98 54
60 99 37
60 100 42
60 101 37
60 102 56
60 103 37
60 104 56
60 105 57
60 106 57
60 107 36
60 108 53
60 109 48
60 110 60
60 111 51
60 112 57
60 113 49
60 114 54
60 115 53
60 116 60
60 117 49
60 118 54
60 119 55
60 120 59
60 121 58
60 122 51
60 123 47
60 124 57
60 125 49
60 126 49
61 1 40
61 2 36
61 3 37
61 4 54
61 5 50
61 6 53
61 7 52
61 8 35
61 9 36
61 10 47
61 11 56
61 12 57
61 13 57
61 14 47
61 15 37
61 16 46
61 17 37
61 18 38
61 19 45
61 20 38
61 21 39
61 22 58
61 23 36
61 24 39
61 25 47
61 26 53
61 27 40
61 28 39
61 29 54
61 30 39
61 31 40
61 32 48
61 33 36
61 34 36
61 35 47
61 36 48
61 37 38
61 38 58
61 39 49
61 40 40
61 41 46
61 42 58
61 43 55
61 44 60
61 45 42
61 46 45
61 47 42
61 48 46
61 49 56
61 50 37
61 51 38
61 52 48
61 53 42
61 54 56
61 55 41
61 56 49
61 57 39
61 58 57
61 59 54
61 60 37
61 61 0
61 62 43
61 63 43
61 64 56
61 65 56
61 66 56
61 67 48
61 68 56
61 69 57
61 70 47
61 71 56
61 72 36
61 73 52
61 74 59
61 75 44
61 76 38
61 77 50
61 78 39
61 79 41
61 80 41
61 81 40
61 82 43
61 83 47
61 84 38
61 85 39
61 86 59
61 87 40
61 88 35
61 89 58
61 90 56
61 91 58
61 92 55
61 93 50
61 94 40
61 95 53
61 96 53
61 97 44
61 98 49
61 99 46
61 100 56
61 101 44
61 102 39
61 103 41
61 104 47
61 105 40
61 106 55
61 107 58
61 108 49
61 109 36
61 110 35
61 111 59
61 112 56
61 113 56
61 114 39
61 115 59
61 116 39
61 117 46
61 118 46
61 119 43
61 120 43
61 121 48
61 122 51
61 123 57
61 124 46
61 125 51
61 126 38
62 1 42
62 2 51
62 3 42
62 4 37
62 5 60
62 6 37
62 7 58
62 8 58
62 9 44
62 10 48
62 11 47
62 12 58
62 13 59
62 14 53
62 15 41
62 16 36
62 17 54
62 18 43
62 19 35
62 20 36
62 21 52
62 22 58
62 23 54
62 24 58
62 25 53
62 26 58
62 27 47
62 28 58
62 29 35
62 30 38
62 31 45
62 32 50
62 33 58
62 34 36
62 35 53
62 36 59
62 37 45
62 38 41
62 39 48
62 40 35
62 41 55
62 42 52
62 43 49
62 44 37
62 45 38
62 46 39
62 47 48
62 48 47
62 49 50
62 50 38
62 51 56
62 52 56
62 53 50
62 54 52
62 55 54
62 56 42
62 57 56
62 58 49
62 59 58
62 60 48
62 61 58
62 62 0
62 63 55
62 64 38
62 65 35
62 66 52
62 67 55
62 68 46
62 69 49
62 70 57
62 71 44
62 72 50
62 73 56
62 74 55
62 75 44
62 76 40
62 77 36
62 78 37
62 79 58
62 80 53
62 81 36
62 82 60
62 83 52
62 84 53
62 85 45
62 86 35
62 87 43
62 88 36
62 89 43
62 90 38
62 91 57
62 92 53
62 93 37
62 94 38
62 95 50
62 96 50
62 97 52
62 98 51
62 99 55
62 100 48
62 101 45
62 102 57
62 103 53
62 104 44
62 105 50
62 106 60
62 107 59
62 108 46
62 109 39
62 110 45
62 111 50
62 112 56
62 113 39
62 114 60
62 115 57
62 116 46
62 117 52
62 118 47
62 119 59
62 120 41
62 121 40
62 122 55
62 123 46
62 124 47
62 125 55
62 126 52
63 1 57
63 2 51
63 3 53
63 4 48
63 5 38
63 6 35
63 7 54
63 8 40
63 9 57
63 10 51
63 11 43
63 12 60
63 13 47
63 14 40
63 15 38
63 16 59
63 17 43
63 18 50
63 19 56
63 20 40
63 21 50
63 22 60
63 23 44
63 24 43
63 25 46
63 26 44
63 27 54
63 28 36
63 29 39
63 30 37
63 31 48
63 32 36
63 33 35
63 34 44
63 35 35
63 36 44
63 37 49
63 38 60
63 39 40
63 40 55
63 41 59
63 42 53
63 43 50
63 44 57
63 45 43
63 46 36
63 47 48
63 48 51
63 49 40
63 50 46
63 51 55
63 52 60
63 53 49
63 54 36
63 55 42
63 56 60
63 57 49
63 58 41
63 59 35
63 60 56
63 61 52
63 62 39
63 63 0
63 64 44
63 65 47
63 66 44
63 67 46
63 68 38
63 69 59
63 70 37
63 71 60
63 72 38
63 73 40
63 74 50
63 75 41
63 76 49
63 77 47
63 78 36
63 79 57
63 80 52
63 81 51
63 82 49
63 83 58
63 84 41
63 85 36
63 86 43
63 87 43
63 88 43
63 89 54
63 90 50
63 91 53
63 92 45
63 93 46
63 94 48
63 95 38
63 96 56
63 97 60
63 98 49
63 99 44
63 100 51
63 101 43
63 102 38
63 103 40
63 104 40
63 105 44
63 106 54
63 107 35
63 108 57
63 109 60
63 110 41
63 111 39
63 112 42
63 113 47
63 114 53
63 115 57
63 116 37
63 117 37
63 118 40
63 119 52
63 120 47
63 121 40
63 122 50
63 123 41
63 124 45
63 125 53
63 126 59
64 1 36
64 2 42
64 3 35
64 4 52
64 5 36
64 6 41
64 7 37
64 8 37
64 9 50
64 10 39
64 11 37
64 12 48
64 13 44
64 14 35
64 15 38
64 16 35
64 17 37
64 18 35
64 19 40
64 20 38
64 21 54
64 22 43
64 23 58
64 24 37
64 25 49
64 26 37
64 27 53
64 28 49
64 29 49
64 30 45
64 31 46
64 32 37
64 33 48
64 34 51
64 35 38
64 36 42
64 37 47
64 38 52
64 39 38
64 40 40
64 41 49
64 42 59
64 43 55
64 44 37
64 45 57
64 46 56
64 47 54
64 48 56
64 49 35
64 50 36
64 51 51
64 52 40
64 53 42
64 54 50
64 55 41
64 56 46
64 57 43
64 58 42
64 59 54
64 60 54
64 61 48
64 62 40
64 63 58
64 64 0
64 65 49
64 66 36
64 67 50
64 68 35
64 69 39
64 70 42
64 71 50
64 72 60
64 73 38
64 74 36
64 75 38
64 76 36
64 77 59
64 78 36
64 79 41
64 80 55
64 81 41
64 82 43
64 83 49
64 84 47
64 85 60
64 86 42
64 87 41
64 88 36
64 89 35
64 90 57
64 91 37
64 92 37
64 93 37
64 94 47
64 95 59
64 96 47
64 97 57
64 98 46
64 99 60
64 100 46
64 101 58
64 102 44
64 103 55
64 104 45
64 105 58
64 106 36
64 107 54
64 108 50
64 109 39
64 110 43
64 111 58
64 112 44
64 113 49
64 114 54
64 115 46
64 116 44
64 117 59
64 118 37
64 119 42
64 120 42
64 121 44
64 122 57
64 123 47
64 124 36
64 125 47
64 126 37
65 1 48
65 2 37
65 3 44
65 4 58
65 5 42
65 6 46
65 7 57
65 8 60
65 9 55
65 10 39
65 11 43
65 12 35
65 13 38
65 14 42
65 15 42
65 16 40
65 17 55
65 18 51
65 19 55
65 20 59
65 21 41
65 22 54
65 23 52
65 24 56
65 25 57
65 26 46
65 27 48
65 28 56
65 29 42
65 30 39
65 31 35
65 32 60
65 33 44
65 34 54
65 35 48
65 36 35
65 37 57
65 38 49
65 39 39
65 40 58
65 41 55
65 42 54
65 43 59
65 44 55
65 45 50
65 46 57
65 47 56
65 48 51
65 49 57
65 50 54
65 51 60
65 52 36
65 53 36
65 54 59
65 55 47
65 56 57
65 57 56
65 58 51
65 59 52
65 60 59
65 61 40
65 62 57
65 63 59
65 64 50
65 65 0
65 66 55
65 67 50
65 68 36
65 69 48
65 70 35
65 71 42
65 72 36
65 73 58
65 74 60
65 75 53
65 76 35
65 77 45
65 78 36
65 79 43
65 80 36
65 81 57
65 82 45
65 83 57
65 84 54
65 85 60
65 86 50
65 87 46
65 88 46
65 89 51
65 90 42
65 91 36
65 92 45
65 93 36
65 94 53
65 95 51
65 96 53
65 97 57
65 98 58
65 99 35
65 100 47
65 101 55
65 102 45
65 103 47
65 104 42
65 105 52
65 106 60
65 107 52
65 108 37
65 109 38
65 110 35
65 111 58
65 112 58
65 113 50
65 114 43
65 115 60
65 116 54
65 117 56
65 118 40
65 119 55
65 120 54
65 121 59
65 122 54
65 123 39
65 124 54
65 125 39
65 126 49
66 1 35
66 2 60
66 3 35
66 4 37
66 5 51
66 6 49
66 7 42
66 8 46
66 9 56
66 10 43
66 11 50
66 12 47
66 13 45
66 14 47
66 15 46
66 16 37
66 17 35
66 18 51
66 19 36
66 20 57
66 21 47
66 22 45
66 23 44
66 24 52
66 25 49
66 26 56
66 27 58
66 28 50
66 29 38
66 30 44
66 31 58
66 32 42
66 33 38
66 34 58
66 35 52
66 36 37
66 37 43
66 38 49
66 39 59
66 40 48
66 41 51
66 42 48
66 43 56
66 44 60
66 45 56
66 46 58
66 47 50
66 48 39
66 49 35
66 50 59
66 51 37
66 52 56
66 53 50
66 54 46
66 55 59
66 56 50
66 57 40
66 58 46
66 59 56
66 60 54
66 61 36
66 62 36
66 63 38
66 64 37
66 65 35
66 66 0
66 67 49
66 68 50
66 69 52
66 70 48
66 71 41
66 72 48
66 73 56
66 74 60
66 75 45
66 76 59
66 77 44
66 78 53
66 79 35
66 80 38
66 81 54
66 82 41
66 83 46
66 84 40
66 85 57
66 86 54
66 87 59
66 88 51
66 89 40
66 90 45
66 91 41
66 92 46
66 93 42
66 94 38
66 95 36
66 96 54
66 97 37
66 98 54
66 99 59
66 100 49
66 101 52
66 102 48
66 103 60
66 104 39
66 105 47
66 106 37
66 107 39
66 108 52
66 109 45
66 110 60
66 111 36
66 112 39
66 113 51
66 114 39
66 115 56
66 116 47
66 117 58
66 118 44
66 119 57
66 120 47
66 121 57
66 122 35
66 123 44
66 124 49
66 125 44
66 126 46
67 1 41
67 2 56
67 3 44
67 4 37
67 5 38
67 6 45
67 7 48
67 8 57
67 9 36
67 10 53
67 11 41
67 12 52
67 13 46
67 14 54
67 15 39
67 16 51
67 17 57
67 18 49
67 19 51
67 20 54
67 21 38
67 22 57
67 23 52
67 24 60
67 25 37
67 26 57
67 27 43
67 28 35
67 29 55
67 30 60
67 31 44
67 32 44
67 33 57
67 34 48
67 35 36
67 36 35
67 37 41
67 38 38
67 39 48
67 40 38
67 41 55
67 42 42
67 43 57
67 44 41
67 45 43
67 46 54
67 47 55
67 48 38
67 49 58
67 50 58
67 51 56
67 52 58
67 53 55
67 54 59
67 55 50
67 56 40
67 57 54
67 58 45
67 59 56
67 60 52
67 61 41
67 62 59
67 63 59
67 64 45
67 65 54
67 66 50
67 67 0
67 68 51
67 69 36
67 70 60
67 71 37
67 72 38
67 73 42
67 74 49
67 75 59
67 76 51
67 77 39
67 78 45
67 79 56
67 80 41
67 81 47
67 82 58
67 83 45
67 84 41
67 85 48
67 86 40
67 87 40
67 88 40
67 89 37
67 90 57
67 91 42
67 92 55
67 93 35
67 94 48
67 95 54
67 96 52
67 97 42
67 98 52
67 99 56
67 100 39
67 101 41
67 102 59
67 103 57
67 104 60
67 105 49
67 106 38
67 107 55
67 108 38
67 109 37
67 110 51
67 111 51
67 112 53
67 113 51
67 114 37
67 115 52
67 116 50
67 117 38
67 118 51
67 119 58
67 120 50
67 121 57
67 122 42
67 123 56
67 124 57
67 125 45
67 126 55
68 1 36
68 2 49
68 3 44
68 4 39
68 5 60
68 6 52
68 7 36
68 8 48
68 9 45
68 10 41
68 11 51
68 12 46
68 13 53
68 14 38
68 15 42
68 16 39
68 17 57
68 18 56
68 19 55
68 20 39
68 21 36
68 22 40
68 23 39
68 24 50
68 25 59
68 26 49
68 27 52
68 28 55
68 29 60
68 30 45
68 31 40
68 32 60
68 33 48
68 34 50
68 35 50
68 36 39
68 37 41
68 38 40
68 39 38
68 40 40
68 41 48
68 42 50
68 43 41
68 44 57
68 45 37
68 46 40
68 47 48
68 48 45
68 49 42
68 50 56
68 51 44
68 52 45
68 53 51
68 54 55
68 55 41
68 56 52
68 57 57
68 58 55
68 59 37
68 60 54
68 61 43
68 62 55
68 63 56
68 64 35
68 65 58
68 66 58
68 67 46
68 68 0
68 69 38
68 70 53
68 71 48
68 72 57
68 73 47
68 74 52
68 75 43
68 76 47
68 77 52
68 78 50
68 79 42
68 80 48
68 81 37
68 82 51
68 83 56
68 84 49
68 85 55
68 86 47
68 87 36
68 88 51
68 89 48
68 90 46
68 91 56
68 92 59
68 93 52
68 94 47
68 95 55
68 96 35
68 97 55
68 98 35
68 99 50
68 100 58
68 101 55
68 102 56
68 103 42
68 104 43
68 105 39
68 106 53
68 107 58
68 108 59
68 109 57
68 110 59
68 111 45
68 112 48
68 113 57
68 114 56
68 115 39
68 116 36
68 117 58
68 118 41
68 119 57
68 120 53
68 121 42
68 122 55
68 123 52
68 124 45
68 125 37
68 126 59
69 1 41
69 2 38
69 3 46
69 4 42
69 5 60
69 6 35
69 7 53
69 8 39
69 9 46
69 10 42
69 11 42
69 12 38
69 13 53
69 14 60
69 15 35
69 16 47
69 17 37
69 18 37
69 19 55
69 20 50
69 21 36
69 22 58
69 23 59
69 24 47
69 25 43
69 26 51
69 27 37
69 28 37
69 29 38
69 30 44
69 31 43
69 32 40
69 33 57
69 34 59
69 35 51
69 36 38
69 37 56
69 38 60
69 39 52
69 40 54
69 41 45
69 42 44
69 43 56
69 44 52
69 45 39
69 46 46
69 47 43
69 48 57
69 49 46
69 50 41
69 51 58
69 52 53
69 53 53
69 54 51
69 55 56
69 56 52
69 57 46
69 58 52
69 59 51
69 60 54
69 61 60
69 62 43
69 63 45
69 64 54
69 65 54
69 66 55
69 67 39
69 68 35
69 69 0
69 70 35
69 71 49
69 72 56
69 73 40
69 74 58
69 75 50
69 76 55
69 77 53
69 78 51
69 79 45
69 80 37
69 81 60
69 82 58
69 83 58
69 84 38
69 85 46
69 86 53
69 87 39
69 88 49
69 89 56
69 90 56
69 91 59
69 92 46
69 93 38
69 94 40
69 95 36
69 96 45
69 97 47
69 98 39
69 99 42
69 100 60
69 101 40
69 102 55
69 103 37
69 104 57
69 105 36
69 106 38
69 107 54
69 108 57
69 109 40
69 110 50
69 111 52
69 112 47
69 113 56
69 114 45
69 115 44
69 116 55
69 117 42
69 118 39
69 119 49
69 120 37
69 121 44
69 122 47
69 123 42
69 124 50
69 125 47
69 126 48
70 1 38
70 2 50
70 3 59
70 4 60
70 5 55
70 6 54
70 7 51
70 8 59
70 9 55
70 10 45
70 11 53
70 12 35
70 13 50
70 14 37
70 15 47
70 16 39
70 17 44
70 18 52
70 19 36
70 20 40
70 21 52
70 22 39
70 23 56
70 24 40
70 25 58
70 26 51
70 27 35
70 28 58
70 29 53
70 30 42
70 31 42
70 32 43
70 33 56
70 34 51
70 35 54
70 36 46
70 37 57
70 38 44
70 39 44
70 40 48
70 41 50
70 42 54
70 43 51
70 44 40
70 45 48
70 46 51
70 47 46
70 48 40
70 49 55
70 50 57
70 51 56
70 52 42
70 53 58
70 54 56
70 55 40
70 56 59
70 57 56
70 58 59
70 59 43
70 60 52
70 61 52
70 62 48
70 63 41
70 64 47
70 65 53
70 66 47
70 67 57
70 68 44
70 69 57
70 70 0
70 71 51
70 72 56
70 73 58
70 74 53
70 75 58
70 76 52
70 77 49
70 78 46
70 79 59
70 80 59
70 81 45
70 82 51
70 83 41
70 84 35
70 85 39
70 86 39
70 87 46
70 88 36
70 89 45
70 90 38
70 91 46
70 92 57
70 93 51
70 94 39
70 95 56
70 96 46
70 97 58
70 98 51
70 99 35
70 100 42
70 101 44
70 102 43
70 103 40
70 104 54
70 105 43
70 106 44
70 107 51
70 108 46
70 109 36
70 110 40
70 111 37
70 112 49
70 113 47
70 114 40
70 115 43
70 116 43
70 117 39
70 118 47
70 119 50
70 120 46
70 121 51
70 122 35
70 123 41
70 124 58
70 125 41
70 126 45
71 1 43
71 2 35
71 3 49
71 4 36
71 5 57
71 6 38
71 7 37
71 8 60
71 9 50
71 10 55
71 11 55
71 12 40
71 13 35
71 14 47
71 15 40
71 16 39
71 17 60
71 18 44
71 19 43
71 20 37
71 21 43
71 22 59
71 23 36
71 24 51
71 25 59
71 26 45
71 27 35
71 28 51
71 29 58
71 30 58
71 31 54
71 32 51
71 33 44
71 34 55
71 35 38
71 36 36
71 37 40
71 38 51
71 39 60
71 40 51
71 41 53
71 42 42
71 43 40
71 44 52
71 45 57
71 46 45
71 47 58
71 48 47
71 49 53
71 50 43
71 51 42
71 52 48
71 53 55
71 54 41
71 55 58
71 56 54
71 57 55
71 58 47
71 59 47
71 60 38
71 61 47
71 62 40
71 63 41
71 64 47
71 65 54
71 66 60
71 67 46
71 68 52
71 69 39
71 70 36
71 71 0
71 72 35
71 73 48
71 74 57
71 75 52
71 76 43
71 77 49
71 78 42
71 79 44
71 80 54
71 81 40
71 82 37
71 83 54
71 84 45
71 85 48
71 86 38
71 87 39
71 88 56
71 89 43
71 90 43
71 91 48
71 92 47
71 93 40
71 94 57
71 95 36
71 96 57
71 97 58
71 98 42
71 99 35
71 100 47
71 101 53
71 102 51
71 103 54
71 104 41
71 105 42
71 106 45
71 107 51
71 108 46
71 109 45
71 110 56
71 111 42
71 112 50
71 113 37
71 114 60
71 115 40
71 116 58
71 117 45
71 118 36
71 119 40
71 120 49
71 121 57
71 122 38
71 123 58
71 124 42
71 125 45
71 126 41
72 1 60
72 2 56
72 3 59
72 4 50
72 5 44
72 6 39
72 7 43
72 8 43
72 9 58
72 10 40
72 11 53
72 12 58
72 13 37
72 14 44
72 15 59
72 16 57
72 17 37
72 18 49
72 19 59
72 20 37
72 21 60
72 22 54
72 23 42
72 24 59
72 25 40
72 26 55
72 27 45
72 28 54
72 29 48
72 30 53
72 31 37
72 32 55
72 33 52
72 34 45
72 35 37
72 36 48
72 37 49
72 38 57
72 39 47
72 40 54
72 41 39
72 42 38
72 43 51
72 44 53
72 45 42
72 46 54
72 47 38
72 48 43
72 49 37
72 50 59
72 51 58
72 52 40
72 53 41
72 54 46
72 55 50
72 56 50
72 57 51
72 58 37
72 59 47
72 60 38
72 61 59
72 62 46
72 63 35
72 64 52
72 65 35
72 66 47
72 67 35
72 68 59
72 69 59
72 70 60
72 71 52
72 72 0
72 73 39
72 74 39
72 75 42
72 76 48
72 77 51
72 78 39
72 79 50
72 80 48
72 81 55
72 82 41
72 83 49
72 84 59
72 85 57
72 86 55
72 87 37
72 88 45
72 89 60
72 90 40
72 91 38
72 92 50
72 93 42
72 94 45
72 95 57
72 96 52
72 97 47
72 98 41
72 99 51
72 100 42
72 101 55
72 102 45
72 103 58
72 104 60
72 105 52
72 106 54
72 107 46
72 108 49
72 109 59
72 110 46
72 111 42
72 112 60
72 113 56
72 114 40
72 115 49
72 116 46
72 117 53
72 118 47
72 119 48
72 120 60
72 121 41
72 122 59
72 123 53
72 124 51
72 125 45
72 126 36
73 1 60
73 2 49
73 3 47
73 4 57
73 5 60
73 6 43
73 7 37
73 8 43
73 9 58
73 10 48
73 11 59
73 12 55
73 13 40
73 14 56
73 15 59
73 16 59
73 17 37
73 18 56
73 19 60
73 20 53
73 21 54
73 22 42
73 23 37
73 24 48
73 25 35
73 26 49
73 27 40
73 28 52
73 29 38
73 30 40
73 31 38
73 32 58
73 33 36
73 34 58
73 35 44
73 36 48
73 37 38
73 38 38
73 39 57
73 40 49
73 41 54
73 42 35
73 43 37
73 44 37
73 45 37
73 46 48
73 47 48
73 48 40
73 49 43
73 50 52
73 51 44
73 52 38
73 53 42
73 54 38
73 55 40
73 56 36
73 57 41
73 58 45
73 59 54
73 60 54
73 61 45
73 62 56
73 63 54
73 64 60
73 65 52
73 66 59
73 67 35
73 68 36
73 69 40
73 70 40
73 71 40
73 72 39
73 73 0
73 74 52
73 75 59
73 76 50
73 77 59
73 78 52
73 79 35
73 80 49
73 81 52
73 82 48
73 83 49
73 84 53
73 85 57
73 86 40
73 87 51
73 88 40
73 89 60
73 90 43
73 91 60
73 92 57
73 93 45
73 94 58
73 95 59
73 96 58
73 97 43
73 98 49
73 99 60
73 100 44
73 101 50
73 102 55
73 103 59
73 104 59
73 105 49
73 106 48
73 107 57
73 108 49
73 109 60
73 110 41
73 111 56
73 112 42
73 113 55
73 114 51
73 115 50
73 116 40
73 117 50
73 118 39
73 119 47
73 120 39
73 121 47
73 122 49
73 123 56
73 124 60
73 125 47
73 126 57
74 1 39
74 2 47
74 3 58
74 4 36
74 5 38
74 6 48
74 7 52
74 8 37
74 9 59
74 10 46
74 11 58
74 12 38
74 13 49
74 14 53
74 15 37
74 16 54
74 17 42
74 18 51
74 19 36
74 20 54
74 21 59
74 22 53
74 23 40
74 24 45
74 25 43
74 26 54
74 27 43
74 28 56
74 29 58
74 30 55
74 31 57
74 32 46
74 33 51
74 34 38
74 35 57
74 36 52
74 37 35
74 38 50
74 39 46
74 40 49
74 41 60
74 42 52
74 43 43
74 44 56
74 45 56
74 46 44
74 47 40
74 48 41
74 49 37
74 50 52
74 51 53
74 52 37
74 53 50
74 54 50
74 55 40
74 56 47
74 57 57
74 58 52
74 59 42
74 60 43
74 61 45
74 62 42
74 63 35
74 64 55
74 65 47
74 66 38
74 67 55
74 68 41
74 69 44
74 70 39
74 71 42
74 72 51
74 73 46
74 74 0
74 75 43
74 76 56
74 77 50
74 78 55
74 79 45
74 80 60
74 81 51
74 82 35
74 83 45
74 84 36
74 85 47
74 86 52
74 87 56
74 88 40
74 89 40
74 90 37
74 91 47
74 92 55
74 93 57
74 94 38
74 95 45
74 96 56
74 97 53
74 98 48
74 99 50
74 100 56
74 101 44
74 102 59
74 103 53
74 104 55
74 105 36
74 106 48
74 107 50
74 108 36
74 109 46
74 110 60
74 111 36
74 112 36
74 113 53
74 114 44
74 115 42
74 116 51
74 117 47
74 118 35
74 119 60
74 120 59
74 121 39
74 122 52
74 123 51
74 124 56
74 125 35
74 126 51
75 1 54
75 2 44
75 3 35
75 4 45
75 5 40
75 6 49
75 7 50
75 8 36
75 9 56
75 10 59
75 11 54
75 12 43
75 13 55
75 14 54
75 15 38
75 16 47
75 17 54
75 18 41
75 19 45
75 20 40
75 21 46
75 22 43
75 23 56
75 24 49
75 25 56
75 26 55
75 27 47
75 28 60
75 29 58
75 30 57
75 31 42
75 32 53
75 33 53
75 34 59
75 35 40
75 36 51
75 37 35
75 38 42
75 39 41
75 40 59
75 41 57
75 42 37
75 43 36
75 44 53
75 45 49
75 46 49
75 47 52
75 48 53
75 49 36
75 50 58
75 51 37
75 52 53
75 53 49
75 54 54
75 55 55
75 56 53
75 57 47
75 58 42
75 59 52
75 60 37
75 61 54
75 62 58
75 63 42
75 64 45
75 65 41
75 66 45
75 67 36
75 68 35
75 69 49
75 70 50
75 71 46
75 72 39
75 73 52
75 74 58
75 75 0
75 76 40
75 77 35
75 78 52
75 79 48
75 80 53
75 81 46
75 82 44
75 83 49
75 84 54
75 85 48
75 86 58
75 87 56
75 88 52
75 89 38
75 90 58
75 91 42
75 92 50
75 93 37
75 94 41
75 95 53
75 96 54
75 97 46
75 98 54
75 99 38
75 100 48
75 101 47
75 102 58
75 103 38
75 104 46
75 105 55
75 106 56
75 107 52
75 108 58
75 109 40
75 110 46
75 111 54
75 112 38
75 113 47
75 114 41
75 115 45
75 116 44
75 117 50
75 118 51
75 119 44
75 120 41
75 121 42
75 122 38
75 123 48
75 124 60
75 125 57
75 126 42
76 1 35
76 2 48
76 3 55
76 4 60
76 5 50
76 6 40
76 7 51
76 8 42
76 9 39
76 10 51
76 11 36
76 12 36
76 13 54
76 14 36
76 15 40
76 16 44
76 17 39
76 18 41
76 19 60
76 20 56
76 21 46
76 22 35
76 23 56
76 24 51
76 25 56
76 26 60
76 27 35
76 28 53
76 29 59
76 30 40
76 31 44
76 32 50
76 33 36
76 34 35
76 35 38
76 36 41
76 37 54
76 38 51
76 39 48
76 40 40
76 41 58
76 42 50
76 43 50
76 44 37
76 45 50
76 46 56
76 47 37
76 48 39
76 49 37
76 50 36
76 51 42
76 52 59
76 53 60
76 54 36
76 55 37
76 56 42
76 57 41
76 58 42
76 59 37
76 60 37
76 61 38
76 62 58
76 63 40
76 64 54
76 65 49
76 66 37
76 67 51
76 68 59
76 69 41
76 70 38
76 71 44
76 72 60
76 73 59
76 74 38
76 75 48
76 76 0
76 77 52
76 78 46
76 79 47
76 80 58
76 81 41
76 82 44
76 83 56
76 84 49
76 85 53
76 86 59
76 87 42
76 88 43
76 89 43
76 90 52
76 91 40
76 92 51
76 93 47
76 94 40
76 95 56
76 96 48
76 97 56
76 98 45
76 99 35
76 100 36
76 101 42
76 102 59
76 103 57
76 104 60
76 105 40
76 106 47
76 107 39
76 108 58
76 109 57
76 110 41
76 111 52
76 112 40
76 113 57
76 114 60
76 115 55
76 116 42
76 117 47
76 118 42
76 119 58
76 120 42
76 121 38
76 122 52
76 123 38
76 124 38
76 125 57
76 126 46
77 1 47
77 2 36
77 3 36
77 4 39
77 5 52
77 6 45
77 7 49
77 8 43
77 9 36
77 10 42
77 11 58
77 12 39
77 13 42
77 14 50
77 15 59
77 16 52
77 17 52
77 18 41
77 19 57
77 20 39
77 21 36
77 22 48
77 23 59
77 24 59
77 25 47
77 26 60
77 27 44
77 28 46
77 29 54
77 30 39
77 31 36
77 32 55
77 33 52
77 34 54
77 35 41
77 36 43
77 37 44
77 38 44
77 39 50
77 40 54
77 41 47
77 42 42
77 43 38
77 44 37
77 45 59
77 46 39
77 47 38
77 48 53
77 49 57
77 50 36
77 51 35
77 52 52
77 53 53
77 54 43
77 55 56
77 56 45
77 57 60
77 58 55
77 59 46
77 60 55
77 61 58
77 62 36
77 63 43
77 64 60
77 65 58
77 66 46
77 67 44
77 68 41
77 69 42
77 70 39
77 71 36
77 72 55
77 73 42
77 74 39
77 75 44
77 76 52
77 77 0
77 78 52
77 79 37
77 80 57
77 81 50
77 82 42
77 83 50
77 84 36
77 85 37
77 86 56
77 87 55
77 88 52
77 89 38
77 90 44
77 91 47
77 92 40
77 93 44
77 94 37
77 95 60
77 96 47
77 97 45
77 98 43
77 99 48
77 100 38
77 101 47
77 102 38
77 103 40
77 104 51
77 105 44
77 106 35
77 107 57
77 108 52
77 109 36
77 110 40
77 111 40
77 112 60
77 113 50
77 114 50
77 115 46
77 116 49
77 117 60
77 118 42
77 119 42
77 120 38
77 121 42
77 122 46
77 123 42
77 124 55
77 125 48
77 126 46
78 1 43
78 2 47
78 3 53
78 4 47
78 5 45
78 6 54
78 7 55
78 8 51
78 9 49
78 10 50
78 11 38
78 12 58
78 13 39
78 14 44
78 15 58
78 16 49
78 17 47
78 18 50
78 19 39
78 20 58
78 21 46
78 22 49
78 23 47
78 24 49
78 25 49
78 26 46
78 27 44
78 28 51
78 29 60
78 30 56
78 31 48
78 32 36
78 33 58
78 34 52
78 35 37
78 36 54
78 37 39
78 38 46
78 39 53
78 40 47
78 41 56
78 42 52
78 43 57
78 44 55
78 45 51
78 46 35
78 47 49
78 48 58
78 49 53
78 50 56
78 51 47
78 52 49
78 53 51
78 54 52
78 55 54
78 56 60
78 57 57
78 58 54
78 59 53
78 60 39
78 61 36
78 62 59
78 63 60
78 64 47
78 65 42
78 66 48
78 67 45
78 68 50
78 69 37
78 70 54
78 71 43
78 72 55
78 73 48
78 74 50
78 75 40
78 76 46
78 77 54
78 78 0
78 79 39
78 80 51
78 81 42
78 82 55
78 83 46
78 84 59
78 85 49
78 86 43
78 87 37
78 88 44
78 89 49
78 90 52
78 91 38
78 92 37
78 93 55
78 94 53
78 95 38
78 96 46
78 97 49
78 98 44
78 99 36
78 100 36
78 101 53
78 102 35
78 103 42
78 104 44
78 105 42
78 106 38
78 107 60
78 108 48
78 109 46
78 110 60
78 111 40
78 112 58
78 113 38
78 114 51
78 115 41
78 116 60
78 117 38
78 118 50
78 119 57
78 120 50
78 121 45
78 122 37
78 123 41
78 124 56
78 125 53
78 126 57
79 1 47
79 2 41
79 3 48
79 4 39
79 5 36
79 6 39
79 7 39
79 8 46
79 9 57
79 10 46
79 11 35
79 12 35
79 13 44
79 14 43
79 15 54
79 16 57
79 17 53
79 18 60
79 19 48
79 20 58
79 21 40
79 22 38
79 23 53
79 24 52
79 25 57
79 26 58
79 27 49
79 28 53
79 29 57
79 30 46
79 31 53
79 32 56
79 33 55
79 34 35
79 35 43
79 36 59
79 37 60
79 38 50
79 39 35
79 40 54
79 41 50
79 42 47
79 43 38
79 44 49
79 45 57
79 46 47
79 47 39
79 48 46
79 49 46
79 50 60
79 51 59
79 52 39
79 53 45
79 54 39
79 55 47
79 56 57
79 57 35
79 58 38
79 59 36
79 60 47
79 61 35
79 62 46
79 63 44
79 64 35
79 65 45
79 66 37
79 67 54
79 68 56
79 69 37
79 70 39
79 71 45
79 72 57
79 73 41
79 74 44
79 75 36
79 76 55
79 77 50
79 78 54
79 79 0
79 80 39
79 81 51
79 82 47
79 83 41
79 84 44
79 85 49
79 86 55
79 87 54
79 88 39
79 89 49
79 90 54
79 91 56
79 92 60
79 93 54
79 94 52
79 95 59
79 96 58
79 97 48
79 98 52
79 99 41
79 100 53
79 101 50
79 102 53
79 103 50
79 104 52
79 105 55
79 106 54
79 107 45
79 108 50
79 109 53
79 110 55
79 111 55
79 112 39
79 113 49
79 114 60
79 115 41
79 116 43
79 117 46
79 118 39
79 119 36
79 120 35
79 121 50
79 122 46
79 123 41
79 124 47
79 125 39
79 126 47
80 1 55
80 2 47
80 3 60
80 4 37
80 5 43
80 6 48
80 7 36
80 8 44
80 9 52
80 10 51
80 11 57
80 12 46
80 13 53
80 14 54
80 15 60
80 16 36
80 17 53
80 18 58
80 19 40
80 20 42
80 21 44
80 22 54
80 23 47
80 24 60
80 25 49
80 26 42
80 27 58
80 28 53
80 29 53
80 30 37
80 31 40
80 32 55
80 33 46
80 34 49
80 35 52
80 36 47
80 37 42
80 38 41
80 39 50
80 40 51
80 41 46
80 42 53
80 43 35
80 44 56
80 45 53
80 46 50
80 47 43
80 48 60
80 49 35
80 50 53
80 51 51
80 52 37
80 53 40
80 54 41
80 55 49
80 56 51
80 57 55
80 58 57
80 59 41
80 60 59
80 61 57
80 62 57
80 63 42
80 64 47
80 65 50
80 66 46
80 67 49
80 68 51
80 69 59
80 70 57
80 71 39
80 72 44
80 73 43
80 74 52
80 75 37
80 76 54
80 77 40
80 78 36
80 79 45
80 80 0
80 81 52
80 82 35
80 83 39
80 84 59
80 85 37
80 86 53
80 87 43
80 88 57
80 89 49
80 90 44
80 91 57
80 92 44
80 93 47
80 94 52
80 95 46
80 96 59
80 97 52
80 98 48
80 99 40
80 100 55
80 101 60
80 102 35
80 103 49
80 104 53
80 105 60
80 106 53
80 107 36
80 108 54
80 109 49
80 110 42
80 111 56
80 112 57
80 113 58
80 114 36
80 115 42
80 116 45
80 117 48
80 118 47
80 119 36
80 120 44
80 121 43
80 122 44
80 123 38
80 124 53
80 125 44
80 126 50
81 1 42
81 2 35
81 3 59
81 4 42
81 5 53
81 6 47
81 7 41
81 8 44
81 9 46
81 10 48
81 11 43
81 12 60
81 13 60
81 14 42
81 15 54
81 16 45
81 17 37
81 18 55
81 19 37
81 20 57
81 21 46
81 22 36
81 23 43
81 24 52
81 25 56
81 26 59
81 27 58
81 28 45
81 29 59
81 30 45
81 31 48
81 32 37
81 33 36
81 34 43
81 35 37
81 36 53
81 37 44
81 38 37
81 39 57
81 40 57
81 41 59
81 42 37
81 43 50
81 44 52
81 45 57
81 46 56
81 47 40
81 48 39
81 49 59
81 50 60
81 51 36
81 52 42
81 53 45
81 54 37
81 55 57
81 56 59
81 57 41
81 58 45
81 59 51
81 60 47
81 61 48
81 62 41
81 63 50
81 64 46
81 65 44
81 66 56
81 67 53
81 68 43
81 69 37
81 70 39
81 71 48
81 72 52
81 73 42
81 74 46
81 75 44
81 76 45
81 77 44
81 78 40
81 79 44
81 80 49
81 81 0
81 82 60
81 83 36
81 84 41
81 85 53
81 86 39
81 87 52
81 88 40
81 89 44
81 90 56
81 91 57
81 92 48
81 93 44
81 94 59
81 95 60
81 96 38
81 97 43
81 98 45
81 99 40
81 100 36
81 101 37
81 102 36
81 103 55
81 104 58
81 105 52
81 106 36
81 107 42
81 108 55
81 109 49
81 110 41
81 111 50
81 112 47
81 113 53
81 114 41
81 115 37
81 116 45
81 117 59
81 118 36
81 119 53
81 120 35
81 121 50
81 122 36
81 123 54
81 124 36
81 125 56
81 126 44
82 1 45
82 2 60
82 3 40
82 4 44
82 5 54
82 6 57
82 7 41
82 8 60
82 9 48
82 10 38
82 11 58
82 12 56
82 13 47
82 14 43
82 15 52
82 16 59
82 17 48
82 18 35
82 19 56
82 20 56
82 21 38
82 22 60
82 23 46
82 24 40
82 25 50
82 26 48
82 27 39
82 28 53
82 29 51
82 30 41
82 31 35
82 32 51
82 33 38
82 34 60
82 35 60
82 36 58
82 37 54
82 38 49
82 39 59
82 40 41
82 41 53
82 42 36
82 43 57
82 44 36
82 45 47
82 46 42
82 47 43
82 48 50
82 49 42
82 50 36
82 51 58
82 52 58
82 53 58
82 54 36
82 55 43
82 56 52
82 57 35
82 58 50
82 59 47
82 60 43
82 61 52
82 62 50
82 63 60
82 64 57
82 65 58
82 66 36
82 67 48
82 68 50
82 69 60
82 70 43
82 71 38
82 72 50
82 73 50
82 74 36
82 75 38
82 76 57
82 77 43
82 78 43
82 79 42
82 80 37
82 81 59
82 82 0
82 83 54
82 84 58
82 85 44
82 86 55
82 87 45
82 88 44
82 89 50
82 90 47
82 91 35
82 92 42
82 93 39
82 94 57
82 95 48
82 96 40
82 97 36
82 98 58
82 99 53
82 100 37
82 101 54
82 102 50
82 103 45
82 104 40
82 105 53
82 106 37
82 107 35
82 108 51
82 109 58
82 110 56
82 111 51
82 112 60
82 113 44
82 114 56
82 115 54
82 116 39
82 117 44
82 118 55
82 119 45
82 120 39
82 121 49
82 122 46
82 123 60
82 124 59
82 125 53
82 126 56
83 1 48
83 2 60
83 3 36
83 4 48
83 5 55
83 6 35
83 7 56
83 8 42
83 9 51
83 10 55
83 11 35
83 12 55
83 13 36
83 14 52
83 15 52
83 16 44
83 17 57
83 18 56
83 19 52
83 20 42
83 21 56
83 22 37
83 23 44
83 24 59
83 25 41
83 26 36
83 27 44
83 28 40
83 29 38
83 30 35
83 31 41
83 32 53
83 33 45
83 34 35
83 35 53
83 36 43
83 37 54
83 38 60
83 39 60
83 40 41
83 41 52
83 42 43
83 43 44
83 44 39
83 45 41
83 46 53
83 47 53
83 48 43
83 49 44
83 50 40
83 51 53
83 52 36
83 53 42
83 54 40
83 55 40
83 56 40
83 57 41
83 58 47
83 59 57
83 60 41
83 61 42
83 62 53
83 63 52
83 64 46
83 65 57
83 66 51
83 67 43
83 68 58
83 69 56
83 70 40
83 71 58
83 72 41
83 73 59
83 74 54
83 75 35
83 76 35
83 77 39
83 78 38
83 79 36
83 80 57
83 81 37
83 82 60
83 83 0
83 84 51
83 85 55
83 86 58
83 87 52
83 88 55
83 89 59
83 90 55
83 91 48
83 92 47
83 93 43
83 94 42
83 95 48
83 96 44
83 97 60
83 98 36
83 99 53
83 100 50
83 101 47
83 102 46
83 103 36
83 104 59
83 105 53
83 106 37
83 107 50
83 108 35
83 109 59
83 110 49
83 111 38
83 112 50
83 113 58
83 114 38
83 115 37
83 116 45
83 117 47
83 118 46
83 119 56
83 120 54
83 121 46
83 122 43
83 123 42
83 124 44
83 125 54
83 126 53
84 1 40
84 2 59
84 3 44
84 4 59
84 5 57
84 6 58
84 7 41
84 8 54
84 9 51
84 10 57
84 11 41
84 12 38
84 13 57
84 14 40
84 15 54
84 16 51
84 17 52
84 18 42
84 19 37
84 20 57
84 21 41
84 22 38
84 23 54
84 24 48
84 25 39
84 26 36
84 27 56
84 28 53
84 29 49
84 30 43
84 31 38
84 32 36
84 33 54
84 34 38
84 35 44
84 36 49
84 37 42
84 38 59
84 39 54
84 40 43
84 41 56
84 42 42
84 43 52
84 44 56
84 45 39
84 46 44
84 47 56
84 48 58
84 49 52
84 50 45
84 51 37
84 52 47
84 53 48
84 54 50
84 55 53
84 56 47
84 57 47
84 58 39
84 59 50
84 60 56
84 61 38
84 62 58
84 63 37
84 64 58
84 65 59
84 66 49
84 67 57
84 68 47
84 69 40
84 70 57
84 71 42
84 72 37
84 73 39
84 74 50
84 75 36
84 76 54
84 77 59
84 78 39
84 79 35
84 80 58
84 81 53
84 82 48
84 83 35
84 84 0
84 85 59
84 86 52
84 87 55
84 88 41
84 89 42
84 90 51
84 91 36
84 92 52
84 93 45
84 94 48
84 95 58
84 96 57
84 97 53
84 98 59
84 99 52
84 100 55
84 101 52
84 102 46
84 103 59
84 104 40
84 105 49
84 106 46
84 107 55
84 108 49
84 109 57
84 110 44
84 111 44
84 112 54
84 113 51
84 114 41
84 115 37
84 116 39
84 117 54
84 118 35
84 119 42
84 120 60
84 121 36
84 122 48
84 123 58
84 124 36
84 125 43
84 126 49
85 1 44
85 2 36
85 3 46
85 4 46
85 5 36
85 6 54
85 7 45
85 8 41
85 9 41
85 10 35
85 11 37
85 12 35
85 13 50
85 14 51
85 15 59
85 16 54
85 17 60
85 18 44
85 19 59
85 20 55
85 21 59
85 22 51
85 23 56
85 24 37
85 25 42
85 26 35
85 27 57
85 28 47
85 29 39
85 30 47
85 31 48
85 32 57
85 33 36
85 34 41
85 35 37
85 36 54
85 37 56
85 38 43
85 39 42
85 40 48
85 41 58
85 42 55
85 43 36
85 44 60
85 45 55
85 46 52
85 47 40
85 48 49
85 49 35
85 50 48
85 51 36
85 52 42
85 53 45
85 54 43
85 55 37
85 56 37
85 57 45
85 58 49
85 59 57
85 60 52
85 61 35
85 62 39
85 63 52
85 64 46
85 65 57
85 66 39
85 67 56
85 68 42
85 69 35
85 70 47
85 71 45
85 72 53
85 73 49
85 74 55
85 75 48
85 76 42
85 77 57
85 78 37
85 79 45
85 80 45
85 81 56
85 82 37
85 83 45
85 84 49
85 85 0
85 86 60
85 87 44
85 88 57
85 89 40
85 90 57
85 91 56
85 92 37
85 93 44
85 94 36
85 95 39
85 96 39
85 97 49
85 98 54
85 99 39
85 100 46
85 101 57
85 102 48
85 103 51
85 104 59
85 105 35
85 106 38
85 107 38
85 108 36
85 109 46
85 110 39
85 111 41
85 112 43
85 113 51
85 114 44
85 115 39
85 116 38
85 117 59
85 118 45
85 119 59
85 120 49
85 121 50
85 122 55
85 123 39
85 124 52
85 125 43
85 126 60
86 1 43
86 2 60
86 3 53
86 4 52
86 5 39
86 6 49
86 7 38
86 8 53
86 9 35
86 10 54
86 11 36
86 12 45
86 13 48
86 14 42
86 15 42
86 16 52
86 17 52
86 18 54
86 19 49
86 20 56
86 21 60
86 22 58
86 23 43
86 24 57
86 25 45
86 26 38
86 27 58
86 28 38
86 29 37
86 30 54
86 31 58
86 32 36
86 33 55
86 34 54
86 35 38
86 36 57
86 37 42
86 38 58
86 39 38
86 40 55
86 41 47
86 42 57
86 43 45
86 44 53
86 45 36
86 46 50
86 47 59
86 48 60
86 49 54
86 50 44
86 51 43
86 52 46
86 53 44
86 54 51
86 55 60
86 56 54
86 57 58
86 58 42
86 59 54
86 60 54
86 61 48
86 62 57
86 63 48
86 64 46
86 65 57
86 66 37
86 67 58
86 68 48
86 69 46
86 70 35
86 71 54
86 72 46
86 73 55
86 74 43
86 75 35
86 76 54
86 77 52
86 78 45
86 79 42
86 80 45
86 81 53
86 82 40
86 83 35
86 84 60
86 85 51
86 86 0
86 87 40
86 88 44
86 89 58
86 90 51
86 91 55
86 92 44
86 93 42
86 94 48
86 95 37
86 96 49
86 97 53
86 98 51
86 99 59
86 100 47
86 101 45
86 102 41
86 103 35
86 104 50
86 105 37
86 106 56
86 107 51
86 108 58
86 109 48
86 110 57
86 111 60
86 112 56
86 113 40
86 114 53
86 115 56
86 116 59
86 117 35
86 118 45
86 119 40
86 120 40
86 121 58
86 122 59
86 123 40
86 124 52
86 125 54
86 126 52
87 1 36
87 2 57
87 3 56
87 4 37
87 5 38
87 6 54
87 7 55
87 8 53
87 9 52
87 10 37
87 11 45
87 12 60
87 13 56
87 14 48
87 15 53
87 16 49
87 17 41
87 18 41
87 19 47
87 20 43
87 21 51
87 22 38
87 23 41
87 24 35
87 25 35
87 26 40
87 27 35
87 28 58
87 29 46
87 30 60
87 31 42
87 32 45
87 33 44
87 34 44
87 35 58
87 36 48
87 37 41
87 38 46
87 39 52
87 40 38
87 41 53
87 42 60
87 43 42
87 44 50
87 45 36
87 46 50
87 47 57
87 48 44
87 49 56
87 50 41
87 51 37
87 52 51
87 53 47
87 54 49
87 55 59
87 56 41
87 57 37
87 58 42
87 59 43
87 60 52
87 61 50
87 62 47
87 63 35
87 64 48
87 65 35
87 66 47
87 67 40
87 68 37
87 69 40
87 70 44
87 71 54
87 72 56
87 73 60
87 74 37
87 75 38
87 76 36
87 77 52
87 78 45
87 79 60
87 80 53
87 81 46
87 82 46
87 83 47
87 84 39
87 85 54
87 86 56
87 87 0
87 88 50
87 89 52
87 90 46
87 91 45
87 92 59
87 93 35
87 94 51
87 95 44
87 96 44
87 97 57
87 98 55
87 99 58
87 100 57
87 101 53
87 102 55
87 103 45
87 104 57
87 105 44
87 106 53
87 107 56
87 108 60
87 109 50
87 110 55
87 111 43
87 112 54
87 113 47
87 114 41
87 115 50
87 116 36
87 117 50
87 118 58
87 119 55
87 120 55
87 121 40
87 122 47
87 123 57
87 124 56
87 125 45
87 126 43
88 1 40
88 2 56
88 3 35
88 4 37
88 5 49
88 6 49
88 7 42
88 8 54
88 9 37
88 10 36
88 11 57
88 12 57
88 13 58
88 14 54
88 15 37
88 16 58
88 17 57
88 18 35
88 19 43
88 20 58
88 21 50
88 22 54
88 23 56
88 24 56
88 25 56
88 26 54
88 27 38
88 28 49
88 29 47
88 30 35
88 31 45
88 32 54
88 33 43
88 34 39
88 35 37
88 36 48
88 37 52
88 38 39
88 39 56
88 40 40
88 41 38
88 42 57
88 43 36
88 44 52
88 45 39
88 46 48
88 47 59
88 48 43
88 49 50
88 50 58
88 51 43
88 52 40
88 53 58
88 54 55
88 55 59
88 56 53
88 57 44
88 58 50
88 59 57
88 60 39
88 61 51
88 62 54
88 63 50
88 64 38
88 65 48
88 66 38
88 67 49
88 68 42
88 69 51
88 70 53
88 71 37
88 72 38
88 73 48
88 74 36
88 75 54
88 76 36
88 77 55
88 78 57
88 79 51
88 80 35
88 81 37
88 82 59
88 83 49
88 84 46
88 85 53
88 86 49
88 87 36
88 88 0
88 89 58
88 90 45
88 91 51
88 92 41
88 93 58
88 94 56
88 95 39
88 96 38
88 97 48
88 98 56
88 99 59
88 100 39
88 101 45
88 102 44
88 103 45
88 104 41
88 105 42
88 106 41
88 107 57
88 108 37
88 109 48
88 110 42
88 111 48
88 112 46
88 113 44
88 114 49
88 115 58
88 116 37
88 117 57
88 118 52
88 119 48
88 120 45
88 121 58
88 122 50
88 123 36
88 124 47
88 125 39
88 126 41
89 1 38
89 2 49
89 3 44
89 4 38
89 5 39
89 6 51
89 7 51
89 8 36
89 9 36
89 10 45
89 11 40
89 12 39
89 13 53
89 14 55
89 15 48
89 16 45
89 17 56
89 18 46
89 19 50
89 20 57
89 21 38
89 22 37
89 23 56
89 24 60
89 25 45
89 26 37
89 27 49
89 28 42
89 29 45
89 30 58
89 31 49
89 32 45
89 33 57
89 34 51
89 35 53
89 36 35
89 37 44
89 38 48
89 39 60
89 40 42
89 41 37
89 42 43
89 43 49
89 44 38
89 45 35
89 46 43
89 47 35
89 48 53
89 49 48
89 50 58
89 51 48
89 52 41
89 53 52
89 54 58
89 55 36
89 56 56
89 57 41
89 58 53
89 59 39
89 60 54
89 61 44
89 62 42
89 63 37
89 64 36
89 65 43
89 66 39
89 67 42
89 68 55
89 69 37
89 70 47
89 71 52
89 72 56
89 73 46
89 74 47
89 75 55
89 76 42
89 77 50
89 78 45
89 79 47
89 80 38
89 81 59
89 82 53
89 83 41
89 84 40
89 85 55
89 86 57
89 87 51
89 88 52
89 89 0
89 90 48
89 91 37
89 92 57
89 93 36
89 94 51
89 95 38
89 96 46
89 97 58
89 98 35
89 99 55
89 100 48
89 101 44
89 102 57
89 103 52
89 104 51
89 105 52
89 106 56
89 107 36
89 108 46
89 109 58
89 110 46
89 111 51
89 112 54
89 113 49
89 114 43
89 115 47
89 116 36
89 117 44
89 118 45
89 119 48
89 120 35
89 121 45
89 122 53
89 123 54
89 124 55
89 125 43
89 126 45
90 1 47
90 2 43
90 3 52
90 4 46
90 5 60
90 6 56
90 7 48
90 8 57
90 9 40
90 10 56
90 11 59
90 12 58
90 13 45
90 14 58
90 15 51
90 16 40
90 17 47
90 18 48
90 19 47
90 20 57
90 21 46
90 22 44
90 23 39
90 24 41
90 25 38
90 26 38
90 27 44
90 28 49
90 29 36
90 30 44
90 31 48
90 32 38
90 33 41
90 34 44
90 35 37
90 36 46
90 37 49
90 38 50
90 39 58
90 40 42
90 41 36
90 42 41
90 43 54
90 44 38
90 45 39
90 46 53
90 47 45
90 48 57
90 49 35
90 50 43
90 51 47
90 52 37
90 53 43
90 54 57
90 55 49
90 56 53
90 57 46
90 58 52
90 59 47
90 60 54
90 61 46
90 62 54
90 63 42
90 64 60
90 65 55
90 66 41
90 67 44
90 68 57
90 69 46
90 70 40
90 71 56
90 72 38
90 73 52
90 74 60
90 75 56
90 76 39
90 77 36
90 78 54
90 79 58
90 80 47
90 81 53
90 82 59
90 83 44
90 84 36
90 85 40
90 86 37
90 87 35
90 88 51
90 89 36
90 90 0
90 91 57
90 92 42
90 93 40
90 94 38
90 95 56
90 96 40
90 97 42
90 98 42
90 99 45
90 100 53
90 101 59
90 102 52
90 103 51
90 104 37
90 105 39
90 106 41
90 107 51
90 108 39
90 109 52
90 110 42
90 111 48
90 112 59
90 113 51
90 114 42
90 115 46
90 116 42
90 117 42
90 118 59
90 119 51
90 120 47
90 121 40
90 122 45
90 123 53
90 124 55
90 125 57
90 126 49
91 1 55
91 2 48
91 3 53
91 4 39
91 5 35
91 6 55
91 7 58
91 8 37
91 9 36
91 10 49
91 11 45
91 12 43
91 13 40
91 14 54
91 15 57
91 16 39
91 17 60
91 18 53
91 19 56
91 20 47
91 21 49
91 22 49
91 23 57
91 24 35
91 25 35
91 26 60
91 27 51
91 28 48
91 29 44
91 30 42
91 31 42
91 32 45
91 33 37
91 34 35
91 35 39
91 36 39
91 37 38
91 38 39
91 39 37
91 40 39
91 41 37
91 42 42
91 43 52
91 44 49
91 45 50
91 46 46
91 47 56
91 48 36
91 49 52
91 50 58
91 51 58
91 52 54
91 53 39
91 54 38
91 55 49
91 56 40
91 57 54
91 58 44
91 59 54
91 60 36
91 61 44
91 62 47
91 63 43
91 64 41
91 65 37
91 66 59
91 67 49
91 68 49
91 69 42
91 70 60
91 71 45
91 72 39
91 73 38
91 74 53
91 75 44
91 76 41
91 77 58
91 78 52
91 79 42
91 80 58
91 81 37
91 82 39
91 83 41
91 84 35
91 85 47
91 86 43
91 87 56
91 88 37
91 89 41
91 90 36
91 91 0
91 92 54
91 93 42
91 94 40
91 95 38
91 96 38
91 97 49
91 98 50
91 99 54
91 100 38
91 101 43
91 102 56
91 103 48
91 104 35
91 105 50
91 106 59
91 107 54
91 108 39
91 109 50
91 110 44
91 111 37
91 112 54
91 113 58
91 114 50
91 115 45
91 116 58
91 117 40
91 118 42
91 119 52
91 120 47
91 121 39
91 122 56
91 123 37
91 124 43
91 125 51
91 126 56
92 1 47
92 2 53
92 3 59
92 4 47
92 5 59
92 6 43
92 7 55
92 8 37
92 9 45
92 10 52
92 11 42
92 12 47
92 13 52
92 14 50
92 15 59
92 16 42
92 17 57
92 18 36
92 19 41
92 20 39
92 21 44
92 22 43
92 23 46
92 24 35
92 25 47
92 26 41
92 27 46
92 28 52
92 29 52
92 30 41
92 31 44
92 32 47
92 33 57
92 34 51
92 35 56
92 36 53
92 37 50
92 38 50
92 39 58
92 40 44
92 41 50
92 42 40
92 43 51
92 44 48
92 45 37
92 46 38
92 47 57
92 48 37
92 49 57
92 50 60
92 51 48
92 52 51
92 53 50
92 54 54
92 55 55
92 56 53
92 57 55
92 58 47
92 59 43
92 60 36
92 61 40
92 62 42
92 63 36
92 64 55
92 65 50
92 66 40
92 67 54
92 68 58
92 69 36
92 70 56
92 71 47
92 72 54
92 73 55
92 74 51
92 75 44
92 76 58
92 77 36
92 78 37
92 79 60
92 80 53
92 81 37
92 82 57
92 83 43
92 84 55
92 85 47
92 86 38
92 87 45
92 88 60
92 89 37
92 90 36
92 91 42
92 92 0
92 93 42
92 94 39
92 95 44
92 96 40
92 97 45
92 98 57
92 99 41
92 100 48
92 101 53
92 102 45
92 103 55
92 104 53
92 105 53
92 106 52
92 107 40
92 108 59
92 109 60
92 110 43
92 111 50
92 112 58
92 113 44
92 114 43
92 115 45
92 116 52
92 117 39
92 118 47
92 119 57
92 120 36
92 121 41
92 122 60
92 123 52
92 124 42
92 125 35
92 126 46
93 1 52
93 2 54
93 3 36
93 4 35
93 5 40
93 6 39
93 7 52
93 8 57
93 9 42
93 10 57
93 11 57
93 12 46
93 13 60
93 14 59
93 15 47
93 16 41
93 17 51
93 18 39
93 19 46
93 20 38
93 21 35
93 22 57
93 23 49
93 24 40
93 25 58
93 26 58
93 27 40
93 28 39
93 29 35
93 30 46
93 31 42
93 32 57
93 33 52
93 34 58
93 35 52
93 36 58
93 37 36
93 38 60
93 39 44
93 40 35
93 41 42
93 42 57
93 43 37
93 44 58
93 45 36
93 46 50
93 47 58
93 48 38
93 49 48
93 50 43
93 51 53
93 52 54
93 53 40
93 54 46
93 55 58
93 56 41
93 57 48
93 58 35
93 59 36
93 60 59
93 61 49
93 62 46
93 63 46
93 64 46
93 65 44
93 66 50
93 67 41
93 68 54
93 69 36
93 70 40
93 71 37
93 72 40
93 73 48
93 74 51
93 75 58
93 76 56
93 77 41
93 78 55
93 79 60
93 80 40
93 81 37
93 82 55
93 83 60
93 84 39
93 85 54
93 86 55
93 87 55
93 88 50
93 89 60
93 90 57
93 91 52
93 92 60
93 93 0
93 94 37
93 95 43
93 96 45
93 97 44
93 98 38
93 99 51
93 100 52
93 101 44
93 102 60
93 103 43
93 104 45
93 105 49
93 106 39
93 107 53
93 108 45
93 109 56
93 110 51
93 111 36
93 112 53
93 113 39
93 114 41
93 115 55
93 116 58
93 117 60
93 118 35
93 119 51
93 120 54
93 121 35
93 122 58
93 123 40
93 124 55
93 125 40
93 126 53
94 1 43
94 2 42
94 3 50
94 4 57
94 5 40
94 6 52
94 7 56
94 8 55
94 9 53
94 10 42
94 11 39
94 12 47
94 13 42
94 14 37
94 15 53
94 16 44
94 17 40
94 18 60
94 19 53
94 20 57
94 21 37
94 22 35
94 23 36
94 24 44
94 25 53
94 26 60
94 27 36
94 28 46
94 29 38
94 30 46
94 31 59
94 32 35
94 33 37
94 34 52
94 35 38
94 36 35
94 37 44
94 38 40
94 39 39
94 40 58
94 41 38
94 42 40
94 43 45
94 44 58
94 45 38
94 46 38
94 47 47
94 48 44
94 49 40
94 50 40
94 51 56
94 52 45
94 53 38
94 54 57
94 55 44
94 56 60
94 57 35
94 58 43
94 59 37
94 60 53
94 61 43
94 62 48
94 63 52
94 64 51
94 65 43
94 66 42
94 67 52
94 68 43
94 69 46
94 70 59
94 71 52
94 72 38
94 73 48
94 74 52
94 75 53
94 76 59
94 77 59
94 78 48
94 79 59
94 80 41
94 81 39
94 82 49
94 83 47
94 84 44
94 85 38
94 86 41
94 87 44
94 88 60
94 89 60
94 90 55
94 91 40
94 92 53
94 93 41
94 94 0
94 95 56
94 96 54
94 97 45
94 98 59
94 99 52
94 100 43
94 101 60
94 102 52
94 103 59
94 104 60
94 105 36
94 106 52
94 107 40
94 108 44
94 109 36
94 110 53
94 111 43
94 112 53
94 113 51
94 114 48
94 115 38
94 116 56
94 117 60
94 118 53
94 119 56
94 120 41
94 121 39
94 122 53
94 123 52
94 124 36
94 125 48
94 126 53
95 1 48
95 2 56
95 3 52
95 4 44
95 5 45
95 6 54
95 7 57
95 8 60
95 9 48
95 10 47
95 11 50
95 12 46
95 13 41
95 14 44
95 15 46
95 16 36
95 17 59
95 18 58
95 19 49
95 20 58
95 21 50
95 22 48
95 23 36
95 24 35
95 25 50
95 26 51
95 27 40
95 28 52
95 29 49
95 30 46
95 31 36
95 32 43
95 33 59
95 34 49
95 35 38
95 36 39
95 37 60
95 38 52
95 39 51
95 40 38
95 41 57
95 42 37
95 43 58
95 44 57
95 45 45
95 46 47
95 47 59
95 48 50
95 49 39
95 50 50
95 51 45
95 52 40
95 53 52
95 54 42
95 55 49
95 56 39
95 57 57
95 58 56
95 59 37
95 60 37
95 61 39
95 62 59
95 63 43
95 64 50
95 65 38
95 66 39
95 67 41
95 68 47
95 69 47
95 70 56
95 71 41
95 72 48
95 73 50
95 74 41
95 75 57
95 76 51
95 77 43
95 78 45
95 79 56
95 80 40
95 81 54
95 82 46
95 83 57
95 84 41
95 85 44
95 86 36
95 87 37
95 88 53
95 89 56
95 90 42
95 91 52
95 92 42
95 93 45
95 94 44
95 95 0
95 96 53
95 97 35
95 98 54
95 99 45
95 100 60
95 101 51
95 102 48
95 103 46
95 104 47
95 105 38
95 106 50
95 107 53
95 108 42
95 109 36
95 110 37
95 111 48
95 112 48
95 113 47
95 114 36
95 115 38
95 116 54
95 117 45
95 118 44
95 119 52
95 120 38
95 121 45
95 122 55
95 123 54
95 124 48
95 125 50
95 126 58
96 1 47
96 2 40
96 3 47
96 4 60
96 5 42
96 6 44
96 7 43
96 8 52
96 9 55
96 10 55
96 11 54
96 12 45
96 13 59
96 14 42
96 15 48
96 16 49
96 17 57
96 18 59
96 19 51
96 20 50
96 21 50
96 22 37
96 23 59
96 24 58
96 25 40
96 26 52
96 27 48
96 28 59
96 29 51
96 30 58
96 31 50
96 32 48
96 33 50
96 34 47
96 35 59
96 36 50
96 37 42
96 38 41
96 39 42
96 40 50
96 41 44
96 42 56
96 43 38
96 44 60
96 45 42
96 46 45
96 47 48
96 48 52
96 49 49
96 50 36
96 51 41
96 52 37
96 53 60
96 54 56
96 55 43
96 56 49
96 57 49
96 58 55
96 59 42
96 60 50
96 61 53
96 62 40
96 63 41
96 64 47
96 65 50
96 66 54
96 67 36
96 68 43
96 69 37
96 70 41
96 71 44
96 72 44
96 73 39
96 74 40
96 75 57
96 76 60
96 77 44
96 78 52
96 79 50
96 80 41
96 81 40
96 82 42
96 83 48
96 84 35
96 85 55
96 86 36
96 87 43
96 88 51
96 89 37
96 90 36
96 91 37
96 92 49
96 93 52
96 94 60
96 95 45
96 96 0
96 97 58
96 98 44
96 99 36
96 100 42
96 101 56
96 102 50
96 103 56
96 104 43
96 105 37
96 106 57
96 107 40
96 108 37
96 109 57
96 110 42
96 111 47
96 112 59
96 113 45
96 114 43
96 115 48
96 116 50
96 117 58
96 118 59
96 119 55
96 120 51
96 121 50
96 122 49
96 123 60
96 124 38
96 125 43
96 126 51
97 1 39
97 2 44
97 3 36
97 4 41
97 5 51
97 6 50
97 7 60
97 8 52
97 9 53
97 10 48
97 11 47
97 12 59
97 13 56
97 14 56
97 15 35
97 16 38
97 17 58
97 18 50
97 19 42
97 20 56
97 21 45
97 22 58
97 23 60
97 24 48
97 25 48
97 26 54
97 27 42
97 28 52
97 29 59
97 30 60
97 31 59
97 32 45
97 33 57
97 34 57
97 35 53
97 36 58
97 37 35
97 38 58
97 39 56
97 40 44
97 41 53
97 42 38
97 43 38
97 44 57
97 45 52
97 46 59
97 47 36
97 48 46
97 49 58
97 50 36
97 51 58
97 52 54
97 53 52
97 54 36
97 55 38
97 56 47
97 57 54
97 58 35
97 59 36
97 60 49
97 61 54
97 62 54
97 63 42
97 64 37
97 65 42
97 66 36
97 67 39
97 68 35
97 69 55
97 70 40
97 71 37
97 72 51
97 73 36
97 74 48
97 75 44
97 76 48
97 77 52
97 78 54
97 79 51
97 80 57
97 81 42
97 82 53
97 83 36
97 84 59
97 85 57
97 86 50
97 87 39
97 88 50
97 89 47
97 90 55
97 91 53
97 92 45
97 93 39
97 94 42
97 95 58
97 96 37
97 97 0
97 98 36
97 99 48
97 100 39
97 101 44
97 102 47
97 103 48
97 104 52
97 105 37
97 106 50
97 107 54
97 108 50
97 109 48
97 110 47
97 111 46
97 112 42
97 113 55
97 114 36
97 115 48
97 116 39
97 117 59
97 118 42
97 119 60
97 120 35
97 121 46
97 122 50
97 123 56
97 124 60
97 125 51
97 126 59
98 1 42
98 2 60
98 3 35
98 4 49
98 5 52
98 6 51
98 7 44
98 8 56
98 9 38
98 10 51
98 11 60
98 12 39
98 13 60
98 14 43
98 15 39
98 16 48
98 17 50
98 18 39
98 19 57
98 20 48
98 21 54
98 22 42
98 23 58
98 24 46
98 25 55
98 26 36
98 27 35
98 28 36
98 29 49
98 30 48
98 31 56
98 32 45
98 33 56
98 34 38
98 35 35
98 36 36
98 37 60
98 38 55
98 39 48
98 40 46
98 41 58
98 42 54
98 43 55
98 44 50
98 45 43
98 46 41
98 47 58
98 48 52
98 49 56
98 50 53
98 51 43
98 52 57
98 53 48
98 54 58
98 55 51
98 56 47
98 57 40
98 58 50
98 59 49
98 60 35
98 61 46
98 62 39
98 63 45
98 64 39
98 65 55
98 66 37
98 67 49
98 68 48
98 69 50
98 70 47
98 71 50
98 72 52
98 73 55
98 74 48
98 75 48
98 76 39
98 77 51
98 78 39
98 79 52
98 80 57
98 81 42
98 82 45
98 83 48
98 84 56
98 85 47
98 86 50
98 87 40
98 88 60
98 89 49
98 90 57
98 91 36
98 92 57
98 93 48
98 94 35
98 95 35
98 96 60
98 97 56
98 98 0
98 99 44
98 100 36
98 101 37
98 102 35
98 103 50
98 104 35
98 105 50
98 106 58
98 107 57
98 108 53
98 109 52
98 110 35
98 111 37
98 112 59
98 113 42
98 114 36
98 115 46
98 116 60
98 117 42
98 118 56
98 119 39
98 120 38
98 121 48
98 122 51
98 123 49
98 124 59
98 125 56
98 126 41
99 1 51
99 2 46
99 3 35
99 4 60
99 5 41
99 6 41
99 7 53
99 8 52
99 9 36
99 10 43
99 11 46
99 12 55
99 13 59
99 14 53
99 15 45
99 16 40
99 17 55
99 18 42
99 19 49
99 20 53
99 21 47
99 22 39
99 23 44
99 24 41
99 25 60
99 26 36
99 27 58
99 28 39
99 29 57
99 30 47
99 31 37
99 32 36
99 33 35
99 34 35
99 35 54
99 36 43
99 37 58
99 38 47
99 39 60
99 40 45
99 41 56
99 42 46
99 43 42
99 44 53
99 45 44
99 46 52
99 47 60
99 48 51
99 49 57
99 50 59
99 51 60
99 52 51
99 53 56
99 54 43
99 55 50
99 56 46
99 57 55
99 58 42
99 59 58
99 60 53
99 61 54
99 62 36
99 63 47
99 64 45
99 65 46
99 66 58
99 67 43
99 68 50
99 69 38
99 70 59
99 71 47
99 72 44
99 73 53
99 74 36
99 75 52
99 76 54
99 77 40
99 78 60
99 79 49
99 80 36
99 81 47
99 82 55
99 83 44
99 84 51
99 85 42
99 86 56
99 87 56
99 88 40
99 89 47
99 90 53
99 91 44
99 92 45
99 93 56
99 94 37
99 95 53
99 96 44
99 97 46
99 98 51
99 99 0
99 100 40
99 101 56
99 102 37
99 103 41
99 104 55
99 105 57
99 106 40
99 107 52
99 108 44
99 109 53
99 110 50
99 111 38
99 112 57
99 113 45
99 114 38
99 115 37
99 116 52
99 117 57
99 118 52
99 119 36
99 120 54
99 121 37
99 122 53
99 123 59
99 124 43
99 125 46
99 126 57
100 1 56
100 2 46
100 3 49
100 4 38
100 5 40
100 6 50
100 7 55
100 8 48
100 9 55
100 10 51
100 11 52
100 12 40
100 13 58
100 14 46
100 15 45
100 16 44
100 17 55
100 18 38
100 19 47
100 20 43
100 21 39
100 22 51
100 23 41
100 24 43
100 25 40
100 26 37
100 27 36
100 28 46
100 29 44
100 30 50
100 31 36
100 32 53
100 33 57
100 34 59
100 35 54
100 36 37
100 37 43
100 38 35
100 39 37
100 40 40
100 41 51
100 42 37
100 43 48
100 44 43
100 45 60
100 46 43
100 47 58
100 48 45
100 49 41
100 50 53
100 51 42
100 52 57
100 53 39
100 54 36
100 55 43
100 56 39
100 57 43
100 58 44
100 59 36
100 60 55
100 61 57
100 62 58
100 63 42
100 64 48
100 65 37
100 66 37
100 67 60
100 68 46
100 69 59
100 70 50
100 71 44
100 72 37
100 73 51
100 74 59
100 75 44
100 76 58
100 77 42
100 78 37
100 79 45
100 80 35
100 81 41
100 82 52
100 83 51
100 84 53
100 85 43
100 86 36
100 87 43
100 88 52
100 89 51
100 90 37
100 91 40
100 92 55
100 93 39
100 94 60
100 95 47
100 96 53
100 97 35
100 98 53
100 99 44
100 100 0
100 101 36
100 102 52
100 103 40
100 104 48
100 105 48
100 106 58
100 107 44
100 108 48
100 109 50
100 110 35
100 111 59
100 112 37
100 113 37
100 114 42
100 115 51
100 116 39
100 117 57
100 118 53
100 119 44
100 120 40
100 121 35
100 122 36
100 123 58
100 124 52
100 125 40
100 126 49
101 1 40
101 2 37
101 3 39
101 4 50
101 5 59
101 6 41
101 7 46
101 8 49
101 9 41
101 10 39
101 11 43
101 12 60
101 13 47
101 14 41
101 15 35
101 16 59
101 17 50
101 18 56
101 19 37
101 20 50
101 21 44
101 22 51
101 23 59
101 24 51
101 25 35
101 26 39
101 27 44
101 28 55
101 29 56
101 30 42
101 31 48
101 32 60
101 33 43
101 34 41
101 35 51
101 36 58
101 37 44
101 38 59
101 39 56
101 40 45
101 41 54
101 42 51
101 43 51
101 44 41
101 45 38
101 46 37
101 47 49
101 48 40
101 49 56
101 50 55
101 51 42
101 52 38
101 53 42
101 54 49
101 55 36
101 56 43
101 57 36
101 58 43
101 59 46
101 60 47
101 61 42
101 62 54
101 63 43
101 64 40
101 65 43
101 66 57
101 67 41
101 68 41
101 69 50
101 70 56
101 71 42
101 72 53
101 73 37
101 74 44
101 75 58
101 76 56
101 77 48
101 78 50
101 79 49
101 80 44
101 81 59
101 82 49
101 83 60
101 84 44
101 85 46
101 86 41
101 87 45
101 88 54
101 89 47
101 90 55
101 91 48
101 92 36
101 93 48
101 94 55
101 95 43
101 96 55
101 97 38
101 98 37
101 99 35
101 100 60
101 101 0
101 102 38
101 103 60
101 104 46
101 105 42
101 106 60
101 107 57
101 108 52
101 109 57
101 110 47
101 111 36
101 112 59
101 113 38
101 114 50
101 115 50
101 116 45
101 117 38
101 118 56
101 119 43
101 120 59
101 121 39
101 122 36
101 123 39
101 124 43
101 125 41
101 126 47
102 1 46
102 2 49
102 3 38
102 4 42
102 5 48
102 6 60
102 7 47
102 8 38
102 9 57
102 10 56
102 11 54
102 12 45
102 13 51
102 14 38
102 15 49
102 16 56
102 17 49
102 18 38
102 19 46
102 20 53
102 21 57
102 22 55
102 23 55
102 24 50
102 25 47
102 26 39
102 27 43
102 28 37
102 29 38
102 30 56
102 31 36
102 32 48
102 33 36
102 34 44
102 35 36
102 36 36
102 37 53
102 38 60
102 39 38
102 40 53
102 41 43
102 42 58
102 43 40
102 44 47
102 45 36
102 46 56
102 47 58
102 48 44
102 49 55
102 50 42
102 51 46
102 52 37
102 53 57
102 54 60
102 55 57
102 56 46
102 57 45
102 58 50
102 59 50
102 60 60
102 61 39
102 62 59
102 63 57
102 64 44
102 65 58
102 66 49
102 67 51
102 68 50
102 69 38
102 70 50
102 71 52
102 72 47
102 73 38
102 74 35
102 75 47
102 76 58
102 77 54
102 78 39
102 79 42
102 80 43
102 81 44
102 82 50
102 83 55
102 84 40
102 85 37
102 86 48
102 87 46
102 88 39
102 89 48
102 90 57
102 91 37
102 92 59
102 93 57
102 94 35
102 95 47
102 96 47
102 97 57
102 98 57
102 99 60
102 100 48
102 101 36
102 102 0
102 103 57
102 104 55
102 105 45
102 106 54
102 107 38
102 108 46
102 109 53
102 110 56
102 111 38
102 112 51
102 113 48
102 114 37
102 115 49
102 116 40
102 117 46
102 118 39
102 119 38
102 120 51
102 121 52
102 122 37
102 123 42
102 124 59
102 125 44
102 126 37
103 1 50
103 2 39
103 3 35
103 4 53
103 5 47
103 6 41
103 7 58
103 8 56
103 9 43
103 10 44
103 11 48
103 12 41
103 13 53
103 14 42
103 15 56
103 16 38
103 17 43
103 18 47
103 19 36
103 20 46
103 21 51
103 22 53
103 23 59
103 24 52
103 25 38
103 26 53
103 27 48
103 28 57
103 29 39
103 30 47
103 31 44
103 32 41
103 33 44
103 34 43
103 35 44
103 36 51
103 37 60
103 38 48
103 39 42
103 40 50
103 41 39
103 42 46
103 43 45
103 44 55
103 45 56
103 46 51
103 47 58
103 48 55
103 49 59
103 50 47
103 51 56
103 52 59
103 53 48
103 54 35
103 55 57
103 56 52
103 57 48
103 58 46
103 59 40
103 60 50
103 61 36
103 62 59
103 63 59
103 64 53
103 65 37
103 66 50
103 67 51
103 68 46
103 69 46
103 70 37
103 71 48
103 72 46
103 73 58
103 74 47
103 75 49
103 76 42
103 77 56
103 78 57
103 79 56
103 80 45
103 81 41
103 82 46
103 83 41
103 84 51
103 85 58
103 86 57
103 87 60
103 88 47
103 89 56
103 90 57
103 91 53
103 92 42
103 93 41
103 94 45
103 95 59
103 96 54
103 97 43
103 98 47
103 99 53
103 100 39
103 101 42
103 102 46
103 103 0
103 104 40
103 105 41
103 106 45
103 107 57
103 108 37
103 109 40
103 110 35
103 111 46
103 112 56
103 113 48
103 114 45
103 115 48
103 116 55
103 117 55
103 118 37
103 119 60
103 120 59
103 121 57
103 122 56
103 123 37
103 124 53
103 125 59
103 126 52
104 1 59
104 2 55
104 3 42
104 4 52
104 5 60
104 6 40
104 7 39
104 8 45
104 9 38
104 10 46
104 11 53
104 12 46
104 13 57
104 14 37
104 15 42
104 16 56
104 17 48
104 18 59
104 19 46
104 20 36
104 21 49
104 22 48
104 23 52
104 24 59
104 25 38
104 26 58
104 27 45
104 28 50
104 29 44
104 30 60
104 31 46
104 32 48
104 33 52
104 34 39
104 35 57
104 36 40
104 37 36
104 38 42
104 39 55
104 40 54
104 41 46
104 42 46
104 43 56
104 44 49
104 45 36
104 46 50
104 47 55
104 48 54
104 49 42
104 50 52
104 51 55
104 52 56
104 53 43
104 54 49
104 55 46
104 56 59
104 57 48
104 58 41
104 59 56
104 60 55
104 61 46
104 62 39
104 63 43
104 64 38
104 65 60
104 66 35
104 67 49
104 68 39
104 69 53
104 70 58
104 71 60
104 72 36
104 73 50
104 74 57
104 75 58
104 76 54
104 77 36
104 78 59
104 79 53
104 80 46
104 81 41
104 82 49
104 83 52
104 84 40
104 85 38
104 86 60
104 87 44
104 88 60
104 89 35
104 90 57
104 91 42
104 92 57
104 93 57
104 94 50
104 95 42
104 96 45
104 97 57
104 98 52
104 99 50
104 100 58
104 101 47
104 102 50
104 103 58
104 104 0
104 105 55
104 106 48
104 107 46
104 108 56
104 109 42
104 110 44
104 111 60
104 112 60
104 113 59
104 114 45
104 115 40
104 116 54
104 117 38
104 118 53
104 119 41
104 120 35
104 121 55
104 122 36
104 123 35
104 124 55
104 125 54
104 126 50
105 1 55
105 2 55
105 3 40
105 4 42
105 5 38
105 6 39
105 7 35
105 8 41
105 9 52
105 10 35
105 11 52
105 12 46
105 13 58
105 14 36
105 15 45
105 16 40
105 17 57
105 18 50
105 19 39
105 20 41
105 21 39
105 22 50
105 23 52
105 24 35
105 25 36
105 26 43
105 27 59
105 28 47
105 29 49
105 30 56
105 31 57
105 32 36
105 33 38
105 34 55
105 35 45
105 36 59
105 37 51
105 38 54
105 39 60
105 40 38
105 41 36
105 42 41
105 43 50
105 44 56
105 45 48
105 46 45
105 47 35
105 48 37
105 49 51
105 50 37
105 51 48
105 52 50
105 53 57
105 54 36
105 55 58
105 56 47
105 57 55
105 58 43
105 59 42
105 60 47
105 61 49
105 62 53
105 63 36
105 64 51
105 65 54
105 66 44
105 67 46
105 68 45
105 69 46
105 70 37
105 71 52
105 72 43
105 73 35
105 74 43
105 75 44
105 76 39
105 77 59
105 78 53
105 79 45
105 80 51
105 81 49
105 82 54
105 83 47
105 84 44
105 85 58
105 86 47
105 87 53
105 88 52
105 89 52
105 90 38
105 91 54
105 92 47
105 93 52
105 94 44
105 95 36
105 96 42
105 97 40
105 98 40
105 99 47
105 100 40
105 101 43
105 102 58
105 103 45
105 104 54
105 105 0
105 106 49
105 107 51
105 108 60
105 109 59
105 110 46
105 111 52
105 112 39
105 113 44
105 114 57
105 115 59
105 116 52
105 117 42
105 118 41
105 119 50
105 120 49
105 121 52
105 122 56
105 123 50
105 124 57
105 125 43
105 126 55
106 1 36
106 2 37
106 3 54
106 4 49
106 5 48
106 6 52
106 7 48
106 8 36
106 9 51
106 10 50
106 11 52
106 12 35
106 13 55
106 14 60
106 15 59
106 16 58
106 17 45
106 18 46
106 19 48
106 20 41
106 21 36
106 22 41
106 23 40
106 24 45
106 25 47
106 26 47
106 27 44
106 28 39
106 29 43
106 30 36
106 31 40
106 32 37
106 33 60
106 34 43
106 35 56
106 36 40
106 37 48
106 38 57
106 39 55
106 40 53
106 41 40
106 42 58
106 43 45
106 44 37
106 45 43
106 46 36
106 47 52
106 48 45
106 49 44
106 50 39
106 51 46
106 52 51
106 53 51
106 54 49
106 55 60
106 56 45
106 57 38
106 58 40
106 59 58
106 60 50
106 61 38
106 62 59
106 63 49
106 64 52
106 65 48
106 66 39
106 67 45
106 68 60
106 69 42
106 70 52
106 71 53
106 72 55
106 73 55
106 74 38
106 75 41
106 76 54
106 77 39
106 78 49
106 79 58
106 80 50
106 81 43
106 82 51
106 83 38
106 84 37
106 85 37
106 86 57
106 87 38
106 88 54
106 89 41
106 90 60
106 91 38
106 92 44
106 93 53
106 94 57
106 95 48
106 96 36
106 97 41
106 98 46
106 99 39
106 100 50
106 101 59
106 102 60
106 103 53
106 104 59
106 105 60
106 106 0
106 107 39
106 108 40
106 109 36
106 110 36
106 111 37
106 112 50
106 113 49
106 114 40
106 115 56
106 116 43
106 117 41
106 118 38
106 119 40
106 120 44
106 121 37
106 122 40
106 123 42
106 124 42
106 125 53
106 126 45
107 1 46
107 2 44
107 3 37
107 4 46
107 5 48
107 6 37
107 7 40
107 8 41
107 9 56
107 10 51
107 11 49
107 12 55
107 13 35
107 14 58
107 15 36
107 16 58
107 17 41
107 18 57
107 19 50
107 20 43
107 21 51
107 22 36
107 23 52
107 24 47
107 25 38
107 26 41
107 27 38
107 28 57
107 29 52
107 30 49
107 31 60
107 32 54
107 33 39
107 34 44
107 35 42
107 36 57
107 37 43
107 38 53
107 39 58
107 40 40
107 41 49
107 42 41
107 43 36
107 44 49
107 45 49
107 46 50
107 47 52
107 48 43
107 49 37
107 50 53
107 51 44
107 52 49
107 53 50
107 54 58
107 55 48
107 56 52
107 57 59
107 58 43
107 59 44
107 60 51
107 61 57
107 62 52
107 63 50
107 64 36
107 65 52
107 66 56
107 67 58
107 68 47
107 69 42
107 70 37
107 71 50
107 72 46
107 73 52
107 74 50
107 75 47
107 76 47
107 77 52
107 78 45
107 79 48
107 80 52
107 81 59
107 82 40
107 83 47
107 84 41
107 85 58
107 86 59
107 87 35
107 88 56
107 89 58
107 90 42
107 91 47
107 92 50
107 93 56
107 94 52
107 95 49
107 96 38
107 97 45
107 98 42
107 99 45
107 100 42
107 101 55
107 102 54
107 103 39
107 104 52
107 105 60
107 106 35
107 107 0
107 108 40
107 109 44
107 110 39
107 111 40
107 112 44
107 113 36
107 114 59
107 115 56
107 116 41
107 117 44
107 118 43
107 119 43
107 120 46
107 121 40
107 122 50
107 123 53
107 124 40
107 125 37
107 126 54
108 1 58
108 2 48
108 3 54
108 4 37
108 5 52
108 6 56
108 7 50
108 8 49
108 9 42
108 10 37
108 11 49
108 12 48
108 13 42
108 14 57
108 15 38
108 16 57
108 17 42
108 18 57
108 19 43
108 20 60
108 21 42
108 22 45
108 23 50
108 24 40
108 25 55
108 26 56
108 27 52
108 28 52
108 29 42
108 30 40
108 31 48
108 32 47
108 33 59
108 34 55
108 35 58
108 36 54
108 37 46
108 38 52
108 39 52
108 40 60
108 41 58
108 42 55
108 43 59
108 44 46
108 45 58
108 46 40
108 47 50
108 48 40
108 49 52
108 50 56
108 51 38
108 52 35
108 53 55
108 54 40
108 55 55
108 56 58
108 57 52
108 58 43
108 59 38
108 60 45
108 61 42
108 62 36
108 63 37
108 64 38
108 65 39
108 66 39
108 67 52
108 68 53
108 69 44
108 70 56
108 71 42
108 72 55
108 73 43
108 74 59
108 75 55
108 76 39
108 77 40
108 78 39
108 79 53
108 80 46
108 81 56
108 82 42
108 83 55
108 84 52
108 85 54
108 86 51
108 87 46
108 88 53
108 89 36
108 90 44
108 91 37
108 92 53
108 93 40
108 94 47
108 95 41
108 96 56
108 97 50
108 98 51
108 99 48
108 100 39
108 101 42
108 102 51
108 103 50
108 104 49
108 105 40
108 106 59
108 107 52
108 108 0
108 109 42
108 110 57
108 111 35
108 112 43
108 113 35
108 114 54
108 115 51
108 116 45
108 117 51
108 118 44
108 119 59
108 120 45
108 121 45
108 122 51
108 123 38
108 124 49
108 125 43
108 126 52
109 1 56
109 2 60
109 3 40
109 4 54
109 5 58
109 6 54
109 7 37
109 8 41
109 9 54
109 10 46
109 11 56
109 12 35
109 13 60
109 14 45
109 15 40
109 16 58
109 17 39
109 18 54
109 19 43
109 20 38
109 21 45
109 22 40
109 23 40
109 24 57
109 25 45
109 26 60
109 27 50
109 28 46
109 29 47
109 30 53
109 31 37
109 32 48
109 33 59
109 34 45
109 35 53
109 36 41
109 37 48
109 38 42
109 39 53
109 40 39
109 41 38
109 42 42
109 43 41
109 44 59
109 45 58
109 46 36
109 47 47
109 48 43
109 49 41
109 50 56
109 51 41
109 52 59
109 53 51
109 54 60
109 55 56
109 56 48
109 57 36
109 58 40
109 59 38
109 60 38
109 61 53
109 62 42
109 63 37
109 64 59
109 65 44
109 66 40
109 67 42
109 68 41
109 69 49
109 70 51
109 71 44
109 72 56
109 73 49
109 74 38
109 75 53
109 76 50
109 77 37
109 78 35
109 79 60
109 80 36
109 81 38
109 82 49
109 83 45
109 84 59
109 85 59
109 86 43
109 87 60
109 88 56
109 89 41
109 90 35
109 91 37
109 92 51
109 93 37
109 94 41
109 95 45
109 96 47
109 97 50
109 98 36
109 99 44
109 100 54
109 101 58
109 102 53
109 103 57
109 104 59
109 105 52
109 106 36
109 107 55
109 108 58
109 109 0
109 110 58
109 111 39
109 112 47
109 113 37
109 114 36
109 115 55
109 116 50
109 117 54
109 118 42
109 119 58
109 120 58
109 121 36
109 122 50
109 123 49
109 124 40
109 125 35
109 126 50
110 1 43
110 2 49
110 3 49
110 4 40
110 5 51
110 6 46
110 7 47
110 8 60
110 9 46
110 10 38
110 11 56
110 12 39
110 13 44
110 14 48
110 15 53
110 16 50
110 17 45
110 18 44
110 19 46
110 20 52
110 21 57
110 22 54
110 23 52
110 24 42
110 25 55
110 26 56
110 27 53
110 28 60
110 29 54
110 30 56
110 31 46
110 32 57
110 33 54
110 34 43
110 35 48
110 36 46
110 37 38
110 38 53
110 39 44
110 40 43
110 41 42
110 42 35
110 43 44
110 44 41
110 45 37
110 46 57
110 47 51
110 48 38
110 49 35
110 50 46
110 51 55
110 52 48
110 53 58
110 54 39
110 55 44
110 56 58
110 57 58
110 58 60
110 59 37
110 60 57
110 61 43
110 62 37
110 63 40
110 64 40
110 65 51
110 66 41
110 67 38
110 68 44
110 69 51
110 70 57
110 71 41
110 72 52
110 73 46
110 74 54
110 75 35
110 76 60
110 77 43
110 78 52
110 79 52
110 80 42
110 81 45
110 82 53
110 83 42
110 84 38
110 85 51
110 86 60
110 87 36
110 88 56
110 89 48
110 90 50
110 91 50
110 92 60
110 93 56
110 94 54
110 95 38
110 96 46
110 97 54
110 98 60
110 99 35
110 100 35
110 101 59
110 102 40
110 103 58
110 104 46
110 105 36
110 106 43
110 107 42
110 108 58
110 109 38
110 110 0
110 111 54
110 112 35
110 113 35
110 114 35
110 115 41
110 116 56
110 117 39
110 118 40
110 119 48
110 120 49
110 121 48
110 122 43
110 123 46
110 124 42
110 125 42
110 126 46
111 1 45
111 2 47
111 3 60
111 4 37
111 5 45
111 6 47
111 7 36
111 8 40
111 9 54
111 10 52
111 11 38
111 12 51
111 13 49
111 14 42
111 15 52
111 16 56
111 17 36
111 18 53
111 19 53
111 20 43
111 21 46
111 22 52
111 23 57
111 24 56
111 25 53
111 26 60
111 27 55
111 28 47
111 29 45
111 30 49
111 31 59
111 32 42
111 33 36
111 34 53
111 35 53
111 36 53
111 37 51
111 38 36
111 39 53
111 40 49
111 41 38
111 42 41
111 43 51
111 44 58
111 45 42
111 46 50
111 47 36
111 48 38
111 49 56
111 50 47
111 51 39
111 52 40
111 53 42
111 54 51
111 55 47
111 56 44
111 57 37
111 58 40
111 59 58
111 60 37
111 61 51
111 62 48
111 63 35
111 64 37
111 65 36
111 66 50
111 67 38
111 68 38
111 69 42
111 70 43
111 71 56
111 72 45
111 73 44
111 74 52
111 75 53
111 76 59
111 77 54
111 78 58
111 79 52
111 80 38
111 81 57
111 82 41
111 83 44
111 84 59
111 85 42
111 86 37
111 87 58
111 88 44
111 89 38
111 90 49
111 91 45
111 92 47
111 93 54
111 94 36
111 95 48
111 96 35
111 97 37
111 98 53
111 99 52
111 100 42
111 101 53
111 102 55
111 103 37
111 104 46
111 105 53
111 106 45
111 107 39
111 108 45
111 109 47
111 110 40
111 111 0
111 112 50
111 113 53
111 114 58
111 115 51
111 116 41
111 117 56
111 118 37
111 119 37
111 120 44
111 121 39
111 122 39
111 123 39
111 124 46
111 125 57
111 126 59
112 1 38
112 2 43
112 3 56
112 4 49
112 5 56
112 6 60
112 7 59
112 8 58
112 9 56
112 10 49
112 11 51
112 12 59
112 13 39
112 14 44
112 15 40
112 16 39
112 17 36
112 18 54
112 19 54
112 20 53
112 21 35
112 22 49
112 23 41
112 24 41
112 25 42
112 26 46
112 27 50
112 28 54
112 29 45
112 30 58
112 31 48
112 32 49
112 33 36
112 34 36
112 35 58
112 36 35
112 37 60
112 38 44
112 39 45
112 40 44
112 41 50
112 42 39
112 43 52
112 44 42
112 45 57
112 46 57
112 47 45
112 48 53
112 49 36
112 50 50
112 51 57
112 52 36
112 53 38
112 54 38
112 55 47
112 56 37
112 57 55
112 58 40
112 59 37
112 60 39
112 61 46
112 62 51
112 63 48
112 64 55
112 65 46
112 66 55
112 67 48
112 68 38
112 69 38
112 70 43
112 71 46
112 72 53
112 73 59
112 74 60
112 75 48
112 76 44
112 77 39
112 78 35
112 79 49
112 80 59
112 81 49
112 82 45
112 83 46
112 84 43
112 85 53
112 86 48
112 87 43
112 88 37
112 89 47
112 90 36
112 91 40
112 92 42
112 93 57
112 94 52
112 95 43
112 96 51
112 97 50
112 98 37
112 99 56
112 100 44
112 101 57
112 102 45
112 103 48
112 104 40
112 105 44
112 106 44
112 107 46
112 108 37
112 109 59
112 110 48
112 111 39
112 112 0
112 113 45
112 114 49
112 115 57
112 116 58
112 117 50
112 118 53
112 119 58
112 120 55
112 121 52
112 122 37
112 123 48
112 124 44
112 125 49
112 126 41
113 1 54
113 2 37
113 3 50
113 4 44
113 5 48
113 6 44
113 7 59
113 8 60
113 9 48
113 10 55
113 11 55
113 12 43
113 13 46
113 14 55
113 15 37
113 16 57
113 17 40
113 18 38
113 19 45
113 20 55
113 21 47
113 22 39
113 23 39
113 24 54
113 25 52
113 26 60
113 27 58
113 28 54
113 29 57
113 30 36
113 31 46
113 32 44
113 33 45
113 34 55
113 35 52
113 36 36
113 37 50
113 38 47
113 39 54
113 40 37
113 41 59
113 42 50
113 43 46
113 44 35
113 45 47
113 46 45
113 47 42
113 48 39
113 49 53
113 50 52
113 51 35
113 52 59
113 53 47
113 54 49
113 55 37
113 56 56
113 57 41
113 58 59
113 59 51
113 60 49
113 61 49
113 62 51
113 63 48
113 64 41
113 65 51
113 66 43
113 67 37
113 68 41
113 69 54
113 70 38
113 71 51
113 72 56
113 73 51
113 74 41
113 75 36
113 76 49
113 77 44
113 78 59
113 79 55
113 80 37
113 81 54
113 82 51
113 83 38
113 84 36
113 85 41
113 86 51
113 87 53
113 88 52
113 89 46
113 90 53
113 91 38
113 92 49
113 93 47
113 94 44
113 95 56
113 96 58
113 97 38
113 98 46
113 99 41
113 100 43
113 101 37
113 102 55
113 103 47
113 104 54
113 105 54
113 106 53
113 107 46
113 108 53
113 109 49
113 110 59
113 111 49
113 112 60
113 113 0
113 114 56
113 115 52
113 116 45
113 117 35
113 118 48
113 119 60
113 120 54
113 121 43
113 122 56
113 123 45
113 124 51
113 125 57
113 126 45
114 1 40
114 2 51
114 3 48
114 4 47
114 5 54
114 6 50
114 7 56
114 8 45
114 9 37
114 10 51
114 11 46
114 12 46
114 13 57
114 14 43
114 15 47
114 16 40
114 17 48
114 18 47
114 19 45
114 20 43
114 21 49
114 22 43
114 23 38
114 24 38
114 25 45
114 26 51
114 27 46
114 28 41
114 29 43
114 30 54
114 31 54
114 32 41
114 33 60
114 34 43
114 35 48
114 36 52
114 37 45
114 38 49
114 39 53
114 40 52
114 41 39
114 42 36
114 43 47
114 44 46
114 45 57
114 46 50
114 47 57
114 48 48
114 49 42
114 50 58
114 51 58
114 52 46
114 53 59
114 54 38
114 55 53
114 56 49
114 57 43
114 58 52
114 59 42
114 60 43
114 61 40
114 62 53
114 63 59
114 64 55
114 65 40
114 66 37
114 67 36
114 68 52
114 69 40
114 70 48
114 71 50
114 72 41
114 73 35
114 74 48
114 75 49
114 76 40
114 77 45
114 78 43
114 79 40
114 80 57
114 81 51
114 82 46
114 83 59
114 84 48
114 85 45
114 86 35
114 87 44
114 88 59
114 89 36
114 90 54
114 91 51
114 92 47
114 93 56
114 94 52
114 95 52
114 96 51
114 97 52
114 98 39
114 99 53
114 100 60
114 101 54
114 102 43
114 103 59
114 104 58
114 105 53
114 106 53
114 107 43
114 108 43
114 109 36
114 110 53
114 111 53
114 112 49
114 113 56
114 114 0
114 115 59
114 116 59
114 117 43
114 118 60
114 119 37
114 120 58
114 121 43
114 122 37
114 123 48
114 124 49
114 125 35
114 126 42
115 1 55
115 2 54
115 3 36
115 4 44
115 5 36
115 6 43
115 7 39
115 8 46
115 9 60
115 10 41
115 11 48
115 12 43
115 13 38
115 14 37
115 15 58
115 16 44
115 17 36
115 18 39
115 19 42
115 20 54
115 21 52
115 22 39
115 23 51
115 24 59
115 25 36
115 26 43
115 27 60
115 28 55
115 29 56
115 30 41
115 31 45
115 32 53
115 33 37
115 34 48
115 35 41
115 36 37
115 37 44
115 38 38
115 39 55
115 40 46
115 41 60
115 42 59
115 43 44
115 44 46
115 45 43
115 46 55
115 47 38
115 48 43
115 49 38
115 50 54
115 51 57
115 52 38
115 53 41
115 54 38
115 55 45
115 56 54
115 57 42
115 58 59
115 59 55
115 60 51
115 61 50
115 62 46
115 63 38
115 64 52
115 65 57
115 66 38
115 67 40
115 68 43
115 69 42
115 70 35
115 71 42
115 72 46
115 73 54
115 74 41
115 75 39
115 76 38
115 77 60
115 78 49
115 79 36
115 80 58
115 81 43
115 82 57
115 83 56
115 84 49
115 85 42
115 86 49
115 87 38
115 88 59
115 89 36
115 90 51
115 91 60
115 92 41
115 93 44
115 94 40
115 95 47
115 96 54
115 97 38
115 98 43
115 99 45
115 100 43
115 101 54
115 102 60
115 103 54
115 104 54
115 105 47
115 106 50
115 107 45
115 108 45
115 109 45
115 110 52
115 111 39
115 112 53
115 113 39
115 114 58
115 115 0
115 116 56
115 117 37
115 118 59
115 119 50
115 120 54
115 121 36
115 122 41
115 123 54
115 124 54
115 125 36
115 126 50
116 1 48
116 2 36
116 3 48
116 4 54
116 5 55
116 6 50
116 7 38
116 8 55
116 9 57
116 10 42
116 11 55
116 12 49
116 13 46
116 14 51
116 15 40
116 16 35
116 17 43
116 18 58
116 19 36
116 20 44
116 21 44
116 22 59
116 23 42
116 24 36
116 25 50
116 26 38
116 27 50
116 28 43
116 29 51
116 30 41
116 31 53
116 32 56
116 33 42
116 34 41
116 35 45
116 36 47
116 37 35
116 38 55
116 39 54
116 40 54
116 41 53
116 42 45
116 43 42
116 44 43
116 45 51
116 46 41
116 47 40
116 48 48
116 49 40
116 50 38
116 51 38
116 52 50
116 53 48
116 54 45
116 55 51
116 56 36
116 57 50
116 58 52
116 59 44
116 60 58
116 61 42
116 62 53
116 63 53
116 64 49
116 65 38
116 66 53
116 67 49
116 68 45
116 69 44
116 70 42
116 71 54
116 72 57
116 73 41
116 74 53
116 75 41
116 76 55
116 77 44
116 78 41
116 79 54
116 80 44
116 81 37
116 82 42
116 83 51
116 84 49
116 85 36
116 86 39
116 87 50
116 88 44
116 89 45
116 90 48
116 91 46
116 92 57
116 93 35
116 94 47
116 95 48
116 96 35
116 97 55
116 98 42
116 99 41
116 100 44
116 101 39
116 102 55
116 103 45
116 104 41
116 105 55
116 106 40
116 107 50
116 108 37
116 109 57
116 110 48
116 111 47
116 112 41
116 113 46
116 114 53
116 115 42
116 116 0
116 117 47
116 118 53
116 119 50
116 120 38
116 121 53
116 122 46
116 123 44
116 124 46
116 125 40
116 126 49
117 1 58
117 2 57
117 3 60
117 4 44
117 5 53
117 6 39
117 7 37
117 8 59
117 9 56
117 10 51
117 11 44
117 12 40
117 13 45
117 14 53
117 15 55
117 16 59
117 17 45
117 18 59
117 19 39
117 20 41
117 21 60
117 22 50
117 23 41
117 24 40
117 25 48
117 26 57
117 27 52
117 28 59
117 29 59
117 30 49
117 31 52
117 32 37
117 33 35
117 34 52
117 35 57
117 36 53
117 37 55
117 38 45
117 39 45
117 40 36
117 41 46
117 42 35
117 43 42
117 44 47
117 45 55
117 46 37
117 47 51
117 48 48
117 49 37
117 50 59
117 51 53
117 52 57
117 53 43
117 54 49
117 55 44
117 56 39
117 57 35
117 58 54
117 59 51
117 60 52
117 61 58
117 62 47
117 63 57
117 64 42
117 65 60
117 66 51
117 67 40
117 68 49
117 69 46
117 70 54
117 71 44
117 72 52
117 73 48
117 74 55
117 75 43
117 76 56
117 77 40
117 78 49
117 79 59
117 80 57
117 81 36
117 82 37
117 83 60
117 84 53
117 85 52
117 86 45
117 87 51
117 88 36
117 89 42
117 90 40
117 91 44
117 92 49
117 93 46
117 94 44
117 95 37
117 96 42
117 97 54
117 98 49
117 99 52
117 100 46
117 101 53
117 102 41
117 103 38
117 104 39
117 105 46
117 106 58
117 107 46
117 108 43
117 109 50
117 110 38
117 111 35
117 112 45
117 113 52
117 114 54
117 115 47
117 116 38
117 117 0
117 118 41
117 119 47
117 120 39
117 121 60
117 122 45
117 123 52
117 124 58
117 125 36
117 126 36
118 1 46
118 2 49
118 3 38
118 4 44
118 5 57
118 6 38
118 7 45
118 8 55
118 9 38
118 10 45
118 11 35
118 12 38
118 13 58
118 14 35
118 15 53
118 16 59
118 17 51
118 18 40
118 19 49
118 20 49
118 21 36
118 22 59
118 23 51
118 24 45
118 25 36
118 26 44
118 27 42
118 28 44
118 29 52
118 30 45
118 31 37
118 32 39
118 33 40
118 34 57
118 35 40
118 36 47
118 37 55
118 38 46
118 39 41
118 40 55
118 41 36
118 42 41
118 43 60
118 44 43
118 45 60
118 46 60
118 47 45
118 48 42
118 49 44
118 50 49
118 51 51
118 52 36
118 53 44
118 54 38
118 55 56
118 56 47
118 57 50
118 58 40
118 59 60
118 60 52
118 61 52
118 62 56
118 63 54
118 64 36
118 65 60
118 66 39
118 67 47
118 68 59
118 69 56
118 70 41
118 71 55
118 72 49
118 73 40
118 74 56
118 75 40
118 76 53
118 77 43
118 78 57
118 79 42
118 80 35
118 81 35
118 82 54
118 83 55
118 84 48
118 85 37
118 86 60
118 87 44
118 88 59
118 89 53
118 90 45
118 91 51
118 92 57
118 93 59
118 94 39
118 95 39
118 96 60
118 97 58
118 98 58
118 99 52
118 100 36
118 101 41
118 102 52
118 103 40
118 104 57
118 105 41
118 106 56
118 107 39
118 108 60
118 109 42
118 110 43
118 111 51
118 112 41
118 113 39
118 114 53
118 115 41
118 116 50
118 117 47
118 118 0
118 119 54
118 120 50
118 121 50
118 122 54
118 123 51
118 124 58
118 125 37
118 126 47
119 1 37
119 2 35
119 3 47
119 4 37
119 5 42
119 6 55
119 7 44
119 8 43
119 9 60
119 10 40
119 11 58
119 12 57
119 13 42
119 14 42
119 15 47
119 16 53
119 17 53
119 18 36
119 19 59
119 20 56
119 21 52
119 22 52
119 23 56
119 24 45
119 25 36
119 26 60
119 27 51
119 28 44
119 29 56
119 30 44
119 31 58
119 32 35
119 33 45
119 34 47
119 35 38
119 36 39
119 37 54
119 38 56
119 39 49
119 40 42
119 41 55
119 42 52
119 43 47
119 44 43
119 45 45
119 46 38
119 47 40
119 48 48
119 49 35
119 50 37
119 51 38
119 52 49
119 53 53
119 54 44
119 55 42
119 56 38
119 57 58
119 58 37
119 59 58
119 60 36
119 61 49
119 62 59
119 63 36
119 64 43
119 65 43
119 66 58
119 67 54
119 68 45
119 69 38
119 70 39
119 71 54
119 72 42
119 73 46
119 74 50
119 75 50
119 76 50
119 77 39
119 78 40
119 79 48
119 80 42
119 81 53
119 82 48
119 83 49
119 84 45
119 85 41
119 86 57
119 87 43
119 88 53
119 89 51
119 90 60
119 91 37
119 92 40
119 93 45
119 94 39
119 95 52
119 96 57
119 97 59
119 98 57
119 99 49
119 100 57
119 101 42
119 102 46
119 103 41
119 104 37
119 105 40
119 106 41
119 107 35
119 108 43
119 109 37
119 110 48
119 111 48
119 112 59
119 113 48
119 114 46
119 115 56
119 116 55
119 117 42
119 118 37
119 119 0
119 120 45
119 121 57
119 122 40
119 123 52
119 124 42
119 125 43
119 126 39
120 1 41
120 2 39
120 3 40
120 4 55
120 5 45
120 6 44
120 7 37
120 8 51
120 9 59
120 10 59
120 11 56
120 12 50
120 13 60
120 14 42
120 15 42
120 16 53
120 17 51
120 18 40
120 19 35
120 20 55
120 21 60
120 22 38
120 23 58
120 24 47
120 25 58
120 26 57
120 27 52
120 28 44
120 29 50
120 30 40
120 31 55
120 32 41
120 33 36
120 34 40
120 35 58
120 36 49
120 37 43
120 38 58
120 39 40
120 40 46
120 41 37
120 42 41
120 43 58
120 44 53
120 45 57
120 46 57
120 47 45
120 48 50
120 49 41
120 50 53
120 51 60
120 52 55
120 53 39
120 54 53
120 55 52
120 56 44
120 57 51
120 58 55
120 59 35
120 60 56
120 61 51
120 62 43
120 63 57
120 64 53
120 65 56
120 66 39
120 67 37
120 68 38
120 69 51
120 70 42
120 71 54
120 72 59
120 73 42
120 74 49
120 75 44
120 76 52
120 77 52
120 78 57
120 79 54
120 80 49
120 81 57
120 82 52
120 83 45
120 84 47
120 85 53
120 86 50
120 87 59
120 88 51
120 89 44
120 90 57
120 91 53
120 92 47
120 93 37
120 94 40
120 95 57
120 96 59
120 97 51
120 98 53
120 99 56
120 100 56
120 101 36
120 102 54
120 103 43
120 104 52
120 105 36
120 106 52
120 107 57
120 108 55
120 109 44
120 110 51
120 111 49
120 112 38
120 113 53
120 114 47
120 115 43
120 116 37
120 117 45
120 118 40
120 119 55
120 120 0
120 121 60
120 122 45
120 123 45
120 124 48
120 125 53
120 126 41
121 1 53
121 2 51
121 3 48
121 4 40
121 5 44
121 6 57
121 7 47
121 8 51
121 9 47
121 10 35
121 11 52
121 12 46
121 13 43
121 14 52
121 15 49
121 16 47
121 17 56
121 18 53
121 19 54
121 20 48
121 21 44
121 22 47
121 23 47
121 24 47
121 25 45
121 26 40
121 27 41
121 28 47
121 29 40
121 30 37
121 31 53
121 32 37
121 33 40
121 34 39
121 35 42
121 36 56
121 37 60
121 38 47
121 39 45
121 40 36
121 41 56
121 42 57
121 43 58
121 44 50
121 45 40
121 46 44
121 47 58
121 48 52
121 49 42
121 50 35
121 51 41
121 52 54
121 53 46
121 54 55
121 55 55
121 56 37
121 57 52
121 58 57
121 59 58
121 60 41
121 61 44
121 62 48
121 63 52
121 64 52
121 65 47
121 66 51
121 67 46
121 68 43
121 69 55
121 70 60
121 71 54
121 72 47
121 73 53
121 74 55
121 75 39
121 76 44
121 77 51
121 78 45
121 79 43
121 80 44
121 81 49
121 82 42
121 83 43
121 84 57
121 85 45
121 86 50
121 87 40
121 88 56
121 89 59
121 90 44
121 91 49
121 92 47
121 93 42
121 94 54
121 95 56
121 96 58
121 97 47
121 98 37
121 99 57
121 100 51
121 101 43
121 102 57
121 103 50
121 104 41
121 105 37
121 106 42
121 107 47
121 108 40
121 109 60
121 110 43
121 111 58
121 112 50
121 113 53
121 114 45
121 115 54
121 116 56
121 117 52
121 118 54
121 119 54
121 120 42
121 121 0
121 122 40
121 123 47
121 124 55
121 125 45
121 126 43
122 1 48
122 2 35
122 3 52
122 4 49
122 5 41
122 6 52
122 7 60
122 8 53
122 9 45
122 10 56
122 11 52
122 12 47
122 13 39
122 14 46
122 15 41
122 16 37
122 17 38
122 18 43
122 19 46
122 20 59
122 21 49
122 22 58
122 23 59
122 24 60
122 25 53
122 26 55
122 27 44
122 28 52
122 29 37
122 30 51
122 31 45
122 32 51
122 33 60
122 34 49
122 35 51
122 36 41
122 37 52
122 38 44
122 39 51
122 40 50
122 41 43
122 42 50
122 43 43
122 44 35
122 45 41
122 46 40
122 47 52
122 48 51
122 49 53
122 50 46
122 51 38
122 52 51
122 53 52
122 54 55
122 55 52
122 56 60
122 57 59
122 58 46
122 59 43
122 60 53
122 61 37
122 62 42
122 63 36
122 64 56
122 65 42
122 66 35
122 67 36
122 68 43
122 69 45
122 70 55
122 71 58
122 72 56
122 73 59
122 74 39
122 75 58
122 76 38
122 77 36
122 78 45
122 79 56
122 80 37
122 81 53
122 82 44
122 83 43
122 84 36
122 85 44
122 86 48
122 87 48
122 88 36
122 89 49
122 90 52
122 91 59
122 92 47
122 93 52
122 94 36
122 95 48
122 96 49
122 97 47
122 98 55
122 99 40
122 100 46
122 101 57
122 102 40
122 103 45
122 104 52
122 105 43
122 106 35
122 107 51
122 108 40
122 109 60
122 110 42
122 111 60
122 112 60
122 113 50
122 114 59
122 115 40
122 116 43
122 117 44
122 118 36
122 119 59
122 120 60
122 121 57
122 122 0
122 123 43
122 124 49
122 125 45
122 126 60
123 1 41
123 2 44
123 3 40
123 4 53
123 5 51
123 6 51
123 7 38
123 8 53
123 9 43
123 10 54
123 11 46
123 12 46
123 13 41
123 14 53
123 15 48
123 16 40
123 17 44
123 18 57
123 19 48
123 20 51
123 21 43
123 22 49
123 23 45
123 24 36
123 25 52
123 26 35
123 27 41
123 28 37
123 29 48
123 30 40
123 31 58
123 32 36
123 33 42
123 34 57
123 35 55
123 36 58
123 37 36
123 38 44
123 39 37
123 40 51
123 41 43
123 42 35
123 43 39
123 44 41
123 45 35
123 46 40
123 47 40
123 48 47
123 49 54
123 50 55
123 51 57
123 52 48
123 53 45
123 54 44
123 55 36
123 56 48
123 57 36
123 58 57
123 59 36
123 60 54
123 61 45
123 62 45
123 63 53
123 64 52
123 65 40
123 66 37
123 67 50
123 68 53
123 69 51
123 70 36
123 71 40
123 72 48
123 73 46
123 74 40
123 75 39
123 76 35
123 77 47
123 78 43
123 79 52
123 80 41
123 81 49
123 82 55
123 83 39
123 84 53
123 85 40
123 86 51
123 87 41
123 88 41
123 89 59
123 90 50
123 91 46
123 92 59
123 93 55
123 94 47
123 95 51
123 96 38
123 97 50
123 98 56
123 99 41
123 100 47
123 101 53
123 102 49
123 103 46
123 104 60
123 105 41
123 106 49
123 107 38
123 108 37
123 109 59
123 110 51
123 111 58
123 112 42
123 113 57
123 114 57
123 115 39
123 116 35
123 117 47
123 118 56
123 119 51
123 120 55
123 121 35
123 122 40
123 123 0
123 124 54
123 125 42
123 126 47
124 1 58
124 2 42
124 3 45
124 4 54
124 5 40
124 6 42
124 7 41
124 8 37
124 9 54
124 10 60
124 11 55
124 12 49
124 13 40
124 14 42
124 15 59
124 16 57
124 17 41
124 18 44
124 19 60
124 20 52
124 21 40
124 22 40
124 23 57
124 24 56
124 25 59
124 26 44
124 27 44
124 28 36
124 29 40
124 30 36
124 31 48
124 32 43
124 33 35
124 34 60
124 35 55
124 36 51
124 37 45
124 38 54
124 39 49
124 40 46
124 41 48
124 42 60
124 43 40
124 44 49
124 45 57
124 46 42
124 47 52
124 48 47
124 49 58
124 50 37
124 51 36
124 52 38
124 53 53
124 54 36
124 55 36
124 56 43
124 57 38
124 58 44
124 59 50
124 60 43
124 61 60
124 62 54
124 63 43
124 64 54
124 65 43
124 66 46
124 67 50
124 68 49
124 69 45
124 70 42
124 71 36
124 72 44
124 73 55
124 74 37
124 75 58
124 76 54
124 77 56
124 78 51
124 79 47
124 80 59
124 81 36
124 82 59
124 83 46
124 84 41
124 85 55
124 86 41
124 87 51
124 88 41
124 89 41
124 90 48
124 91 39
124 92 50
124 93 46
124 94 50
124 95 36
124 96 49
124 97 43
124 98 38
124 99 37
124 100 48
124 101 49
124 102 46
124 103 40
124 104 56
124 105 43
124 106 57
124 107 56
124 108 58
124 109 35
124 110 42
124 111 49
124 112 46
124 113 38
124 114 40
124 115 60
124 116 46
124 117 37
124 118 47
124 119 50
124 120 55
124 121 49
124 122 47
124 123 60
124 124 0
124 125 50
124 126 40
125 1 37
125 2 44
125 3 52
125 4 60
125 5 44
125 6 49
125 7 46
125 8 44
125 9 53
125 10 56
125 11 35
125 12 51
125 13 59
125 14 35
125 15 58
125 16 37
125 17 60
125 18 38
125 19 35
125 20 51
125 21 58
125 22 60
125 23 54
125 24 45
125 25 57
125 26 36
125 27 45
125 28 39
125 29 46
125 30 44
125 31 38
125 32 37
125 33 37
125 34 60
125 35 35
125 36 43
125 37 37
125 38 45
125 39 45
125 40 44
125 41 40
125 42 55
125 43 50
125 44 50
125 45 40
125 46 40
125 47 54
125 48 53
125 49 42
125 50 50
125 51 42
125 52 52
125 53 35
125 54 44
125 55 39
125 56 40
125 57 53
125 58 55
125 59 57
125 60 57
125 61 54
125 62 38
125 63 56
125 64 44
125 65 54
125 66 38
125 67 60
125 68 56
125 69 38
125 70 35
125 71 50
125 72 39
125 73 39
125 74 46
125 75 56
125 76 40
125 77 38
125 78 60
125 79 37
125 80 48
125 81 48
125 82 37
125 83 55
125 84 53
125 85 57
125 86 59
125 87 53
125 88 52
125 89 57
125 90 43
125 91 46
125 92 50
125 93 39
125 94 53
125 95 43
125 96 35
125 97 48
125 98 49
125 99 50
125 100 38
125 101 46
125 102 44
125 103 47
125 104 43
125 105 49
125 106 41
125 107 41
125 108 53
125 109 47
125 110 50
125 111 39
125 112 51
125 113 45
125 114 56
125 115 39
125 116 55
125 117 40
125 118 50
125 119 56
125 120 57
125 121 36
125 122 51
125 123 56
125 124 43
125 125 0
125 126 60
126 1 57
126 2 44
126 3 55
126 4 49
126 5 50
126 6 47
126 7 51
126 8 36
126 9 60
126 10 57
126 11 43
126 12 38
126 13 40
126 14 45
126 15 46
126 16 56
126 17 37
126 18 55
126 19 49
126 20 39
126 21 38
126 22 60
126 23 46
126 24 42
126 25 51
126 26 37
126 27 41
126 28 53
126 29 49
126 30 53
126 31 51
126 32 57
126 33 45
126 34 44
126 35 35
126 36 53
126 37 52
126 38 35
126 39 51
126 40 56
126 41 35
126 42 58
126 43 49
126 44 43
126 45 35
126 46 40
126 47 51
126 48 51
126 49 53
126 50 48
126 51 50
126 52 60
126 53 60
126 54 59
126 55 38
126 56 56
126 57 49
126 58 43
126 59 44
126 60 53
126 61 44
126 62 54
126 63 52
126 64 40
126 65 49
126 66 60
126 67 40
126 68 54
126 69 49
126 70 60
126 71 36
126 72 42
126 73 40
126 74 55
126 75 42
126 76 37
126 77 54
126 78 42
126 79 59
126 80 58
126 81 55
126 82 53
126 83 46
126 84 57
126 85 50
126 86 46
126 87 58
126 88 49
126 89 44
126 90 47
126 91 36
126 92 45
126 93 52
126 94 60
126 95 55
126 96 48
126 97 60
126 98 46
126 99 40
126 100 57
126 101 52
126 102 55
126 103 57
126 104 48
126 105 56
126 106 41
126 107 39
126 108 58
126 109 42
126 110 41
126 111 57
126 112 54
126 113 53
126 114 59
126 115 58
126 116 38
126 117 51
126 118 44
126 119 41
126 120 48
126 121 50
126 122 38
126 123 43
126 124 56
126 125 57
126 126 0
;
param Rinit :=
1 1 0
1 2 0
1 3 0
1 4 0
1 5 0
1 6 0
1 7 0
1 8 0
1 9 0
1 10 0
1 11 0
1 12 0
1 13 0
1 14 0
1 15 0
1 16 0
1 17 0
1 18 0
1 19 0
1 20 0
1 21 0
1 22 0
1 23 0
1 24 0
1 25 0
126 1 0
126 2 0
126 3 0
126 4 0
126 5 0
126 6 0
126 7 0
126 8 0
126 9 0
126 10 0
126 11 0
126 12 0
126 13 0
126 14 0
126 15 0
126 16 0
126 17 0
126 18 0
126 19 0
126 20 0
126 21 0
126 22 0
126 23 0
126 24 0
126 25 0
;
param f :=
1 1
2 2
3 3
4 4
;