param sigma
: 1 2 :=
1	1e-05	0.99999
2	0.1	0.9
3	0.2	0.8
4	0.3	0.7
5	0.4	0.6
6	0.5	0.5
7	0.6	0.4
8	0.7	0.3
9	0.8	0.2
10	0.9	0.1
11	0.99999	1e-05
;

set O := 1 95;
set R := 2 3 4 5 6 7 8 9 10 11 12 13 14 15 16 17 18 19 20 21 22 23 24 25 26 27 28 29 30 31 32 33 34 35 36 37 38 39 40 41 42 43 44 45 46 47 48 49 50 51 52 53 54 55 56 57 58 59 60 61 62 63 64 65 66 67 68 69 70 71 72 73 74 75 76 77 78 79 80 81 82 83 84 85 86 87 88 89 90 91 92 93 94;
set S := -1 -95;
set K := 1 2 3 4 5 6 7 8 9 10 11 12 13 14 15 16 17 18 19 20 21 22 23 24 25 26 27 28 29 30 31 32 33 34 35 36 37 38;
param b := 91;
param theta := 11909.0;
param peso_vacio := 3500;
param alpha :=
0 0
1 0
2 0
3 0
4 0
;
param beta :=
0 0.2
1 -0.1
2 0
3 0
4 0
;
param gamma :=
0 16.4
1 2.2
2 2.2
3 0.6
4 0.4
;
param delta :=
0 0
1 0
2 0
3 0
4 0
;
param epsilon :=
0 0.3
1 0
2 0
3 0
4 0
;
param zeta :=
0 2.4
1 2.5
2 1.3
3 4.5
4 3.3
;
param hta :=
0 1
1 1
2 1
3 1
4 1
;
param dm :=
1 0
2 31
3 30
4 29
5 28
6 27
7 26
8 25
9 24
10 23
11 22
12 21
13 20
14 19
15 18
16 17
17 16
18 15
19 14
20 13
21 12
22 11
23 10
24 9
25 8
26 7
27 6
28 5
29 4
30 3
31 2
32 1
33 31
34 30
35 29
36 28
37 27
38 26
39 25
40 24
41 23
42 22
43 21
44 20
45 19
46 18
47 17
48 16
49 15
50 14
51 13
52 12
53 11
54 10
55 9
56 8
57 7
58 6
59 5
60 4
61 3
62 2
63 1
64 31
65 30
66 29
67 28
68 27
69 26
70 25
71 24
72 23
73 22
74 21
75 20
76 19
77 18
78 17
79 16
80 15
81 14
82 13
83 12
84 11
85 10
86 9
87 8
88 7
89 6
90 5
91 4
92 3
93 2
94 1
95 0
;
param d :=
1 1 0.00
1 2 7.77
1 3 6.32
1 4 5.50
1 5 5.18
1 6 5.28
1 7 5.70
1 8 6.34
1 9 7.12
1 10 7.99
1 11 8.91
1 12 9.85
1 13 10.82
1 14 11.80
1 15 12.79
1 16 13.79
1 17 14.78
1 18 15.79
1 19 16.79
1 20 17.80
1 21 18.82
1 22 19.84
1 23 20.87
1 24 21.91
1 25 22.96
1 26 24.03
1 27 25.13
1 28 26.26
1 29 27.47
1 30 28.81
1 31 30.82
1 32 31.75
1 33 12.82
1 34 13.47
1 35 13.92
1 36 14.29
1 37 14.61
1 38 14.92
1 39 15.21
1 40 15.51
1 41 15.80
1 42 16.10
1 43 16.41
1 44 16.72
1 45 17.04
1 46 17.37
1 47 17.70
1 48 18.04
1 49 18.39
1 50 18.75
1 51 19.11
1 52 19.47
1 53 19.84
1 54 20.21
1 55 20.58
1 56 20.94
1 57 21.29
1 58 21.63
1 59 21.94
1 60 22.21
1 61 22.36
1 62 22.03
1 63 22.98
1 64 13.72
1 65 15.40
1 66 16.84
1 67 18.13
1 68 19.34
1 69 20.47
1 70 21.55
1 71 22.59
1 72 23.59
1 73 24.57
1 74 25.52
1 75 26.44
1 76 27.35
1 77 28.24
1 78 29.11
1 79 29.98
1 80 30.82
1 81 31.66
1 82 32.48
1 83 33.30
1 84 34.10
1 85 34.90
1 86 35.68
1 87 36.45
1 88 37.21
1 89 37.95
1 90 38.68
1 91 39.38
1 92 40.04
1 93 40.51
1 94 41.51
1 95 22.63
2 1 7.77
2 2 0.00
2 3 1.79
2 4 3.23
2 5 4.51
2 6 5.68
2 7 6.79
2 8 7.85
2 9 8.88
2 10 9.87
2 11 10.85
2 12 11.80
2 13 12.74
2 14 13.67
2 15 14.59
2 16 15.49
2 17 16.39
2 18 17.29
2 19 18.18
2 20 19.06
2 21 19.94
2 22 20.82
2 23 21.70
2 24 22.58
2 25 23.45
2 26 24.34
2 27 25.23
2 28 26.12
2 29 27.04
2 30 28.00
2 31 29.19
2 32 30.19
2 33 6.08
2 34 7.41
2 35 8.47
2 36 9.41
2 37 10.28
2 38 11.10
2 39 11.90
2 40 12.67
2 41 13.42
2 42 14.17
2 43 14.90
2 44 15.63
2 45 16.35
2 46 17.06
2 47 17.77
2 48 18.48
2 49 19.18
2 50 19.88
2 51 20.58
2 52 21.27
2 53 21.96
2 54 22.65
2 55 23.33
2 56 24.01
2 57 24.68
2 58 25.35
2 59 26.00
2 60 26.64
2 61 27.24
2 62 27.71
2 63 28.70
2 64 6.08
2 65 7.84
2 66 9.29
2 67 10.57
2 68 11.76
2 69 12.87
2 70 13.92
2 71 14.94
2 72 15.92
2 73 16.87
2 74 17.80
2 75 18.71
2 76 19.61
2 77 20.49
2 78 21.35
2 79 22.21
2 80 23.06
2 81 23.90
2 82 24.73
2 83 25.55
2 84 26.37
2 85 27.18
2 86 27.98
2 87 28.78
2 88 29.58
2 89 30.36
2 90 31.15
2 91 31.92
2 92 32.68
2 93 33.42
2 94 34.42
2 95 14.91
3 1 6.32
3 2 1.79
3 3 0.00
3 4 1.45
3 5 2.74
3 6 3.94
3 7 5.07
3 8 6.15
3 9 7.20
3 10 8.21
3 11 9.21
3 12 10.19
3 13 11.15
3 14 12.11
3 15 13.05
3 16 13.98
3 17 14.91
3 18 15.83
3 19 16.75
3 20 17.66
3 21 18.57
3 22 19.48
3 23 20.39
3 24 21.30
3 25 22.22
3 26 23.14
3 27 24.07
3 28 25.02
3 29 26.00
3 30 27.04
3 31 28.42
3 32 29.40
3 33 7.84
3 34 9.09
3 35 10.06
3 36 10.91
3 37 11.70
3 38 12.44
3 39 13.15
3 40 13.84
3 41 14.52
3 42 15.18
3 43 15.84
3 44 16.49
3 45 17.14
3 46 17.79
3 47 18.43
3 48 19.07
3 49 19.71
3 50 20.34
3 51 20.97
3 52 21.60
3 53 22.22
3 54 22.84
3 55 23.46
3 56 24.07
3 57 24.67
3 58 25.26
3 59 25.84
3 60 26.38
3 61 26.87
3 62 27.12
3 63 28.11
3 64 7.41
3 65 9.09
3 66 10.52
3 67 11.82
3 68 13.02
3 69 14.15
3 70 15.23
3 71 16.27
3 72 17.28
3 73 18.26
3 74 19.21
3 75 20.15
3 76 21.06
3 77 21.97
3 78 22.86
3 79 23.73
3 80 24.60
3 81 25.46
3 82 26.31
3 83 27.15
3 84 27.99
3 85 28.82
3 86 29.64
3 87 30.46
3 88 31.27
3 89 32.07
3 90 32.87
3 91 33.66
3 92 34.44
3 93 35.21
3 94 36.21
3 95 16.55
4 1 5.50
4 2 3.23
4 3 1.45
4 4 0.00
4 5 1.30
4 6 2.50
4 7 3.64
4 8 4.73
4 9 5.79
4 10 6.82
4 11 7.83
4 12 8.83
4 13 9.81
4 14 10.77
4 15 11.73
4 16 12.68
4 17 13.62
4 18 14.56
4 19 15.50
4 20 16.43
4 21 17.36
4 22 18.29
4 23 19.22
4 24 20.16
4 25 21.10
4 26 22.05
4 27 23.01
4 28 24.00
4 29 25.02
4 30 26.12
4 31 27.64
4 32 28.62
4 33 9.29
4 34 10.52
4 35 11.47
4 36 12.28
4 37 13.02
4 38 13.72
4 39 14.38
4 40 15.03
4 41 15.66
4 42 16.27
4 43 16.88
4 44 17.49
4 45 18.09
4 46 18.68
4 47 19.27
4 48 19.86
4 49 20.45
4 50 21.03
4 51 21.62
4 52 22.19
4 53 22.77
4 54 23.34
4 55 23.90
4 56 24.46
4 57 25.00
4 58 25.53
4 59 26.04
4 60 26.51
4 61 26.91
4 62 26.97
4 63 27.94
4 64 8.47
4 65 10.06
4 66 11.47
4 67 12.76
4 68 13.96
4 69 15.11
4 70 16.20
4 71 17.25
4 72 18.28
4 73 19.27
4 74 20.25
4 75 21.20
4 76 22.14
4 77 23.06
4 78 23.96
4 79 24.86
4 80 25.75
4 81 26.62
4 82 27.49
4 83 28.35
4 84 29.20
4 85 30.05
4 86 30.89
4 87 31.72
4 88 32.55
4 89 33.37
4 90 34.19
4 91 35.00
4 92 35.81
4 93 36.61
4 94 37.61
4 95 17.79
5 1 5.18
5 2 4.51
5 3 2.74
5 4 1.30
5 5 0.00
5 6 1.20
5 7 2.35
5 8 3.45
5 9 4.52
5 10 5.56
5 11 6.58
5 12 7.58
5 13 8.57
5 14 9.55
5 15 10.51
5 16 11.48
5 17 12.43
5 18 13.38
5 19 14.33
5 20 15.28
5 21 16.22
5 22 17.17
5 23 18.12
5 24 19.08
5 25 20.04
5 26 21.01
5 27 22.00
5 28 23.01
5 29 24.07
5 30 25.23
5 31 26.86
5 32 27.83
5 33 10.58
5 34 11.82
5 35 12.76
5 36 13.56
5 37 14.28
5 38 14.95
5 39 15.58
5 40 16.20
5 41 16.79
5 42 17.38
5 43 17.95
5 44 18.52
5 45 19.09
5 46 19.65
5 47 20.20
5 48 20.75
5 49 21.30
5 50 21.84
5 51 22.39
5 52 22.92
5 53 23.46
5 54 23.98
5 55 24.50
5 56 25.01
5 57 25.51
5 58 25.99
5 59 26.44
5 60 26.85
5 61 27.16
5 62 27.05
5 63 28.02
5 64 9.41
5 65 10.91
5 66 12.28
5 67 13.56
5 68 14.76
5 69 15.90
5 70 17.00
5 71 18.07
5 72 19.10
5 73 20.11
5 74 21.10
5 75 22.07
5 76 23.02
5 77 23.96
5 78 24.88
5 79 25.79
5 80 26.69
5 81 27.59
5 82 28.47
5 83 29.34
5 84 30.21
5 85 31.08
5 86 31.93
5 87 32.78
5 88 33.63
5 89 34.47
5 90 35.31
5 91 36.14
5 92 36.97
5 93 37.83
5 94 38.83
5 95 18.85
6 1 5.28
6 2 5.68
6 3 3.94
6 4 2.50
6 5 1.20
6 6 0.00
6 7 1.15
6 8 2.25
6 9 3.32
6 10 4.37
6 11 5.39
6 12 6.40
6 13 7.40
6 14 8.38
6 15 9.36
6 16 10.33
6 17 11.30
6 18 12.26
6 19 13.22
6 20 14.18
6 21 15.14
6 22 16.10
6 23 17.06
6 24 18.03
6 25 19.01
6 26 20.00
6 27 21.01
6 28 22.05
6 29 23.14
6 30 24.34
6 31 26.07
6 32 27.03
6 33 11.76
6 34 13.02
6 35 13.96
6 36 14.76
6 37 15.47
6 38 16.13
6 39 16.75
6 40 17.34
6 41 17.92
6 42 18.48
6 43 19.03
6 44 19.57
6 45 20.11
6 46 20.64
6 47 21.17
6 48 21.69
6 49 22.21
6 50 22.72
6 51 23.23
6 52 23.74
6 53 24.23
6 54 24.72
6 55 25.21
6 56 25.68
6 57 26.13
6 58 26.57
6 59 26.97
6 60 27.32
6 61 27.56
6 62 27.30
6 63 28.26
6 64 10.28
6 65 11.70
6 66 13.02
6 67 14.27
6 68 15.47
6 69 16.61
6 70 17.72
6 71 18.79
6 72 19.83
6 73 20.85
6 74 21.85
6 75 22.83
6 76 23.79
6 77 24.74
6 78 25.68
6 79 26.60
6 80 27.52
6 81 28.43
6 82 29.32
6 83 30.21
6 84 31.10
6 85 31.98
6 86 32.85
6 87 33.71
6 88 34.58
6 89 35.44
6 90 36.29
6 91 37.15
6 92 38.01
6 93 38.91
6 94 39.91
6 95 19.79
7 1 5.70
7 2 6.79
7 3 5.07
7 4 3.64
7 5 2.35
7 6 1.15
7 7 0.00
7 8 1.10
7 9 2.18
7 10 3.23
7 11 4.26
7 12 5.27
7 13 6.27
7 14 7.27
7 15 8.25
7 16 9.23
7 17 10.20
7 18 11.17
7 19 12.14
7 20 13.11
7 21 14.08
7 22 15.05
7 23 16.02
7 24 17.01
7 25 18.00
7 26 19.01
7 27 20.04
7 28 21.10
7 29 22.22
7 30 23.45
7 31 25.29
7 32 26.24
7 33 12.87
7 34 14.15
7 35 15.10
7 36 15.90
7 37 16.61
7 38 17.26
7 39 17.88
7 40 18.46
7 41 19.02
7 42 19.57
7 43 20.11
7 44 20.63
7 45 21.15
7 46 21.66
7 47 22.16
7 48 22.66
7 49 23.15
7 50 23.64
7 51 24.12
7 52 24.60
7 53 25.07
7 54 25.53
7 55 25.98
7 56 26.42
7 57 26.84
7 58 27.23
7 59 27.59
7 60 27.89
7 61 28.06
7 62 27.67
7 63 28.62
7 64 11.10
7 65 12.44
7 66 13.72
7 67 14.94
7 68 16.13
7 69 17.26
7 70 18.37
7 71 19.44
7 72 20.49
7 73 21.52
7 74 22.52
7 75 23.51
7 76 24.49
7 77 25.45
7 78 26.40
7 79 27.33
7 80 28.26
7 81 29.18
7 82 30.09
7 83 31.00
7 84 31.89
7 85 32.79
7 86 33.67
7 87 34.56
7 88 35.44
7 89 36.31
7 90 37.19
7 91 38.07
7 92 38.95
7 93 39.91
7 94 40.91
7 95 20.65
8 1 6.34
8 2 7.85
8 3 6.15
8 4 4.73
8 5 3.45
8 6 2.25
8 7 1.10
8 8 0.00
8 9 1.07
8 10 2.13
8 11 3.16
8 12 4.18
8 13 5.18
8 14 6.18
8 15 7.17
8 16 8.15
8 17 9.13
8 18 10.11
8 19 11.08
8 20 12.06
8 21 13.04
8 22 14.02
8 23 15.01
8 24 16.00
8 25 17.01
8 26 18.03
8 27 19.08
8 28 20.16
8 29 21.30
8 30 22.58
8 31 24.50
8 32 25.44
8 33 13.92
8 34 15.23
8 35 16.20
8 36 17.00
8 37 17.72
8 38 18.37
8 39 18.98
8 40 19.56
8 41 20.11
8 42 20.65
8 43 21.17
8 44 21.68
8 45 22.18
8 46 22.68
8 47 23.16
8 48 23.65
8 49 24.12
8 50 24.59
8 51 25.05
8 52 25.50
8 53 25.95
8 54 26.38
8 55 26.81
8 56 27.21
8 57 27.60
8 58 27.96
8 59 28.28
8 60 28.54
8 61 28.66
8 62 28.14
8 63 29.08
8 64 11.90
8 65 13.15
8 66 14.38
8 67 15.58
8 68 16.75
8 69 17.88
8 70 18.98
8 71 20.05
8 72 21.10
8 73 22.13
8 74 23.15
8 75 24.14
8 76 25.13
8 77 26.10
8 78 27.06
8 79 28.01
8 80 28.94
8 81 29.88
8 82 30.80
8 83 31.72
8 84 32.63
8 85 33.53
8 86 34.43
8 87 35.33
8 88 36.23
8 89 37.12
8 90 38.02
8 91 38.92
8 92 39.83
8 93 40.84
8 94 41.84
8 95 21.46
9 1 7.12
9 2 8.88
9 3 7.20
9 4 5.79
9 5 4.52
9 6 3.32
9 7 2.18
9 8 1.07
9 9 0.00
9 10 1.05
9 11 2.09
9 12 3.11
9 13 4.12
9 14 5.12
9 15 6.11
9 16 7.10
9 17 8.08
9 18 9.07
9 19 10.05
9 20 11.03
9 21 12.01
9 22 13.00
9 23 14.00
9 24 15.01
9 25 16.02
9 26 17.06
9 27 18.12
9 28 19.22
9 29 20.39
9 30 21.70
9 31 23.70
9 32 24.63
9 33 14.94
9 34 16.27
9 35 17.25
9 36 18.07
9 37 18.79
9 38 19.44
9 39 20.05
9 40 20.63
9 41 21.18
9 42 21.71
9 43 22.22
9 44 22.73
9 45 23.22
9 46 23.70
9 47 24.17
9 48 24.64
9 49 25.10
9 50 25.55
9 51 25.99
9 52 26.43
9 53 26.85
9 54 27.27
9 55 27.67
9 56 28.05
9 57 28.41
9 58 28.75
9 59 29.03
9 60 29.25
9 61 29.31
9 62 28.70
9 63 29.62
9 64 12.67
9 65 13.84
9 66 15.03
9 67 16.20
9 68 17.34
9 69 18.46
9 70 19.55
9 71 20.63
9 72 21.68
9 73 22.71
9 74 23.73
9 75 24.73
9 76 25.72
9 77 26.70
9 78 27.67
9 79 28.63
9 80 29.58
9 81 30.52
9 82 31.45
9 83 32.38
9 84 33.31
9 85 34.23
9 86 35.14
9 87 36.05
9 88 36.96
9 89 37.87
9 90 38.79
9 91 39.71
9 92 40.65
9 93 41.72
9 94 42.71
9 95 22.22
10 1 7.99
10 2 9.87
10 3 8.21
10 4 6.82
10 5 5.56
10 6 4.37
10 7 3.23
10 8 2.13
10 9 1.05
10 10 0.00
10 11 1.04
10 12 2.06
10 13 3.07
10 14 4.07
10 15 5.07
10 16 6.06
10 17 7.05
10 18 8.04
10 19 9.02
10 20 10.01
10 21 11.00
10 22 12.00
10 23 13.00
10 24 14.02
10 25 15.05
10 26 16.10
10 27 17.17
10 28 18.29
10 29 19.48
10 30 20.82
10 31 22.91
10 32 23.83
10 33 15.92
10 34 17.28
10 35 18.28
10 36 19.10
10 37 19.83
10 38 20.49
10 39 21.10
10 40 21.68
10 41 22.23
10 42 22.76
10 43 23.27
10 44 23.76
10 45 24.25
10 46 24.72
10 47 25.19
10 48 25.64
10 49 26.09
10 50 26.53
10 51 26.96
10 52 27.38
10 53 27.78
10 54 28.18
10 55 28.56
10 56 28.92
10 57 29.26
10 58 29.57
10 59 29.83
10 60 30.01
10 61 30.03
10 62 29.31
10 63 30.22
10 64 13.42
10 65 14.51
10 66 15.65
10 67 16.79
10 68 17.92
10 69 19.02
10 70 20.11
10 71 21.18
10 72 22.23
10 73 23.26
10 74 24.28
10 75 25.29
10 76 26.29
10 77 27.27
10 78 28.25
10 79 29.22
10 80 30.17
10 81 31.13
10 82 32.07
10 83 33.01
10 84 33.94
10 85 34.88
10 86 35.80
10 87 36.73
10 88 37.66
10 89 38.58
10 90 39.51
10 91 40.46
10 92 41.42
10 93 42.55
10 94 43.54
10 95 22.95
11 1 8.91
11 2 10.85
11 3 9.21
11 4 7.83
11 5 6.58
11 6 5.39
11 7 4.26
11 8 3.16
11 9 2.09
11 10 1.04
11 11 0.00
11 12 1.02
11 13 2.04
11 14 3.04
11 15 4.04
11 16 5.03
11 17 6.03
11 18 7.02
11 19 8.01
11 20 9.00
11 21 10.00
11 22 11.00
11 23 12.01
11 24 13.04
11 25 14.08
11 26 15.14
11 27 16.22
11 28 17.36
11 29 18.57
11 30 19.94
11 31 22.11
11 32 23.01
11 33 16.87
11 34 18.26
11 35 19.27
11 36 20.11
11 37 20.85
11 38 21.52
11 39 22.13
11 40 22.71
11 41 23.26
11 42 23.79
11 43 24.30
11 44 24.79
11 45 25.27
11 46 25.74
11 47 26.20
11 48 26.65
11 49 27.08
11 50 27.51
11 51 27.93
11 52 28.34
11 53 28.73
11 54 29.11
11 55 29.48
11 56 29.82
11 57 30.14
11 58 30.43
11 59 30.66
11 60 30.81
11 61 30.79
11 62 29.99
11 63 30.89
11 64 14.17
11 65 15.18
11 66 16.27
11 67 17.38
11 68 18.48
11 69 19.57
11 70 20.65
11 71 21.71
11 72 22.76
11 73 23.79
11 74 24.81
11 75 25.82
11 76 26.83
11 77 27.82
11 78 28.80
11 79 29.77
11 80 30.74
11 81 31.70
11 82 32.65
11 83 33.60
11 84 34.55
11 85 35.49
11 86 36.43
11 87 37.37
11 88 38.31
11 89 39.25
11 90 40.20
11 91 41.17
11 92 42.16
11 93 43.34
11 94 44.33
11 95 23.65
12 1 9.85
12 2 11.80
12 3 10.19
12 4 8.83
12 5 7.58
12 6 6.40
12 7 5.27
12 8 4.18
12 9 3.11
12 10 2.06
12 11 1.02
12 12 0.00
12 13 1.01
12 14 2.02
12 15 3.02
12 16 4.02
12 17 5.01
12 18 6.01
12 19 7.00
12 20 8.00
12 21 9.00
12 22 10.01
12 23 11.03
12 24 12.06
12 25 13.11
12 26 14.18
12 27 15.28
12 28 16.43
12 29 17.66
12 30 19.06
12 31 21.30
12 32 22.20
12 33 17.80
12 34 19.21
12 35 20.25
12 36 21.10
12 37 21.85
12 38 22.52
12 39 23.15
12 40 23.73
12 41 24.29
12 42 24.81
12 43 25.32
12 44 25.82
12 45 26.29
12 46 26.76
12 47 27.21
12 48 27.65
12 49 28.08
12 50 28.50
12 51 28.91
12 52 29.31
12 53 29.69
12 54 30.06
12 55 30.41
12 56 30.74
12 57 31.04
12 58 31.31
12 59 31.52
12 60 31.64
12 61 31.59
12 62 30.71
12 63 31.60
12 64 14.90
12 65 15.84
12 66 16.88
12 67 17.95
12 68 19.03
12 69 20.11
12 70 21.17
12 71 22.22
12 72 23.27
12 73 24.30
12 74 25.32
12 75 26.34
12 76 27.34
12 77 28.33
12 78 29.32
12 79 30.30
12 80 31.28
12 81 32.24
12 82 33.21
12 83 34.17
12 84 35.12
12 85 36.08
12 86 37.03
12 87 37.98
12 88 38.93
12 89 39.89
12 90 40.86
12 91 41.84
12 92 42.86
12 93 44.09
12 94 45.09
12 95 24.33
13 1 10.82
13 2 12.74
13 3 11.15
13 4 9.81
13 5 8.57
13 6 7.40
13 7 6.27
13 8 5.18
13 9 4.12
13 10 3.07
13 11 2.04
13 12 1.01
13 13 0.00
13 14 1.01
13 15 2.01
13 16 3.01
13 17 4.00
13 18 5.00
13 19 6.00
13 20 7.00
13 21 8.01
13 22 9.02
13 23 10.05
13 24 11.08
13 25 12.14
13 26 13.22
13 27 14.33
13 28 15.50
13 29 16.75
13 30 18.18
13 31 20.49
13 32 21.38
13 33 18.71
13 34 20.15
13 35 21.20
13 36 22.07
13 37 22.83
13 38 23.51
13 39 24.14
13 40 24.73
13 41 25.29
13 42 25.83
13 43 26.34
13 44 26.83
13 45 27.31
13 46 27.77
13 47 28.22
13 48 28.66
13 49 29.08
13 50 29.50
13 51 29.90
13 52 30.29
13 53 30.66
13 54 31.02
13 55 31.36
13 56 31.68
13 57 31.97
13 58 32.22
13 59 32.41
13 60 32.51
13 61 32.42
13 62 31.48
13 63 32.36
13 64 15.63
13 65 16.49
13 66 17.49
13 67 18.52
13 68 19.57
13 69 20.63
13 70 21.68
13 71 22.73
13 72 23.76
13 73 24.79
13 74 25.82
13 75 26.83
13 76 27.83
13 77 28.83
13 78 29.82
13 79 30.81
13 80 31.79
13 81 32.77
13 82 33.74
13 83 34.70
13 84 35.67
13 85 36.63
13 86 37.60
13 87 38.56
13 88 39.53
13 89 40.50
13 90 41.48
13 91 42.49
13 92 43.53
13 93 44.82
13 94 45.81
13 95 24.99
14 1 11.80
14 2 13.67
14 3 12.11
14 4 10.77
14 5 9.55
14 6 8.38
14 7 7.27
14 8 6.18
14 9 5.12
14 10 4.07
14 11 3.04
14 12 2.02
14 13 1.01
14 14 0.00
14 15 1.00
14 16 2.00
14 17 3.00
14 18 4.00
14 19 5.00
14 20 6.01
14 21 7.02
14 22 8.04
14 23 9.07
14 24 10.11
14 25 11.17
14 26 12.26
14 27 13.38
14 28 14.56
14 29 15.83
14 30 17.29
14 31 19.68
14 32 20.55
14 33 19.61
14 34 21.06
14 35 22.13
14 36 23.02
14 37 23.79
14 38 24.49
14 39 25.13
14 40 25.72
14 41 26.29
14 42 26.83
14 43 27.34
14 44 27.83
14 45 28.31
14 46 28.77
14 47 29.22
14 48 29.66
14 49 30.08
14 50 30.49
14 51 30.89
14 52 31.27
14 53 31.64
14 54 31.99
14 55 32.32
14 56 32.63
14 57 32.91
14 58 33.14
14 59 33.32
14 60 33.40
14 61 33.28
14 62 32.28
14 63 33.15
14 64 16.35
14 65 17.14
14 66 18.09
14 67 19.09
14 68 20.11
14 69 21.15
14 70 22.18
14 71 23.22
14 72 24.25
14 73 25.27
14 74 26.29
14 75 27.31
14 76 28.31
14 77 29.31
14 78 30.31
14 79 31.30
14 80 32.28
14 81 33.27
14 82 34.24
14 83 35.22
14 84 36.19
14 85 37.17
14 86 38.14
14 87 39.12
14 88 40.10
14 89 41.08
14 90 42.08
14 91 43.11
14 92 44.18
14 93 45.52
14 94 46.51
14 95 25.63
15 1 12.79
15 2 14.59
15 3 13.05
15 4 11.73
15 5 10.51
15 6 9.36
15 7 8.25
15 8 7.17
15 9 6.11
15 10 5.07
15 11 4.04
15 12 3.02
15 13 2.01
15 14 1.00
15 15 0.00
15 16 1.00
15 17 2.00
15 18 3.00
15 19 4.00
15 20 5.01
15 21 6.03
15 22 7.05
15 23 8.08
15 24 9.13
15 25 10.20
15 26 11.30
15 27 12.43
15 28 13.62
15 29 14.91
15 30 16.39
15 31 18.86
15 32 19.71
15 33 20.49
15 34 21.97
15 35 23.06
15 36 23.96
15 37 24.74
15 38 25.45
15 39 26.10
15 40 26.70
15 41 27.27
15 42 27.82
15 43 28.33
15 44 28.83
15 45 29.31
15 46 29.78
15 47 30.23
15 48 30.66
15 49 31.08
15 50 31.49
15 51 31.88
15 52 32.26
15 53 32.63
15 54 32.97
15 55 33.30
15 56 33.59
15 57 33.86
15 58 34.08
15 59 34.25
15 60 34.31
15 61 34.17
15 62 33.12
15 63 33.98
15 64 17.06
15 65 17.79
15 66 18.68
15 67 19.64
15 68 20.64
15 69 21.66
15 70 22.68
15 71 23.70
15 72 24.72
15 73 25.74
15 74 26.76
15 75 27.77
15 76 28.77
15 77 29.78
15 78 30.77
15 79 31.77
15 80 32.76
15 81 33.75
15 82 34.73
15 83 35.71
15 84 36.70
15 85 37.68
15 86 38.66
15 87 39.65
15 88 40.64
15 89 41.64
15 90 42.66
15 91 43.70
15 92 44.80
15 93 46.19
15 94 47.18
15 95 26.25
16 1 13.79
16 2 15.49
16 3 13.98
16 4 12.68
16 5 11.48
16 6 10.33
16 7 9.23
16 8 8.15
16 9 7.10
16 10 6.06
16 11 5.03
16 12 4.02
16 13 3.01
16 14 2.00
16 15 1.00
16 16 0.00
16 17 1.00
16 18 2.00
16 19 3.01
16 20 4.02
16 21 5.03
16 22 6.06
16 23 7.10
16 24 8.15
16 25 9.23
16 26 10.33
16 27 11.48
16 28 12.68
16 29 13.98
16 30 15.49
16 31 18.03
16 32 18.87
16 33 21.35
16 34 22.86
16 35 23.96
16 36 24.88
16 37 25.68
16 38 26.40
16 39 27.06
16 40 27.67
16 41 28.25
16 42 28.80
16 43 29.32
16 44 29.82
16 45 30.31
16 46 30.77
16 47 31.22
16 48 31.66
16 49 32.08
16 50 32.49
16 51 32.88
16 52 33.26
16 53 33.62
16 54 33.96
16 55 34.28
16 56 34.57
16 57 34.83
16 58 35.04
16 59 35.19
16 60 35.24
16 61 35.09
16 62 33.99
16 63 34.84
16 64 17.77
16 65 18.43
16 66 19.27
16 67 20.20
16 68 21.17
16 69 22.16
16 70 23.16
16 71 24.17
16 72 25.19
16 73 26.20
16 74 27.21
16 75 28.22
16 76 29.22
16 77 30.23
16 78 31.22
16 79 32.22
16 80 33.22
16 81 34.21
16 82 35.20
16 83 36.19
16 84 37.18
16 85 38.17
16 86 39.16
16 87 40.16
16 88 41.16
16 89 42.18
16 90 43.21
16 91 44.27
16 92 45.40
16 93 46.85
16 94 47.83
16 95 26.87
17 1 14.78
17 2 16.39
17 3 14.91
17 4 13.62
17 5 12.43
17 6 11.30
17 7 10.20
17 8 9.13
17 9 8.08
17 10 7.05
17 11 6.03
17 12 5.01
17 13 4.00
17 14 3.00
17 15 2.00
17 16 1.00
17 17 0.00
17 18 1.00
17 19 2.01
17 20 3.02
17 21 4.04
17 22 5.07
17 23 6.11
17 24 7.17
17 25 8.25
17 26 9.36
17 27 10.51
17 28 11.73
17 29 13.05
17 30 14.59
17 31 17.19
17 32 18.02
17 33 22.21
17 34 23.73
17 35 24.86
17 36 25.79
17 37 26.60
17 38 27.33
17 39 28.00
17 40 28.63
17 41 29.22
17 42 29.77
17 43 30.30
17 44 30.81
17 45 31.30
17 46 31.77
17 47 32.22
17 48 32.66
17 49 33.08
17 50 33.49
17 51 33.88
17 52 34.26
17 53 34.62
17 54 34.95
17 55 35.27
17 56 35.55
17 57 35.81
17 58 36.01
17 59 36.16
17 60 36.19
17 61 36.02
17 62 34.89
17 63 35.73
17 64 18.48
17 65 19.07
17 66 19.86
17 67 20.75
17 68 21.69
17 69 22.66
17 70 23.64
17 71 24.64
17 72 25.64
17 73 26.65
17 74 27.65
17 75 28.65
17 76 29.66
17 77 30.66
17 78 31.66
17 79 32.66
17 80 33.66
17 81 34.65
17 82 35.65
17 83 36.64
17 84 37.64
17 85 38.64
17 86 39.64
17 87 40.65
17 88 41.67
17 89 42.69
17 90 43.74
17 91 44.82
17 92 45.97
17 93 47.48
17 94 48.46
17 95 27.47
18 1 15.79
18 2 17.29
18 3 15.83
18 4 14.56
18 5 13.38
18 6 12.26
18 7 11.17
18 8 10.11
18 9 9.07
18 10 8.04
18 11 7.02
18 12 6.01
18 13 5.00
18 14 4.00
18 15 3.00
18 16 2.00
18 17 1.00
18 18 0.00
18 19 1.01
18 20 2.02
18 21 3.04
18 22 4.07
18 23 5.12
18 24 6.18
18 25 7.27
18 26 8.38
18 27 9.55
18 28 10.77
18 29 12.11
18 30 13.67
18 31 16.35
18 32 17.15
18 33 23.06
18 34 24.60
18 35 25.75
18 36 26.69
18 37 27.52
18 38 28.26
18 39 28.94
18 40 29.58
18 41 30.17
18 42 30.74
18 43 31.28
18 44 31.79
18 45 32.28
18 46 32.76
18 47 33.22
18 48 33.66
18 49 34.08
18 50 34.49
18 51 34.88
18 52 35.26
18 53 35.62
18 54 35.95
18 55 36.27
18 56 36.55
18 57 36.80
18 58 37.00
18 59 37.13
18 60 37.16
18 61 36.98
18 62 35.81
18 63 36.65
18 64 19.18
18 65 19.70
18 66 20.45
18 67 21.30
18 68 22.21
18 69 23.15
18 70 24.12
18 71 25.10
18 72 26.09
18 73 27.08
18 74 28.08
18 75 29.08
18 76 30.08
18 77 31.08
18 78 32.08
18 79 33.08
18 80 34.08
18 81 35.08
18 82 36.08
18 83 37.08
18 84 38.09
18 85 39.09
18 86 40.10
18 87 41.12
18 88 42.15
18 89 43.19
18 90 44.25
18 91 45.35
18 92 46.52
18 93 48.08
18 94 49.06
18 95 28.05
19 1 16.79
19 2 18.18
19 3 16.75
19 4 15.50
19 5 14.33
19 6 13.22
19 7 12.14
19 8 11.08
19 9 10.05
19 10 9.02
19 11 8.01
19 12 7.00
19 13 6.00
19 14 5.00
19 15 4.00
19 16 3.01
19 17 2.01
19 18 1.01
19 19 0.00
19 20 1.01
19 21 2.04
19 22 3.07
19 23 4.12
19 24 5.18
19 25 6.27
19 26 7.40
19 27 8.57
19 28 9.81
19 29 11.15
19 30 12.74
19 31 15.49
19 32 16.28
19 33 23.90
19 34 25.46
19 35 26.62
19 36 27.59
19 37 28.43
19 38 29.18
19 39 29.88
19 40 30.52
19 41 31.13
19 42 31.70
19 43 32.24
19 44 32.77
19 45 33.27
19 46 33.75
19 47 34.21
19 48 34.65
19 49 35.08
19 50 35.49
19 51 35.89
19 52 36.27
19 53 36.62
19 54 36.96
19 55 37.27
19 56 37.55
19 57 37.80
19 58 38.00
19 59 38.13
19 60 38.15
19 61 37.95
19 62 36.76
19 63 37.59
19 64 19.88
19 65 20.34
19 66 21.03
19 67 21.84
19 68 22.72
19 69 23.64
19 70 24.59
19 71 25.55
19 72 26.53
19 73 27.51
19 74 28.50
19 75 29.50
19 76 30.49
19 77 31.49
19 78 32.49
19 79 33.49
19 80 34.49
19 81 35.49
19 82 36.50
19 83 37.50
19 84 38.51
19 85 39.53
19 86 40.55
19 87 41.57
19 88 42.61
19 89 43.66
19 90 44.74
19 91 45.86
19 92 47.06
19 93 48.67
19 94 49.65
19 95 28.63
20 1 17.80
20 2 19.06
20 3 17.66
20 4 16.43
20 5 15.28
20 6 14.18
20 7 13.11
20 8 12.06
20 9 11.03
20 10 10.01
20 11 9.00
20 12 8.00
20 13 7.00
20 14 6.01
20 15 5.01
20 16 4.02
20 17 3.02
20 18 2.02
20 19 1.01
20 20 0.00
20 21 1.02
20 22 2.06
20 23 3.11
20 24 4.18
20 25 5.27
20 26 6.40
20 27 7.58
20 28 8.83
20 29 10.19
20 30 11.80
20 31 14.62
20 32 15.39
20 33 24.73
20 34 26.31
20 35 27.49
20 36 28.47
20 37 29.32
20 38 30.09
20 39 30.80
20 40 31.46
20 41 32.07
20 42 32.65
20 43 33.21
20 44 33.74
20 45 34.24
20 46 34.73
20 47 35.20
20 48 35.65
20 49 36.08
20 50 36.50
20 51 36.90
20 52 37.28
20 53 37.64
20 54 37.97
20 55 38.28
20 56 38.57
20 57 38.81
20 58 39.01
20 59 39.13
20 60 39.15
20 61 38.94
20 62 37.73
20 63 38.56
20 64 20.58
20 65 20.97
20 66 21.62
20 67 22.39
20 68 23.23
20 69 24.12
20 70 25.05
20 71 25.99
20 72 26.96
20 73 27.93
20 74 28.91
20 75 29.90
20 76 30.89
20 77 31.88
20 78 32.88
20 79 33.88
20 80 34.88
20 81 35.89
20 82 36.90
20 83 37.91
20 84 38.92
20 85 39.94
20 86 40.97
20 87 42.00
20 88 43.05
20 89 44.11
20 90 45.21
20 91 46.34
20 92 47.57
20 93 49.24
20 94 50.21
20 95 29.20
21 1 18.82
21 2 19.94
21 3 18.57
21 4 17.36
21 5 16.22
21 6 15.14
21 7 14.08
21 8 13.04
21 9 12.01
21 10 11.00
21 11 10.00
21 12 9.00
21 13 8.01
21 14 7.02
21 15 6.03
21 16 5.03
21 17 4.04
21 18 3.04
21 19 2.04
21 20 1.02
21 21 0.00
21 22 1.04
21 23 2.09
21 24 3.16
21 25 4.26
21 26 5.39
21 27 6.58
21 28 7.83
21 29 9.21
21 30 10.85
21 31 13.74
21 32 14.48
21 33 25.55
21 34 27.15
21 35 28.35
21 36 29.34
21 37 30.21
21 38 31.00
21 39 31.72
21 40 32.38
21 41 33.01
21 42 33.60
21 43 34.17
21 44 34.70
21 45 35.22
21 46 35.71
21 47 36.19
21 48 36.65
21 49 37.08
21 50 37.50
21 51 37.91
21 52 38.29
21 53 38.65
21 54 38.99
21 55 39.31
21 56 39.59
21 57 39.83
21 58 40.03
21 59 40.15
21 60 40.16
21 61 39.95
21 62 38.72
21 63 39.55
21 64 21.27
21 65 21.60
21 66 22.19
21 67 22.92
21 68 23.74
21 69 24.60
21 70 25.50
21 71 26.43
21 72 27.38
21 73 28.34
21 74 29.31
21 75 30.29
21 76 31.27
21 77 32.26
21 78 33.26
21 79 34.26
21 80 35.26
21 81 36.27
21 82 37.27
21 83 38.29
21 84 39.31
21 85 40.33
21 86 41.37
21 87 42.41
21 88 43.47
21 89 44.55
21 90 45.65
21 91 46.80
21 92 48.05
21 93 49.78
21 94 50.75
21 95 29.75
22 1 19.84
22 2 20.82
22 3 19.48
22 4 18.29
22 5 17.17
22 6 16.10
22 7 15.05
22 8 14.02
22 9 13.00
22 10 12.00
22 11 11.00
22 12 10.01
22 13 9.02
22 14 8.04
22 15 7.05
22 16 6.06
22 17 5.07
22 18 4.07
22 19 3.07
22 20 2.06
22 21 1.04
22 22 0.00
22 23 1.05
22 24 2.13
22 25 3.23
22 26 4.37
22 27 5.56
22 28 6.82
22 29 8.21
22 30 9.87
22 31 12.83
22 32 13.55
22 33 26.37
22 34 27.99
22 35 29.20
22 36 30.21
22 37 31.10
22 38 31.90
22 39 32.63
22 40 33.31
22 41 33.95
22 42 34.55
22 43 35.12
22 44 35.67
22 45 36.19
22 46 36.70
22 47 37.18
22 48 37.64
22 49 38.09
22 50 38.51
22 51 38.92
22 52 39.31
22 53 39.68
22 54 40.02
22 55 40.34
22 56 40.62
22 57 40.87
22 58 41.06
22 59 41.19
22 60 41.20
22 61 40.98
22 62 39.74
22 63 40.56
22 64 21.96
22 65 22.22
22 66 22.77
22 67 23.46
22 68 24.23
22 69 25.07
22 70 25.95
22 71 26.85
22 72 27.78
22 73 28.73
22 74 29.69
22 75 30.66
22 76 31.64
22 77 32.63
22 78 33.62
22 79 34.61
22 80 35.62
22 81 36.62
22 82 37.63
22 83 38.65
22 84 39.67
22 85 40.71
22 86 41.75
22 87 42.80
22 88 43.87
22 89 44.95
22 90 46.07
22 91 47.24
22 92 48.52
22 93 50.30
22 94 51.26
22 95 30.29
23 1 20.87
23 2 21.70
23 3 20.39
23 4 19.22
23 5 18.12
23 6 17.06
23 7 16.02
23 8 15.01
23 9 14.00
23 10 13.00
23 11 12.01
23 12 11.03
23 13 10.05
23 14 9.07
23 15 8.08
23 16 7.10
23 17 6.11
23 18 5.12
23 19 4.12
23 20 3.11
23 21 2.09
23 22 1.05
23 23 0.00
23 24 1.07
23 25 2.18
23 26 3.32
23 27 4.52
23 28 5.79
23 29 7.20
23 30 8.88
23 31 11.91
23 32 12.60
23 33 27.18
23 34 28.82
23 35 30.05
23 36 31.07
23 37 31.98
23 38 32.79
23 39 33.53
23 40 34.23
23 41 34.88
23 42 35.49
23 43 36.08
23 44 36.63
23 45 37.17
23 46 37.68
23 47 38.17
23 48 38.64
23 49 39.09
23 50 39.53
23 51 39.94
23 52 40.33
23 53 40.71
23 54 41.05
23 55 41.38
23 56 41.66
23 57 41.91
23 58 42.11
23 59 42.24
23 60 42.25
23 61 42.03
23 62 40.79
23 63 41.61
23 64 22.65
23 65 22.84
23 66 23.34
23 67 23.98
23 68 24.72
23 69 25.53
23 70 26.38
23 71 27.27
23 72 28.18
23 73 29.11
23 74 30.06
23 75 31.02
23 76 31.99
23 77 32.97
23 78 33.96
23 79 34.95
23 80 35.95
23 81 36.96
23 82 37.97
23 83 38.99
23 84 40.02
23 85 41.06
23 86 42.10
23 87 43.16
23 88 44.24
23 89 45.34
23 90 46.47
23 91 47.66
23 92 48.96
23 93 50.80
23 94 51.75
23 95 30.82
24 1 21.91
24 2 22.58
24 3 21.30
24 4 20.16
24 5 19.08
24 6 18.03
24 7 17.01
24 8 16.00
24 9 15.01
24 10 14.02
24 11 13.04
24 12 12.06
24 13 11.08
24 14 10.11
24 15 9.13
24 16 8.15
24 17 7.17
24 18 6.18
24 19 5.18
24 20 4.18
24 21 3.16
24 22 2.13
24 23 1.07
24 24 0.00
24 25 1.10
24 26 2.25
24 27 3.45
24 28 4.73
24 29 6.15
24 30 7.85
24 31 10.96
24 32 11.62
24 33 27.98
24 34 29.64
24 35 30.89
24 36 31.93
24 37 32.85
24 38 33.67
24 39 34.43
24 40 35.14
24 41 35.80
24 42 36.43
24 43 37.03
24 44 37.60
24 45 38.14
24 46 38.66
24 47 39.16
24 48 39.64
24 49 40.10
24 50 40.55
24 51 40.97
24 52 41.37
24 53 41.75
24 54 42.10
24 55 42.43
24 56 42.72
24 57 42.98
24 58 43.18
24 59 43.31
24 60 43.32
24 61 43.11
24 62 41.86
24 63 42.68
24 64 23.33
24 65 23.46
24 66 23.90
24 67 24.50
24 68 25.21
24 69 25.98
24 70 26.81
24 71 27.67
24 72 28.56
24 73 29.48
24 74 30.41
24 75 31.36
24 76 32.32
24 77 33.30
24 78 34.28
24 79 35.27
24 80 36.27
24 81 37.27
24 82 38.28
24 83 39.31
24 84 40.34
24 85 41.38
24 86 42.43
24 87 43.49
24 88 44.58
24 89 45.69
24 90 46.84
24 91 48.04
24 92 49.37
24 93 51.26
24 94 52.22
24 95 31.33
25 1 22.96
25 2 23.45
25 3 22.22
25 4 21.10
25 5 20.04
25 6 19.01
25 7 18.00
25 8 17.01
25 9 16.02
25 10 15.05
25 11 14.08
25 12 13.11
25 13 12.14
25 14 11.17
25 15 10.20
25 16 9.23
25 17 8.25
25 18 7.27
25 19 6.27
25 20 5.27
25 21 4.26
25 22 3.23
25 23 2.18
25 24 1.10
25 25 0.00
25 26 1.15
25 27 2.35
25 28 3.64
25 29 5.07
25 30 6.79
25 31 9.97
25 32 10.60
25 33 28.78
25 34 30.46
25 35 31.72
25 36 32.78
25 37 33.71
25 38 34.56
25 39 35.33
25 40 36.05
25 41 36.73
25 42 37.37
25 43 37.98
25 44 38.56
25 45 39.12
25 46 39.65
25 47 40.16
25 48 40.65
25 49 41.12
25 50 41.57
25 51 42.00
25 52 42.41
25 53 42.80
25 54 43.16
25 55 43.49
25 56 43.80
25 57 44.06
25 58 44.26
25 59 44.40
25 60 44.42
25 61 44.21
25 62 42.96
25 63 43.78
25 64 24.01
25 65 24.07
25 66 24.46
25 67 25.01
25 68 25.68
25 69 26.42
25 70 27.21
25 71 28.05
25 72 28.92
25 73 29.82
25 74 30.74
25 75 31.68
25 76 32.63
25 77 33.59
25 78 34.57
25 79 35.55
25 80 36.55
25 81 37.55
25 82 38.57
25 83 39.59
25 84 40.62
25 85 41.67
25 86 42.72
25 87 43.80
25 88 44.89
25 89 46.01
25 90 47.17
25 91 48.39
25 92 49.74
25 93 51.70
25 94 52.65
25 95 31.83
26 1 24.03
26 2 24.34
26 3 23.14
26 4 22.05
26 5 21.01
26 6 20.00
26 7 19.01
26 8 18.03
26 9 17.06
26 10 16.10
26 11 15.14
26 12 14.18
26 13 13.22
26 14 12.26
26 15 11.30
26 16 10.33
26 17 9.36
26 18 8.38
26 19 7.40
26 20 6.40
26 21 5.39
26 22 4.37
26 23 3.32
26 24 2.25
26 25 1.15
26 26 0.00
26 27 1.20
26 28 2.50
26 29 3.94
26 30 5.68
26 31 8.93
26 32 9.53
26 33 29.58
26 34 31.27
26 35 32.55
26 36 33.63
26 37 34.58
26 38 35.44
26 39 36.23
26 40 36.96
26 41 37.66
26 42 38.31
26 43 38.93
26 44 39.53
26 45 40.10
26 46 40.64
26 47 41.16
26 48 41.67
26 49 42.15
26 50 42.61
26 51 43.05
26 52 43.47
26 53 43.87
26 54 44.24
26 55 44.58
26 56 44.89
26 57 45.16
26 58 45.37
26 59 45.52
26 60 45.55
26 61 45.34
26 62 44.11
26 63 44.93
26 64 24.68
26 65 24.67
26 66 25.00
26 67 25.51
26 68 26.13
26 69 26.84
26 70 27.60
26 71 28.41
26 72 29.26
26 73 30.14
26 74 31.04
26 75 31.97
26 76 32.91
26 77 33.86
26 78 34.83
26 79 35.81
26 80 36.80
26 81 37.80
26 82 38.81
26 83 39.83
26 84 40.87
26 85 41.91
26 86 42.98
26 87 44.06
26 88 45.16
26 89 46.29
26 90 47.46
26 91 48.70
26 92 50.08
26 93 52.10
26 94 53.04
26 95 32.30
27 1 25.13
27 2 25.23
27 3 24.07
27 4 23.01
27 5 22.00
27 6 21.01
27 7 20.04
27 8 19.08
27 9 18.12
27 10 17.17
27 11 16.22
27 12 15.28
27 13 14.33
27 14 13.38
27 15 12.43
27 16 11.48
27 17 10.51
27 18 9.55
27 19 8.57
27 20 7.58
27 21 6.58
27 22 5.56
27 23 4.52
27 24 3.45
27 25 2.35
27 26 1.20
27 27 0.00
27 28 1.30
27 29 2.74
27 30 4.51
27 31 7.83
27 32 8.38
27 33 30.36
27 34 32.07
27 35 33.37
27 36 34.47
27 37 35.44
27 38 36.31
27 39 37.12
27 40 37.87
27 41 38.58
27 42 39.25
27 43 39.89
27 44 40.50
27 45 41.08
27 46 41.64
27 47 42.18
27 48 42.69
27 49 43.19
27 50 43.66
27 51 44.12
27 52 44.55
27 53 44.95
27 54 45.34
27 55 45.69
27 56 46.01
27 57 46.29
27 58 46.52
27 59 46.67
27 60 46.71
27 61 46.52
27 62 45.30
27 63 46.12
27 64 25.35
27 65 25.26
27 66 25.53
27 67 25.99
27 68 26.57
27 69 27.23
27 70 27.96
27 71 28.75
27 72 29.57
27 73 30.43
27 74 31.31
27 75 32.21
27 76 33.14
27 77 34.08
27 78 35.04
27 79 36.01
27 80 37.00
27 81 38.00
27 82 39.01
27 83 40.03
27 84 41.06
27 85 42.11
27 86 43.18
27 87 44.26
27 88 45.37
27 89 46.52
27 90 47.70
27 91 48.96
27 92 50.36
27 93 52.45
27 94 53.38
27 95 32.74
28 1 26.26
28 2 26.12
28 3 25.02
28 4 24.00
28 5 23.01
28 6 22.05
28 7 21.10
28 8 20.16
28 9 19.22
28 10 18.29
28 11 17.36
28 12 16.43
28 13 15.50
28 14 14.56
28 15 13.62
28 16 12.68
28 17 11.73
28 18 10.77
28 19 9.81
28 20 8.83
28 21 7.83
28 22 6.82
28 23 5.79
28 24 4.73
28 25 3.64
28 26 2.50
28 27 1.30
28 28 0.00
28 29 1.45
28 30 3.23
28 31 6.62
28 32 7.13
28 33 31.15
28 34 32.87
28 35 34.19
28 36 35.31
28 37 36.29
28 38 37.19
28 39 38.02
28 40 38.79
28 41 39.52
28 42 40.20
28 43 40.86
28 44 41.48
28 45 42.08
28 46 42.66
28 47 43.21
28 48 43.74
28 49 44.25
28 50 44.74
28 51 45.21
28 52 45.65
28 53 46.07
28 54 46.47
28 55 46.84
28 56 47.17
28 57 47.46
28 58 47.70
28 59 47.87
28 60 47.92
28 61 47.75
28 62 46.55
28 63 47.38
28 64 26.00
28 65 25.84
28 66 26.04
28 67 26.44
28 68 26.97
28 69 27.59
28 70 28.29
28 71 29.03
28 72 29.83
28 73 30.66
28 74 31.52
28 75 32.41
28 76 33.32
28 77 34.25
28 78 35.19
28 79 36.16
28 80 37.13
28 81 38.13
28 82 39.13
28 83 40.15
28 84 41.19
28 85 42.24
28 86 43.31
28 87 44.40
28 88 45.52
28 89 46.67
28 90 47.87
28 91 49.15
28 92 50.58
28 93 52.73
28 94 53.65
28 95 33.14
29 1 27.47
29 2 27.04
29 3 26.00
29 4 25.02
29 5 24.07
29 6 23.14
29 7 22.22
29 8 21.30
29 9 20.39
29 10 19.48
29 11 18.57
29 12 17.66
29 13 16.75
29 14 15.83
29 15 14.91
29 16 13.98
29 17 13.05
29 18 12.11
29 19 11.15
29 20 10.19
29 21 9.21
29 22 8.21
29 23 7.20
29 24 6.15
29 25 5.07
29 26 3.94
29 27 2.74
29 28 1.45
29 29 0.00
29 30 1.79
29 31 5.25
29 32 5.70
29 33 31.92
29 34 33.66
29 35 35.00
29 36 36.14
29 37 37.15
29 38 38.07
29 39 38.92
29 40 39.71
29 41 40.46
29 42 41.17
29 43 41.84
29 44 42.49
29 45 43.11
29 46 43.70
29 47 44.27
29 48 44.82
29 49 45.35
29 50 45.86
29 51 46.34
29 52 46.80
29 53 47.24
29 54 47.66
29 55 48.04
29 56 48.39
29 57 48.70
29 58 48.96
29 59 49.15
29 60 49.22
29 61 49.07
29 62 47.91
29 63 48.74
29 64 26.64
29 65 26.38
29 66 26.51
29 67 26.85
29 68 27.32
29 69 27.89
29 70 28.54
29 71 29.25
29 72 30.01
29 73 30.81
29 74 31.64
29 75 32.51
29 76 33.40
29 77 34.31
29 78 35.24
29 79 36.19
29 80 37.16
29 81 38.15
29 82 39.15
29 83 40.16
29 84 41.20
29 85 42.25
29 86 43.32
29 87 44.42
29 88 45.55
29 89 46.71
29 90 47.92
29 91 49.22
29 92 50.68
29 93 52.91
29 94 53.82
29 95 33.48
30 1 28.81
30 2 28.00
30 3 27.04
30 4 26.12
30 5 25.23
30 6 24.34
30 7 23.45
30 8 22.58
30 9 21.70
30 10 20.82
30 11 19.94
30 12 19.06
30 13 18.18
30 14 17.29
30 15 16.39
30 16 15.49
30 17 14.59
30 18 13.67
30 19 12.74
30 20 11.80
30 21 10.85
30 22 9.87
30 23 8.88
30 24 7.85
30 25 6.79
30 26 5.68
30 27 4.51
30 28 3.23
30 29 1.79
30 30 0.00
30 31 3.51
30 32 3.91
30 33 32.68
30 34 34.44
30 35 35.81
30 36 36.97
30 37 38.01
30 38 38.95
30 39 39.83
30 40 40.65
30 41 41.42
30 42 42.16
30 43 42.86
30 44 43.53
30 45 44.18
30 46 44.80
30 47 45.40
30 48 45.97
30 49 46.52
30 50 47.06
30 51 47.57
30 52 48.05
30 53 48.52
30 54 48.96
30 55 49.37
30 56 49.74
30 57 50.08
30 58 50.37
30 59 50.58
30 60 50.68
30 61 50.57
30 62 49.47
30 63 50.32
30 64 27.24
30 65 26.87
30 66 26.91
30 67 27.16
30 68 27.56
30 69 28.06
30 70 28.66
30 71 29.31
30 72 30.03
30 73 30.79
30 74 31.59
30 75 32.42
30 76 33.28
30 77 34.17
30 78 35.09
30 79 36.02
30 80 36.97
30 81 37.95
30 82 38.94
30 83 39.95
30 84 40.98
30 85 42.03
30 86 43.11
30 87 44.21
30 88 45.34
30 89 46.52
30 90 47.75
30 91 49.07
30 92 50.57
30 93 52.89
30 94 53.79
30 95 33.68
31 1 30.82
31 2 29.19
31 3 28.42
31 4 27.64
31 5 26.86
31 6 26.07
31 7 25.29
31 8 24.50
31 9 23.70
31 10 22.91
31 11 22.11
31 12 21.30
31 13 20.49
31 14 19.68
31 15 18.86
31 16 18.03
31 17 17.19
31 18 16.35
31 19 15.49
31 20 14.62
31 21 13.74
31 22 12.83
31 23 11.91
31 24 10.96
31 25 9.97
31 26 8.93
31 27 7.83
31 28 6.62
31 29 5.25
31 30 3.51
31 31 0.00
31 32 1.00
31 33 33.42
31 34 35.21
31 35 36.61
31 36 37.83
31 37 38.91
31 38 39.91
31 39 40.84
31 40 41.72
31 41 42.55
31 42 43.34
31 43 44.09
31 44 44.82
31 45 45.52
31 46 46.20
31 47 46.85
31 48 47.48
31 49 48.08
31 50 48.67
31 51 49.24
31 52 49.78
31 53 50.30
31 54 50.80
31 55 51.26
31 56 51.70
31 57 52.10
31 58 52.45
31 59 52.73
31 60 52.91
31 61 52.89
31 62 51.96
31 63 52.83
31 64 27.70
31 65 27.12
31 66 26.97
31 67 27.05
31 68 27.30
31 69 27.67
31 70 28.14
31 71 28.70
31 72 29.31
31 73 29.99
31 74 30.71
31 75 31.48
31 76 32.28
31 77 33.12
31 78 33.99
31 79 34.89
31 80 35.81
31 81 36.76
31 82 37.73
31 83 38.72
31 84 39.74
31 85 40.79
31 86 41.86
31 87 42.96
31 88 44.11
31 89 45.30
31 90 46.55
31 91 47.91
31 92 49.47
31 93 51.96
31 94 52.83
31 95 33.29
32 1 31.75
32 2 30.19
32 3 29.40
32 4 28.62
32 5 27.83
32 6 27.03
32 7 26.24
32 8 25.44
32 9 24.63
32 10 23.83
32 11 23.01
32 12 22.20
32 13 21.38
32 14 20.55
32 15 19.71
32 16 18.87
32 17 18.02
32 18 17.15
32 19 16.28
32 20 15.39
32 21 14.48
32 22 13.55
32 23 12.60
32 24 11.62
32 25 10.60
32 26 9.53
32 27 8.38
32 28 7.13
32 29 5.70
32 30 3.91
32 31 1.00
32 32 0.00
32 33 34.42
32 34 36.21
32 35 37.61
32 36 38.83
32 37 39.91
32 38 40.91
32 39 41.84
32 40 42.71
32 41 43.54
32 42 44.33
32 43 45.09
32 44 45.81
32 45 46.51
32 46 47.18
32 47 47.83
32 48 48.46
32 49 49.06
32 50 49.65
32 51 50.21
32 52 50.75
32 53 51.26
32 54 51.75
32 55 52.22
32 56 52.65
32 57 53.04
32 58 53.38
32 59 53.65
32 60 53.82
32 61 53.79
32 62 52.83
32 63 53.69
32 64 28.70
32 65 28.11
32 66 27.94
32 67 28.02
32 68 28.26
32 69 28.62
32 70 29.08
32 71 29.62
32 72 30.22
32 73 30.89
32 74 31.60
32 75 32.36
32 76 33.15
32 77 33.98
32 78 34.84
32 79 35.73
32 80 36.65
32 81 37.59
32 82 38.56
32 83 39.55
32 84 40.56
32 85 41.61
32 86 42.68
32 87 43.78
32 88 44.93
32 89 46.12
32 90 47.38
32 91 48.74
32 92 50.32
32 93 52.83
32 94 53.69
32 95 34.23
33 1 12.82
33 2 6.08
33 3 7.84
33 4 9.29
33 5 10.58
33 6 11.76
33 7 12.87
33 8 13.92
33 9 14.94
33 10 15.92
33 11 16.87
33 12 17.80
33 13 18.71
33 14 19.61
33 15 20.49
33 16 21.35
33 17 22.21
33 18 23.06
33 19 23.90
33 20 24.73
33 21 25.55
33 22 26.37
33 23 27.18
33 24 27.98
33 25 28.78
33 26 29.58
33 27 30.36
33 28 31.15
33 29 31.92
33 30 32.68
33 31 33.42
33 32 34.42
33 33 0.00
33 34 1.79
33 35 3.23
33 36 4.51
33 37 5.68
33 38 6.79
33 39 7.85
33 40 8.88
33 41 9.87
33 42 10.85
33 43 11.80
33 44 12.74
33 45 13.67
33 46 14.59
33 47 15.49
33 48 16.39
33 49 17.29
33 50 18.18
33 51 19.06
33 52 19.94
33 53 20.82
33 54 21.70
33 55 22.58
33 56 23.45
33 57 24.34
33 58 25.23
33 59 26.12
33 60 27.04
33 61 28.00
33 62 29.19
33 63 30.19
33 64 6.08
33 65 7.41
33 66 8.47
33 67 9.41
33 68 10.28
33 69 11.10
33 70 11.90
33 71 12.67
33 72 13.42
33 73 14.17
33 74 14.90
33 75 15.63
33 76 16.35
33 77 17.06
33 78 17.77
33 79 18.48
33 80 19.18
33 81 19.88
33 82 20.58
33 83 21.27
33 84 21.96
33 85 22.65
33 86 23.33
33 87 24.01
33 88 24.68
33 89 25.34
33 90 26.00
33 91 26.63
33 92 27.24
33 93 27.70
33 94 28.70
33 95 10.76
34 1 13.47
34 2 7.41
34 3 9.09
34 4 10.52
34 5 11.82
34 6 13.02
34 7 14.15
34 8 15.23
34 9 16.27
34 10 17.28
34 11 18.26
34 12 19.21
34 13 20.15
34 14 21.06
34 15 21.97
34 16 22.86
34 17 23.73
34 18 24.60
34 19 25.46
34 20 26.31
34 21 27.15
34 22 27.99
34 23 28.82
34 24 29.64
34 25 30.46
34 26 31.27
34 27 32.07
34 28 32.87
34 29 33.66
34 30 34.44
34 31 35.21
34 32 36.21
34 33 1.79
34 34 0.00
34 35 1.45
34 36 2.74
34 37 3.94
34 38 5.07
34 39 6.15
34 40 7.19
34 41 8.21
34 42 9.21
34 43 10.19
34 44 11.15
34 45 12.11
34 46 13.05
34 47 13.98
34 48 14.91
34 49 15.83
34 50 16.75
34 51 17.66
34 52 18.57
34 53 19.48
34 54 20.39
34 55 21.30
34 56 22.22
34 57 23.14
34 58 24.07
34 59 25.02
34 60 26.00
34 61 27.04
34 62 28.42
34 63 29.40
34 64 7.84
34 65 9.09
34 66 10.06
34 67 10.91
34 68 11.70
34 69 12.44
34 70 13.15
34 71 13.84
34 72 14.52
34 73 15.18
34 74 15.84
34 75 16.49
34 76 17.14
34 77 17.79
34 78 18.43
34 79 19.07
34 80 19.71
34 81 20.34
34 82 20.97
34 83 21.60
34 84 22.22
34 85 22.85
34 86 23.46
34 87 24.07
34 88 24.67
34 89 25.26
34 90 25.84
34 91 26.38
34 92 26.87
34 93 27.12
34 94 28.11
34 95 11.37
35 1 13.92
35 2 8.47
35 3 10.06
35 4 11.47
35 5 12.76
35 6 13.96
35 7 15.10
35 8 16.20
35 9 17.25
35 10 18.28
35 11 19.27
35 12 20.25
35 13 21.20
35 14 22.13
35 15 23.06
35 16 23.96
35 17 24.86
35 18 25.75
35 19 26.62
35 20 27.49
35 21 28.35
35 22 29.20
35 23 30.05
35 24 30.89
35 25 31.72
35 26 32.55
35 27 33.37
35 28 34.19
35 29 35.00
35 30 35.81
35 31 36.61
35 32 37.61
35 33 3.23
35 34 1.45
35 35 0.00
35 36 1.30
35 37 2.50
35 38 3.64
35 39 4.73
35 40 5.79
35 41 6.82
35 42 7.83
35 43 8.83
35 44 9.80
35 45 10.77
35 46 11.73
35 47 12.68
35 48 13.62
35 49 14.56
35 50 15.50
35 51 16.43
35 52 17.36
35 53 18.29
35 54 19.22
35 55 20.16
35 56 21.10
35 57 22.05
35 58 23.01
35 59 24.00
35 60 25.02
35 61 26.12
35 62 27.64
35 63 28.62
35 64 9.29
35 65 10.52
35 66 11.47
35 67 12.28
35 68 13.02
35 69 13.72
35 70 14.38
35 71 15.03
35 72 15.66
35 73 16.27
35 74 16.88
35 75 17.49
35 76 18.09
35 77 18.68
35 78 19.27
35 79 19.86
35 80 20.45
35 81 21.04
35 82 21.62
35 83 22.19
35 84 22.77
35 85 23.34
35 86 23.90
35 87 24.46
35 88 25.00
35 89 25.53
35 90 26.04
35 91 26.51
35 92 26.91
35 93 26.97
35 94 27.95
35 95 12.23
36 1 14.29
36 2 9.41
36 3 10.91
36 4 12.28
36 5 13.56
36 6 14.76
36 7 15.90
36 8 17.00
36 9 18.07
36 10 19.10
36 11 20.11
36 12 21.10
36 13 22.07
36 14 23.02
36 15 23.96
36 16 24.88
36 17 25.79
36 18 26.69
36 19 27.59
36 20 28.47
36 21 29.34
36 22 30.21
36 23 31.07
36 24 31.93
36 25 32.78
36 26 33.63
36 27 34.47
36 28 35.31
36 29 36.14
36 30 36.97
36 31 37.83
36 32 38.83
36 33 4.51
36 34 2.74
36 35 1.30
36 36 0.00
36 37 1.20
36 38 2.35
36 39 3.45
36 40 4.51
36 41 5.56
36 42 6.58
36 43 7.58
36 44 8.57
36 45 9.55
36 46 10.52
36 47 11.48
36 48 12.43
36 49 13.38
36 50 14.33
36 51 15.28
36 52 16.22
36 53 17.17
36 54 18.12
36 55 19.08
36 56 20.04
36 57 21.01
36 58 22.00
36 59 23.01
36 60 24.07
36 61 25.22
36 62 26.86
36 63 27.83
36 64 10.58
36 65 11.82
36 66 12.76
36 67 13.56
36 68 14.28
36 69 14.95
36 70 15.58
36 71 16.20
36 72 16.79
36 73 17.38
36 74 17.96
36 75 18.52
36 76 19.09
36 77 19.65
36 78 20.20
36 79 20.75
36 80 21.30
36 81 21.85
36 82 22.39
36 83 22.92
36 84 23.46
36 85 23.98
36 86 24.50
36 87 25.01
36 88 25.51
36 89 25.99
36 90 26.44
36 91 26.85
36 92 27.16
36 93 27.05
36 94 28.02
36 95 13.20
37 1 14.61
37 2 10.28
37 3 11.70
37 4 13.02
37 5 14.28
37 6 15.47
37 7 16.61
37 8 17.72
37 9 18.79
37 10 19.83
37 11 20.85
37 12 21.85
37 13 22.83
37 14 23.79
37 15 24.74
37 16 25.68
37 17 26.60
37 18 27.52
37 19 28.43
37 20 29.32
37 21 30.21
37 22 31.10
37 23 31.98
37 24 32.85
37 25 33.71
37 26 34.58
37 27 35.44
37 28 36.29
37 29 37.15
37 30 38.01
37 31 38.91
37 32 39.91
37 33 5.68
37 34 3.94
37 35 2.50
37 36 1.20
37 37 0.00
37 38 1.15
37 39 2.25
37 40 3.32
37 41 4.37
37 42 5.39
37 43 6.40
37 44 7.40
37 45 8.39
37 46 9.36
37 47 10.33
37 48 11.30
37 49 12.26
37 50 13.22
37 51 14.18
37 52 15.14
37 53 16.10
37 54 17.06
37 55 18.03
37 56 19.01
37 57 20.00
37 58 21.01
37 59 22.05
37 60 23.14
37 61 24.34
37 62 26.07
37 63 27.03
37 64 11.76
37 65 13.02
37 66 13.96
37 67 14.76
37 68 15.47
37 69 16.13
37 70 16.75
37 71 17.34
37 72 17.92
37 73 18.48
37 74 19.03
37 75 19.57
37 76 20.11
37 77 20.64
37 78 21.17
37 79 21.69
37 80 22.21
37 81 22.72
37 82 23.23
37 83 23.73
37 84 24.23
37 85 24.72
37 86 25.21
37 87 25.68
37 88 26.13
37 89 26.57
37 90 26.97
37 91 27.32
37 92 27.56
37 93 27.30
37 94 28.26
37 95 14.21
38 1 14.92
38 2 11.10
38 3 12.44
38 4 13.72
38 5 14.95
38 6 16.13
38 7 17.26
38 8 18.37
38 9 19.44
38 10 20.49
38 11 21.52
38 12 22.52
38 13 23.51
38 14 24.49
38 15 25.45
38 16 26.40
38 17 27.33
38 18 28.26
38 19 29.18
38 20 30.09
38 21 31.00
38 22 31.90
38 23 32.79
38 24 33.67
38 25 34.56
38 26 35.44
38 27 36.31
38 28 37.19
38 29 38.07
38 30 38.95
38 31 39.91
38 32 40.91
38 33 6.79
38 34 5.07
38 35 3.64
38 36 2.35
38 37 1.15
38 38 0.00
38 39 1.10
38 40 2.18
38 41 3.23
38 42 4.26
38 43 5.27
38 44 6.27
38 45 7.27
38 46 8.25
38 47 9.23
38 48 10.20
38 49 11.17
38 50 12.14
38 51 13.11
38 52 14.08
38 53 15.05
38 54 16.02
38 55 17.01
38 56 18.00
38 57 19.01
38 58 20.04
38 59 21.10
38 60 22.22
38 61 23.45
38 62 25.29
38 63 26.24
38 64 12.87
38 65 14.15
38 66 15.11
38 67 15.90
38 68 16.61
38 69 17.26
38 70 17.88
38 71 18.46
38 72 19.02
38 73 19.57
38 74 20.11
38 75 20.63
38 76 21.15
38 77 21.66
38 78 22.16
38 79 22.66
38 80 23.15
38 81 23.64
38 82 24.12
38 83 24.60
38 84 25.07
38 85 25.53
38 86 25.98
38 87 26.42
38 88 26.84
38 89 27.23
38 90 27.59
38 91 27.89
38 92 28.06
38 93 27.67
38 94 28.62
38 95 15.24
39 1 15.21
39 2 11.90
39 3 13.15
39 4 14.38
39 5 15.58
39 6 16.75
39 7 17.88
39 8 18.98
39 9 20.05
39 10 21.10
39 11 22.13
39 12 23.15
39 13 24.14
39 14 25.13
39 15 26.10
39 16 27.06
39 17 28.00
39 18 28.94
39 19 29.88
39 20 30.80
39 21 31.72
39 22 32.63
39 23 33.53
39 24 34.43
39 25 35.33
39 26 36.23
39 27 37.12
39 28 38.02
39 29 38.92
39 30 39.83
39 31 40.84
39 32 41.84
39 33 7.85
39 34 6.15
39 35 4.73
39 36 3.45
39 37 2.25
39 38 1.10
39 39 0.00
39 40 1.07
39 41 2.13
39 42 3.16
39 43 4.18
39 44 5.18
39 45 6.18
39 46 7.17
39 47 8.15
39 48 9.13
39 49 10.11
39 50 11.08
39 51 12.06
39 52 13.04
39 53 14.02
39 54 15.01
39 55 16.00
39 56 17.01
39 57 18.03
39 58 19.08
39 59 20.16
39 60 21.30
39 61 22.58
39 62 24.50
39 63 25.44
39 64 13.92
39 65 15.23
39 66 16.20
39 67 17.00
39 68 17.72
39 69 18.37
39 70 18.98
39 71 19.55
39 72 20.11
39 73 20.65
39 74 21.17
39 75 21.68
39 76 22.18
39 77 22.68
39 78 23.16
39 79 23.64
39 80 24.12
39 81 24.59
39 82 25.05
39 83 25.50
39 84 25.95
39 85 26.38
39 86 26.81
39 87 27.21
39 88 27.60
39 89 27.96
39 90 28.28
39 91 28.54
39 92 28.65
39 93 28.14
39 94 29.08
39 95 16.28
40 1 15.51
40 2 12.67
40 3 13.84
40 4 15.03
40 5 16.20
40 6 17.34
40 7 18.46
40 8 19.56
40 9 20.63
40 10 21.68
40 11 22.71
40 12 23.73
40 13 24.73
40 14 25.72
40 15 26.70
40 16 27.67
40 17 28.63
40 18 29.58
40 19 30.52
40 20 31.46
40 21 32.38
40 22 33.31
40 23 34.23
40 24 35.14
40 25 36.05
40 26 36.96
40 27 37.87
40 28 38.79
40 29 39.71
40 30 40.65
40 31 41.72
40 32 42.71
40 33 8.88
40 34 7.19
40 35 5.79
40 36 4.51
40 37 3.32
40 38 2.18
40 39 1.07
40 40 0.00
40 41 1.05
40 42 2.09
40 43 3.11
40 44 4.12
40 45 5.12
40 46 6.11
40 47 7.10
40 48 8.08
40 49 9.07
40 50 10.05
40 51 11.03
40 52 12.02
40 53 13.00
40 54 14.00
40 55 15.00
40 56 16.02
40 57 17.06
40 58 18.12
40 59 19.22
40 60 20.39
40 61 21.70
40 62 23.70
40 63 24.63
40 64 14.94
40 65 16.27
40 66 17.25
40 67 18.07
40 68 18.79
40 69 19.44
40 70 20.05
40 71 20.63
40 72 21.18
40 73 21.71
40 74 22.22
40 75 22.73
40 76 23.22
40 77 23.70
40 78 24.17
40 79 24.64
40 80 25.10
40 81 25.55
40 82 25.99
40 83 26.43
40 84 26.85
40 85 27.27
40 86 27.67
40 87 28.05
40 88 28.41
40 89 28.75
40 90 29.03
40 91 29.25
40 92 29.31
40 93 28.70
40 94 29.62
40 95 17.32
41 1 15.80
41 2 13.42
41 3 14.52
41 4 15.66
41 5 16.79
41 6 17.92
41 7 19.02
41 8 20.11
41 9 21.18
41 10 22.23
41 11 23.26
41 12 24.29
41 13 25.29
41 14 26.29
41 15 27.27
41 16 28.25
41 17 29.22
41 18 30.17
41 19 31.13
41 20 32.07
41 21 33.01
41 22 33.95
41 23 34.88
41 24 35.80
41 25 36.73
41 26 37.66
41 27 38.58
41 28 39.52
41 29 40.46
41 30 41.42
41 31 42.55
41 32 43.54
41 33 9.87
41 34 8.21
41 35 6.82
41 36 5.56
41 37 4.37
41 38 3.23
41 39 2.13
41 40 1.05
41 41 0.00
41 42 1.04
41 43 2.06
41 44 3.07
41 45 4.07
41 46 5.07
41 47 6.06
41 48 7.05
41 49 8.04
41 50 9.02
41 51 10.01
41 52 11.00
41 53 12.00
41 54 13.00
41 55 14.02
41 56 15.05
41 57 16.09
41 58 17.17
41 59 18.29
41 60 19.48
41 61 20.82
41 62 22.91
41 63 23.83
41 64 15.92
41 65 17.28
41 66 18.28
41 67 19.11
41 68 19.83
41 69 20.49
41 70 21.10
41 71 21.68
41 72 22.23
41 73 22.76
41 74 23.27
41 75 23.76
41 76 24.25
41 77 24.72
41 78 25.19
41 79 25.64
41 80 26.09
41 81 26.53
41 82 26.96
41 83 27.38
41 84 27.78
41 85 28.18
41 86 28.56
41 87 28.92
41 88 29.26
41 89 29.57
41 90 29.83
41 91 30.01
41 92 30.03
41 93 29.31
41 94 30.22
41 95 18.35
42 1 16.10
42 2 14.17
42 3 15.18
42 4 16.27
42 5 17.38
42 6 18.48
42 7 19.57
42 8 20.65
42 9 21.71
42 10 22.76
42 11 23.79
42 12 24.81
42 13 25.83
42 14 26.83
42 15 27.82
42 16 28.80
42 17 29.77
42 18 30.74
42 19 31.70
42 20 32.65
42 21 33.60
42 22 34.55
42 23 35.49
42 24 36.43
42 25 37.37
42 26 38.31
42 27 39.25
42 28 40.20
42 29 41.17
42 30 42.16
42 31 43.34
42 32 44.33
42 33 10.85
42 34 9.21
42 35 7.83
42 36 6.58
42 37 5.39
42 38 4.26
42 39 3.16
42 40 2.09
42 41 1.04
42 42 0.00
42 43 1.02
42 44 2.03
42 45 3.04
42 46 4.04
42 47 5.03
42 48 6.03
42 49 7.02
42 50 8.01
42 51 9.00
42 52 10.00
42 53 11.00
42 54 12.01
42 55 13.04
42 56 14.08
42 57 15.13
42 58 16.22
42 59 17.36
42 60 18.57
42 61 19.94
42 62 22.11
42 63 23.01
42 64 16.87
42 65 18.26
42 66 19.27
42 67 20.11
42 68 20.85
42 69 21.52
42 70 22.13
42 71 22.71
42 72 23.27
42 73 23.79
42 74 24.30
42 75 24.79
42 76 25.27
42 77 25.74
42 78 26.20
42 79 26.65
42 80 27.08
42 81 27.51
42 82 27.93
42 83 28.34
42 84 28.73
42 85 29.11
42 86 29.48
42 87 29.82
42 88 30.14
42 89 30.43
42 90 30.66
42 91 30.81
42 92 30.79
42 93 29.99
42 94 30.89
42 95 19.38
43 1 16.41
43 2 14.90
43 3 15.84
43 4 16.88
43 5 17.95
43 6 19.03
43 7 20.11
43 8 21.17
43 9 22.22
43 10 23.27
43 11 24.30
43 12 25.32
43 13 26.34
43 14 27.34
43 15 28.33
43 16 29.32
43 17 30.30
43 18 31.28
43 19 32.24
43 20 33.21
43 21 34.17
43 22 35.12
43 23 36.08
43 24 37.03
43 25 37.98
43 26 38.93
43 27 39.89
43 28 40.86
43 29 41.84
43 30 42.86
43 31 44.09
43 32 45.09
43 33 11.80
43 34 10.19
43 35 8.83
43 36 7.58
43 37 6.40
43 38 5.27
43 39 4.18
43 40 3.11
43 41 2.06
43 42 1.02
43 43 0.00
43 44 1.01
43 45 2.02
43 46 3.02
43 47 4.02
43 48 5.01
43 49 6.01
43 50 7.00
43 51 8.00
43 52 9.00
43 53 10.01
43 54 11.03
43 55 12.06
43 56 13.11
43 57 14.18
43 58 15.28
43 59 16.43
43 60 17.66
43 61 19.06
43 62 21.30
43 63 22.20
43 64 17.80
43 65 19.21
43 66 20.25
43 67 21.10
43 68 21.85
43 69 22.52
43 70 23.15
43 71 23.73
43 72 24.29
43 73 24.82
43 74 25.32
43 75 25.82
43 76 26.29
43 77 26.76
43 78 27.21
43 79 27.65
43 80 28.08
43 81 28.50
43 82 28.91
43 83 29.31
43 84 29.69
43 85 30.06
43 86 30.41
43 87 30.74
43 88 31.04
43 89 31.31
43 90 31.52
43 91 31.64
43 92 31.59
43 93 30.71
43 94 31.60
43 95 20.40
44 1 16.72
44 2 15.63
44 3 16.49
44 4 17.49
44 5 18.52
44 6 19.57
44 7 20.63
44 8 21.68
44 9 22.73
44 10 23.76
44 11 24.79
44 12 25.82
44 13 26.83
44 14 27.83
44 15 28.83
44 16 29.82
44 17 30.81
44 18 31.79
44 19 32.77
44 20 33.74
44 21 34.70
44 22 35.67
44 23 36.63
44 24 37.60
44 25 38.56
44 26 39.53
44 27 40.50
44 28 41.48
44 29 42.49
44 30 43.53
44 31 44.82
44 32 45.81
44 33 12.74
44 34 11.15
44 35 9.80
44 36 8.57
44 37 7.40
44 38 6.27
44 39 5.18
44 40 4.12
44 41 3.07
44 42 2.03
44 43 1.01
44 44 0.00
44 45 1.01
44 46 2.01
44 47 3.01
44 48 4.00
44 49 5.00
44 50 6.00
44 51 7.00
44 52 8.01
44 53 9.02
44 54 10.05
44 55 11.08
44 56 12.14
44 57 13.22
44 58 14.33
44 59 15.50
44 60 16.75
44 61 18.18
44 62 20.49
44 63 21.38
44 64 18.71
44 65 20.15
44 66 21.20
44 67 22.07
44 68 22.83
44 69 23.51
44 70 24.14
44 71 24.73
44 72 25.29
44 73 25.83
44 74 26.34
44 75 26.83
44 76 27.31
44 77 27.77
44 78 28.22
44 79 28.66
44 80 29.08
44 81 29.50
44 82 29.90
44 83 30.29
44 84 30.66
44 85 31.02
44 86 31.36
44 87 31.68
44 88 31.97
44 89 32.21
44 90 32.41
44 91 32.51
44 92 32.42
44 93 31.48
44 94 32.36
44 95 21.41
45 1 17.04
45 2 16.35
45 3 17.14
45 4 18.09
45 5 19.09
45 6 20.11
45 7 21.15
45 8 22.18
45 9 23.22
45 10 24.25
45 11 25.27
45 12 26.29
45 13 27.31
45 14 28.31
45 15 29.31
45 16 30.31
45 17 31.30
45 18 32.28
45 19 33.27
45 20 34.24
45 21 35.22
45 22 36.19
45 23 37.17
45 24 38.14
45 25 39.12
45 26 40.10
45 27 41.08
45 28 42.08
45 29 43.11
45 30 44.18
45 31 45.52
45 32 46.51
45 33 13.67
45 34 12.11
45 35 10.77
45 36 9.55
45 37 8.39
45 38 7.27
45 39 6.18
45 40 5.12
45 41 4.07
45 42 3.04
45 43 2.02
45 44 1.01
45 45 0.00
45 46 1.00
45 47 2.00
45 48 3.00
45 49 4.00
45 50 5.00
45 51 6.01
45 52 7.02
45 53 8.04
45 54 9.07
45 55 10.11
45 56 11.17
45 57 12.26
45 58 13.38
45 59 14.56
45 60 15.83
45 61 17.29
45 62 19.68
45 63 20.55
45 64 19.61
45 65 21.06
45 66 22.14
45 67 23.02
45 68 23.79
45 69 24.49
45 70 25.13
45 71 25.73
45 72 26.29
45 73 26.83
45 74 27.34
45 75 27.83
45 76 28.31
45 77 28.78
45 78 29.22
45 79 29.66
45 80 30.08
45 81 30.49
45 82 30.89
45 83 31.27
45 84 31.64
45 85 31.99
45 86 32.32
45 87 32.63
45 88 32.91
45 89 33.14
45 90 33.32
45 91 33.40
45 92 33.28
45 93 32.29
45 94 33.15
45 95 22.42
46 1 17.37
46 2 17.06
46 3 17.79
46 4 18.68
46 5 19.65
46 6 20.64
46 7 21.66
46 8 22.68
46 9 23.70
46 10 24.72
46 11 25.74
46 12 26.76
46 13 27.77
46 14 28.77
46 15 29.78
46 16 30.77
46 17 31.77
46 18 32.76
46 19 33.75
46 20 34.73
46 21 35.71
46 22 36.70
46 23 37.68
46 24 38.66
46 25 39.65
46 26 40.64
46 27 41.64
46 28 42.66
46 29 43.70
46 30 44.80
46 31 46.20
46 32 47.18
46 33 14.59
46 34 13.05
46 35 11.73
46 36 10.52
46 37 9.36
46 38 8.25
46 39 7.17
46 40 6.11
46 41 5.07
46 42 4.04
46 43 3.02
46 44 2.01
46 45 1.00
46 46 0.00
46 47 1.00
46 48 2.00
46 49 3.00
46 50 4.00
46 51 5.01
46 52 6.03
46 53 7.05
46 54 8.08
46 55 9.13
46 56 10.20
46 57 11.30
46 58 12.43
46 59 13.62
46 60 14.91
46 61 16.39
46 62 18.86
46 63 19.71
46 64 20.49
46 65 21.97
46 66 23.06
46 67 23.96
46 68 24.74
46 69 25.45
46 70 26.10
46 71 26.70
46 72 27.27
46 73 27.82
46 74 28.34
46 75 28.83
46 76 29.31
46 77 29.78
46 78 30.23
46 79 30.66
46 80 31.08
46 81 31.49
46 82 31.88
46 83 32.26
46 84 32.63
46 85 32.97
46 86 33.30
46 87 33.59
46 88 33.86
46 89 34.08
46 90 34.25
46 91 34.31
46 92 34.17
46 93 33.12
46 94 33.98
46 95 23.42
47 1 17.70
47 2 17.77
47 3 18.43
47 4 19.27
47 5 20.20
47 6 21.17
47 7 22.16
47 8 23.16
47 9 24.17
47 10 25.19
47 11 26.20
47 12 27.21
47 13 28.22
47 14 29.22
47 15 30.23
47 16 31.22
47 17 32.22
47 18 33.22
47 19 34.21
47 20 35.20
47 21 36.19
47 22 37.18
47 23 38.17
47 24 39.16
47 25 40.16
47 26 41.16
47 27 42.18
47 28 43.21
47 29 44.27
47 30 45.40
47 31 46.85
47 32 47.83
47 33 15.49
47 34 13.98
47 35 12.68
47 36 11.48
47 37 10.33
47 38 9.23
47 39 8.15
47 40 7.10
47 41 6.06
47 42 5.03
47 43 4.02
47 44 3.01
47 45 2.00
47 46 1.00
47 47 0.00
47 48 1.00
47 49 2.00
47 50 3.01
47 51 4.02
47 52 5.03
47 53 6.06
47 54 7.10
47 55 8.15
47 56 9.23
47 57 10.33
47 58 11.48
47 59 12.68
47 60 13.98
47 61 15.49
47 62 18.03
47 63 18.87
47 64 21.35
47 65 22.86
47 66 23.96
47 67 24.88
47 68 25.68
47 69 26.40
47 70 27.06
47 71 27.67
47 72 28.25
47 73 28.80
47 74 29.32
47 75 29.82
47 76 30.31
47 77 30.77
47 78 31.22
47 79 31.66
47 80 32.08
47 81 32.49
47 82 32.88
47 83 33.26
47 84 33.62
47 85 33.96
47 86 34.28
47 87 34.57
47 88 34.83
47 89 35.04
47 90 35.19
47 91 35.24
47 92 35.09
47 93 33.99
47 94 34.84
47 95 24.41
48 1 18.04
48 2 18.48
48 3 19.07
48 4 19.86
48 5 20.75
48 6 21.69
48 7 22.66
48 8 23.65
48 9 24.64
48 10 25.64
48 11 26.65
48 12 27.65
48 13 28.66
48 14 29.66
48 15 30.66
48 16 31.66
48 17 32.66
48 18 33.66
48 19 34.65
48 20 35.65
48 21 36.65
48 22 37.64
48 23 38.64
48 24 39.64
48 25 40.65
48 26 41.67
48 27 42.69
48 28 43.74
48 29 44.82
48 30 45.97
48 31 47.48
48 32 48.46
48 33 16.39
48 34 14.91
48 35 13.62
48 36 12.43
48 37 11.30
48 38 10.20
48 39 9.13
48 40 8.08
48 41 7.05
48 42 6.03
48 43 5.01
48 44 4.00
48 45 3.00
48 46 2.00
48 47 1.00
48 48 0.00
48 49 1.00
48 50 2.01
48 51 3.02
48 52 4.04
48 53 5.07
48 54 6.11
48 55 7.17
48 56 8.25
48 57 9.36
48 58 10.51
48 59 11.73
48 60 13.05
48 61 14.59
48 62 17.19
48 63 18.02
48 64 22.21
48 65 23.74
48 66 24.86
48 67 25.79
48 68 26.60
48 69 27.34
48 70 28.01
48 71 28.63
48 72 29.22
48 73 29.77
48 74 30.30
48 75 30.81
48 76 31.30
48 77 31.77
48 78 32.22
48 79 32.66
48 80 33.08
48 81 33.49
48 82 33.88
48 83 34.26
48 84 34.62
48 85 34.95
48 86 35.27
48 87 35.55
48 88 35.81
48 89 36.01
48 90 36.16
48 91 36.19
48 92 36.02
48 93 34.89
48 94 35.73
48 95 25.40
49 1 18.39
49 2 19.18
49 3 19.71
49 4 20.45
49 5 21.30
49 6 22.21
49 7 23.15
49 8 24.12
49 9 25.10
49 10 26.09
49 11 27.08
49 12 28.08
49 13 29.08
49 14 30.08
49 15 31.08
49 16 32.08
49 17 33.08
49 18 34.08
49 19 35.08
49 20 36.08
49 21 37.08
49 22 38.09
49 23 39.09
49 24 40.10
49 25 41.12
49 26 42.15
49 27 43.19
49 28 44.25
49 29 45.35
49 30 46.52
49 31 48.08
49 32 49.06
49 33 17.29
49 34 15.83
49 35 14.56
49 36 13.38
49 37 12.26
49 38 11.17
49 39 10.11
49 40 9.07
49 41 8.04
49 42 7.02
49 43 6.01
49 44 5.00
49 45 4.00
49 46 3.00
49 47 2.00
49 48 1.00
49 49 0.00
49 50 1.01
49 51 2.02
49 52 3.04
49 53 4.07
49 54 5.12
49 55 6.18
49 56 7.27
49 57 8.38
49 58 9.55
49 59 10.77
49 60 12.11
49 61 13.67
49 62 16.35
49 63 17.15
49 64 23.06
49 65 24.60
49 66 25.75
49 67 26.69
49 68 27.52
49 69 28.26
49 70 28.94
49 71 29.58
49 72 30.18
49 73 30.74
49 74 31.28
49 75 31.79
49 76 32.28
49 77 32.76
49 78 33.22
49 79 33.66
49 80 34.08
49 81 34.49
49 82 34.88
49 83 35.26
49 84 35.62
49 85 35.95
49 86 36.27
49 87 36.55
49 88 36.80
49 89 37.00
49 90 37.13
49 91 37.16
49 92 36.97
49 93 35.81
49 94 36.65
49 95 26.38
50 1 18.75
50 2 19.88
50 3 20.34
50 4 21.03
50 5 21.84
50 6 22.72
50 7 23.64
50 8 24.59
50 9 25.55
50 10 26.53
50 11 27.51
50 12 28.50
50 13 29.50
50 14 30.49
50 15 31.49
50 16 32.49
50 17 33.49
50 18 34.49
50 19 35.49
50 20 36.50
50 21 37.50
50 22 38.51
50 23 39.53
50 24 40.55
50 25 41.57
50 26 42.61
50 27 43.66
50 28 44.74
50 29 45.86
50 30 47.06
50 31 48.67
50 32 49.65
50 33 18.18
50 34 16.75
50 35 15.50
50 36 14.33
50 37 13.22
50 38 12.14
50 39 11.08
50 40 10.05
50 41 9.02
50 42 8.01
50 43 7.00
50 44 6.00
50 45 5.00
50 46 4.00
50 47 3.01
50 48 2.01
50 49 1.01
50 50 0.00
50 51 1.01
50 52 2.04
50 53 3.07
50 54 4.12
50 55 5.18
50 56 6.27
50 57 7.40
50 58 8.57
50 59 9.81
50 60 11.16
50 61 12.74
50 62 15.49
50 63 16.28
50 64 23.90
50 65 25.46
50 66 26.62
50 67 27.58
50 68 28.43
50 69 29.18
50 70 29.87
50 71 30.52
50 72 31.13
50 73 31.70
50 74 32.24
50 75 32.76
50 76 33.27
50 77 33.75
50 78 34.21
50 79 34.65
50 80 35.08
50 81 35.49
50 82 35.89
50 83 36.26
50 84 36.62
50 85 36.96
50 86 37.27
50 87 37.55
50 88 37.80
50 89 38.00
50 90 38.13
50 91 38.15
50 92 37.95
50 93 36.76
50 94 37.59
50 95 27.36
51 1 19.11
51 2 20.58
51 3 20.97
51 4 21.62
51 5 22.39
51 6 23.23
51 7 24.12
51 8 25.05
51 9 25.99
51 10 26.96
51 11 27.93
51 12 28.91
51 13 29.90
51 14 30.89
51 15 31.88
51 16 32.88
51 17 33.88
51 18 34.88
51 19 35.89
51 20 36.90
51 21 37.91
51 22 38.92
51 23 39.94
51 24 40.97
51 25 42.00
51 26 43.05
51 27 44.12
51 28 45.21
51 29 46.34
51 30 47.57
51 31 49.24
51 32 50.21
51 33 19.06
51 34 17.66
51 35 16.43
51 36 15.28
51 37 14.18
51 38 13.11
51 39 12.06
51 40 11.03
51 41 10.01
51 42 9.00
51 43 8.00
51 44 7.00
51 45 6.01
51 46 5.01
51 47 4.02
51 48 3.02
51 49 2.02
51 50 1.01
51 51 0.00
51 52 1.02
51 53 2.06
51 54 3.11
51 55 4.18
51 56 5.27
51 57 6.40
51 58 7.58
51 59 8.83
51 60 10.19
51 61 11.80
51 62 14.62
51 63 15.39
51 64 24.73
51 65 26.31
51 66 27.49
51 67 28.47
51 68 29.32
51 69 30.09
51 70 30.80
51 71 31.46
51 72 32.07
51 73 32.65
51 74 33.21
51 75 33.74
51 76 34.24
51 77 34.73
51 78 35.20
51 79 35.65
51 80 36.08
51 81 36.50
51 82 36.90
51 83 37.28
51 84 37.63
51 85 37.97
51 86 38.28
51 87 38.57
51 88 38.81
51 89 39.01
51 90 39.13
51 91 39.15
51 92 38.94
51 93 37.73
51 94 38.56
51 95 28.34
52 1 19.47
52 2 21.27
52 3 21.60
52 4 22.19
52 5 22.92
52 6 23.74
52 7 24.60
52 8 25.50
52 9 26.43
52 10 27.38
52 11 28.34
52 12 29.31
52 13 30.29
52 14 31.27
52 15 32.26
52 16 33.26
52 17 34.26
52 18 35.26
52 19 36.27
52 20 37.28
52 21 38.29
52 22 39.31
52 23 40.33
52 24 41.37
52 25 42.41
52 26 43.47
52 27 44.55
52 28 45.65
52 29 46.80
52 30 48.05
52 31 49.78
52 32 50.75
52 33 19.94
52 34 18.57
52 35 17.36
52 36 16.22
52 37 15.14
52 38 14.08
52 39 13.04
52 40 12.02
52 41 11.00
52 42 10.00
52 43 9.00
52 44 8.01
52 45 7.02
52 46 6.03
52 47 5.03
52 48 4.04
52 49 3.04
52 50 2.04
52 51 1.02
52 52 0.00
52 53 1.04
52 54 2.09
52 55 3.16
52 56 4.26
52 57 5.39
52 58 6.58
52 59 7.83
52 60 9.21
52 61 10.85
52 62 13.74
52 63 14.48
52 64 25.55
52 65 27.15
52 66 28.35
52 67 29.34
52 68 30.21
52 69 31.00
52 70 31.72
52 71 32.38
52 72 33.01
52 73 33.60
52 74 34.17
52 75 34.70
52 76 35.22
52 77 35.71
52 78 36.19
52 79 36.65
52 80 37.08
52 81 37.50
52 82 37.91
52 83 38.29
52 84 38.65
52 85 38.99
52 86 39.31
52 87 39.59
52 88 39.83
52 89 40.03
52 90 40.15
52 91 40.17
52 92 39.95
52 93 38.72
52 94 39.55
52 95 29.32
53 1 19.84
53 2 21.96
53 3 22.22
53 4 22.77
53 5 23.46
53 6 24.23
53 7 25.07
53 8 25.95
53 9 26.85
53 10 27.78
53 11 28.73
53 12 29.69
53 13 30.66
53 14 31.64
53 15 32.63
53 16 33.62
53 17 34.62
53 18 35.62
53 19 36.62
53 20 37.64
53 21 38.65
53 22 39.68
53 23 40.71
53 24 41.75
53 25 42.80
53 26 43.87
53 27 44.95
53 28 46.07
53 29 47.24
53 30 48.52
53 31 50.30
53 32 51.26
53 33 20.82
53 34 19.48
53 35 18.29
53 36 17.17
53 37 16.10
53 38 15.05
53 39 14.02
53 40 13.00
53 41 12.00
53 42 11.00
53 43 10.01
53 44 9.02
53 45 8.04
53 46 7.05
53 47 6.06
53 48 5.07
53 49 4.07
53 50 3.07
53 51 2.06
53 52 1.04
53 53 0.00
53 54 1.05
53 55 2.13
53 56 3.23
53 57 4.37
53 58 5.56
53 59 6.82
53 60 8.21
53 61 9.87
53 62 12.83
53 63 13.55
53 64 26.37
53 65 27.99
53 66 29.20
53 67 30.21
53 68 31.10
53 69 31.90
53 70 32.63
53 71 33.31
53 72 33.95
53 73 34.55
53 74 35.12
53 75 35.67
53 76 36.19
53 77 36.70
53 78 37.18
53 79 37.64
53 80 38.09
53 81 38.51
53 82 38.92
53 83 39.31
53 84 39.68
53 85 40.02
53 86 40.34
53 87 40.62
53 88 40.87
53 89 41.06
53 90 41.19
53 91 41.20
53 92 40.98
53 93 39.74
53 94 40.56
53 95 30.29
54 1 20.21
54 2 22.65
54 3 22.84
54 4 23.34
54 5 23.98
54 6 24.72
54 7 25.53
54 8 26.38
54 9 27.27
54 10 28.18
54 11 29.11
54 12 30.06
54 13 31.02
54 14 31.99
54 15 32.97
54 16 33.96
54 17 34.95
54 18 35.95
54 19 36.96
54 20 37.97
54 21 38.99
54 22 40.02
54 23 41.05
54 24 42.10
54 25 43.16
54 26 44.24
54 27 45.34
54 28 46.47
54 29 47.66
54 30 48.96
54 31 50.80
54 32 51.75
54 33 21.70
54 34 20.39
54 35 19.22
54 36 18.12
54 37 17.06
54 38 16.02
54 39 15.01
54 40 14.00
54 41 13.00
54 42 12.01
54 43 11.03
54 44 10.05
54 45 9.07
54 46 8.08
54 47 7.10
54 48 6.11
54 49 5.12
54 50 4.12
54 51 3.11
54 52 2.09
54 53 1.05
54 54 0.00
54 55 1.07
54 56 2.18
54 57 3.32
54 58 4.51
54 59 5.79
54 60 7.19
54 61 8.88
54 62 11.91
54 63 12.60
54 64 27.18
54 65 28.82
54 66 30.05
54 67 31.07
54 68 31.98
54 69 32.79
54 70 33.53
54 71 34.23
54 72 34.88
54 73 35.49
54 74 36.08
54 75 36.63
54 76 37.17
54 77 37.68
54 78 38.17
54 79 38.64
54 80 39.09
54 81 39.53
54 82 39.94
54 83 40.33
54 84 40.71
54 85 41.06
54 86 41.38
54 87 41.67
54 88 41.91
54 89 42.11
54 90 42.24
54 91 42.25
54 92 42.03
54 93 40.79
54 94 41.61
54 95 31.27
55 1 20.58
55 2 23.33
55 3 23.46
55 4 23.90
55 5 24.50
55 6 25.21
55 7 25.98
55 8 26.81
55 9 27.67
55 10 28.56
55 11 29.48
55 12 30.41
55 13 31.36
55 14 32.32
55 15 33.30
55 16 34.28
55 17 35.27
55 18 36.27
55 19 37.27
55 20 38.28
55 21 39.31
55 22 40.34
55 23 41.38
55 24 42.43
55 25 43.49
55 26 44.58
55 27 45.69
55 28 46.84
55 29 48.04
55 30 49.37
55 31 51.26
55 32 52.22
55 33 22.58
55 34 21.30
55 35 20.16
55 36 19.08
55 37 18.03
55 38 17.01
55 39 16.00
55 40 15.00
55 41 14.02
55 42 13.04
55 43 12.06
55 44 11.08
55 45 10.11
55 46 9.13
55 47 8.15
55 48 7.17
55 49 6.18
55 50 5.18
55 51 4.18
55 52 3.16
55 53 2.13
55 54 1.07
55 55 0.00
55 56 1.11
55 57 2.25
55 58 3.45
55 59 4.73
55 60 6.15
55 61 7.85
55 62 10.96
55 63 11.62
55 64 27.98
55 65 29.64
55 66 30.89
55 67 31.93
55 68 32.85
55 69 33.67
55 70 34.43
55 71 35.14
55 72 35.80
55 73 36.43
55 74 37.03
55 75 37.60
55 76 38.14
55 77 38.66
55 78 39.16
55 79 39.64
55 80 40.10
55 81 40.55
55 82 40.97
55 83 41.37
55 84 41.75
55 85 42.10
55 86 42.43
55 87 42.72
55 88 42.98
55 89 43.18
55 90 43.31
55 91 43.32
55 92 43.11
55 93 41.86
55 94 42.68
55 95 32.24
56 1 20.94
56 2 24.01
56 3 24.07
56 4 24.46
56 5 25.01
56 6 25.68
56 7 26.42
56 8 27.21
56 9 28.05
56 10 28.92
56 11 29.82
56 12 30.74
56 13 31.68
56 14 32.63
56 15 33.59
56 16 34.57
56 17 35.55
56 18 36.55
56 19 37.55
56 20 38.57
56 21 39.59
56 22 40.62
56 23 41.66
56 24 42.72
56 25 43.80
56 26 44.89
56 27 46.01
56 28 47.17
56 29 48.39
56 30 49.74
56 31 51.70
56 32 52.65
56 33 23.45
56 34 22.22
56 35 21.10
56 36 20.04
56 37 19.01
56 38 18.00
56 39 17.01
56 40 16.02
56 41 15.05
56 42 14.08
56 43 13.11
56 44 12.14
56 45 11.17
56 46 10.20
56 47 9.23
56 48 8.25
56 49 7.27
56 50 6.27
56 51 5.27
56 52 4.26
56 53 3.23
56 54 2.18
56 55 1.11
56 56 0.00
56 57 1.15
56 58 2.35
56 59 3.64
56 60 5.07
56 61 6.79
56 62 9.97
56 63 10.60
56 64 28.78
56 65 30.46
56 66 31.72
56 67 32.78
56 68 33.71
56 69 34.56
56 70 35.33
56 71 36.05
56 72 36.73
56 73 37.37
56 74 37.98
56 75 38.56
56 76 39.12
56 77 39.65
56 78 40.16
56 79 40.65
56 80 41.12
56 81 41.57
56 82 42.00
56 83 42.41
56 84 42.80
56 85 43.16
56 86 43.49
56 87 43.80
56 88 44.06
56 89 44.26
56 90 44.40
56 91 44.42
56 92 44.21
56 93 42.96
56 94 43.78
56 95 33.22
57 1 21.29
57 2 24.68
57 3 24.67
57 4 25.00
57 5 25.51
57 6 26.13
57 7 26.84
57 8 27.60
57 9 28.41
57 10 29.26
57 11 30.14
57 12 31.04
57 13 31.97
57 14 32.91
57 15 33.86
57 16 34.83
57 17 35.81
57 18 36.80
57 19 37.80
57 20 38.81
57 21 39.83
57 22 40.87
57 23 41.91
57 24 42.98
57 25 44.06
57 26 45.16
57 27 46.29
57 28 47.46
57 29 48.70
57 30 50.08
57 31 52.10
57 32 53.04
57 33 24.34
57 34 23.14
57 35 22.05
57 36 21.01
57 37 20.00
57 38 19.01
57 39 18.03
57 40 17.06
57 41 16.09
57 42 15.13
57 43 14.18
57 44 13.22
57 45 12.26
57 46 11.30
57 47 10.33
57 48 9.36
57 49 8.38
57 50 7.40
57 51 6.40
57 52 5.39
57 53 4.37
57 54 3.32
57 55 2.25
57 56 1.15
57 57 0.00
57 58 1.20
57 59 2.50
57 60 3.94
57 61 5.68
57 62 8.93
57 63 9.53
57 64 29.58
57 65 31.27
57 66 32.55
57 67 33.63
57 68 34.58
57 69 35.44
57 70 36.23
57 71 36.96
57 72 37.66
57 73 38.31
57 74 38.93
57 75 39.53
57 76 40.10
57 77 40.64
57 78 41.16
57 79 41.67
57 80 42.15
57 81 42.61
57 82 43.05
57 83 43.47
57 84 43.87
57 85 44.24
57 86 44.58
57 87 44.89
57 88 45.16
57 89 45.37
57 90 45.52
57 91 45.55
57 92 45.34
57 93 44.11
57 94 44.93
57 95 34.21
58 1 21.63
58 2 25.35
58 3 25.26
58 4 25.53
58 5 25.99
58 6 26.57
58 7 27.23
58 8 27.96
58 9 28.75
58 10 29.57
58 11 30.43
58 12 31.31
58 13 32.22
58 14 33.14
58 15 34.08
58 16 35.04
58 17 36.01
58 18 37.00
58 19 38.00
58 20 39.01
58 21 40.03
58 22 41.06
58 23 42.11
58 24 43.18
58 25 44.26
58 26 45.37
58 27 46.52
58 28 47.70
58 29 48.96
58 30 50.37
58 31 52.45
58 32 53.38
58 33 25.23
58 34 24.07
58 35 23.01
58 36 22.00
58 37 21.01
58 38 20.04
58 39 19.08
58 40 18.12
58 41 17.17
58 42 16.22
58 43 15.28
58 44 14.33
58 45 13.38
58 46 12.43
58 47 11.48
58 48 10.51
58 49 9.55
58 50 8.57
58 51 7.58
58 52 6.58
58 53 5.56
58 54 4.51
58 55 3.45
58 56 2.35
58 57 1.20
58 58 0.00
58 59 1.30
58 60 2.74
58 61 4.51
58 62 7.83
58 63 8.38
58 64 30.36
58 65 32.07
58 66 33.37
58 67 34.47
58 68 35.44
58 69 36.31
58 70 37.12
58 71 37.87
58 72 38.58
58 73 39.25
58 74 39.89
58 75 40.50
58 76 41.08
58 77 41.64
58 78 42.18
58 79 42.69
58 80 43.19
58 81 43.66
58 82 44.12
58 83 44.55
58 84 44.95
58 85 45.34
58 86 45.69
58 87 46.01
58 88 46.29
58 89 46.52
58 90 46.67
58 91 46.71
58 92 46.52
58 93 45.30
58 94 46.12
58 95 35.20
59 1 21.94
59 2 26.00
59 3 25.84
59 4 26.04
59 5 26.44
59 6 26.97
59 7 27.59
59 8 28.28
59 9 29.03
59 10 29.83
59 11 30.66
59 12 31.52
59 13 32.41
59 14 33.32
59 15 34.25
59 16 35.19
59 17 36.16
59 18 37.13
59 19 38.13
59 20 39.13
59 21 40.15
59 22 41.19
59 23 42.24
59 24 43.31
59 25 44.40
59 26 45.52
59 27 46.67
59 28 47.87
59 29 49.15
59 30 50.58
59 31 52.73
59 32 53.65
59 33 26.12
59 34 25.02
59 35 24.00
59 36 23.01
59 37 22.05
59 38 21.10
59 39 20.16
59 40 19.22
59 41 18.29
59 42 17.36
59 43 16.43
59 44 15.50
59 45 14.56
59 46 13.62
59 47 12.68
59 48 11.73
59 49 10.77
59 50 9.81
59 51 8.83
59 52 7.83
59 53 6.82
59 54 5.79
59 55 4.73
59 56 3.64
59 57 2.50
59 58 1.30
59 59 0.00
59 60 1.45
59 61 3.23
59 62 6.62
59 63 7.13
59 64 31.15
59 65 32.87
59 66 34.19
59 67 35.31
59 68 36.29
59 69 37.19
59 70 38.02
59 71 38.79
59 72 39.51
59 73 40.20
59 74 40.86
59 75 41.48
59 76 42.08
59 77 42.66
59 78 43.21
59 79 43.74
59 80 44.25
59 81 44.74
59 82 45.21
59 83 45.65
59 84 46.07
59 85 46.47
59 86 46.84
59 87 47.17
59 88 47.46
59 89 47.70
59 90 47.87
59 91 47.92
59 92 47.75
59 93 46.55
59 94 47.38
59 95 36.21
60 1 22.21
60 2 26.64
60 3 26.38
60 4 26.51
60 5 26.85
60 6 27.32
60 7 27.89
60 8 28.54
60 9 29.25
60 10 30.01
60 11 30.81
60 12 31.64
60 13 32.51
60 14 33.40
60 15 34.31
60 16 35.24
60 17 36.19
60 18 37.16
60 19 38.15
60 20 39.15
60 21 40.16
60 22 41.20
60 23 42.25
60 24 43.32
60 25 44.42
60 26 45.55
60 27 46.71
60 28 47.92
60 29 49.22
60 30 50.68
60 31 52.91
60 32 53.82
60 33 27.04
60 34 26.00
60 35 25.02
60 36 24.07
60 37 23.14
60 38 22.22
60 39 21.30
60 40 20.39
60 41 19.48
60 42 18.57
60 43 17.66
60 44 16.75
60 45 15.83
60 46 14.91
60 47 13.98
60 48 13.05
60 49 12.11
60 50 11.16
60 51 10.19
60 52 9.21
60 53 8.21
60 54 7.19
60 55 6.15
60 56 5.07
60 57 3.94
60 58 2.74
60 59 1.45
60 60 0.00
60 61 1.79
60 62 5.25
60 63 5.70
60 64 31.92
60 65 33.66
60 66 35.00
60 67 36.14
60 68 37.15
60 69 38.07
60 70 38.91
60 71 39.71
60 72 40.46
60 73 41.17
60 74 41.84
60 75 42.49
60 76 43.11
60 77 43.70
60 78 44.27
60 79 44.82
60 80 45.35
60 81 45.86
60 82 46.34
60 83 46.80
60 84 47.24
60 85 47.66
60 86 48.04
60 87 48.39
60 88 48.70
60 89 48.96
60 90 49.15
60 91 49.22
60 92 49.07
60 93 47.91
60 94 48.74
60 95 37.25
61 1 22.36
61 2 27.24
61 3 26.87
61 4 26.91
61 5 27.16
61 6 27.56
61 7 28.06
61 8 28.66
61 9 29.31
61 10 30.03
61 11 30.79
61 12 31.59
61 13 32.42
61 14 33.28
61 15 34.17
61 16 35.09
61 17 36.02
61 18 36.98
61 19 37.95
61 20 38.94
61 21 39.95
61 22 40.98
61 23 42.03
61 24 43.11
61 25 44.21
61 26 45.34
61 27 46.52
61 28 47.75
61 29 49.07
61 30 50.57
61 31 52.89
61 32 53.79
61 33 28.00
61 34 27.04
61 35 26.12
61 36 25.22
61 37 24.34
61 38 23.45
61 39 22.58
61 40 21.70
61 41 20.82
61 42 19.94
61 43 19.06
61 44 18.18
61 45 17.29
61 46 16.39
61 47 15.49
61 48 14.59
61 49 13.67
61 50 12.74
61 51 11.80
61 52 10.85
61 53 9.87
61 54 8.88
61 55 7.85
61 56 6.79
61 57 5.68
61 58 4.51
61 59 3.23
61 60 1.79
61 61 0.00
61 62 3.51
61 63 3.91
61 64 32.68
61 65 34.44
61 66 35.81
61 67 36.97
61 68 38.01
61 69 38.95
61 70 39.83
61 71 40.65
61 72 41.42
61 73 42.16
61 74 42.86
61 75 43.53
61 76 44.18
61 77 44.80
61 78 45.40
61 79 45.97
61 80 46.52
61 81 47.06
61 82 47.57
61 83 48.05
61 84 48.52
61 85 48.96
61 86 49.37
61 87 49.74
61 88 50.08
61 89 50.36
61 90 50.58
61 91 50.68
61 92 50.57
61 93 49.47
61 94 50.32
61 95 38.35
62 1 22.03
62 2 27.71
62 3 27.12
62 4 26.97
62 5 27.05
62 6 27.30
62 7 27.67
62 8 28.14
62 9 28.70
62 10 29.31
62 11 29.99
62 12 30.71
62 13 31.48
62 14 32.28
62 15 33.12
62 16 33.99
62 17 34.89
62 18 35.81
62 19 36.76
62 20 37.73
62 21 38.72
62 22 39.74
62 23 40.79
62 24 41.86
62 25 42.96
62 26 44.11
62 27 45.30
62 28 46.55
62 29 47.91
62 30 49.47
62 31 51.96
62 32 52.83
62 33 29.19
62 34 28.42
62 35 27.64
62 36 26.86
62 37 26.07
62 38 25.29
62 39 24.50
62 40 23.70
62 41 22.91
62 42 22.11
62 43 21.30
62 44 20.49
62 45 19.68
62 46 18.86
62 47 18.03
62 48 17.19
62 49 16.35
62 50 15.49
62 51 14.62
62 52 13.74
62 53 12.83
62 54 11.91
62 55 10.96
62 56 9.97
62 57 8.93
62 58 7.83
62 59 6.62
62 60 5.25
62 61 3.51
62 62 0.00
62 63 1.00
62 64 33.42
62 65 35.21
62 66 36.61
62 67 37.83
62 68 38.91
62 69 39.91
62 70 40.84
62 71 41.72
62 72 42.55
62 73 43.34
62 74 44.09
62 75 44.82
62 76 45.52
62 77 46.20
62 78 46.85
62 79 47.48
62 80 48.08
62 81 48.67
62 82 49.24
62 83 49.78
62 84 50.30
62 85 50.80
62 86 51.26
62 87 51.70
62 88 52.10
62 89 52.45
62 90 52.73
62 91 52.91
62 92 52.89
62 93 51.96
62 94 52.83
62 95 39.78
63 1 22.98
63 2 28.70
63 3 28.11
63 4 27.94
63 5 28.02
63 6 28.26
63 7 28.62
63 8 29.08
63 9 29.62
63 10 30.22
63 11 30.89
63 12 31.60
63 13 32.36
63 14 33.15
63 15 33.98
63 16 34.84
63 17 35.73
63 18 36.65
63 19 37.59
63 20 38.56
63 21 39.55
63 22 40.56
63 23 41.61
63 24 42.68
63 25 43.78
63 26 44.93
63 27 46.12
63 28 47.38
63 29 48.74
63 30 50.32
63 31 52.83
63 32 53.69
63 33 30.19
63 34 29.40
63 35 28.62
63 36 27.83
63 37 27.03
63 38 26.24
63 39 25.44
63 40 24.63
63 41 23.83
63 42 23.01
63 43 22.20
63 44 21.38
63 45 20.55
63 46 19.71
63 47 18.87
63 48 18.02
63 49 17.15
63 50 16.28
63 51 15.39
63 52 14.48
63 53 13.55
63 54 12.60
63 55 11.62
63 56 10.60
63 57 9.53
63 58 8.38
63 59 7.13
63 60 5.70
63 61 3.91
63 62 1.00
63 63 0.00
63 64 34.42
63 65 36.21
63 66 37.61
63 67 38.83
63 68 39.91
63 69 40.91
63 70 41.84
63 71 42.71
63 72 43.54
63 73 44.33
63 74 45.09
63 75 45.81
63 76 46.51
63 77 47.18
63 78 47.83
63 79 48.46
63 80 49.06
63 81 49.65
63 82 50.21
63 83 50.75
63 84 51.26
63 85 51.75
63 86 52.22
63 87 52.65
63 88 53.04
63 89 53.38
63 90 53.65
63 91 53.82
63 92 53.79
63 93 52.83
63 94 53.69
63 95 40.77
64 1 13.72
64 2 6.08
64 3 7.41
64 4 8.47
64 5 9.41
64 6 10.28
64 7 11.10
64 8 11.90
64 9 12.67
64 10 13.42
64 11 14.17
64 12 14.90
64 13 15.63
64 14 16.35
64 15 17.06
64 16 17.77
64 17 18.48
64 18 19.18
64 19 19.88
64 20 20.58
64 21 21.27
64 22 21.96
64 23 22.65
64 24 23.33
64 25 24.01
64 26 24.68
64 27 25.35
64 28 26.00
64 29 26.64
64 30 27.24
64 31 27.70
64 32 28.70
64 33 6.08
64 34 7.84
64 35 9.29
64 36 10.58
64 37 11.76
64 38 12.87
64 39 13.92
64 40 14.94
64 41 15.92
64 42 16.87
64 43 17.80
64 44 18.71
64 45 19.61
64 46 20.49
64 47 21.35
64 48 22.21
64 49 23.06
64 50 23.90
64 51 24.73
64 52 25.55
64 53 26.37
64 54 27.18
64 55 27.98
64 56 28.78
64 57 29.58
64 58 30.36
64 59 31.15
64 60 31.92
64 61 32.68
64 62 33.42
64 63 34.42
64 64 0.00
64 65 1.79
64 66 3.23
64 67 4.51
64 68 5.68
64 69 6.79
64 70 7.85
64 71 8.88
64 72 9.87
64 73 10.85
64 74 11.80
64 75 12.74
64 76 13.67
64 77 14.59
64 78 15.49
64 79 16.39
64 80 17.29
64 81 18.18
64 82 19.06
64 83 19.94
64 84 20.82
64 85 21.70
64 86 22.58
64 87 23.45
64 88 24.34
64 89 25.22
64 90 26.12
64 91 27.04
64 92 28.00
64 93 29.19
64 94 30.19
64 95 9.56
65 1 15.40
65 2 7.84
65 3 9.09
65 4 10.06
65 5 10.91
65 6 11.70
65 7 12.44
65 8 13.15
65 9 13.84
65 10 14.51
65 11 15.18
65 12 15.84
65 13 16.49
65 14 17.14
65 15 17.79
65 16 18.43
65 17 19.07
65 18 19.70
65 19 20.34
65 20 20.97
65 21 21.60
65 22 22.22
65 23 22.84
65 24 23.46
65 25 24.07
65 26 24.67
65 27 25.26
65 28 25.84
65 29 26.38
65 30 26.87
65 31 27.12
65 32 28.11
65 33 7.41
65 34 9.09
65 35 10.52
65 36 11.82
65 37 13.02
65 38 14.15
65 39 15.23
65 40 16.27
65 41 17.28
65 42 18.26
65 43 19.21
65 44 20.15
65 45 21.06
65 46 21.97
65 47 22.86
65 48 23.74
65 49 24.60
65 50 25.46
65 51 26.31
65 52 27.15
65 53 27.99
65 54 28.82
65 55 29.64
65 56 30.46
65 57 31.27
65 58 32.07
65 59 32.87
65 60 33.66
65 61 34.44
65 62 35.21
65 63 36.21
65 64 1.79
65 65 0.00
65 66 1.45
65 67 2.74
65 68 3.94
65 69 5.07
65 70 6.15
65 71 7.20
65 72 8.22
65 73 9.21
65 74 10.19
65 75 11.16
65 76 12.11
65 77 13.05
65 78 13.98
65 79 14.91
65 80 15.83
65 81 16.75
65 82 17.66
65 83 18.57
65 84 19.48
65 85 20.39
65 86 21.30
65 87 22.22
65 88 23.14
65 89 24.07
65 90 25.02
65 91 26.00
65 92 27.04
65 93 28.42
65 94 29.40
65 95 8.49
66 1 16.84
66 2 9.29
66 3 10.52
66 4 11.47
66 5 12.28
66 6 13.02
66 7 13.72
66 8 14.38
66 9 15.03
66 10 15.65
66 11 16.27
66 12 16.88
66 13 17.49
66 14 18.09
66 15 18.68
66 16 19.27
66 17 19.86
66 18 20.45
66 19 21.03
66 20 21.62
66 21 22.19
66 22 22.77
66 23 23.34
66 24 23.90
66 25 24.46
66 26 25.00
66 27 25.53
66 28 26.04
66 29 26.51
66 30 26.91
66 31 26.97
66 32 27.94
66 33 8.47
66 34 10.06
66 35 11.47
66 36 12.76
66 37 13.96
66 38 15.11
66 39 16.20
66 40 17.25
66 41 18.28
66 42 19.27
66 43 20.25
66 44 21.20
66 45 22.14
66 46 23.06
66 47 23.96
66 48 24.86
66 49 25.75
66 50 26.62
66 51 27.49
66 52 28.35
66 53 29.20
66 54 30.05
66 55 30.89
66 56 31.72
66 57 32.55
66 58 33.37
66 59 34.19
66 60 35.00
66 61 35.81
66 62 36.61
66 63 37.61
66 64 3.23
66 65 1.45
66 66 0.00
66 67 1.30
66 68 2.50
66 69 3.64
66 70 4.73
66 71 5.79
66 72 6.82
66 73 7.83
66 74 8.83
66 75 9.81
66 76 10.77
66 77 11.73
66 78 12.68
66 79 13.62
66 80 14.56
66 81 15.50
66 82 16.43
66 83 17.36
66 84 18.29
66 85 19.22
66 86 20.16
66 87 21.10
66 88 22.05
66 89 23.01
66 90 24.00
66 91 25.02
66 92 26.12
66 93 27.64
66 94 28.62
66 95 7.61
67 1 18.13
67 2 10.57
67 3 11.82
67 4 12.76
67 5 13.56
67 6 14.27
67 7 14.94
67 8 15.58
67 9 16.20
67 10 16.79
67 11 17.38
67 12 17.95
67 13 18.52
67 14 19.09
67 15 19.64
67 16 20.20
67 17 20.75
67 18 21.30
67 19 21.84
67 20 22.39
67 21 22.92
67 22 23.46
67 23 23.98
67 24 24.50
67 25 25.01
67 26 25.51
67 27 25.99
67 28 26.44
67 29 26.85
67 30 27.16
67 31 27.05
67 32 28.02
67 33 9.41
67 34 10.91
67 35 12.28
67 36 13.56
67 37 14.76
67 38 15.90
67 39 17.00
67 40 18.07
67 41 19.11
67 42 20.11
67 43 21.10
67 44 22.07
67 45 23.02
67 46 23.96
67 47 24.88
67 48 25.79
67 49 26.69
67 50 27.58
67 51 28.47
67 52 29.34
67 53 30.21
67 54 31.07
67 55 31.93
67 56 32.78
67 57 33.63
67 58 34.47
67 59 35.31
67 60 36.14
67 61 36.97
67 62 37.83
67 63 38.83
67 64 4.51
67 65 2.74
67 66 1.30
67 67 0.00
67 68 1.21
67 69 2.35
67 70 3.45
67 71 4.52
67 72 5.56
67 73 6.58
67 74 7.58
67 75 8.57
67 76 9.55
67 77 10.52
67 78 11.48
67 79 12.43
67 80 13.38
67 81 14.33
67 82 15.28
67 83 16.22
67 84 17.17
67 85 18.12
67 86 19.08
67 87 20.04
67 88 21.01
67 89 22.00
67 90 23.02
67 91 24.07
67 92 25.23
67 93 26.86
67 94 27.83
67 95 6.84
68 1 19.34
68 2 11.76
68 3 13.02
68 4 13.96
68 5 14.76
68 6 15.47
68 7 16.13
68 8 16.75
68 9 17.34
68 10 17.92
68 11 18.48
68 12 19.03
68 13 19.57
68 14 20.11
68 15 20.64
68 16 21.17
68 17 21.69
68 18 22.21
68 19 22.72
68 20 23.23
68 21 23.74
68 22 24.23
68 23 24.72
68 24 25.21
68 25 25.68
68 26 26.13
68 27 26.57
68 28 26.97
68 29 27.32
68 30 27.56
68 31 27.30
68 32 28.26
68 33 10.28
68 34 11.70
68 35 13.02
68 36 14.28
68 37 15.47
68 38 16.61
68 39 17.72
68 40 18.79
68 41 19.83
68 42 20.85
68 43 21.85
68 44 22.83
68 45 23.79
68 46 24.74
68 47 25.68
68 48 26.60
68 49 27.52
68 50 28.43
68 51 29.32
68 52 30.21
68 53 31.10
68 54 31.98
68 55 32.85
68 56 33.71
68 57 34.58
68 58 35.44
68 59 36.29
68 60 37.15
68 61 38.01
68 62 38.91
68 63 39.91
68 64 5.68
68 65 3.94
68 66 2.50
68 67 1.21
68 68 0.00
68 69 1.15
68 70 2.25
68 71 3.32
68 72 4.37
68 73 5.39
68 74 6.40
68 75 7.40
68 76 8.38
68 77 9.36
68 78 10.33
68 79 11.30
68 80 12.26
68 81 13.22
68 82 14.18
68 83 15.13
68 84 16.09
68 85 17.06
68 86 18.03
68 87 19.01
68 88 20.00
68 89 21.01
68 90 22.05
68 91 23.14
68 92 24.34
68 93 26.07
68 94 27.03
68 95 6.17
69 1 20.47
69 2 12.87
69 3 14.15
69 4 15.11
69 5 15.90
69 6 16.61
69 7 17.26
69 8 17.88
69 9 18.46
69 10 19.02
69 11 19.57
69 12 20.11
69 13 20.63
69 14 21.15
69 15 21.66
69 16 22.16
69 17 22.66
69 18 23.15
69 19 23.64
69 20 24.12
69 21 24.60
69 22 25.07
69 23 25.53
69 24 25.98
69 25 26.42
69 26 26.84
69 27 27.23
69 28 27.59
69 29 27.89
69 30 28.06
69 31 27.67
69 32 28.62
69 33 11.10
69 34 12.44
69 35 13.72
69 36 14.95
69 37 16.13
69 38 17.26
69 39 18.37
69 40 19.44
69 41 20.49
69 42 21.52
69 43 22.52
69 44 23.51
69 45 24.49
69 46 25.45
69 47 26.40
69 48 27.34
69 49 28.26
69 50 29.18
69 51 30.09
69 52 31.00
69 53 31.90
69 54 32.79
69 55 33.67
69 56 34.56
69 57 35.44
69 58 36.31
69 59 37.19
69 60 38.07
69 61 38.95
69 62 39.91
69 63 40.91
69 64 6.79
69 65 5.07
69 66 3.64
69 67 2.35
69 68 1.15
69 69 0.00
69 70 1.10
69 71 2.18
69 72 3.23
69 73 4.26
69 74 5.27
69 75 6.27
69 76 7.27
69 77 8.25
69 78 9.23
69 79 10.20
69 80 11.17
69 81 12.14
69 82 13.11
69 83 14.08
69 84 15.05
69 85 16.02
69 86 17.01
69 87 18.00
69 88 19.01
69 89 20.04
69 90 21.10
69 91 22.22
69 92 23.45
69 93 25.29
69 94 26.24
69 95 5.62
70 1 21.55
70 2 13.92
70 3 15.23
70 4 16.20
70 5 17.00
70 6 17.72
70 7 18.37
70 8 18.98
70 9 19.55
70 10 20.11
70 11 20.65
70 12 21.17
70 13 21.68
70 14 22.18
70 15 22.68
70 16 23.16
70 17 23.64
70 18 24.12
70 19 24.59
70 20 25.05
70 21 25.50
70 22 25.95
70 23 26.38
70 24 26.81
70 25 27.21
70 26 27.60
70 27 27.96
70 28 28.29
70 29 28.54
70 30 28.66
70 31 28.14
70 32 29.08
70 33 11.90
70 34 13.15
70 35 14.38
70 36 15.58
70 37 16.75
70 38 17.88
70 39 18.98
70 40 20.05
70 41 21.10
70 42 22.13
70 43 23.15
70 44 24.14
70 45 25.13
70 46 26.10
70 47 27.06
70 48 28.01
70 49 28.94
70 50 29.87
70 51 30.80
70 52 31.72
70 53 32.63
70 54 33.53
70 55 34.43
70 56 35.33
70 57 36.23
70 58 37.12
70 59 38.02
70 60 38.91
70 61 39.83
70 62 40.84
70 63 41.84
70 64 7.85
70 65 6.15
70 66 4.73
70 67 3.45
70 68 2.25
70 69 1.10
70 70 0.00
70 71 1.07
70 72 2.13
70 73 3.16
70 74 4.18
70 75 5.18
70 76 6.18
70 77 7.17
70 78 8.15
70 79 9.13
70 80 10.11
70 81 11.09
70 82 12.06
70 83 13.04
70 84 14.02
70 85 15.01
70 86 16.00
70 87 17.01
70 88 18.03
70 89 19.08
70 90 20.16
70 91 21.30
70 92 22.58
70 93 24.50
70 94 25.44
70 95 5.20
71 1 22.59
71 2 14.94
71 3 16.27
71 4 17.25
71 5 18.07
71 6 18.79
71 7 19.44
71 8 20.05
71 9 20.63
71 10 21.18
71 11 21.71
71 12 22.22
71 13 22.73
71 14 23.22
71 15 23.70
71 16 24.17
71 17 24.64
71 18 25.10
71 19 25.55
71 20 25.99
71 21 26.43
71 22 26.85
71 23 27.27
71 24 27.67
71 25 28.05
71 26 28.41
71 27 28.75
71 28 29.03
71 29 29.25
71 30 29.31
71 31 28.70
71 32 29.62
71 33 12.67
71 34 13.84
71 35 15.03
71 36 16.20
71 37 17.34
71 38 18.46
71 39 19.55
71 40 20.63
71 41 21.68
71 42 22.71
71 43 23.73
71 44 24.73
71 45 25.73
71 46 26.70
71 47 27.67
71 48 28.63
71 49 29.58
71 50 30.52
71 51 31.46
71 52 32.38
71 53 33.31
71 54 34.23
71 55 35.14
71 56 36.05
71 57 36.96
71 58 37.87
71 59 38.79
71 60 39.71
71 61 40.65
71 62 41.72
71 63 42.71
71 64 8.88
71 65 7.20
71 66 5.79
71 67 4.52
71 68 3.32
71 69 2.18
71 70 1.07
71 71 0.00
71 72 1.05
71 73 2.09
71 74 3.11
71 75 4.12
71 76 5.12
71 77 6.11
71 78 7.10
71 79 8.08
71 80 9.07
71 81 10.05
71 82 11.03
71 83 12.01
71 84 13.00
71 85 14.00
71 86 15.01
71 87 16.02
71 88 17.06
71 89 18.12
71 90 19.22
71 91 20.39
71 92 21.70
71 93 23.70
71 94 24.63
71 95 4.93
72 1 23.59
72 2 15.92
72 3 17.28
72 4 18.28
72 5 19.10
72 6 19.83
72 7 20.49
72 8 21.10
72 9 21.68
72 10 22.23
72 11 22.76
72 12 23.27
72 13 23.76
72 14 24.25
72 15 24.72
72 16 25.19
72 17 25.64
72 18 26.09
72 19 26.53
72 20 26.96
72 21 27.38
72 22 27.78
72 23 28.18
72 24 28.56
72 25 28.92
72 26 29.26
72 27 29.57
72 28 29.83
72 29 30.01
72 30 30.03
72 31 29.31
72 32 30.22
72 33 13.42
72 34 14.52
72 35 15.66
72 36 16.79
72 37 17.92
72 38 19.02
72 39 20.11
72 40 21.18
72 41 22.23
72 42 23.27
72 43 24.29
72 44 25.29
72 45 26.29
72 46 27.27
72 47 28.25
72 48 29.22
72 49 30.18
72 50 31.13
72 51 32.07
72 52 33.01
72 53 33.95
72 54 34.88
72 55 35.80
72 56 36.73
72 57 37.66
72 58 38.58
72 59 39.51
72 60 40.46
72 61 41.42
72 62 42.55
72 63 43.54
72 64 9.87
72 65 8.22
72 66 6.82
72 67 5.56
72 68 4.37
72 69 3.23
72 70 2.13
72 71 1.05
72 72 0.00
72 73 1.04
72 74 2.06
72 75 3.07
72 76 4.07
72 77 5.07
72 78 6.06
72 79 7.05
72 80 8.04
72 81 9.02
72 82 10.01
72 83 11.00
72 84 12.00
72 85 13.00
72 86 14.02
72 87 15.05
72 88 16.10
72 89 17.17
72 90 18.29
72 91 19.48
72 92 20.82
72 93 22.91
72 94 23.83
72 95 4.82
73 1 24.57
73 2 16.87
73 3 18.26
73 4 19.27
73 5 20.11
73 6 20.85
73 7 21.52
73 8 22.13
73 9 22.71
73 10 23.26
73 11 23.79
73 12 24.30
73 13 24.79
73 14 25.27
73 15 25.74
73 16 26.20
73 17 26.65
73 18 27.08
73 19 27.51
73 20 27.93
73 21 28.34
73 22 28.73
73 23 29.11
73 24 29.48
73 25 29.82
73 26 30.14
73 27 30.43
73 28 30.66
73 29 30.81
73 30 30.79
73 31 29.99
73 32 30.89
73 33 14.17
73 34 15.18
73 35 16.27
73 36 17.38
73 37 18.48
73 38 19.57
73 39 20.65
73 40 21.71
73 41 22.76
73 42 23.79
73 43 24.82
73 44 25.83
73 45 26.83
73 46 27.82
73 47 28.80
73 48 29.77
73 49 30.74
73 50 31.70
73 51 32.65
73 52 33.60
73 53 34.55
73 54 35.49
73 55 36.43
73 56 37.37
73 57 38.31
73 58 39.25
73 59 40.20
73 60 41.17
73 61 42.16
73 62 43.34
73 63 44.33
73 64 10.85
73 65 9.21
73 66 7.83
73 67 6.58
73 68 5.39
73 69 4.26
73 70 3.16
73 71 2.09
73 72 1.04
73 73 0.00
73 74 1.02
73 75 2.03
73 76 3.04
73 77 4.04
73 78 5.03
73 79 6.03
73 80 7.02
73 81 8.01
73 82 9.00
73 83 10.00
73 84 11.00
73 85 12.02
73 86 13.04
73 87 14.08
73 88 15.14
73 89 16.22
73 90 17.36
73 91 18.57
73 92 19.94
73 93 22.11
73 94 23.02
73 95 4.87
74 1 25.52
74 2 17.80
74 3 19.21
74 4 20.25
74 5 21.10
74 6 21.85
74 7 22.52
74 8 23.15
74 9 23.73
74 10 24.28
74 11 24.81
74 12 25.32
74 13 25.82
74 14 26.29
74 15 26.76
74 16 27.21
74 17 27.65
74 18 28.08
74 19 28.50
74 20 28.91
74 21 29.31
74 22 29.69
74 23 30.06
74 24 30.41
74 25 30.74
74 26 31.04
74 27 31.31
74 28 31.52
74 29 31.64
74 30 31.59
74 31 30.71
74 32 31.60
74 33 14.90
74 34 15.84
74 35 16.88
74 36 17.96
74 37 19.03
74 38 20.11
74 39 21.17
74 40 22.22
74 41 23.27
74 42 24.30
74 43 25.32
74 44 26.34
74 45 27.34
74 46 28.34
74 47 29.32
74 48 30.30
74 49 31.28
74 50 32.24
74 51 33.21
74 52 34.17
74 53 35.12
74 54 36.08
74 55 37.03
74 56 37.98
74 57 38.93
74 58 39.89
74 59 40.86
74 60 41.84
74 61 42.86
74 62 44.09
74 63 45.09
74 64 11.80
74 65 10.19
74 66 8.83
74 67 7.58
74 68 6.40
74 69 5.27
74 70 4.18
74 71 3.11
74 72 2.06
74 73 1.02
74 74 0.00
74 75 1.01
74 76 2.02
74 77 3.02
74 78 4.02
74 79 5.01
74 80 6.01
74 81 7.00
74 82 8.00
74 83 9.00
74 84 10.01
74 85 11.03
74 86 12.06
74 87 13.11
74 88 14.18
74 89 15.28
74 90 16.43
74 91 17.66
74 92 19.06
74 93 21.30
74 94 22.20
74 95 5.09
75 1 26.44
75 2 18.71
75 3 20.15
75 4 21.20
75 5 22.07
75 6 22.83
75 7 23.51
75 8 24.14
75 9 24.73
75 10 25.29
75 11 25.82
75 12 26.34
75 13 26.83
75 14 27.31
75 15 27.77
75 16 28.22
75 17 28.65
75 18 29.08
75 19 29.50
75 20 29.90
75 21 30.29
75 22 30.66
75 23 31.02
75 24 31.36
75 25 31.68
75 26 31.97
75 27 32.21
75 28 32.41
75 29 32.51
75 30 32.42
75 31 31.48
75 32 32.36
75 33 15.63
75 34 16.49
75 35 17.49
75 36 18.52
75 37 19.57
75 38 20.63
75 39 21.68
75 40 22.73
75 41 23.76
75 42 24.79
75 43 25.82
75 44 26.83
75 45 27.83
75 46 28.83
75 47 29.82
75 48 30.81
75 49 31.79
75 50 32.76
75 51 33.74
75 52 34.70
75 53 35.67
75 54 36.63
75 55 37.60
75 56 38.56
75 57 39.53
75 58 40.50
75 59 41.48
75 60 42.49
75 61 43.53
75 62 44.82
75 63 45.81
75 64 12.74
75 65 11.16
75 66 9.81
75 67 8.57
75 68 7.40
75 69 6.27
75 70 5.18
75 71 4.12
75 72 3.07
75 73 2.03
75 74 1.01
75 75 0.00
75 76 1.01
75 77 2.01
75 78 3.01
75 79 4.00
75 80 5.00
75 81 6.00
75 82 7.00
75 83 8.01
75 84 9.02
75 85 10.05
75 86 11.09
75 87 12.14
75 88 13.22
75 89 14.33
75 90 15.50
75 91 16.75
75 92 18.18
75 93 20.49
75 94 21.38
75 95 5.44
76 1 27.35
76 2 19.61
76 3 21.06
76 4 22.14
76 5 23.02
76 6 23.79
76 7 24.49
76 8 25.13
76 9 25.72
76 10 26.29
76 11 26.83
76 12 27.34
76 13 27.83
76 14 28.31
76 15 28.77
76 16 29.22
76 17 29.66
76 18 30.08
76 19 30.49
76 20 30.89
76 21 31.27
76 22 31.64
76 23 31.99
76 24 32.32
76 25 32.63
76 26 32.91
76 27 33.14
76 28 33.32
76 29 33.40
76 30 33.28
76 31 32.28
76 32 33.15
76 33 16.35
76 34 17.14
76 35 18.09
76 36 19.09
76 37 20.11
76 38 21.15
76 39 22.18
76 40 23.22
76 41 24.25
76 42 25.27
76 43 26.29
76 44 27.31
76 45 28.31
76 46 29.31
76 47 30.31
76 48 31.30
76 49 32.28
76 50 33.27
76 51 34.24
76 52 35.22
76 53 36.19
76 54 37.17
76 55 38.14
76 56 39.12
76 57 40.10
76 58 41.08
76 59 42.08
76 60 43.11
76 61 44.18
76 62 45.52
76 63 46.51
76 64 13.67
76 65 12.11
76 66 10.77
76 67 9.55
76 68 8.38
76 69 7.27
76 70 6.18
76 71 5.12
76 72 4.07
76 73 3.04
76 74 2.02
76 75 1.01
76 76 0.00
76 77 1.00
76 78 2.00
76 79 3.00
76 80 4.00
76 81 5.00
76 82 6.01
76 83 7.02
76 84 8.04
76 85 9.07
76 86 10.11
76 87 11.17
76 88 12.26
76 89 13.38
76 90 14.56
76 91 15.83
76 92 17.29
76 93 19.68
76 94 20.55
76 95 5.90
77 1 28.24
77 2 20.49
77 3 21.97
77 4 23.06
77 5 23.96
77 6 24.74
77 7 25.45
77 8 26.10
77 9 26.70
77 10 27.27
77 11 27.82
77 12 28.33
77 13 28.83
77 14 29.31
77 15 29.78
77 16 30.23
77 17 30.66
77 18 31.08
77 19 31.49
77 20 31.88
77 21 32.26
77 22 32.63
77 23 32.97
77 24 33.30
77 25 33.59
77 26 33.86
77 27 34.08
77 28 34.25
77 29 34.31
77 30 34.17
77 31 33.12
77 32 33.98
77 33 17.06
77 34 17.79
77 35 18.68
77 36 19.65
77 37 20.64
77 38 21.66
77 39 22.68
77 40 23.70
77 41 24.72
77 42 25.74
77 43 26.76
77 44 27.77
77 45 28.78
77 46 29.78
77 47 30.77
77 48 31.77
77 49 32.76
77 50 33.75
77 51 34.73
77 52 35.71
77 53 36.70
77 54 37.68
77 55 38.66
77 56 39.65
77 57 40.64
77 58 41.64
77 59 42.66
77 60 43.70
77 61 44.80
77 62 46.20
77 63 47.18
77 64 14.59
77 65 13.05
77 66 11.73
77 67 10.52
77 68 9.36
77 69 8.25
77 70 7.17
77 71 6.11
77 72 5.07
77 73 4.04
77 74 3.02
77 75 2.01
77 76 1.00
77 77 0.00
77 78 1.00
77 79 2.00
77 80 3.00
77 81 4.00
77 82 5.01
77 83 6.03
77 84 7.05
77 85 8.08
77 86 9.13
77 87 10.20
77 88 11.30
77 89 12.43
77 90 13.62
77 91 14.91
77 92 16.39
77 93 18.86
77 94 19.71
77 95 6.45
78 1 29.11
78 2 21.35
78 3 22.86
78 4 23.96
78 5 24.88
78 6 25.68
78 7 26.40
78 8 27.06
78 9 27.67
78 10 28.25
78 11 28.80
78 12 29.32
78 13 29.82
78 14 30.31
78 15 30.77
78 16 31.22
78 17 31.66
78 18 32.08
78 19 32.49
78 20 32.88
78 21 33.26
78 22 33.62
78 23 33.96
78 24 34.28
78 25 34.57
78 26 34.83
78 27 35.04
78 28 35.19
78 29 35.24
78 30 35.09
78 31 33.99
78 32 34.84
78 33 17.77
78 34 18.43
78 35 19.27
78 36 20.20
78 37 21.17
78 38 22.16
78 39 23.16
78 40 24.17
78 41 25.19
78 42 26.20
78 43 27.21
78 44 28.22
78 45 29.22
78 46 30.23
78 47 31.22
78 48 32.22
78 49 33.22
78 50 34.21
78 51 35.20
78 52 36.19
78 53 37.18
78 54 38.17
78 55 39.16
78 56 40.16
78 57 41.16
78 58 42.18
78 59 43.21
78 60 44.27
78 61 45.40
78 62 46.85
78 63 47.83
78 64 15.49
78 65 13.98
78 66 12.68
78 67 11.48
78 68 10.33
78 69 9.23
78 70 8.15
78 71 7.10
78 72 6.06
78 73 5.03
78 74 4.02
78 75 3.01
78 76 2.00
78 77 1.00
78 78 0.00
78 79 1.00
78 80 2.00
78 81 3.01
78 82 4.02
78 83 5.03
78 84 6.06
78 85 7.10
78 86 8.15
78 87 9.23
78 88 10.33
78 89 11.48
78 90 12.68
78 91 13.98
78 92 15.49
78 93 18.03
78 94 18.87
78 95 7.06
79 1 29.98
79 2 22.21
79 3 23.73
79 4 24.86
79 5 25.79
79 6 26.60
79 7 27.33
79 8 28.01
79 9 28.63
79 10 29.22
79 11 29.77
79 12 30.30
79 13 30.81
79 14 31.30
79 15 31.77
79 16 32.22
79 17 32.66
79 18 33.08
79 19 33.49
79 20 33.88
79 21 34.26
79 22 34.61
79 23 34.95
79 24 35.27
79 25 35.55
79 26 35.81
79 27 36.01
79 28 36.16
79 29 36.19
79 30 36.02
79 31 34.89
79 32 35.73
79 33 18.48
79 34 19.07
79 35 19.86
79 36 20.75
79 37 21.69
79 38 22.66
79 39 23.64
79 40 24.64
79 41 25.64
79 42 26.65
79 43 27.65
79 44 28.66
79 45 29.66
79 46 30.66
79 47 31.66
79 48 32.66
79 49 33.66
79 50 34.65
79 51 35.65
79 52 36.65
79 53 37.64
79 54 38.64
79 55 39.64
79 56 40.65
79 57 41.67
79 58 42.69
79 59 43.74
79 60 44.82
79 61 45.97
79 62 47.48
79 63 48.46
79 64 16.39
79 65 14.91
79 66 13.62
79 67 12.43
79 68 11.30
79 69 10.20
79 70 9.13
79 71 8.08
79 72 7.05
79 73 6.03
79 74 5.01
79 75 4.00
79 76 3.00
79 77 2.00
79 78 1.00
79 79 0.00
79 80 1.00
79 81 2.01
79 82 3.02
79 83 4.04
79 84 5.07
79 85 6.11
79 86 7.17
79 87 8.25
79 88 9.36
79 89 10.52
79 90 11.73
79 91 13.05
79 92 14.59
79 93 17.19
79 94 18.02
79 95 7.72
80 1 30.82
80 2 23.06
80 3 24.60
80 4 25.75
80 5 26.69
80 6 27.52
80 7 28.26
80 8 28.94
80 9 29.58
80 10 30.17
80 11 30.74
80 12 31.28
80 13 31.79
80 14 32.28
80 15 32.76
80 16 33.22
80 17 33.66
80 18 34.08
80 19 34.49
80 20 34.88
80 21 35.26
80 22 35.62
80 23 35.95
80 24 36.27
80 25 36.55
80 26 36.80
80 27 37.00
80 28 37.13
80 29 37.16
80 30 36.97
80 31 35.81
80 32 36.65
80 33 19.18
80 34 19.71
80 35 20.45
80 36 21.30
80 37 22.21
80 38 23.15
80 39 24.12
80 40 25.10
80 41 26.09
80 42 27.08
80 43 28.08
80 44 29.08
80 45 30.08
80 46 31.08
80 47 32.08
80 48 33.08
80 49 34.08
80 50 35.08
80 51 36.08
80 52 37.08
80 53 38.09
80 54 39.09
80 55 40.10
80 56 41.12
80 57 42.15
80 58 43.19
80 59 44.25
80 60 45.35
80 61 46.52
80 62 48.08
80 63 49.06
80 64 17.29
80 65 15.83
80 66 14.56
80 67 13.38
80 68 12.26
80 69 11.17
80 70 10.11
80 71 9.07
80 72 8.04
80 73 7.02
80 74 6.01
80 75 5.00
80 76 4.00
80 77 3.00
80 78 2.00
80 79 1.00
80 80 0.00
80 81 1.01
80 82 2.02
80 83 3.04
80 84 4.07
80 85 5.12
80 86 6.18
80 87 7.27
80 88 8.38
80 89 9.55
80 90 10.77
80 91 12.11
80 92 13.67
80 93 16.35
80 94 17.15
80 95 8.42
81 1 31.66
81 2 23.90
81 3 25.46
81 4 26.62
81 5 27.59
81 6 28.43
81 7 29.18
81 8 29.88
81 9 30.52
81 10 31.13
81 11 31.70
81 12 32.24
81 13 32.77
81 14 33.27
81 15 33.75
81 16 34.21
81 17 34.65
81 18 35.08
81 19 35.49
81 20 35.89
81 21 36.27
81 22 36.62
81 23 36.96
81 24 37.27
81 25 37.55
81 26 37.80
81 27 38.00
81 28 38.13
81 29 38.15
81 30 37.95
81 31 36.76
81 32 37.59
81 33 19.88
81 34 20.34
81 35 21.04
81 36 21.85
81 37 22.72
81 38 23.64
81 39 24.59
81 40 25.55
81 41 26.53
81 42 27.51
81 43 28.50
81 44 29.50
81 45 30.49
81 46 31.49
81 47 32.49
81 48 33.49
81 49 34.49
81 50 35.49
81 51 36.50
81 52 37.50
81 53 38.51
81 54 39.53
81 55 40.55
81 56 41.57
81 57 42.61
81 58 43.66
81 59 44.74
81 60 45.86
81 61 47.06
81 62 48.67
81 63 49.65
81 64 18.18
81 65 16.75
81 66 15.50
81 67 14.33
81 68 13.22
81 69 12.14
81 70 11.09
81 71 10.05
81 72 9.02
81 73 8.01
81 74 7.00
81 75 6.00
81 76 5.00
81 77 4.00
81 78 3.01
81 79 2.01
81 80 1.01
81 81 0.00
81 82 1.01
81 83 2.03
81 84 3.07
81 85 4.12
81 86 5.18
81 87 6.27
81 88 7.40
81 89 8.57
81 90 9.80
81 91 11.15
81 92 12.74
81 93 15.49
81 94 16.28
81 95 9.15
82 1 32.48
82 2 24.73
82 3 26.31
82 4 27.49
82 5 28.47
82 6 29.32
82 7 30.09
82 8 30.80
82 9 31.45
82 10 32.07
82 11 32.65
82 12 33.21
82 13 33.74
82 14 34.24
82 15 34.73
82 16 35.20
82 17 35.65
82 18 36.08
82 19 36.50
82 20 36.90
82 21 37.27
82 22 37.63
82 23 37.97
82 24 38.28
82 25 38.57
82 26 38.81
82 27 39.01
82 28 39.13
82 29 39.15
82 30 38.94
82 31 37.73
82 32 38.56
82 33 20.58
82 34 20.97
82 35 21.62
82 36 22.39
82 37 23.23
82 38 24.12
82 39 25.05
82 40 25.99
82 41 26.96
82 42 27.93
82 43 28.91
82 44 29.90
82 45 30.89
82 46 31.88
82 47 32.88
82 48 33.88
82 49 34.88
82 50 35.89
82 51 36.90
82 52 37.91
82 53 38.92
82 54 39.94
82 55 40.97
82 56 42.00
82 57 43.05
82 58 44.12
82 59 45.21
82 60 46.34
82 61 47.57
82 62 49.24
82 63 50.21
82 64 19.06
82 65 17.66
82 66 16.43
82 67 15.28
82 68 14.18
82 69 13.11
82 70 12.06
82 71 11.03
82 72 10.01
82 73 9.00
82 74 8.00
82 75 7.00
82 76 6.01
82 77 5.01
82 78 4.02
82 79 3.02
82 80 2.02
82 81 1.01
82 82 0.00
82 83 1.02
82 84 2.06
82 85 3.11
82 86 4.18
82 87 5.27
82 88 6.40
82 89 7.58
82 90 8.83
82 91 10.19
82 92 11.80
82 93 14.62
82 94 15.39
82 95 9.90
83 1 33.30
83 2 25.55
83 3 27.15
83 4 28.35
83 5 29.34
83 6 30.21
83 7 31.00
83 8 31.72
83 9 32.38
83 10 33.01
83 11 33.60
83 12 34.17
83 13 34.70
83 14 35.22
83 15 35.71
83 16 36.19
83 17 36.64
83 18 37.08
83 19 37.50
83 20 37.91
83 21 38.29
83 22 38.65
83 23 38.99
83 24 39.31
83 25 39.59
83 26 39.83
83 27 40.03
83 28 40.15
83 29 40.16
83 30 39.95
83 31 38.72
83 32 39.55
83 33 21.27
83 34 21.60
83 35 22.19
83 36 22.92
83 37 23.73
83 38 24.60
83 39 25.50
83 40 26.43
83 41 27.38
83 42 28.34
83 43 29.31
83 44 30.29
83 45 31.27
83 46 32.26
83 47 33.26
83 48 34.26
83 49 35.26
83 50 36.26
83 51 37.28
83 52 38.29
83 53 39.31
83 54 40.33
83 55 41.37
83 56 42.41
83 57 43.47
83 58 44.55
83 59 45.65
83 60 46.80
83 61 48.05
83 62 49.78
83 63 50.75
83 64 19.94
83 65 18.57
83 66 17.36
83 67 16.22
83 68 15.13
83 69 14.08
83 70 13.04
83 71 12.01
83 72 11.00
83 73 10.00
83 74 9.00
83 75 8.01
83 76 7.02
83 77 6.03
83 78 5.03
83 79 4.04
83 80 3.04
83 81 2.03
83 82 1.02
83 83 0.00
83 84 1.04
83 85 2.09
83 86 3.16
83 87 4.26
83 88 5.39
83 89 6.58
83 90 7.83
83 91 9.21
83 92 10.85
83 93 13.74
83 94 14.48
83 95 10.68
84 1 34.10
84 2 26.37
84 3 27.99
84 4 29.20
84 5 30.21
84 6 31.10
84 7 31.89
84 8 32.63
84 9 33.31
84 10 33.94
84 11 34.55
84 12 35.12
84 13 35.67
84 14 36.19
84 15 36.70
84 16 37.18
84 17 37.64
84 18 38.09
84 19 38.51
84 20 38.92
84 21 39.31
84 22 39.67
84 23 40.02
84 24 40.34
84 25 40.62
84 26 40.87
84 27 41.06
84 28 41.19
84 29 41.20
84 30 40.98
84 31 39.74
84 32 40.56
84 33 21.96
84 34 22.22
84 35 22.77
84 36 23.46
84 37 24.23
84 38 25.07
84 39 25.95
84 40 26.85
84 41 27.78
84 42 28.73
84 43 29.69
84 44 30.66
84 45 31.64
84 46 32.63
84 47 33.62
84 48 34.62
84 49 35.62
84 50 36.62
84 51 37.63
84 52 38.65
84 53 39.68
84 54 40.71
84 55 41.75
84 56 42.80
84 57 43.87
84 58 44.95
84 59 46.07
84 60 47.24
84 61 48.52
84 62 50.30
84 63 51.26
84 64 20.82
84 65 19.48
84 66 18.29
84 67 17.17
84 68 16.09
84 69 15.05
84 70 14.02
84 71 13.00
84 72 12.00
84 73 11.00
84 74 10.01
84 75 9.02
84 76 8.04
84 77 7.05
84 78 6.06
84 79 5.07
84 80 4.07
84 81 3.07
84 82 2.06
84 83 1.04
84 84 0.00
84 85 1.05
84 86 2.13
84 87 3.23
84 88 4.37
84 89 5.56
84 90 6.82
84 91 8.21
84 92 9.87
84 93 12.83
84 94 13.55
84 95 11.47
85 1 34.90
85 2 27.18
85 3 28.82
85 4 30.05
85 5 31.08
85 6 31.98
85 7 32.79
85 8 33.53
85 9 34.23
85 10 34.88
85 11 35.49
85 12 36.08
85 13 36.63
85 14 37.17
85 15 37.68
85 16 38.17
85 17 38.64
85 18 39.09
85 19 39.53
85 20 39.94
85 21 40.33
85 22 40.71
85 23 41.06
85 24 41.38
85 25 41.67
85 26 41.91
85 27 42.11
85 28 42.24
85 29 42.25
85 30 42.03
85 31 40.79
85 32 41.61
85 33 22.65
85 34 22.85
85 35 23.34
85 36 23.98
85 37 24.72
85 38 25.53
85 39 26.38
85 40 27.27
85 41 28.18
85 42 29.11
85 43 30.06
85 44 31.02
85 45 31.99
85 46 32.97
85 47 33.96
85 48 34.95
85 49 35.95
85 50 36.96
85 51 37.97
85 52 38.99
85 53 40.02
85 54 41.06
85 55 42.10
85 56 43.16
85 57 44.24
85 58 45.34
85 59 46.47
85 60 47.66
85 61 48.96
85 62 50.80
85 63 51.75
85 64 21.70
85 65 20.39
85 66 19.22
85 67 18.12
85 68 17.06
85 69 16.02
85 70 15.01
85 71 14.00
85 72 13.00
85 73 12.02
85 74 11.03
85 75 10.05
85 76 9.07
85 77 8.08
85 78 7.10
85 79 6.11
85 80 5.12
85 81 4.12
85 82 3.11
85 83 2.09
85 84 1.05
85 85 0.00
85 86 1.07
85 87 2.18
85 88 3.32
85 89 4.51
85 90 5.79
85 91 7.19
85 92 8.88
85 93 11.91
85 94 12.60
85 95 12.27
86 1 35.68
86 2 27.98
86 3 29.64
86 4 30.89
86 5 31.93
86 6 32.85
86 7 33.67
86 8 34.43
86 9 35.14
86 10 35.80
86 11 36.43
86 12 37.03
86 13 37.60
86 14 38.14
86 15 38.66
86 16 39.16
86 17 39.64
86 18 40.10
86 19 40.55
86 20 40.97
86 21 41.37
86 22 41.75
86 23 42.10
86 24 42.43
86 25 42.72
86 26 42.98
86 27 43.18
86 28 43.31
86 29 43.32
86 30 43.11
86 31 41.86
86 32 42.68
86 33 23.33
86 34 23.46
86 35 23.90
86 36 24.50
86 37 25.21
86 38 25.98
86 39 26.81
86 40 27.67
86 41 28.56
86 42 29.48
86 43 30.41
86 44 31.36
86 45 32.32
86 46 33.30
86 47 34.28
86 48 35.27
86 49 36.27
86 50 37.27
86 51 38.28
86 52 39.31
86 53 40.34
86 54 41.38
86 55 42.43
86 56 43.49
86 57 44.58
86 58 45.69
86 59 46.84
86 60 48.04
86 61 49.37
86 62 51.26
86 63 52.22
86 64 22.58
86 65 21.30
86 66 20.16
86 67 19.08
86 68 18.03
86 69 17.01
86 70 16.00
86 71 15.01
86 72 14.02
86 73 13.04
86 74 12.06
86 75 11.09
86 76 10.11
86 77 9.13
86 78 8.15
86 79 7.17
86 80 6.18
86 81 5.18
86 82 4.18
86 83 3.16
86 84 2.13
86 85 1.07
86 86 0.00
86 87 1.10
86 88 2.25
86 89 3.45
86 90 4.73
86 91 6.15
86 92 7.85
86 93 10.96
86 94 11.62
86 95 13.10
87 1 36.45
87 2 28.78
87 3 30.46
87 4 31.72
87 5 32.78
87 6 33.71
87 7 34.56
87 8 35.33
87 9 36.05
87 10 36.73
87 11 37.37
87 12 37.98
87 13 38.56
87 14 39.12
87 15 39.65
87 16 40.16
87 17 40.65
87 18 41.12
87 19 41.57
87 20 42.00
87 21 42.41
87 22 42.80
87 23 43.16
87 24 43.49
87 25 43.80
87 26 44.06
87 27 44.26
87 28 44.40
87 29 44.42
87 30 44.21
87 31 42.96
87 32 43.78
87 33 24.01
87 34 24.07
87 35 24.46
87 36 25.01
87 37 25.68
87 38 26.42
87 39 27.21
87 40 28.05
87 41 28.92
87 42 29.82
87 43 30.74
87 44 31.68
87 45 32.63
87 46 33.59
87 47 34.57
87 48 35.55
87 49 36.55
87 50 37.55
87 51 38.57
87 52 39.59
87 53 40.62
87 54 41.67
87 55 42.72
87 56 43.80
87 57 44.89
87 58 46.01
87 59 47.17
87 60 48.39
87 61 49.74
87 62 51.70
87 63 52.65
87 64 23.45
87 65 22.22
87 66 21.10
87 67 20.04
87 68 19.01
87 69 18.00
87 70 17.01
87 71 16.02
87 72 15.05
87 73 14.08
87 74 13.11
87 75 12.14
87 76 11.17
87 77 10.20
87 78 9.23
87 79 8.25
87 80 7.27
87 81 6.27
87 82 5.27
87 83 4.26
87 84 3.23
87 85 2.18
87 86 1.10
87 87 0.00
87 88 1.15
87 89 2.35
87 90 3.64
87 91 5.07
87 92 6.79
87 93 9.97
87 94 10.60
87 95 13.93
88 1 37.21
88 2 29.58
88 3 31.27
88 4 32.55
88 5 33.63
88 6 34.58
88 7 35.44
88 8 36.23
88 9 36.96
88 10 37.66
88 11 38.31
88 12 38.93
88 13 39.53
88 14 40.10
88 15 40.64
88 16 41.16
88 17 41.67
88 18 42.15
88 19 42.61
88 20 43.05
88 21 43.47
88 22 43.87
88 23 44.24
88 24 44.58
88 25 44.89
88 26 45.16
88 27 45.37
88 28 45.52
88 29 45.55
88 30 45.34
88 31 44.11
88 32 44.93
88 33 24.68
88 34 24.67
88 35 25.00
88 36 25.51
88 37 26.13
88 38 26.84
88 39 27.60
88 40 28.41
88 41 29.26
88 42 30.14
88 43 31.04
88 44 31.97
88 45 32.91
88 46 33.86
88 47 34.83
88 48 35.81
88 49 36.80
88 50 37.80
88 51 38.81
88 52 39.83
88 53 40.87
88 54 41.91
88 55 42.98
88 56 44.06
88 57 45.16
88 58 46.29
88 59 47.46
88 60 48.70
88 61 50.08
88 62 52.10
88 63 53.04
88 64 24.34
88 65 23.14
88 66 22.05
88 67 21.01
88 68 20.00
88 69 19.01
88 70 18.03
88 71 17.06
88 72 16.10
88 73 15.14
88 74 14.18
88 75 13.22
88 76 12.26
88 77 11.30
88 78 10.33
88 79 9.36
88 80 8.38
88 81 7.40
88 82 6.40
88 83 5.39
88 84 4.37
88 85 3.32
88 86 2.25
88 87 1.15
88 88 0.00
88 89 1.20
88 90 2.50
88 91 3.94
88 92 5.68
88 93 8.93
88 94 9.53
88 95 14.79
89 1 37.95
89 2 30.36
89 3 32.07
89 4 33.37
89 5 34.47
89 6 35.44
89 7 36.31
89 8 37.12
89 9 37.87
89 10 38.58
89 11 39.25
89 12 39.89
89 13 40.50
89 14 41.08
89 15 41.64
89 16 42.18
89 17 42.69
89 18 43.19
89 19 43.66
89 20 44.11
89 21 44.55
89 22 44.95
89 23 45.34
89 24 45.69
89 25 46.01
89 26 46.29
89 27 46.52
89 28 46.67
89 29 46.71
89 30 46.52
89 31 45.30
89 32 46.12
89 33 25.34
89 34 25.26
89 35 25.53
89 36 25.99
89 37 26.57
89 38 27.23
89 39 27.96
89 40 28.75
89 41 29.57
89 42 30.43
89 43 31.31
89 44 32.21
89 45 33.14
89 46 34.08
89 47 35.04
89 48 36.01
89 49 37.00
89 50 38.00
89 51 39.01
89 52 40.03
89 53 41.06
89 54 42.11
89 55 43.18
89 56 44.26
89 57 45.37
89 58 46.52
89 59 47.70
89 60 48.96
89 61 50.36
89 62 52.45
89 63 53.38
89 64 25.22
89 65 24.07
89 66 23.01
89 67 22.00
89 68 21.01
89 69 20.04
89 70 19.08
89 71 18.12
89 72 17.17
89 73 16.22
89 74 15.28
89 75 14.33
89 76 13.38
89 77 12.43
89 78 11.48
89 79 10.52
89 80 9.55
89 81 8.57
89 82 7.58
89 83 6.58
89 84 5.56
89 85 4.51
89 86 3.45
89 87 2.35
89 88 1.20
89 89 0.00
89 90 1.30
89 91 2.74
89 92 4.51
89 93 7.83
89 94 8.38
89 95 15.66
90 1 38.68
90 2 31.15
90 3 32.87
90 4 34.19
90 5 35.31
90 6 36.29
90 7 37.19
90 8 38.02
90 9 38.79
90 10 39.51
90 11 40.20
90 12 40.86
90 13 41.48
90 14 42.08
90 15 42.66
90 16 43.21
90 17 43.74
90 18 44.25
90 19 44.74
90 20 45.21
90 21 45.65
90 22 46.07
90 23 46.47
90 24 46.84
90 25 47.17
90 26 47.46
90 27 47.70
90 28 47.87
90 29 47.92
90 30 47.75
90 31 46.55
90 32 47.38
90 33 26.00
90 34 25.84
90 35 26.04
90 36 26.44
90 37 26.97
90 38 27.59
90 39 28.28
90 40 29.03
90 41 29.83
90 42 30.66
90 43 31.52
90 44 32.41
90 45 33.32
90 46 34.25
90 47 35.19
90 48 36.16
90 49 37.13
90 50 38.13
90 51 39.13
90 52 40.15
90 53 41.19
90 54 42.24
90 55 43.31
90 56 44.40
90 57 45.52
90 58 46.67
90 59 47.87
90 60 49.15
90 61 50.58
90 62 52.73
90 63 53.65
90 64 26.12
90 65 25.02
90 66 24.00
90 67 23.02
90 68 22.05
90 69 21.10
90 70 20.16
90 71 19.22
90 72 18.29
90 73 17.36
90 74 16.43
90 75 15.50
90 76 14.56
90 77 13.62
90 78 12.68
90 79 11.73
90 80 10.77
90 81 9.80
90 82 8.83
90 83 7.83
90 84 6.82
90 85 5.79
90 86 4.73
90 87 3.64
90 88 2.50
90 89 1.30
90 90 0.00
90 91 1.45
90 92 3.23
90 93 6.62
90 94 7.13
90 95 16.57
91 1 39.38
91 2 31.92
91 3 33.66
91 4 35.00
91 5 36.14
91 6 37.15
91 7 38.07
91 8 38.92
91 9 39.71
91 10 40.46
91 11 41.17
91 12 41.84
91 13 42.49
91 14 43.11
91 15 43.70
91 16 44.27
91 17 44.82
91 18 45.35
91 19 45.86
91 20 46.34
91 21 46.80
91 22 47.24
91 23 47.66
91 24 48.04
91 25 48.39
91 26 48.70
91 27 48.96
91 28 49.15
91 29 49.22
91 30 49.07
91 31 47.91
91 32 48.74
91 33 26.63
91 34 26.38
91 35 26.51
91 36 26.85
91 37 27.32
91 38 27.89
91 39 28.54
91 40 29.25
91 41 30.01
91 42 30.81
91 43 31.64
91 44 32.51
91 45 33.40
91 46 34.31
91 47 35.24
91 48 36.19
91 49 37.16
91 50 38.15
91 51 39.15
91 52 40.17
91 53 41.20
91 54 42.25
91 55 43.32
91 56 44.42
91 57 45.55
91 58 46.71
91 59 47.92
91 60 49.22
91 61 50.68
91 62 52.91
91 63 53.82
91 64 27.04
91 65 26.00
91 66 25.02
91 67 24.07
91 68 23.14
91 69 22.22
91 70 21.30
91 71 20.39
91 72 19.48
91 73 18.57
91 74 17.66
91 75 16.75
91 76 15.83
91 77 14.91
91 78 13.98
91 79 13.05
91 80 12.11
91 81 11.15
91 82 10.19
91 83 9.21
91 84 8.21
91 85 7.19
91 86 6.15
91 87 5.07
91 88 3.94
91 89 2.74
91 90 1.45
91 91 0.00
91 92 1.79
91 93 5.25
91 94 5.70
91 95 17.52
92 1 40.04
92 2 32.68
92 3 34.44
92 4 35.81
92 5 36.97
92 6 38.01
92 7 38.95
92 8 39.83
92 9 40.65
92 10 41.42
92 11 42.16
92 12 42.86
92 13 43.53
92 14 44.18
92 15 44.80
92 16 45.40
92 17 45.97
92 18 46.52
92 19 47.06
92 20 47.57
92 21 48.05
92 22 48.52
92 23 48.96
92 24 49.37
92 25 49.74
92 26 50.08
92 27 50.36
92 28 50.58
92 29 50.68
92 30 50.57
92 31 49.47
92 32 50.32
92 33 27.24
92 34 26.87
92 35 26.91
92 36 27.16
92 37 27.56
92 38 28.06
92 39 28.65
92 40 29.31
92 41 30.03
92 42 30.79
92 43 31.59
92 44 32.42
92 45 33.28
92 46 34.17
92 47 35.09
92 48 36.02
92 49 36.97
92 50 37.95
92 51 38.94
92 52 39.95
92 53 40.98
92 54 42.03
92 55 43.11
92 56 44.21
92 57 45.34
92 58 46.52
92 59 47.75
92 60 49.07
92 61 50.57
92 62 52.89
92 63 53.79
92 64 28.00
92 65 27.04
92 66 26.12
92 67 25.23
92 68 24.34
92 69 23.45
92 70 22.58
92 71 21.70
92 72 20.82
92 73 19.94
92 74 19.06
92 75 18.18
92 76 17.29
92 77 16.39
92 78 15.49
92 79 14.59
92 80 13.67
92 81 12.74
92 82 11.80
92 83 10.85
92 84 9.87
92 85 8.88
92 86 7.85
92 87 6.79
92 88 5.68
92 89 4.51
92 90 3.23
92 91 1.79
92 92 0.00
92 93 3.51
92 94 3.91
92 95 18.55
93 1 40.51
93 2 33.42
93 3 35.21
93 4 36.61
93 5 37.83
93 6 38.91
93 7 39.91
93 8 40.84
93 9 41.72
93 10 42.55
93 11 43.34
93 12 44.09
93 13 44.82
93 14 45.52
93 15 46.19
93 16 46.85
93 17 47.48
93 18 48.08
93 19 48.67
93 20 49.24
93 21 49.78
93 22 50.30
93 23 50.80
93 24 51.26
93 25 51.70
93 26 52.10
93 27 52.45
93 28 52.73
93 29 52.91
93 30 52.89
93 31 51.96
93 32 52.83
93 33 27.70
93 34 27.12
93 35 26.97
93 36 27.05
93 37 27.30
93 38 27.67
93 39 28.14
93 40 28.70
93 41 29.31
93 42 29.99
93 43 30.71
93 44 31.48
93 45 32.29
93 46 33.12
93 47 33.99
93 48 34.89
93 49 35.81
93 50 36.76
93 51 37.73
93 52 38.72
93 53 39.74
93 54 40.79
93 55 41.86
93 56 42.96
93 57 44.11
93 58 45.30
93 59 46.55
93 60 47.91
93 61 49.47
93 62 51.96
93 63 52.83
93 64 29.19
93 65 28.42
93 66 27.64
93 67 26.86
93 68 26.07
93 69 25.29
93 70 24.50
93 71 23.70
93 72 22.91
93 73 22.11
93 74 21.30
93 75 20.49
93 76 19.68
93 77 18.86
93 78 18.03
93 79 17.19
93 80 16.35
93 81 15.49
93 82 14.62
93 83 13.74
93 84 12.83
93 85 11.91
93 86 10.96
93 87 9.97
93 88 8.93
93 89 7.83
93 90 6.62
93 91 5.25
93 92 3.51
93 93 0.00
93 94 1.00
93 95 20.04
94 1 41.51
94 2 34.42
94 3 36.21
94 4 37.61
94 5 38.83
94 6 39.91
94 7 40.91
94 8 41.84
94 9 42.71
94 10 43.54
94 11 44.33
94 12 45.09
94 13 45.81
94 14 46.51
94 15 47.18
94 16 47.83
94 17 48.46
94 18 49.06
94 19 49.65
94 20 50.21
94 21 50.75
94 22 51.26
94 23 51.75
94 24 52.22
94 25 52.65
94 26 53.04
94 27 53.38
94 28 53.65
94 29 53.82
94 30 53.79
94 31 52.83
94 32 53.69
94 33 28.70
94 34 28.11
94 35 27.95
94 36 28.02
94 37 28.26
94 38 28.62
94 39 29.08
94 40 29.62
94 41 30.22
94 42 30.89
94 43 31.60
94 44 32.36
94 45 33.15
94 46 33.98
94 47 34.84
94 48 35.73
94 49 36.65
94 50 37.59
94 51 38.56
94 52 39.55
94 53 40.56
94 54 41.61
94 55 42.68
94 56 43.78
94 57 44.93
94 58 46.12
94 59 47.38
94 60 48.74
94 61 50.32
94 62 52.83
94 63 53.69
94 64 30.19
94 65 29.40
94 66 28.62
94 67 27.83
94 68 27.03
94 69 26.24
94 70 25.44
94 71 24.63
94 72 23.83
94 73 23.02
94 74 22.20
94 75 21.38
94 76 20.55
94 77 19.71
94 78 18.87
94 79 18.02
94 80 17.15
94 81 16.28
94 82 15.39
94 83 14.48
94 84 13.55
94 85 12.60
94 86 11.62
94 87 10.60
94 88 9.53
94 89 8.38
94 90 7.13
94 91 5.70
94 92 3.91
94 93 1.00
94 94 0.00
94 95 21.02
95 1 22.63
95 2 14.91
95 3 16.55
95 4 17.79
95 5 18.85
95 6 19.79
95 7 20.65
95 8 21.46
95 9 22.22
95 10 22.95
95 11 23.65
95 12 24.33
95 13 24.99
95 14 25.63
95 15 26.25
95 16 26.87
95 17 27.47
95 18 28.05
95 19 28.63
95 20 29.20
95 21 29.75
95 22 30.29
95 23 30.82
95 24 31.33
95 25 31.83
95 26 32.30
95 27 32.74
95 28 33.14
95 29 33.48
95 30 33.68
95 31 33.29
95 32 34.23
95 33 10.76
95 34 11.37
95 35 12.23
95 36 13.20
95 37 14.21
95 38 15.24
95 39 16.28
95 40 17.32
95 41 18.35
95 42 19.38
95 43 20.40
95 44 21.41
95 45 22.42
95 46 23.42
95 47 24.41
95 48 25.40
95 49 26.38
95 50 27.36
95 51 28.34
95 52 29.32
95 53 30.29
95 54 31.27
95 55 32.24
95 56 33.22
95 57 34.21
95 58 35.20
95 59 36.21
95 60 37.25
95 61 38.35
95 62 39.78
95 63 40.77
95 64 9.56
95 65 8.49
95 66 7.61
95 67 6.84
95 68 6.17
95 69 5.62
95 70 5.20
95 71 4.93
95 72 4.82
95 73 4.87
95 74 5.09
95 75 5.44
95 76 5.90
95 77 6.45
95 78 7.06
95 79 7.72
95 80 8.42
95 81 9.15
95 82 9.90
95 83 10.68
95 84 11.47
95 85 12.27
95 86 13.10
95 87 13.93
95 88 14.79
95 89 15.66
95 90 16.57
95 91 17.52
95 92 18.55
95 93 20.04
95 94 21.02
95 95 0.00
;
param v :=
1 1 0
1 2 35
1 3 37
1 4 56
1 5 59
1 6 58
1 7 38
1 8 47
1 9 51
1 10 47
1 11 56
1 12 56
1 13 59
1 14 55
1 15 44
1 16 51
1 17 56
1 18 57
1 19 36
1 20 52
1 21 55
1 22 46
1 23 44
1 24 44
1 25 55
1 26 58
1 27 54
1 28 58
1 29 37
1 30 60
1 31 51
1 32 56
1 33 58
1 34 55
1 35 59
1 36 54
1 37 47
1 38 59
1 39 42
1 40 38
1 41 41
1 42 51
1 43 38
1 44 48
1 45 47
1 46 46
1 47 47
1 48 56
1 49 51
1 50 59
1 51 56
1 52 56
1 53 44
1 54 37
1 55 57
1 56 60
1 57 59
1 58 59
1 59 42
1 60 47
1 61 38
1 62 58
1 63 41
1 64 48
1 65 51
1 66 60
1 67 46
1 68 58
1 69 58
1 70 38
1 71 42
1 72 47
1 73 55
1 74 41
1 75 51
1 76 42
1 77 53
1 78 58
1 79 35
1 80 39
1 81 42
1 82 43
1 83 45
1 84 56
1 85 36
1 86 37
1 87 43
1 88 59
1 89 45
1 90 57
1 91 43
1 92 44
1 93 59
1 94 50
1 95 56
2 1 58
2 2 0
2 3 58
2 4 41
2 5 45
2 6 50
2 7 50
2 8 39
2 9 52
2 10 44
2 11 39
2 12 46
2 13 50
2 14 60
2 15 48
2 16 48
2 17 48
2 18 54
2 19 53
2 20 43
2 21 48
2 22 56
2 23 60
2 24 36
2 25 43
2 26 60
2 27 49
2 28 59
2 29 55
2 30 44
2 31 37
2 32 43
2 33 51
2 34 42
2 35 44
2 36 50
2 37 39
2 38 39
2 39 37
2 40 55
2 41 37
2 42 47
2 43 54
2 44 36
2 45 39
2 46 43
2 47 49
2 48 47
2 49 45
2 50 58
2 51 55
2 52 52
2 53 47
2 54 53
2 55 56
2 56 39
2 57 41
2 58 41
2 59 42
2 60 35
2 61 39
2 62 54
2 63 46
2 64 60
2 65 51
2 66 59
2 67 55
2 68 36
2 69 57
2 70 40
2 71 46
2 72 53
2 73 57
2 74 39
2 75 41
2 76 36
2 77 52
2 78 47
2 79 53
2 80 53
2 81 57
2 82 49
2 83 40
2 84 35
2 85 35
2 86 43
2 87 38
2 88 40
2 89 60
2 90 38
2 91 51
2 92 55
2 93 42
2 94 42
2 95 45
3 1 44
3 2 36
3 3 0
3 4 49
3 5 35
3 6 37
3 7 51
3 8 59
3 9 56
3 10 55
3 11 54
3 12 57
3 13 58
3 14 44
3 15 38
3 16 60
3 17 51
3 18 42
3 19 49
3 20 42
3 21 36
3 22 37
3 23 45
3 24 57
3 25 37
3 26 36
3 27 50
3 28 59
3 29 41
3 30 60
3 31 60
3 32 50
3 33 37
3 34 57
3 35 60
3 36 36
3 37 54
3 38 35
3 39 36
3 40 46
3 41 41
3 42 49
3 43 56
3 44 57
3 45 49
3 46 40
3 47 42
3 48 48
3 49 39
3 50 60
3 51 45
3 52 41
3 53 39
3 54 41
3 55 52
3 56 40
3 57 57
3 58 46
3 59 45
3 60 54
3 61 51
3 62 40
3 63 52
3 64 50
3 65 59
3 66 58
3 67 54
3 68 38
3 69 43
3 70 43
3 71 39
3 72 55
3 73 56
3 74 39
3 75 45
3 76 59
3 77 59
3 78 47
3 79 54
3 80 45
3 81 41
3 82 54
3 83 49
3 84 49
3 85 54
3 86 56
3 87 53
3 88 48
3 89 43
3 90 45
3 91 53
3 92 48
3 93 41
3 94 39
3 95 35
4 1 45
4 2 44
4 3 47
4 4 0
4 5 60
4 6 58
4 7 36
4 8 54
4 9 42
4 10 37
4 11 52
4 12 58
4 13 59
4 14 41
4 15 58
4 16 52
4 17 46
4 18 37
4 19 53
4 20 52
4 21 41
4 22 45
4 23 40
4 24 39
4 25 51
4 26 47
4 27 47
4 28 51
4 29 47
4 30 52
4 31 50
4 32 35
4 33 43
4 34 56
4 35 46
4 36 44
4 37 37
4 38 45
4 39 58
4 40 44
4 41 39
4 42 46
4 43 49
4 44 35
4 45 60
4 46 57
4 47 37
4 48 43
4 49 35
4 50 50
4 51 36
4 52 37
4 53 54
4 54 36
4 55 44
4 56 56
4 57 38
4 58 35
4 59 45
4 60 51
4 61 50
4 62 53
4 63 50
4 64 36
4 65 58
4 66 52
4 67 53
4 68 59
4 69 40
4 70 59
4 71 60
4 72 39
4 73 48
4 74 42
4 75 41
4 76 35
4 77 44
4 78 48
4 79 46
4 80 54
4 81 55
4 82 43
4 83 53
4 84 51
4 85 38
4 86 37
4 87 44
4 88 47
4 89 35
4 90 58
4 91 60
4 92 35
4 93 53
4 94 60
4 95 38
5 1 37
5 2 56
5 3 60
5 4 42
5 5 0
5 6 54
5 7 60
5 8 46
5 9 55
5 10 39
5 11 50
5 12 38
5 13 40
5 14 45
5 15 55
5 16 51
5 17 55
5 18 36
5 19 56
5 20 45
5 21 36
5 22 39
5 23 45
5 24 49
5 25 41
5 26 50
5 27 49
5 28 37
5 29 54
5 30 36
5 31 39
5 32 41
5 33 50
5 34 57
5 35 50
5 36 37
5 37 54
5 38 59
5 39 49
5 40 57
5 41 55
5 42 40
5 43 60
5 44 36
5 45 35
5 46 40
5 47 45
5 48 43
5 49 50
5 50 50
5 51 59
5 52 45
5 53 48
5 54 36
5 55 44
5 56 36
5 57 47
5 58 54
5 59 48
5 60 60
5 61 57
5 62 51
5 63 52
5 64 42
5 65 54
5 66 48
5 67 47
5 68 47
5 69 43
5 70 43
5 71 60
5 72 38
5 73 37
5 74 59
5 75 38
5 76 41
5 77 46
5 78 48
5 79 58
5 80 58
5 81 50
5 82 60
5 83 57
5 84 53
5 85 43
5 86 51
5 87 46
5 88 59
5 89 37
5 90 58
5 91 41
5 92 38
5 93 40
5 94 40
5 95 52
6 1 49
6 2 49
6 3 49
6 4 50
6 5 38
6 6 0
6 7 52
6 8 52
6 9 43
6 10 46
6 11 50
6 12 41
6 13 36
6 14 59
6 15 49
6 16 55
6 17 47
6 18 40
6 19 46
6 20 43
6 21 40
6 22 46
6 23 37
6 24 46
6 25 46
6 26 51
6 27 56
6 28 45
6 29 39
6 30 43
6 31 57
6 32 45
6 33 42
6 34 50
6 35 45
6 36 39
6 37 37
6 38 52
6 39 41
6 40 39
6 41 35
6 42 40
6 43 54
6 44 39
6 45 55
6 46 46
6 47 43
6 48 60
6 49 58
6 50 37
6 51 60
6 52 48
6 53 45
6 54 56
6 55 60
6 56 48
6 57 48
6 58 51
6 59 43
6 60 45
6 61 48
6 62 45
6 63 58
6 64 44
6 65 51
6 66 43
6 67 39
6 68 58
6 69 57
6 70 59
6 71 41
6 72 56
6 73 60
6 74 41
6 75 44
6 76 59
6 77 35
6 78 45
6 79 39
6 80 54
6 81 54
6 82 40
6 83 48
6 84 44
6 85 50
6 86 47
6 87 50
6 88 47
6 89 46
6 90 44
6 91 51
6 92 50
6 93 41
6 94 52
6 95 35
7 1 51
7 2 57
7 3 46
7 4 54
7 5 49
7 6 51
7 7 0
7 8 50
7 9 57
7 10 41
7 11 37
7 12 38
7 13 38
7 14 43
7 15 59
7 16 59
7 17 51
7 18 53
7 19 51
7 20 60
7 21 38
7 22 51
7 23 35
7 24 52
7 25 45
7 26 35
7 27 56
7 28 39
7 29 46
7 30 58
7 31 48
7 32 47
7 33 57
7 34 40
7 35 58
7 36 44
7 37 38
7 38 36
7 39 54
7 40 39
7 41 56
7 42 60
7 43 46
7 44 49
7 45 49
7 46 44
7 47 60
7 48 43
7 49 35
7 50 53
7 51 49
7 52 46
7 53 46
7 54 41
7 55 51
7 56 46
7 57 43
7 58 55
7 59 58
7 60 44
7 61 55
7 62 45
7 63 41
7 64 59
7 65 45
7 66 38
7 67 42
7 68 56
7 69 40
7 70 60
7 71 50
7 72 52
7 73 42
7 74 53
7 75 44
7 76 50
7 77 49
7 78 47
7 79 52
7 80 42
7 81 59
7 82 58
7 83 37
7 84 35
7 85 35
7 86 49
7 87 39
7 88 37
7 89 47
7 90 58
7 91 51
7 92 44
7 93 38
7 94 45
7 95 37
8 1 54
8 2 36
8 3 42
8 4 47
8 5 37
8 6 37
8 7 45
8 8 0
8 9 39
8 10 51
8 11 35
8 12 57
8 13 43
8 14 43
8 15 44
8 16 38
8 17 36
8 18 49
8 19 36
8 20 43
8 21 59
8 22 36
8 23 49
8 24 56
8 25 39
8 26 37
8 27 52
8 28 38
8 29 54
8 30 53
8 31 57
8 32 58
8 33 55
8 34 50
8 35 53
8 36 44
8 37 60
8 38 52
8 39 53
8 40 43
8 41 48
8 42 48
8 43 36
8 44 43
8 45 49
8 46 35
8 47 54
8 48 59
8 49 47
8 50 45
8 51 46
8 52 37
8 53 54
8 54 45
8 55 53
8 56 60
8 57 56
8 58 50
8 59 57
8 60 51
8 61 48
8 62 47
8 63 35
8 64 35
8 65 47
8 66 43
8 67 60
8 68 36
8 69 45
8 70 35
8 71 48
8 72 42
8 73 46
8 74 56
8 75 60
8 76 60
8 77 36
8 78 42
8 79 37
8 80 60
8 81 46
8 82 47
8 83 53
8 84 51
8 85 60
8 86 47
8 87 38
8 88 58
8 89 36
8 90 47
8 91 43
8 92 36
8 93 50
8 94 48
8 95 43
9 1 54
9 2 40
9 3 58
9 4 51
9 5 53
9 6 56
9 7 37
9 8 51
9 9 0
9 10 42
9 11 47
9 12 46
9 13 37
9 14 40
9 15 41
9 16 55
9 17 45
9 18 39
9 19 60
9 20 43
9 21 52
9 22 57
9 23 45
9 24 50
9 25 55
9 26 56
9 27 54
9 28 40
9 29 51
9 30 45
9 31 59
9 32 42
9 33 51
9 34 35
9 35 58
9 36 36
9 37 41
9 38 48
9 39 43
9 40 48
9 41 43
9 42 54
9 43 57
9 44 45
9 45 37
9 46 46
9 47 59
9 48 54
9 49 52
9 50 56
9 51 52
9 52 58
9 53 46
9 54 49
9 55 55
9 56 43
9 57 40
9 58 47
9 59 36
9 60 39
9 61 36
9 62 55
9 63 60
9 64 53
9 65 47
9 66 40
9 67 42
9 68 39
9 69 39
9 70 57
9 71 37
9 72 38
9 73 51
9 74 35
9 75 49
9 76 51
9 77 52
9 78 42
9 79 36
9 80 56
9 81 40
9 82 41
9 83 47
9 84 52
9 85 53
9 86 40
9 87 58
9 88 38
9 89 47
9 90 43
9 91 50
9 92 47
9 93 54
9 94 59
9 95 55
10 1 52
10 2 36
10 3 52
10 4 36
10 5 38
10 6 40
10 7 44
10 8 46
10 9 45
10 10 0
10 11 56
10 12 52
10 13 50
10 14 50
10 15 37
10 16 39
10 17 51
10 18 56
10 19 51
10 20 59
10 21 44
10 22 41
10 23 48
10 24 55
10 25 60
10 26 41
10 27 52
10 28 40
10 29 54
10 30 50
10 31 38
10 32 46
10 33 39
10 34 55
10 35 57
10 36 55
10 37 43
10 38 51
10 39 50
10 40 35
10 41 41
10 42 41
10 43 39
10 44 42
10 45 45
10 46 55
10 47 48
10 48 47
10 49 55
10 50 58
10 51 46
10 52 55
10 53 43
10 54 43
10 55 43
10 56 37
10 57 35
10 58 48
10 59 58
10 60 56
10 61 42
10 62 36
10 63 41
10 64 46
10 65 50
10 66 38
10 67 41
10 68 38
10 69 37
10 70 55
10 71 57
10 72 48
10 73 46
10 74 44
10 75 45
10 76 58
10 77 60
10 78 54
10 79 51
10 80 54
10 81 38
10 82 54
10 83 54
10 84 55
10 85 37
10 86 48
10 87 54
10 88 57
10 89 47
10 90 56
10 91 48
10 92 49
10 93 44
10 94 48
10 95 49
11 1 54
11 2 60
11 3 38
11 4 45
11 5 43
11 6 43
11 7 52
11 8 40
11 9 57
11 10 47
11 11 0
11 12 53
11 13 47
11 14 43
11 15 47
11 16 48
11 17 55
11 18 56
11 19 41
11 20 52
11 21 52
11 22 36
11 23 37
11 24 38
11 25 47
11 26 40
11 27 35
11 28 38
11 29 43
11 30 51
11 31 38
11 32 51
11 33 53
11 34 53
11 35 47
11 36 36
11 37 56
11 38 45
11 39 44
11 40 36
11 41 36
11 42 52
11 43 47
11 44 53
11 45 40
11 46 42
11 47 59
11 48 39
11 49 58
11 50 58
11 51 46
11 52 53
11 53 42
11 54 38
11 55 54
11 56 55
11 57 55
11 58 42
11 59 60
11 60 44
11 61 56
11 62 46
11 63 36
11 64 54
11 65 40
11 66 56
11 67 55
11 68 45
11 69 40
11 70 59
11 71 36
11 72 51
11 73 38
11 74 48
11 75 41
11 76 44
11 77 50
11 78 60
11 79 41
11 80 56
11 81 36
11 82 51
11 83 36
11 84 43
11 85 59
11 86 54
11 87 59
11 88 38
11 89 41
11 90 47
11 91 41
11 92 44
11 93 53
11 94 45
11 95 52
12 1 41
12 2 59
12 3 51
12 4 57
12 5 58
12 6 50
12 7 51
12 8 57
12 9 48
12 10 48
12 11 56
12 12 0
12 13 56
12 14 58
12 15 44
12 16 40
12 17 53
12 18 49
12 19 42
12 20 36
12 21 60
12 22 58
12 23 43
12 24 54
12 25 46
12 26 53
12 27 35
12 28 44
12 29 39
12 30 48
12 31 57
12 32 60
12 33 56
12 34 43
12 35 60
12 36 45
12 37 35
12 38 53
12 39 54
12 40 50
12 41 50
12 42 39
12 43 35
12 44 52
12 45 44
12 46 47
12 47 60
12 48 53
12 49 39
12 50 38
12 51 60
12 52 51
12 53 57
12 54 55
12 55 51
12 56 45
12 57 57
12 58 54
12 59 43
12 60 56
12 61 42
12 62 51
12 63 56
12 64 46
12 65 58
12 66 47
12 67 38
12 68 44
12 69 46
12 70 59
12 71 37
12 72 42
12 73 37
12 74 35
12 75 46
12 76 38
12 77 36
12 78 52
12 79 46
12 80 57
12 81 52
12 82 58
12 83 54
12 84 56
12 85 55
12 86 49
12 87 48
12 88 38
12 89 57
12 90 42
12 91 37
12 92 53
12 93 52
12 94 48
12 95 37
13 1 38
13 2 57
13 3 52
13 4 53
13 5 54
13 6 46
13 7 38
13 8 42
13 9 59
13 10 40
13 11 57
13 12 58
13 13 0
13 14 52
13 15 57
13 16 35
13 17 49
13 18 47
13 19 46
13 20 57
13 21 57
13 22 51
13 23 36
13 24 36
13 25 41
13 26 58
13 27 53
13 28 60
13 29 44
13 30 42
13 31 48
13 32 56
13 33 49
13 34 57
13 35 35
13 36 58
13 37 38
13 38 51
13 39 43
13 40 48
13 41 54
13 42 53
13 43 54
13 44 56
13 45 48
13 46 39
13 47 35
13 48 55
13 49 42
13 50 58
13 51 51
13 52 38
13 53 58
13 54 51
13 55 58
13 56 57
13 57 52
13 58 50
13 59 58
13 60 60
13 61 36
13 62 37
13 63 52
13 64 57
13 65 54
13 66 45
13 67 49
13 68 58
13 69 60
13 70 49
13 71 58
13 72 58
13 73 42
13 74 43
13 75 43
13 76 53
13 77 50
13 78 38
13 79 40
13 80 38
13 81 41
13 82 59
13 83 53
13 84 59
13 85 53
13 86 46
13 87 38
13 88 60
13 89 56
13 90 43
13 91 60
13 92 38
13 93 58
13 94 40
13 95 39
14 1 42
14 2 43
14 3 57
14 4 36
14 5 57
14 6 38
14 7 59
14 8 50
14 9 39
14 10 57
14 11 58
14 12 60
14 13 45
14 14 0
14 15 39
14 16 37
14 17 49
14 18 59
14 19 35
14 20 60
14 21 46
14 22 52
14 23 39
14 24 50
14 25 50
14 26 53
14 27 51
14 28 46
14 29 44
14 30 57
14 31 50
14 32 59
14 33 56
14 34 55
14 35 49
14 36 40
14 37 60
14 38 36
14 39 42
14 40 37
14 41 41
14 42 54
14 43 51
14 44 37
14 45 54
14 46 46
14 47 47
14 48 37
14 49 55
14 50 52
14 51 35
14 52 53
14 53 40
14 54 37
14 55 46
14 56 44
14 57 55
14 58 52
14 59 38
14 60 56
14 61 49
14 62 36
14 63 49
14 64 48
14 65 35
14 66 35
14 67 59
14 68 47
14 69 37
14 70 41
14 71 40
14 72 37
14 73 60
14 74 55
14 75 42
14 76 53
14 77 38
14 78 59
14 79 58
14 80 53
14 81 59
14 82 50
14 83 50
14 84 54
14 85 38
14 86 38
14 87 57
14 88 44
14 89 58
14 90 43
14 91 59
14 92 48
14 93 59
14 94 60
14 95 45
15 1 55
15 2 46
15 3 43
15 4 49
15 5 54
15 6 41
15 7 36
15 8 39
15 9 59
15 10 59
15 11 35
15 12 53
15 13 53
15 14 50
15 15 0
15 16 35
15 17 57
15 18 37
15 19 48
15 20 57
15 21 43
15 22 38
15 23 44
15 24 55
15 25 46
15 26 55
15 27 49
15 28 54
15 29 40
15 30 49
15 31 41
15 32 38
15 33 52
15 34 35
15 35 39
15 36 60
15 37 43
15 38 38
15 39 55
15 40 50
15 41 47
15 42 35
15 43 36
15 44 38
15 45 38
15 46 48
15 47 45
15 48 58
15 49 51
15 50 45
15 51 45
15 52 56
15 53 47
15 54 55
15 55 59
15 56 49
15 57 38
15 58 42
15 59 46
15 60 59
15 61 40
15 62 45
15 63 40
15 64 56
15 65 57
15 66 40
15 67 43
15 68 45
15 69 37
15 70 54
15 71 41
15 72 44
15 73 41
15 74 41
15 75 38
15 76 53
15 77 53
15 78 37
15 79 47
15 80 49
15 81 39
15 82 53
15 83 40
15 84 43
15 85 39
15 86 36
15 87 38
15 88 51
15 89 51
15 90 39
15 91 43
15 92 53
15 93 43
15 94 51
15 95 51
16 1 37
16 2 52
16 3 45
16 4 45
16 5 46
16 6 42
16 7 54
16 8 58
16 9 35
16 10 47
16 11 50
16 12 60
16 13 36
16 14 35
16 15 59
16 16 0
16 17 53
16 18 50
16 19 52
16 20 54
16 21 40
16 22 48
16 23 41
16 24 48
16 25 46
16 26 39
16 27 40
16 28 51
16 29 35
16 30 55
16 31 35
16 32 38
16 33 54
16 34 54
16 35 56
16 36 52
16 37 41
16 38 35
16 39 43
16 40 55
16 41 45
16 42 36
16 43 49
16 44 45
16 45 45
16 46 48
16 47 38
16 48 35
16 49 39
16 50 57
16 51 46
16 52 51
16 53 57
16 54 59
16 55 35
16 56 51
16 57 48
16 58 58
16 59 42
16 60 53
16 61 38
16 62 54
16 63 57
16 64 44
16 65 52
16 66 54
16 67 51
16 68 57
16 69 45
16 70 50
16 71 55
16 72 55
16 73 44
16 74 42
16 75 54
16 76 51
16 77 57
16 78 59
16 79 56
16 80 38
16 81 40
16 82 57
16 83 37
16 84 37
16 85 47
16 86 57
16 87 39
16 88 49
16 89 35
16 90 42
16 91 52
16 92 38
16 93 55
16 94 35
16 95 35
17 1 45
17 2 53
17 3 60
17 4 49
17 5 53
17 6 41
17 7 35
17 8 45
17 9 35
17 10 44
17 11 46
17 12 35
17 13 53
17 14 45
17 15 36
17 16 57
17 17 0
17 18 36
17 19 42
17 20 46
17 21 40
17 22 41
17 23 43
17 24 49
17 25 55
17 26 44
17 27 54
17 28 57
17 29 42
17 30 56
17 31 40
17 32 36
17 33 36
17 34 42
17 35 38
17 36 42
17 37 42
17 38 36
17 39 48
17 40 55
17 41 51
17 42 48
17 43 60
17 44 45
17 45 44
17 46 37
17 47 44
17 48 52
17 49 47
17 50 47
17 51 54
17 52 42
17 53 45
17 54 46
17 55 37
17 56 57
17 57 47
17 58 60
17 59 60
17 60 52
17 61 37
17 62 36
17 63 49
17 64 50
17 65 35
17 66 47
17 67 46
17 68 53
17 69 37
17 70 47
17 71 53
17 72 40
17 73 53
17 74 44
17 75 42
17 76 42
17 77 51
17 78 41
17 79 45
17 80 57
17 81 48
17 82 52
17 83 46
17 84 56
17 85 54
17 86 57
17 87 39
17 88 55
17 89 58
17 90 55
17 91 60
17 92 55
17 93 40
17 94 60
17 95 55
18 1 45
18 2 47
18 3 47
18 4 59
18 5 39
18 6 52
18 7 55
18 8 42
18 9 49
18 10 39
18 11 45
18 12 42
18 13 59
18 14 42
18 15 57
18 16 54
18 17 46
18 18 0
18 19 45
18 20 59
18 21 37
18 22 40
18 23 58
18 24 40
18 25 42
18 26 44
18 27 45
18 28 53
18 29 59
18 30 52
18 31 43
18 32 44
18 33 60
18 34 52
18 35 35
18 36 55
18 37 44
18 38 49
18 39 60
18 40 46
18 41 47
18 42 37
18 43 56
18 44 44
18 45 50
18 46 43
18 47 48
18 48 59
18 49 57
18 50 50
18 51 37
18 52 59
18 53 46
18 54 49
18 55 43
18 56 41
18 57 38
18 58 46
18 59 53
18 60 58
18 61 49
18 62 55
18 63 36
18 64 51
18 65 46
18 66 37
18 67 40
18 68 38
18 69 42
18 70 46
18 71 60
18 72 55
18 73 55
18 74 50
18 75 59
18 76 52
18 77 38
18 78 51
18 79 44
18 80 57
18 81 43
18 82 50
18 83 55
18 84 58
18 85 58
18 86 47
18 87 48
18 88 43
18 89 40
18 90 38
18 91 38
18 92 43
18 93 51
18 94 51
18 95 51
19 1 51
19 2 38
19 3 40
19 4 47
19 5 39
19 6 53
19 7 50
19 8 47
19 9 46
19 10 35
19 11 43
19 12 48
19 13 35
19 14 49
19 15 35
19 16 50
19 17 55
19 18 37
19 19 0
19 20 38
19 21 39
19 22 47
19 23 45
19 24 53
19 25 45
19 26 49
19 27 47
19 28 54
19 29 49
19 30 38
19 31 35
19 32 35
19 33 51
19 34 35
19 35 54
19 36 49
19 37 57
19 38 48
19 39 35
19 40 35
19 41 36
19 42 50
19 43 43
19 44 59
19 45 43
19 46 58
19 47 52
19 48 47
19 49 41
19 50 38
19 51 48
19 52 60
19 53 58
19 54 38
19 55 42
19 56 39
19 57 46
19 58 35
19 59 44
19 60 59
19 61 43
19 62 51
19 63 54
19 64 48
19 65 53
19 66 36
19 67 58
19 68 47
19 69 57
19 70 38
19 71 44
19 72 39
19 73 55
19 74 51
19 75 44
19 76 44
19 77 57
19 78 55
19 79 35
19 80 47
19 81 38
19 82 42
19 83 57
19 84 51
19 85 47
19 86 39
19 87 45
19 88 45
19 89 38
19 90 48
19 91 36
19 92 36
19 93 48
19 94 44
19 95 59
20 1 40
20 2 52
20 3 40
20 4 54
20 5 57
20 6 50
20 7 54
20 8 47
20 9 37
20 10 47
20 11 56
20 12 49
20 13 42
20 14 46
20 15 47
20 16 38
20 17 51
20 18 49
20 19 46
20 20 0
20 21 35
20 22 43
20 23 46
20 24 36
20 25 40
20 26 41
20 27 43
20 28 55
20 29 56
20 30 44
20 31 51
20 32 40
20 33 39
20 34 48
20 35 52
20 36 49
20 37 43
20 38 54
20 39 36
20 40 43
20 41 59
20 42 40
20 43 37
20 44 45
20 45 48
20 46 49
20 47 44
20 48 50
20 49 36
20 50 43
20 51 49
20 52 46
20 53 52
20 54 44
20 55 58
20 56 48
20 57 38
20 58 57
20 59 56
20 60 48
20 61 40
20 62 41
20 63 52
20 64 40
20 65 35
20 66 47
20 67 55
20 68 35
20 69 52
20 70 50
20 71 50
20 72 46
20 73 37
20 74 38
20 75 40
20 76 40
20 77 42
20 78 54
20 79 56
20 80 58
20 81 51
20 82 39
20 83 58
20 84 44
20 85 47
20 86 60
20 87 53
20 88 37
20 89 35
20 90 47
20 91 48
20 92 36
20 93 39
20 94 59
20 95 59
21 1 58
21 2 51
21 3 47
21 4 48
21 5 53
21 6 46
21 7 50
21 8 45
21 9 51
21 10 52
21 11 49
21 12 43
21 13 58
21 14 44
21 15 36
21 16 37
21 17 57
21 18 38
21 19 53
21 20 40
21 21 0
21 22 50
21 23 45
21 24 43
21 25 36
21 26 35
21 27 50
21 28 37
21 29 52
21 30 60
21 31 42
21 32 37
21 33 41
21 34 43
21 35 36
21 36 49
21 37 57
21 38 47
21 39 49
21 40 38
21 41 52
21 42 56
21 43 59
21 44 50
21 45 41
21 46 49
21 47 59
21 48 53
21 49 54
21 50 44
21 51 40
21 52 45
21 53 46
21 54 47
21 55 43
21 56 51
21 57 45
21 58 51
21 59 59
21 60 58
21 61 44
21 62 55
21 63 42
21 64 59
21 65 58
21 66 42
21 67 51
21 68 59
21 69 38
21 70 48
21 71 40
21 72 45
21 73 53
21 74 60
21 75 41
21 76 37
21 77 36
21 78 56
21 79 54
21 80 55
21 81 48
21 82 46
21 83 45
21 84 50
21 85 42
21 86 50
21 87 55
21 88 51
21 89 35
21 90 55
21 91 50
21 92 39
21 93 39
21 94 59
21 95 56
22 1 38
22 2 58
22 3 57
22 4 37
22 5 57
22 6 56
22 7 56
22 8 51
22 9 36
22 10 59
22 11 45
22 12 35
22 13 39
22 14 52
22 15 59
22 16 50
22 17 57
22 18 36
22 19 37
22 20 51
22 21 52
22 22 0
22 23 41
22 24 36
22 25 45
22 26 47
22 27 55
22 28 43
22 29 59
22 30 60
22 31 39
22 32 57
22 33 42
22 34 37
22 35 52
22 36 35
22 37 35
22 38 46
22 39 56
22 40 41
22 41 53
22 42 36
22 43 51
22 44 46
22 45 44
22 46 40
22 47 52
22 48 59
22 49 39
22 50 53
22 51 58
22 52 42
22 53 57
22 54 44
22 55 47
22 56 49
22 57 44
22 58 35
22 59 36
22 60 48
22 61 47
22 62 51
22 63 41
22 64 37
22 65 45
22 66 52
22 67 45
22 68 40
22 69 55
22 70 54
22 71 45
22 72 59
22 73 39
22 74 40
22 75 55
22 76 39
22 77 41
22 78 51
22 79 36
22 80 44
22 81 38
22 82 54
22 83 47
22 84 48
22 85 40
22 86 44
22 87 52
22 88 48
22 89 40
22 90 49
22 91 44
22 92 38
22 93 50
22 94 59
22 95 46
23 1 49
23 2 58
23 3 53
23 4 55
23 5 53
23 6 54
23 7 38
23 8 57
23 9 40
23 10 60
23 11 54
23 12 41
23 13 42
23 14 48
23 15 55
23 16 48
23 17 49
23 18 59
23 19 51
23 20 53
23 21 47
23 22 52
23 23 0
23 24 36
23 25 52
23 26 50
23 27 57
23 28 54
23 29 53
23 30 60
23 31 46
23 32 45
23 33 36
23 34 44
23 35 57
23 36 44
23 37 48
23 38 49
23 39 35
23 40 54
23 41 44
23 42 56
23 43 56
23 44 52
23 45 50
23 46 60
23 47 60
23 48 39
23 49 52
23 50 57
23 51 35
23 52 56
23 53 41
23 54 53
23 55 51
23 56 43
23 57 58
23 58 44
23 59 41
23 60 57
23 61 40
23 62 59
23 63 40
23 64 55
23 65 41
23 66 35
23 67 57
23 68 45
23 69 58
23 70 52
23 71 56
23 72 48
23 73 55
23 74 58
23 75 41
23 76 59
23 77 53
23 78 38
23 79 52
23 80 60
23 81 56
23 82 35
23 83 47
23 84 58
23 85 38
23 86 45
23 87 55
23 88 54
23 89 53
23 90 44
23 91 35
23 92 41
23 93 37
23 94 41
23 95 35
24 1 50
24 2 60
24 3 44
24 4 59
24 5 47
24 6 36
24 7 38
24 8 54
24 9 49
24 10 48
24 11 42
24 12 49
24 13 48
24 14 35
24 15 58
24 16 42
24 17 42
24 18 57
24 19 35
24 20 56
24 21 35
24 22 36
24 23 51
24 24 0
24 25 48
24 26 41
24 27 43
24 28 38
24 29 45
24 30 35
24 31 56
24 32 38
24 33 38
24 34 41
24 35 37
24 36 58
24 37 38
24 38 56
24 39 59
24 40 54
24 41 56
24 42 44
24 43 48
24 44 57
24 45 50
24 46 48
24 47 56
24 48 58
24 49 50
24 50 59
24 51 58
24 52 40
24 53 46
24 54 48
24 55 60
24 56 41
24 57 53
24 58 37
24 59 39
24 60 54
24 61 58
24 62 40
24 63 41
24 64 54
24 65 51
24 66 39
24 67 41
24 68 58
24 69 42
24 70 41
24 71 53
24 72 46
24 73 60
24 74 60
24 75 47
24 76 49
24 77 37
24 78 54
24 79 60
24 80 53
24 81 42
24 82 49
24 83 42
24 84 41
24 85 45
24 86 59
24 87 36
24 88 60
24 89 58
24 90 53
24 91 44
24 92 49
24 93 58
24 94 41
24 95 51
25 1 38
25 2 38
25 3 51
25 4 42
25 5 50
25 6 44
25 7 39
25 8 50
25 9 59
25 10 49
25 11 57
25 12 52
25 13 56
25 14 58
25 15 35
25 16 39
25 17 48
25 18 37
25 19 57
25 20 54
25 21 55
25 22 48
25 23 40
25 24 39
25 25 0
25 26 41
25 27 52
25 28 51
25 29 56
25 30 51
25 31 46
25 32 46
25 33 53
25 34 54
25 35 48
25 36 39
25 37 43
25 38 42
25 39 59
25 40 52
25 41 45
25 42 46
25 43 52
25 44 59
25 45 49
25 46 41
25 47 57
25 48 45
25 49 43
25 50 43
25 51 46
25 52 50
25 53 60
25 54 37
25 55 46
25 56 49
25 57 54
25 58 52
25 59 43
25 60 40
25 61 38
25 62 60
25 63 42
25 64 46
25 65 54
25 66 38
25 67 49
25 68 38
25 69 56
25 70 49
25 71 57
25 72 53
25 73 45
25 74 48
25 75 35
25 76 51
25 77 49
25 78 53
25 79 41
25 80 44
25 81 40
25 82 45
25 83 43
25 84 45
25 85 36
25 86 56
25 87 44
25 88 37
25 89 40
25 90 49
25 91 51
25 92 52
25 93 51
25 94 43
25 95 41
26 1 60
26 2 50
26 3 42
26 4 59
26 5 55
26 6 59
26 7 49
26 8 52
26 9 58
26 10 36
26 11 42
26 12 38
26 13 42
26 14 57
26 15 59
26 16 40
26 17 56
26 18 36
26 19 56
26 20 55
26 21 46
26 22 45
26 23 52
26 24 60
26 25 59
26 26 0
26 27 38
26 28 43
26 29 57
26 30 60
26 31 35
26 32 53
26 33 56
26 34 44
26 35 38
26 36 38
26 37 47
26 38 36
26 39 55
26 40 35
26 41 46
26 42 49
26 43 55
26 44 46
26 45 55
26 46 49
26 47 44
26 48 55
26 49 54
26 50 51
26 51 51
26 52 57
26 53 39
26 54 41
26 55 43
26 56 41
26 57 39
26 58 37
26 59 57
26 60 39
26 61 57
26 62 41
26 63 36
26 64 39
26 65 44
26 66 45
26 67 54
26 68 46
26 69 48
26 70 48
26 71 59
26 72 50
26 73 50
26 74 50
26 75 50
26 76 45
26 77 38
26 78 52
26 79 46
26 80 58
26 81 47
26 82 35
26 83 43
26 84 60
26 85 49
26 86 54
26 87 56
26 88 52
26 89 60
26 90 40
26 91 37
26 92 51
26 93 48
26 94 48
26 95 48
27 1 35
27 2 47
27 3 41
27 4 41
27 5 39
27 6 60
27 7 57
27 8 41
27 9 58
27 10 50
27 11 45
27 12 45
27 13 35
27 14 51
27 15 53
27 16 38
27 17 55
27 18 38
27 19 38
27 20 35
27 21 49
27 22 52
27 23 49
27 24 48
27 25 57
27 26 56
27 27 0
27 28 50
27 29 56
27 30 48
27 31 47
27 32 52
27 33 59
27 34 52
27 35 57
27 36 44
27 37 41
27 38 45
27 39 46
27 40 38
27 41 43
27 42 36
27 43 43
27 44 54
27 45 56
27 46 43
27 47 56
27 48 40
27 49 47
27 50 39
27 51 36
27 52 55
27 53 37
27 54 47
27 55 46
27 56 36
27 57 44
27 58 60
27 59 45
27 60 43
27 61 45
27 62 36
27 63 50
27 64 52
27 65 52
27 66 41
27 67 52
27 68 60
27 69 46
27 70 57
27 71 42
27 72 47
27 73 43
27 74 51
27 75 51
27 76 45
27 77 46
27 78 47
27 79 57
27 80 42
27 81 54
27 82 38
27 83 58
27 84 39
27 85 43
27 86 57
27 87 59
27 88 54
27 89 59
27 90 48
27 91 37
27 92 38
27 93 59
27 94 43
27 95 46
28 1 41
28 2 39
28 3 56
28 4 60
28 5 36
28 6 53
28 7 35
28 8 60
28 9 60
28 10 42
28 11 45
28 12 44
28 13 37
28 14 35
28 15 58
28 16 42
28 17 55
28 18 44
28 19 52
28 20 52
28 21 59
28 22 60
28 23 52
28 24 42
28 25 43
28 26 46
28 27 52
28 28 0
28 29 58
28 30 48
28 31 47
28 32 57
28 33 37
28 34 53
28 35 59
28 36 38
28 37 36
28 38 36
28 39 56
28 40 46
28 41 54
28 42 46
28 43 50
28 44 35
28 45 42
28 46 35
28 47 57
28 48 53
28 49 41
28 50 43
28 51 44
28 52 35
28 53 38
28 54 56
28 55 49
28 56 55
28 57 60
28 58 58
28 59 35
28 60 53
28 61 49
28 62 60
28 63 49
28 64 41
28 65 36
28 66 50
28 67 54
28 68 58
28 69 53
28 70 56
28 71 58
28 72 41
28 73 56
28 74 50
28 75 47
28 76 60
28 77 38
28 78 50
28 79 44
28 80 38
28 81 36
28 82 40
28 83 60
28 84 43
28 85 49
28 86 43
28 87 35
28 88 55
28 89 60
28 90 46
28 91 56
28 92 48
28 93 51
28 94 60
28 95 55
29 1 42
29 2 40
29 3 36
29 4 38
29 5 45
29 6 58
29 7 56
29 8 60
29 9 57
29 10 39
29 11 54
29 12 40
29 13 36
29 14 59
29 15 36
29 16 47
29 17 52
29 18 53
29 19 57
29 20 56
29 21 59
29 22 45
29 23 37
29 24 54
29 25 52
29 26 35
29 27 58
29 28 47
29 29 0
29 30 50
29 31 55
29 32 50
29 33 52
29 34 47
29 35 42
29 36 59
29 37 38
29 38 55
29 39 56
29 40 40
29 41 40
29 42 55
29 43 37
29 44 53
29 45 44
29 46 56
29 47 52
29 48 35
29 49 48
29 50 38
29 51 53
29 52 59
29 53 56
29 54 58
29 55 39
29 56 59
29 57 56
29 58 52
29 59 51
29 60 58
29 61 56
29 62 54
29 63 60
29 64 40
29 65 44
29 66 47
29 67 50
29 68 48
29 69 52
29 70 35
29 71 42
29 72 49
29 73 51
29 74 49
29 75 38
29 76 49
29 77 60
29 78 40
29 79 36
29 80 54
29 81 47
29 82 54
29 83 41
29 84 46
29 85 55
29 86 45
29 87 56
29 88 48
29 89 49
29 90 53
29 91 38
29 92 42
29 93 58
29 94 43
29 95 59
30 1 56
30 2 39
30 3 47
30 4 52
30 5 41
30 6 50
30 7 53
30 8 46
30 9 49
30 10 47
30 11 36
30 12 45
30 13 57
30 14 37
30 15 48
30 16 38
30 17 43
30 18 56
30 19 38
30 20 56
30 21 55
30 22 39
30 23 36
30 24 60
30 25 37
30 26 43
30 27 36
30 28 41
30 29 47
30 30 0
30 31 40
30 32 47
30 33 58
30 34 59
30 35 38
30 36 37
30 37 58
30 38 60
30 39 60
30 40 59
30 41 53
30 42 37
30 43 40
30 44 59
30 45 44
30 46 35
30 47 46
30 48 50
30 49 47
30 50 46
30 51 51
30 52 58
30 53 56
30 54 60
30 55 43
30 56 53
30 57 53
30 58 57
30 59 42
30 60 35
30 61 47
30 62 51
30 63 49
30 64 35
30 65 51
30 66 57
30 67 47
30 68 39
30 69 53
30 70 60
30 71 38
30 72 42
30 73 52
30 74 41
30 75 40
30 76 58
30 77 54
30 78 53
30 79 50
30 80 54
30 81 56
30 82 56
30 83 44
30 84 57
30 85 54
30 86 57
30 87 36
30 88 54
30 89 55
30 90 42
30 91 57
30 92 54
30 93 56
30 94 42
30 95 53
31 1 38
31 2 56
31 3 53
31 4 51
31 5 59
31 6 55
31 7 43
31 8 39
31 9 42
31 10 54
31 11 55
31 12 58
31 13 40
31 14 44
31 15 52
31 16 46
31 17 49
31 18 52
31 19 37
31 20 47
31 21 57
31 22 36
31 23 37
31 24 60
31 25 55
31 26 52
31 27 49
31 28 39
31 29 49
31 30 36
31 31 0
31 32 39
31 33 52
31 34 55
31 35 41
31 36 56
31 37 41
31 38 60
31 39 52
31 40 51
31 41 49
31 42 35
31 43 47
31 44 42
31 45 47
31 46 35
31 47 51
31 48 59
31 49 46
31 50 51
31 51 54
31 52 35
31 53 39
31 54 54
31 55 41
31 56 59
31 57 39
31 58 55
31 59 50
31 60 46
31 61 57
31 62 45
31 63 40
31 64 58
31 65 47
31 66 60
31 67 59
31 68 38
31 69 54
31 70 35
31 71 49
31 72 53
31 73 48
31 74 53
31 75 45
31 76 53
31 77 43
31 78 48
31 79 59
31 80 43
31 81 50
31 82 56
31 83 56
31 84 60
31 85 38
31 86 59
31 87 45
31 88 59
31 89 43
31 90 40
31 91 47
31 92 54
31 93 43
31 94 35
31 95 59
32 1 46
32 2 40
32 3 43
32 4 48
32 5 52
32 6 41
32 7 52
32 8 37
32 9 44
32 10 46
32 11 46
32 12 55
32 13 39
32 14 60
32 15 47
32 16 44
32 17 48
32 18 56
32 19 43
32 20 38
32 21 42
32 22 46
32 23 45
32 24 47
32 25 51
32 26 59
32 27 48
32 28 54
32 29 59
32 30 35
32 31 52
32 32 0
32 33 39
32 34 44
32 35 45
32 36 43
32 37 53
32 38 44
32 39 59
32 40 58
32 41 46
32 42 41
32 43 46
32 44 35
32 45 36
32 46 57
32 47 38
32 48 58
32 49 56
32 50 40
32 51 38
32 52 52
32 53 35
32 54 53
32 55 42
32 56 49
32 57 43
32 58 42
32 59 56
32 60 38
32 61 51
32 62 40
32 63 39
32 64 47
32 65 50
32 66 41
32 67 35
32 68 60
32 69 52
32 70 56
32 71 36
32 72 53
32 73 46
32 74 56
32 75 56
32 76 43
32 77 42
32 78 55
32 79 57
32 80 37
32 81 58
32 82 46
32 83 42
32 84 48
32 85 46
32 86 36
32 87 41
32 88 56
32 89 43
32 90 35
32 91 40
32 92 40
32 93 46
32 94 43
32 95 46
33 1 47
33 2 53
33 3 39
33 4 55
33 5 56
33 6 38
33 7 53
33 8 46
33 9 40
33 10 56
33 11 41
33 12 60
33 13 47
33 14 36
33 15 38
33 16 44
33 17 50
33 18 35
33 19 52
33 20 35
33 21 49
33 22 40
33 23 53
33 24 39
33 25 38
33 26 53
33 27 50
33 28 36
33 29 52
33 30 36
33 31 36
33 32 37
33 33 0
33 34 44
33 35 39
33 36 56
33 37 51
33 38 54
33 39 60
33 40 51
33 41 50
33 42 53
33 43 45
33 44 39
33 45 46
33 46 53
33 47 57
33 48 50
33 49 36
33 50 46
33 51 57
33 52 48
33 53 55
33 54 39
33 55 49
33 56 53
33 57 40
33 58 38
33 59 38
33 60 50
33 61 47
33 62 50
33 63 36
33 64 50
33 65 53
33 66 38
33 67 60
33 68 51
33 69 43
33 70 47
33 71 41
33 72 50
33 73 52
33 74 40
33 75 41
33 76 57
33 77 43
33 78 43
33 79 54
33 80 44
33 81 47
33 82 51
33 83 36
33 84 38
33 85 45
33 86 46
33 87 47
33 88 56
33 89 48
33 90 56
33 91 59
33 92 55
33 93 40
33 94 42
33 95 54
34 1 56
34 2 55
34 3 46
34 4 46
34 5 40
34 6 39
34 7 36
34 8 56
34 9 57
34 10 35
34 11 42
34 12 35
34 13 47
34 14 55
34 15 39
34 16 45
34 17 45
34 18 60
34 19 43
34 20 45
34 21 51
34 22 36
34 23 59
34 24 37
34 25 52
34 26 54
34 27 46
34 28 53
34 29 54
34 30 52
34 31 54
34 32 47
34 33 46
34 34 0
34 35 59
34 36 58
34 37 44
34 38 57
34 39 45
34 40 40
34 41 40
34 42 54
34 43 39
34 44 49
34 45 39
34 46 54
34 47 52
34 48 54
34 49 36
34 50 39
34 51 38
34 52 36
34 53 39
34 54 43
34 55 48
34 56 38
34 57 39
34 58 39
34 59 59
34 60 46
34 61 47
34 62 43
34 63 55
34 64 59
34 65 47
34 66 47
34 67 45
34 68 37
34 69 48
34 70 44
34 71 59
34 72 46
34 73 35
34 74 48
34 75 50
34 76 36
34 77 52
34 78 53
34 79 37
34 80 48
34 81 44
34 82 45
34 83 57
34 84 54
34 85 52
34 86 55
34 87 36
34 88 57
34 89 55
34 90 59
34 91 43
34 92 37
34 93 60
34 94 49
34 95 60
35 1 35
35 2 54
35 3 56
35 4 42
35 5 47
35 6 37
35 7 53
35 8 59
35 9 48
35 10 56
35 11 45
35 12 53
35 13 60
35 14 48
35 15 60
35 16 58
35 17 52
35 18 55
35 19 57
35 20 59
35 21 59
35 22 38
35 23 42
35 24 42
35 25 48
35 26 39
35 27 54
35 28 38
35 29 38
35 30 42
35 31 44
35 32 44
35 33 39
35 34 59
35 35 0
35 36 43
35 37 55
35 38 45
35 39 45
35 40 45
35 41 50
35 42 50
35 43 38
35 44 50
35 45 47
35 46 56
35 47 51
35 48 50
35 49 56
35 50 54
35 51 54
35 52 40
35 53 40
35 54 60
35 55 60
35 56 56
35 57 44
35 58 52
35 59 48
35 60 52
35 61 55
35 62 39
35 63 54
35 64 43
35 65 46
35 66 57
35 67 51
35 68 41
35 69 60
35 70 53
35 71 55
35 72 41
35 73 41
35 74 53
35 75 47
35 76 47
35 77 58
35 78 36
35 79 39
35 80 57
35 81 55
35 82 35
35 83 44
35 84 47
35 85 41
35 86 44
35 87 40
35 88 39
35 89 46
35 90 51
35 91 52
35 92 46
35 93 47
35 94 42
35 95 59
36 1 39
36 2 60
36 3 55
36 4 49
36 5 43
36 6 56
36 7 54
36 8 39
36 9 35
36 10 40
36 11 38
36 12 55
36 13 60
36 14 55
36 15 52
36 16 52
36 17 57
36 18 46
36 19 60
36 20 54
36 21 37
36 22 43
36 23 55
36 24 58
36 25 47
36 26 54
36 27 60
36 28 51
36 29 46
36 30 43
36 31 47
36 32 43
36 33 60
36 34 35
36 35 53
36 36 0
36 37 42
36 38 39
36 39 43
36 40 37
36 41 39
36 42 55
36 43 40
36 44 59
36 45 44
36 46 57
36 47 59
36 48 57
36 49 41
36 50 41
36 51 39
36 52 51
36 53 45
36 54 39
36 55 51
36 56 37
36 57 57
36 58 52
36 59 58
36 60 58
36 61 42
36 62 56
36 63 44
36 64 45
36 65 52
36 66 44
36 67 36
36 68 58
36 69 46
36 70 49
36 71 51
36 72 44
36 73 54
36 74 57
36 75 35
36 76 43
36 77 51
36 78 41
36 79 47
36 80 35
36 81 50
36 82 60
36 83 52
36 84 49
36 85 56
36 86 54
36 87 55
36 88 38
36 89 40
36 90 44
36 91 50
36 92 47
36 93 46
36 94 48
36 95 43
37 1 39
37 2 59
37 3 56
37 4 48
37 5 44
37 6 60
37 7 35
37 8 58
37 9 37
37 10 52
37 11 40
37 12 44
37 13 47
37 14 58
37 15 57
37 16 51
37 17 44
37 18 50
37 19 52
37 20 46
37 21 45
37 22 45
37 23 60
37 24 57
37 25 60
37 26 35
37 27 53
37 28 39
37 29 36
37 30 59
37 31 54
37 32 39
37 33 40
37 34 54
37 35 45
37 36 51
37 37 0
37 38 42
37 39 43
37 40 41
37 41 56
37 42 59
37 43 45
37 44 49
37 45 43
37 46 39
37 47 40
37 48 56
37 49 44
37 50 41
37 51 59
37 52 40
37 53 54
37 54 48
37 55 39
37 56 51
37 57 48
37 58 55
37 59 59
37 60 58
37 61 46
37 62 47
37 63 45
37 64 60
37 65 38
37 66 60
37 67 44
37 68 41
37 69 51
37 70 57
37 71 54
37 72 51
37 73 38
37 74 41
37 75 39
37 76 42
37 77 52
37 78 54
37 79 42
37 80 48
37 81 51
37 82 55
37 83 60
37 84 54
37 85 45
37 86 37
37 87 38
37 88 57
37 89 48
37 90 49
37 91 59
37 92 53
37 93 54
37 94 50
37 95 36
38 1 46
38 2 49
38 3 56
38 4 49
38 5 44
38 6 50
38 7 40
38 8 54
38 9 37
38 10 51
38 11 37
38 12 59
38 13 38
38 14 60
38 15 39
38 16 54
38 17 39
38 18 47
38 19 49
38 20 36
38 21 59
38 22 59
38 23 44
38 24 37
38 25 42
38 26 56
38 27 53
38 28 46
38 29 60
38 30 56
38 31 59
38 32 35
38 33 47
38 34 39
38 35 52
38 36 52
38 37 49
38 38 0
38 39 50
38 40 51
38 41 50
38 42 50
38 43 47
38 44 58
38 45 48
38 46 36
38 47 38
38 48 58
38 49 42
38 50 47
38 51 38
38 52 35
38 53 36
38 54 54
38 55 50
38 56 48
38 57 53
38 58 43
38 59 51
38 60 53
38 61 40
38 62 37
38 63 56
38 64 38
38 65 37
38 66 51
38 67 48
38 68 37
38 69 50
38 70 56
38 71 43
38 72 39
38 73 36
38 74 56
38 75 39
38 76 42
38 77 44
38 78 50
38 79 44
38 80 44
38 81 41
38 82 53
38 83 38
38 84 45
38 85 40
38 86 48
38 87 53
38 88 60
38 89 48
38 90 47
38 91 46
38 92 50
38 93 54
38 94 44
38 95 37
39 1 57
39 2 44
39 3 43
39 4 48
39 5 53
39 6 45
39 7 36
39 8 44
39 9 56
39 10 46
39 11 42
39 12 35
39 13 40
39 14 56
39 15 42
39 16 54
39 17 53
39 18 43
39 19 60
39 20 55
39 21 60
39 22 37
39 23 51
39 24 53
39 25 60
39 26 53
39 27 52
39 28 35
39 29 54
39 30 49
39 31 56
39 32 42
39 33 37
39 34 41
39 35 44
39 36 47
39 37 35
39 38 47
39 39 0
39 40 57
39 41 48
39 42 39
39 43 41
39 44 40
39 45 43
39 46 60
39 47 46
39 48 54
39 49 37
39 50 47
39 51 51
39 52 58
39 53 56
39 54 51
39 55 37
39 56 38
39 57 56
39 58 41
39 59 44
39 60 37
39 61 54
39 62 51
39 63 37
39 64 58
39 65 38
39 66 39
39 67 50
39 68 57
39 69 53
39 70 44
39 71 55
39 72 47
39 73 48
39 74 53
39 75 56
39 76 47
39 77 57
39 78 38
39 79 55
39 80 45
39 81 38
39 82 51
39 83 58
39 84 58
39 85 40
39 86 51
39 87 48
39 88 59
39 89 52
39 90 38
39 91 40
39 92 49
39 93 35
39 94 56
39 95 43
40 1 55
40 2 56
40 3 47
40 4 59
40 5 36
40 6 44
40 7 51
40 8 56
40 9 35
40 10 47
40 11 40
40 12 60
40 13 51
40 14 41
40 15 36
40 16 60
40 17 44
40 18 60
40 19 39
40 20 40
40 21 57
40 22 49
40 23 45
40 24 52
40 25 50
40 26 47
40 27 50
40 28 49
40 29 38
40 30 43
40 31 59
40 32 50
40 33 40
40 34 54
40 35 48
40 36 60
40 37 60
40 38 51
40 39 58
40 40 0
40 41 51
40 42 35
40 43 59
40 44 57
40 45 45
40 46 51
40 47 44
40 48 53
40 49 54
40 50 48
40 51 50
40 52 38
40 53 57
40 54 48
40 55 49
40 56 36
40 57 42
40 58 60
40 59 41
40 60 52
40 61 48
40 62 35
40 63 46
40 64 59
40 65 35
40 66 37
40 67 59
40 68 35
40 69 37
40 70 43
40 71 37
40 72 42
40 73 42
40 74 39
40 75 50
40 76 56
40 77 36
40 78 60
40 79 49
40 80 37
40 81 59
40 82 38
40 83 50
40 84 52
40 85 39
40 86 41
40 87 48
40 88 47
40 89 51
40 90 39
40 91 41
40 92 37
40 93 41
40 94 51
40 95 46
41 1 42
41 2 47
41 3 52
41 4 45
41 5 60
41 6 42
41 7 41
41 8 57
41 9 43
41 10 50
41 11 38
41 12 47
41 13 59
41 14 41
41 15 59
41 16 58
41 17 40
41 18 58
41 19 42
41 20 48
41 21 45
41 22 48
41 23 54
41 24 44
41 25 46
41 26 55
41 27 50
41 28 56
41 29 41
41 30 48
41 31 58
41 32 44
41 33 45
41 34 38
41 35 59
41 36 56
41 37 35
41 38 38
41 39 53
41 40 47
41 41 0
41 42 40
41 43 58
41 44 39
41 45 41
41 46 57
41 47 55
41 48 37
41 49 47
41 50 51
41 51 38
41 52 39
41 53 44
41 54 39
41 55 55
41 56 41
41 57 50
41 58 36
41 59 57
41 60 60
41 61 56
41 62 56
41 63 45
41 64 55
41 65 55
41 66 50
41 67 45
41 68 53
41 69 42
41 70 53
41 71 53
41 72 42
41 73 40
41 74 59
41 75 53
41 76 52
41 77 35
41 78 39
41 79 55
41 80 56
41 81 58
41 82 37
41 83 57
41 84 53
41 85 40
41 86 37
41 87 58
41 88 36
41 89 37
41 90 47
41 91 35
41 92 36
41 93 51
41 94 57
41 95 36
42 1 48
42 2 47
42 3 50
42 4 37
42 5 49
42 6 52
42 7 52
42 8 36
42 9 58
42 10 49
42 11 39
42 12 51
42 13 48
42 14 40
42 15 59
42 16 37
42 17 49
42 18 38
42 19 60
42 20 57
42 21 58
42 22 57
42 23 44
42 24 45
42 25 40
42 26 59
42 27 48
42 28 38
42 29 54
42 30 48
42 31 54
42 32 51
42 33 45
42 34 49
42 35 52
42 36 58
42 37 55
42 38 38
42 39 38
42 40 42
42 41 54
42 42 0
42 43 53
42 44 36
42 45 47
42 46 47
42 47 54
42 48 42
42 49 40
42 50 57
42 51 43
42 52 40
42 53 44
42 54 45
42 55 48
42 56 39
42 57 42
42 58 51
42 59 51
42 60 48
42 61 60
42 62 38
42 63 60
42 64 43
42 65 51
42 66 50
42 67 59
42 68 53
42 69 40
42 70 55
42 71 60
42 72 52
42 73 36
42 74 46
42 75 44
42 76 60
42 77 38
42 78 51
42 79 58
42 80 42
42 81 36
42 82 56
42 83 56
42 84 49
42 85 50
42 86 39
42 87 59
42 88 51
42 89 46
42 90 41
42 91 60
42 92 50
42 93 60
42 94 50
42 95 57
43 1 36
43 2 38
43 3 54
43 4 49
43 5 51
43 6 48
43 7 53
43 8 44
43 9 36
43 10 47
43 11 45
43 12 59
43 13 51
43 14 47
43 15 46
43 16 37
43 17 44
43 18 55
43 19 48
43 20 35
43 21 36
43 22 47
43 23 49
43 24 51
43 25 59
43 26 40
43 27 37
43 28 43
43 29 58
43 30 56
43 31 37
43 32 57
43 33 47
43 34 42
43 35 60
43 36 39
43 37 51
43 38 60
43 39 43
43 40 36
43 41 36
43 42 39
43 43 0
43 44 45
43 45 51
43 46 57
43 47 52
43 48 35
43 49 47
43 50 36
43 51 37
43 52 56
43 53 57
43 54 43
43 55 57
43 56 51
43 57 41
43 58 60
43 59 53
43 60 36
43 61 39
43 62 42
43 63 39
43 64 48
43 65 39
43 66 55
43 67 41
43 68 51
43 69 43
43 70 56
43 71 50
43 72 45
43 73 44
43 74 40
43 75 43
43 76 54
43 77 51
43 78 52
43 79 58
43 80 45
43 81 47
43 82 41
43 83 56
43 84 46
43 85 54
43 86 36
43 87 49
43 88 47
43 89 56
43 90 36
43 91 53
43 92 37
43 93 59
43 94 48
43 95 52
44 1 54
44 2 40
44 3 45
44 4 43
44 5 52
44 6 41
44 7 57
44 8 38
44 9 58
44 10 58
44 11 40
44 12 46
44 13 56
44 14 53
44 15 54
44 16 42
44 17 56
44 18 41
44 19 50
44 20 42
44 21 46
44 22 46
44 23 42
44 24 43
44 25 38
44 26 35
44 27 35
44 28 39
44 29 36
44 30 51
44 31 40
44 32 51
44 33 48
44 34 54
44 35 43
44 36 54
44 37 56
44 38 59
44 39 56
44 40 37
44 41 39
44 42 38
44 43 37
44 44 0
44 45 50
44 46 52
44 47 46
44 48 60
44 49 52
44 50 56
44 51 57
44 52 51
44 53 39
44 54 40
44 55 42
44 56 49
44 57 41
44 58 46
44 59 51
44 60 35
44 61 59
44 62 57
44 63 52
44 64 40
44 65 44
44 66 57
44 67 48
44 68 39
44 69 47
44 70 43
44 71 37
44 72 39
44 73 44
44 74 41
44 75 39
44 76 43
44 77 38
44 78 53
44 79 43
44 80 48
44 81 37
44 82 37
44 83 52
44 84 49
44 85 51
44 86 45
44 87 57
44 88 46
44 89 56
44 90 58
44 91 56
44 92 60
44 93 46
44 94 56
44 95 52
45 1 56
45 2 35
45 3 48
45 4 47
45 5 58
45 6 36
45 7 52
45 8 47
45 9 54
45 10 57
45 11 37
45 12 37
45 13 58
45 14 42
45 15 47
45 16 54
45 17 56
45 18 58
45 19 48
45 20 60
45 21 37
45 22 45
45 23 36
45 24 44
45 25 37
45 26 54
45 27 41
45 28 55
45 29 58
45 30 60
45 31 38
45 32 51
45 33 40
45 34 60
45 35 48
45 36 56
45 37 37
45 38 53
45 39 42
45 40 52
45 41 38
45 42 60
45 43 58
45 44 53
45 45 0
45 46 46
45 47 38
45 48 55
45 49 45
45 50 48
45 51 38
45 52 42
45 53 44
45 54 58
45 55 45
45 56 53
45 57 49
45 58 44
45 59 59
45 60 37
45 61 58
45 62 37
45 63 54
45 64 40
45 65 47
45 66 51
45 67 55
45 68 40
45 69 42
45 70 48
45 71 45
45 72 47
45 73 49
45 74 51
45 75 37
45 76 59
45 77 37
45 78 35
45 79 44
45 80 59
45 81 54
45 82 49
45 83 43
45 84 44
45 85 39
45 86 58
45 87 57
45 88 52
45 89 60
45 90 52
45 91 57
45 92 40
45 93 52
45 94 59
45 95 48
46 1 60
46 2 35
46 3 36
46 4 58
46 5 41
46 6 57
46 7 48
46 8 46
46 9 39
46 10 47
46 11 55
46 12 57
46 13 43
46 14 35
46 15 43
46 16 53
46 17 41
46 18 60
46 19 53
46 20 37
46 21 42
46 22 46
46 23 41
46 24 44
46 25 48
46 26 59
46 27 52
46 28 46
46 29 37
46 30 49
46 31 50
46 32 55
46 33 53
46 34 58
46 35 49
46 36 37
46 37 39
46 38 57
46 39 42
46 40 47
46 41 39
46 42 39
46 43 59
46 44 57
46 45 50
46 46 0
46 47 58
46 48 35
46 49 55
46 50 53
46 51 51
46 52 41
46 53 48
46 54 53
46 55 58
46 56 44
46 57 41
46 58 52
46 59 57
46 60 59
46 61 48
46 62 47
46 63 45
46 64 47
46 65 48
46 66 43
46 67 58
46 68 40
46 69 36
46 70 48
46 71 37
46 72 50
46 73 43
46 74 57
46 75 60
46 76 51
46 77 59
46 78 58
46 79 60
46 80 41
46 81 39
46 82 53
46 83 57
46 84 47
46 85 40
46 86 38
46 87 40
46 88 40
46 89 59
46 90 52
46 91 41
46 92 37
46 93 39
46 94 36
46 95 43
47 1 36
47 2 56
47 3 37
47 4 58
47 5 51
47 6 39
47 7 50
47 8 37
47 9 41
47 10 41
47 11 46
47 12 49
47 13 60
47 14 36
47 15 56
47 16 41
47 17 49
47 18 57
47 19 56
47 20 46
47 21 56
47 22 56
47 23 41
47 24 42
47 25 35
47 26 38
47 27 38
47 28 53
47 29 58
47 30 55
47 31 53
47 32 53
47 33 49
47 34 53
47 35 60
47 36 42
47 37 58
47 38 49
47 39 56
47 40 41
47 41 57
47 42 58
47 43 58
47 44 55
47 45 53
47 46 54
47 47 0
47 48 48
47 49 43
47 50 50
47 51 56
47 52 38
47 53 45
47 54 46
47 55 39
47 56 50
47 57 60
47 58 43
47 59 35
47 60 40
47 61 47
47 62 51
47 63 51
47 64 42
47 65 51
47 66 58
47 67 55
47 68 44
47 69 51
47 70 43
47 71 43
47 72 40
47 73 50
47 74 53
47 75 35
47 76 36
47 77 55
47 78 40
47 79 53
47 80 43
47 81 57
47 82 42
47 83 56
47 84 43
47 85 60
47 86 45
47 87 51
47 88 39
47 89 57
47 90 38
47 91 49
47 92 54
47 93 52
47 94 45
47 95 57
48 1 51
48 2 55
48 3 42
48 4 50
48 5 39
48 6 51
48 7 50
48 8 49
48 9 36
48 10 48
48 11 44
48 12 45
48 13 57
48 14 55
48 15 59
48 16 43
48 17 47
48 18 48
48 19 42
48 20 37
48 21 41
48 22 52
48 23 43
48 24 41
48 25 44
48 26 48
48 27 45
48 28 46
48 29 37
48 30 46
48 31 55
48 32 50
48 33 51
48 34 52
48 35 56
48 36 48
48 37 42
48 38 56
48 39 36
48 40 37
48 41 55
48 42 58
48 43 58
48 44 50
48 45 49
48 46 54
48 47 59
48 48 0
48 49 39
48 50 60
48 51 55
48 52 53
48 53 40
48 54 49
48 55 40
48 56 51
48 57 47
48 58 38
48 59 57
48 60 52
48 61 57
48 62 58
48 63 58
48 64 52
48 65 36
48 66 59
48 67 43
48 68 36
48 69 45
48 70 43
48 71 58
48 72 55
48 73 41
48 74 39
48 75 56
48 76 35
48 77 48
48 78 35
48 79 54
48 80 36
48 81 47
48 82 51
48 83 37
48 84 35
48 85 41
48 86 35
48 87 55
48 88 59
48 89 44
48 90 38
48 91 52
48 92 52
48 93 50
48 94 53
48 95 40
49 1 60
49 2 58
49 3 48
49 4 44
49 5 38
49 6 49
49 7 51
49 8 52
49 9 51
49 10 40
49 11 40
49 12 37
49 13 58
49 14 46
49 15 35
49 16 60
49 17 50
49 18 60
49 19 40
49 20 54
49 21 36
49 22 55
49 23 57
49 24 40
49 25 40
49 26 44
49 27 43
49 28 60
49 29 43
49 30 54
49 31 42
49 32 36
49 33 46
49 34 56
49 35 39
49 36 37
49 37 53
49 38 45
49 39 53
49 40 42
49 41 43
49 42 55
49 43 39
49 44 48
49 45 42
49 46 48
49 47 38
49 48 41
49 49 0
49 50 42
49 51 48
49 52 38
49 53 51
49 54 52
49 55 55
49 56 58
49 57 49
49 58 48
49 59 41
49 60 58
49 61 54
49 62 45
49 63 41
49 64 46
49 65 41
49 66 59
49 67 57
49 68 59
49 69 55
49 70 52
49 71 47
49 72 36
49 73 37
49 74 48
49 75 45
49 76 60
49 77 57
49 78 41
49 79 56
49 80 39
49 81 46
49 82 57
49 83 35
49 84 55
49 85 45
49 86 54
49 87 46
49 88 56
49 89 43
49 90 56
49 91 50
49 92 38
49 93 55
49 94 60
49 95 51
50 1 39
50 2 56
50 3 54
50 4 37
50 5 52
50 6 37
50 7 43
50 8 40
50 9 56
50 10 58
50 11 60
50 12 50
50 13 56
50 14 40
50 15 56
50 16 49
50 17 38
50 18 39
50 19 60
50 20 39
50 21 53
50 22 41
50 23 41
50 24 40
50 25 49
50 26 44
50 27 36
50 28 56
50 29 47
50 30 39
50 31 41
50 32 35
50 33 37
50 34 51
50 35 47
50 36 59
50 37 60
50 38 42
50 39 52
50 40 53
50 41 38
50 42 42
50 43 60
50 44 56
50 45 35
50 46 57
50 47 35
50 48 55
50 49 53
50 50 0
50 51 53
50 52 47
50 53 54
50 54 44
50 55 54
50 56 40
50 57 38
50 58 35
50 59 51
50 60 53
50 61 57
50 62 55
50 63 36
50 64 40
50 65 39
50 66 51
50 67 55
50 68 52
50 69 39
50 70 56
50 71 35
50 72 46
50 73 54
50 74 39
50 75 44
50 76 56
50 77 60
50 78 39
50 79 36
50 80 56
50 81 40
50 82 40
50 83 57
50 84 38
50 85 41
50 86 54
50 87 59
50 88 57
50 89 56
50 90 48
50 91 48
50 92 50
50 93 50
50 94 51
50 95 53
51 1 42
51 2 44
51 3 44
51 4 59
51 5 40
51 6 44
51 7 43
51 8 38
51 9 48
51 10 57
51 11 41
51 12 40
51 13 44
51 14 41
51 15 49
51 16 59
51 17 44
51 18 39
51 19 60
51 20 46
51 21 44
51 22 37
51 23 39
51 24 44
51 25 35
51 26 42
51 27 47
51 28 56
51 29 57
51 30 51
51 31 55
51 32 54
51 33 35
51 34 48
51 35 55
51 36 44
51 37 46
51 38 55
51 39 50
51 40 49
51 41 53
51 42 37
51 43 36
51 44 60
51 45 37
51 46 36
51 47 56
51 48 45
51 49 49
51 50 49
51 51 0
51 52 45
51 53 38
51 54 37
51 55 53
51 56 36
51 57 58
51 58 44
51 59 51
51 60 45
51 61 47
51 62 59
51 63 42
51 64 55
51 65 44
51 66 44
51 67 56
51 68 42
51 69 54
51 70 43
51 71 57
51 72 59
51 73 48
51 74 57
51 75 54
51 76 41
51 77 47
51 78 46
51 79 57
51 80 37
51 81 35
51 82 45
51 83 45
51 84 48
51 85 45
51 86 49
51 87 55
51 88 45
51 89 54
51 90 55
51 91 57
51 92 45
51 93 44
51 94 47
51 95 45
52 1 45
52 2 41
52 3 50
52 4 41
52 5 43
52 6 35
52 7 51
52 8 47
52 9 37
52 10 57
52 11 44
52 12 35
52 13 35
52 14 49
52 15 39
52 16 52
52 17 50
52 18 40
52 19 54
52 20 37
52 21 52
52 22 60
52 23 56
52 24 58
52 25 45
52 26 55
52 27 56
52 28 57
52 29 49
52 30 57
52 31 51
52 32 58
52 33 57
52 34 45
52 35 56
52 36 46
52 37 50
52 38 37
52 39 59
52 40 49
52 41 56
52 42 59
52 43 44
52 44 54
52 45 35
52 46 57
52 47 36
52 48 52
52 49 45
52 50 41
52 51 35
52 52 0
52 53 38
52 54 35
52 55 43
52 56 37
52 57 37
52 58 38
52 59 52
52 60 45
52 61 42
52 62 54
52 63 56
52 64 57
52 65 47
52 66 48
52 67 58
52 68 53
52 69 52
52 70 53
52 71 57
52 72 48
52 73 53
52 74 40
52 75 41
52 76 58
52 77 39
52 78 59
52 79 58
52 80 43
52 81 58
52 82 53
52 83 47
52 84 52
52 85 53
52 86 50
52 87 48
52 88 35
52 89 36
52 90 45
52 91 45
52 92 45
52 93 42
52 94 37
52 95 38
53 1 56
53 2 45
53 3 52
53 4 51
53 5 41
53 6 48
53 7 35
53 8 39
53 9 60
53 10 52
53 11 44
53 12 45
53 13 36
53 14 51
53 15 54
53 16 39
53 17 36
53 18 49
53 19 42
53 20 42
53 21 60
53 22 39
53 23 41
53 24 58
53 25 45
53 26 35
53 27 42
53 28 60
53 29 42
53 30 58
53 31 45
53 32 44
53 33 42
53 34 43
53 35 47
53 36 56
53 37 45
53 38 36
53 39 51
53 40 54
53 41 55
53 42 50
53 43 36
53 44 46
53 45 37
53 46 45
53 47 49
53 48 59
53 49 53
53 50 57
53 51 45
53 52 58
53 53 0
53 54 60
53 55 51
53 56 39
53 57 51
53 58 46
53 59 60
53 60 44
53 61 57
53 62 58
53 63 42
53 64 59
53 65 38
53 66 59
53 67 38
53 68 38
53 69 57
53 70 36
53 71 54
53 72 35
53 73 35
53 74 53
53 75 52
53 76 59
53 77 39
53 78 43
53 79 35
53 80 41
53 81 43
53 82 39
53 83 44
53 84 44
53 85 42
53 86 46
53 87 37
53 88 50
53 89 51
53 90 59
53 91 42
53 92 41
53 93 53
53 94 60
53 95 51
54 1 40
54 2 59
54 3 37
54 4 35
54 5 58
54 6 41
54 7 49
54 8 42
54 9 35
54 10 42
54 11 49
54 12 40
54 13 38
54 14 56
54 15 44
54 16 53
54 17 48
54 18 52
54 19 43
54 20 39
54 21 53
54 22 57
54 23 37
54 24 58
54 25 37
54 26 47
54 27 59
54 28 36
54 29 39
54 30 48
54 31 46
54 32 35
54 33 42
54 34 39
54 35 36
54 36 58
54 37 36
54 38 55
54 39 35
54 40 48
54 41 42
54 42 50
54 43 39
54 44 47
54 45 48
54 46 59
54 47 48
54 48 54
54 49 38
54 50 50
54 51 60
54 52 48
54 53 52
54 54 0
54 55 49
54 56 55
54 57 54
54 58 47
54 59 47
54 60 44
54 61 56
54 62 41
54 63 39
54 64 44
54 65 40
54 66 58
54 67 53
54 68 43
54 69 48
54 70 37
54 71 53
54 72 52
54 73 54
54 74 58
54 75 60
54 76 43
54 77 57
54 78 40
54 79 37
54 80 54
54 81 42
54 82 47
54 83 50
54 84 36
54 85 49
54 86 52
54 87 55
54 88 55
54 89 54
54 90 45
54 91 37
54 92 42
54 93 36
54 94 44
54 95 56
55 1 35
55 2 51
55 3 57
55 4 59
55 5 54
55 6 40
55 7 44
55 8 48
55 9 39
55 10 58
55 11 50
55 12 53
55 13 49
55 14 55
55 15 56
55 16 41
55 17 40
55 18 58
55 19 37
55 20 40
55 21 50
55 22 44
55 23 45
55 24 57
55 25 37
55 26 58
55 27 57
55 28 59
55 29 38
55 30 37
55 31 35
55 32 53
55 33 37
55 34 46
55 35 36
55 36 53
55 37 44
55 38 45
55 39 36
55 40 58
55 41 39
55 42 56
55 43 56
55 44 49
55 45 52
55 46 55
55 47 40
55 48 57
55 49 57
55 50 49
55 51 47
55 52 56
55 53 47
55 54 49
55 55 0
55 56 53
55 57 46
55 58 50
55 59 51
55 60 39
55 61 55
55 62 38
55 63 45
55 64 40
55 65 59
55 66 47
55 67 48
55 68 35
55 69 47
55 70 40
55 71 42
55 72 41
55 73 36
55 74 37
55 75 39
55 76 58
55 77 44
55 78 49
55 79 55
55 80 48
55 81 53
55 82 55
55 83 38
55 84 40
55 85 47
55 86 46
55 87 46
55 88 41
55 89 36
55 90 44
55 91 56
55 92 40
55 93 41
55 94 55
55 95 41
56 1 57
56 2 39
56 3 53
56 4 54
56 5 37
56 6 45
56 7 45
56 8 43
56 9 51
56 10 51
56 11 40
56 12 55
56 13 56
56 14 56
56 15 45
56 16 36
56 17 60
56 18 42
56 19 60
56 20 37
56 21 53
56 22 45
56 23 47
56 24 38
56 25 47
56 26 36
56 27 44
56 28 43
56 29 55
56 30 48
56 31 49
56 32 42
56 33 50
56 34 53
56 35 38
56 36 45
56 37 44
56 38 44
56 39 49
56 40 49
56 41 55
56 42 36
56 43 35
56 44 43
56 45 45
56 46 52
56 47 48
56 48 37
56 49 41
56 50 44
56 51 41
56 52 57
56 53 39
56 54 48
56 55 38
56 56 0
56 57 48
56 58 38
56 59 48
56 60 38
56 61 45
56 62 57
56 63 60
56 64 37
56 65 55
56 66 44
56 67 49
56 68 51
56 69 54
56 70 40
56 71 52
56 72 38
56 73 60
56 74 60
56 75 40
56 76 52
56 77 42
56 78 45
56 79 45
56 80 38
56 81 46
56 82 44
56 83 51
56 84 56
56 85 58
56 86 52
56 87 44
56 88 53
56 89 50
56 90 45
56 91 51
56 92 52
56 93 56
56 94 45
56 95 39
57 1 54
57 2 53
57 3 58
57 4 59
57 5 58
57 6 48
57 7 45
57 8 48
57 9 35
57 10 40
57 11 39
57 12 47
57 13 39
57 14 53
57 15 59
57 16 48
57 17 53
57 18 52
57 19 36
57 20 45
57 21 50
57 22 36
57 23 47
57 24 58
57 25 48
57 26 37
57 27 55
57 28 37
57 29 35
57 30 50
57 31 35
57 32 52
57 33 41
57 34 36
57 35 55
57 36 41
57 37 38
57 38 45
57 39 46
57 40 54
57 41 40
57 42 35
57 43 57
57 44 38
57 45 37
57 46 37
57 47 53
57 48 59
57 49 55
57 50 46
57 51 55
57 52 49
57 53 36
57 54 58
57 55 55
57 56 39
57 57 0
57 58 59
57 59 39
57 60 40
57 61 52
57 62 46
57 63 50
57 64 43
57 65 36
57 66 41
57 67 52
57 68 38
57 69 56
57 70 37
57 71 45
57 72 37
57 73 50
57 74 50
57 75 48
57 76 58
57 77 50
57 78 51
57 79 44
57 80 40
57 81 47
57 82 60
57 83 38
57 84 55
57 85 56
57 86 41
57 87 50
57 88 44
57 89 50
57 90 54
57 91 51
57 92 42
57 93 36
57 94 35
57 95 43
58 1 57
58 2 47
58 3 53
58 4 49
58 5 54
58 6 41
58 7 37
58 8 46
58 9 48
58 10 37
58 11 49
58 12 52
58 13 60
58 14 54
58 15 53
58 16 44
58 17 38
58 18 53
58 19 45
58 20 53
58 21 35
58 22 60
58 23 42
58 24 50
58 25 39
58 26 46
58 27 42
58 28 52
58 29 40
58 30 48
58 31 53
58 32 40
58 33 51
58 34 44
58 35 36
58 36 35
58 37 36
58 38 50
58 39 44
58 40 45
58 41 57
58 42 46
58 43 40
58 44 37
58 45 41
58 46 56
58 47 52
58 48 38
58 49 44
58 50 44
58 51 43
58 52 54
58 53 50
58 54 51
58 55 53
58 56 44
58 57 48
58 58 0
58 59 54
58 60 40
58 61 38
58 62 57
58 63 36
58 64 45
58 65 60
58 66 51
58 67 48
58 68 58
58 69 52
58 70 35
58 71 50
58 72 53
58 73 59
58 74 43
58 75 52
58 76 49
58 77 55
58 78 39
58 79 52
58 80 41
58 81 36
58 82 47
58 83 49
58 84 46
58 85 35
58 86 56
58 87 54
58 88 35
58 89 35
58 90 37
58 91 46
58 92 42
58 93 49
58 94 54
58 95 38
59 1 44
59 2 35
59 3 48
59 4 60
59 5 52
59 6 36
59 7 48
59 8 36
59 9 38
59 10 46
59 11 46
59 12 55
59 13 51
59 14 44
59 15 35
59 16 46
59 17 45
59 18 52
59 19 52
59 20 48
59 21 59
59 22 43
59 23 39
59 24 39
59 25 55
59 26 47
59 27 45
59 28 47
59 29 36
59 30 50
59 31 51
59 32 38
59 33 55
59 34 58
59 35 45
59 36 50
59 37 46
59 38 41
59 39 49
59 40 37
59 41 39
59 42 46
59 43 60
59 44 54
59 45 56
59 46 45
59 47 46
59 48 35
59 49 54
59 50 56
59 51 41
59 52 40
59 53 47
59 54 44
59 55 49
59 56 47
59 57 38
59 58 57
59 59 0
59 60 49
59 61 50
59 62 44
59 63 36
59 64 46
59 65 50
59 66 39
59 67 50
59 68 52
59 69 44
59 70 58
59 71 60
59 72 36
59 73 40
59 74 60
59 75 57
59 76 40
59 77 41
59 78 60
59 79 55
59 80 39
59 81 46
59 82 52
59 83 38
59 84 36
59 85 60
59 86 37
59 87 55
59 88 47
59 89 52
59 90 59
59 91 37
59 92 47
59 93 39
59 94 42
59 95 56
60 1 41
60 2 42
60 3 43
60 4 55
60 5 49
60 6 44
60 7 37
60 8 40
60 9 36
60 10 53
60 11 45
60 12 55
60 13 42
60 14 37
60 15 48
60 16 37
60 17 47
60 18 41
60 19 41
60 20 60
60 21 50
60 22 53
60 23 54
60 24 56
60 25 44
60 26 36
60 27 43
60 28 40
60 29 53
60 30 45
60 31 57
60 32 44
60 33 35
60 34 51
60 35 42
60 36 59
60 37 37
60 38 45
60 39 59
60 40 57
60 41 56
60 42 35
60 43 60
60 44 44
60 45 52
60 46 46
60 47 50
60 48 55
60 49 51
60 50 54
60 51 46
60 52 52
60 53 57
60 54 36
60 55 35
60 56 47
60 57 43
60 58 36
60 59 59
60 60 0
60 61 53
60 62 49
60 63 45
60 64 52
60 65 36
60 66 42
60 67 35
60 68 58
60 69 51
60 70 47
60 71 57
60 72 40
60 73 46
60 74 42
60 75 38
60 76 57
60 77 59
60 78 43
60 79 48
60 80 44
60 81 39
60 82 58
60 83 49
60 84 56
60 85 56
60 86 58
60 87 59
60 88 39
60 89 38
60 90 45
60 91 60
60 92 39
60 93 35
60 94 45
60 95 53
61 1 39
61 2 42
61 3 50
61 4 47
61 5 53
61 6 40
61 7 39
61 8 59
61 9 40
61 10 35
61 11 50
61 12 39
61 13 48
61 14 49
61 15 48
61 16 39
61 17 46
61 18 40
61 19 36
61 20 41
61 21 40
61 22 57
61 23 59
61 24 43
61 25 44
61 26 43
61 27 59
61 28 35
61 29 37
61 30 54
61 31 57
61 32 59
61 33 50
61 34 48
61 35 53
61 36 48
61 37 42
61 38 50
61 39 53
61 40 56
61 41 51
61 42 44
61 43 59
61 44 53
61 45 42
61 46 46
61 47 46
61 48 41
61 49 49
61 50 52
61 51 38
61 52 47
61 53 52
61 54 46
61 55 40
61 56 45
61 57 37
61 58 49
61 59 52
61 60 42
61 61 0
61 62 51
61 63 57
61 64 53
61 65 45
61 66 48
61 67 42
61 68 53
61 69 37
61 70 44
61 71 40
61 72 49
61 73 59
61 74 45
61 75 53
61 76 52
61 77 35
61 78 43
61 79 56
61 80 40
61 81 38
61 82 53
61 83 47
61 84 37
61 85 35
61 86 58
61 87 58
61 88 58
61 89 54
61 90 44
61 91 39
61 92 39
61 93 55
61 94 42
61 95 47
62 1 44
62 2 47
62 3 39
62 4 48
62 5 54
62 6 43
62 7 48
62 8 35
62 9 60
62 10 43
62 11 50
62 12 53
62 13 45
62 14 54
62 15 36
62 16 42
62 17 54
62 18 58
62 19 56
62 20 45
62 21 51
62 22 36
62 23 41
62 24 45
62 25 38
62 26 57
62 27 39
62 28 36
62 29 52
62 30 60
62 31 39
62 32 50
62 33 36
62 34 39
62 35 57
62 36 49
62 37 40
62 38 43
62 39 56
62 40 40
62 41 46
62 42 46
62 43 55
62 44 49
62 45 55
62 46 54
62 47 54
62 48 44
62 49 40
62 50 43
62 51 50
62 52 60
62 53 46
62 54 46
62 55 46
62 56 59
62 57 58
62 58 49
62 59 52
62 60 38
62 61 45
62 62 0
62 63 42
62 64 56
62 65 57
62 66 43
62 67 45
62 68 42
62 69 46
62 70 54
62 71 39
62 72 55
62 73 56
62 74 36
62 75 55
62 76 42
62 77 56
62 78 52
62 79 55
62 80 53
62 81 57
62 82 42
62 83 46
62 84 45
62 85 56
62 86 48
62 87 36
62 88 48
62 89 60
62 90 50
62 91 48
62 92 37
62 93 44
62 94 41
62 95 57
63 1 48
63 2 42
63 3 50
63 4 56
63 5 37
63 6 49
63 7 50
63 8 45
63 9 45
63 10 52
63 11 49
63 12 48
63 13 57
63 14 39
63 15 35
63 16 47
63 17 49
63 18 39
63 19 40
63 20 58
63 21 40
63 22 47
63 23 45
63 24 54
63 25 45
63 26 56
63 27 45
63 28 52
63 29 52
63 30 35
63 31 60
63 32 60
63 33 40
63 34 53
63 35 36
63 36 45
63 37 48
63 38 60
63 39 41
63 40 41
63 41 58
63 42 57
63 43 60
63 44 36
63 45 40
63 46 44
63 47 37
63 48 55
63 49 50
63 50 38
63 51 35
63 52 60
63 53 41
63 54 58
63 55 52
63 56 56
63 57 37
63 58 36
63 59 54
63 60 52
63 61 44
63 62 37
63 63 0
63 64 45
63 65 44
63 66 39
63 67 51
63 68 39
63 69 57
63 70 36
63 71 44
63 72 35
63 73 39
63 74 54
63 75 45
63 76 35
63 77 49
63 78 40
63 79 40
63 80 55
63 81 54
63 82 59
63 83 35
63 84 55
63 85 35
63 86 40
63 87 53
63 88 44
63 89 51
63 90 51
63 91 38
63 92 37
63 93 48
63 94 51
63 95 54
64 1 57
64 2 43
64 3 57
64 4 51
64 5 58
64 6 50
64 7 60
64 8 53
64 9 58
64 10 51
64 11 44
64 12 42
64 13 40
64 14 55
64 15 36
64 16 38
64 17 45
64 18 40
64 19 48
64 20 60
64 21 42
64 22 48
64 23 39
64 24 37
64 25 45
64 26 45
64 27 37
64 28 35
64 29 51
64 30 48
64 31 58
64 32 46
64 33 43
64 34 40
64 35 59
64 36 51
64 37 41
64 38 36
64 39 45
64 40 39
64 41 45
64 42 41
64 43 53
64 44 51
64 45 47
64 46 50
64 47 57
64 48 51
64 49 50
64 50 54
64 51 39
64 52 60
64 53 58
64 54 57
64 55 51
64 56 45
64 57 39
64 58 39
64 59 54
64 60 42
64 61 40
64 62 48
64 63 54
64 64 0
64 65 46
64 66 49
64 67 48
64 68 55
64 69 51
64 70 44
64 71 47
64 72 59
64 73 58
64 74 50
64 75 42
64 76 36
64 77 46
64 78 60
64 79 43
64 80 37
64 81 50
64 82 43
64 83 60
64 84 55
64 85 57
64 86 37
64 87 38
64 88 39
64 89 39
64 90 41
64 91 57
64 92 50
64 93 44
64 94 54
64 95 46
65 1 60
65 2 36
65 3 43
65 4 35
65 5 35
65 6 50
65 7 45
65 8 41
65 9 44
65 10 49
65 11 51
65 12 43
65 13 52
65 14 50
65 15 47
65 16 48
65 17 55
65 18 45
65 19 38
65 20 48
65 21 42
65 22 52
65 23 41
65 24 42
65 25 36
65 26 53
65 27 42
65 28 53
65 29 40
65 30 36
65 31 60
65 32 37
65 33 42
65 34 59
65 35 52
65 36 47
65 37 49
65 38 60
65 39 56
65 40 48
65 41 46
65 42 42
65 43 54
65 44 48
65 45 53
65 46 57
65 47 38
65 48 57
65 49 41
65 50 54
65 51 52
65 52 44
65 53 55
65 54 54
65 55 45
65 56 40
65 57 36
65 58 38
65 59 59
65 60 53
65 61 42
65 62 42
65 63 40
65 64 51
65 65 0
65 66 57
65 67 55
65 68 49
65 69 49
65 70 50
65 71 55
65 72 39
65 73 48
65 74 60
65 75 43
65 76 46
65 77 46
65 78 48
65 79 57
65 80 39
65 81 37
65 82 54
65 83 47
65 84 39
65 85 49
65 86 42
65 87 36
65 88 54
65 89 56
65 90 39
65 91 59
65 92 41
65 93 57
65 94 39
65 95 52
66 1 53
66 2 45
66 3 36
66 4 43
66 5 52
66 6 36
66 7 45
66 8 36
66 9 45
66 10 59
66 11 40
66 12 50
66 13 49
66 14 42
66 15 52
66 16 37
66 17 58
66 18 42
66 19 49
66 20 57
66 21 52
66 22 45
66 23 57
66 24 55
66 25 59
66 26 50
66 27 56
66 28 53
66 29 48
66 30 35
66 31 36
66 32 52
66 33 56
66 34 49
66 35 42
66 36 42
66 37 44
66 38 46
66 39 49
66 40 45
66 41 35
66 42 59
66 43 60
66 44 49
66 45 40
66 46 47
66 47 59
66 48 36
66 49 39
66 50 58
66 51 40
66 52 54
66 53 55
66 54 43
66 55 52
66 56 36
66 57 51
66 58 50
66 59 54
66 60 37
66 61 48
66 62 37
66 63 47
66 64 55
66 65 36
66 66 0
66 67 57
66 68 51
66 69 42
66 70 46
66 71 46
66 72 47
66 73 46
66 74 37
66 75 49
66 76 38
66 77 48
66 78 44
66 79 37
66 80 35
66 81 41
66 82 51
66 83 37
66 84 47
66 85 50
66 86 44
66 87 60
66 88 39
66 89 49
66 90 50
66 91 45
66 92 47
66 93 43
66 94 44
66 95 38
67 1 56
67 2 37
67 3 40
67 4 40
67 5 46
67 6 59
67 7 51
67 8 41
67 9 38
67 10 56
67 11 51
67 12 35
67 13 36
67 14 46
67 15 37
67 16 58
67 17 39
67 18 56
67 19 45
67 20 48
67 21 44
67 22 57
67 23 59
67 24 50
67 25 45
67 26 38
67 27 46
67 28 40
67 29 49
67 30 45
67 31 41
67 32 60
67 33 41
67 34 35
67 35 46
67 36 60
67 37 52
67 38 45
67 39 44
67 40 52
67 41 54
67 42 53
67 43 35
67 44 55
67 45 36
67 46 59
67 47 41
67 48 58
67 49 57
67 50 38
67 51 55
67 52 40
67 53 38
67 54 59
67 55 36
67 56 42
67 57 55
67 58 47
67 59 58
67 60 54
67 61 53
67 62 46
67 63 47
67 64 51
67 65 35
67 66 48
67 67 0
67 68 48
67 69 59
67 70 53
67 71 36
67 72 44
67 73 48
67 74 43
67 75 45
67 76 52
67 77 43
67 78 53
67 79 57
67 80 40
67 81 37
67 82 41
67 83 45
67 84 56
67 85 40
67 86 41
67 87 36
67 88 58
67 89 58
67 90 52
67 91 60
67 92 38
67 93 43
67 94 35
67 95 56
68 1 39
68 2 38
68 3 54
68 4 54
68 5 50
68 6 40
68 7 48
68 8 54
68 9 39
68 10 37
68 11 51
68 12 56
68 13 56
68 14 37
68 15 51
68 16 44
68 17 36
68 18 37
68 19 44
68 20 40
68 21 48
68 22 43
68 23 38
68 24 44
68 25 56
68 26 57
68 27 46
68 28 50
68 29 54
68 30 50
68 31 49
68 32 42
68 33 45
68 34 55
68 35 48
68 36 54
68 37 53
68 38 50
68 39 47
68 40 56
68 41 47
68 42 42
68 43 50
68 44 45
68 45 55
68 46 40
68 47 37
68 48 57
68 49 60
68 50 52
68 51 47
68 52 48
68 53 37
68 54 40
68 55 46
68 56 58
68 57 43
68 58 45
68 59 59
68 60 35
68 61 41
68 62 52
68 63 35
68 64 56
68 65 54
68 66 59
68 67 46
68 68 0
68 69 54
68 70 36
68 71 44
68 72 60
68 73 54
68 74 47
68 75 58
68 76 35
68 77 56
68 78 58
68 79 37
68 80 39
68 81 47
68 82 55
68 83 52
68 84 41
68 85 48
68 86 53
68 87 50
68 88 42
68 89 52
68 90 55
68 91 49
68 92 45
68 93 46
68 94 52
68 95 40
69 1 52
69 2 41
69 3 59
69 4 47
69 5 56
69 6 35
69 7 39
69 8 59
69 9 53
69 10 48
69 11 47
69 12 36
69 13 47
69 14 35
69 15 41
69 16 48
69 17 56
69 18 42
69 19 57
69 20 52
69 21 56
69 22 60
69 23 42
69 24 36
69 25 44
69 26 59
69 27 45
69 28 36
69 29 54
69 30 40
69 31 45
69 32 46
69 33 36
69 34 40
69 35 51
69 36 43
69 37 46
69 38 39
69 39 60
69 40 49
69 41 40
69 42 49
69 43 51
69 44 48
69 45 41
69 46 58
69 47 40
69 48 59
69 49 40
69 50 60
69 51 47
69 52 54
69 53 48
69 54 57
69 55 39
69 56 36
69 57 54
69 58 57
69 59 56
69 60 47
69 61 42
69 62 54
69 63 46
69 64 52
69 65 55
69 66 40
69 67 57
69 68 39
69 69 0
69 70 42
69 71 38
69 72 37
69 73 36
69 74 55
69 75 42
69 76 54
69 77 51
69 78 45
69 79 43
69 80 45
69 81 56
69 82 37
69 83 56
69 84 45
69 85 60
69 86 42
69 87 44
69 88 47
69 89 36
69 90 35
69 91 35
69 92 59
69 93 57
69 94 49
69 95 49
70 1 44
70 2 59
70 3 57
70 4 41
70 5 56
70 6 49
70 7 36
70 8 47
70 9 56
70 10 40
70 11 58
70 12 54
70 13 39
70 14 37
70 15 56
70 16 54
70 17 59
70 18 55
70 19 55
70 20 54
70 21 44
70 22 50
70 23 42
70 24 46
70 25 58
70 26 44
70 27 40
70 28 52
70 29 40
70 30 42
70 31 36
70 32 44
70 33 41
70 34 46
70 35 39
70 36 52
70 37 55
70 38 52
70 39 49
70 40 39
70 41 60
70 42 51
70 43 56
70 44 41
70 45 57
70 46 48
70 47 38
70 48 53
70 49 49
70 50 44
70 51 43
70 52 38
70 53 40
70 54 49
70 55 54
70 56 41
70 57 44
70 58 55
70 59 42
70 60 60
70 61 37
70 62 36
70 63 41
70 64 58
70 65 53
70 66 41
70 67 55
70 68 53
70 69 58
70 70 0
70 71 50
70 72 56
70 73 35
70 74 45
70 75 57
70 76 47
70 77 56
70 78 51
70 79 44
70 80 49
70 81 54
70 82 48
70 83 39
70 84 55
70 85 35
70 86 55
70 87 35
70 88 42
70 89 57
70 90 41
70 91 55
70 92 52
70 93 59
70 94 59
70 95 42
71 1 39
71 2 52
71 3 51
71 4 58
71 5 59
71 6 41
71 7 36
71 8 46
71 9 46
71 10 43
71 11 37
71 12 45
71 13 53
71 14 44
71 15 39
71 16 57
71 17 58
71 18 58
71 19 59
71 20 47
71 21 49
71 22 59
71 23 60
71 24 36
71 25 51
71 26 52
71 27 36
71 28 36
71 29 49
71 30 50
71 31 35
71 32 37
71 33 49
71 34 46
71 35 48
71 36 46
71 37 44
71 38 40
71 39 60
71 40 60
71 41 41
71 42 46
71 43 59
71 44 43
71 45 58
71 46 43
71 47 44
71 48 41
71 49 37
71 50 59
71 51 38
71 52 43
71 53 42
71 54 56
71 55 47
71 56 35
71 57 50
71 58 56
71 59 45
71 60 43
71 61 46
71 62 37
71 63 43
71 64 38
71 65 47
71 66 59
71 67 49
71 68 59
71 69 58
71 70 60
71 71 0
71 72 38
71 73 56
71 74 52
71 75 47
71 76 46
71 77 52
71 78 45
71 79 44
71 80 51
71 81 43
71 82 52
71 83 45
71 84 57
71 85 39
71 86 41
71 87 38
71 88 39
71 89 41
71 90 45
71 91 47
71 92 48
71 93 52
71 94 49
71 95 58
72 1 58
72 2 59
72 3 48
72 4 42
72 5 44
72 6 47
72 7 41
72 8 36
72 9 36
72 10 56
72 11 56
72 12 45
72 13 49
72 14 37
72 15 40
72 16 50
72 17 36
72 18 54
72 19 41
72 20 50
72 21 46
72 22 50
72 23 58
72 24 58
72 25 48
72 26 50
72 27 45
72 28 39
72 29 41
72 30 57
72 31 58
72 32 36
72 33 54
72 34 47
72 35 45
72 36 59
72 37 44
72 38 42
72 39 58
72 40 59
72 41 56
72 42 56
72 43 54
72 44 45
72 45 37
72 46 44
72 47 57
72 48 59
72 49 57
72 50 43
72 51 57
72 52 57
72 53 56
72 54 41
72 55 60
72 56 47
72 57 53
72 58 59
72 59 53
72 60 47
72 61 38
72 62 44
72 63 43
72 64 52
72 65 39
72 66 48
72 67 57
72 68 39
72 69 55
72 70 39
72 71 45
72 72 0
72 73 55
72 74 57
72 75 52
72 76 44
72 77 36
72 78 52
72 79 53
72 80 35
72 81 37
72 82 56
72 83 57
72 84 35
72 85 52
72 86 60
72 87 35
72 88 53
72 89 43
72 90 44
72 91 44
72 92 51
72 93 47
72 94 58
72 95 40
73 1 44
73 2 54
73 3 60
73 4 56
73 5 45
73 6 41
73 7 39
73 8 35
73 9 38
73 10 58
73 11 39
73 12 57
73 13 56
73 14 36
73 15 59
73 16 57
73 17 51
73 18 59
73 19 59
73 20 40
73 21 56
73 22 60
73 23 59
73 24 50
73 25 49
73 26 51
73 27 53
73 28 42
73 29 48
73 30 45
73 31 60
73 32 59
73 33 44
73 34 58
73 35 59
73 36 53
73 37 39
73 38 40
73 39 47
73 40 51
73 41 58
73 42 37
73 43 45
73 44 38
73 45 50
73 46 56
73 47 40
73 48 46
73 49 55
73 50 39
73 51 41
73 52 53
73 53 60
73 54 58
73 55 39
73 56 46
73 57 35
73 58 50
73 59 42
73 60 56
73 61 52
73 62 46
73 63 38
73 64 35
73 65 59
73 66 49
73 67 49
73 68 36
73 69 52
73 70 35
73 71 39
73 72 49
73 73 0
73 74 54
73 75 55
73 76 45
73 77 53
73 78 51
73 79 48
73 80 52
73 81 58
73 82 56
73 83 52
73 84 41
73 85 37
73 86 47
73 87 49
73 88 42
73 89 60
73 90 35
73 91 47
73 92 38
73 93 52
73 94 48
73 95 59
74 1 37
74 2 45
74 3 51
74 4 49
74 5 55
74 6 57
74 7 48
74 8 35
74 9 59
74 10 36
74 11 39
74 12 36
74 13 50
74 14 56
74 15 47
74 16 45
74 17 52
74 18 45
74 19 35
74 20 48
74 21 46
74 22 59
74 23 35
74 24 56
74 25 42
74 26 54
74 27 53
74 28 51
74 29 42
74 30 50
74 31 56
74 32 55
74 33 54
74 34 47
74 35 46
74 36 41
74 37 52
74 38 60
74 39 55
74 40 47
74 41 51
74 42 54
74 43 47
74 44 41
74 45 59
74 46 52
74 47 56
74 48 55
74 49 45
74 50 36
74 51 46
74 52 50
74 53 56
74 54 58
74 55 42
74 56 48
74 57 55
74 58 53
74 59 57
74 60 42
74 61 44
74 62 51
74 63 45
74 64 52
74 65 39
74 66 41
74 67 60
74 68 41
74 69 35
74 70 48
74 71 50
74 72 51
74 73 51
74 74 0
74 75 52
74 76 46
74 77 48
74 78 41
74 79 40
74 80 60
74 81 35
74 82 40
74 83 48
74 84 37
74 85 50
74 86 59
74 87 53
74 88 53
74 89 35
74 90 49
74 91 59
74 92 44
74 93 36
74 94 44
74 95 58
75 1 44
75 2 42
75 3 54
75 4 60
75 5 49
75 6 36
75 7 47
75 8 47
75 9 52
75 10 45
75 11 43
75 12 48
75 13 51
75 14 49
75 15 45
75 16 59
75 17 60
75 18 56
75 19 46
75 20 48
75 21 59
75 22 39
75 23 51
75 24 38
75 25 53
75 26 43
75 27 39
75 28 36
75 29 57
75 30 54
75 31 49
75 32 51
75 33 44
75 34 36
75 35 42
75 36 36
75 37 56
75 38 60
75 39 49
75 40 48
75 41 43
75 42 50
75 43 49
75 44 56
75 45 36
75 46 43
75 47 49
75 48 44
75 49 41
75 50 53
75 51 44
75 52 36
75 53 52
75 54 45
75 55 41
75 56 51
75 57 53
75 58 35
75 59 56
75 60 43
75 61 53
75 62 49
75 63 60
75 64 56
75 65 35
75 66 45
75 67 46
75 68 36
75 69 49
75 70 41
75 71 51
75 72 38
75 73 51
75 74 41
75 75 0
75 76 60
75 77 39
75 78 46
75 79 54
75 80 55
75 81 45
75 82 39
75 83 42
75 84 44
75 85 58
75 86 51
75 87 44
75 88 59
75 89 37
75 90 46
75 91 48
75 92 43
75 93 53
75 94 53
75 95 35
76 1 57
76 2 46
76 3 35
76 4 39
76 5 55
76 6 46
76 7 49
76 8 43
76 9 36
76 10 52
76 11 35
76 12 46
76 13 35
76 14 40
76 15 57
76 16 58
76 17 50
76 18 41
76 19 47
76 20 36
76 21 48
76 22 41
76 23 55
76 24 36
76 25 58
76 26 53
76 27 38
76 28 38
76 29 37
76 30 54
76 31 40
76 32 48
76 33 60
76 34 46
76 35 35
76 36 44
76 37 49
76 38 57
76 39 43
76 40 48
76 41 40
76 42 52
76 43 59
76 44 46
76 45 54
76 46 57
76 47 51
76 48 44
76 49 48
76 50 39
76 51 36
76 52 60
76 53 58
76 54 44
76 55 38
76 56 35
76 57 58
76 58 54
76 59 48
76 60 58
76 61 37
76 62 59
76 63 47
76 64 57
76 65 42
76 66 44
76 67 52
76 68 36
76 69 54
76 70 45
76 71 59
76 72 38
76 73 38
76 74 59
76 75 40
76 76 0
76 77 55
76 78 59
76 79 52
76 80 56
76 81 49
76 82 59
76 83 59
76 84 58
76 85 50
76 86 38
76 87 47
76 88 46
76 89 56
76 90 35
76 91 38
76 92 51
76 93 35
76 94 47
76 95 60
77 1 43
77 2 49
77 3 57
77 4 57
77 5 51
77 6 35
77 7 44
77 8 60
77 9 56
77 10 50
77 11 37
77 12 52
77 13 55
77 14 47
77 15 45
77 16 45
77 17 56
77 18 35
77 19 44
77 20 49
77 21 52
77 22 46
77 23 53
77 24 48
77 25 53
77 26 52
77 27 35
77 28 57
77 29 48
77 30 59
77 31 42
77 32 41
77 33 52
77 34 54
77 35 45
77 36 41
77 37 50
77 38 52
77 39 38
77 40 37
77 41 48
77 42 49
77 43 39
77 44 51
77 45 59
77 46 55
77 47 60
77 48 39
77 49 58
77 50 53
77 51 51
77 52 39
77 53 48
77 54 35
77 55 41
77 56 59
77 57 59
77 58 42
77 59 55
77 60 53
77 61 47
77 62 43
77 63 36
77 64 46
77 65 42
77 66 47
77 67 46
77 68 52
77 69 57
77 70 42
77 71 58
77 72 59
77 73 54
77 74 37
77 75 45
77 76 42
77 77 0
77 78 44
77 79 45
77 80 44
77 81 44
77 82 60
77 83 47
77 84 60
77 85 36
77 86 49
77 87 49
77 88 38
77 89 60
77 90 58
77 91 36
77 92 47
77 93 42
77 94 50
77 95 50
78 1 37
78 2 45
78 3 52
78 4 49
78 5 46
78 6 35
78 7 37
78 8 49
78 9 35
78 10 50
78 11 41
78 12 45
78 13 37
78 14 40
78 15 51
78 16 42
78 17 39
78 18 37
78 19 47
78 20 49
78 21 45
78 22 49
78 23 50
78 24 60
78 25 52
78 26 51
78 27 41
78 28 51
78 29 46
78 30 56
78 31 56
78 32 47
78 33 58
78 34 50
78 35 52
78 36 39
78 37 40
78 38 43
78 39 58
78 40 38
78 41 56
78 42 40
78 43 57
78 44 35
78 45 55
78 46 59
78 47 50
78 48 39
78 49 39
78 50 50
78 51 40
78 52 53
78 53 47
78 54 48
78 55 51
78 56 44
78 57 41
78 58 43
78 59 53
78 60 57
78 61 47
78 62 58
78 63 49
78 64 38
78 65 46
78 66 38
78 67 44
78 68 39
78 69 44
78 70 43
78 71 58
78 72 47
78 73 47
78 74 46
78 75 39
78 76 51
78 77 55
78 78 0
78 79 48
78 80 53
78 81 44
78 82 54
78 83 48
78 84 41
78 85 45
78 86 55
78 87 51
78 88 45
78 89 44
78 90 35
78 91 57
78 92 35
78 93 60
78 94 46
78 95 49
79 1 60
79 2 50
79 3 43
79 4 59
79 5 48
79 6 49
79 7 42
79 8 38
79 9 56
79 10 49
79 11 50
79 12 51
79 13 54
79 14 49
79 15 35
79 16 51
79 17 41
79 18 57
79 19 40
79 20 46
79 21 56
79 22 56
79 23 38
79 24 49
79 25 40
79 26 55
79 27 43
79 28 39
79 29 57
79 30 51
79 31 59
79 32 38
79 33 58
79 34 42
79 35 58
79 36 58
79 37 58
79 38 56
79 39 49
79 40 38
79 41 49
79 42 44
79 43 55
79 44 56
79 45 59
79 46 48
79 47 43
79 48 38
79 49 37
79 50 59
79 51 58
79 52 37
79 53 39
79 54 54
79 55 46
79 56 53
79 57 45
79 58 37
79 59 55
79 60 57
79 61 42
79 62 50
79 63 56
79 64 56
79 65 58
79 66 59
79 67 38
79 68 57
79 69 42
79 70 44
79 71 56
79 72 46
79 73 40
79 74 40
79 75 48
79 76 37
79 77 47
79 78 54
79 79 0
79 80 37
79 81 36
79 82 43
79 83 54
79 84 56
79 85 40
79 86 44
79 87 49
79 88 58
79 89 43
79 90 36
79 91 57
79 92 52
79 93 43
79 94 55
79 95 55
80 1 50
80 2 46
80 3 58
80 4 53
80 5 51
80 6 38
80 7 48
80 8 35
80 9 50
80 10 44
80 11 53
80 12 51
80 13 58
80 14 41
80 15 46
80 16 41
80 17 52
80 18 41
80 19 51
80 20 51
80 21 56
80 22 55
80 23 54
80 24 41
80 25 52
80 26 46
80 27 45
80 28 55
80 29 51
80 30 35
80 31 45
80 32 60
80 33 48
80 34 37
80 35 47
80 36 48
80 37 35
80 38 58
80 39 59
80 40 46
80 41 40
80 42 39
80 43 59
80 44 49
80 45 44
80 46 47
80 47 45
80 48 49
80 49 49
80 50 59
80 51 47
80 52 57
80 53 55
80 54 51
80 55 46
80 56 35
80 57 48
80 58 46
80 59 43
80 60 38
80 61 49
80 62 50
80 63 45
80 64 53
80 65 56
80 66 50
80 67 37
80 68 49
80 69 57
80 70 46
80 71 54
80 72 35
80 73 37
80 74 56
80 75 48
80 76 56
80 77 60
80 78 40
80 79 43
80 80 0
80 81 45
80 82 58
80 83 42
80 84 48
80 85 50
80 86 40
80 87 45
80 88 41
80 89 51
80 90 38
80 91 46
80 92 59
80 93 47
80 94 48
80 95 39
81 1 39
81 2 47
81 3 37
81 4 49
81 5 44
81 6 53
81 7 53
81 8 45
81 9 44
81 10 48
81 11 59
81 12 51
81 13 38
81 14 41
81 15 40
81 16 51
81 17 40
81 18 37
81 19 50
81 20 53
81 21 52
81 22 39
81 23 57
81 24 45
81 25 59
81 26 39
81 27 35
81 28 50
81 29 52
81 30 49
81 31 47
81 32 42
81 33 53
81 34 60
81 35 60
81 36 51
81 37 53
81 38 42
81 39 52
81 40 35
81 41 57
81 42 52
81 43 60
81 44 41
81 45 38
81 46 43
81 47 56
81 48 38
81 49 48
81 50 45
81 51 45
81 52 55
81 53 54
81 54 45
81 55 38
81 56 49
81 57 46
81 58 40
81 59 42
81 60 45
81 61 47
81 62 39
81 63 56
81 64 58
81 65 49
81 66 44
81 67 43
81 68 58
81 69 41
81 70 53
81 71 50
81 72 48
81 73 40
81 74 49
81 75 48
81 76 57
81 77 40
81 78 42
81 79 55
81 80 47
81 81 0
81 82 44
81 83 60
81 84 59
81 85 38
81 86 41
81 87 48
81 88 50
81 89 50
81 90 59
81 91 57
81 92 47
81 93 44
81 94 35
81 95 58
82 1 55
82 2 49
82 3 60
82 4 44
82 5 45
82 6 46
82 7 43
82 8 51
82 9 54
82 10 56
82 11 57
82 12 39
82 13 56
82 14 36
82 15 42
82 16 44
82 17 59
82 18 49
82 19 54
82 20 35
82 21 55
82 22 35
82 23 46
82 24 56
82 25 50
82 26 40
82 27 50
82 28 50
82 29 41
82 30 38
82 31 46
82 32 39
82 33 54
82 34 58
82 35 54
82 36 50
82 37 38
82 38 59
82 39 56
82 40 35
82 41 42
82 42 37
82 43 43
82 44 59
82 45 44
82 46 52
82 47 56
82 48 46
82 49 37
82 50 40
82 51 47
82 52 35
82 53 50
82 54 36
82 55 41
82 56 46
82 57 40
82 58 58
82 59 46
82 60 60
82 61 40
82 62 52
82 63 55
82 64 43
82 65 40
82 66 55
82 67 59
82 68 57
82 69 58
82 70 37
82 71 41
82 72 42
82 73 42
82 74 47
82 75 50
82 76 52
82 77 49
82 78 41
82 79 60
82 80 57
82 81 38
82 82 0
82 83 50
82 84 57
82 85 42
82 86 43
82 87 53
82 88 35
82 89 58
82 90 58
82 91 53
82 92 36
82 93 42
82 94 48
82 95 37
83 1 46
83 2 47
83 3 36
83 4 59
83 5 40
83 6 58
83 7 52
83 8 59
83 9 52
83 10 50
83 11 36
83 12 54
83 13 50
83 14 59
83 15 56
83 16 41
83 17 56
83 18 46
83 19 51
83 20 56
83 21 57
83 22 56
83 23 45
83 24 38
83 25 48
83 26 38
83 27 58
83 28 45
83 29 56
83 30 37
83 31 35
83 32 50
83 33 38
83 34 36
83 35 42
83 36 43
83 37 50
83 38 40
83 39 40
83 40 43
83 41 54
83 42 57
83 43 49
83 44 57
83 45 58
83 46 51
83 47 56
83 48 60
83 49 37
83 50 52
83 51 40
83 52 46
83 53 58
83 54 53
83 55 43
83 56 56
83 57 53
83 58 47
83 59 43
83 60 52
83 61 52
83 62 51
83 63 57
83 64 39
83 65 48
83 66 51
83 67 41
83 68 37
83 69 58
83 70 40
83 71 55
83 72 41
83 73 43
83 74 49
83 75 38
83 76 50
83 77 39
83 78 60
83 79 49
83 80 36
83 81 47
83 82 42
83 83 0
83 84 54
83 85 57
83 86 45
83 87 39
83 88 49
83 89 36
83 90 49
83 91 42
83 92 42
83 93 60
83 94 52
83 95 36
84 1 37
84 2 35
84 3 56
84 4 41
84 5 41
84 6 58
84 7 55
84 8 50
84 9 41
84 10 35
84 11 39
84 12 39
84 13 48
84 14 49
84 15 39
84 16 45
84 17 47
84 18 50
84 19 45
84 20 48
84 21 57
84 22 58
84 23 53
84 24 45
84 25 48
84 26 40
84 27 39
84 28 40
84 29 39
84 30 38
84 31 51
84 32 45
84 33 58
84 34 37
84 35 41
84 36 45
84 37 54
84 38 35
84 39 59
84 40 39
84 41 50
84 42 35
84 43 37
84 44 39
84 45 57
84 46 40
84 47 56
84 48 57
84 49 45
84 50 60
84 51 47
84 52 37
84 53 38
84 54 56
84 55 44
84 56 47
84 57 39
84 58 47
84 59 52
84 60 51
84 61 44
84 62 45
84 63 42
84 64 37
84 65 55
84 66 47
84 67 38
84 68 49
84 69 45
84 70 42
84 71 37
84 72 35
84 73 46
84 74 38
84 75 38
84 76 49
84 77 46
84 78 58
84 79 35
84 80 49
84 81 49
84 82 46
84 83 40
84 84 0
84 85 52
84 86 52
84 87 39
84 88 35
84 89 51
84 90 60
84 91 53
84 92 42
84 93 42
84 94 36
84 95 50
85 1 41
85 2 41
85 3 48
85 4 40
85 5 59
85 6 42
85 7 43
85 8 60
85 9 60
85 10 47
85 11 39
85 12 47
85 13 43
85 14 49
85 15 36
85 16 54
85 17 58
85 18 60
85 19 53
85 20 51
85 21 60
85 22 38
85 23 39
85 24 58
85 25 55
85 26 42
85 27 36
85 28 47
85 29 46
85 30 46
85 31 38
85 32 49
85 33 38
85 34 39
85 35 59
85 36 41
85 37 55
85 38 51
85 39 48
85 40 43
85 41 37
85 42 44
85 43 58
85 44 48
85 45 55
85 46 45
85 47 42
85 48 57
85 49 51
85 50 45
85 51 51
85 52 38
85 53 41
85 54 54
85 55 45
85 56 39
85 57 45
85 58 43
85 59 37
85 60 42
85 61 47
85 62 51
85 63 58
85 64 59
85 65 49
85 66 53
85 67 42
85 68 49
85 69 35
85 70 60
85 71 59
85 72 36
85 73 52
85 74 56
85 75 43
85 76 54
85 77 48
85 78 46
85 79 35
85 80 43
85 81 45
85 82 50
85 83 38
85 84 48
85 85 0
85 86 40
85 87 57
85 88 49
85 89 52
85 90 36
85 91 54
85 92 58
85 93 51
85 94 51
85 95 60
86 1 48
86 2 58
86 3 48
86 4 51
86 5 45
86 6 50
86 7 54
86 8 51
86 9 57
86 10 60
86 11 43
86 12 49
86 13 45
86 14 41
86 15 48
86 16 59
86 17 54
86 18 39
86 19 43
86 20 36
86 21 57
86 22 50
86 23 38
86 24 46
86 25 46
86 26 60
86 27 53
86 28 55
86 29 37
86 30 35
86 31 48
86 32 40
86 33 45
86 34 35
86 35 52
86 36 44
86 37 60
86 38 58
86 39 44
86 40 54
86 41 57
86 42 50
86 43 44
86 44 56
86 45 39
86 46 53
86 47 40
86 48 54
86 49 53
86 50 38
86 51 56
86 52 52
86 53 38
86 54 47
86 55 37
86 56 47
86 57 50
86 58 43
86 59 58
86 60 59
86 61 54
86 62 35
86 63 41
86 64 41
86 65 42
86 66 45
86 67 57
86 68 41
86 69 44
86 70 40
86 71 59
86 72 53
86 73 45
86 74 42
86 75 38
86 76 46
86 77 44
86 78 35
86 79 41
86 80 38
86 81 53
86 82 36
86 83 48
86 84 46
86 85 43
86 86 0
86 87 35
86 88 41
86 89 54
86 90 50
86 91 56
86 92 47
86 93 43
86 94 51
86 95 51
87 1 35
87 2 35
87 3 56
87 4 54
87 5 41
87 6 55
87 7 59
87 8 51
87 9 35
87 10 35
87 11 49
87 12 41
87 13 50
87 14 58
87 15 38
87 16 55
87 17 49
87 18 52
87 19 40
87 20 50
87 21 47
87 22 42
87 23 59
87 24 53
87 25 56
87 26 56
87 27 36
87 28 55
87 29 49
87 30 48
87 31 48
87 32 55
87 33 53
87 34 36
87 35 37
87 36 55
87 37 55
87 38 39
87 39 56
87 40 35
87 41 56
87 42 59
87 43 50
87 44 53
87 45 59
87 46 57
87 47 59
87 48 41
87 49 42
87 50 49
87 51 55
87 52 43
87 53 48
87 54 44
87 55 37
87 56 36
87 57 44
87 58 58
87 59 53
87 60 38
87 61 58
87 62 50
87 63 53
87 64 48
87 65 55
87 66 53
87 67 48
87 68 41
87 69 43
87 70 57
87 71 37
87 72 48
87 73 44
87 74 53
87 75 56
87 76 38
87 77 50
87 78 48
87 79 45
87 80 56
87 81 49
87 82 55
87 83 36
87 84 54
87 85 54
87 86 43
87 87 0
87 88 54
87 89 51
87 90 56
87 91 37
87 92 35
87 93 60
87 94 60
87 95 46
88 1 58
88 2 48
88 3 35
88 4 58
88 5 45
88 6 48
88 7 42
88 8 35
88 9 59
88 10 39
88 11 48
88 12 42
88 13 48
88 14 38
88 15 56
88 16 39
88 17 36
88 18 38
88 19 46
88 20 48
88 21 53
88 22 45
88 23 50
88 24 52
88 25 51
88 26 59
88 27 48
88 28 51
88 29 51
88 30 38
88 31 43
88 32 57
88 33 40
88 34 39
88 35 35
88 36 44
88 37 36
88 38 39
88 39 42
88 40 45
88 41 45
88 42 46
88 43 39
88 44 55
88 45 59
88 46 53
88 47 45
88 48 54
88 49 58
88 50 60
88 51 46
88 52 43
88 53 60
88 54 48
88 55 54
88 56 38
88 57 44
88 58 43
88 59 48
88 60 36
88 61 50
88 62 46
88 63 56
88 64 54
88 65 51
88 66 51
88 67 39
88 68 44
88 69 53
88 70 42
88 71 51
88 72 37
88 73 39
88 74 44
88 75 41
88 76 42
88 77 46
88 78 49
88 79 58
88 80 36
88 81 46
88 82 39
88 83 60
88 84 46
88 85 54
88 86 56
88 87 60
88 88 0
88 89 41
88 90 38
88 91 50
88 92 35
88 93 37
88 94 45
88 95 47
89 1 38
89 2 58
89 3 39
89 4 56
89 5 36
89 6 58
89 7 51
89 8 59
89 9 41
89 10 57
89 11 60
89 12 39
89 13 39
89 14 43
89 15 39
89 16 43
89 17 55
89 18 56
89 19 37
89 20 40
89 21 41
89 22 45
89 23 36
89 24 56
89 25 50
89 26 60
89 27 50
89 28 44
89 29 40
89 30 40
89 31 44
89 32 48
89 33 38
89 34 44
89 35 50
89 36 47
89 37 48
89 38 45
89 39 39
89 40 56
89 41 45
89 42 44
89 43 35
89 44 53
89 45 53
89 46 49
89 47 46
89 48 47
89 49 41
89 50 48
89 51 53
89 52 47
89 53 35
89 54 46
89 55 35
89 56 50
89 57 56
89 58 56
89 59 56
89 60 41
89 61 59
89 62 55
89 63 44
89 64 58
89 65 60
89 66 39
89 67 55
89 68 53
89 69 52
89 70 43
89 71 49
89 72 46
89 73 35
89 74 56
89 75 54
89 76 46
89 77 51
89 78 58
89 79 51
89 80 59
89 81 59
89 82 55
89 83 37
89 84 54
89 85 40
89 86 38
89 87 40
89 88 55
89 89 0
89 90 54
89 91 56
89 92 47
89 93 42
89 94 37
89 95 48
90 1 52
90 2 46
90 3 49
90 4 41
90 5 58
90 6 38
90 7 43
90 8 41
90 9 51
90 10 53
90 11 59
90 12 48
90 13 53
90 14 36
90 15 51
90 16 42
90 17 37
90 18 56
90 19 45
90 20 38
90 21 36
90 22 59
90 23 59
90 24 36
90 25 57
90 26 59
90 27 41
90 28 58
90 29 43
90 30 36
90 31 54
90 32 52
90 33 36
90 34 49
90 35 55
90 36 58
90 37 42
90 38 37
90 39 60
90 40 57
90 41 37
90 42 47
90 43 38
90 44 38
90 45 47
90 46 57
90 47 41
90 48 52
90 49 46
90 50 43
90 51 39
90 52 42
90 53 54
90 54 51
90 55 41
90 56 36
90 57 37
90 58 59
90 59 50
90 60 49
90 61 37
90 62 60
90 63 48
90 64 39
90 65 58
90 66 57
90 67 58
90 68 39
90 69 38
90 70 42
90 71 48
90 72 53
90 73 54
90 74 58
90 75 36
90 76 46
90 77 43
90 78 40
90 79 47
90 80 55
90 81 48
90 82 40
90 83 46
90 84 36
90 85 38
90 86 51
90 87 53
90 88 49
90 89 53
90 90 0
90 91 59
90 92 37
90 93 60
90 94 54
90 95 58
91 1 46
91 2 48
91 3 40
91 4 56
91 5 60
91 6 56
91 7 45
91 8 38
91 9 57
91 10 50
91 11 55
91 12 57
91 13 40
91 14 35
91 15 47
91 16 49
91 17 41
91 18 38
91 19 58
91 20 58
91 21 40
91 22 59
91 23 46
91 24 59
91 25 47
91 26 52
91 27 43
91 28 35
91 29 47
91 30 38
91 31 39
91 32 52
91 33 57
91 34 36
91 35 40
91 36 50
91 37 37
91 38 41
91 39 49
91 40 55
91 41 55
91 42 47
91 43 54
91 44 52
91 45 49
91 46 40
91 47 42
91 48 48
91 49 39
91 50 49
91 51 57
91 52 48
91 53 47
91 54 48
91 55 43
91 56 39
91 57 60
91 58 59
91 59 49
91 60 60
91 61 54
91 62 48
91 63 54
91 64 59
91 65 60
91 66 53
91 67 56
91 68 35
91 69 49
91 70 47
91 71 46
91 72 50
91 73 57
91 74 42
91 75 58
91 76 41
91 77 47
91 78 38
91 79 55
91 80 40
91 81 51
91 82 59
91 83 59
91 84 56
91 85 60
91 86 50
91 87 51
91 88 47
91 89 45
91 90 37
91 91 0
91 92 54
91 93 38
91 94 42
91 95 57
92 1 40
92 2 39
92 3 56
92 4 37
92 5 51
92 6 60
92 7 36
92 8 42
92 9 40
92 10 42
92 11 37
92 12 35
92 13 48
92 14 54
92 15 48
92 16 38
92 17 48
92 18 54
92 19 53
92 20 42
92 21 59
92 22 58
92 23 50
92 24 41
92 25 59
92 26 37
92 27 43
92 28 44
92 29 38
92 30 48
92 31 41
92 32 45
92 33 41
92 34 40
92 35 59
92 36 44
92 37 35
92 38 52
92 39 47
92 40 42
92 41 55
92 42 44
92 43 53
92 44 43
92 45 42
92 46 40
92 47 37
92 48 40
92 49 52
92 50 40
92 51 51
92 52 41
92 53 36
92 54 54
92 55 44
92 56 35
92 57 35
92 58 56
92 59 43
92 60 54
92 61 52
92 62 59
92 63 52
92 64 41
92 65 55
92 66 52
92 67 56
92 68 35
92 69 43
92 70 49
92 71 42
92 72 50
92 73 46
92 74 38
92 75 42
92 76 46
92 77 40
92 78 35
92 79 58
92 80 35
92 81 37
92 82 55
92 83 38
92 84 57
92 85 35
92 86 37
92 87 41
92 88 38
92 89 58
92 90 38
92 91 50
92 92 0
92 93 40
92 94 46
92 95 41
93 1 53
93 2 48
93 3 39
93 4 52
93 5 38
93 6 46
93 7 53
93 8 60
93 9 51
93 10 45
93 11 52
93 12 43
93 13 52
93 14 48
93 15 53
93 16 60
93 17 60
93 18 52
93 19 46
93 20 40
93 21 42
93 22 44
93 23 36
93 24 45
93 25 43
93 26 55
93 27 49
93 28 48
93 29 57
93 30 51
93 31 40
93 32 49
93 33 58
93 34 60
93 35 49
93 36 39
93 37 47
93 38 58
93 39 47
93 40 37
93 41 54
93 42 50
93 43 37
93 44 55
93 45 45
93 46 57
93 47 59
93 48 41
93 49 60
93 50 37
93 51 51
93 52 41
93 53 38
93 54 36
93 55 58
93 56 47
93 57 38
93 58 39
93 59 46
93 60 47
93 61 53
93 62 51
93 63 36
93 64 60
93 65 36
93 66 46
93 67 52
93 68 60
93 69 41
93 70 60
93 71 50
93 72 43
93 73 36
93 74 59
93 75 38
93 76 60
93 77 43
93 78 60
93 79 42
93 80 37
93 81 54
93 82 57
93 83 51
93 84 55
93 85 59
93 86 48
93 87 58
93 88 41
93 89 46
93 90 47
93 91 42
93 92 49
93 93 0
93 94 56
93 95 58
94 1 36
94 2 39
94 3 44
94 4 60
94 5 59
94 6 38
94 7 59
94 8 46
94 9 59
94 10 53
94 11 53
94 12 43
94 13 54
94 14 49
94 15 40
94 16 37
94 17 46
94 18 57
94 19 57
94 20 49
94 21 54
94 22 53
94 23 50
94 24 35
94 25 49
94 26 48
94 27 42
94 28 53
94 29 56
94 30 50
94 31 48
94 32 46
94 33 58
94 34 49
94 35 52
94 36 41
94 37 38
94 38 42
94 39 44
94 40 56
94 41 45
94 42 58
94 43 59
94 44 36
94 45 46
94 46 51
94 47 40
94 48 55
94 49 45
94 50 46
94 51 37
94 52 45
94 53 55
94 54 58
94 55 51
94 56 53
94 57 51
94 58 35
94 59 49
94 60 52
94 61 36
94 62 48
94 63 40
94 64 55
94 65 57
94 66 52
94 67 50
94 68 46
94 69 49
94 70 41
94 71 44
94 72 51
94 73 45
94 74 47
94 75 55
94 76 50
94 77 44
94 78 57
94 79 57
94 80 49
94 81 43
94 82 56
94 83 50
94 84 57
94 85 45
94 86 46
94 87 42
94 88 58
94 89 36
94 90 50
94 91 43
94 92 51
94 93 37
94 94 0
94 95 48
95 1 41
95 2 55
95 3 38
95 4 57
95 5 52
95 6 42
95 7 53
95 8 51
95 9 52
95 10 44
95 11 60
95 12 36
95 13 51
95 14 45
95 15 58
95 16 53
95 17 40
95 18 42
95 19 41
95 20 57
95 21 38
95 22 37
95 23 41
95 24 50
95 25 57
95 26 45
95 27 37
95 28 51
95 29 47
95 30 50
95 31 43
95 32 38
95 33 50
95 34 57
95 35 51
95 36 58
95 37 39
95 38 53
95 39 51
95 40 56
95 41 35
95 42 45
95 43 46
95 44 54
95 45 36
95 46 54
95 47 41
95 48 55
95 49 46
95 50 42
95 51 54
95 52 41
95 53 39
95 54 45
95 55 60
95 56 57
95 57 52
95 58 46
95 59 36
95 60 39
95 61 56
95 62 59
95 63 60
95 64 38
95 65 37
95 66 49
95 67 40
95 68 49
95 69 60
95 70 36
95 71 41
95 72 52
95 73 44
95 74 53
95 75 47
95 76 53
95 77 57
95 78 55
95 79 40
95 80 52
95 81 42
95 82 40
95 83 43
95 84 38
95 85 57
95 86 48
95 87 53
95 88 55
95 89 35
95 90 37
95 91 45
95 92 46
95 93 36
95 94 57
95 95 0
;
param Rinit :=
1 1 0
1 2 0
1 3 0
1 4 0
1 5 0
1 6 0
1 7 0
1 8 0
1 9 0
1 10 0
1 11 0
1 12 0
1 13 0
1 14 0
1 15 0
1 16 0
1 17 0
1 18 0
1 19 0
95 1 0
95 2 0
95 3 0
95 4 0
95 5 0
95 6 0
95 7 0
95 8 0
95 9 0
95 10 0
95 11 0
95 12 0
95 13 0
95 14 0
95 15 0
95 16 0
95 17 0
95 18 0
95 19 0
;